SKU,Price,Carat,Cut,Color,Clarity
100849,4277,0.92,Very Good,E,SI1
111530,3107,0.75,Ideal,E,SI1
112422,3343,0.9,Good,E,SI2
124678,4062,0.91,Very Good,D,SI1
125945,4643,0.9,Very Good,D,SI1
126694,2184,0.51,Ideal,D,VVS2
153435,2566,0.71,Very Good,F,VS2
153677,4681,0.91,Ideal,D,SI1
153678,3383,0.9,Good,F,SI2
158395,4257,0.9,Good,E,SI1
158422,4579,0.9,Very Good,D,SI1
159059,4873,1.01,Good,E,SI2
159082,4172,0.9,Good,F,VS2
159086,2664,0.7,Good,D,SI1
159087,4682,1.05,Very Good,F,SI2
159088,4872,1.01,Very Good,F,SI2
165065,3107,0.7,Good,D,VS1
166797,4787,1,Good,E,SI2
167228,4896,1.04,Ideal,I,SI2
167977,4875,0.83,Ideal,F,VS1
179939,3283,0.91,Good,I,VS1
192972,4448,1,Good,G,SI2
193017,4071,0.9,Very Good,E,SI1
193021,4020,0.9,Very Good,D,SI1
193029,3697,0.91,Very Good,E,SI2
198015,3725,0.91,Very Good,E,SI2
213372,3088,0.78,Ideal,E,SI1
259488,2155,0.53,Very Good,G,VVS1
262398,3621,0.73,Ideal,G,VVS1
281025,2701,0.71,Ideal,D,SI1
281038,2781,0.7,Very Good,D,SI1
284712,3786,0.71,Very Good,D,VS1
297712,3082,0.9,Good,E,SI2
310838,3776,0.9,Good,E,SI1
310841,4071,0.9,Very Good,E,SI1
310858,4114,0.91,Very Good,E,SI1
310861,3515,0.91,Good,D,SI2
311081,3254,0.91,Good,F,SI2
315621,2501,0.7,Very Good,E,SI1
316806,3953,0.9,Very Good,E,SI1
316844,3983,0.9,Very Good,F,SI2
323535,2667,0.7,Very Good,E,SI1
323553,2851,0.7,Very Good,D,SI1
323556,2819,0.71,Ideal,D,SI1
327322,2173,0.82,Ideal,J,SI1
328661,4185,1.04,Good,F,SI2
333873,3081,0.9,Good,G,SI2
333878,4489,0.9,Very Good,H,VS2
334290,2306,0.56999999999999995,Very Good,F,VVS2
334295,2041,0.5,Very Good,E,VVS2
334619,4223,0.73,Ideal,D,VS1
334620,3371,0.72,Ideal,H,VVS1
334655,2483,0.56999999999999995,Ideal,E,VVS2
334674,2007,0.57999999999999996,Ideal,E,VS1
334677,2117,0.54,Ideal,F,VVS2
335015,3428,0.9,Fair,E,SI2
338892,4179,0.9,Fair,D,SI1
339210,3652,0.71,Very Good,D,VS1
340201,2032,0.54,Very Good,F,VVS2
340233,2386,0.56999999999999995,Ideal,F,VVS2
340416,2782,0.51,Very Good,E,IF
340430,3262,0.59,Very Good,D,VVS1
340566,2781,0.7,Ideal,D,SI1
340569,3004,0.74,Very Good,D,SI1
340570,3435,0.7,Very Good,D,VS2
342281,3280,0.71,Very Good,E,VVS2
343294,2190,0.65,Very Good,I,VVS1
343356,4223,0.91,Good,D,SI1
343888,2625,0.71,Very Good,I,VVS2
343925,2399,0.7,Good,H,VS1
343927,2652,0.71,Very Good,I,VVS1
343930,2327,0.7,Good,I,VVS2
343935,3358,0.71,Very Good,D,VS2
343943,3314,0.7,Very Good,D,VS2
343949,2215,0.72,Very Good,I,VS2
346255,2536,0.59,Ideal,F,VVS2
346264,2536,0.59,Ideal,F,VVS2
346279,2134,0.63,Ideal,I,VVS1
346301,2900,0.54,Ideal,G,IF
349601,3330,0.71,Very Good,F,VVS1
349602,2641,0.71,Ideal,I,VVS1
349640,2374,0.72,Very Good,E,SI1
349644,2496,0.71,Very Good,I,VS1
349667,2496,0.71,Ideal,I,VS1
356164,2390,0.6,Ideal,G,VVS2
356250,4119,0.7,Very Good,D,VVS2
356259,3285,0.71,Ideal,G,VVS2
356273,2463,0.7,Very Good,I,VS1
356276,2660,0.72,Very Good,I,VVS2
356279,3196,0.7,Ideal,H,VVS1
356297,2576,0.71,Very Good,I,VVS1
356312,3956,0.7,Ideal,D,VS1
356317,3429,0.7,Very Good,E,VS1
356318,3358,0.71,Very Good,D,VS2
356320,3315,0.7,Very Good,F,VS1
356323,3528,0.72,Ideal,D,VS2
356324,4252,0.71,Signature Ideal,E,VS1
356349,3099,0.7,Very Good,D,VS2
356381,2702,0.7,Very Good,E,VS2
356385,2382,0.81,Very Good,J,SI1
356387,2043,0.73,Ideal,J,VS2
356398,2249,0.71,Very Good,H,SI1
356424,2888,0.71,Very Good,F,VS2
356435,2057,0.71,Ideal,I,SI1
356439,2265,0.71,Ideal,I,SI1
356440,2202,0.74,Ideal,I,SI1
356448,2703,0.71,Very Good,E,SI1
356463,2861,0.7,Very Good,F,VS2
356467,2351,0.71,Very Good,G,SI1
356472,3402,0.72,Very Good,D,VS2
356584,3482,0.71,Very Good,D,VS2
361122,2587,0.71,Very Good,I,VVS1
361126,3172,0.72,Very Good,E,VS2
361130,2742,0.75,Ideal,I,VS1
361143,2529,0.72,Very Good,I,VS1
361144,2845,0.73,Very Good,E,SI1
361166,2894,0.73,Very Good,D,SI1
361524,3763,0.91,Very Good,F,SI2
361525,3513,0.91,Good,E,SI2
363936,3458,0.72,Very Good,D,VS1
363944,2173,0.71,Very Good,J,VVS2
363951,3371,0.7,Very Good,G,VVS1
364091,2073,0.72,Very Good,J,VS1
364096,2698,0.71,Ideal,I,VVS2
364097,2687,0.71,Ideal,I,VVS2
364117,3377,0.72,Ideal,H,IF
364123,3447,0.73,Very Good,D,VS2
364135,3429,0.7,Very Good,E,VS1
364143,3172,0.72,Very Good,E,VS2
364166,3319,0.72,Very Good,D,VS2
364205,2734,0.72,Ideal,I,VVS2
364215,2911,0.72,Very Good,E,SI1
364271,2176,0.77,Ideal,J,SI1
364272,2270,0.74,Ideal,H,SI2
364279,2390,0.7,Good,D,SI2
364284,2514,0.75,Very Good,D,SI2
365129,3328,0.72,Ideal,G,VVS2
365240,2078,0.7,Very Good,I,SI1
365328,2412,0.71,Ideal,I,VS2
365341,2075,0.75,Very Good,J,SI1
369101,3189,0.9,Good,E,SI2
370728,3889,0.72,Ideal,F,VVS2
370736,4210,0.74,Signature Ideal,E,VS2
370741,2562,0.72,Ideal,D,SI2
370747,2274,0.74,Very Good,I,VS2
370748,2617,0.72,Ideal,I,VS1
370749,2687,0.71,Very Good,H,VS1
370760,2152,0.7,Very Good,I,SI1
373709,3254,0.91,Very Good,F,SI2
373747,3739,0.9,Very Good,G,SI1
377532,2661,0.73,Very Good,D,SI2
388322,2601,0.7,Very Good,D,SI1
395259,3580,0.9,Good,G,SI1
397598,3935,0.91,Very Good,E,SI1
400274,3697,0.95,Good,F,SI2
408315,3886,0.93,Good,D,SI2
408316,4020,0.9,Very Good,D,SI1
408373,2974,0.9,Good,G,SI2
408431,4020,0.9,Very Good,D,SI1
408806,3633,0.9,Good,E,SI2
408988,3254,0.91,Good,F,SI2
410150,4969,0.9,Very Good,F,VS2
416011,4052,0.9,Fair,E,SI1
416795,3020,0.62,Very Good,D,VVS2
418092,2997,0.65,Very Good,D,VVS2
421515,3841,0.91,Very Good,I,VS2
422112,3343,0.9,Good,E,SI2
422113,3631,0.9,Very Good,D,SI2
424615,3865,0.82,Ideal,D,SI1
424939,3844,0.9,Good,D,SI1
424942,3776,0.9,Very Good,E,SI1
424990,4462,1.0900000000000001,Good,G,SI2
425397,2135,0.54,Ideal,D,VS1
432220,3573,0.9,Very Good,F,SI2
439797,3815,0.91,Very Good,E,SI1
439829,3503,0.91,Very Good,D,SI2
440848,3894,0.9,Good,E,SI1
442997,3490,0.9,Good,E,SI2
443008,3734,0.93,Good,D,SI2
443022,3527,0.91,Good,E,SI2
443035,3565,0.92,Very Good,D,SI2
443610,4249,1.01,Good,G,SI2
448712,4396,0.9,Ideal,I,VS1
452980,4105,0.7,Very Good,E,VVS1
452983,4489,0.92,Ideal,E,SI2
453151,4424,0.9,Very Good,F,SI1
453157,4271,0.9,Very Good,D,SI2
453473,4173,0.91,Very Good,E,SI1
453547,4306,1,Good,H,SI2
453622,3704,0.9,Good,D,SI1
453806,4236,1,Good,I,SI1
453838,3725,0.91,Very Good,E,SI2
459787,2574,0.55000000000000004,Very Good,E,VVS1
459988,2157,0.51,Very Good,D,VVS2
459989,2154,0.51,Very Good,E,VVS2
460259,3053,0.71,Very Good,F,VVS2
460445,2087,0.53,Good,F,VVS1
460447,3726,0.52,Very Good,D,IF
470753,4139,1.02,Good,F,SI2
470830,3476,0.9,Good,E,SI2
470843,3773,0.9,Good,D,SI2
472121,2223,0.71,Very Good,D,SI2
472122,2351,0.7,Good,E,SI1
474003,3467,0.9,Very Good,D,SI2
475339,3875,0.9,Very Good,D,SI2
475768,2706,0.72,Very Good,E,SI1
476695,2292,0.56000000000000005,Signature Ideal,H,VVS1
476728,2212,0.54,Signature Ideal,H,VVS1
484733,2997,0.7,Very Good,D,VS1
484769,2956,0.7,Good,E,VS1
484937,2894,0.71,Very Good,D,VS2
485953,2956,0.7,Very Good,E,VS1
489397,4961,1.01,Good,E,SI1
489683,3252,0.92,Good,E,SI2
489707,3082,0.9,Good,E,SI2
489989,3428,0.7,Ideal,D,VS2
512743,3441,0.84,Very Good,E,SI1
514842,3331,0.7,Fair,D,VVS2
514971,4892,1.02,Very Good,D,SI2
523565,3366,0.71,Ideal,E,VS1
651527,2844,0.76,Ideal,E,SI2
677209,2891,0.75,Very Good,D,SI1
677232,2493,0.72,Very Good,E,SI1
685633,2213,0.59,Very Good,D,VS2
685640,2743,0.71,Good,E,VS2
685662,4701,1.01,Good,E,SI2
685816,2009,0.52,Fair,E,VVS2
685820,2302,0.6,Good,E,VS1
685837,2235,0.74,Very Good,F,SI2
701689,2912,0.74,Ideal,E,SI2
701704,3022,0.7,Ideal,G,VS1
701897,3067,0.75,Ideal,D,SI2
701936,2768,0.71,Ideal,F,VS2
858641,2476,0.71,Very Good,D,SI1
858642,2449,0.71,Ideal,E,SI1
901681,3654,0.9,Very Good,H,SI1
903819,3721,0.72,Very Good,D,VS1
919061,2456,0.7,Very Good,D,SI1
921429,4365,1,Fair,H,SI2
922080,4864,1,Good,H,SI1
934827,4004,0.91,Very Good,E,SI2
937220,3994,0.9,Ideal,G,SI2
949432,2571,0.74,Very Good,I,VVS1
955907,2830,0.7,Very Good,D,VS2
963149,3346,0.9,Very Good,G,SI2
969940,3284,0.92,Good,G,SI2
969944,3150,0.9,Good,F,SI2
969949,3410,0.91,Good,E,SI2
969950,3506,0.93,Good,D,SI2
988703,3758,0.9,Very Good,D,SI2
988712,4989,0.91,Ideal,E,SI1
990797,3478,0.9,Good,D,SI2
993816,2421,0.54,Signature Ideal,G,VVS1
996526,3177,0.8,Very Good,D,SI1
998084,3591,0.9,Very Good,F,SI1
1009420,4515,1.01,Very Good,J,VS2
1011298,4940,1.08,Ideal,J,SI1
1011358,2093,0.7,Ideal,H,SI2
1012661,4183,1.01,Very Good,J,SI1
1012678,4716,1.1200000000000001,Very Good,J,SI1
1013951,3834,0.72,Ideal,E,VS1
1013961,3034,0.73,Ideal,H,VVS2
1016562,3379,0.61,Very Good,D,VVS1
1018304,3478,0.7,Very Good,D,VS1
1018339,3972,0.92,Ideal,G,SI2
1018396,3976,0.71,Ideal,F,VVS1
1019818,3391,0.77,Ideal,H,VVS1
1019920,2753,0.71,Ideal,H,VS1
1020662,2914,0.78,Ideal,I,VVS2
1020876,2861,0.64,Ideal,G,VVS1
1025876,3220,0.9,Good,F,SI2
1026275,4484,1.01,Fair,D,SI2
1034222,2652,0.91,Fair,H,SI2
1034501,4218,0.94,Ideal,J,VVS2
1034520,4392,0.93,Ideal,D,SI2
1034546,2787,0.9,Good,I,SI1
1034557,3228,0.91,Good,D,SI2
1035044,3704,0.9,Good,D,SI1
1035831,3446,0.92,Good,E,SI2
1035837,3260,0.9,Good,G,SI2
1035838,3576,0.91,Good,E,SI2
1036858,3708,0.9,Very Good,J,VVS1
1036886,3058,0.9,Good,J,VS1
1037258,3042,0.91,Very Good,J,VS2
1037282,2928,0.9,Good,J,SI1
1037297,3875,0.9,Good,E,SI2
1037305,4275,0.91,Very Good,D,SI2
1037335,3453,0.91,Good,F,SI2
1039551,2147,0.7,Good,D,SI1
1041038,4694,1.08,Very Good,J,SI1
1041242,4718,1.1299999999999999,Very Good,J,SI1
1041244,4078,0.92,Very Good,E,SI1
1042062,2467,0.7,Ideal,D,SI2
1055529,2254,0.7,Very Good,E,SI2
1068916,2426,0.71,Very Good,G,SI1
1068930,2018,0.7,Very Good,H,SI2
1069842,4051,0.9,Good,D,SI1
1069858,4020,0.9,Very Good,D,SI1
1076299,2254,0.7,Very Good,E,SI2
1077508,2019,0.5,Good,E,VVS2
1077513,2403,0.5,Very Good,E,VVS1
1078056,2256,0.52,Good,E,VVS1
1078059,2019,0.5,Good,E,VVS2
1081278,2467,0.7,Ideal,D,SI2
1081302,2278,0.7,Very Good,D,SI1
1082022,2175,0.53,Ideal,G,IF
1085037,2461,0.71,Very Good,D,SI1
1093942,2592,0.57999999999999996,Signature Ideal,G,VVS1
1098000,3528,0.71,Very Good,F,VVS1
1098043,3463,0.71,Very Good,E,VVS2
1102787,4965,0.9,Very Good,D,SI1
1107347,2345,0.54,Very Good,F,VVS1
1113201,3364,0.91,Ideal,J,VS1
1114883,2269,0.55000000000000004,Ideal,F,VVS2
1116615,2957,0.6,Ideal,E,VVS2
1116883,4324,0.71,Ideal,D,VVS2
1117681,2511,0.7,Ideal,E,SI1
1121695,2844,0.74,Ideal,I,VVS1
1121717,2125,0.62,Ideal,I,VVS1
1121737,3015,0.76,Ideal,I,VVS1
1121738,2808,0.73,Ideal,I,VVS1
1121740,2146,0.72,Ideal,G,SI2
1121751,2519,0.64,Ideal,F,VS1
1121773,2139,0.72,Ideal,J,VVS2
1121810,2125,0.62,Ideal,I,VVS1
1121898,3054,0.92,Good,H,SI2
1121958,2561,0.67,Very Good,D,VS2
1122094,3239,0.9,Very Good,E,SI2
1122727,2968,0.9,Good,F,SI2
1123487,3382,0.9,Very Good,E,SI2
1123578,2147,0.77,Good,D,SI2
1123760,2448,0.71,Good,D,SI1
1124245,4279,0.8,Ideal,E,VS2
1124250,2146,0.72,Ideal,G,SI2
1124476,3680,0.91,Very Good,D,SI2
1124820,3204,0.65,Very Good,E,VVS2
1124898,2708,0.63,Ideal,F,VVS2
1124899,3089,0.81,Ideal,F,SI2
1124908,2025,0.71,Ideal,G,SI2
1124911,2969,0.64,Ideal,E,VVS2
1124929,2426,0.72,Ideal,F,SI2
1125499,2059,0.6,Ideal,I,VVS1
1125587,2668,0.62,Ideal,F,VVS2
1126422,2258,0.55000000000000004,Ideal,F,VVS2
1126766,3305,0.62,Ideal,E,VVS2
1126835,2712,0.6,Ideal,E,VVS2
1126836,2529,0.62,Ideal,E,VS1
1128301,2772,0.72,Ideal,I,VVS1
1128321,2838,0.61,Ideal,E,VVS2
1128352,2168,0.73,Ideal,J,VVS2
1128354,3731,0.81,Ideal,E,SI1
1129484,4146,0.9,Very Good,D,SI1
1129547,4093,0.91,Good,D,SI1
1130100,2312,0.39,Ideal,D,IF
1130628,3287,0.92,Very Good,F,SI2
1130648,4218,0.9,Very Good,H,VS1
1130709,3786,0.72,Signature Ideal,G,VVS1
1130772,4672,0.85,Ideal,H,VVS2
1131522,2009,0.7,Very Good,E,SI2
1131545,3069,0.9,Very Good,J,VS1
1131546,3101,0.91,Very Good,J,VS1
1131549,4040,0.91,Very Good,I,VVS2
1131588,2737,0.6,Ideal,D,VS1
1131589,2487,0.63,Ideal,F,VS2
1131590,2874,0.64,Ideal,E,VS1
1131593,2748,0.6,Ideal,E,VS1
1131594,2281,0.6,Ideal,F,VS2
1131597,2341,0.6,Ideal,F,VS2
1131598,2156,0.61,Ideal,H,VS1
1131599,2889,0.62,Ideal,D,VS1
1131602,2426,0.6,Ideal,E,VS2
1131650,4669,1.2,Very Good,J,SI2
1131659,4431,0.7,Ideal,D,VVS2
1131759,2973,0.9,Very Good,J,VS1
1131768,4715,0.8,Signature Ideal,H,IF
1131967,2626,0.61,Ideal,G,VVS1
1131989,3836,0.74,Ideal,E,VVS2
1132116,2297,0.5,Ideal,D,VS1
1132117,2201,0.53,Ideal,D,VS2
1132120,2181,0.63,Ideal,H,VS1
1132196,4110,0.8,Ideal,D,VS2
1132250,2200,0.5,Ideal,E,VS1
1132252,2243,0.51,Ideal,E,VS1
1132253,2756,0.62,Ideal,D,VS1
1132308,2102,0.7,Very Good,D,SI2
1132966,2489,0.55000000000000004,Signature Ideal,E,VVS2
1133403,2129,0.56000000000000005,Signature Ideal,G,VS1
1133626,2263,0.5,Very Good,D,VVS2
1134549,4807,0.81,Signature Ideal,G,VS1
1134560,3624,0.9,Very Good,F,SI2
1134568,3184,0.5,Ideal,E,IF
1134570,2503,0.63,Ideal,G,VVS2
1134572,4266,0.8,Ideal,F,VVS2
1134577,4263,0.91,Very Good,H,VS1
1138754,2842,0.71,Good,D,VS2
1139425,4764,1.04,Ideal,I,SI1
1143072,3314,0.74,Very Good,G,VVS2
1146615,2370,0.74,Ideal,D,SI2
1147092,2368,0.7,Ideal,E,SI1
1148101,4664,1.01,Good,J,VS1
1148179,2744,0.64,Ideal,E,VS1
1148645,2082,0.71,Ideal,G,SI2
1148758,2058,0.5,Very Good,E,VVS1
1149055,4498,0.9,Good,G,VS2
1149948,4736,0.93,Very Good,D,SI1
1149958,3524,0.9,Fair,E,SI2
1150181,4295,1,Good,G,SI2
1150301,2605,0.71,Ideal,F,SI1
1150401,2571,0.72,Ideal,D,SI2
1150402,3158,0.72,Ideal,F,VS2
1150440,3336,0.78,Ideal,H,VVS2
1150499,3658,0.51,Signature Ideal,E,IF
1151460,2591,0.8,Ideal,J,VVS2
1151462,2699,0.8,Ideal,J,VVS1
1151718,3666,0.73,Signature Ideal,H,VVS1
1152829,4973,1,Ideal,J,VS2
1153140,2532,0.62,Ideal,H,VVS1
1153629,2754,0.82,Very Good,J,IF
1153636,2410,0.84,Very Good,J,VS2
1153637,3528,0.72,Very Good,D,VS2
1154011,4647,0.7,Ideal,D,VVS1
1154012,3722,0.72,Ideal,E,VVS2
1154013,4141,0.9,Very Good,I,VVS2
1154015,2533,0.56999999999999995,Ideal,E,VVS2
1154017,2449,0.51,Very Good,D,VVS2
1154019,2530,0.53,Ideal,D,VVS2
1154034,3618,0.9,Very Good,J,VVS2
1154054,3847,0.72,Ideal,F,VVS1
1154100,2038,0.5,Ideal,F,VVS2
1154105,3696,0.7,Ideal,F,VVS1
1154113,4073,0.71,Ideal,E,VVS1
1154161,3463,0.75,Ideal,H,VVS1
1154770,2354,0.54,Signature Ideal,G,IF
1154845,2580,0.53,Signature Ideal,G,IF
1154931,2920,0.57999999999999996,Signature Ideal,E,VVS2
1155736,3647,0.7,Very Good,D,VS1
1155737,3402,0.72,Very Good,D,VS2
1155960,2580,0.53,Signature Ideal,G,IF
1156659,2355,0.7,Very Good,F,SI1
1157020,2601,0.8,Very Good,J,IF
1158462,2619,0.7,Very Good,D,SI1
1159282,3243,0.51,Very Good,D,IF
1159285,2534,0.53,Good,E,IF
1159287,2435,0.51,Very Good,E,IF
1160122,2491,0.78,Ideal,J,VVS1
1160125,2363,0.71,Ideal,I,VS1
1160160,2809,0.75,Ideal,I,VVS2
1160161,2228,0.65,Ideal,I,IF
1160260,2853,0.69,Ideal,G,VS1
1160341,3795,0.73,Very Good,D,VS1
1160343,2856,0.72,Ideal,D,SI1
1160358,3114,0.75,Very Good,I,IF
1160430,2071,0.73,Very Good,D,SI2
1160457,2644,0.7,Good,E,VS2
1160461,2015,0.71,Very Good,D,SI2
1160466,2071,0.73,Very Good,D,SI2
1160740,2496,0.71,Very Good,I,VS1
1161544,2041,0.57999999999999996,Ideal,D,VS2
1162595,4459,0.82,Very Good,D,VS1
1162629,3547,0.71,Very Good,D,VS1
1163538,3065,0.7,Very Good,G,VVS2
1163543,2839,0.81,Very Good,I,VS1
1163544,2200,0.8,Very Good,J,SI1
1163547,2617,0.72,Ideal,I,VS1
1163568,3701,0.7,Ideal,F,VVS2
1163577,2583,0.71,Very Good,I,VS1
1163589,3102,0.7,Very Good,E,VS2
1163596,2328,0.74,Very Good,J,VVS1
1163609,3467,0.74,Ideal,E,VS2
1163610,3652,0.72,Ideal,E,VS1
1163616,2583,0.71,Very Good,I,VS1
1163617,2903,0.74,Ideal,I,VVS2
1163623,3652,0.71,Ideal,D,VS1
1163645,3880,0.77,Very Good,D,VS2
1163650,3637,0.73,Ideal,G,VVS1
1163652,3249,0.71,Very Good,E,VS1
1163665,4835,0.73,Signature Ideal,D,VS1
1163666,3517,0.7,Ideal,D,VS2
1163675,2496,0.71,Ideal,I,VS1
1163683,3681,0.71,Ideal,D,VS1
1163685,4073,0.71,Very Good,D,VVS2
1163698,3314,0.7,Very Good,D,VS2
1163700,2824,0.73,Very Good,H,VS1
1163704,3421,0.72,Very Good,E,VS1
1163708,3637,0.71,Very Good,D,VS1
1163730,2880,0.81,Very Good,I,VVS2
1163774,4839,1.01,Good,G,SI2
1163781,2937,0.7,Very Good,G,VS1
1163811,2436,0.62,Very Good,E,VS1
1163906,2712,0.56999999999999995,Ideal,D,VVS2
1164006,2661,0.6,Ideal,F,VVS2
1164046,2575,0.57999999999999996,Very Good,F,VVS1
1164193,2676,0.56999999999999995,Ideal,E,VVS1
1164230,2282,0.52,Ideal,F,VVS1
1164436,2231,0.7,Very Good,H,VVS2
1164903,2523,0.72,Very Good,F,SI1
1165264,2815,0.54,Ideal,E,VVS1
1165292,2358,0.54,Ideal,E,VVS2
1165313,2498,0.6,Very Good,D,VS1
1165360,2367,0.59,Ideal,G,VVS1
1165362,2137,0.57999999999999996,Ideal,D,VS2
1166960,3259,0.83,Very Good,E,SI1
1167003,4632,0.79,Very Good,E,VVS1
1167029,4750,0.92,Very Good,G,VS1
1167035,2157,0.59,Very Good,F,VS2
1167852,2441,0.56000000000000005,Ideal,E,VVS2
1167858,2549,0.52,Ideal,D,VVS2
1167864,2489,0.53,Very Good,D,VVS2
1167886,2642,0.54,Ideal,D,VVS2
1167904,3146,0.56999999999999995,Ideal,D,VVS1
1167906,2815,0.54,Ideal,D,VVS2
1167908,3083,0.6,Ideal,D,VVS2
1169009,2961,0.7,Very Good,D,VS2
1169040,2440,0.59,Very Good,E,VVS2
1169043,3109,0.7,Very Good,E,VS1
1170156,2590,0.56999999999999995,Very Good,E,VVS1
1170221,2247,0.66,Good,G,VS1
1170230,2134,0.5,Very Good,D,VVS2
1170240,2284,0.52,Very Good,F,VVS1
1170261,2010,0.59,Ideal,G,VS1
1170305,2341,0.54,Ideal,F,VVS2
1170306,2155,0.55000000000000004,Very Good,F,VVS2
1170380,2526,0.57999999999999996,Ideal,E,VVS2
1170388,2266,0.54,Ideal,F,VVS2
1170389,2168,0.51,Very Good,E,VVS2
1170407,2018,0.62,Ideal,H,VS1
1170520,2243,0.61,Very Good,H,VVS1
1170563,2186,0.62,Ideal,H,VVS2
1170571,2331,0.51,Very Good,D,VVS2
1170593,2002,0.64,Very Good,D,SI1
1170639,2003,0.51,Very Good,F,VVS2
1171073,3534,0.9,Very Good,F,SI2
1171197,3145,0.91,Good,G,SI2
1171268,4020,0.9,Very Good,D,SI1
1171499,2219,0.7,Ideal,J,IF
1172533,4250,1.02,Good,J,SI1
1173415,4442,1,Good,D,SI2
1173420,4758,1,Good,D,SI2
1173818,2032,0.49,Very Good,F,VVS2
1174668,3689,0.91,Good,F,SI2
1174730,4020,0.9,Very Good,D,SI1
1174904,2536,0.59,Ideal,F,VVS2
1174959,3441,0.66,Ideal,F,VVS1
1174967,2238,0.51,Very Good,D,VVS2
1174974,2249,0.56999999999999995,Ideal,D,VS1
1174991,2602,0.5,Very Good,D,VVS1
1174992,2780,0.56999999999999995,Ideal,D,VVS2
1174994,2168,0.51,Ideal,E,VVS2
1175021,2331,0.51,Ideal,D,VVS2
1175025,2549,0.52,Ideal,D,VVS2
1175029,2950,0.53,Very Good,D,VVS1
1175051,2249,0.55000000000000004,Ideal,F,VVS2
1175052,2501,0.53,Ideal,F,IF
1178469,2287,0.57999999999999996,Ideal,D,VS1
1180135,2335,0.7,Very Good,H,VS1
1180142,2077,0.75,Very Good,I,SI1
1181268,4005,0.91,Very Good,I,VVS2
1181269,4953,1.05,Ideal,J,VS2
1181346,3682,0.8,Ideal,H,VVS2
1181385,3203,0.71,Ideal,F,VVS2
1181397,3321,0.74,Ideal,E,VS1
1181402,2383,0.57999999999999996,Ideal,E,VVS2
1181406,2049,0.6,Ideal,G,VS1
1181728,3503,0.91,Very Good,D,SI2
1181904,3515,0.91,Good,D,SI2
1182084,4062,0.91,Very Good,D,SI1
1182110,4020,0.9,Very Good,D,SI1
1182236,4580,1.1499999999999999,Ideal,J,SI2
1182985,2040,0.5,Very Good,F,VVS2
1183069,2127,0.59,Very Good,E,VS1
1183340,4984,1.01,Ideal,H,SI2
1183710,2511,0.7,Ideal,E,SI1
1185907,3540,0.71,Ideal,E,VS1
1185973,3435,0.7,Ideal,E,VS1
1185978,3296,0.74,Ideal,F,VS1
1186680,3203,0.91,Ideal,J,VS2
1187469,4210,0.9,Ideal,I,VVS2
1188658,2580,0.53,Signature Ideal,G,IF
1188660,2212,0.54,Signature Ideal,H,VVS1
1188663,2511,0.7,Ideal,E,SI1
1190764,2321,0.52,Ideal,F,VVS1
1190774,2236,0.5,Ideal,F,VVS1
1192025,2009,0.7,Very Good,E,SI2
1192039,2076,0.7,Very Good,D,SI1
1192049,2105,0.71,Good,D,SI1
1192053,2009,0.7,Very Good,E,SI2
1194731,3501,0.91,Very Good,E,SI2
1194736,3476,0.9,Good,E,SI2
1196435,2410,0.59,Signature Ideal,H,VVS1
1196498,4789,0.9,Very Good,D,SI1
1196526,4518,1.01,Good,F,SI2
1199014,3476,0.9,Good,E,SI2
1199042,4965,0.9,Very Good,D,SI1
1199047,4179,0.9,Good,D,SI1
1199052,3513,0.91,Good,E,SI2
1199189,3413,0.91,Good,E,SI2
1199887,3423,0.9,Good,F,SI1
1200666,4317,0.82,Ideal,H,IF
1200680,2547,0.7,Very Good,E,SI1
1200683,4747,1.01,Good,E,SI2
1200684,2152,0.7,Ideal,I,SI1
1200686,3514,0.7,Very Good,D,VS1
1200688,2734,0.7,Very Good,E,SI1
1200690,2566,0.72,Good,E,SI1
1200692,2107,0.71,Very Good,I,SI1
1200697,2106,0.71,Very Good,J,VVS1
1200699,3220,0.7,Ideal,D,VS2
1200703,3562,0.71,Very Good,D,VS1
1200704,2153,0.72,Ideal,J,VS1
1200708,3658,0.91,Good,D,SI2
1200714,2347,0.72,Ideal,J,VVS1
1200717,2078,0.7,Very Good,G,SI2
1200772,2411,0.7,Good,D,SI1
1200774,4591,0.92,Very Good,E,SI1
1200780,2373,0.72,Very Good,I,VS1
1200781,3528,0.72,Ideal,D,VS2
1200782,2844,0.71,Very Good,D,VS2
1200788,4153,0.93,Very Good,D,SI2
1200898,4604,0.9,Very Good,H,VVS2
1201670,4341,0.52,Ideal,D,IF
1201863,4807,0.81,Signature Ideal,G,VS1
1202322,3279,0.9,Good,J,VVS2
1202326,3822,0.93,Ideal,J,VVS2
1202937,3385,0.92,Good,J,VVS1
1203823,2052,0.54,Very Good,G,VVS2
1203975,3440,0.71,Good,D,VS1
1204750,3622,0.72,Good,D,VS1
1204752,3780,0.75,Good,D,VS1
1205011,2749,0.71,Very Good,I,VVS1
1205017,3314,0.7,Very Good,D,VS2
1205020,3402,0.72,Very Good,D,VS2
1205026,2911,0.72,Very Good,E,SI1
1205041,2665,0.7,Very Good,D,SI1
1205049,2411,0.71,Very Good,E,SI1
1206229,2335,0.74,Very Good,E,SI2
1206280,2218,0.75,Very Good,E,SI2
1206674,3007,0.82,Very Good,D,SI2
1207595,2781,0.7,Ideal,D,SI1
1207599,2227,0.7,Good,E,SI2
1207602,2370,0.7,Very Good,I,VS2
1207622,3575,0.73,Ideal,D,VS2
1207632,2853,0.75,Very Good,D,SI2
1207647,2502,0.72,Very Good,I,VVS2
1208021,2494,0.7,Very Good,F,SI1
1208296,4293,0.91,Very Good,E,SI1
1208415,4189,0.91,Very Good,D,SI1
1208416,4114,0.91,Very Good,E,SI1
1211635,3094,0.74,Very Good,F,VS2
1212630,2901,0.7,Very Good,E,VS2
1212631,3758,0.9,Very Good,D,SI2
1212643,3875,0.9,Very Good,D,SI2
1212654,3376,0.71,Ideal,E,VS1
1212655,2749,0.71,Ideal,I,VVS1
1212662,2333,0.72,Very Good,E,SI2
1212774,3093,0.8,Ideal,D,SI2
1212790,4595,0.91,Good,F,VS2
1213630,4375,0.9,Fair,D,SI1
1213652,3913,0.9,Good,E,SI1
1213761,2606,0.7,Ideal,I,VVS1
1219352,3415,0.71,Very Good,F,VVS1
1219656,2241,0.73,Very Good,E,SI1
1224754,3275,0.7,Very Good,D,VS1
1227344,2736,0.91,Good,J,SI1
1228654,2252,0.55000000000000004,Signature Ideal,H,VVS1
1229726,4119,0.7,Very Good,D,VVS2
1229730,4671,0.9,Very Good,D,SI1
1234575,2546,0.7,Very Good,I,VS2
1234847,4765,1.07,Ideal,J,SI1
1240446,3369,0.75,Good,D,VS2
1242026,3166,0.63,Very Good,E,VVS1
1242303,2788,0.67,Very Good,F,VS1
1243123,2367,0.64,Very Good,H,VVS1
1243337,3387,0.9,Good,I,VS2
1243342,3784,0.9,Good,I,VVS2
1243353,3784,0.9,Good,I,VVS2
1244326,4209,0.9,Very Good,D,SI1
1244361,2333,0.53,Ideal,D,VVS2
1246408,2919,0.7,Ideal,F,VS2
1246467,3294,0.72,Very Good,E,VS1
1246491,2363,0.71,Very Good,I,VS1
1246573,2692,0.73,Ideal,I,VS1
1246581,2694,0.71,Very Good,G,VS1
1246621,4839,1.01,Good,G,SI1
1246629,3109,0.7,Very Good,E,VS1
1246780,4550,1,Fair,E,SI2
1246798,3235,0.56999999999999995,Ideal,E,IF
1246996,3288,0.7,Ideal,F,VS1
1247021,3500,0.71,Ideal,D,VS1
1247304,2968,0.71,Very Good,E,VS1
1248932,3395,0.9,Very Good,E,SI2
1249008,2132,0.52,Signature Ideal,H,VVS1
1249097,3421,0.9,Very Good,F,SI2
1249631,3704,0.9,Good,D,SI1
1249648,4215,0.76,Ideal,D,VS2
1249662,4697,0.9,Very Good,E,SI1
1249850,3591,0.9,Very Good,F,SI1
1249974,3844,0.9,Very Good,E,SI2
1250075,3378,0.91,Very Good,E,SI2
1250480,3878,0.91,Ideal,F,SI2
1252143,3288,0.7,Very Good,D,VS1
1252549,3109,0.7,Very Good,E,VS1
1252610,2233,0.71,Very Good,D,SI1
1252785,2936,0.6,Ideal,F,VVS1
1252841,3292,0.9,Very Good,H,SI2
1253124,3919,0.64,Ideal,E,IF
1254134,3331,0.52,Signature Ideal,D,VVS1
1254287,3681,0.71,Ideal,F,VVS1
1254712,4593,1,Good,E,SI2
1257468,2032,0.7,Very Good,G,SI2
1257601,2328,0.5,Very Good,D,VVS2
1257610,4583,0.71,Very Good,D,VVS1
1257639,3144,0.7,Very Good,D,VS2
1257647,3455,0.68,Very Good,F,IF
1257684,2408,0.72,Ideal,I,VVS2
1257685,2484,0.62,Ideal,G,VVS1
1257704,2395,0.76,Very Good,D,SI2
1259723,3793,0.8,Ideal,H,VVS2
1259749,2518,0.52,Ideal,D,VVS2
1260454,2237,0.52,Ideal,F,VVS1
1260477,2227,0.62,Ideal,F,VS1
1261596,3722,0.72,Very Good,D,VVS2
1261652,2332,0.64,Very Good,F,VS2
1262777,2624,0.6,Good,E,VVS2
1263202,3271,0.7,Very Good,F,VVS1
1265120,2824,0.8,Good,F,SI2
1265121,2787,0.77,Very Good,E,SI2
1265124,2516,0.72,Good,F,SI1
1266346,2974,0.7,Good,F,VVS1
1266352,3783,0.71,Very Good,D,VVS2
1266367,2474,0.5,Good,D,VVS1
1267306,2278,0.54,Very Good,E,VVS1
1268705,3479,0.91,Very Good,F,SI2
1269104,4839,1.1000000000000001,Very Good,I,SI2
1269466,3405,0.92,Very Good,G,SI2
1273378,2644,0.6,Good,E,VVS1
1274745,3673,0.71,Very Good,D,VVS2
1276457,2172,0.53,Signature Ideal,H,VVS1
1277316,2605,0.6,Very Good,F,VVS1
1277336,2978,0.7,Good,E,VVS2
1277342,2428,0.6,Good,F,VVS2
1277414,2530,0.5,Very Good,D,VVS1
1279036,4657,0.56000000000000005,Ideal,D,IF
1279043,2007,0.47,Good,F,IF
1279251,2019,0.5,Good,F,VVS1
1280450,3082,0.9,Good,E,SI2
1280562,3509,0.91,Very Good,F,SI2
1283737,2576,0.56999999999999995,Ideal,E,VVS2
1286438,4956,1.1299999999999999,Ideal,J,SI1
1287737,3870,0.93,Very Good,D,SI2
1287771,3978,0.92,Good,E,SI2
1287784,4146,0.9,Very Good,D,SI1
1287852,4428,0.91,Very Good,E,SI1
1289939,2384,0.76,Very Good,D,SI2
1290391,4314,0.97,Good,I,SI1
1291335,4125,0.79,Signature Ideal,H,IF
1291377,3154,0.71,Signature Ideal,E,SI1
1291380,2311,0.55000000000000004,Signature Ideal,D,VS2
1293154,2877,0.79,Very Good,D,SI1
1293156,2233,0.73,Very Good,D,SI2
1293185,2334,0.74,Very Good,D,SI2
1293263,3112,0.7,Signature Ideal,E,SI1
1297178,3408,0.72,Very Good,E,VVS2
1299440,2591,0.7,Ideal,E,SI1
1300241,3320,0.7,Very Good,F,VVS1
1305599,2968,0.9,Good,F,SI2
1305798,3403,0.91,Very Good,G,SI2
1311016,3450,0.91,Very Good,F,SI2
1311441,3321,0.82,Good,G,SI1
1315490,2192,0.7,Good,E,SI1
1315491,2566,0.7,Good,E,VS2
1315763,2607,0.7,Good,G,VVS2
1315820,3281,0.9,Good,I,VS1
1316028,2082,0.7,Very Good,D,SI2
1316060,3105,0.72,Good,F,VVS2
1316197,2723,0.7,Good,G,VVS2
1316347,3138,0.7,Good,F,VVS2
1316495,2929,0.7,Good,E,VVS2
1317774,4308,1.03,Very Good,J,SI1
1319617,3868,0.73,Ideal,G,VVS1
1320361,2795,0.7,Very Good,G,VVS2
1320649,4989,0.81,Very Good,E,VVS2
1321729,3931,0.9,Good,F,VS2
1323066,4353,0.71,Ideal,D,VVS1
1323302,3624,0.7,Very Good,E,VVS1
1324192,2354,0.73,Very Good,I,VVS2
1324651,2733,0.5,Ideal,D,VVS1
1325111,3633,0.74,Ideal,G,VVS2
1325125,4988,1.06,Ideal,J,VS1
1326711,2464,0.55000000000000004,Signature Ideal,G,VVS1
1327605,4449,0.76,Ideal,G,IF
1327614,2403,0.5,Very Good,D,VVS2
1327616,2494,0.52,Very Good,E,VVS1
1327619,3430,0.72,Ideal,H,VVS1
1327647,3819,0.73,Ideal,G,VVS1
1327666,3348,0.82,Very Good,H,VS2
1327764,2751,0.7,Ideal,D,SI1
1327894,3359,0.9,Good,G,SI2
1327896,3150,0.9,Good,F,SI2
1327914,4391,0.9,Good,H,VVS2
1327935,4661,0.9,Very Good,H,VVS2
1327959,4503,0.92,Very Good,F,SI1
1328439,4519,0.9,Very Good,D,SI1
1328456,3858,0.92,Ideal,G,SI2
1328696,2884,0.7,Very Good,E,VS1
1328729,3788,0.71,Very Good,G,IF
1328741,4032,0.7,Very Good,E,VVS1
1328766,2403,0.5,Very Good,E,VVS1
1328771,3651,0.7,Good,D,VVS2
1330243,2019,0.5,Good,E,VVS2
1331393,2215,0.51,Good,D,VVS2
1331470,2136,0.5,Very Good,G,IF
1331483,2010,0.5,Very Good,H,VVS1
1331671,2916,0.56999999999999995,Ideal,D,VVS2
1331785,2397,0.6,Ideal,F,VS1
1331884,2328,0.74,Ideal,E,SI2
1332042,3012,0.55000000000000004,Ideal,D,VVS1
1332153,2622,0.61,Ideal,G,VVS2
1332197,3402,0.6,Ideal,D,VVS2
1332202,2666,0.55000000000000004,Ideal,D,VVS2
1336273,2140,0.72,Very Good,D,SI2
1338005,3763,0.9,Very Good,E,SI2
1338074,3686,0.9,Very Good,E,SI2
1338146,3606,0.9,Very Good,E,SI2
1338225,4062,0.91,Very Good,D,SI1
1338226,4428,0.91,Very Good,E,SI1
1339121,4085,1.01,Very Good,J,SI1
1339682,3633,0.93,Very Good,D,SI2
1339884,3069,0.9,Good,F,SI2
1340013,2179,0.7,Ideal,F,SI1
1344141,2492,0.71,Ideal,F,SI1
1344427,4439,0.72,Ideal,E,VVS1
1344775,3742,0.72,Ideal,F,VVS2
1344893,2303,0.52,Ideal,F,VVS2
1346754,4362,1.02,Very Good,J,SI1
1349295,2017,0.54,Ideal,G,VS1
1349808,2437,0.56000000000000005,Signature Ideal,G,IF
1351262,2203,0.7,Very Good,D,SI1
1351328,3430,0.9,Good,I,VS1
1351355,3139,0.76,Ideal,I,VVS1
1351458,3603,0.9,Good,F,SI1
1351526,3515,0.91,Good,D,SI2
1351687,4489,1,Fair,F,SI1
1351808,4243,1.01,Fair,H,SI1
1352295,4804,0.96,Very Good,E,SI1
1352473,4663,0.81,Ideal,D,VS2
1352720,2453,0.53,Ideal,E,VVS1
1354695,3709,0.76,Ideal,E,VS2
1354716,4393,0.82,Ideal,G,VVS2
1354806,2419,0.52,Ideal,D,VVS2
1354939,2095,0.56000000000000005,Very Good,D,VS1
1355117,2375,0.51,Ideal,D,VVS2
1356406,3287,0.91,Very Good,J,VS2
1357755,2781,0.71,Good,F,VS2
1360210,4236,0.7,Very Good,D,VVS1
1361039,4065,0.9,Good,G,VS2
1361452,2176,0.72,Ideal,E,SI2
1362426,2055,0.7,Good,F,SI1
1362795,2111,0.7,Good,E,SI1
1362976,2874,0.6,Ideal,E,VVS2
1363102,4613,0.74,Ideal,E,VVS1
1363222,3092,0.64,Ideal,E,VVS2
1363321,2824,0.62,Ideal,F,VVS2
1363639,3670,1.04,Good,J,SI2
1363928,2103,0.71,Good,E,SI2
1367818,2069,0.71,Good,D,SI2
1367857,2023,0.74,Good,E,SI2
1367876,2111,0.71,Very Good,D,SI2
1369691,3430,0.91,Good,F,SI2
1369695,3283,0.91,Very Good,G,SI2
1374071,3814,0.61,Signature Ideal,D,VVS2
1374854,4631,1.1100000000000001,Good,H,SI2
1375894,4403,1,Fair,G,SI1
1376347,2638,0.7,Ideal,E,SI1
1378308,2981,0.67,Ideal,G,IF
1378936,4874,0.83,Ideal,H,IF
1379023,3842,0.7,Very Good,D,VVS2
1379166,3897,0.9,Very Good,E,SI2
1379167,4816,0.9,Ideal,E,SI1
1379179,4519,0.9,Good,E,SI1
1379188,3752,0.9,Good,F,SI2
1379212,4046,0.91,Ideal,F,SI2
1379216,4041,0.9,Very Good,F,SI1
1379591,2145,0.54,Signature Ideal,G,VVS2
1379815,3537,0.75,Very Good,H,IF
1379826,2262,0.7,Very Good,I,VVS2
1382049,3459,0.72,Very Good,E,VVS2
1382746,3090,0.7,Fair,E,VS2
1385830,2562,0.52,Ideal,D,VVS2
1386640,2815,0.7,Good,H,VVS1
1388936,2006,0.7,Good,D,SI2
1389806,2738,0.64,Very Good,F,VVS2
1389813,2573,0.61,Very Good,E,VVS2
1390061,2813,0.71,Very Good,H,VS2
1391252,3960,1.04,Very Good,J,SI1
1391979,4600,0.73,Ideal,E,VVS1
1392155,2601,0.78,Ideal,I,VS1
1392158,4054,1.02,Good,I,SI2
1394922,4417,0.72,Ideal,F,VVS1
1395608,4170,0.9,Ideal,I,VS2
1395980,2099,0.56000000000000005,Signature Ideal,G,VVS2
1396729,2129,0.56000000000000005,Signature Ideal,G,VS1
1397230,4367,0.9,Ideal,E,SI1
1397326,4442,1,Fair,D,SI2
1397349,3671,0.91,Good,E,SI2
1397351,3254,0.91,Good,F,SI2
1397431,4071,0.9,Good,E,SI1
1397748,3392,0.91,Good,D,SI2
1397853,2675,0.9,Good,J,SI1
1400519,4020,0.9,Very Good,D,SI1
1400520,3467,0.9,Very Good,D,SI2
1401756,2695,0.67,Very Good,D,VS1
1401899,2793,0.7,Very Good,E,VS1
1401991,4537,0.8,Very Good,E,VVS2
1402143,2984,0.7,Very Good,E,VS1
1402152,3819,0.74,Very Good,D,VVS2
1402154,3217,0.7,Good,D,VS1
1403735,2473,0.59,Signature Ideal,D,VS2
1404249,2528,0.71,Ideal,D,SI2
1404262,2965,0.72,Very Good,D,VS2
1404348,2183,0.7,Very Good,E,SI1
1404415,2376,0.71,Ideal,E,SI2
1404668,2157,0.55000000000000004,Ideal,G,IF
1404756,2350,0.53,Very Good,D,VVS2
1404863,3787,0.73,Ideal,G,IF
1405438,3566,0.54,Very Good,D,IF
1405630,2804,0.57999999999999996,Very Good,D,VVS2
1405900,2613,0.73,Very Good,I,IF
1407330,4445,0.92,Very Good,F,SI1
1407333,2484,0.62,Ideal,G,VVS1
1407386,3514,0.73,Ideal,G,VVS1
1408385,3123,0.7,Very Good,D,VS1
1408410,2691,0.71,Very Good,D,VS2
1408412,3624,0.7,Very Good,E,VVS1
1408943,3841,0.7,Ideal,D,VVS2
1408944,4017,0.8,Very Good,E,VS1
1408945,3260,0.71,Very Good,D,VS1
1410639,2758,0.71,Ideal,G,VS2
1410840,3336,0.7,Signature Ideal,H,VVS1
1411483,2015,0.5,Good,E,VVS1
1411496,2191,0.53,Very Good,E,VVS1
1411606,2606,0.7,Very Good,G,VS2
1412326,3453,0.71,Ideal,D,VS2
1413254,2974,0.62,Ideal,E,VVS2
1414614,2314,0.56999999999999995,Very Good,E,VVS2
1414622,2246,0.52,Ideal,D,VVS2
1414627,2137,0.54,Very Good,F,VVS1
1414638,2133,0.5,Very Good,D,VVS2
1415036,2284,0.52,Signature Ideal,H,IF
1415267,2475,0.5,Very Good,D,VVS1
1415616,2049,0.51,Very Good,G,IF
1415674,2993,0.71,Very Good,E,VS1
1417772,2701,0.7,Very Good,E,VS2
1417852,4021,0.91,Very Good,F,SI1
1417894,4344,0.91,Good,F,VS2
1421138,2735,0.55000000000000004,Very Good,D,VVS1
1421140,2165,0.54,Good,E,VVS1
1421143,2051,0.51,Very Good,E,VVS2
1421146,2140,0.5,Ideal,F,VVS2
1421151,2133,0.5,Very Good,D,VVS2
1421162,2327,0.53,Very Good,D,VVS2
1421165,2194,0.5,Very Good,E,VVS1
1422306,3139,0.6,Signature Ideal,F,VVS2
1422365,4132,0.81,Ideal,H,VVS1
1422845,2012,0.5,Very Good,E,VVS2
1422869,4435,0.71,Very Good,D,VVS1
1422883,3407,0.76,Very Good,D,VS2
1423999,3157,0.7,Very Good,D,VS2
1424051,2475,0.7,Very Good,F,SI1
1424604,2067,0.56999999999999995,Signature Ideal,F,VS2
1426426,2756,0.74,Good,G,VS2
1426505,2292,0.56000000000000005,Signature Ideal,H,VVS1
1426545,3154,0.71,Signature Ideal,E,SI1
1427332,2223,0.5,Very Good,D,VVS2
1428651,2037,0.71,Very Good,E,SI2
1428654,3466,0.9,Very Good,D,SI2
1428727,4142,0.9,Very Good,D,SI1
1428730,3388,0.91,Very Good,F,SI2
1428756,2928,0.7,Very Good,E,VS1
1428786,3021,0.7,Very Good,F,VVS2
1428838,3041,0.7,Very Good,D,VS1
1428937,2704,0.71,Good,F,VS2
1429134,2796,0.61,Very Good,D,VVS2
1429241,2674,0.63,Ideal,G,VVS1
1429709,2738,0.71,Very Good,E,VS2
1429892,2734,0.63,Ideal,G,IF
1429950,2699,0.6,Very Good,G,IF
1430002,2539,0.61,Ideal,H,IF
1430076,3402,0.8,Ideal,I,IF
1430107,2472,0.6,Ideal,G,VVS1
1430108,2292,0.53,Ideal,E,VVS2
1430112,2823,0.61,Ideal,G,IF
1430155,2330,0.6,Ideal,H,VVS1
1430161,2427,0.6,Ideal,H,IF
1430220,2459,0.62,Ideal,G,VVS2
1430548,2469,0.7,Ideal,D,SI2
1431443,3754,0.92,Very Good,E,SI2
1435842,3651,0.56000000000000005,Very Good,D,IF
1436790,4292,0.76,Ideal,D,VS1
1437338,4628,0.96,Very Good,F,SI1
1437365,2200,0.57999999999999996,Ideal,H,IF
1437421,4851,0.97,Very Good,E,SI1
1437884,2769,0.66,Good,G,IF
1437891,2400,0.59,Good,G,IF
1437895,2570,0.56000000000000005,Very Good,F,IF
1440445,2722,0.56000000000000005,Very Good,D,VVS1
1440614,4629,0.83,Very Good,G,VVS1
1440627,2280,0.56999999999999995,Very Good,D,VVS2
1440657,2586,0.63,Ideal,D,VS1
1440667,3483,0.91,Very Good,G,SI2
1440669,2930,0.6,Very Good,D,VVS2
1440676,3976,0.73,Very Good,F,VVS1
1440687,2637,0.57999999999999996,Very Good,D,VVS1
1440688,2009,0.5,Good,D,VVS2
1440705,3904,0.71,Ideal,E,VVS2
1440708,4223,0.71,Very Good,E,VVS1
1440720,2562,0.65,Very Good,D,VS1
1440726,2140,0.51,Ideal,E,VVS2
1440728,2752,0.6,Very Good,D,VVS2
1440743,4223,0.71,Very Good,E,VVS1
1440748,2752,0.6,Very Good,D,VVS2
1440753,2102,0.5,Very Good,D,VVS2
1441640,2740,0.81,Very Good,D,SI2
1442332,2302,0.71,Very Good,D,SI1
1442333,2700,0.59,Good,D,VVS1
1442340,2133,0.5,Very Good,D,VVS2
1442637,2087,0.6,Good,H,VVS2
1443534,2522,0.7,Very Good,H,VVS2
1443556,2928,0.7,Very Good,E,VS1
1443575,2900,0.7,Very Good,G,VVS2
1443592,2198,0.7,Very Good,G,SI1
1444014,2835,0.7,Very Good,H,VVS1
1444180,2473,0.7,Ideal,I,VVS1
1444210,3183,0.7,Good,F,VVS1
1445651,2642,0.7,Good,F,VS2
1446531,2511,0.7,Ideal,E,SI1
1448705,2308,0.5,Very Good,E,IF
1448711,3431,0.7,Good,D,VVS2
1451957,4739,0.8,Very Good,D,VVS2
1453590,2145,0.55000000000000004,Very Good,E,VVS2
1453608,3197,0.64,Very Good,D,VVS2
1454158,2002,0.56000000000000005,Good,H,VVS1
1454168,2525,0.77,Very Good,J,VVS2
1454171,3153,0.7,Good,G,VVS1
1455504,2988,0.72,Very Good,G,VS1
1456901,2937,0.9,Very Good,J,VS1
1456929,3354,0.71,Signature Ideal,G,VS1
1457061,2010,0.51,Very Good,D,VS1
1457063,2474,0.71,Very Good,G,VS2
1457154,4991,0.9,Good,E,VVS2
1457157,2139,0.63,Very Good,D,VS2
1457695,2916,0.8,Ideal,I,VS2
1457881,3232,0.8,Ideal,H,VS1
1460373,3430,0.72,Ideal,F,VS1
1460391,4612,0.95,Very Good,E,SI1
1460470,2039,0.59,Good,F,VS1
1460511,3367,0.7,Ideal,F,VS1
1460594,2712,0.7,Ideal,G,VS2
1460600,4290,0.9,Ideal,D,SI2
1462000,3510,0.82,Ideal,F,SI1
1462008,2725,0.81,Ideal,G,SI2
1462013,2251,0.7,Ideal,F,SI1
1462017,3407,0.81,Ideal,E,SI1
1462018,2992,0.81,Ideal,F,SI2
1462025,4497,0.9,Ideal,E,SI1
1462032,3789,0.75,Ideal,D,VS1
1462040,2862,0.8,Ideal,I,VS1
1462080,4195,0.79,Ideal,E,VS1
1462084,2772,0.71,Ideal,E,VS2
1462087,2693,0.8,Ideal,G,SI2
1462097,4447,0.8,Ideal,D,VS1
1466833,4760,1.06,Very Good,H,SI2
1467694,4315,0.7,Ideal,D,VVS1
1467699,2764,0.75,Very Good,D,SI2
1467850,2311,0.71,Good,D,SI1
1467856,2178,0.71,Good,E,SI1
1468285,2601,0.71,Good,D,VS2
1468338,2488,0.55000000000000004,Very Good,E,IF
1468402,2148,0.7,Good,E,SI1
1469395,2235,0.53,Very Good,F,VVS1
1471027,2190,0.52,Good,D,VVS2
1471130,3453,0.74,Very Good,G,VVS2
1471133,3564,0.79,Very Good,G,VVS1
1472812,2225,0.63,Very Good,F,VS1
1473407,2815,0.7,Good,G,VVS2
1473456,3505,0.78,Very Good,F,VS1
1473496,4580,1.1399999999999999,Very Good,J,SI1
1473509,3550,0.88,Very Good,G,SI1
1473511,2745,0.72,Good,G,VS2
1473520,3324,0.75,Good,D,VS2
1473574,2523,0.68,Very Good,G,VS1
1474051,2086,0.71,Good,E,SI2
1474059,2145,0.7,Good,F,SI1
1475077,3031,0.9,Good,D,SI2
1475480,2394,0.57999999999999996,Ideal,E,VVS2
1476059,4583,0.71,Very Good,D,VVS1
1476195,2421,0.53,Good,D,VVS1
1476198,2288,0.53,Ideal,D,VVS2
1477460,3562,0.71,Very Good,D,VVS2
1477467,2676,0.6,Very Good,E,VVS2
1477472,2974,0.7,Very Good,E,VS1
1477497,3624,0.7,Very Good,E,VVS1
1477708,2592,0.56999999999999995,Very Good,E,VVS1
1477757,2519,0.71,Ideal,G,SI1
1477767,3503,0.53,Very Good,D,IF
1477842,2328,0.5,Very Good,D,VVS2
1477850,2190,0.5,Very Good,E,VVS1
1477970,2961,0.7,Very Good,D,VS2
1478313,2569,0.53,Ideal,D,VVS1
1478322,2119,0.52,Very Good,E,VVS2
1478328,2151,0.52,Very Good,E,VVS1
1478337,2159,0.53,Very Good,E,VVS2
1480006,2181,0.74,Very Good,J,IF
1480073,2428,0.54,Very Good,F,IF
1480972,2531,0.56000000000000005,Very Good,E,VVS1
1480973,2531,0.56000000000000005,Very Good,E,VVS1
1481242,2491,0.54,Ideal,D,VVS2
1482157,2524,0.59,Ideal,E,VVS2
1482166,2288,0.53,Very Good,D,VVS2
1483701,2797,0.59,Signature Ideal,D,VS1
1483721,3030,0.54,Signature Ideal,D,VVS2
1483722,3655,0.7,Signature Ideal,E,VS1
1484342,2913,0.7,Very Good,D,VS2
1484644,3926,0.7,Good,D,VVS1
1484898,3833,0.9,Ideal,I,VS2
1484985,2921,0.72,Very Good,H,VVS1
1485166,2414,0.56000000000000005,Ideal,E,VVS1
1485183,2138,0.51,Very Good,E,VVS2
1485765,3256,0.76,Ideal,H,VVS2
1485807,2672,0.7,Ideal,H,VS1
1485812,3296,0.77,Ideal,H,VVS2
1487030,2546,0.51,Very Good,D,VVS1
1487288,2426,0.6,Good,G,VVS1
1487312,2831,0.8,Ideal,I,VS2
1487904,2401,0.56000000000000005,Ideal,E,VVS2
1487919,2387,0.71,Ideal,G,SI1
1488626,3528,0.71,Very Good,F,VVS1
1488789,3431,0.7,Very Good,F,VVS1
1488937,2043,0.5,Ideal,H,VVS1
1489182,3639,0.7,Ideal,D,VVS2
1489199,2181,0.5,Good,E,VVS1
1490474,4015,0.9,Ideal,E,SI2
1490897,4236,0.7,Very Good,D,VVS1
1492352,2112,0.54,Signature Ideal,E,VS2
1492385,2753,0.7,Ideal,D,SI1
1492569,4619,0.7,Ideal,D,VVS1
1493753,3159,0.73,Ideal,E,VS2
1494041,2585,0.54,Ideal,E,VVS1
1494961,2591,0.7,Very Good,D,SI1
1496960,4280,0.9,Good,E,SI1
1497177,2787,0.63,Very Good,F,VVS2
1497575,4247,0.91,Very Good,D,SI2
1497593,3573,0.9,Very Good,F,SI2
1497911,2658,0.7,Very Good,F,VS2
1497912,2850,0.71,Very Good,E,VS2
1497919,2658,0.7,Very Good,F,VS2
1497936,3150,0.71,Very Good,E,VS1
1497950,2658,0.7,Very Good,F,VS2
1498103,3317,0.71,Ideal,H,VVS1
1498109,3404,0.73,Ideal,H,VVS1
1498125,4435,0.81,Ideal,H,IF
1499235,3217,0.7,Very Good,D,VS1
1499243,3217,0.7,Very Good,D,VS1
1499261,3165,0.71,Very Good,D,VS1
1499283,2268,0.72,Very Good,E,SI2
1499287,3270,0.7,Very Good,E,VVS2
1499441,3519,0.63,Very Good,D,VVS1
1499477,3080,0.73,Very Good,D,VS2
1499496,4860,1.01,Very Good,G,SI2
1499500,4074,1.03,Ideal,J,SI2
1499512,4134,1.05,Ideal,J,SI2
1499519,4187,0.91,Good,E,SI1
1499522,4571,1.01,Very Good,H,SI2
1499524,4689,1.01,Ideal,H,SI2
1499526,2336,0.76,Very Good,E,SI2
1499536,3336,0.78,Ideal,H,VVS2
1499543,4705,1.01,Very Good,H,SI2
1499548,3016,0.73,Very Good,F,VS1
1499549,2822,0.83,Very Good,F,SI2
1499553,4541,0.9,Very Good,D,SI1
1499563,4826,1.01,Good,H,SI1
1499808,2871,0.7,Very Good,F,VS2
1499813,3796,0.72,Very Good,F,VVS1
1499821,2314,0.6,Ideal,H,VVS2
1499837,2296,0.62,Ideal,G,VS1
1499838,2681,0.6,Ideal,G,VVS1
1499872,3226,0.65,Ideal,E,VVS2
1499874,2323,0.62,Ideal,G,VS1
1499888,2207,0.61,Very Good,G,VS1
1499889,2687,0.7,Ideal,I,VVS2
1499900,2807,0.56000000000000005,Ideal,F,IF
1499910,2225,0.6,Ideal,G,VS1
1499922,2225,0.6,Ideal,G,VS1
1499960,2854,0.56999999999999995,Ideal,F,IF
1499964,2470,0.7,Good,G,VS1
1499968,2529,0.71,Ideal,I,VS1
1500183,2797,0.6,Very Good,E,VVS1
1500609,2190,0.74,Very Good,I,VS2
1501154,2642,0.71,Good,E,VS2
1501325,3330,0.71,Very Good,E,VS1
1501419,4868,1.21,Very Good,J,SI2
1501427,4818,1.1000000000000001,Very Good,G,SI2
1501853,3845,0.73,Ideal,F,VVS1
1501862,3316,0.9,Good,H,SI2
1502076,4918,0.77,Ideal,E,VVS2
1502081,2812,0.65,Ideal,F,VS1
1502320,4579,0.81,Ideal,F,VS1
1502527,2739,0.72,Very Good,D,SI1
1502544,4389,0.9,Good,G,SI1
1502557,2815,0.7,Very Good,F,SI1
1502562,2718,0.71,Very Good,H,VVS2
1502577,4559,0.91,Ideal,F,SI2
1502697,2594,0.7,Very Good,G,VS1
1502715,3093,0.73,Very Good,E,VS1
1502716,2552,0.61,Ideal,D,VS1
1502717,2884,0.7,Good,E,VS1
1502723,2382,0.61,Very Good,E,VS1
1502790,4942,0.91,Very Good,H,VVS2
1502799,3217,0.7,Very Good,D,VS1
1502803,2929,0.7,Good,E,VS1
1502834,2476,0.7,Very Good,E,SI1
1502839,3613,0.74,Very Good,E,VVS2
1502874,4001,0.9,Good,I,VVS2
1502899,2929,0.7,Good,E,VS1
1502904,2399,0.61,Very Good,E,VS1
1503121,4529,1.1499999999999999,Very Good,I,SI2
1503122,3828,0.9,Very Good,E,SI2
1503136,4464,0.97,Very Good,E,SI2
1503288,2712,0.72,Very Good,G,VS2
1503323,2606,0.71,Good,G,VS2
1503340,2772,0.71,Very Good,F,VS2
1503341,2190,0.71,Very Good,G,SI1
1503346,2554,0.7,Good,G,VS1
1503393,2904,0.74,Very Good,G,VS2
1504081,2458,0.7,Good,E,SI1
1504144,3008,0.61,Ideal,D,VVS2
1505043,2464,0.55000000000000004,Signature Ideal,G,VVS1
1505044,2378,0.53,Signature Ideal,G,VVS1
1505051,2292,0.56000000000000005,Signature Ideal,H,VVS1
1505223,2638,0.7,Ideal,E,SI1
1505412,2196,0.56000000000000005,Signature Ideal,H,IF
1505413,2633,0.63,Signature Ideal,H,VVS1
1505556,2421,0.54,Signature Ideal,G,VVS1
1505557,2099,0.56000000000000005,Signature Ideal,G,VVS2
1505558,2224,0.53,Signature Ideal,G,VVS2
1505561,2252,0.55000000000000004,Signature Ideal,H,VVS1
1505672,3609,0.9,Very Good,J,VVS1
1505677,3914,0.8,Very Good,E,VS1
1505823,2005,0.71,Very Good,I,VS2
1505996,3287,0.91,Very Good,J,VS2
1506152,2708,0.63,Ideal,G,VVS1
1515261,3631,0.71,Ideal,E,VS1
1515474,2857,0.7,Ideal,G,VS1
1515867,3475,0.73,Ideal,F,VS1
1515872,2429,0.62,Ideal,E,VS1
1515876,3583,0.7,Ideal,E,VS1
1516513,3506,0.73,Very Good,D,VS1
1516642,2655,0.54,Ideal,D,VVS2
1516654,2920,0.51,Ideal,D,VVS1
1516702,2247,0.7,Good,F,SI1
1516763,2521,0.7,Very Good,E,SI1
1518840,2012,0.56999999999999995,Ideal,D,VS2
1518871,2580,0.7,Very Good,F,VS2
1518916,2633,0.62,Ideal,G,IF
1519042,2313,0.61,Ideal,H,VVS1
1519157,2576,0.71,Very Good,F,VS2
1519183,3431,0.7,Very Good,F,VVS1
1519473,3928,0.7,Very Good,E,VVS1
1519797,3903,0.74,Very Good,H,IF
1519838,4115,0.9,Good,E,SI1
1519861,2572,0.5,Ideal,F,IF
1519955,4538,1,Good,J,VS2
1520231,4389,0.9,Very Good,E,SI2
1520279,3979,0.9,Very Good,F,SI2
1520566,2723,0.72,Very Good,E,SI1
1520623,2269,0.52,Very Good,F,VVS1
1520630,4650,0.8,Good,E,VS1
1520671,2443,0.52,Ideal,F,VVS1
1520924,3280,0.7,Very Good,E,VS2
1520932,3377,0.73,Very Good,G,VVS1
1521003,2220,0.7,Good,F,SI1
1521052,2178,0.5,Very Good,E,VVS2
1521096,3409,0.9,Good,G,SI2
1521187,3367,0.78,Ideal,E,SI1
1521241,3356,0.8,Good,D,SI1
1521243,2067,0.51,Very Good,E,VVS2
1521380,2042,0.5,Very Good,F,VVS2
1521397,2787,0.71,Good,E,VS2
1521649,3165,0.73,Very Good,F,VS2
1521913,3847,0.71,Very Good,D,VVS2
1522757,2119,0.54,Ideal,G,VVS1
1522761,2733,0.5,Ideal,D,VVS1
1522773,2059,0.71,Good,H,SI1
1523010,2555,0.54,Very Good,G,IF
1523025,2636,0.51,Very Good,E,VVS1
1523034,2701,0.7,Very Good,D,SI1
1523250,3246,0.7,Very Good,F,VS1
1523308,2933,0.7,Good,H,VVS1
1523930,2329,0.71,Good,F,SI1
1524034,2247,0.7,Good,F,SI1
1525525,2571,0.72,Good,H,VS1
1525917,2035,0.61,Very Good,H,VVS2
1526900,2213,0.51,Good,E,VVS2
1527324,3192,0.63,Ideal,F,IF
1527569,2711,0.55000000000000004,Ideal,E,VVS2
1527589,3973,0.92,Very Good,F,SI2
1527593,2431,0.7,Good,F,SI1
1527691,3043,0.7,Good,F,VS1
1527692,3188,0.7,Very Good,G,VVS2
1527744,2334,0.5,Good,E,VVS1
1527783,2734,0.53,Very Good,E,VVS1
1527796,2204,0.7,Good,I,VS1
1527797,2778,0.7,Good,F,VS2
1527799,2701,0.7,Good,G,VS1
1527961,2216,0.62,Good,E,VS1
1528066,2000,0.5,Very Good,D,VS2
1528176,3347,0.71,Good,F,VVS2
1528178,4482,0.6,Ideal,D,IF
1528194,2591,0.54,Very Good,E,VVS2
1528206,2755,0.51,Ideal,F,IF
1528387,2638,0.7,Ideal,E,SI1
1528424,2049,0.51,Signature Ideal,G,VVS1
1528541,2010,0.5,Signature Ideal,G,VVS1
1528897,2500,0.71,Ideal,D,SI2
1529284,2785,0.51,Very Good,D,VVS1
1529286,2019,0.5,Good,E,VVS2
1529297,3319,0.71,Ideal,G,VVS1
1529298,3169,0.71,Very Good,H,VVS1
1529305,2236,0.5,Very Good,E,VVS2
1530406,4667,1.01,Very Good,H,SI2
1530447,2215,0.7,Very Good,E,SI2
1530492,4422,0.97,Ideal,G,SI2
1530994,2264,0.5,Very Good,D,VVS1
1531017,2230,0.72,Very Good,D,SI2
1531906,2254,0.7,Very Good,E,SI2
1531956,2355,0.7,Very Good,F,SI1
1531978,2238,0.7,Very Good,E,SI2
1532370,2344,0.5,Ideal,E,VVS2
1533221,2315,0.51,Signature Ideal,E,VVS2
1533250,2410,0.59,Signature Ideal,H,VVS1
1534234,2118,0.7,Ideal,D,SI2
1534236,2267,0.53,Ideal,F,VVS1
1534319,2249,0.52,Ideal,F,VVS1
1534911,4558,1.02,Very Good,J,VS2
1535109,2226,0.54,Ideal,F,VVS2
1535232,2355,0.7,Ideal,G,SI1
1535251,2369,0.6,Ideal,F,VS1
1535259,2406,0.54,Ideal,F,VVS1
1535350,2528,0.7,Ideal,G,VS2
1535356,2406,0.61,Ideal,F,VS1
1535404,2275,0.66,Ideal,I,VVS1
1535430,2369,0.6,Ideal,F,VS1
1535830,2677,0.7,Ideal,G,VS2
1535870,2378,0.52,Good,D,VVS1
1535934,2239,0.7,Very Good,G,SI1
1535944,4316,0.83,Ideal,E,VS2
1535947,2369,0.6,Ideal,F,VS1
1535951,2394,0.71,Ideal,I,VS1
1535960,2406,0.54,Ideal,F,VVS1
1536046,2272,0.71,Very Good,F,SI2
1536079,2520,0.61,Ideal,E,VS1
1536654,2016,0.69,Very Good,D,SI1
1536979,4783,1.05,Ideal,I,SI2
1537086,2117,0.7,Ideal,J,VVS1
1537087,2370,0.75,Ideal,J,VVS1
1537102,4111,0.81,Ideal,E,VS2
1537123,3449,0.8,Ideal,F,SI1
1537207,2270,0.7,Very Good,G,SI1
1537348,2554,0.6,Very Good,G,VVS1
1537694,3977,0.71,Very Good,D,VVS1
1537834,2922,0.63,Ideal,G,IF
1537853,2340,0.5,Very Good,D,VVS2
1537960,3294,0.72,Very Good,E,VS1
1537967,2042,0.7,Very Good,I,VS2
1537979,3155,0.92,Very Good,J,VS2
1537982,2924,0.65,Very Good,F,VVS1
1538021,3839,0.76,Ideal,G,VVS1
1538028,2185,0.7,Very Good,E,SI1
1538035,3341,0.92,Very Good,I,SI1
1538048,3177,0.76,Ideal,I,IF
1539106,3024,0.74,Ideal,G,VS2
1539129,3196,0.72,Ideal,G,VVS1
1539137,2816,0.74,Ideal,H,VS1
1539139,2354,0.63,Ideal,F,VS1
1539168,2978,0.66,Ideal,E,VVS2
1539216,2353,0.56999999999999995,Ideal,E,VVS2
1539225,2378,0.72,Very Good,F,SI1
1539272,2362,0.7,Ideal,I,VS1
1539273,2561,0.7,Very Good,I,VVS1
1539324,2784,0.56000000000000005,Ideal,E,VVS1
1539329,2516,0.7,Very Good,I,VVS1
1539330,2847,0.7,Very Good,G,VVS2
1539339,2005,0.5,Very Good,E,VVS2
1539352,3964,0.8,Very Good,E,VVS2
1539385,3191,0.57999999999999996,Ideal,E,IF
1539389,2623,0.7,Ideal,I,IF
1539405,2042,0.5,Very Good,F,VVS1
1539418,3132,0.73,Very Good,G,VVS2
1539420,2253,0.8,Very Good,J,VVS2
1539429,3172,0.7,Very Good,F,VVS1
1539432,2516,0.7,Very Good,I,VVS1
1539462,2291,0.7,Very Good,I,VS1
1539489,3158,0.72,Very Good,E,VVS2
1539526,2487,0.61,Very Good,G,VVS1
1539549,2772,0.73,Ideal,I,VVS1
1539551,2491,0.74,Very Good,I,VS1
1539565,2772,0.74,Very Good,I,VVS1
1539571,3729,1.01,Good,J,SI2
1539586,2448,0.57999999999999996,Ideal,F,VVS2
1539589,2847,0.7,Very Good,G,VVS2
1539590,2089,0.71,Very Good,J,VVS1
1539662,2774,0.7,Good,G,VVS2
1539663,3076,0.7,Very Good,E,VVS2
1539692,2131,0.5,Good,E,VVS1
1539715,2009,0.64,Very Good,H,VVS2
1539734,2058,0.5,Good,D,VVS2
1539744,2232,0.51,Very Good,E,VVS1
1539746,3208,0.72,Very Good,E,VVS2
1539789,3019,0.73,Very Good,E,VS2
1540233,2211,0.56999999999999995,Ideal,G,VVS1
1540241,2276,0.51,Very Good,E,VVS1
1540261,2459,0.56999999999999995,Ideal,F,VVS1
1540262,4035,0.7,Ideal,F,VVS1
1541168,2523,0.7,Ideal,G,VS2
1541997,2425,0.71,Ideal,H,VS1
1542100,4329,0.81,Ideal,E,VS2
1542113,2449,0.55000000000000004,Ideal,F,VVS1
1542122,3696,0.7,Ideal,F,VVS1
1542129,3639,0.7,Ideal,E,VVS2
1542133,3159,0.81,Ideal,E,SI2
1542156,2134,0.71,Good,G,SI1
1542160,2211,0.6,Very Good,D,VS2
1542162,2073,0.7,Good,G,SI1
1542163,2024,0.7,Very Good,G,SI2
1542165,3456,0.8,Good,F,VS2
1542171,3401,0.7,Ideal,F,VVS2
1542179,2646,0.81,Very Good,F,SI2
1542182,2032,0.7,Very Good,G,SI2
1542188,2032,0.7,Very Good,G,SI2
1542195,2900,0.7,Ideal,F,VS2
1542201,2419,0.72,Ideal,G,SI1
1542206,3788,0.72,Ideal,E,VVS2
1542208,2267,0.53,Ideal,F,VVS1
1542233,2449,0.55000000000000004,Ideal,F,VVS1
1542235,4063,0.8,Ideal,E,VS2
1542244,3018,0.72,Ideal,F,VS2
1542252,2612,0.56999999999999995,Ideal,F,VVS1
1542260,2226,0.54,Ideal,F,VVS2
1542265,2449,0.55000000000000004,Ideal,F,VVS1
1542271,2060,0.71,Very Good,G,SI2
1542282,4140,0.7,Ideal,D,VVS2
1542286,2882,0.62,Ideal,F,VVS1
1542293,2526,0.65,Ideal,G,VS1
1542305,2105,0.8,Very Good,I,SI2
1542323,3639,0.7,Ideal,E,VVS2
1542324,3401,0.7,Ideal,F,VVS2
1542332,2226,0.54,Ideal,F,VVS2
1542344,2900,0.7,Ideal,F,VS2
1542346,3738,0.71,Ideal,E,VVS2
1542349,2493,0.8,Very Good,H,SI2
1542358,3696,0.7,Ideal,F,VVS1
1542361,2794,0.6,Ideal,E,VVS2
1542364,2466,0.6,Ideal,D,VS1
1542377,2394,0.71,Ideal,I,VS1
1542389,2818,0.8,Ideal,H,SI1
1542392,2084,0.6,Ideal,G,VS1
1542393,3570,0.8,Ideal,E,SI1
1542394,3018,0.72,Ideal,F,VS2
1542401,2900,0.7,Ideal,F,VS2
1542407,2612,0.56999999999999995,Ideal,F,VVS1
1542411,3895,0.7,Ideal,E,VVS1
1542414,3289,0.71,Ideal,F,VS1
1542420,2032,0.7,Very Good,G,SI2
1542432,2900,0.7,Ideal,F,VS2
1542442,3205,0.7,Ideal,F,VS1
1542445,2267,0.53,Ideal,F,VVS1
1542448,3559,0.7,Ideal,D,VS1
1542451,2900,0.7,Ideal,F,VS2
1542452,2262,0.6,Ideal,D,VS2
1542463,3639,0.7,Ideal,E,VVS2
1542469,3205,0.7,Ideal,F,VS1
1542470,2974,0.81,Ideal,F,SI2
1542475,2762,0.64,Ideal,D,VS1
1542479,3205,0.7,Ideal,F,VS1
1542481,2656,0.57999999999999996,Ideal,F,VVS1
1542483,2900,0.7,Ideal,F,VS2
1542488,3005,0.81,Very Good,G,VS2
1542489,4481,0.8,Very Good,E,VVS2
1542494,4308,0.72,Ideal,D,VVS2
1542498,3788,0.72,Ideal,E,VVS2
1542503,2612,0.56999999999999995,Ideal,F,VVS1
1542505,3738,0.71,Ideal,E,VVS2
1542526,3639,0.7,Ideal,E,VVS2
1542529,2113,0.7,Good,G,SI1
1542532,3550,0.8,Ideal,E,SI1
1542545,2011,0.51,Ideal,D,VS2
1542578,2523,0.81,Very Good,H,SI2
1542587,2073,0.7,Good,G,SI1
1542589,4251,0.71,Ideal,D,VVS2
1542608,2032,0.7,Very Good,G,SI2
1542616,2263,0.8,Ideal,I,SI2
1542627,2483,0.6,Ideal,D,VS2
1542642,3401,0.7,Ideal,F,VVS2
1542649,3639,0.7,Ideal,E,VVS2
1542653,2109,0.71,Ideal,I,SI1
1542654,2694,0.6,Ideal,E,VVS2
1542681,2491,0.56000000000000005,Ideal,F,VVS1
1542684,3494,0.71,Ideal,F,VVS2
1542705,2449,0.55000000000000004,Ideal,F,VVS1
1542711,3038,0.7,Ideal,F,VS1
1542714,4933,0.81,Ideal,E,VVS2
1542721,4140,0.7,Ideal,D,VVS2
1542722,2226,0.54,Ideal,F,VVS2
1542724,2419,0.72,Ideal,G,SI1
1542728,2253,0.7,Ideal,G,SI1
1542734,2519,0.64,Ideal,F,VS1
1542745,3401,0.7,Ideal,F,VVS2
1542751,3483,0.8,Very Good,E,SI1
1542759,2397,0.63,Ideal,F,VS1
1542765,2226,0.54,Ideal,F,VVS2
1542766,3639,0.7,Ideal,E,VVS2
1542767,3639,0.7,Ideal,E,VVS2
1542778,2019,0.5,Ideal,D,VS1
1542797,3639,0.7,Ideal,E,VVS2
1542798,2226,0.52,Ideal,F,VVS1
1542807,3494,0.71,Ideal,F,VVS2
1542808,3264,0.8,Ideal,F,SI1
1542810,4140,0.7,Ideal,D,VVS2
1542816,4627,0.8,Very Good,F,VVS1
1542820,3531,0.82,Ideal,F,SI1
1542822,3544,0.7,Ideal,F,VVS1
1543045,2280,0.72,Very Good,H,SI1
1543065,4327,0.8,Ideal,G,VS1
1543079,4168,0.82,Ideal,F,VS2
1543316,4236,0.7,Very Good,D,VVS1
1543332,2190,0.5,Good,E,VVS1
1543719,2834,0.61,Ideal,G,IF
1543899,2791,0.6,Ideal,G,IF
1544192,2036,0.5,Ideal,E,VVS2
1544196,2481,0.5,Very Good,E,IF
1544218,3405,0.74,Ideal,G,VVS1
1544242,2147,0.51,Ideal,E,VVS2
1544285,2107,0.51,Ideal,E,VVS2
1544286,2021,0.52,Ideal,F,VVS2
1544287,2000,0.53,Ideal,G,VVS2
1544288,2966,0.7,Very Good,H,VVS1
1544338,2088,0.54,Very Good,F,VVS2
1544342,3147,0.73,Very Good,F,VS1
1544343,2785,0.73,Ideal,H,VVS2
1544403,3030,0.56999999999999995,Ideal,D,VVS1
1544404,2896,0.71,Very Good,F,VS1
1544406,2649,0.7,Very Good,H,VVS2
1544411,2649,0.5,Very Good,D,VVS1
1544457,2040,0.51,Ideal,F,VVS2
1544458,2779,0.52,Ideal,D,VVS1
1544459,2074,0.53,Ideal,H,VVS1
1544464,2420,0.56999999999999995,Very Good,F,VVS1
1544465,2368,0.61,Very Good,G,VVS2
1544467,2166,0.5,Very Good,F,VVS1
1544498,2210,0.52,Very Good,F,VVS1
1544519,3199,0.7,Very Good,G,VVS1
1544520,3662,0.73,Very Good,F,VVS1
1544530,2106,0.5,Ideal,E,VVS2
1544535,2166,0.5,Very Good,F,VVS1
1544554,2969,0.73,Very Good,G,VS1
1544582,2256,0.5,Ideal,E,VVS1
1544601,2067,0.5,Ideal,E,VVS2
1544853,2403,0.5,Ideal,E,VVS1
1545055,2708,0.5,Very Good,D,VVS1
1545090,4309,1.1200000000000001,Good,J,SI1
1545148,3354,0.71,Ideal,F,VVS2
1545153,2406,0.54,Ideal,F,VVS1
1545224,2533,0.56999999999999995,Ideal,F,VVS1
1546600,3702,0.72,Ideal,G,IF
1546669,2033,0.57999999999999996,Good,E,VS1
1546704,3467,0.71,Very Good,E,VS1
1546885,2057,0.5,Good,F,VVS2
1547220,2093,0.56999999999999995,Very Good,D,VS1
1547288,3659,1.01,Good,J,SI2
1547380,2569,0.7,Very Good,F,SI1
1547964,2198,0.5,Ideal,F,VVS1
1548136,4431,1.01,Ideal,J,SI2
1548247,4132,0.9,Very Good,H,VS2
1548326,3259,0.81,Ideal,D,SI2
1548328,3387,0.81,Ideal,F,SI1
1549572,2128,0.7,Very Good,G,SI1
1549753,2298,0.7,Very Good,I,VVS1
1550168,2898,0.64,Very Good,F,IF
1550717,2421,0.54,Signature Ideal,G,VVS1
1551107,3441,0.71,Ideal,G,IF
1551925,3981,0.69,Ideal,F,VVS1
1555953,4289,1.01,Good,F,SI2
1555954,4878,0.97,Ideal,H,SI1
1556055,4089,0.9,Ideal,E,SI2
1556206,2594,0.7,Very Good,F,VS2
1556221,2236,0.7,Very Good,F,SI2
1556222,2402,0.71,Good,E,SI2
1556226,4688,0.84,Very Good,E,VS2
1556231,2479,0.65,Very Good,E,SI1
1556235,2535,0.73,Very Good,E,SI2
1556236,3667,0.81,Very Good,E,VS2
1556240,2236,0.7,Ideal,F,SI2
1556242,2428,0.74,Good,F,SI2
1556247,2267,0.71,Very Good,F,SI2
1556949,3611,0.91,Very Good,F,SI2
1556976,3970,0.91,Very Good,F,SI1
1557000,3493,0.92,Very Good,F,SI2
1557015,2125,0.62,Ideal,H,VS1
1557128,4139,0.96,Very Good,H,SI2
1557184,3072,0.9,Very Good,H,SI2
1557244,3678,0.7,Very Good,E,VVS1
1557245,2362,0.71,Ideal,H,SI1
1557247,2141,0.56999999999999995,Ideal,D,VS2
1557264,4307,0.91,Ideal,G,SI1
1557349,2751,0.7,Very Good,E,VS2
1557627,2119,0.52,Very Good,E,VVS2
1558901,4280,1,Very Good,J,SI2
1559080,3474,0.51,Ideal,D,IF
1559233,2305,0.55000000000000004,Signature Ideal,G,VVS2
1559234,2305,0.55000000000000004,Signature Ideal,G,VVS2
1559289,2635,0.59,Signature Ideal,G,VVS1
1559311,2335,0.52,Signature Ideal,G,VVS1
1559335,2507,0.56000000000000005,Signature Ideal,G,VVS1
1559354,2224,0.53,Signature Ideal,G,VVS2
1559358,2091,0.55000000000000004,Signature Ideal,G,VS1
1559393,2464,0.55000000000000004,Signature Ideal,G,VVS1
1560662,2364,0.53,Ideal,F,VVS1
1562132,2157,0.61,Very Good,F,VS1
1562190,4033,0.9,Very Good,F,SI1
1562294,2739,0.8,Ideal,J,VVS1
1562302,2965,0.81,Ideal,F,SI2
1562358,2895,0.71,Very Good,E,VS1
1562375,3731,0.74,Ideal,F,VVS2
1562546,3733,0.9,Ideal,H,SI2
1562579,3368,0.8,Good,F,VS2
1562584,2947,0.8,Good,I,VVS2
1562591,2934,0.7,Very Good,E,VS2
1562600,2062,0.71,Very Good,J,IF
1562845,3626,0.8,Ideal,H,VVS2
1562861,3127,0.7,Very Good,H,VVS1
1562866,4016,0.7,Ideal,E,VVS1
1562891,2733,0.5,Very Good,D,VVS1
1563531,3009,0.74,Ideal,E,SI1
1563532,2528,0.72,Ideal,E,SI2
1563536,2330,0.7,Very Good,H,VS2
1563540,2291,0.71,Very Good,G,SI1
1563797,2315,0.7,Very Good,F,SI1
1563869,4781,0.8,Very Good,E,VVS1
1563889,2947,0.8,Very Good,I,VS1
1565570,2327,0.56999999999999995,Ideal,E,VVS2
1565577,2223,0.52,Very Good,D,VVS2
1565723,2683,0.52,Ideal,D,VVS1
1566320,2682,0.6,Very Good,D,VVS2
1566373,2821,0.53,Ideal,D,VVS1
1566497,2303,0.7,Good,G,SI1
1566707,2718,0.71,Very Good,H,VVS2
1566716,2052,0.7,Very Good,H,SI1
1566749,2352,0.7,Very Good,E,SI2
1566769,2236,0.51,Very Good,F,VVS1
1566787,2194,0.5,Good,E,VVS1
1566800,4850,0.91,Very Good,H,VS1
1566847,2901,0.57999999999999996,Very Good,E,VVS1
1566918,3077,0.7,Good,F,VVS2
1566919,2178,0.5,Very Good,E,VVS1
1566930,2042,0.5,Good,E,VVS2
1566947,2067,0.51,Very Good,F,VVS2
1566955,3340,0.7,Good,F,VVS2
1566979,2876,0.7,Ideal,H,VVS2
1567008,2709,0.56000000000000005,Very Good,E,VVS1
1567771,2895,0.9,Very Good,J,VS1
1567788,4104,0.92,Good,D,SI1
1567885,4605,1,Good,J,VS1
1567905,4382,0.91,Very Good,D,SI1
1567958,3257,0.9,Good,I,VS1
1568064,3205,0.9,Very Good,G,SI2
1568239,2567,0.9,Fair,I,SI1
1568244,3515,0.91,Good,D,SI2
1569299,2541,0.7,Very Good,F,VS2
1569782,2276,0.5,Ideal,D,VVS2
1570487,2402,0.68,Good,D,VS2
1570560,2007,0.59,Good,D,VS2
1570754,2621,0.5,Very Good,E,IF
1571609,4660,0.74,Signature Ideal,E,VS1
1571755,2357,0.6,Very Good,D,VS1
1571841,2363,0.55000000000000004,Ideal,E,VVS1
1572048,4695,0.91,Very Good,G,SI1
1572953,2138,0.51,Very Good,F,VVS1
1573442,2152,0.6,Very Good,F,VS1
1573443,2426,0.6,Very Good,G,VVS1
1573445,2255,0.7,Good,I,VVS2
1573449,3912,0.7,Very Good,F,IF
1573452,2112,0.54,Ideal,F,VVS2
1573565,2208,0.56000000000000005,Ideal,G,IF
1573659,2584,0.6,Ideal,H,IF
1573841,2270,0.51,Very Good,E,VVS2
1573843,3977,0.71,Very Good,E,VVS1
1573854,2854,0.7,Very Good,G,VS1
1573857,3856,0.91,Ideal,J,VVS1
1573862,2769,0.72,Very Good,H,VVS2
1573870,3956,0.73,Ideal,E,VVS2
1573891,3960,0.71,Very Good,E,VVS1
1573893,3401,0.7,Very Good,E,VS1
1573894,2175,0.5,Very Good,F,VVS1
1573917,2857,0.64,Ideal,G,IF
1573938,4669,0.91,Ideal,F,SI1
1573951,4453,0.92,Ideal,F,SI1
1573956,4669,0.91,Ideal,F,SI1
1573957,4081,0.9,Very Good,F,SI1
1573958,4191,0.91,Ideal,I,VS2
1573962,4743,0.9,Ideal,F,SI1
1573963,4743,0.9,Ideal,F,SI1
1573964,4147,0.9,Ideal,I,VS2
1573966,4743,0.9,Ideal,F,SI1
1573967,4669,0.91,Ideal,F,SI1
1574060,4463,1.02,Ideal,I,SI2
1574210,2981,0.71,Ideal,F,VS1
1574348,2772,0.71,Ideal,I,VVS1
1574357,2285,0.7,Good,G,VS2
1574363,3205,0.71,Very Good,F,VVS2
1574422,2293,0.7,Very Good,I,VVS1
1574442,2941,0.71,Ideal,F,VS1
1575164,3124,0.6,Very Good,D,VVS2
1575278,3112,0.61,Ideal,E,VVS2
1575336,2797,0.6,Very Good,D,VVS2
1575677,2173,0.5,Good,E,VVS1
1575718,3159,0.61,Very Good,E,VVS1
1575761,3405,0.7,Very Good,D,VVS2
1575878,3460,0.7,Very Good,E,VVS1
1575950,3185,0.61,Ideal,F,IF
1576037,3678,0.7,Very Good,E,VVS1
1576047,2474,0.5,Good,D,VVS1
1576256,3963,0.71,Ideal,D,VVS2
1576350,2137,0.5,Very Good,E,VVS1
1576668,2333,0.54,Ideal,F,VVS1
1576693,2137,0.5,Ideal,E,VVS2
1576715,3203,0.6,Ideal,F,IF
1576716,2738,0.6,Ideal,F,VVS2
1576737,2119,0.53,Ideal,F,VVS2
1576739,2041,0.51,Ideal,F,VVS2
1576745,2936,0.6,Ideal,F,VVS1
1576751,2137,0.5,Ideal,E,VVS2
1576759,3009,0.63,Ideal,E,VVS2
1576765,2051,0.53,Ideal,H,IF
1576798,2301,0.54,Ideal,E,VVS2
1576800,2503,0.53,Ideal,F,IF
1576814,2311,0.57999999999999996,Ideal,F,VVS2
1576836,2333,0.54,Ideal,E,VVS2
1576837,2024,0.54,Ideal,D,VS1
1576842,2178,0.51,Ideal,E,VVS2
1576844,2528,0.71,Ideal,H,VS1
1576849,2919,0.61,Ideal,E,VVS2
1576867,2158,0.54,Ideal,F,VVS2
1576870,2119,0.53,Ideal,F,VVS2
1576896,2957,0.6,Ideal,E,VVS2
1576906,2847,0.55000000000000004,Ideal,D,VVS1
1576918,2579,0.62,Ideal,H,IF
1576969,3276,0.7,Very Good,F,VVS1
1577300,2784,0.7,Ideal,H,VS1
1577304,3724,0.76,Ideal,G,VVS2
1577305,4014,0.71,Ideal,F,VVS1
1577320,2443,0.51,Ideal,E,VVS2
1577322,3011,0.56000000000000005,Ideal,D,VVS2
1577343,3901,0.7,Ideal,G,IF
1577349,3139,0.75,Ideal,H,VS1
1577361,2534,0.53,Ideal,E,VVS2
1577364,2352,0.51,Ideal,G,IF
1577369,4144,0.76,Ideal,G,VVS1
1577395,3722,0.75,Ideal,G,VVS2
1577407,2443,0.51,Ideal,E,VVS2
1577409,3147,0.72,Ideal,G,VS1
1577419,3154,0.71,Ideal,H,VVS2
1577421,2965,0.64,Ideal,H,IF
1577428,4579,0.75,Ideal,D,VS1
1577463,2756,0.7,Ideal,G,VS2
1577481,2756,0.7,Ideal,G,VS2
1578015,2880,0.53,Signature Ideal,D,VVS2
1578026,2533,0.52,Signature Ideal,G,IF
1578028,2464,0.55000000000000004,Signature Ideal,G,VVS1
1578138,2626,0.54,Signature Ideal,G,IF
1578167,2421,0.54,Signature Ideal,G,VVS1
1578238,3699,0.71,Signature Ideal,H,IF
1578260,2421,0.54,Signature Ideal,G,VVS1
1578332,2265,0.54,Signature Ideal,G,VVS2
1578368,2729,0.54,Signature Ideal,F,VVS1
1578370,2396,0.55000000000000004,Signature Ideal,G,IF
1578441,4441,0.8,Very Good,F,VVS2
1578678,4257,0.81,Ideal,G,VVS2
1578975,3492,0.81,Ideal,H,VS2
1579026,3588,0.71,Ideal,F,VVS2
1579035,3540,0.7,Ideal,F,VVS2
1579168,3796,0.72,Ideal,F,VVS1
1579174,2643,0.7,Ideal,G,VS2
1579309,2584,0.53,Ideal,E,IF
1579331,2660,0.5,Very Good,D,VVS1
1579332,2753,0.5,Ideal,D,VVS1
1579334,2839,0.54,Ideal,D,VVS1
1579507,2166,0.5,Very Good,E,VVS2
1579514,2228,0.59,Ideal,E,VS1
1579530,4495,0.72,Ideal,E,IF
1579535,2649,0.5,Very Good,D,VVS1
1579608,2580,0.5,Ideal,E,IF
1579632,2365,0.51,Ideal,E,VVS1
1579659,2328,0.5,Very Good,D,VVS2
1579820,2328,0.5,Very Good,D,VVS2
1579821,2542,0.54,Ideal,D,VVS2
1579864,2321,0.52,Ideal,E,VVS2
1579951,2103,0.6,Very Good,E,VS2
1579970,3632,0.71,Ideal,F,VVS1
1579980,2328,0.5,Very Good,D,VVS2
1580083,2629,0.51,Ideal,E,IF
1580088,2631,0.56000000000000005,Ideal,E,VVS1
1580094,2249,0.52,Ideal,F,VVS1
1580095,2419,0.5,Very Good,D,VVS1
1580136,2437,0.5,Very Good,E,IF
1580150,3242,0.7,Ideal,E,VS1
1580165,2921,0.56999999999999995,Ideal,E,IF
1580166,2550,0.72,Ideal,I,VVS1
1580257,2240,0.51,Ideal,F,VVS1
1580274,2575,0.57999999999999996,Ideal,E,VVS2
1580406,2585,0.56000000000000005,Very Good,E,VVS1
1580448,2206,0.5,Ideal,E,VVS2
1580574,2103,0.6,Very Good,E,VS2
1580610,2406,0.54,Ideal,E,VVS2
1580623,2587,0.55000000000000004,Ideal,D,VVS2
1580624,2667,0.56000000000000005,Ideal,D,VVS2
1580625,2724,0.59,Ideal,D,VVS2
1580627,2206,0.5,Ideal,E,VVS2
1580629,3253,0.7,Very Good,E,VS1
1580658,2449,0.55000000000000004,Ideal,E,VVS2
1581457,2365,0.55000000000000004,Ideal,E,VVS2
1581509,2208,0.7,Very Good,E,SI2
1581595,2347,0.71,Very Good,F,SI1
1581845,2206,0.5,Ideal,E,VVS2
1581853,3106,0.7,Ideal,G,VVS2
1581880,2910,0.63,Ideal,G,IF
1581887,2715,0.56999999999999995,Ideal,F,VVS1
1581891,2103,0.51,Ideal,G,VVS1
1581905,3433,0.7,Ideal,G,VVS1
1581928,3012,0.59,Ideal,E,VVS1
1581937,2166,0.55000000000000004,Ideal,G,VVS1
1581944,2431,0.55000000000000004,Ideal,G,IF
1581958,2624,0.57999999999999996,Ideal,G,IF
1581962,2715,0.56999999999999995,Ideal,E,VVS2
1581970,2571,0.7,Ideal,F,SI1
1581985,2279,0.5,Ideal,G,IF
1582026,2348,0.56000000000000005,Ideal,E,VVS2
1582047,2029,0.5,Ideal,G,VVS1
1582059,2560,0.62,Ideal,G,VVS1
1582070,2559,0.55000000000000004,Ideal,F,VVS1
1582084,3388,0.7,Ideal,H,IF
1582085,4266,0.7,Ideal,D,VVS2
1582097,2855,0.55000000000000004,Ideal,D,VVS2
1582104,2112,0.54,Ideal,H,VVS1
1582110,2823,0.61,Ideal,G,IF
1582112,2253,0.51,Ideal,G,IF
1582118,2048,0.53,Ideal,D,VS2
1582120,2408,0.56999999999999995,Ideal,F,VVS2
1582121,2054,0.5,Ideal,H,IF
1582122,4545,0.72,Ideal,D,VVS1
1582125,2515,0.51,Ideal,D,VVS2
1583330,3201,0.7,Ideal,D,VS2
1583343,3022,0.74,Ideal,E,SI1
1583386,2183,0.63,Ideal,H,VS1
1583387,3839,0.76,Ideal,G,VVS1
1583392,3791,0.75,Ideal,G,VVS1
1583393,2275,0.65,Ideal,H,VS1
1583399,2971,0.71,Ideal,G,VS1
1583424,2759,0.66,Ideal,G,VVS2
1583425,2331,0.63,Ideal,H,VVS2
1583432,2367,0.64,Ideal,H,VVS2
1583437,2700,0.63,Ideal,F,VS1
1583457,3534,0.76,Very Good,F,VS1
1583467,2192,0.7,Very Good,I,VS1
1583554,2877,0.81,Very Good,G,SI2
1583590,2084,0.59,Very Good,D,VS1
1583594,2235,0.71,Very Good,G,SI1
1583653,2101,0.72,Very Good,F,SI2
1583714,2949,0.56000000000000005,Very Good,D,VVS2
1583726,2873,0.6,Very Good,D,VVS2
1583727,3860,0.8,Ideal,G,VS1
1583982,2590,0.62,Very Good,H,IF
1584081,2238,0.71,Ideal,H,SI1
1584082,2466,0.7,Ideal,H,VS2
1584083,2284,0.7,Ideal,G,SI1
1584084,2269,0.71,Very Good,G,SI1
1584113,3737,0.74,Very Good,F,VVS1
1584114,4191,0.73,Signature Ideal,F,VVS2
1584123,3236,0.8,Ideal,I,VS1
1584332,2592,0.8,Ideal,I,SI1
1584386,3673,0.71,Ideal,D,VVS2
1584645,2733,0.5,Ideal,D,VVS1
1584649,3019,0.56000000000000005,Ideal,D,VVS1
1584664,2406,0.54,Very Good,E,VVS2
1584769,2733,0.5,Ideal,D,VVS1
1584781,2173,0.5,Good,E,VVS1
1585602,2191,0.56000000000000005,Ideal,G,VVS2
1585619,4302,0.91,Very Good,D,SI2
1585620,3602,0.9,Very Good,G,SI2
1585626,2913,0.72,Ideal,G,VS2
1585633,2360,0.55000000000000004,Ideal,G,VVS1
1585653,3897,0.9,Very Good,E,SI2
1585779,4753,0.9,Very Good,E,VS2
1585790,4991,0.91,Ideal,D,SI1
1585883,3427,0.7,Very Good,E,VVS1
1585885,3976,0.71,Ideal,F,VVS1
1585887,2911,0.71,Very Good,F,VS1
1585890,3475,0.71,Ideal,D,VS2
1585892,3080,0.7,Very Good,E,VS1
1585894,4981,0.91,Ideal,E,SI1
1585895,3190,0.7,Ideal,H,VVS1
1585896,2896,0.72,Very Good,G,VVS2
1585897,3256,0.73,Good,F,VVS2
1585899,3609,0.7,Ideal,F,VVS2
1585949,4027,0.7,Signature Ideal,E,VVS2
1585987,4660,1.01,Very Good,J,VS2
1586029,2511,0.55000000000000004,Ideal,F,VVS2
1586909,3733,0.9,Ideal,H,SI2
1586919,4017,1,Very Good,J,SI1
1586985,3637,0.9,Very Good,I,VS1
1588759,4586,0.9,Ideal,H,VS1
1588989,2850,0.7,Very Good,E,VS2
1589242,2960,0.78,Very Good,I,VVS2
1589266,2734,0.72,Good,G,VS2
1589275,4749,1,Good,I,SI1
1589705,3086,0.65,Very Good,E,VVS2
1589751,3664,0.75,Very Good,D,VS2
1589773,2434,0.55000000000000004,Ideal,D,VVS2
1589774,2098,0.7,Very Good,G,SI1
1589779,2551,0.62,Ideal,G,IF
1589780,2104,0.66,Ideal,D,SI1
1589783,2326,0.71,Very Good,E,SI1
1589788,4361,1.01,Very Good,I,SI2
1589794,2187,0.77,Very Good,H,SI2
1589795,4300,0.9,Good,F,VS2
1589805,2919,0.92,Very Good,J,SI1
1589815,4293,0.91,Very Good,E,SI1
1590018,2883,0.91,Very Good,I,SI2
1590238,2616,0.74,Ideal,D,SI1
1590577,2899,0.82,Ideal,I,VS1
1590597,2408,0.6,Very Good,G,VVS1
1590613,4054,0.9,Ideal,E,SI2
1590616,3594,0.76,Very Good,F,VS1
1590840,4049,0.71,Signature Ideal,F,VS1
1590843,3515,0.77,Ideal,G,VVS2
1590847,2035,0.7,Very Good,G,SI1
1590848,2668,0.91,Very Good,J,SI2
1590854,3091,0.9,Very Good,J,VS2
1590858,4829,0.75,Ideal,D,VVS2
1590872,3461,0.72,Very Good,F,VVS1
1590879,3484,0.75,Ideal,E,VS2
1590968,3618,0.91,Very Good,I,VS2
1590988,4586,0.9,Very Good,F,VS2
1590989,4661,0.9,Very Good,H,VVS2
1590992,4031,0.9,Very Good,F,SI1
1590993,3722,0.93,Very Good,E,SI2
1590997,4108,0.9,Very Good,H,VS2
1591002,3608,0.9,Very Good,E,SI2
1591007,4514,0.9,Ideal,E,SI1
1591012,4382,0.9,Very Good,H,VS1
1591017,3828,0.91,Very Good,I,VS1
1591019,4031,0.9,Very Good,F,SI1
1591051,2675,0.73,Ideal,F,SI1
1591489,2828,0.71,Very Good,D,SI1
1591516,3212,0.71,Very Good,D,VS1
1591538,3195,0.71,Very Good,E,VS1
1591544,2961,0.7,Very Good,D,VS2
1592411,2939,0.54,Ideal,D,VVS1
1592511,2997,0.8,Ideal,I,VS1
1592558,4198,0.8,Ideal,H,IF
1593019,2850,0.7,Very Good,E,VS2
1593112,2511,0.7,Very Good,E,SI1
1593113,2939,0.7,Very Good,F,VS1
1593206,2089,0.5,Very Good,E,VVS1
1593406,2459,0.7,Ideal,F,SI1
1593527,2888,0.53,Ideal,D,VVS1
1594251,2048,0.52,Signature Ideal,H,VVS1
1594366,4347,1.03,Very Good,H,SI2
1594777,4045,1.04,Very Good,J,SI2
1594933,2170,0.51,Signature Ideal,G,VVS1
1594936,2224,0.52,Signature Ideal,H,IF
1595002,3503,0.91,Very Good,D,SI2
1595032,2895,0.9,Very Good,J,VS1
1595091,3238,0.91,Very Good,G,SI2
1595125,4381,0.9,Very Good,E,SI1
1595129,3405,0.9,Very Good,J,VVS1
1595140,2937,0.9,Very Good,J,VS1
1595142,3993,0.91,Ideal,J,VVS2
1595487,4594,0.92,Very Good,H,VVS2
1595895,2136,0.59,Good,E,VVS2
1595948,2030,0.5,Ideal,F,VVS2
1595961,2009,0.5,Very Good,F,VVS2
1595976,2046,0.5,Ideal,D,VS1
1595979,2044,0.5,Ideal,F,VVS1
1595988,3059,0.9,Very Good,J,VS2
1595989,4204,0.9,Good,I,VVS1
1595990,3131,0.9,Very Good,I,SI1
1595991,3618,0.91,Very Good,I,VS2
1595993,3278,0.9,Very Good,J,VS1
1595995,2600,0.9,Good,J,SI1
1595996,3707,0.92,Very Good,J,VVS2
1595997,3491,0.91,Good,I,VS1
1595999,3091,0.91,Very Good,J,VS2
1596000,3481,0.9,Good,J,VVS1
1596002,3942,0.9,Very Good,J,VVS1
1596004,2736,0.9,Very Good,I,SI2
1596007,3202,0.9,Very Good,J,VS1
1596017,3394,0.9,Good,F,SI2
1596020,4112,0.92,Good,H,VS1
1596023,4510,0.9,Good,E,VS2
1596024,3144,0.9,Good,G,SI2
1596025,4358,0.91,Good,F,VS2
1596027,4313,0.9,Good,F,VS2
1596028,4893,0.92,Very Good,D,VS2
1596029,4510,0.9,Good,E,VS2
1596062,3124,0.91,Very Good,I,SI2
1596182,2378,0.72,Ideal,F,SI1
1596203,2296,0.65,Ideal,F,VS2
1596205,2115,0.51,Ideal,F,VVS1
1596297,2353,0.56999999999999995,Ideal,F,VVS1
1596350,2236,0.7,Ideal,H,SI1
1596394,3274,0.65,Ideal,D,VVS2
1596710,3108,0.71,Very Good,F,VS1
1596745,2510,0.71,Ideal,E,SI1
1596767,2109,0.7,Very Good,E,SI2
1596775,2084,0.7,Very Good,H,SI1
1596782,3605,0.9,Very Good,I,VS2
1596785,2100,0.72,Very Good,F,SI2
1596804,3382,0.82,Ideal,I,VVS1
1597283,2827,0.74,Ideal,F,SI1
1597288,2333,0.71,Ideal,F,SI2
1597290,3607,0.7,Ideal,D,VS2
1597941,3523,0.71,Ideal,D,VS2
1598586,2458,0.72,Ideal,G,SI1
1598641,3747,0.63,Ideal,D,VVS1
1598901,4480,0.9,Good,G,VS2
1598905,2082,0.65,Very Good,F,SI2
1599169,2249,0.64,Very Good,D,SI1
1599216,3807,0.9,Very Good,D,SI2
1599879,3389,0.7,Very Good,E,VVS2
1600030,2733,0.5,Very Good,D,VVS1
1600355,3887,0.76,Very Good,H,IF
1600585,3454,0.7,Very Good,F,VVS1
1600600,2991,0.63,Signature Ideal,G,VVS1
1600641,2377,0.51,Ideal,D,VVS2
1602402,2156,0.53,Ideal,F,VVS2
1602411,3608,0.67,Ideal,F,IF
1602412,2859,0.64,Ideal,G,IF
1602413,2901,0.65,Ideal,G,IF
1602415,2434,0.63,Ideal,G,VVS2
1602416,2544,0.63,Ideal,H,IF
1602417,2521,0.61,Ideal,G,VVS1
1602468,2164,0.56999999999999995,Ideal,H,IF
1602486,4308,0.73,Ideal,D,VVS2
1602492,2398,0.62,Ideal,G,VVS2
1602493,2468,0.61,Ideal,H,IF
1602494,2468,0.61,Ideal,H,IF
1602495,2506,0.62,Ideal,H,IF
1602557,2227,0.55000000000000004,Ideal,F,VVS2
1602561,2045,0.54,Ideal,G,VVS2
1602569,2434,0.63,Ideal,G,VVS2
1602615,2016,0.53,Ideal,H,IF
1602625,4059,0.74,Ideal,E,VVS2
1602626,4007,0.73,Ideal,E,VVS2
1602635,2666,0.63,Ideal,G,VVS1
1602637,3088,0.75,Ideal,I,IF
1602645,2640,0.73,Ideal,F,SI1
1602660,3221,0.91,Very Good,I,SI1
1602696,2621,0.65,Ideal,H,IF
1602697,3051,0.78,Ideal,I,VVS1
1602710,3454,0.64,Ideal,F,IF
1602764,2211,0.56999999999999995,Ideal,G,VVS1
1602771,2211,0.56999999999999995,Ideal,G,VVS1
1602774,2211,0.56999999999999995,Ideal,G,VVS1
1602776,2156,0.53,Ideal,F,VVS2
1602783,4853,0.62,Very Good,D,IF
1602784,2733,0.61,Ideal,G,IF
1602796,2484,0.73,Ideal,E,SI2
1602804,2901,0.91,Very Good,J,VS2
1602844,2127,0.56000000000000005,Ideal,H,IF
1602845,2621,0.65,Ideal,H,IF
1602847,2484,0.73,Ideal,E,SI2
1602849,2706,0.64,Ideal,G,VVS1
1602862,3454,0.64,Ideal,F,IF
1602863,2859,0.64,Ideal,G,IF
1602865,2398,0.62,Ideal,G,VVS2
1602867,2468,0.61,Ideal,H,IF
1602918,2077,0.51,Ideal,F,VVS2
1602919,2227,0.55000000000000004,Ideal,F,VVS2
1602925,2375,0.55000000000000004,Ideal,F,VVS1
1602928,2666,0.63,Ideal,G,VVS1
1602930,2733,0.61,Ideal,G,IF
1602932,2627,0.61,Ideal,F,VVS2
1602937,2941,0.75,Ideal,I,VVS1
1602979,2200,0.57999999999999996,Ideal,H,IF
1604325,3835,0.8,Ideal,H,VVS2
1604348,2303,0.52,Ideal,F,VVS2
1604389,2640,0.52,Ideal,E,VVS1
1604392,3154,0.71,Ideal,I,IF
1604400,4437,0.73,Ideal,F,IF
1604407,2045,0.51,Ideal,E,VS1
1604420,2474,0.5,Good,D,VVS1
1604437,2173,0.5,Good,D,VVS2
1604475,2215,0.51,Good,E,VVS1
1604479,3209,0.57999999999999996,Ideal,D,VVS1
1604480,2514,0.6,Ideal,G,VVS1
1604486,2173,0.5,Good,E,VVS1
1604786,2014,0.6,Ideal,F,VS2
1604912,2916,0.75,Ideal,E,SI1
1604942,2517,0.72,Very Good,D,SI1
1605291,2435,0.65,Very Good,E,VS1
1605318,3006,0.7,Very Good,D,VS2
1605365,2793,0.71,Ideal,G,VS2
1605366,3679,0.74,Ideal,F,VVS2
1605367,2331,0.7,Ideal,F,SI2
1606088,2384,0.6,Ideal,G,VVS2
1606089,2384,0.6,Ideal,G,VVS2
1606113,3089,0.72,Ideal,H,VVS1
1606115,3788,0.72,Ideal,E,VVS2
1606116,3689,0.7,Ideal,E,VVS2
1606118,2363,0.71,Ideal,I,VS1
1606132,2482,0.6,Ideal,G,VVS1
1606134,2384,0.6,Ideal,G,VVS2
1606140,2063,0.5,Ideal,G,VVS1
1606142,2331,0.7,Ideal,I,VS1
1606145,2661,0.6,Ideal,F,VVS2
1606146,2384,0.6,Ideal,G,VVS2
1606164,2331,0.7,Ideal,I,VS1
1606176,2013,0.6,Very Good,E,VS2
1606178,2063,0.5,Ideal,G,VVS1
1606182,2038,0.5,Ideal,F,VVS2
1606188,3009,0.7,Ideal,H,VVS1
1606195,3592,0.9,Very Good,H,SI1
1606200,2503,0.7,Ideal,I,VVS2
1606202,2331,0.7,Ideal,I,VS1
1606203,2331,0.7,Ideal,I,VS1
1606215,2949,0.6,Very Good,D,VVS2
1606231,3244,0.71,Ideal,H,IF
1606232,2687,0.71,Ideal,I,IF
1606245,3090,0.71,Ideal,H,VVS1
1606246,2435,0.7,Ideal,I,VVS2
1606256,2500,0.6,Ideal,H,IF
1606257,2384,0.6,Ideal,G,VVS2
1606268,2198,0.5,Ideal,F,VVS1
1606269,2063,0.5,Ideal,G,VVS1
1606270,2255,0.6,Very Good,E,VS1
1606271,2063,0.5,Ideal,G,VVS1
1606275,2384,0.6,Ideal,G,VVS2
1606282,2665,0.72,Ideal,E,SI1
1606293,2331,0.7,Ideal,I,VS1
1606302,2661,0.6,Ideal,F,VVS2
1606303,2661,0.6,Ideal,F,VVS2
1606304,2384,0.6,Ideal,G,VVS2
1606305,2255,0.6,Very Good,E,VS1
1606310,2482,0.6,Ideal,G,VVS1
1606326,3025,0.9,Ideal,J,SI1
1606329,3090,0.71,Ideal,H,VVS1
1606332,2363,0.71,Ideal,I,VS1
1606343,2779,0.6,Ideal,G,IF
1606344,3086,0.6,Ideal,D,VVS2
1606345,2384,0.6,Ideal,G,VVS2
1606350,2063,0.5,Ideal,G,VVS1
1606354,2657,0.71,Ideal,I,VVS1
1606360,3244,0.71,Ideal,H,IF
1606378,3126,0.6,Ideal,F,IF
1606381,2661,0.6,Ideal,F,VVS2
1606382,2384,0.6,Ideal,G,VVS2
1606392,2063,0.5,Ideal,G,VVS1
1607055,2734,0.52,Ideal,D,VVS1
1607079,3639,0.59,Ideal,E,IF
1607083,2099,0.52,Ideal,G,VVS1
1607296,4434,0.71,Ideal,F,IF
1607332,2515,0.55000000000000004,Ideal,E,VVS2
1607387,2627,0.54,Ideal,F,IF
1607493,2503,0.53,Ideal,F,IF
1607594,2406,0.54,Ideal,E,VVS2
1607616,2581,0.53,Ideal,F,IF
1607718,3540,0.75,Ideal,H,IF
1607739,2472,0.57999999999999996,Ideal,G,IF
1607774,2488,0.51,Ideal,F,IF
1607786,3838,0.72,Ideal,G,IF
1607917,2268,0.53,Ideal,G,IF
1607995,2840,0.56999999999999995,Ideal,F,IF
1608005,2581,0.53,Ideal,F,IF
1608054,3157,0.7,Ideal,H,IF
1608803,3430,0.72,Ideal,F,VS1
1609215,2296,0.55000000000000004,Signature Ideal,E,VS1
1609274,2305,0.55000000000000004,Signature Ideal,G,VVS2
1609318,2550,0.56999999999999995,Signature Ideal,G,VVS1
1609319,2335,0.52,Signature Ideal,G,VVS1
1609365,2049,0.51,Signature Ideal,G,VVS1
1609369,2371,0.57999999999999996,Signature Ideal,H,VVS1
1609406,2873,0.56999999999999995,Signature Ideal,E,VVS2
1609456,2410,0.59,Signature Ideal,H,VVS1
1609485,2284,0.52,Signature Ideal,H,IF
1609510,2626,0.54,Signature Ideal,G,IF
1609556,2063,0.51,Ideal,G,IF
1609601,2479,0.53,Signature Ideal,F,VVS2
1609731,2294,0.54,Signature Ideal,F,VVS2
1609854,2582,0.61,Very Good,F,VS1
1609881,2073,0.59,Very Good,F,VVS2
1609892,2882,0.7,Ideal,E,VS1
1609905,2056,0.5,Very Good,D,VVS2
1609906,2096,0.51,Very Good,D,VVS2
1609907,2185,0.53,Ideal,D,VVS2
1609913,2215,0.54,Very Good,E,VVS1
1609923,2702,0.71,Ideal,G,VS1
1609924,2056,0.5,Very Good,E,VVS1
1609928,2677,0.57999999999999996,Signature Ideal,F,VVS1
1610037,2424,0.55000000000000004,Signature Ideal,G,IF
1610070,2696,0.57999999999999996,Signature Ideal,E,VVS2
1610077,3458,0.7,Very Good,E,VVS1
1610090,2950,0.79,Ideal,I,VVS2
1610282,2472,0.62,Ideal,D,VS2
1610519,3345,0.7,Very Good,G,IF
1610527,4387,0.72,Signature Ideal,F,VVS2
1610528,2133,0.56000000000000005,Ideal,E,VVS2
1610530,2340,0.56000000000000005,Ideal,F,IF
1610557,2387,0.73,Very Good,E,SI1
1610575,2041,0.5,Good,D,VVS1
1610576,2176,0.53,Good,D,VVS2
1610590,2607,0.56000000000000005,Signature Ideal,E,VVS2
1610783,2921,0.71,Very Good,E,VS1
1610798,2303,0.56000000000000005,Ideal,E,VVS1
1610801,3108,0.72,Very Good,D,VS1
1610805,2334,0.51,Very Good,E,IF
1610947,4205,0.81,Ideal,H,IF
1611178,2340,0.56000000000000005,Ideal,F,IF
1611254,2448,0.51,Signature Ideal,D,VVS2
1611264,2586,0.54,Signature Ideal,E,VVS1
1611339,2440,0.72,Ideal,I,VVS1
1611377,2641,0.71,Very Good,E,VS2
1611393,2136,0.52,Very Good,E,VVS1
1611397,2609,0.56000000000000005,Signature Ideal,D,VS1
1611407,2676,0.72,Very Good,E,VS2
1611785,3577,0.71,Signature Ideal,E,VS2
1611835,3961,0.71,Signature Ideal,E,VS1
1611942,2677,0.56000000000000005,Signature Ideal,D,VVS2
1611946,3027,0.7,Very Good,D,VS1
1611963,2056,0.5,Ideal,D,VVS2
1612014,2417,0.52,Very Good,E,VVS1
1612016,2166,0.5,Ideal,F,VVS1
1612017,2406,0.54,Ideal,F,VVS1
1612025,2328,0.5,Very Good,D,VVS2
1612039,2321,0.5,Ideal,E,VVS1
1612069,2406,0.54,Ideal,F,VVS1
1612072,3399,0.91,Ideal,J,VVS2
1612085,2363,0.5,Ideal,E,VVS1
1612109,3296,0.71,Very Good,E,VS1
1612115,2001,0.5,Ideal,F,VVS2
1612125,2224,0.55000000000000004,Very Good,G,VVS1
1612126,2483,0.51,Very Good,E,IF
1612130,3176,0.71,Ideal,D,VS2
1612150,3025,0.6,Ideal,E,VVS1
1613015,2009,0.7,Very Good,F,SI2
1613032,2052,0.71,Very Good,G,SI2
1613035,3979,1,Good,J,SI1
1613154,2844,0.75,Ideal,I,VVS2
1613194,2728,0.57999999999999996,Ideal,E,VVS1
1613204,2675,0.71,Ideal,E,SI1
1613259,2408,0.56999999999999995,Ideal,F,VVS2
1613372,2398,0.5,Very Good,E,IF
1613400,2789,0.65,Ideal,G,VVS1
1613406,2861,0.64,Ideal,G,VVS1
1613408,2493,0.61,Ideal,H,VVS1
1613786,3059,0.71,Very Good,E,VS1
1613799,2854,0.77,Ideal,I,VS1
1613801,4831,1.03,Ideal,J,SI2
1613826,2458,0.7,Very Good,G,VS2
1613849,2488,0.73,Good,D,SI2
1613853,2103,0.73,Good,F,SI2
1613918,3461,0.6,Very Good,D,VVS1
1614249,3019,0.7,Very Good,G,VVS2
1614879,2459,0.7,Very Good,F,SI1
1614945,4108,0.9,Ideal,E,SI2
1615048,2617,0.6,Very Good,F,VVS2
1615140,2216,0.72,Ideal,F,SI2
1615641,3371,0.71,Very Good,F,VVS2
1615712,4067,0.72,Ideal,F,VVS1
1616192,3897,0.91,Good,E,SI1
1616666,3205,0.9,Very Good,G,SI2
1616912,3477,0.9,Good,E,SI1
1616914,4381,0.9,Very Good,E,SI1
1617256,4896,1.01,Very Good,J,VS1
1617366,2170,0.51,Very Good,F,VVS1
1617373,2827,0.6,Ideal,E,VVS2
1617418,3451,0.71,Very Good,D,VVS2
1617446,4056,0.8,Good,F,VVS1
1617467,3084,0.8,Ideal,E,SI2
1617476,3760,0.85,Very Good,E,SI1
1618427,3299,0.62,Very Good,D,VVS2
1618428,2363,0.71,Very Good,E,SI1
1618980,2649,0.7,Ideal,I,IF
1620034,3176,0.79,Ideal,E,SI1
1622979,4109,0.71,Ideal,F,IF
1624151,2926,0.56999999999999995,Ideal,F,IF
1624283,2498,0.62,Ideal,G,VVS2
1624297,2586,0.6,Ideal,F,VVS2
1626482,3874,0.81,Very Good,E,VS2
1626512,2360,0.71,Good,I,VVS2
1627195,4791,0.9,Ideal,G,VS2
1627390,2711,0.71,Ideal,G,VS2
1627453,3385,0.71,Ideal,F,VS1
1627793,2806,0.7,Ideal,H,VVS1
1627961,2402,0.71,Ideal,F,SI1
1628629,2351,0.71,Very Good,F,SI2
1628636,4231,1.01,Fair,F,SI1
1629549,2445,0.7,Very Good,I,VVS2
1629551,2233,0.6,Very Good,D,VS2
1629565,2315,0.7,Very Good,F,SI1
1629572,3078,0.71,Ideal,E,VS2
1629580,2743,0.65,Very Good,F,VVS2
1629587,2059,0.52,Ideal,F,VVS1
1629589,2488,0.7,Ideal,H,VS2
1629603,3048,0.7,Very Good,D,VS2
1629613,2983,0.75,Ideal,H,VS1
1629624,2323,0.7,Very Good,D,SI2
1629626,3380,0.74,Very Good,E,VS1
1629651,2859,0.7,Very Good,F,VS2
1629655,3988,0.9,Ideal,E,SI2
1629660,4644,0.82,Very Good,E,VVS2
1629745,2946,0.9,Very Good,J,SI1
1629760,3202,0.72,Very Good,F,VS1
1629761,3413,0.7,Very Good,F,VVS2
1629793,3071,0.7,Very Good,D,VS1
1629869,3069,0.9,Very Good,J,VS1
1629945,4993,1,Ideal,I,SI2
1630014,4842,1,Ideal,I,SI1
1630160,4295,0.9,Very Good,H,VS1
1630210,2488,0.8,Good,J,VVS1
1630214,2750,0.7,Good,E,VS2
1630217,3265,0.72,Very Good,H,VVS1
1631188,4253,0.72,Signature Ideal,D,VS2
1632596,2708,0.63,Ideal,G,VVS1
1634060,2566,0.62,Ideal,G,VVS1
1634251,2745,0.55000000000000004,Ideal,F,IF
1634319,2647,0.72,Ideal,I,VVS2
1634334,2647,0.72,Ideal,I,VVS2
1634418,2295,0.7,Very Good,I,VVS2
1634470,2544,0.7,Ideal,I,VVS2
1634732,2165,0.53,Ideal,D,VS1
1634765,2806,0.7,Very Good,H,VVS1
1634782,2344,0.7,Very Good,I,VVS1
1635980,2831,0.7,Very Good,F,VS1
1636191,2050,0.6,Good,E,VS1
1636844,2521,0.52,Ideal,F,IF
1637763,4484,1.01,Good,H,SI1
1638468,2316,0.61,Very Good,H,VVS2
1638633,2905,0.71,Ideal,H,VVS1
1638693,2047,0.7,Very Good,G,SI1
1638869,3265,0.71,Ideal,D,VS1
1638966,2776,0.62,Ideal,G,VVS1
1638967,2776,0.62,Ideal,G,VVS1
1639642,3898,1,Fair,G,SI2
1639766,2261,0.61,Ideal,G,VS1
1640810,4547,0.9,Very Good,F,VS2
1640901,4673,0.91,Very Good,E,VS2
1641018,2552,0.71,Ideal,D,SI1
1641722,4367,0.9,Ideal,E,SI1
1641724,4949,0.91,Very Good,E,VS2
1641753,3659,0.9,Very Good,I,VVS2
1641770,4987,0.91,Very Good,D,VS2
1642473,2393,0.52,Signature Ideal,E,VVS2
1642623,3518,0.75,Ideal,G,VVS2
1642635,3592,0.91,Ideal,J,VS1
1642645,2864,0.73,Ideal,I,VVS2
1642654,2961,0.75,Ideal,I,VVS2
1642721,4369,0.8,Ideal,H,IF
1642727,2951,0.77,Ideal,I,VVS2
1642855,2322,0.61,Ideal,F,VS1
1643407,2542,0.77,Good,F,SI2
1643491,2026,0.71,Ideal,I,VS2
1643515,3220,0.72,Ideal,G,VVS1
1643530,4883,0.83,Signature Ideal,H,VVS1
1643535,4299,0.8,Ideal,D,VS2
1643557,3185,0.7,Ideal,G,VVS1
1643568,4860,0.8,Signature Ideal,G,VVS1
1643605,3147,0.71,Ideal,H,IF
1643606,3531,0.75,Ideal,H,IF
1643670,2612,0.7,Ideal,H,VVS2
1643673,4565,0.8,Signature Ideal,H,VVS1
1643753,2676,0.78,Ideal,F,SI1
1643783,3130,0.7,Very Good,F,VVS2
1644873,2794,0.6,Ideal,E,VVS2
1645225,2511,0.53,Very Good,E,IF
1645266,4183,0.9,Good,H,VS1
1645351,4095,0.93,Ideal,J,VVS2
1646641,4075,0.89,Ideal,I,VVS1
1646832,4057,0.7,Ideal,F,IF
1646874,4676,0.7,Ideal,E,IF
1646968,4901,0.9,Good,F,VS1
1648071,2651,0.7,Very Good,E,SI1
1648097,4176,0.71,Ideal,G,IF
1648133,3278,0.9,Good,I,VS2
1648136,2554,0.9,Good,I,SI2
1648137,4271,0.92,Very Good,F,SI1
1648142,3554,0.9,Very Good,I,VS1
1648143,4753,0.9,Very Good,E,VS2
1648145,3650,0.9,Good,H,VS2
1648149,4446,0.91,Very Good,E,SI1
1648155,3157,0.9,Very Good,I,SI1
1648177,4541,0.9,Very Good,D,SI1
1648191,3281,0.92,Very Good,H,SI2
1648198,3074,0.9,Very Good,J,VS1
1648199,4255,0.9,Good,H,VS1
1648205,4076,0.93,Ideal,J,VVS2
1648299,3822,0.74,Ideal,H,IF
1649449,4666,0.72,Ideal,E,VVS1
1649583,2939,0.8,Ideal,I,VS1
1650938,3625,1.01,Fair,G,SI2
1650987,3988,1.05,Very Good,J,SI2
1651735,2493,0.75,Very Good,I,SI1
1651864,3921,0.77,Signature Ideal,H,VVS1
1652080,2506,0.64,Very Good,H,IF
1652081,2060,0.63,Ideal,I,VVS1
1653226,3064,0.7,Very Good,E,VS1
1653367,2485,0.7,Very Good,H,VS1
1653368,2261,0.7,Very Good,I,VS1
1653371,2618,0.71,Very Good,G,VS1
1653372,2640,0.71,Very Good,H,VS1
1653382,3626,0.7,Ideal,H,IF
1653383,3401,0.71,Very Good,E,VS1
1653385,3431,0.7,Ideal,E,VVS2
1653386,2425,0.7,Very Good,F,SI1
1653390,3447,0.72,Very Good,E,VS1
1653391,2661,0.72,Very Good,D,SI1
1653401,2675,0.7,Ideal,G,VS2
1653406,3134,0.7,Very Good,D,VS2
1653408,3451,0.71,Very Good,D,VS1
1653410,3430,0.72,Ideal,F,VS1
1653411,2632,0.72,Very Good,G,VS2
1653412,2281,0.73,Very Good,I,VS1
1653416,4300,0.81,Ideal,G,VVS1
1653422,3461,0.7,Ideal,D,VS2
1653425,2495,0.7,Ideal,I,VS1
1653428,3078,0.71,Very Good,E,VS2
1653429,3724,0.72,Ideal,G,VVS1
1653431,2544,0.72,Very Good,E,SI1
1653433,3199,0.74,Very Good,E,VS2
1653438,3574,0.76,Ideal,G,VVS2
1653440,2466,0.71,Very Good,H,VS2
1653442,3025,0.7,Very Good,F,VS1
1653444,3908,0.7,Very Good,D,VVS2
1653445,3020,0.71,Very Good,G,VVS2
1653448,3585,0.8,Very Good,E,VS2
1653455,3522,0.7,Ideal,G,VVS1
1653457,3106,0.71,Ideal,G,VS1
1653458,2824,0.72,Ideal,H,VS1
1653459,3412,0.73,Ideal,G,VVS2
1653462,3456,0.74,Ideal,G,VVS2
1653466,2983,0.77,Very Good,D,SI1
1653467,3431,0.7,Very Good,D,VS1
1653469,2427,0.72,Very Good,I,VS1
1653470,2261,0.7,Very Good,I,VS1
1653471,2859,0.7,Very Good,F,VS2
1653476,3447,0.73,Ideal,H,VVS1
1653481,3581,0.7,Very Good,F,VVS1
1653483,3030,0.71,Ideal,H,VVS2
1653493,3583,0.7,Ideal,E,VS1
1653494,2526,0.71,Very Good,H,VS1
1653550,4754,0.94,Ideal,E,SI2
1655001,2404,0.7,Very Good,E,SI1
1655002,2009,0.71,Very Good,F,SI2
1655132,2187,0.7,Ideal,I,VS2
1655669,2200,0.57999999999999996,Very Good,G,VVS2
1655986,3427,0.69,Very Good,E,VVS2
1657065,2084,0.6,Ideal,I,VVS1
1657115,2237,0.56999999999999995,Ideal,F,VS1
1658105,3673,0.71,Very Good,E,VVS1
1658133,3902,0.9,Very Good,D,SI2
1658368,4494,0.79,Ideal,D,VS1
1658379,3402,0.84,Very Good,E,SI1
1658478,3075,0.5,Ideal,D,VVS1
1658504,3796,0.71,Ideal,F,VVS1
1658519,2363,0.5,Ideal,E,VVS1
1658535,2206,0.5,Ideal,E,VVS2
1658569,2640,0.72,Ideal,F,SI1
1658619,2100,0.54,Ideal,E,VS1
1658633,2449,0.51,Ideal,E,VVS1
1658645,2363,0.5,Ideal,E,VVS1
1658971,2340,0.73,Very Good,I,VS1
1658972,2735,0.73,Ideal,I,VVS1
1659082,4807,0.81,Signature Ideal,G,VS1
1659097,3822,0.74,Ideal,G,VVS1
1659586,2471,0.52,Ideal,E,VVS1
1659587,2696,0.56999999999999995,Ideal,D,VVS2
1659588,2895,0.59,Ideal,D,VVS2
1659655,2342,0.53,Ideal,E,VVS2
1659661,2696,0.56999999999999995,Ideal,E,VVS1
1659666,2509,0.56999999999999995,Ideal,E,VVS2
1659667,2166,0.53,Ideal,F,VVS2
1659669,2651,0.56000000000000005,Ideal,E,VVS1
1659673,2205,0.54,Ideal,F,VVS2
1659877,2714,0.64,Ideal,G,VVS1
1659879,2851,0.53,Ideal,D,VVS1
1660182,2796,0.7,Good,D,VS2
1661018,2090,0.51,Good,E,VVS2
1661567,3176,0.71,Ideal,E,VS1
1661715,3867,0.73,Ideal,D,VS1
1662358,2147,0.52,Very Good,E,VVS2
1662474,2948,0.7,Good,F,VS2
1662530,2521,0.7,Very Good,E,SI1
1662553,3241,0.71,Very Good,G,VVS2
1662646,3863,0.79,Ideal,G,VVS2
1662647,3150,0.74,Ideal,H,VVS2
1662654,3392,0.74,Ideal,H,VVS1
1662656,4324,0.71,Ideal,D,VVS2
1662669,3714,0.75,Ideal,D,VS2
1662791,2428,0.74,Very Good,F,SI2
1662799,2681,0.72,Ideal,F,SI1
1662993,2117,0.73,Very Good,G,SI2
1663002,2515,0.73,Ideal,F,SI1
1663321,2338,0.51,Ideal,D,VVS2
1663439,3022,0.74,Ideal,E,SI1
1663711,2918,0.8,Ideal,I,VS1
1663713,3695,0.68,Ideal,F,IF
1663899,3984,0.71,Ideal,F,IF
1664562,4692,1.03,Good,H,SI2
1664621,2816,0.71,Very Good,F,VS2
1664624,3316,0.74,Very Good,E,VS2
1664626,3322,0.73,Good,G,VVS1
1664627,2891,0.73,Very Good,F,VS2
1664653,2490,0.7,Good,G,VS2
1664659,2320,0.7,Good,G,VS2
1664673,2977,0.7,Good,F,VS2
1664681,2832,0.7,Good,E,VS2
1664683,2490,0.7,Good,G,VS2
1664684,2270,0.7,Good,H,VS2
1664695,2951,0.7,Good,E,VS2
1664707,3450,0.7,Good,F,VVS2
1664716,3262,0.7,Fair,E,VS1
1664751,2760,0.57999999999999996,Good,E,VVS1
1664753,2839,0.57999999999999996,Very Good,E,VVS2
1664785,2750,0.52,Very Good,D,VVS2
1664952,3262,0.7,Good,E,VS1
1664957,4466,1.1299999999999999,Good,J,SI2
1664958,4649,1.1100000000000001,Good,I,SI2
1665009,3379,0.7,Good,E,VS1
1665021,3781,0.91,Very Good,H,SI2
1665054,3018,0.91,Good,J,SI1
1665092,4210,1,Good,I,SI2
1665130,3349,0.72,Very Good,E,VS1
1665161,3347,0.71,Very Good,F,VVS2
1665162,3072,0.71,Very Good,F,VS1
1665163,4131,0.71,Very Good,E,VVS1
1665164,3191,0.71,Very Good,E,VS2
1665180,2000,0.5,Very Good,D,VS2
1665189,2900,0.7,Very Good,E,VS2
1665195,2202,0.71,Fair,H,SI1
1665210,3205,0.7,Very Good,E,VS1
1665213,3481,0.7,Very Good,E,VS1
1665219,2701,0.7,Good,G,VS1
1665220,3043,0.7,Good,F,VS1
1665221,2977,0.7,Very Good,F,VS2
1665229,2929,0.7,Fair,D,VS2
1665230,2900,0.7,Good,F,VS1
1665233,4896,0.64,Very Good,D,IF
1665238,2320,0.5,Good,E,VVS2
1665241,3070,0.7,Fair,E,VS2
1665242,3363,0.7,Very Good,D,VS2
1665251,2600,0.7,Fair,E,SI1
1665252,2320,0.7,Good,G,VS2
1665266,2401,0.59,Very Good,E,VS1
1665306,2087,0.51,Very Good,E,VS1
1665318,2078,0.52,Very Good,D,VS2
1665340,2467,0.5,Very Good,E,VVS2
1665455,4290,1.02,Fair,I,SI2
1665487,2700,0.51,Very Good,E,VVS1
1665512,3043,0.7,Good,F,VS1
1665527,2261,0.5,Very Good,E,VVS2
1665540,4988,1.27,Good,J,SI2
1665545,3508,0.8,Good,E,VS2
1665559,4564,0.9,Good,E,SI1
1665595,4728,1,Fair,I,SI1
1665615,4630,1.02,Good,G,SI2
1665624,2891,0.73,Very Good,F,VS2
1665625,3112,0.72,Very Good,F,VS1
1665626,3349,0.72,Good,E,VS1
1665652,3193,0.73,Good,E,VS2
1665658,3662,0.5,Good,D,IF
1665668,3084,0.7,Very Good,F,VS1
1665677,2778,0.7,Very Good,F,VS2
1665697,3971,0.7,Very Good,D,VVS2
1665698,3305,0.7,Very Good,E,VS1
1665699,3363,0.7,Good,D,VS2
1665702,2270,0.7,Good,H,VS2
1665714,3378,0.7,Good,E,VVS2
1665720,2902,0.7,Very Good,F,VS2
1665722,3070,0.7,Good,E,VS2
1665723,3450,0.7,Good,F,VVS2
1665725,2821,0.7,Good,G,VS1
1665726,2977,0.7,Good,F,VS2
1665731,3043,0.7,Good,F,VS1
1665737,2650,0.5,Good,E,VVS1
1665775,2589,0.56000000000000005,Very Good,D,VVS2
1665781,4258,0.55000000000000004,Very Good,D,IF
1665790,2800,0.53,Very Good,E,VVS1
1665793,2078,0.52,Very Good,D,VS2
1665902,3393,0.7,Good,E,VS1
1665930,4210,1,Good,I,SI2
1665953,2977,0.7,Very Good,F,VS2
1665972,2787,0.91,Good,J,SI2
1666005,2951,0.7,Good,E,VS2
1666029,4605,1.01,Good,H,SI2
1666073,3519,0.72,Good,D,VS1
1666096,2464,0.71,Good,H,VS1
1666101,2729,0.74,Very Good,E,SI1
1666126,3195,0.7,Good,E,VS1
1666135,2326,0.71,Good,G,SI1
1666137,2645,0.71,Good,G,VS2
1666138,3528,0.71,Very Good,E,VS1
1666139,2712,0.7,Good,D,SI1
1666155,3069,0.7,Good,D,VS2
1666156,2902,0.7,Good,F,VS2
1666164,3043,0.7,Good,F,VS1
1666165,2657,0.7,Good,F,VS2
1666166,2778,0.7,Good,F,VS2
1666180,2448,0.63,Good,D,VS1
1666183,3496,0.6,Very Good,E,IF
1666194,2951,0.7,Fair,E,VS2
1666195,3021,0.7,Good,E,VS1
1666239,2502,0.54,Very Good,D,VVS2
1666282,2475,0.52,Ideal,G,IF
1666381,3303,0.7,Good,F,VVS2
1666382,2995,0.66,Very Good,E,VVS2
1666428,2645,0.7,Good,H,VVS2
1666431,2629,0.56999999999999995,Very Good,F,IF
1666442,4946,1.06,Good,H,SI2
1666453,3262,0.7,Fair,E,VS1
1666568,3275,0.73,Very Good,E,VS2
1666598,3437,0.74,Good,E,VS1
1666601,2991,0.71,Good,E,VS2
1666608,2222,0.5,Very Good,E,VVS2
1666619,3208,0.7,Good,G,VVS1
1666621,3246,0.7,Very Good,F,VS1
1666626,2991,0.71,Good,E,VS2
1666629,2712,0.7,Good,D,SI1
1666647,2431,0.7,Good,F,SI1
1666648,2204,0.7,Good,I,VS1
1666649,2989,0.7,Good,G,VVS2
1666660,2977,0.7,Very Good,F,VS2
1666667,2174,0.6,Good,F,VS1
1666671,2530,0.7,Good,H,VS1
1666673,3279,0.7,Good,D,VS2
1666674,2705,0.7,Good,E,SI1
1666688,2701,0.7,Good,G,VS1
1666689,2204,0.7,Good,G,SI1
1666690,3262,0.7,Good,E,VS1
1666717,2468,0.57999999999999996,Very Good,E,VVS2
1666721,2939,0.56999999999999995,Very Good,E,IF
1666722,2855,0.56000000000000005,Very Good,D,VVS1
1666728,2038,0.44,Very Good,F,VVS1
1666750,3112,0.53,Very Good,E,IF
1666751,3112,0.53,Very Good,E,IF
1666980,2870,0.71,Good,E,VS2
1667002,4338,1,Good,I,SI2
1667034,4728,1,Fair,I,SI1
1667036,4227,1,Fair,J,SI1
1667062,3575,0.72,Ideal,E,VS1
1667065,3936,0.72,Very Good,F,VVS1
1667066,3030,0.72,Good,E,VS2
1667099,3305,0.71,Very Good,E,VS1
1667101,3632,0.71,Very Good,E,VVS2
1667107,3226,0.71,Very Good,G,VVS1
1667127,3149,0.7,Very Good,E,VS2
1667128,2827,0.7,Very Good,F,VS2
1667154,3066,0.7,Good,G,VVS1
1667176,2582,0.7,Good,F,VS2
1667180,4393,0.59,Very Good,E,VVS2
1667183,2295,0.7,Good,G,SI1
1667184,2977,0.7,Good,F,VS2
1667195,2778,0.7,Good,F,VS2
1667198,2778,0.7,Fair,F,VS2
1667199,3262,0.7,Very Good,E,VS1
1667209,2048,0.5,Good,E,VS1
1667249,3462,0.57999999999999996,Very Good,D,VVS1
1667253,2993,0.56999999999999995,Very Good,D,VVS1
1667377,2379,0.51,Very Good,E,VVS1
1667604,2939,0.7,Very Good,E,VS2
1667725,2000,0.5,Very Good,D,VS2
1667795,2379,0.51,Very Good,E,VVS1
1667849,3398,0.91,Good,I,SI1
1667900,4330,1.03,Good,I,SI2
1667913,3876,0.72,Very Good,E,VVS2
1667936,3248,0.71,Very Good,E,VS1
1667953,2467,0.5,Very Good,E,VVS2
1667971,3305,0.71,Good,E,VS1
1667992,3149,0.7,Very Good,E,VS2
1667993,2189,0.7,Very Good,I,VS2
1668006,2089,0.6,Very Good,D,VS2
1668017,3536,0.7,Good,E,VVS2
1668044,2732,0.59,Very Good,E,VVS1
1668220,3191,0.71,Very Good,E,VS2
1668255,4348,1.03,Good,I,SI2
1668258,3233,0.72,Ideal,E,VS2
1668261,2940,0.7,Good,F,VS1
1668269,2048,0.5,Good,G,VVS2
1668369,4735,1.04,Good,H,SI2
1668381,4797,1.02,Good,G,SI2
1668393,2530,0.73,Good,F,SI1
1668394,3349,0.72,Good,E,VS1
1668396,3057,0.72,Very Good,F,VS2
1668418,3454,0.72,Very Good,D,VS2
1668419,2939,0.71,Very Good,E,VS2
1668421,3776,0.73,Very Good,F,VVS2
1668424,2816,0.71,Good,F,VS2
1668436,3584,0.7,Good,E,VVS2
1668441,3451,0.71,Good,F,VVS2
1668470,3426,0.7,Good,E,VVS2
1668471,3736,0.7,Good,F,VVS1
1668489,2677,0.7,Good,G,VS2
1668511,3031,0.7,Very Good,F,VS1
1668549,2850,0.54,Very Good,D,VVS2
1668551,2206,0.54,Very Good,E,VS1
1668561,2514,0.51,Very Good,E,VVS2
1668563,2540,0.51,Good,D,VVS2
1668582,2337,0.51,Very Good,E,VVS1
1668698,3228,0.63,Very Good,E,IF
1668728,2204,0.7,Good,I,VS1
1668744,2205,0.51,Very Good,E,VVS2
1668753,2554,0.56000000000000005,Very Good,E,VVS1
1668762,3195,0.71,Good,D,VS2
1668775,2514,0.51,Very Good,E,VVS2
1668785,4210,1,Fair,I,SI2
1668790,2204,0.7,Fair,I,VS1
1668792,2184,0.51,Very Good,D,VS1
1668802,2475,0.52,Ideal,G,IF
1669047,3065,0.71,Very Good,E,VS2
1669099,2009,0.71,Very Good,F,SI2
1669183,3607,0.71,Very Good,D,VS1
1669215,3065,0.71,Very Good,E,VS2
1669370,2503,0.7,Very Good,F,SI1
1669510,2451,0.72,Very Good,E,SI2
1669678,2386,0.7,Very Good,E,SI2
1669739,3401,0.71,Very Good,E,VS1
1671906,2025,0.53,Ideal,D,VS1
1672469,2518,0.6,Very Good,F,VVS2
1672470,4236,0.7,Very Good,D,VVS1
1672498,2342,0.52,Ideal,E,VVS1
1672525,2533,0.56999999999999995,Ideal,E,VVS2
1672694,2460,0.61,Ideal,G,VVS2
1672719,2236,0.51,Very Good,F,VVS1
1673129,4238,0.77,Ideal,F,VVS2
1673133,3618,0.72,Ideal,G,VVS1
1673669,2236,0.5,Very Good,E,VVS2
1673680,2019,0.5,Good,E,VVS2
1673872,2174,0.62,Ideal,H,VS1
1673881,3181,0.56000000000000005,Ideal,E,IF
1673883,2229,0.56999999999999995,Ideal,G,VVS2
1673924,3758,0.62,Ideal,E,IF
1673933,2611,0.6,Ideal,G,VVS2
1673934,4140,0.7,Ideal,E,VVS1
1673941,2401,0.56000000000000005,Ideal,G,VVS1
1673944,3075,0.65,Ideal,H,IF
1673950,2401,0.56000000000000005,Ideal,G,VVS1
1674044,3410,0.91,Good,E,SI2
1674048,3516,0.91,Very Good,H,SI1
1674049,3505,0.92,Very Good,G,SI2
1674051,3375,0.9,Good,E,SI2
1674057,4736,0.9,Good,E,VS1
1674058,4064,0.91,Very Good,E,SI1
1674080,3761,1.04,Good,J,SI1
1674955,2215,0.71,Very Good,F,SI2
1674960,3088,0.79,Very Good,I,VVS2
1675203,3765,0.91,Ideal,H,SI2
1675208,4147,0.9,Ideal,I,VS2
1675209,3804,0.92,Ideal,H,SI2
1675429,4232,0.76,Ideal,G,IF
1675431,2700,0.62,Ideal,G,VVS1
1675433,3210,0.73,Ideal,H,VVS1
1675505,2202,0.71,Very Good,F,SI2
1675520,2319,0.56999999999999995,Ideal,F,VVS2
1675630,2052,0.55000000000000004,Ideal,E,VS1
1675653,2401,0.7,Very Good,D,SI2
1675671,2794,0.7,Good,F,VVS2
1675696,2357,0.57999999999999996,Ideal,F,VVS2
1675858,2981,0.71,Very Good,F,VS1
1675862,2150,0.72,Ideal,J,IF
1675884,2473,0.7,Ideal,I,VVS1
1675886,2861,0.64,Ideal,G,VVS1
1676074,4667,1,Very Good,I,SI1
1676782,4747,0.91,Very Good,E,SI1
1677064,2904,0.7,Ideal,E,SI1
1677125,2183,0.52,Signature Ideal,E,VS1
1677127,2164,0.56000000000000005,Signature Ideal,F,VS1
1677129,3820,0.72,Signature Ideal,D,VS2
1677284,3514,0.66,Ideal,D,VVS2
1677285,2910,0.64,Ideal,F,VVS2
1677294,3269,0.7,Ideal,G,VVS1
1677410,2818,0.63,Ideal,G,VVS1
1677411,3510,0.64,Ideal,F,IF
1677412,2620,0.64,Ideal,F,VS1
1677413,3551,0.77,Ideal,H,VVS1
1677447,3150,0.74,Ideal,H,VVS2
1678048,4718,1.1499999999999999,Ideal,J,SI2
1678070,2066,0.5,Ideal,F,VVS2
1678117,3340,0.72,Very Good,E,VS1
1678119,2366,0.54,Ideal,F,VVS1
1678144,2206,0.5,Ideal,E,VVS2
1678154,3186,0.71,Very Good,D,VS2
1678163,2449,0.55000000000000004,Ideal,E,VVS2
1678221,2236,0.5,Ideal,E,VVS2
1678256,4949,1.1100000000000001,Ideal,J,SI1
1678323,4953,1.05,Ideal,J,VS2
1678325,4208,1.01,Very Good,J,SI1
1678420,2960,0.91,Good,I,SI1
1678426,3300,0.9,Good,I,VS2
1678501,2931,0.65,Ideal,G,IF
1678559,4196,0.92,Ideal,D,SI2
1678661,4610,0.8,Very Good,E,VVS2
1678702,2015,0.5,Good,E,VVS1
1678763,2794,0.74,Very Good,F,SI1
1678764,2996,0.7,Good,E,VS2
1678770,4793,0.93,Very Good,E,SI1
1678777,2632,0.73,Good,G,VS2
1678779,3721,0.72,Very Good,F,VVS1
1679241,2785,0.71,Ideal,E,SI1
1679478,2667,0.7,Very Good,D,SI1
1679497,4271,0.8,Very Good,F,VVS2
1679507,3012,0.75,Ideal,E,SI1
1679508,3980,0.78,Ideal,D,VS2
1679509,2742,0.75,Ideal,E,SI2
1679523,2577,0.73,Very Good,E,SI1
1679524,2103,0.6,Very Good,E,VS2
1679532,2898,0.55000000000000004,Very Good,D,VVS1
1679547,3200,0.61,Ideal,E,VVS1
1679564,4338,0.71,Ideal,D,VVS2
1679574,3078,0.7,Ideal,E,VS2
1679575,2125,0.56999999999999995,Ideal,E,VS1
1679576,4032,0.7,Very Good,D,VVS2
1679580,3459,0.71,Very Good,F,VVS2
1679583,2604,0.7,Very Good,E,SI1
1679593,2109,0.71,Ideal,I,SI1
1679606,2365,0.72,Ideal,H,SI1
1679615,2016,0.54,Ideal,E,VS1
1679617,2004,0.54,Ideal,D,VS2
1679623,2031,0.51,Ideal,D,VS1
1679729,2158,0.74,Ideal,I,SI1
1679733,3765,0.91,Ideal,H,SI2
1679742,3174,0.9,Very Good,I,SI1
1679857,4982,0.9,Very Good,E,VS2
1679869,4797,1.02,Very Good,J,VS1
1679883,3149,0.91,Very Good,J,VS1
1679962,3054,0.94,Very Good,I,SI2
1679989,4881,0.9,Very Good,E,VS2
1680078,4713,1.07,Very Good,G,SI2
1680095,4336,0.9,Very Good,D,SI1
1680097,3957,0.96,Very Good,E,SI2
1680111,4396,0.9,Ideal,E,SI1
1680185,4442,1,Good,D,SI2
1680188,3679,0.9,Very Good,I,VS2
1680201,3998,1,Good,H,SI2
1680207,2669,0.81,Very Good,E,SI2
1680217,4912,1.1299999999999999,Ideal,I,SI2
1680235,4438,1,Very Good,E,SI2
1680248,4482,1.05,Very Good,I,SI1
1680252,4641,1.17,Ideal,J,SI2
1680272,2452,0.71,Very Good,H,VVS2
1680332,3261,0.94,Very Good,J,VS2
1680362,4232,1,Very Good,H,SI2
1680495,4798,1.18,Ideal,J,SI2
1680517,3641,0.9,Very Good,H,SI1
1680531,4975,1.1200000000000001,Ideal,H,SI2
1680626,4861,1.1200000000000001,Very Good,H,SI2
1680648,4035,1.01,Good,H,SI2
1680664,4648,1.01,Very Good,F,SI2
1680708,4081,1.08,Ideal,J,SI2
1680721,4936,1.1399999999999999,Ideal,J,SI1
1680725,4823,1.08,Ideal,I,SI2
1680768,4433,1.1299999999999999,Ideal,J,SI2
1680996,2095,0.71,Ideal,I,VS1
1681030,2049,0.72,Ideal,J,VVS2
1682370,2776,0.62,Ideal,G,VVS1
1682371,2606,0.64,Ideal,G,VVS2
1682372,2549,0.66,Ideal,H,VVS1
1682377,3058,0.65,Ideal,G,IF
1682383,2236,0.51,Very Good,F,VVS1
1682398,2178,0.5,Very Good,E,VVS2
1682405,2194,0.5,Very Good,F,VVS1
1682575,4062,0.9,Ideal,I,VS1
1683415,3740,0.8,Ideal,H,VVS2
1683431,2552,0.7,Ideal,I,VVS1
1683437,3249,0.9,Good,G,SI1
1683439,4533,0.91,Very Good,F,VS2
1683448,4149,0.8,Ideal,G,VVS1
1683481,3362,0.5,Very Good,D,IF
1683588,4941,1,Good,D,SI1
1683878,2637,0.8,Ideal,J,VVS1
1683910,2599,0.63,Ideal,G,VVS1
1683915,2463,0.7,Good,F,VS2
1683923,3876,0.8,Very Good,E,VS1
1683966,2655,0.59,Ideal,F,IF
1684003,2359,0.6,Ideal,H,VVS1
1684022,4704,0.91,Ideal,F,SI1
1684304,3781,0.91,Ideal,J,VVS2
1684326,2844,0.81,Ideal,I,VS1
1684332,2586,0.72,Ideal,D,SI1
1684350,2813,0.8,Ideal,I,VS1
1684361,4342,0.9,Ideal,E,SI1
1684377,4107,0.92,Ideal,D,SI2
1684380,4371,0.9,Ideal,F,SI1
1684390,2593,0.71,Ideal,G,VS2
1684394,2949,0.71,Ideal,D,VS2
1684403,2910,0.7,Ideal,D,VS2
1684407,2385,0.72,Ideal,F,SI1
1684425,2910,0.7,Ideal,D,VS2
1684439,2552,0.71,Ideal,D,SI1
1684452,4173,0.8,Ideal,D,VS2
1684469,2552,0.71,Ideal,D,SI1
1684484,2635,0.78,Ideal,F,SI2
1684497,3376,0.72,Ideal,D,VS1
1684499,3208,0.7,Ideal,E,VS1
1684829,3628,0.68,Signature Ideal,G,VVS1
1685077,3573,0.53,Very Good,D,IF
1685130,4590,1.02,Very Good,G,SI2
1685413,4085,0.9,Ideal,F,SI2
1685660,2111,0.72,Ideal,J,VVS2
1685694,2796,0.7,Good,D,VS2
1685695,3799,0.7,Very Good,D,VVS2
1685710,2784,0.8,Very Good,E,SI2
1685773,4300,0.9,Good,E,VS2
1686075,2874,0.6,Ideal,E,VVS2
1686278,3282,0.7,Good,F,VVS1
1686299,2943,0.66,Ideal,G,IF
1686305,4282,0.9,Ideal,F,SI1
1686313,2622,0.8,Ideal,J,VVS2
1686349,3340,0.5,Good,D,IF
1686354,2557,0.57999999999999996,Ideal,G,IF
1686383,3338,0.57999999999999996,Ideal,D,VVS1
1686397,2508,0.6,Ideal,G,IF
1686617,3182,0.9,Good,G,SI2
1686659,2557,0.57999999999999996,Ideal,G,IF
1686675,2197,0.52,Ideal,G,IF
1686677,2503,0.53,Ideal,F,IF
1686698,3086,0.6,Ideal,D,VVS2
1686898,3453,0.7,Very Good,D,VS1
1686901,3280,0.8,Very Good,I,VVS1
1686904,3458,0.8,Very Good,I,IF
1686921,2341,0.61,Ideal,H,IF
1686936,3829,0.9,Good,F,SI1
1686937,4177,0.9,Good,F,VS2
1686967,3232,0.5,Very Good,D,IF
1686968,2182,0.5,Good,E,IF
1686985,2557,0.57999999999999996,Ideal,G,IF
1687230,4058,0.61,Very Good,D,IF
1687241,2748,0.7,Good,E,VS1
1687245,3048,0.9,Very Good,I,SI1
1687246,2907,0.9,Very Good,J,SI1
1687287,2223,0.5,Very Good,D,VVS2
1687305,2557,0.57999999999999996,Ideal,G,IF
1687317,3001,0.54,Ideal,D,VVS1
1687575,2918,0.9,Very Good,I,SI1
1687612,2649,0.5,Very Good,D,VVS1
1687808,4867,1.1599999999999999,Very Good,J,SI1
1687987,2913,0.74,Ideal,D,SI1
1688406,4589,1.01,Very Good,J,VS2
1688418,4661,1,Good,I,VS1
1688622,4114,0.91,Very Good,E,SI1
1688724,2277,0.71,Ideal,I,VS2
1688769,2872,0.61,Ideal,E,VVS2
1688939,2218,0.56999999999999995,Signature Ideal,F,VS1
1688943,4420,0.9,Good,H,VVS2
1688957,2892,0.9,Good,J,VS2
1688970,4280,0.9,Good,E,SI1
1688975,3763,0.9,Very Good,I,VVS2
1688982,4338,0.9,Very Good,H,VS1
1688983,3650,0.9,Good,H,VS2
1688984,3397,0.9,Good,H,SI1
1688996,3937,0.91,Very Good,E,SI2
1688998,3972,0.9,Very Good,I,VVS2
1689000,2783,0.9,Good,I,SI2
1689004,4939,0.9,Very Good,H,VVS1
1689005,3935,0.91,Good,E,SI1
1689340,2819,0.7,Very Good,G,VVS2
1689347,3334,0.7,Ideal,G,IF
1689348,2021,0.7,Ideal,J,VVS2
1689350,2046,0.73,Ideal,J,VVS2
1689355,2102,0.72,Ideal,I,SI1
1689413,2720,0.72,Ideal,F,SI1
1689414,2903,0.65,Ideal,G,VVS1
1689536,2403,0.5,Very Good,D,VVS2
1689537,2173,0.5,Good,D,VVS2
1689539,3300,0.7,Very Good,G,VVS1
1689541,2733,0.5,Ideal,D,VVS1
1689543,2173,0.5,Good,D,VVS2
1689545,2011,0.5,Good,F,VVS1
1689548,4016,0.7,Ideal,E,VVS1
1689553,2019,0.51,Very Good,G,VVS1
1689556,2733,0.5,Very Good,D,VVS1
1689558,2279,0.51,Very Good,E,VVS2
1689571,2341,0.54,Very Good,F,VVS1
1689574,2233,0.56000000000000005,Very Good,F,VVS2
1689575,2159,0.5,Ideal,E,VVS2
1689579,2301,0.57999999999999996,Ideal,F,VVS2
1689580,2533,0.56999999999999995,Ideal,E,VVS2
1689588,2549,0.55000000000000004,Ideal,D,VVS2
1689591,2067,0.5,Very Good,E,VVS2
1689593,2001,0.5,Ideal,F,VVS2
1689595,2159,0.5,Very Good,E,VVS2
1689598,2001,0.5,Ideal,F,VVS2
1689599,2223,0.5,Very Good,E,VVS1
1689600,2523,0.56999999999999995,Very Good,E,VVS2
1689602,2565,0.57999999999999996,Very Good,E,VVS2
1689612,4390,0.91,Ideal,D,SI2
1689631,3734,0.9,Very Good,E,SI2
1689639,4689,0.9,Ideal,I,VVS1
1689728,4656,1.01,Ideal,J,SI1
1689881,3310,0.82,Ideal,I,VVS2
1689884,3146,0.8,Very Good,H,VS1
1689895,3391,0.62,Ideal,E,VVS1
1689899,2399,0.77,Ideal,J,VVS2
1689923,3120,0.81,Very Good,I,VVS2
1691885,3357,0.93,Very Good,J,VS1
1691926,3454,0.9,Very Good,J,VVS1
1691927,3927,0.9,Very Good,J,VVS1
1691930,3391,0.57999999999999996,Ideal,D,VVS1
1692154,4117,0.55000000000000004,Ideal,D,IF
1693194,2887,0.55000000000000004,Signature Ideal,D,VVS2
1693394,2411,0.55000000000000004,Signature Ideal,H,IF
1693581,2533,0.52,Signature Ideal,G,IF
1693806,3112,0.7,Signature Ideal,E,SI1
1693809,2777,0.51,Signature Ideal,E,VVS1
1694109,2531,0.6,Ideal,H,IF
1694110,2720,0.65,Ideal,G,VVS2
1694213,2606,0.64,Ideal,G,VVS2
1694214,3902,0.77,Ideal,H,IF
1694269,4611,0.75,Ideal,F,VVS1
1694606,3018,0.71,Ideal,G,VS1
1694617,3399,0.72,Ideal,F,VVS2
1694649,2087,0.7,Good,D,SI1
1694711,2465,0.51,Ideal,D,VVS1
1694984,2190,0.5,Ideal,F,IF
1694985,3157,0.8,Very Good,E,SI1
1695556,2953,0.73,Very Good,E,VS2
1695569,3423,0.71,Ideal,G,VVS1
1695572,3822,0.74,Ideal,H,IF
1695579,3883,0.76,Ideal,D,VS2
1695581,2686,0.73,Ideal,D,SI2
1695588,2426,0.71,Ideal,I,VS1
1695592,3961,0.7,Ideal,F,VVS1
1695594,2281,0.52,Ideal,E,VVS2
1695896,4324,0.71,Ideal,E,VVS1
1695897,2686,0.73,Ideal,D,SI2
1695899,3069,0.56999999999999995,Ideal,D,VVS1
1695905,2682,0.7,Good,H,VVS2
1695911,4594,1.01,Very Good,E,SI2
1695914,2612,0.71,Ideal,I,VVS2
1695916,4321,0.7,Ideal,E,VVS1
1696350,4764,1.0900000000000001,Ideal,I,SI2
1696363,4319,0.77,Ideal,F,VS1
1696540,3417,0.7,Ideal,F,VVS1
1696575,4016,0.72,Ideal,F,VVS1
1698432,3561,0.59,Signature Ideal,F,IF
1698434,4257,0.63,Ideal,E,IF
1698436,3637,0.66,Ideal,F,VVS1
1698486,3396,0.73,Ideal,F,VS1
1698543,3312,0.71,Ideal,G,VVS1
1699327,2825,0.8,Ideal,I,VS2
1699457,3927,0.9,Very Good,J,VVS1
1699532,3513,0.74,Ideal,G,VVS1
1699565,2911,0.9,Very Good,J,VS2
1699566,2880,0.91,Ideal,J,SI2
1699743,3676,0.7,Ideal,G,IF
1702332,3395,0.9,Very Good,E,SI2
1702796,3823,0.76,Ideal,G,VVS1
1702798,2906,0.73,Ideal,H,VVS1
1702804,2878,0.7,Ideal,D,VS2
1703156,4916,1,Very Good,H,SI2
1703569,3324,0.71,Ideal,G,VVS2
1703570,3619,0.74,Ideal,H,IF
1703582,4324,0.8,Very Good,F,VVS2
1703733,3999,0.72,Ideal,D,VVS2
1704507,2606,0.56000000000000005,Ideal,F,IF
1705160,2711,0.53,Ideal,E,VVS1
1705428,2259,0.51,Ideal,G,IF
1706175,2007,0.56000000000000005,Signature Ideal,F,VS2
1706189,2916,0.56999999999999995,Ideal,E,VVS1
1706378,2389,0.51,Signature Ideal,F,VVS2
1706487,2171,0.62,Signature Ideal,H,VS1
1706781,3891,0.9,Ideal,I,VS1
1706899,2706,0.6,Ideal,E,VVS2
1706900,2791,0.62,Ideal,E,VVS2
1706937,4818,0.8,Ideal,G,IF
1707013,2909,0.56000000000000005,Signature Ideal,F,VVS1
1707017,3605,0.62,Signature Ideal,F,VVS1
1707279,2204,0.6,Signature Ideal,G,VS2
1707719,2075,0.51,Ideal,E,VVS2
1707815,3286,0.71,Ideal,E,VS1
1707826,2891,0.71,Very Good,E,VS2
1708674,3053,0.7,Good,E,VS1
1709412,4889,0.62,Very Good,D,IF
1709463,2429,0.6,Ideal,H,IF
1709563,2743,0.71,Ideal,G,VS1
1709783,2096,0.73,Ideal,H,SI2
1709791,3447,0.71,Very Good,E,VS1
1709874,2822,0.73,Ideal,E,SI1
1709902,2263,0.56000000000000005,Signature Ideal,H,VVS1
1709905,2528,0.72,Ideal,E,SI2
1709912,2682,0.73,Ideal,I,VVS2
1709921,4308,0.72,Ideal,D,VVS2
1709932,2434,0.55000000000000004,Signature Ideal,G,VVS1
1709942,2094,0.53,Signature Ideal,F,VS1
1709957,2239,0.6,Ideal,E,VS2
1709996,2252,0.6,Ideal,G,VS1
1710020,2003,0.54,Signature Ideal,G,VS1
1710058,2277,0.73,Ideal,J,IF
1710066,2993,0.72,Ideal,D,SI1
1710085,2686,0.72,Ideal,D,SI2
1710088,2196,0.53,Signature Ideal,G,VVS2
1710092,2552,0.51,Signature Ideal,E,VVS2
1710109,2675,0.63,Ideal,D,VS1
1710124,2665,0.72,Ideal,E,SI1
1710164,2398,0.51,Ideal,E,VVS1
1710167,2308,0.51,Ideal,D,VVS2
1710178,2538,0.53,Very Good,E,IF
1710179,2357,0.54,Very Good,E,VVS1
1710180,2472,0.54,Ideal,E,VVS2
1710212,2806,0.55000000000000004,Ideal,E,IF
1710217,2445,0.7,Very Good,I,VVS2
1710219,2697,0.7,Very Good,H,VVS2
1710221,2697,0.7,Very Good,H,VVS2
1710229,3198,0.73,Very Good,G,VVS2
1710246,3381,0.72,Ideal,G,VVS2
1710252,4494,0.72,Ideal,F,IF
1710259,2495,0.7,Ideal,I,VS1
1710288,2983,0.73,Ideal,E,SI1
1710298,2172,0.7,Ideal,J,VVS2
1710447,2093,0.7,Ideal,I,SI1
1710481,2281,0.52,Ideal,F,VVS1
1710493,2232,0.55000000000000004,Ideal,E,VVS2
1710527,2854,0.56000000000000005,Ideal,E,IF
1710529,3030,0.56999999999999995,Ideal,D,VVS1
1710531,2561,0.7,Very Good,I,VVS1
1710541,2223,0.5,Ideal,D,VVS2
1710549,2273,0.51,Very Good,E,VVS1
1710560,3413,0.53,Very Good,D,IF
1710593,2470,0.55000000000000004,Very Good,D,VVS2
1710594,2125,0.55000000000000004,Very Good,F,VVS2
1710596,2981,0.7,Very Good,G,VVS2
1710609,2677,0.5,Ideal,D,VVS1
1710614,2493,0.5,Very Good,D,VVS1
1710624,2978,0.7,Good,E,VVS2
1710667,2134,0.55000000000000004,Ideal,F,VVS2
1710668,2576,0.55000000000000004,Ideal,E,VVS1
1710671,2847,0.7,Very Good,G,VVS2
1710672,2485,0.7,Very Good,H,VS1
1710682,3518,0.76,Very Good,F,VVS2
1710684,2131,0.5,Good,E,VVS1
1710688,2509,0.5,Very Good,E,IF
1710700,2040,0.51,Ideal,F,VVS2
1710705,2443,0.52,Ideal,E,VVS1
1710766,2296,0.5,Very Good,D,VVS2
1710768,2509,0.5,Very Good,E,IF
1710777,2308,0.51,Ideal,D,VVS2
1710787,2497,0.54,Ideal,D,VVS2
1710819,2700,0.73,Very Good,I,VVS1
1710840,2604,0.5,Very Good,D,VVS1
1710841,2493,0.5,Very Good,D,VVS1
1710842,2398,0.51,Ideal,E,VVS1
1710851,2091,0.5,Good,D,VVS2
1710853,2384,0.53,Ideal,E,VVS1
1710882,2308,0.55000000000000004,Ideal,E,VVS2
1710887,2649,0.7,Very Good,H,VVS2
1710888,3188,0.7,Good,D,VVS2
1710903,2530,0.5,Very Good,D,VVS1
1710909,2528,0.51,Very Good,E,IF
1710915,2528,0.51,Very Good,E,IF
1710917,2322,0.53,Ideal,F,VVS1
1710918,2322,0.53,Ideal,F,VVS1
1710920,2428,0.53,Ideal,E,VVS2
1710940,3816,0.9,Very Good,G,SI1
1710945,3897,0.9,Very Good,E,SI2
1711006,4688,0.9,Very Good,E,VS2
1711037,3762,0.91,Very Good,E,SI2
1711052,3558,0.74,Ideal,G,VVS2
1711070,2392,0.59,Ideal,G,VVS2
1711125,4143,0.95,Very Good,F,SI2
1711166,3434,0.56999999999999995,Ideal,D,VVS1
1711194,4877,0.9,Very Good,D,SI1
1711251,4798,0.9,Ideal,D,SI1
1712279,2313,0.6,Ideal,E,VS1
1712281,2034,0.56999999999999995,Very Good,F,VS1
1712443,2870,0.72,Ideal,H,VVS2
1712447,3028,0.74,Ideal,D,SI1
1712712,4192,0.9,Good,I,VVS1
1712725,4339,1.01,Good,J,VS2
1712739,3653,0.9,Very Good,J,VVS1
1712775,2882,0.91,Good,J,VS1
1712777,3825,0.9,Good,H,VS1
1712821,3807,0.91,Good,H,VS1
1712889,3993,0.91,Good,H,VS1
1712924,3839,0.9,Good,H,VS2
1712926,3978,0.92,Very Good,E,SI2
1712943,4589,0.91,Very Good,D,SI1
1712946,2875,0.9,Fair,H,SI1
1712950,3931,0.9,Good,F,VS2
1712962,2803,0.9,Very Good,J,SI1
1712980,2161,0.79,Ideal,I,SI1
1712982,4162,0.9,Very Good,H,VS2
1713317,2010,0.59,Ideal,D,SI1
1713343,2497,0.71,Very Good,G,VS2
1713347,2486,0.7,Good,F,SI1
1713348,2051,0.53,Signature Ideal,F,VS1
1713375,4665,1.01,Very Good,H,SI2
1713380,4891,1.1000000000000001,Very Good,H,SI2
1714195,3562,0.71,Very Good,D,VVS2
1714239,3224,0.72,Ideal,F,VS1
1714247,2535,0.73,Very Good,G,SI1
1714248,3082,0.74,Very Good,F,VS2
1714253,2535,0.73,Very Good,E,SI2
1714261,3143,0.71,Very Good,D,VS2
1714264,2623,0.73,Very Good,E,SI1
1714265,2576,0.71,Very Good,F,VS2
1714267,4323,0.94,Very Good,J,IF
1714324,3876,0.74,Very Good,E,VVS1
1714560,2201,0.51,Very Good,E,VVS2
1714979,2092,0.7,Very Good,D,SI2
1714986,2006,0.6,Very Good,E,VS2
1714987,2316,0.6,Very Good,G,VVS2
1715049,2587,0.63,Very Good,F,VVS2
1715127,2153,0.5,Good,E,VVS1
1715136,2000,0.6,Very Good,E,VS2
1715153,2121,0.5,Ideal,D,VVS2
1715194,2116,0.5,Ideal,D,VVS2
1715263,2079,0.6,Very Good,H,VVS1
1715267,3073,0.7,Very Good,E,VVS2
1715307,2470,0.6,Very Good,F,VVS2
1715716,4264,0.73,Ideal,E,VVS2
1716040,3477,0.67,Ideal,E,VVS2
1716266,2222,0.7,Ideal,D,SI2
1716331,4130,0.9,Very Good,E,SI1
1716340,4618,0.9,Very Good,G,VS2
1716341,3389,0.9,Very Good,G,SI2
1716349,2595,0.73,Ideal,E,SI2
1716524,3448,0.9,Very Good,E,SI2
1716546,3720,0.93,Very Good,E,SI2
1716641,3905,0.67,Ideal,E,VVS1
1716668,4710,0.7,Very Good,D,VVS1
1716725,4595,0.91,Very Good,F,VS2
1716807,3287,0.65,Ideal,F,IF
1716811,2863,0.61,Ideal,G,VVS1
1716892,4054,0.91,Very Good,E,SI1
1716893,4071,0.9,Very Good,E,SI1
1716900,4262,0.9,Ideal,G,SI1
1717047,2419,0.71,Ideal,E,SI2
1717116,3726,0.9,Ideal,E,SI2
1717285,3523,0.9,Very Good,F,SI2
1717287,3343,0.9,Very Good,G,SI2
1717298,4121,0.94,Ideal,D,SI2
1717662,2363,0.5,Ideal,D,VVS2
1717738,2629,0.51,Ideal,E,IF
1717741,4725,0.64,Very Good,D,IF
1717818,3277,0.64,Ideal,D,VVS2
1717883,2451,0.6,Very Good,D,VS1
1718220,4372,1.0900000000000001,Very Good,J,SI2
1718271,4865,1.05,Ideal,H,SI2
1718308,3037,0.7,Ideal,D,SI1
1718336,2972,0.9,Good,J,VS2
1718503,3913,0.97,Ideal,J,VS2
1718719,2621,0.7,Ideal,I,VVS1
1718743,2804,0.79,Very Good,I,VS1
1718875,4563,0.7,Ideal,E,VVS1
1718983,2506,0.62,Ideal,H,IF
1718987,2554,0.65,Ideal,H,IF
1719371,2181,0.6,Very Good,F,VS1
1719681,4457,1.06,Ideal,J,SI2
1720290,4655,1.07,Very Good,H,SI2
1720643,3945,0.7,Very Good,F,VVS2
1720648,2648,0.52,Ideal,F,VVS1
1720653,3106,0.9,Very Good,J,VS2
1720657,2262,0.56000000000000005,Very Good,F,VVS1
1720667,2236,0.51,Ideal,F,VVS2
1720669,3077,0.7,Very Good,F,VVS2
1720671,3303,0.71,Very Good,G,VVS1
1720672,3330,0.71,Good,E,VVS2
1720681,2262,0.52,Very Good,E,VVS1
1720684,3340,0.7,Very Good,F,VVS2
1720699,2494,0.52,Very Good,E,VVS2
1720705,3300,0.7,Very Good,F,VS1
1720706,3461,0.7,Very Good,G,VVS2
1720727,3657,0.71,Very Good,F,VVS1
1720729,3824,0.7,Very Good,G,VVS1
1720739,2730,0.7,Good,E,VS2
1720755,2111,0.5,Ideal,E,VS1
1720758,3576,0.71,Very Good,F,VVS1
1720760,2194,0.5,Ideal,F,VVS2
1720766,2617,0.52,Very Good,E,VVS1
1720768,3344,0.71,Very Good,G,VVS1
1720770,2750,0.7,Good,E,VS2
1720776,2361,0.54,Very Good,F,VVS2
1720779,3199,0.7,Very Good,E,VS2
1720791,2388,0.51,Ideal,E,VVS2
1720793,2924,0.62,Very Good,E,VVS2
1720907,3340,0.7,Very Good,H,VVS1
1720913,2464,0.5,Good,D,VVS1
1720991,4808,1.01,Ideal,J,VS2
1720997,4748,1.01,Ideal,H,SI2
1721034,2379,0.63,Ideal,G,VS1
1721047,3584,0.71,Ideal,F,VVS2
1721054,3312,0.63,Signature Ideal,E,VVS2
1721056,3661,0.7,Signature Ideal,E,VS1
1721075,3172,0.62,Signature Ideal,F,VVS2
1721077,2671,0.6,Signature Ideal,H,VVS1
1721084,2894,0.63,Signature Ideal,G,VVS2
1721085,3249,0.61,Signature Ideal,G,IF
1721087,3312,0.6,Signature Ideal,E,VVS2
1721088,3374,0.61,Signature Ideal,E,VVS2
1721094,3312,0.6,Signature Ideal,F,VVS1
1721095,2357,0.52,Signature Ideal,E,VVS2
1721101,2229,0.5,Ideal,D,VVS2
1721112,3426,0.62,Signature Ideal,E,VVS2
1721121,3399,0.64,Signature Ideal,G,IF
1721122,2934,0.64,Signature Ideal,G,VVS2
1721123,3913,0.74,Ideal,D,VS1
1721126,4761,0.71,Signature Ideal,D,VVS2
1721131,3900,0.73,Signature Ideal,H,IF
1721132,2979,0.61,Signature Ideal,F,VVS2
1721133,2103,0.5,Ideal,F,VVS1
1721141,2283,0.55000000000000004,Signature Ideal,D,VS1
1721142,2103,0.5,Ideal,E,VVS2
1721143,2621,0.54,Signature Ideal,E,VVS2
1721145,2262,0.5,Ideal,E,VVS1
1721153,4020,0.61,Signature Ideal,D,VVS1
1721154,3299,0.62,Signature Ideal,G,IF
1721159,3075,0.6,Signature Ideal,F,VVS2
1721163,3025,0.62,Signature Ideal,F,VVS2
1721164,3025,0.62,Signature Ideal,F,VVS2
1721168,3761,0.72,Signature Ideal,E,VS1
1721175,2941,0.69,Ideal,G,VVS2
1721176,4069,0.7,Ideal,E,VVS1
1721179,4161,0.71,Signature Ideal,D,VS1
1721185,3676,0.61,Signature Ideal,F,IF
1721186,2979,0.61,Signature Ideal,F,VVS2
1721189,2081,0.5,Signature Ideal,D,VS1
1721190,2122,0.51,Signature Ideal,D,VS1
1721193,2667,0.54,Signature Ideal,F,IF
1721204,2568,0.55000000000000004,Signature Ideal,G,IF
1721207,3070,0.64,Ideal,F,IF
1721214,3188,0.6,Signature Ideal,G,IF
1721217,2057,0.61,Signature Ideal,H,VS1
1721228,3791,0.64,Signature Ideal,E,VVS1
1721234,3794,0.71,Ideal,D,VVS2
1721239,3426,0.62,Signature Ideal,E,VVS2
1721246,4079,0.7,Signature Ideal,E,VVS2
1721251,2203,0.53,Signature Ideal,D,VS1
1721255,2668,0.51,Signature Ideal,E,VVS1
1721266,3426,0.62,Signature Ideal,F,VVS1
1721267,3529,0.64,Signature Ideal,F,VVS1
1721273,3426,0.62,Signature Ideal,E,VVS2
1721278,3090,0.63,Signature Ideal,G,VVS1
1721279,2447,0.6,Signature Ideal,G,VS1
1721280,2470,0.62,Ideal,D,VS1
1721281,3768,0.75,Ideal,D,VS2
1721284,4825,0.72,Signature Ideal,D,VVS2
1721289,4295,0.71,Signature Ideal,G,IF
1721291,3747,0.7,Signature Ideal,H,IF
1721293,3794,0.71,Ideal,E,VVS1
1721294,2763,0.6,Signature Ideal,G,VVS2
1721303,2386,0.52,Ideal,F,IF
1721307,2073,0.52,Ideal,D,VVS2
1721310,2461,0.6,Signature Ideal,E,VS2
1721311,2257,0.56000000000000005,Ideal,G,IF
1721318,3123,0.61,Signature Ideal,F,VVS2
1721321,3268,0.64,Signature Ideal,F,VVS2
1721323,3188,0.6,Signature Ideal,G,IF
1721325,2075,0.61,Signature Ideal,G,VS2
1721330,3744,0.7,Ideal,E,VVS1
1721336,2212,0.52,Ideal,F,IF
1721339,2284,0.6,Ideal,G,VS1
1721340,2953,0.71,Very Good,D,VS2
1721344,2435,0.5,Signature Ideal,E,VVS2
1721345,2903,0.62,Signature Ideal,G,VVS1
1721350,2212,0.56999999999999995,Ideal,E,VVS2
1721366,2832,0.6,Ideal,D,VVS2
1721367,2695,0.6,Signature Ideal,E,VS1
1721368,2174,0.6,Ideal,E,VS2
1721369,2007,0.57999999999999996,Ideal,G,VVS2
1721372,3477,0.63,Signature Ideal,F,VVS1
1721378,2888,0.6,Signature Ideal,H,IF
1721379,2434,0.62,Ideal,H,IF
1721380,3025,0.63,Signature Ideal,H,IF
1721384,3678,0.62,Signature Ideal,E,VVS1
1721386,3523,0.71,Ideal,E,VVS2
1721387,3562,0.71,Signature Ideal,E,VS1
1721389,4697,0.7,Signature Ideal,D,VVS2
1721392,4266,0.74,Ideal,F,IF
1721395,3332,0.71,Signature Ideal,F,VS2
1721396,3260,0.71,Signature Ideal,I,IF
1721402,4237,0.7,Signature Ideal,E,VVS2
1722115,2443,0.6,Very Good,F,VVS2
1722289,2500,0.71,Ideal,D,SI2
1722290,2347,0.7,Ideal,D,SI2
1722327,4461,0.91,Ideal,D,VS2
1722455,2408,0.72,Ideal,E,SI2
1722496,2502,0.83,Very Good,H,SI2
1722596,2371,0.56999999999999995,Ideal,D,VVS2
1722628,3002,0.63,Ideal,F,VVS2
1723167,2458,0.72,Ideal,G,SI1
1723183,3076,0.7,Ideal,F,VS2
1723232,2434,0.7,Ideal,G,SI1
1723244,2165,0.6,Ideal,G,VS1
1723247,2573,0.7,Ideal,G,VS2
1723248,2359,0.63,Ideal,G,VS1
1723250,2794,0.6,Ideal,F,VVS1
1723253,2147,0.71,Ideal,E,SI2
1723283,3568,0.81,Ideal,F,SI1
1723288,3363,0.8,Ideal,E,SI2
1723291,3853,0.8,Ideal,F,VS2
1723304,2125,0.7,Ideal,G,SI2
1723317,4388,0.85,Ideal,D,SI1
1723326,2252,0.6,Ideal,G,VS1
1723329,2491,0.56000000000000005,Ideal,F,VVS1
1723337,2155,0.71,Ideal,G,SI2
1723339,2844,0.8,Ideal,G,SI2
1723349,2387,0.71,Ideal,G,SI1
1723367,2016,0.6,Ideal,F,VS2
1723371,2670,0.8,Ideal,H,SI2
1723383,2528,0.71,Ideal,F,SI1
1723388,3363,0.8,Ideal,E,SI2
1723401,2612,0.56999999999999995,Ideal,F,VVS1
1723402,3355,0.65,Ideal,E,VVS1
1723409,4387,0.85,Ideal,I,IF
1723410,3526,0.8,Ideal,F,SI1
1723420,2468,0.72,Ideal,H,VS2
1723421,2495,0.7,Ideal,F,SI1
1723427,2049,0.59,Ideal,F,VS2
1723447,2252,0.6,Ideal,G,VS1
1723451,2252,0.6,Ideal,G,VS1
1723457,2252,0.6,Ideal,G,VS1
1723461,2369,0.6,Ideal,F,VS1
1723463,3363,0.8,Ideal,E,SI2
1723464,2526,0.65,Ideal,G,VS1
1723466,2929,0.77,Ideal,E,SI2
1723470,3568,0.81,Ideal,F,SI1
1723473,2025,0.47,Ideal,F,IF
1723482,2631,0.71,Ideal,H,VS1
1723486,2156,0.51,Ideal,G,IF
1723492,2961,0.84,Ideal,H,SI2
1723494,2162,0.71,Ideal,I,SI1
1723508,4662,0.82,Ideal,H,IF
1723548,2495,0.7,Ideal,F,SI1
1723553,4005,0.81,Ideal,D,SI1
1723562,3918,0.96,Very Good,F,SI2
1723580,4006,0.65,Ideal,D,VVS1
1723581,2155,0.71,Ideal,G,SI2
1723583,2878,0.81,Ideal,G,SI2
1723585,2859,0.72,Ideal,D,SI2
1723590,2631,0.71,Ideal,H,VS1
1723596,2085,0.8,Ideal,J,SI2
1723600,2288,0.61,Ideal,G,VS1
1723601,3997,1.01,Very Good,G,SI2
1723605,2027,0.8,Ideal,J,SI2
1723610,3018,0.72,Ideal,E,SI1
1723622,2186,0.53,Ideal,F,VVS2
1723636,2369,0.6,Ideal,F,VS1
1723639,2464,0.71,Ideal,F,SI2
1723646,2125,0.7,Ideal,G,SI2
1723649,2972,0.72,Ideal,G,VS1
1723655,3526,0.8,Ideal,F,SI1
1723678,2844,0.75,Ideal,I,VVS2
1723683,2431,0.7,Ideal,F,SI2
1723685,2125,0.7,Ideal,G,SI2
1723715,2844,0.8,Ideal,G,SI2
1723732,3699,0.83,Ideal,I,IF
1723735,2995,0.75,Ideal,F,SI1
1723736,2969,0.64,Ideal,F,VVS1
1723737,2729,0.73,Ideal,E,SI2
1723738,3526,0.8,Ideal,F,SI1
1723743,3157,0.81,Ideal,F,SI2
1723754,2387,0.71,Ideal,G,SI1
1723756,2197,0.52,Ideal,G,IF
1723770,3167,0.8,Ideal,G,SI1
1723773,2464,0.71,Ideal,F,SI2
1723783,2125,0.7,Ideal,G,SI2
1723786,2431,0.7,Ideal,F,SI2
1723788,2355,0.7,Ideal,G,SI1
1723795,3568,0.81,Ideal,F,SI1
1723799,2978,0.75,Ideal,I,VVS1
1723802,2528,0.71,Ideal,F,SI1
1723877,4012,0.9,Very Good,I,VVS2
1723898,2289,0.7,Very Good,D,SI2
1723923,3043,0.7,Very Good,F,VS2
1723989,4436,0.63,Signature Ideal,D,VVS1
1723991,3605,0.62,Signature Ideal,F,VVS1
1724011,3424,0.73,Signature Ideal,H,VS1
1724074,4476,1.01,Good,I,SI1
1724210,2028,0.53,Signature Ideal,E,VS2
1724211,2632,0.52,Signature Ideal,F,VVS1
1724212,2613,0.56000000000000005,Signature Ideal,F,VVS2
1724252,2833,0.62,Signature Ideal,G,VVS1
1724254,2825,0.56000000000000005,Signature Ideal,E,VVS2
1724257,2256,0.55000000000000004,Signature Ideal,F,VS1
1724262,2553,0.61,Signature Ideal,H,VVS1
1724264,2407,0.56000000000000005,Signature Ideal,E,VS1
1724265,2968,0.59,Signature Ideal,F,VVS1
1724267,2434,0.52,Signature Ideal,F,VVS2
1724268,2344,0.5,Signature Ideal,F,VVS2
1724273,2247,0.5,Signature Ideal,G,VVS1
1724275,2305,0.55000000000000004,Signature Ideal,G,VVS2
1724297,2137,0.52,Signature Ideal,F,VS1
1724303,2858,0.59,Signature Ideal,G,IF
1724309,2240,0.52,Signature Ideal,E,VS1
1724310,2198,0.51,Signature Ideal,E,VS1
1724312,2584,0.51,Signature Ideal,F,VVS1
1724313,2535,0.5,Signature Ideal,F,VVS1
1724315,2569,0.55000000000000004,Signature Ideal,F,VVS2
1724317,3699,0.71,Signature Ideal,H,IF
1724318,2431,0.54,Signature Ideal,D,VS1
1724319,2148,0.51,Signature Ideal,D,VS2
1724320,2148,0.51,Signature Ideal,D,VS2
1724321,2265,0.54,Signature Ideal,G,VVS2
1724348,2335,0.52,Signature Ideal,G,VVS1
1724357,2265,0.54,Signature Ideal,G,VVS2
1724382,2137,0.52,Signature Ideal,F,VS1
1724389,2580,0.53,Signature Ideal,G,IF
1724390,2790,0.61,Signature Ideal,G,VVS1
1724392,2378,0.53,Signature Ideal,G,VVS1
1724393,2612,0.61,Signature Ideal,G,VVS2
1724394,2212,0.54,Signature Ideal,H,VVS1
1724395,2132,0.52,Signature Ideal,H,VVS1
1724397,2448,0.56999999999999995,Signature Ideal,E,VS1
1724403,2148,0.51,Signature Ideal,D,VS2
1724404,3086,0.56999999999999995,Signature Ideal,E,VVS1
1724406,2017,0.53,Signature Ideal,G,VS1
1724434,2378,0.53,Signature Ideal,G,VVS1
1724439,2249,0.52,Ideal,F,VVS1
1724440,2902,0.61,Signature Ideal,D,VS1
1724442,2653,0.62,Signature Ideal,G,VVS2
1724461,2137,0.52,Signature Ideal,F,VS1
1724469,2487,0.51,Signature Ideal,G,IF
1724472,2584,0.51,Signature Ideal,E,VVS2
1724475,2553,0.61,Signature Ideal,H,VVS1
1724476,2212,0.54,Signature Ideal,H,VVS1
1724477,2198,0.51,Signature Ideal,E,VS1
1724478,2103,0.55000000000000004,Signature Ideal,E,VS2
1724486,2224,0.53,Signature Ideal,G,VVS2
1724527,2467,0.59,Signature Ideal,G,VVS2
1724529,2224,0.53,Signature Ideal,G,VVS2
1724532,2172,0.53,Signature Ideal,H,VVS1
1724536,2389,0.51,Signature Ideal,F,VVS2
1724537,2608,0.6,Signature Ideal,F,VS1
1724538,2237,0.56000000000000005,Signature Ideal,F,VS1
1724539,2256,0.5,Signature Ideal,D,VS1
1724549,2096,0.6,Signature Ideal,I,VVS1
1724618,3793,0.8,Ideal,H,VVS2
1724624,2045,0.7,Ideal,I,SI1
1724632,2985,0.8,Very Good,I,VVS1
1724659,2028,0.4,Ideal,D,IF
1724701,3069,0.7,Good,G,VVS1
1724702,2047,0.7,Very Good,G,SI1
1725004,2793,0.63,Ideal,G,IF
1725065,2668,0.6,Ideal,G,IF
1725138,3079,0.64,Ideal,F,VVS1
1725254,2403,0.5,Ideal,E,VVS1
1725279,2449,0.51,Ideal,E,VVS1
1725292,2421,0.6,Ideal,G,VVS2
1725297,2540,0.53,Ideal,E,VVS1
1725306,4907,1.1000000000000001,Ideal,J,SI1
1725309,2364,0.53,Ideal,F,VVS1
1725328,2219,0.53,Good,F,VVS1
1725345,2762,0.51,Ideal,E,IF
1725377,2036,0.5,Very Good,E,VVS2
1725612,2328,0.5,Very Good,D,VVS2
1725616,2395,0.5,Ideal,D,VVS2
1725618,2066,0.5,Ideal,F,VVS2
1725715,2549,0.55000000000000004,Ideal,D,VVS2
1725716,2549,0.55000000000000004,Ideal,D,VVS2
1725757,2577,0.54,Ideal,D,VVS2
1725783,2009,0.5,Very Good,F,VVS2
1725784,2483,0.7,Ideal,I,VVS1
1725916,2066,0.5,Ideal,F,VVS2
1725925,2321,0.5,Ideal,E,VVS1
1725926,2328,0.5,Very Good,D,VVS2
1725934,2395,0.5,Ideal,D,VVS2
1725969,2009,0.5,Very Good,F,VVS2
1726106,2260,0.61,Very Good,E,VS1
1726217,2983,0.62,Signature Ideal,D,VS1
1726230,3351,0.62,Signature Ideal,E,VVS2
1726274,2328,0.5,Very Good,E,VVS1
1726276,2159,0.5,Very Good,E,VVS2
1727136,2165,0.51,Good,D,VVS2
1727950,2486,0.52,Ideal,D,VVS2
1728043,2493,0.5,Very Good,D,VVS1
1728044,2328,0.5,Very Good,D,VVS2
1728062,3242,0.7,Ideal,E,VS1
1728126,2585,0.54,Ideal,E,VVS1
1728265,2279,0.51,Ideal,E,VVS2
1728328,2155,0.56999999999999995,Ideal,E,VS1
1728396,2580,0.5,Ideal,E,IF
1728397,2363,0.5,Ideal,D,VVS2
1728457,2321,0.52,Ideal,E,VVS2
1728470,2690,0.51,Ideal,D,VVS1
1728471,2406,0.54,Ideal,F,VVS1
1729163,3677,0.9,Very Good,I,VS1
1729165,2342,0.63,Very Good,F,VS1
1729193,2613,0.75,Very Good,I,VS1
1729241,2400,0.71,Ideal,I,VS1
1729267,3221,0.9,Very Good,J,VS1
1729273,3221,0.9,Very Good,J,VS1
1729278,2519,0.8,Very Good,F,SI2
1729295,2558,0.73,Very Good,I,VS1
1729305,2163,0.55000000000000004,Signature Ideal,H,VVS1
1729383,3458,0.7,Ideal,E,VS1
1729401,4675,0.75,Signature Ideal,G,VVS1
1729544,2632,0.52,Signature Ideal,E,VVS2
1729545,2198,0.51,Signature Ideal,E,VS1
1729584,2296,0.56000000000000005,Signature Ideal,F,VS1
1729605,2132,0.52,Signature Ideal,H,VVS1
1729624,2062,0.59,Signature Ideal,D,SI1
1729626,2983,0.55000000000000004,Signature Ideal,E,VVS1
1729627,2331,0.54,Ideal,E,VVS2
1729639,2719,0.56000000000000005,Signature Ideal,G,IF
1729640,2291,0.51,Signature Ideal,G,VVS1
1729642,2002,0.54,Signature Ideal,H,VVS2
1729650,2632,0.52,Signature Ideal,E,VVS2
1729654,2632,0.52,Signature Ideal,E,VVS2
1729661,2305,0.55000000000000004,Signature Ideal,G,VVS2
1729662,2129,0.56000000000000005,Signature Ideal,G,VS1
1729684,2880,0.53,Signature Ideal,D,VVS2
1729686,2366,0.55000000000000004,Signature Ideal,E,VS1
1729690,2632,0.52,Signature Ideal,F,VVS1
1729693,2479,0.53,Signature Ideal,F,VVS2
1729697,2296,0.56000000000000005,Signature Ideal,F,VS1
1729715,2920,0.57999999999999996,Signature Ideal,F,VVS1
1729720,2376,0.57999999999999996,Signature Ideal,F,VS1
1729722,2386,0.56999999999999995,Signature Ideal,G,VVS2
1729736,2205,0.54,Signature Ideal,G,VVS2
1729911,2308,0.62,Ideal,G,VS1
1730004,4183,0.9,Very Good,G,SI1
1730011,3576,0.91,Very Good,H,SI2
1730017,3942,0.9,Very Good,F,SI2
1730020,3794,0.9,Very Good,G,SI2
1730238,4608,0.92,Ideal,F,SI1
1730488,2383,0.5,Very Good,E,IF
1730674,3884,0.7,Signature Ideal,D,VS1
1730680,4870,0.7,Signature Ideal,F,VVS1
1730916,3999,0.96,Very Good,H,SI2
1730923,4238,0.9,Very Good,H,VS2
1730934,4302,0.91,Very Good,D,SI2
1731034,2617,0.6,Very Good,F,VVS2
1731057,2676,0.7,Very Good,E,SI1
1731120,2203,0.6,Ideal,E,VS2
1731138,2040,0.55000000000000004,Ideal,D,VS2
1731155,3356,0.7,Very Good,E,VS1
1731156,2664,0.53,Ideal,F,IF
1731157,2421,0.6,Very Good,E,VS1
1731209,3027,0.71,Ideal,E,VS2
1731634,2844,0.8,Ideal,J,VVS1
1731699,2491,0.56000000000000005,Ideal,F,VVS1
1731723,2172,0.7,Very Good,F,SI2
1732266,3945,1,Good,G,SI2
1733157,4706,1.01,Ideal,J,VS2
1733212,4636,1.1000000000000001,Very Good,J,SI2
1733301,2287,0.53,Ideal,F,VVS1
1733329,4183,0.9,Very Good,H,SI2
1733371,3265,0.73,Very Good,D,SI1
1733914,4751,1.03,Good,F,SI2
1733977,2317,0.54,Ideal,E,VVS1
1734040,4629,1.03,Ideal,H,SI2
1734140,3903,0.71,Ideal,E,VVS2
1734211,3789,1.03,Good,J,SI2
1734217,3975,1.08,Very Good,J,SI2
1734221,4288,1.06,Good,H,SI2
1734223,4130,1.03,Ideal,J,SI1
1734234,3720,1.01,Very Good,J,SI2
1734319,3026,0.64,Ideal,G,IF
1734366,4749,0.9,Very Good,F,SI2
1734367,3719,0.7,Ideal,G,VVS1
1734376,2885,0.62,Ideal,F,VVS2
1734378,3112,0.72,Ideal,E,SI1
1734736,2199,0.51,Very Good,D,VVS2
1734818,3002,0.62,Very Good,D,VVS2
1734822,2724,0.59,Ideal,D,VVS2
1734828,2056,0.53,Good,E,VVS2
1735142,2827,0.7,Ideal,F,SI1
1735176,2278,0.7,Very Good,G,SI2
1735192,3976,0.8,Ideal,H,VVS2
1735375,2358,0.7,Very Good,H,VS1
1735430,2041,0.56999999999999995,Ideal,G,VVS2
1736850,4966,0.82,Ideal,E,VVS2
1736886,2771,0.62,Ideal,G,IF
1736913,4952,1,Good,H,SI1
1736918,4794,1,Good,G,SI1
1736983,2163,0.67,Very Good,I,VVS1
1736991,2882,0.64,Very Good,F,VVS1
1736997,4713,1,Good,H,SI1
1737117,3054,0.91,Ideal,J,SI1
1737680,3501,0.9,Very Good,E,SI2
1737709,2301,0.56000000000000005,Ideal,G,VVS1
1737754,3337,0.56000000000000005,Ideal,D,VVS1
1737756,3803,0.91,Very Good,E,SI2
1737764,2059,0.73,Very Good,E,SI2
1738021,4318,0.8,Ideal,H,IF
1738125,2128,0.5,Very Good,E,VVS2
1738127,3406,0.74,Ideal,D,VS2
1738162,2344,0.71,Very Good,E,SI2
1738166,3216,0.71,Ideal,F,VVS2
1738533,2747,0.56000000000000005,Very Good,E,VVS2
1738663,2775,0.7,Good,E,SI1
1738665,2294,0.7,Good,F,SI2
1738667,3188,0.7,Good,G,VVS2
1738695,4794,0.77,Signature Ideal,G,VVS1
1738711,4029,0.73,Signature Ideal,E,VS2
1738732,4974,0.8,Signature Ideal,F,VS2
1738840,3892,0.5,Very Good,D,IF
1738844,2320,0.5,Good,F,VVS1
1738983,4437,0.72,Ideal,F,IF
1738984,3958,0.73,Ideal,H,IF
1739020,4986,0.8,Ideal,E,VVS2
1739024,3643,0.7,Ideal,F,VVS2
1739055,4933,0.81,Ideal,G,IF
1739304,2745,0.57999999999999996,Ideal,G,IF
1739307,2949,0.56000000000000005,Ideal,D,VVS2
1739451,2294,0.7,Good,F,SI2
1739452,3481,0.7,Good,E,VS1
1739453,2536,0.7,Good,I,VVS2
1739506,2864,0.55000000000000004,Ideal,E,VVS1
1739507,3302,0.64,Signature Ideal,G,VVS1
1739510,3390,0.6,Signature Ideal,F,VVS1
1739513,2810,0.54,Signature Ideal,F,VVS1
1739514,3267,0.59,Signature Ideal,F,VVS1
1739515,2538,0.55000000000000004,Signature Ideal,G,VVS1
1739517,2575,0.53,Ideal,F,VVS1
1739518,3620,0.68,Ideal,G,VVS1
1739560,2931,0.6,Very Good,F,VVS1
1739610,3344,0.7,Very Good,E,VS2
1739704,2189,0.7,Good,I,VS2
1739706,3887,0.7,Very Good,D,VS1
1739919,2048,0.7,Fair,J,VVS2
1739930,4505,0.71,Very Good,E,VVS1
1739939,3172,0.6,Very Good,F,IF
1739969,3892,0.5,Very Good,D,IF
1740371,3687,0.71,Very Good,G,VVS1
1740638,3617,0.8,Very Good,F,VS1
1740656,4610,0.91,Ideal,H,VS2
1741204,2426,0.6,Ideal,F,VS1
1741205,2489,0.64,Ideal,G,VS1
1741211,4133,0.91,Ideal,F,SI2
1741271,4483,1.0900000000000001,Ideal,J,SI2
1741611,4471,0.81,Ideal,G,VVS1
1741688,4368,0.8,Ideal,G,VVS1
1741791,3733,0.9,Ideal,H,SI2
1741818,2655,0.66,Ideal,D,VS2
1742462,2314,0.5,Good,E,IF
1742777,2098,0.7,Good,I,VS1
1742889,2147,0.7,Very Good,F,SI2
1742987,2475,0.52,Ideal,G,IF
1743103,4712,1.01,Very Good,F,SI2
1743177,2413,0.55000000000000004,Very Good,D,VVS2
1743212,2146,0.7,Good,G,SI1
1743459,4120,1.01,Good,J,SI2
1743460,2894,0.7,Good,G,VS1
1743872,4996,0.9,Very Good,F,VS1
1743873,4083,0.91,Ideal,F,SI2
1743874,2923,0.91,Very Good,I,SI2
1743876,4795,0.89,Very Good,F,VS2
1743884,4400,0.9,Very Good,E,SI1
1743888,4096,0.9,Very Good,F,SI1
1745150,4919,1.05,Ideal,J,SI2
1745219,3680,0.9,Very Good,J,VVS1
1745448,2114,0.53,Ideal,D,VS1
1745581,4835,0.73,Signature Ideal,D,VS1
1745584,4441,0.74,Signature Ideal,G,VVS1
1745784,2790,0.71,Ideal,D,SI1
1746896,4783,1,Good,J,VVS2
1746912,2951,0.65,Very Good,E,VS1
1747113,2667,0.51,Ideal,E,VVS1
1747126,2754,0.51,Signature Ideal,F,VVS1
1747259,3495,0.7,Ideal,G,VVS1
1747402,4090,0.9,Ideal,D,SI2
1747437,3895,0.91,Ideal,E,SI2
1747450,4235,0.8,Ideal,D,VS2
1747475,3095,0.8,Ideal,D,SI2
1747741,2945,0.69,Ideal,G,VVS2
1747956,3272,0.69,Ideal,F,VVS2
1748214,3024,0.59,Very Good,F,VVS1
1748284,2344,0.6,Ideal,E,VS1
1748314,3438,0.61,Ideal,E,IF
1748325,2964,0.62,Ideal,E,VVS2
1748354,2874,0.6,Ideal,E,VVS2
1748356,2399,0.61,Very Good,E,VS1
1748363,2344,0.6,Ideal,E,VS1
1748366,2382,0.63,Very Good,F,VS1
1748376,2872,0.61,Ideal,E,VVS2
1748392,2919,0.61,Ideal,E,VVS2
1748398,2419,0.62,Ideal,E,VS1
1748443,2839,0.6,Very Good,F,VVS1
1748486,3086,0.6,Ideal,D,VVS2
1748497,2384,0.6,Ideal,E,VS1
1748502,2874,0.6,Ideal,E,VVS2
1748503,2874,0.6,Ideal,E,VVS2
1748583,2874,0.6,Ideal,E,VVS2
1748631,3086,0.6,Ideal,D,VVS2
1748641,3004,0.64,Very Good,E,VVS2
1748645,2827,0.6,Ideal,E,VVS2
1748678,3025,0.6,Ideal,E,VVS1
1748772,3086,0.6,Ideal,D,VVS2
1748773,2919,0.61,Ideal,E,VVS2
1748791,2720,0.57999999999999996,Ideal,E,VVS1
1748811,2827,0.6,Ideal,E,VVS2
1748825,2964,0.62,Ideal,E,VVS2
1748895,3757,0.6,Ideal,D,VVS1
1748944,2070,0.72,Ideal,G,SI2
1748955,3240,0.71,Ideal,G,VVS1
1748969,4362,0.73,Ideal,E,VVS1
1748989,3922,0.75,Signature Ideal,H,VVS1
1749000,4556,0.71,Signature Ideal,F,VVS2
1749257,3710,0.84,Very Good,H,VS1
1749967,2236,0.5,Ideal,F,VVS1
1749987,3885,0.91,Ideal,J,VVS2
1749991,4173,0.9,Ideal,I,VS1
1750019,4744,1.01,Very Good,I,SI1
1750188,2079,0.52,Ideal,F,VVS2
1750289,2417,0.52,Very Good,E,VVS1
1750290,2961,0.54,Ideal,D,VVS1
1750295,2008,0.53,Ideal,E,VS1
1750299,2258,0.52,Very Good,F,VVS1
1750303,2973,0.71,Ideal,E,VS2
1750314,2279,0.51,Ideal,E,VVS2
1750356,2503,0.7,Very Good,F,SI1
1750392,4000,0.76,Ideal,H,IF
1750401,2029,0.72,Ideal,J,VS1
1750428,4383,0.8,Very Good,G,VVS1
1750449,3879,0.71,Ideal,D,VS1
1750518,4942,0.91,Very Good,G,VS1
1750535,2563,0.72,Ideal,I,VS1
1750557,3283,0.82,Very Good,I,VVS2
1750636,3017,0.81,Very Good,I,VS1
1750652,2851,0.71,Ideal,I,VVS1
1750656,3473,0.8,Very Good,H,VS1
1750952,2971,0.9,Good,I,SI1
1750954,4428,0.9,Very Good,H,VS1
1750966,4446,0.91,Very Good,E,SI1
1751004,4865,0.9,Good,G,VVS2
1751021,4757,0.9,Ideal,E,SI1
1751038,4428,0.91,Very Good,E,SI1
1751044,3796,1,Good,J,SI2
1751061,4474,0.92,Very Good,E,SI1
1751143,2194,0.5,Very Good,F,VVS1
1751147,2194,0.7,Very Good,H,SI1
1751157,2496,0.7,Ideal,F,SI2
1751161,2838,0.7,Good,F,VS2
1751252,2351,0.56999999999999995,Very Good,F,VVS1
1751355,2195,0.55000000000000004,Very Good,F,VVS2
1751381,2290,0.53,Ideal,F,VVS1
1751382,3581,0.7,Very Good,F,VVS1
1751472,2015,0.61,Very Good,F,VS2
1751549,2486,0.82,Good,F,SI2
1751550,2117,0.71,Very Good,G,SI2
1751590,2373,0.73,Very Good,E,SI2
1752094,2068,0.72,Very Good,F,SI2
1752101,2591,0.7,Very Good,D,SI1
1752453,2256,0.7,Very Good,E,SI2
1752626,3241,0.71,Ideal,H,IF
1752656,3093,0.72,Very Good,G,VVS1
1752663,2576,0.56999999999999995,Ideal,F,IF
1752963,3075,0.5,Ideal,D,VVS1
1752985,2340,0.6,Very Good,F,VS1
1753098,2375,0.72,Very Good,E,SI2
1753570,2950,0.9,Very Good,J,VS2
1753573,3897,0.9,Very Good,E,SI2
1753574,4233,0.91,Very Good,E,SI1
1753608,4381,0.9,Very Good,E,SI1
1753611,4525,1,Good,I,SI1
1753628,4783,1.01,Good,D,SI2
1753631,3606,0.9,Very Good,E,SI2
1753652,2751,0.9,Good,J,VS2
1753693,3480,0.93,Very Good,I,SI1
1753795,3748,0.72,Signature Ideal,G,VVS1
1753856,3668,0.8,Ideal,I,IF
1753910,4967,1.01,Good,E,SI2
1753996,4605,1.01,Good,H,SI2
1754490,3595,0.91,Good,I,VS1
1754670,2677,0.7,Very Good,G,VS2
1754771,4586,0.9,Very Good,F,VS2
1754773,4434,0.9,Very Good,H,VS1
1754785,4448,0.9,Good,E,VS2
1754787,4716,0.9,Very Good,F,VS2
1754793,4759,0.92,Very Good,H,VVS2
1754794,4586,0.9,Very Good,F,VS2
1754802,4710,0.91,Very Good,H,VVS2
1754804,4601,0.91,Good,F,VS1
1754811,4586,0.9,Very Good,F,VS2
1754818,4108,0.9,Very Good,H,VS2
1754822,4586,0.91,Good,F,VS1
1754847,3461,0.7,Good,G,VVS1
1755088,4079,1,Fair,I,SI1
1755093,4998,1.1599999999999999,Very Good,J,VS2
1755114,4928,1.1000000000000001,Ideal,J,SI1
1755130,2694,0.63,Ideal,H,IF
1755157,2176,0.51,Ideal,D,VS1
1755174,2814,0.53,Ideal,E,VVS1
1755230,3037,0.8,Very Good,E,SI1
1755257,2451,0.6,Very Good,G,VVS2
1755311,2222,0.71,Very Good,I,VS1
1755320,2258,0.53,Ideal,H,IF
1755407,2251,0.72,Very Good,I,VS1
1755497,2859,0.7,Very Good,F,VS2
1755535,2617,0.6,Very Good,G,VVS1
1755575,2742,0.71,Very Good,H,VS1
1755581,2910,0.6,Ideal,E,VVS2
1755640,3172,0.61,Very Good,E,VVS1
1755692,2134,0.5,Ideal,H,IF
1755714,2172,0.6,Very Good,G,VS1
1755918,2408,0.6,Ideal,H,VVS1
1756428,4644,0.9,Very Good,H,VVS2
1756648,3014,0.71,Ideal,E,VS1
1756682,3304,0.91,Very Good,F,SI2
1756908,3080,0.56000000000000005,Signature Ideal,F,IF
1756922,2265,0.54,Signature Ideal,G,VVS2
1756938,2129,0.56000000000000005,Signature Ideal,G,VS1
1756992,2632,0.52,Signature Ideal,F,VVS1
1756995,2702,0.57999999999999996,Signature Ideal,F,VVS2
1756996,2271,0.56999999999999995,Ideal,F,VVS2
1757004,2410,0.59,Signature Ideal,H,VVS1
1757005,2017,0.53,Signature Ideal,G,VS1
1757008,2761,0.52,Ideal,E,IF
1757026,2131,0.61,Signature Ideal,I,VVS1
1757055,2584,0.51,Signature Ideal,F,VVS1
1757067,2052,0.5,Signature Ideal,H,VVS1
1757087,2324,0.54,Signature Ideal,E,VS1
1757101,2731,0.61,Signature Ideal,H,IF
1757120,2729,0.54,Signature Ideal,F,VVS1
1757174,3788,0.9,Very Good,I,VS1
1757175,3618,0.91,Very Good,I,VS2
1757177,3399,0.91,Good,I,VS1
1757180,3178,0.9,Very Good,J,VS1
1757184,2961,0.92,Good,J,VS1
1757219,2236,0.7,Ideal,H,SI1
1757223,4220,1.08,Very Good,I,SI2
1757226,4883,1.06,Very Good,H,SI2
1757395,4974,0.8,Signature Ideal,F,VS2
1757432,4490,1.06,Ideal,I,SI2
1757434,4188,1.01,Very Good,J,SI2
1757438,3745,0.9,Good,E,SI1
1757544,3448,0.9,Good,I,VVS2
1757755,3203,0.71,Ideal,F,VS1
1757769,3696,0.7,Ideal,F,VVS1
1757770,2612,0.71,Ideal,I,VVS2
1757816,2857,0.7,Very Good,E,VS1
1758562,3064,0.56999999999999995,Ideal,D,VVS2
1758563,3872,0.67,Ideal,E,VVS2
1758567,3779,0.64,Ideal,F,IF
1758573,3013,0.56000000000000005,Ideal,E,VVS1
1758574,2048,0.53,Very Good,E,VVS2
1758610,4470,1,Very Good,I,SI1
1758622,2054,0.5,Very Good,F,VVS1
1758652,3744,0.91,Ideal,J,VVS2
1758688,4648,1.03,Ideal,J,SI1
1758735,4323,0.86,Ideal,D,SI1
1758750,3507,0.72,Signature Ideal,E,VS2
1759263,3273,0.7,Ideal,E,VS1
1759546,3706,0.9,Very Good,H,SI2
1759555,3602,0.73,Very Good,G,VVS1
1759565,2027,0.5,Very Good,F,VVS2
1759572,2403,0.7,Very Good,G,SI1
1759713,2731,0.81,Ideal,J,VVS1
1759714,3052,0.81,Ideal,I,VS1
1759716,2653,0.81,Ideal,J,VVS2
1759717,3051,0.8,Ideal,I,VS1
1759722,3607,0.84,Ideal,I,VVS2
1759917,2727,0.53,Ideal,E,IF
1760087,2587,0.55000000000000004,Ideal,D,VVS2
1760641,2240,0.51,Ideal,F,VVS1
1761303,4365,0.9,Very Good,H,VS1
1761317,2130,0.71,Ideal,E,SI2
1761338,2001,0.71,Ideal,F,SI2
1761382,3900,0.85,Ideal,E,SI1
1761390,2208,0.7,Ideal,E,SI2
1761402,3815,0.77,Ideal,D,VS2
1761407,3028,0.8,Very Good,D,SI2
1761419,3266,0.7,Very Good,E,VVS2
1761422,2499,0.7,Very Good,D,SI1
1761428,3546,0.91,Ideal,J,VVS2
1761442,3204,0.71,Very Good,D,VS1
1761489,2888,0.85,Ideal,J,VVS2
1761490,3143,0.9,Ideal,J,VS1
1761491,3076,0.72,Ideal,E,VS1
1761506,2678,0.8,Very Good,F,SI2
1761531,3714,0.87,Ideal,D,SI2
1761547,2744,0.82,Ideal,G,SI2
1761723,3433,0.61,Ideal,F,IF
1761758,2585,0.6,Ideal,G,VVS1
1761761,3204,0.64,Ideal,F,VVS1
1761762,2191,0.62,Ideal,E,VS2
1761764,2848,0.6,Ideal,G,IF
1761780,2360,0.62,Ideal,H,VVS2
1761824,4690,1,Good,E,SI1
1761887,2737,0.74,Ideal,E,SI1
1761946,2547,0.71,Ideal,E,SI1
1761947,2142,0.71,Very Good,G,SI1
1762004,2024,0.71,Very Good,F,SI2
1762025,2050,0.7,Very Good,G,SI1
1762092,2681,0.71,Ideal,E,SI1
1762094,2693,0.74,Ideal,E,SI1
1762171,2670,0.71,Ideal,E,SI1
1762173,2806,0.8,Very Good,F,SI1
1762281,2558,0.71,Ideal,E,SI1
1762381,2400,0.71,Very Good,F,SI1
1762459,2300,0.6,Ideal,H,VVS1
1762486,2523,0.91,Very Good,J,SI2
1762494,3540,0.72,Ideal,E,VS1
1762512,2845,0.6,Very Good,D,VVS2
1762526,2141,0.7,Ideal,F,SI2
1762701,2698,0.63,Very Good,F,VVS2
1762768,2417,0.7,Very Good,H,VS1
1762903,4248,0.9,Very Good,E,SI1
1762928,3057,0.71,Ideal,D,VS2
1763161,3413,0.72,Very Good,D,VVS2
1763541,2536,0.63,Ideal,G,VVS2
1763570,2471,0.63,Ideal,H,VVS1
1763573,2304,0.65,Ideal,I,VVS1
1763580,2124,0.62,Ideal,H,VVS2
1763588,3190,0.7,Ideal,D,VS2
1763609,2687,0.71,Ideal,H,VVS2
1763624,2207,0.62,Ideal,H,VVS2
1763651,2275,0.64,Ideal,H,VVS2
1763663,3384,0.71,Signature Ideal,F,VS2
1763924,2738,0.64,Very Good,F,VVS2
1763946,4554,1.02,Ideal,J,SI1
1764000,4059,0.94,Very Good,E,SI2
1764307,4017,0.8,Very Good,E,VS2
1764351,4327,0.8,Very Good,E,VS1
1764489,2396,0.63,Ideal,G,VS1
1764492,3336,0.78,Ideal,H,VVS2
1764515,2748,0.56000000000000005,Ideal,D,VVS2
1764527,2244,0.71,Very Good,D,SI2
1764601,3125,0.72,Very Good,F,VS2
1764704,2107,0.54,Very Good,G,VVS2
1764712,2494,0.52,Very Good,D,VVS2
1764777,2571,0.56999999999999995,Very Good,G,IF
1764786,3240,0.7,Very Good,E,VS2
1764802,2165,0.51,Very Good,D,VVS2
1764825,2661,0.71,Ideal,D,SI1
1764826,2427,0.73,Very Good,I,VS1
1764895,3927,0.9,Very Good,I,VS1
1764914,2111,0.7,Very Good,F,SI2
1764922,2421,0.56000000000000005,Very Good,G,IF
1765134,3214,0.54,Very Good,D,VVS1
1765144,3284,0.56000000000000005,Very Good,D,VVS1
1765173,2315,0.56000000000000005,Very Good,E,VVS2
1765223,2097,0.56000000000000005,Good,E,VS1
1765304,2479,0.52,Very Good,E,VVS2
1765410,3781,0.71,Signature Ideal,D,VS2
1765426,3343,0.62,Signature Ideal,E,VVS2
1765427,2809,0.6,Signature Ideal,G,VVS2
1765432,3157,0.64,Ideal,E,VVS2
1765448,2634,0.6,Signature Ideal,G,VVS2
1765449,2676,0.61,Signature Ideal,G,VVS2
1765450,2801,0.64,Signature Ideal,G,VVS2
1765451,2205,0.64,Signature Ideal,I,VVS2
1765455,3781,0.71,Signature Ideal,D,VS2
1765464,2540,0.53,Signature Ideal,D,VVS2
1765475,3447,0.72,Signature Ideal,E,VS2
1765476,3613,0.71,Signature Ideal,E,VS1
1765479,3343,0.62,Signature Ideal,E,VVS2
1765483,2634,0.6,Signature Ideal,G,VVS2
1765484,2898,0.62,Signature Ideal,G,VVS2
1765506,3022,0.72,Signature Ideal,I,VVS1
1765508,4208,0.74,Signature Ideal,D,VS1
1765514,3404,0.62,Signature Ideal,F,VVS1
1765524,3276,0.61,Signature Ideal,G,IF
1765525,2634,0.6,Signature Ideal,G,VVS2
1765556,2083,0.6,Signature Ideal,D,SI1
1765579,2839,0.56000000000000005,Signature Ideal,E,VVS1
1765582,3399,0.71,Signature Ideal,F,VS2
1765586,2718,0.62,Signature Ideal,E,VS1
1765590,3301,0.6,Signature Ideal,F,VVS1
1765595,2526,0.61,Signature Ideal,F,VS1
1765600,4191,0.73,Signature Ideal,D,VS1
1765614,2791,0.55000000000000004,Signature Ideal,E,VVS1
1765618,2502,0.53,Signature Ideal,F,VVS1
1765623,3611,0.71,Signature Ideal,E,VS1
1765630,3686,0.61,Signature Ideal,D,VVS2
1765663,3402,0.72,Signature Ideal,E,VS2
1765665,2552,0.6,Signature Ideal,H,IF
1765666,4075,0.7,Signature Ideal,G,IF
1765680,2841,0.55000000000000004,Ideal,D,VVS1
1765689,2779,0.59,Signature Ideal,E,VVS2
1765707,2304,0.52,Ideal,E,VVS2
1765712,2605,0.51,Ideal,D,VVS2
1765928,2367,0.71,Very Good,I,VVS2
1766170,2893,0.71,Very Good,G,VS1
1766346,2788,0.8,Very Good,I,VS2
1766405,3087,0.82,Ideal,I,VS1
1766514,3201,0.8,Ideal,I,VS1
1766626,2981,0.8,Ideal,I,VS2
1767343,3246,0.75,Ideal,E,SI1
1767999,2854,0.77,Ideal,I,VS1
1768041,2307,0.65,Ideal,H,VVS2
1768046,2631,0.62,Very Good,G,IF
1768050,3212,0.54,Ideal,D,VVS1
1768401,2414,0.62,Ideal,F,VS1
1768447,4888,1.01,Ideal,G,SI2
1768461,2652,0.56000000000000005,Signature Ideal,E,VVS2
1768504,2487,0.62,Ideal,G,VVS1
1768510,2159,0.61,Ideal,H,VVS1
1768527,2289,0.65,Ideal,I,IF
1768557,2813,0.56000000000000005,Ideal,D,VVS1
1768603,2260,0.52,Signature Ideal,F,VVS2
1768621,2173,0.62,Ideal,E,VS2
1768623,3162,0.8,Very Good,D,SI1
1768631,2043,0.63,Ideal,I,IF
1768648,3260,0.7,Ideal,D,VS1
1768666,2488,0.53,Signature Ideal,E,VVS2
1768682,2791,0.5,Very Good,D,IF
1768716,2758,0.63,Very Good,E,VVS2
1768725,2949,0.71,Ideal,D,VS2
1768730,2789,0.7,Very Good,E,VS1
1768731,3752,0.91,Ideal,E,SI2
1768735,2426,0.64,Ideal,E,VS1
1768742,2220,0.56000000000000005,Ideal,H,IF
1768750,2142,0.54,Ideal,D,VVS2
1768762,2324,0.53,Ideal,F,IF
1768797,2260,0.52,Signature Ideal,F,VVS2
1768801,3271,0.73,Ideal,H,IF
1768807,2396,0.6,Ideal,G,VVS1
1768831,2065,0.52,Ideal,D,VVS2
1768900,2275,0.56000000000000005,Ideal,G,IF
1768905,2776,0.8,Very Good,E,SI2
1768909,2331,0.64,Very Good,G,VVS2
1768915,2947,0.63,Ideal,F,VVS1
1768937,2394,0.6,Ideal,H,IF
1768939,2216,0.5,Very Good,E,IF
1768942,2515,0.56999999999999995,Ideal,D,VVS2
1768988,2260,0.52,Signature Ideal,F,VVS2
1768989,2028,0.55000000000000004,Ideal,F,VVS2
1768991,2258,0.56999999999999995,Ideal,H,IF
1768995,2737,0.57999999999999996,Signature Ideal,G,IF
1768999,2910,0.8,Very Good,E,SI2
1769005,2972,0.69,Very Good,F,VVS2
1769008,2379,0.72,Ideal,D,SI2
1769011,2916,0.71,Ideal,D,VS2
1769015,3023,0.7,Ideal,E,VS2
1769018,2708,0.56999999999999995,Signature Ideal,E,VVS2
1769028,2509,0.61,Ideal,F,VVS2
1769039,2664,0.5,Ideal,D,VVS1
1769078,2302,0.53,Signature Ideal,F,VVS2
1769084,2819,0.62,Signature Ideal,D,VS2
1769086,2587,0.55000000000000004,Signature Ideal,G,IF
1769094,2802,0.64,Very Good,E,VVS2
1769104,2969,0.71,Very Good,D,VS1
1769110,3068,0.71,Ideal,E,VS1
1769116,2324,0.57999999999999996,Ideal,E,VVS2
1769126,2753,0.62,Ideal,E,VVS2
1769128,2955,0.72,Ideal,D,VS2
1769149,2144,0.53,Ideal,E,VVS2
1769172,2978,0.51,Very Good,D,IF
1769175,3143,0.9,Ideal,J,VS1
1769214,3161,0.71,Ideal,D,VS1
1769235,2088,0.52,Ideal,F,VVS1
1769303,2382,0.72,Very Good,D,SI2
1769855,2426,0.56999999999999995,Ideal,G,IF
1769907,4480,0.95,Ideal,F,SI2
1770142,2433,0.52,Very Good,F,VVS1
1770157,2569,0.51,Very Good,E,VVS1
1770693,4049,0.71,Signature Ideal,F,VS1
1770700,4847,1.01,Very Good,I,SI1
1770714,2320,0.7,Very Good,I,VS1
1770901,4571,0.9,Very Good,G,VS1
1770909,4584,0.7,Very Good,D,VVS1
1770913,4973,0.9,Very Good,G,VS1
1770914,3477,0.67,Ideal,E,VVS2
1771326,4557,1,Fair,F,SI2
1771472,3064,0.56000000000000005,Ideal,D,VVS1
1771657,2280,0.56000000000000005,Ideal,D,VS2
1771714,2714,0.72,Ideal,G,VS2
1771731,2049,0.56999999999999995,Ideal,G,VS1
1771760,2138,0.55000000000000004,Ideal,E,VS1
1771862,2369,0.6,Ideal,F,VS1
1771891,2481,0.6,Ideal,E,VS1
1771904,2241,0.55000000000000004,Ideal,D,VS2
1771916,2406,0.61,Ideal,F,VS1
1771938,2654,0.53,Ideal,D,VVS2
1771944,2207,0.62,Ideal,H,VVS2
1771952,2511,0.5,Ideal,D,VVS2
1771968,2481,0.6,Ideal,E,VS1
1772000,3332,0.66,Ideal,F,VVS1
1772105,3345,0.72,Ideal,G,VVS1
1772106,2715,0.65,Very Good,H,IF
1772107,2629,0.7,Ideal,I,VVS1
1772112,2662,0.71,Ideal,I,VVS1
1772113,2952,0.72,Very Good,H,VVS1
1772114,3504,0.77,Very Good,H,VVS1
1772176,3119,0.7,Very Good,F,VS1
1772177,4412,0.7,Ideal,D,VVS2
1772188,4721,0.92,Very Good,E,VS2
1772190,3050,0.72,Ideal,G,VVS2
1772299,4481,0.9,Ideal,E,SI1
1772505,2617,0.77,Ideal,I,SI2
1772515,4452,0.74,Very Good,D,VVS2
1772525,2730,0.7,Good,E,VS2
1772527,4973,1.02,Very Good,J,VS2
1772532,2267,0.71,Good,I,VS1
1772533,3047,0.9,Very Good,J,SI1
1772646,3524,0.83,Ideal,E,SI1
1772670,3258,0.84,Very Good,D,SI2
1772694,2493,0.61,Ideal,H,VVS1
1772902,2810,0.78,Ideal,I,VS1
1772957,4493,1,Good,F,SI2
1773056,2599,0.53,Ideal,E,VVS2
1773059,2940,0.56000000000000005,Ideal,E,VVS1
1773241,4441,0.75,Signature Ideal,G,VVS2
1773250,4952,1.1200000000000001,Very Good,G,SI2
1773475,2900,0.55000000000000004,Signature Ideal,D,VVS2
1773484,3679,0.7,Ideal,G,VVS1
1773510,3110,0.61,Ideal,E,VVS2
1773520,2305,0.5,Signature Ideal,F,VVS2
1773532,2637,0.52,Ideal,F,IF
1773534,2064,0.5,Very Good,F,VVS2
1773547,2837,0.61,Signature Ideal,G,VVS1
1773561,2570,0.56000000000000005,Signature Ideal,F,VVS2
1773578,2348,0.55000000000000004,Ideal,F,VVS2
1773601,4966,1.01,Ideal,F,SI2
1774033,4147,0.9,Ideal,I,VS2
1774043,4255,0.9,Ideal,G,SI1
1774049,4130,0.9,Ideal,I,VS2
1774082,3431,0.66,Ideal,G,IF
1774093,3814,0.61,Signature Ideal,D,VVS2
1774094,3204,0.65,Signature Ideal,E,VS1
1774095,3660,0.63,Signature Ideal,F,VVS1
1774107,3517,0.67,Signature Ideal,G,VVS1
1774246,2459,0.73,Ideal,I,VS1
1774257,3199,0.73,Ideal,F,VS2
1774258,3572,0.73,Ideal,G,VVS1
1774441,3402,0.75,Ideal,G,VS1
1774508,4632,0.9,Good,H,VVS2
1774511,3853,0.74,Very Good,H,IF
1774512,2279,0.51,Ideal,E,VVS2
1774513,2157,0.55000000000000004,Very Good,G,VVS1
1774516,3340,0.7,Very Good,H,VVS1
1774517,3027,0.7,Very Good,H,VVS2
1774543,2236,0.5,Very Good,E,VVS2
1774586,3383,0.9,Very Good,J,VS1
1774642,2403,0.5,Very Good,D,VVS2
1774740,3962,0.8,Very Good,G,VVS1
1774748,2669,0.61,Very Good,F,VVS2
1775068,3618,0.9,Ideal,J,VVS2
1775074,4565,0.71,Ideal,F,IF
1775216,2437,0.71,Very Good,E,SI1
1775229,4773,1.01,Good,J,VS1
1775532,2571,0.62,Ideal,F,VS1
1775540,4204,0.8,Ideal,G,VVS2
1775545,4176,0.71,Ideal,F,IF
1775547,3149,0.62,Ideal,G,IF
1775560,3805,0.72,Ideal,F,VVS2
1775567,4141,0.9,Ideal,G,SI1
1775577,2759,0.6,Ideal,D,VS1
1775584,4315,0.8,Ideal,G,VVS2
1776160,2167,0.56000000000000005,Very Good,D,VVS2
1776468,4413,0.91,Ideal,I,VVS2
1776633,3743,0.73,Ideal,F,VVS2
1776678,4522,1.01,Ideal,J,SI1
1777348,2319,0.53,Very Good,D,VVS2
1777508,2344,0.6,Ideal,G,VVS2
1777730,4950,1.1200000000000001,Good,F,SI2
1777731,2669,0.69,Very Good,H,VVS1
1777772,2145,0.61,Ideal,E,VS2
1778205,3863,0.59,Very Good,D,IF
1778239,3897,1.02,Very Good,J,SI1
1778360,2136,0.7,Very Good,G,SI1
1778974,2413,0.68,Good,G,VS2
1779353,3261,0.72,Ideal,G,VS1
1779437,3255,0.61,Ideal,E,VVS2
1779446,3738,0.7,Ideal,G,IF
1779520,2651,0.61,Ideal,D,VS2
1779596,2711,0.71,Ideal,H,VS2
1779610,3177,0.7,Ideal,G,VS1
1779676,2522,0.71,Ideal,H,VS2
1779822,3356,0.7,Very Good,E,VS1
1779836,3258,0.71,Ideal,F,VS1
1779851,3962,0.74,Ideal,H,IF
1779902,2367,0.6,Ideal,G,VS1
1779970,2749,0.72,Ideal,G,VS2
1780168,4684,0.8,Ideal,F,VS1
1780657,2410,0.51,Ideal,F,VVS1
1780842,2510,0.54,Ideal,D,VVS1
1780861,2074,0.51,Ideal,F,VVS1
1781719,4303,1.05,Good,J,VS1
1781854,4951,1.1200000000000001,Very Good,J,VS1
1781883,2296,0.63,Very Good,F,VS1
1782056,4749,0.99,Good,E,SI1
1782108,2464,0.52,Ideal,F,IF
1782198,4416,1.02,Very Good,J,VS1
1782561,2271,0.59,Ideal,F,VS1
1782585,2823,0.54,Ideal,D,VVS2
1783248,3033,0.82,Very Good,F,SI1
1783353,3719,0.9,Good,H,VS1
1783654,2679,0.6,Very Good,D,VVS2
1783680,4378,1.1100000000000001,Good,I,SI2
1783931,2011,0.55000000000000004,Signature Ideal,G,VS1
1783954,2377,0.56000000000000005,Signature Ideal,G,VVS1
1784019,3614,0.91,Very Good,D,SI2
1784021,4910,0.91,Ideal,E,SI1
1784414,2249,0.75,Good,D,SI2
1784490,3533,0.83,Ideal,E,SI1
1784752,2058,0.71,Very Good,I,VS1
1784795,3183,0.97,Good,J,VS1
1784853,2688,0.53,Ideal,D,VVS2
1784930,2184,0.56999999999999995,Ideal,G,VVS2
1784959,2434,0.7,Ideal,G,SI1
1784963,3999,0.96,Very Good,H,SI2
1784975,3367,0.7,Very Good,E,VVS2
1785065,3791,0.75,Ideal,G,VVS1
1785088,3678,0.7,Very Good,E,VVS1
1785134,3087,0.56000000000000005,Ideal,E,IF
1785141,2954,0.63,Ideal,D,VS1
1785159,2629,0.74,Ideal,E,SI2
1785203,2832,0.56000000000000005,Ideal,D,VVS2
1785248,2025,0.59,Ideal,D,SI1
1785421,2102,0.72,Ideal,I,SI1
1785500,2867,0.63,Ideal,F,VVS2
1785502,4795,1.01,Very Good,I,SI1
1785515,3358,0.67,Ideal,E,VVS2
1785524,2613,0.65,Ideal,G,VVS2
1785540,2538,0.52,Ideal,E,VVS1
1785542,2255,0.53,Ideal,F,VVS2
1785566,2384,0.53,Signature Ideal,F,VVS2
1785569,3106,0.72,Ideal,F,VS2
1785570,3160,0.7,Ideal,F,VS1
1785573,2821,0.7,Very Good,F,VS2
1785596,4017,0.73,Ideal,F,VVS1
1785670,2232,0.62,Ideal,G,VS1
1785771,2630,0.73,Ideal,F,SI1
1785822,2658,0.63,Signature Ideal,G,VS1
1786186,2396,0.63,Ideal,G,VS1
1786278,4572,0.6,Ideal,D,IF
1786294,4712,1.01,Very Good,F,SI2
1786433,4926,1.02,Very Good,D,SI2
1786441,4807,0.91,Ideal,F,SI1
1786621,2252,0.57999999999999996,Ideal,E,VS1
1786640,2966,0.7,Good,F,VS1
1786686,2490,0.72,Ideal,F,SI1
1786687,3242,0.71,Ideal,G,VVS1
1786696,3158,0.7,Ideal,F,VVS2
1786710,2704,0.7,Ideal,G,VS1
1786715,2898,0.91,Very Good,J,VS2
1786720,3583,0.74,Ideal,F,VVS2
1786721,3006,0.72,Ideal,G,VVS2
1786727,3650,0.74,Ideal,E,VVS2
1786729,3727,0.73,Ideal,F,VVS1
1786737,3312,0.74,Ideal,G,VVS2
1786741,3742,0.76,Ideal,E,VS1
1786744,3936,0.74,Signature Ideal,F,VS1
1786757,3006,0.72,Ideal,G,VVS2
1786761,2347,0.7,Ideal,F,SI1
1786763,3880,0.74,Ideal,F,VVS1
1786765,4363,0.91,Ideal,F,SI1
1786771,2456,0.7,Ideal,G,VS2
1786836,2735,0.71,Ideal,I,VVS1
1786838,3221,0.8,Very Good,H,VS1
1786853,3109,0.72,Ideal,G,VS1
1786858,2605,0.71,Very Good,H,VS1
1786876,2808,0.71,Very Good,H,VVS2
1786878,3078,0.8,Good,E,SI1
1786881,3358,0.8,Ideal,H,VS1
1786946,3948,1.01,Good,J,SI2
1786956,2616,0.61,Ideal,F,VVS2
1786986,2510,0.6,Very Good,F,VVS2
1788019,2618,0.59,Ideal,E,VVS2
1788020,3776,0.9,Very Good,E,SI2
1788024,2195,0.74,Very Good,F,SI2
1788043,2012,0.7,Very Good,F,SI2
1788044,4692,0.76,Very Good,D,VVS2
1788049,4414,0.93,Very Good,F,SI1
1788372,3396,0.8,Very Good,D,SI1
1788374,3881,0.82,Very Good,F,VS1
1788383,2675,0.6,Very Good,E,VVS2
1788385,4166,0.91,Very Good,H,VS1
1788406,2669,0.53,Ideal,F,IF
1788448,3125,0.73,Ideal,G,VS2
1788844,2107,0.51,Very Good,E,VVS2
1788855,3538,0.74,Very Good,E,VS1
1788862,3173,0.7,Very Good,E,VVS2
1788863,2226,0.54,Very Good,F,VVS1
1788866,3168,0.81,Ideal,E,SI1
1788878,3749,0.91,Very Good,I,VS2
1788909,2157,0.55000000000000004,Ideal,F,VVS2
1788912,2314,0.7,Ideal,E,SI2
1788921,2658,0.8,Very Good,F,SI2
1788933,2774,0.78,Very Good,E,SI2
1788967,2278,0.65,Very Good,G,VS1
1788971,4188,0.9,Very Good,E,SI1
1788972,3059,0.91,Good,H,SI2
1789365,2793,0.63,Ideal,G,IF
1789888,2668,0.73,Ideal,H,VS1
1789899,4827,1.1499999999999999,Very Good,I,SI2
1789901,4392,1.01,Very Good,H,SI2
1789902,4338,1.05,Very Good,I,SI2
1790000,2693,0.75,Very Good,F,SI1
1790049,3845,0.9,Ideal,J,VVS2
1790132,2888,0.77,Ideal,I,VS1
1790152,4392,0.76,Ideal,F,VVS1
1790197,3236,0.73,Ideal,H,VVS2
1790389,2346,0.66,Very Good,G,VS2
1790687,3799,0.7,Very Good,D,VVS2
1790854,3460,0.7,Very Good,D,VVS2
1790983,2738,0.61,Good,F,VVS1
1791003,2389,0.52,Ideal,D,VVS2
1791005,2199,0.5,Ideal,D,VVS2
1791374,2482,0.51,Ideal,D,VVS2
1791752,2879,0.56999999999999995,Ideal,D,VVS2
1792459,2223,0.5,Very Good,D,VVS2
1792618,2408,0.51,Ideal,D,VVS2
1792652,2456,0.5,Very Good,D,VVS1
1792859,4236,0.7,Very Good,D,VVS1
1793726,3737,0.72,Ideal,D,VVS2
1794047,2620,0.54,Ideal,D,VVS2
1794297,2500,0.52,Ideal,F,IF
1794531,4088,0.7,Very Good,E,IF
1795010,3959,1,Fair,I,SI1
1795251,2665,0.61,Very Good,F,VVS1
1795738,2600,0.7,Good,E,SI1
1795757,3481,0.74,Good,F,VVS2
1795765,2497,0.72,Good,H,VS1
1795803,2600,0.7,Good,E,SI1
1795806,2431,0.7,Good,D,SI2
1795893,2778,0.7,Very Good,F,VS2
1795897,2210,0.8,Good,J,VS2
1795914,2235,0.71,Good,I,VS1
1795985,2204,0.7,Good,I,VS1
1795986,2147,0.7,Very Good,F,SI2
1795991,2355,0.7,Very Good,I,VS1
1796041,2712,0.7,Good,D,SI1
1796097,2991,0.71,Good,E,VS2
1796121,2403,0.73,Very Good,E,SI2
1796262,4621,1.01,Good,I,VS1
1796270,2431,0.54,Signature Ideal,D,VS1
1796277,2240,0.52,Signature Ideal,E,VS1
1796282,2344,0.5,Signature Ideal,F,VVS2
1796284,2378,0.53,Signature Ideal,G,VVS1
1796285,2291,0.51,Signature Ideal,G,VVS1
1796304,2777,0.55000000000000004,Signature Ideal,E,VVS2
1796307,2178,0.56999999999999995,Signature Ideal,E,VS2
1796308,2524,0.54,Signature Ideal,F,VVS2
1796333,2028,0.53,Signature Ideal,E,VS2
1796336,3409,0.54,Signature Ideal,D,VVS1
1796342,2680,0.53,Signature Ideal,E,VVS2
1796347,2535,0.5,Signature Ideal,F,VVS1
1796348,2378,0.53,Signature Ideal,G,VVS1
1796349,2247,0.5,Signature Ideal,G,VVS1
1796350,2002,0.54,Signature Ideal,H,VVS2
1796365,2387,0.53,Signature Ideal,D,VS1
1796371,2729,0.54,Signature Ideal,E,VVS2
1796372,2489,0.57999999999999996,Signature Ideal,E,VS1
1796373,2066,0.54,Signature Ideal,E,VS2
1796380,2673,0.55000000000000004,Signature Ideal,G,IF
1796413,2140,0.56000000000000005,Signature Ideal,E,VS2
1796431,2189,0.52,Signature Ideal,D,VS2
1796432,3034,0.56000000000000005,Signature Ideal,E,VVS1
1796441,2487,0.51,Signature Ideal,G,IF
1796442,2074,0.56000000000000005,Signature Ideal,H,VVS2
1796470,2501,0.53,Ideal,F,IF
1796474,2346,0.56000000000000005,Signature Ideal,G,VVS2
1796488,3386,0.72,Ideal,E,VS1
1796503,2324,0.54,Signature Ideal,E,VS1
1796504,2324,0.54,Signature Ideal,E,VS1
1796505,2240,0.52,Signature Ideal,E,VS1
1796507,2777,0.55000000000000004,Signature Ideal,F,VVS1
1796512,2216,0.54,Signature Ideal,F,VS1
1796654,2708,0.72,Very Good,I,VVS1
1796655,2698,0.72,Ideal,I,VVS1
1796717,4953,1.01,Very Good,G,SI2
1796756,2431,0.7,Very Good,I,VVS2
1796764,4787,0.7,Ideal,E,IF
1796798,4735,0.76,Signature Ideal,G,VVS1
1796808,2426,0.6,Very Good,G,VVS1
1796810,2385,0.52,Very Good,F,IF
1796849,2974,0.9,Good,G,SI2
1797674,2204,0.7,Good,G,SI1
1797693,4351,1,Very Good,H,SI2
1797695,4941,1.01,Ideal,J,VS2
1797735,4630,1.01,Ideal,H,SI2
1797739,4582,1.1200000000000001,Very Good,J,SI1
1797742,4860,1.01,Ideal,G,SI2
1797835,2840,0.9,Very Good,J,SI1
1797837,3876,0.71,Ideal,E,VS1
1797838,2956,0.71,Ideal,I,VVS1
1797841,2525,0.72,Very Good,F,SI1
1797842,2928,0.72,Ideal,H,VS1
1797843,3710,0.73,Ideal,F,VS1
1797845,3404,0.76,Ideal,H,VVS1
1797846,3993,0.72,Ideal,F,VVS2
1797851,3658,0.64,Ideal,D,VVS2
1797852,3008,0.9,Fair,I,VS2
1797965,2616,0.7,Very Good,G,VS2
1797967,3014,0.75,Ideal,I,VVS1
1797969,3062,0.62,Ideal,F,VVS2
1797971,2937,0.71,Ideal,F,VS2
1797972,3796,0.72,Ideal,F,VVS1
1797974,2331,0.7,Very Good,G,SI1
1797981,2253,0.7,Ideal,I,VS1
1797982,3065,0.71,Very Good,E,VS2
1797983,2668,0.72,Very Good,G,VS2
1797985,2754,0.61,Ideal,E,VVS2
1797987,3140,0.7,Ideal,H,VVS1
1797988,3305,0.62,Ideal,F,VVS1
1797989,2517,0.64,Ideal,H,VVS2
1798068,3237,0.73,Ideal,I,IF
1798077,4256,0.72,Ideal,E,VVS2
1798078,2391,0.7,Very Good,F,SI1
1798079,2322,0.72,Very Good,I,VS1
1798084,3176,0.71,Ideal,G,VVS2
1798528,2988,0.6,Ideal,E,VVS2
1798631,2637,0.6,Very Good,F,VVS2
1798754,2302,0.76,Very Good,E,SI2
1798755,3677,0.8,Good,F,VS1
1798770,2153,0.72,Very Good,E,SI2
1798839,3257,0.61,Ideal,D,VVS2
1798859,2150,0.63,Ideal,E,VS2
1798937,3235,0.73,Very Good,D,VS1
1798950,3956,0.8,Very Good,E,VS1
1799066,2767,0.6,Very Good,F,VVS2
1799134,2124,0.71,Very Good,E,SI2
1799180,3700,0.91,Ideal,J,VS1
1799240,2737,0.73,Ideal,I,VVS2
1799339,3715,0.72,Very Good,F,VVS1
1799414,2278,0.61,Very Good,D,VS2
1799690,2564,0.71,Good,H,VVS2
1799700,2281,0.73,Ideal,E,SI2
1799708,4894,0.8,Very Good,D,VVS2
1799975,2571,0.7,Ideal,F,SI1
1799977,2235,0.59,Ideal,E,VS1
1799982,2623,0.71,Ideal,G,SI1
1799983,3301,0.72,Ideal,F,VS1
1799984,3195,0.72,Ideal,H,VVS2
1799986,4093,0.74,Ideal,E,VVS2
1799987,2997,0.75,Ideal,I,VVS2
1799988,3790,0.77,Ideal,H,VVS1
1799989,2239,0.7,Very Good,G,SI1
1799991,3093,0.64,Ideal,D,VVS2
1799992,3436,0.64,Ideal,E,IF
1799995,2606,0.7,Ideal,G,VS2
1799996,3941,0.71,Ideal,F,VVS2
1799997,2620,0.71,Ideal,H,VS1
1799998,2571,0.72,Very Good,F,SI1
1800000,3093,0.76,Ideal,H,VS1
1800002,2851,0.7,Ideal,H,VS1
1800029,4667,1,Good,I,SI1
1800036,3957,1.02,Good,I,SI2
1800037,2998,0.96,Good,J,SI1
1800039,4484,1,Very Good,H,SI2
1800043,4305,1.01,Very Good,I,SI2
1800045,4614,1.02,Ideal,H,SI2
1800047,4188,1.01,Very Good,J,SI2
1800050,2975,0.8,Ideal,E,SI2
1800065,4363,0.91,Ideal,F,SI1
1800069,4327,0.9,Ideal,D,SI2
1800073,4624,0.91,Ideal,E,SI1
1800082,2820,0.8,Ideal,I,VS1
1800095,2219,0.5,Good,E,VVS1
1800128,2966,0.61,Very Good,E,VVS2
1800144,2816,0.71,Very Good,H,VVS1
1800147,2055,0.5,Good,F,VVS1
1800160,2478,0.54,Ideal,E,VVS1
1800161,2020,0.5,Very Good,F,VVS1
1800228,2630,0.62,Ideal,E,VS1
1800230,4033,0.7,Very Good,F,IF
1800253,2294,0.56000000000000005,Ideal,E,VVS2
1800286,4649,0.9,Ideal,D,SI1
1800287,4905,0.91,Ideal,D,SI1
1800296,3358,0.8,Ideal,E,SI1
1800307,4198,0.91,Ideal,E,SI2
1800309,3437,0.82,Ideal,E,SI1
1800312,3061,0.9,Ideal,J,VS1
1800393,3659,0.91,Ideal,F,SI2
1800396,3397,0.81,Ideal,E,SI1
1800404,4624,0.91,Ideal,E,SI1
1800426,3613,0.81,Signature Ideal,I,VVS1
1800428,4155,0.9,Ideal,E,SI2
1800440,3189,0.91,Ideal,J,VS1
1800442,2759,0.8,Ideal,F,SI2
1800448,3998,0.9,Ideal,E,SI2
1800451,3544,0.81,Ideal,D,SI1
1800465,4575,0.9,Ideal,E,SI1
1800466,4624,0.91,Ideal,E,SI1
1800467,3775,0.91,Ideal,E,SI2
1800471,4372,0.91,Ideal,D,SI2
1800473,3862,0.91,Ideal,F,SI2
1800485,4589,1.08,Very Good,J,SI1
1800508,2247,0.7,Ideal,I,VVS1
1800655,3672,0.91,Ideal,G,SI2
1800674,2207,0.64,Ideal,D,SI1
1800697,3146,0.73,Ideal,D,SI1
1801011,3527,0.7,Ideal,E,VVS2
1801014,2626,0.72,Ideal,E,SI1
1801015,2735,0.73,Ideal,E,SI1
1801019,4302,0.74,Ideal,F,IF
1801021,2525,0.72,Ideal,E,SI2
1801031,2490,0.72,Ideal,F,SI1
1801032,2023,0.7,Ideal,G,SI2
1801033,3362,0.75,Ideal,H,VVS1
1801037,3460,0.72,Ideal,D,VS1
1801041,3184,0.72,Ideal,D,VS2
1801042,2629,0.7,Ideal,D,SI1
1801047,3284,0.72,Ideal,H,IF
1801048,2593,0.7,Ideal,E,SI1
1801053,2374,0.72,Ideal,E,SI2
1801062,3669,0.71,Signature Ideal,G,VVS2
1801069,3334,0.73,Signature Ideal,D,SI1
1801071,3504,0.74,Signature Ideal,D,SI1
1801073,2648,0.72,Ideal,D,SI2
1801074,2648,0.72,Ideal,D,SI2
1801078,2741,0.71,Ideal,D,SI1
1801079,2370,0.72,Ideal,D,SI2
1801085,3936,0.74,Ideal,E,VVS2
1801086,3244,0.73,Ideal,E,VS1
1801095,2197,0.73,Ideal,F,SI2
1801100,2779,0.7,Ideal,G,VS1
1801107,3348,0.73,Signature Ideal,H,VVS2
1801110,4327,0.73,Signature Ideal,D,VS1
1801111,3506,0.73,Ideal,D,VS1
1801114,2583,0.72,Ideal,D,SI1
1801116,2704,0.7,Ideal,D,SI1
1801117,2583,0.72,Ideal,D,SI1
1801123,3069,0.74,Ideal,D,SI1
1801124,2626,0.72,Ideal,E,SI1
1801128,3294,0.72,Ideal,E,VS1
1801138,2110,0.7,Ideal,F,SI2
1801139,2322,0.7,Ideal,F,SI1
1801143,2023,0.7,Ideal,G,SI2
1801144,3362,0.75,Ideal,H,VVS1
1801145,2869,0.74,Ideal,H,VVS2
1801147,3369,0.7,Ideal,D,VS1
1801152,2648,0.72,Ideal,D,SI2
1801153,3095,0.72,Ideal,D,VS2
1801163,3527,0.7,Ideal,E,VVS2
1801164,3527,0.7,Ideal,E,VVS2
1801167,2942,0.71,Ideal,E,VS2
1801168,2981,0.72,Ideal,E,VS2
1801169,2663,0.72,Ideal,E,SI1
1801170,2663,0.72,Ideal,E,SI1
1801189,3405,0.76,Ideal,H,VVS1
1801195,3888,0.77,Ideal,D,VS1
1801196,4830,0.73,Signature Ideal,D,VVS2
1801197,2741,0.71,Ideal,D,SI1
1801199,3527,0.7,Ideal,E,VVS2
1801204,3575,0.71,Ideal,E,VVS2
1801206,2981,0.72,Ideal,E,VS2
1801207,3156,0.72,Signature Ideal,E,SI1
1801213,2385,0.74,Ideal,F,SI2
1801214,2490,0.72,Ideal,F,SI1
1801226,2826,0.71,Ideal,D,SI1
1801230,2626,0.74,Ideal,E,SI2
1801232,2981,0.72,Ideal,E,VS2
1801233,2663,0.72,Ideal,E,SI1
1801237,3045,0.76,Ideal,I,IF
1801241,2244,0.71,Ideal,E,SI2
1801242,2525,0.72,Ideal,E,SI2
1801251,2648,0.72,Ideal,D,SI2
1801252,2370,0.72,Ideal,D,SI2
1801257,2516,0.72,Ideal,D,SI2
1801259,3961,0.71,Ideal,E,VVS1
1801261,3961,0.71,Ideal,E,VVS1
1801262,3961,0.71,Ideal,E,VVS1
1801264,3527,0.7,Ideal,E,VVS2
1801265,2771,0.74,Ideal,E,SI1
1801267,3294,0.72,Ideal,E,VS1
1801270,2525,0.72,Ideal,E,SI2
1801271,2525,0.72,Ideal,E,SI2
1801283,2198,0.7,Ideal,G,SI1
1801287,2455,0.72,Ideal,H,VS1
1801289,4351,0.71,Ideal,D,VVS1
1801290,2648,0.72,Ideal,D,SI2
1801291,3225,0.73,Ideal,D,VS2
1801293,3728,0.75,Ideal,G,VVS1
1801304,3240,0.76,Ideal,D,SI1
1801305,3200,0.75,Ideal,D,SI1
1801396,3245,0.94,Very Good,I,SI2
1801684,3013,0.81,Very Good,D,SI2
1801752,3251,0.7,Ideal,F,VVS2
1801799,2129,0.7,Ideal,I,VS1
1801837,3931,0.8,Very Good,D,VS2
1801842,2188,0.76,Very Good,H,SI2
1801891,2137,0.76,Very Good,H,SI2
1801961,3431,0.91,Very Good,E,SI2
1801968,2174,0.71,Very Good,F,SI1
1802156,3973,0.81,Ideal,H,VVS1
1802235,4134,0.77,Ideal,D,VS1
1802244,3838,0.71,Very Good,D,VVS2
1802417,4411,1.07,Very Good,J,SI1
1803038,4647,1.05,Ideal,J,SI1
1803040,4967,1.04,Ideal,H,SI2
1804192,3732,0.7,Very Good,E,VVS1
1804249,2176,0.63,Very Good,G,VS1
1804275,4547,0.74,Very Good,D,VVS1
1804303,2889,0.61,Very Good,E,VVS1
1804367,2342,0.52,Very Good,E,VVS1
1804369,2642,0.54,Very Good,D,VVS1
1804384,2104,0.56000000000000005,Very Good,D,VS1
1804386,3161,0.7,Very Good,F,VVS2
1804422,2453,0.53,Ideal,D,VVS2
1804450,3362,0.72,Very Good,D,VS1
1804451,2891,0.71,Very Good,E,VS2
1804457,2528,0.62,Very Good,D,VS1
1804479,2372,0.67,Very Good,G,VVS2
1804508,3957,0.72,Very Good,E,VVS1
1804566,3048,0.63,Very Good,D,VVS2
1804570,2321,0.52,Very Good,E,VVS2
1804604,2230,0.61,Very Good,G,VVS2
1804626,2201,0.51,Ideal,E,VVS2
1804680,2058,0.5,Very Good,D,VVS2
1804691,2419,0.5,Good,D,VVS1
1804733,2128,0.61,Very Good,F,VS1
1804777,2223,0.5,Ideal,E,VVS1
1804820,2330,0.7,Very Good,H,VS2
1804822,2067,0.5,Very Good,E,VVS2
1804908,2604,0.73,Very Good,F,SI1
1804925,2065,0.62,Ideal,D,SI1
1805016,2418,0.73,Good,H,VS1
1805026,2128,0.5,Very Good,F,VVS1
1805038,2454,0.71,Good,E,SI1
1805533,2150,0.52,Ideal,H,VVS1
1805576,2277,0.57999999999999996,Ideal,G,VVS1
1805605,2064,0.5,Ideal,F,VVS2
1805780,3348,0.76,Very Good,E,VS2
1806487,2209,0.6,Very Good,F,VS1
1806493,2966,0.64,Very Good,E,VVS2
1806510,2720,0.6,Very Good,E,VVS2
1807008,3057,0.67,Ideal,G,VVS1
1807026,2672,0.63,Ideal,G,VVS2
1807049,2412,0.51,Ideal,E,VVS2
1808059,2211,0.56000000000000005,Ideal,E,VS1
1808087,3269,0.63,Ideal,D,VVS2
1808107,4700,0.9,Very Good,E,SI1
1808222,4395,0.93,Very Good,I,VVS2
1808363,4564,0.9,Good,E,SI1
1808425,3420,0.7,Ideal,F,VVS1
1808677,3386,0.72,Very Good,E,VS1
1808722,4716,0.56000000000000005,Ideal,D,IF
1808792,2291,0.54,Ideal,E,VVS2
1808908,3657,0.81,Ideal,I,IF
1808910,2716,0.81,Good,I,VS1
1808960,2714,0.7,Very Good,G,VS2
1808967,2351,0.71,Very Good,F,SI2
1808968,3340,0.7,Very Good,F,VVS2
1808970,2782,0.71,Ideal,I,VVS2
1809373,3276,0.7,Ideal,G,VVS1
1809376,2475,0.8,Very Good,I,SI1
1809377,2703,0.8,Good,H,VS2
1809381,4673,1.04,Very Good,I,SI2
1809389,2690,0.72,Ideal,H,VS1
1809570,2739,0.75,Very Good,F,SI1
1809645,2723,0.72,Very Good,E,SI1
1809899,2890,0.63,Ideal,F,VVS2
1809940,4027,0.61,Ideal,D,VVS1
1810020,2874,0.71,Ideal,G,VS2
1810525,4798,0.91,Very Good,F,VS2
1810812,3680,0.72,Very Good,E,VVS2
1810833,2391,0.72,Very Good,G,SI1
1810877,3789,0.74,Ideal,F,VVS2
1810912,2421,0.74,Very Good,E,SI1
1810938,3861,0.7,Ideal,F,VVS1
1810948,4875,0.8,Ideal,G,IF
1810956,3607,0.8,Ideal,I,VVS1
1811331,4713,0.9,Fair,G,VS1
1811414,4123,1.02,Good,I,SI2
1814363,3624,0.9,Ideal,F,SI2
1815457,4459,0.9,Very Good,E,SI1
1815548,4113,0.79,Very Good,E,VVS2
1815912,2011,0.55000000000000004,Signature Ideal,G,VS1
1815922,2013,0.52,Signature Ideal,F,VS1
1815926,2482,0.6,Signature Ideal,F,VS1
1815936,3698,0.71,Signature Ideal,E,VS1
1815937,3330,0.71,Signature Ideal,G,VS1
1815949,4781,0.9,Very Good,E,VS2
1816618,3527,0.8,Ideal,H,VS1
1816641,3343,0.8,Ideal,H,VS2
1816650,3371,0.8,Ideal,H,VS2
1818709,4840,0.9,Good,F,VS2
1818735,2535,0.9,Good,I,SI2
1818795,2335,0.39,Ideal,D,IF
1819038,2815,0.71,Very Good,G,VVS2
1819042,2300,0.72,Very Good,F,SI1
1819287,2403,0.5,Very Good,D,VVS2
1820292,2646,0.74,Ideal,I,VVS2
1820814,2448,0.71,Very Good,I,VVS1
1820907,2981,0.71,Ideal,H,VVS2
1820914,2330,0.7,Very Good,H,VS2
1820924,3774,0.74,Very Good,F,VVS1
1820926,2640,0.71,Ideal,F,SI1
1820929,2008,0.7,Fair,H,VS2
1820939,2353,0.73,Very Good,G,SI1
1820944,4605,1,Good,I,SI1
1820946,2330,0.7,Very Good,H,VS2
1820947,2117,0.71,Very Good,G,SI2
1820976,4147,0.9,Ideal,I,VS2
1820988,4147,0.9,Ideal,I,VS2
1821426,3572,0.72,Ideal,H,IF
1821798,2727,0.53,Ideal,E,IF
1821917,3130,0.62,Very Good,D,VVS2
1822205,2231,0.5,Very Good,E,VVS1
1822206,3623,0.81,Very Good,H,VVS2
1822351,3290,0.71,Very Good,G,VVS1
1822358,2403,0.7,Very Good,G,SI1
1822518,2387,0.51,Good,D,VVS1
1822521,3316,0.71,Good,D,VS1
1822523,2329,0.7,Very Good,E,SI1
1822526,2188,0.5,Ideal,D,VVS2
1822529,2042,0.51,Very Good,E,VVS2
1822531,2649,0.7,Very Good,F,VS2
1822532,2771,0.7,Good,F,VS1
1822538,2605,0.7,Very Good,E,VS2
1822539,2563,0.7,Good,E,VS2
1822543,3311,0.72,Very Good,D,VS1
1822545,2347,0.7,Very Good,F,SI1
1822548,2809,0.71,Good,F,VS1
1822549,2038,0.51,Ideal,E,VVS2
1822552,2225,0.71,Good,D,SI1
1822553,4565,0.9,Good,F,VS1
1822556,2297,0.51,Ideal,E,VVS1
1822557,2801,0.71,Good,D,VS2
1822558,2610,0.71,Ideal,D,SI1
1822559,2225,0.71,Good,D,SI1
1822561,2404,0.73,Ideal,E,SI2
1822564,2966,0.71,Good,E,VS1
1822565,2966,0.71,Good,E,VS1
1822566,2269,0.51,Good,D,VVS1
1822567,2004,0.51,Ideal,E,VVS2
1822571,3109,0.71,Ideal,D,VS1
1822572,2522,0.7,Good,E,VS2
1822573,2522,0.7,Good,E,VS2
1822574,2438,0.7,Very Good,E,SI1
1822578,2380,0.5,Very Good,D,VVS1
1822581,2227,0.5,Good,D,VVS1
1822583,2149,0.7,Good,D,SI2
1822585,2344,0.73,Very Good,D,SI2
1822589,2923,0.71,Good,D,VS1
1822590,4297,0.9,Good,E,VS2
1822592,2005,0.55000000000000004,Good,D,VS1
1822594,2764,0.7,Good,D,VS2
1822596,2172,0.71,Very Good,D,SI2
1822597,2170,0.53,Very Good,F,VVS1
1822603,2559,0.51,Very Good,D,VVS1
1822612,2980,0.72,Very Good,G,VVS1
1822629,2298,0.53,Very Good,D,VVS2
1822640,2249,0.51,Ideal,D,VVS2
1822649,2214,0.76,Very Good,F,SI2
1822657,4577,0.72,Ideal,D,VVS1
1822658,2432,0.56000000000000005,Ideal,E,VVS1
1822670,2759,0.52,Ideal,D,VVS1
1822680,2410,0.54,Ideal,E,VVS1
1822700,2511,0.5,Very Good,D,VVS1
1822718,2870,0.56999999999999995,Ideal,E,IF
1824688,3636,0.6,Very Good,D,VVS1
1824731,2712,0.56000000000000005,Ideal,D,VVS2
1825008,2981,0.6,Very Good,F,VVS1
1825062,2667,0.56000000000000005,Ideal,D,VVS2
1825193,3636,0.6,Very Good,D,VVS1
1825235,3199,0.6,Very Good,E,VVS1
1825296,2667,0.56000000000000005,Ideal,D,VVS2
1825342,3929,0.75,Very Good,D,VVS2
1825445,2667,0.56000000000000005,Ideal,D,VVS2
1825479,3186,0.6,Very Good,D,VVS2
1826790,3123,0.7,Very Good,F,VVS1
1826817,2426,0.57999999999999996,Very Good,F,VVS1
1826830,2298,0.61,Very Good,G,VVS2
1827350,2103,0.51,Ideal,G,VVS1
1827353,3674,0.64,Ideal,E,IF
1827399,3499,0.72,Ideal,D,VS2
1827402,2628,0.76,Ideal,E,SI2
1828212,2067,0.5,Very Good,E,VVS2
1828262,2292,0.6,Very Good,G,VVS2
1828904,3846,0.71,Ideal,F,IF
1828921,3546,0.77,Very Good,D,VS1
1828943,3497,0.71,Signature Ideal,F,VS2
1828987,3565,0.72,Ideal,G,IF
1829002,2701,0.71,Ideal,H,VVS2
1829020,2935,0.85,Ideal,J,VVS1
1829034,3598,0.7,Signature Ideal,F,VS1
1829067,4149,0.9,Very Good,H,VS1
1829080,2390,0.7,Ideal,F,SI1
1829121,4054,0.93,Ideal,F,SI2
1829122,3720,0.91,Ideal,G,SI2
1829129,3518,0.71,Ideal,G,IF
1829139,3145,0.7,Ideal,H,IF
1829147,2105,0.62,Signature Ideal,I,VVS2
1829159,3289,0.81,Ideal,E,SI1
1829161,3137,0.7,Very Good,G,VVS1
1829164,3631,0.71,Ideal,F,VVS1
1829165,2820,0.71,Ideal,F,VS2
1829192,2089,0.6,Ideal,G,VS1
1829251,3207,0.71,Ideal,E,VS1
1829263,2938,0.7,Very Good,G,VVS2
1829492,3321,0.74,Ideal,E,VS1
1829562,3798,0.71,Ideal,D,VVS2
1829752,2421,0.7,Very Good,G,VS2
1829771,2500,0.53,Ideal,F,VVS1
1829913,2152,0.54,Ideal,D,VVS2
1830136,3649,0.62,Signature Ideal,F,IF
1830171,2039,0.51,Ideal,F,VVS2
1830198,4881,1,Very Good,J,VS2
1830221,2970,0.91,Very Good,J,VS1
1830408,3480,0.71,Ideal,F,VVS1
1830553,2839,0.7,Good,D,VS1
1830840,2456,0.72,Very Good,F,SI1
1830935,2530,0.5,Ideal,D,VVS1
1831127,2720,0.72,Ideal,F,SI1
1831130,4627,0.82,Ideal,F,VVS2
1831131,2686,0.6,Ideal,D,VS1
1831138,2720,0.72,Ideal,F,SI1
1831221,2276,0.61,Very Good,D,VS2
1831226,4433,0.91,Very Good,H,VVS2
1831285,4096,0.91,Very Good,F,SI1
1831308,2250,0.62,Very Good,F,VS1
1831313,4315,0.93,Very Good,F,SI1
1831343,2676,0.56000000000000005,Ideal,E,VVS1
1831360,2403,0.5,Ideal,E,VVS1
1831444,4167,0.91,Ideal,J,VVS1
1831448,2552,0.7,Ideal,I,VVS1
1831475,2138,0.74,Ideal,J,VVS1
1831604,4694,0.9,Ideal,H,VS1
1831727,2497,0.54,Ideal,E,VVS1
1831731,2541,0.55000000000000004,Ideal,E,VVS1
1831735,2973,0.71,Ideal,E,VS2
1831739,2299,0.53,Very Good,F,VVS1
1831740,2505,0.54,Very Good,E,VVS1
1831743,2406,0.56000000000000005,Ideal,F,VVS1
1831744,3391,0.52,Ideal,D,IF
1831748,2740,0.52,Ideal,D,VVS1
1832143,2039,0.63,Ideal,D,SI1
1832170,4753,0.9,Very Good,E,VS2
1832178,2125,0.7,Ideal,G,SI2
1832179,2125,0.7,Ideal,G,SI2
1832192,2661,0.6,Very Good,F,VVS2
1832193,2661,0.6,Very Good,F,VVS2
1832201,2925,0.59,Ideal,D,VVS2
1832216,3660,0.81,Very Good,D,SI1
1832239,2532,0.53,Ideal,D,VVS2
1832283,2338,0.5,Very Good,D,VVS2
1832326,2228,0.8,Very Good,J,VS1
1832341,2874,0.61,Ideal,E,VVS2
1832365,2498,0.62,Ideal,G,VVS2
1832367,2460,0.61,Ideal,G,VVS2
1832372,2667,0.56000000000000005,Ideal,D,VVS2
1832374,3320,0.7,Very Good,F,VVS1
1832381,2125,0.7,Ideal,G,SI2
1832391,4563,0.9,Very Good,F,VS2
1832395,2027,0.71,Ideal,J,VVS2
1832396,2874,0.7,Very Good,D,VS2
1832397,3244,0.7,Very Good,D,VS2
1832398,2715,0.7,Very Good,D,SI1
1832417,2001,0.5,Very Good,F,VVS2
1832427,3172,0.8,Ideal,E,SI1
1832428,3519,0.8,Very Good,F,VS2
1832460,2119,0.53,Ideal,F,VVS2
1832487,2419,0.52,Ideal,E,VVS1
1832553,2796,0.7,Good,D,VS2
1832560,4865,0.9,Good,E,VS1
1832561,3069,0.7,Very Good,F,VVS2
1832562,2828,0.7,Ideal,D,SI1
1832581,3265,0.71,Very Good,E,VVS2
1832584,3508,0.63,Ideal,D,VVS1
1832599,2622,0.55000000000000004,Ideal,D,VVS2
1832609,2240,0.7,Ideal,E,SI2
1832626,2434,0.7,Good,D,VS2
1832632,2541,0.6,Ideal,H,IF
1832645,2087,0.5,Ideal,F,VVS2
1832675,2219,0.53,Ideal,E,VVS2
1832771,2872,0.61,Ideal,E,VVS2
1832790,2912,0.7,Ideal,F,VS1
1832812,3073,0.6,Very Good,E,VVS1
1832814,4991,0.99,Good,D,SI1
1832822,2408,0.7,Good,E,VS2
1832825,3320,0.7,Very Good,F,VVS1
1832836,2860,0.9,Very Good,J,SI1
1832841,2402,0.7,Good,D,SI1
1832862,2175,0.5,Very Good,F,VVS1
1832873,2799,0.8,Ideal,I,VS2
1832930,2296,0.5,Very Good,E,VVS1
1833003,2626,0.61,Ideal,G,VVS1
1833007,4232,1,Very Good,H,SI2
1833029,2932,0.9,Very Good,I,SI2
1833035,3624,0.7,Very Good,D,VVS2
1833036,3170,0.7,Very Good,D,VS1
1833037,3270,0.7,Very Good,E,VVS2
1833063,2045,0.7,Ideal,H,SI2
1833065,2369,0.7,Ideal,I,VVS2
1833067,2385,0.81,Very Good,H,SI2
1833096,2507,0.54,Ideal,E,VVS1
1833130,2168,0.5,Ideal,E,VVS2
1833204,2661,0.6,Ideal,F,VVS2
1833238,3228,0.9,Good,H,SI2
1833251,3350,0.7,Good,D,VVS2
1833253,2715,0.7,Very Good,D,SI1
1833254,3222,0.7,Very Good,E,VVS2
1833272,3210,0.86,Very Good,I,VVS2
1833276,4128,0.8,Ideal,D,VS2
1833374,2658,0.8,Very Good,F,SI2
1833404,2483,0.7,Good,E,VS2
1833418,3980,0.8,Very Good,D,VS2
1833425,3416,0.62,Very Good,D,VVS2
1833437,4264,0.9,Good,H,VVS2
1833440,2593,0.7,Ideal,E,SI1
1833461,2657,0.7,Good,E,VS1
1833463,2129,0.6,Ideal,G,VS1
1833533,2251,0.52,Ideal,F,VVS1
1833582,2470,0.8,Ideal,G,SI2
1833613,2069,0.71,Good,D,SI2
1833625,4438,1,Good,E,SI2
1833648,2391,0.7,Very Good,F,SI1
1833652,2518,0.7,Ideal,H,VS1
1833665,2567,0.7,Good,D,VS2
1833666,2715,0.7,Very Good,D,SI1
1833667,3486,0.7,Good,E,VVS1
1833700,2019,0.7,Very Good,H,SI1
1833706,2749,0.81,Ideal,F,SI2
1833725,2292,0.53,Ideal,E,VVS2
1833818,2158,0.54,Ideal,F,VVS2
1833822,2128,0.5,Very Good,E,VVS2
1833856,3217,0.7,Very Good,D,VS1
1833875,4682,1.1499999999999999,Very Good,I,SI2
1833972,2275,0.6,Ideal,F,VS1
1834060,2648,0.65,Ideal,H,VVS1
1834256,3331,0.64,Ideal,F,IF
1834377,2419,0.5,Very Good,D,VVS1
1834413,3199,0.6,Ideal,D,VVS2
1834508,2263,0.5,Very Good,D,VVS2
1834884,4000,0.7,Very Good,D,VVS1
1835173,3787,0.7,Ideal,D,VVS2
1835846,3660,0.81,Ideal,D,SI1
1835874,2394,0.71,Ideal,I,VS1
1835878,3484,0.8,Ideal,D,SI1
1835896,2794,0.6,Ideal,E,VVS2
1835907,2586,0.6,Ideal,F,VVS2
1835913,3731,0.81,Ideal,E,SI1
1835932,2532,0.63,Ideal,D,VS2
1835942,2288,0.61,Ideal,G,VS1
1835954,2627,0.61,Ideal,F,VVS2
1835956,2481,0.63,Ideal,F,VS1
1835960,2884,0.73,Ideal,D,SI1
1835975,2216,0.72,Ideal,F,SI2
1835979,2910,0.77,Ideal,E,SI1
1835999,2080,0.7,Very Good,F,SI2
1836022,2668,0.62,Ideal,F,VVS2
1836030,3124,0.6,Ideal,D,VVS2
1836073,2882,0.62,Ideal,E,VVS2
1836094,2882,0.62,Ideal,E,VVS2
1836110,2152,0.47,Ideal,E,IF
1836115,2359,0.63,Ideal,G,VS1
1836119,2838,0.61,Ideal,E,VVS2
1836145,2560,0.62,Ideal,E,VS1
1836146,2024,0.7,Very Good,G,SI2
1836147,2882,0.62,Ideal,E,VVS2
1836150,2394,0.71,Ideal,I,VS1
1836174,2544,0.7,Ideal,I,VVS2
1836179,2586,0.6,Ideal,F,VVS2
1836181,3731,0.81,Ideal,E,SI1
1836188,2421,0.64,Ideal,H,VVS1
1836212,3024,0.8,Very Good,I,VVS1
1836221,2668,0.62,Ideal,F,VVS2
1836223,2911,0.75,Ideal,F,SI1
1836234,2554,0.6,Ideal,D,VS1
1836235,3211,0.6,Signature Ideal,E,VVS2
1836260,2394,0.71,Ideal,I,VS1
1836281,2481,0.6,Ideal,E,VS1
1836291,2627,0.61,Ideal,F,VVS2
1836296,2111,0.71,Ideal,J,VVS2
1836304,2252,0.6,Ideal,G,VS1
1836319,4359,0.8,Very Good,D,VS1
1836336,2882,0.62,Ideal,E,VVS2
1836367,2586,0.6,Ideal,F,VVS2
1836378,2394,0.71,Ideal,I,VS1
1836390,2359,0.61,Very Good,E,VS1
1836418,2426,0.51,Ideal,E,VVS1
1836644,4439,0.72,Ideal,D,VVS2
1836723,4455,1.01,Good,J,VS1
1836755,2517,0.51,Ideal,D,VVS1
1837550,2911,0.9,Very Good,J,VS2
1837840,3607,0.9,Good,H,VS2
1838104,2530,0.5,Very Good,D,VVS1
1838134,2913,0.5,Ideal,D,VVS1
1838135,2879,0.56999999999999995,Ideal,D,VVS2
1838155,2784,0.55000000000000004,Ideal,D,VVS2
1838309,3689,0.9,Ideal,J,VVS2
1838384,4944,0.91,Ideal,I,VVS1
1838672,3034,0.73,Ideal,H,VVS2
1838721,2382,0.66,Ideal,D,SI1
1838997,2272,0.6,Ideal,D,SI1
1839003,2426,0.6,Very Good,E,VS2
1839007,2396,0.63,Ideal,G,VS1
1839052,4770,0.84,Ideal,H,IF
1839076,2013,0.6,Good,F,VS1
1839077,3249,0.61,Ideal,D,VVS2
1839081,2403,0.5,Ideal,E,VVS1
1839082,2236,0.5,Ideal,E,VVS2
1839090,4054,0.9,Good,F,SI1
1839091,2413,0.5,Ideal,F,IF
1839093,2144,0.52,Good,D,VVS2
1839096,3094,0.79,Very Good,H,VS1
1839111,4183,0.9,Very Good,F,SI1
1839114,4571,0.91,Ideal,F,SI1
1839116,2526,0.63,Ideal,E,VS1
1839117,2391,0.63,Very Good,F,VS1
1839119,2021,0.64,Very Good,E,VS2
1839120,2527,0.69,Very Good,E,VS2
1839121,4142,0.7,Good,D,VVS1
1839122,3125,0.7,Good,E,VVS2
1839123,3342,0.7,Ideal,E,VS1
1839124,2321,0.7,Ideal,E,SI2
1839126,2211,0.7,Very Good,F,SI2
1839127,2493,0.7,Very Good,H,VS1
1839129,3585,0.71,Ideal,E,VS1
1839133,4123,0.72,Ideal,E,VVS1
1839135,3887,0.74,Ideal,E,VS1
1839961,2949,0.6,Very Good,D,VVS2
1840034,3260,0.71,Very Good,D,VS1
1840039,2804,0.72,Very Good,E,VS2
1840382,2182,0.56999999999999995,Ideal,G,VVS2
1840384,2284,0.51,Very Good,F,IF
1840386,3403,0.91,Very Good,G,SI2
1840408,3686,0.9,Good,E,SI2
1840409,2026,0.41,Very Good,D,IF
1840467,2685,0.71,Very Good,H,VVS2
1840906,2322,0.6,Very Good,E,VS1
1840911,4146,0.81,Good,E,VS1
1840917,2449,0.51,Ideal,E,VVS1
1840918,2279,0.51,Ideal,E,VVS2
1840921,2321,0.52,Ideal,E,VVS2
1840922,2025,0.52,Ideal,E,VS1
1840923,3060,0.75,Ideal,E,SI1
1840924,3677,0.76,Very Good,D,VS2
1840925,3686,0.76,Ideal,F,VS1
1840926,3294,0.76,Very Good,F,VS2
1840928,4097,0.78,Good,D,VS1
1840929,3214,0.78,Ideal,E,SI1
1840930,4407,0.75,Ideal,D,VS1
1840934,3546,0.91,Very Good,H,SI1
1840940,3037,0.62,Very Good,E,VVS2
1840942,3123,0.7,Very Good,D,VS1
1840943,3005,0.7,Very Good,D,VS2
1840944,3753,0.7,Ideal,E,VVS2
1840946,2485,0.7,Ideal,H,VS1
1840948,3508,0.71,Ideal,D,VS2
1840949,2386,0.71,Very Good,E,SI2
1840950,2181,0.71,Ideal,I,VS2
1840951,2866,0.72,Ideal,D,SI1
1840954,3198,0.73,Very Good,G,VVS2
1840955,3020,0.73,Ideal,G,VS1
1840956,3470,0.74,Ideal,E,VS2
1840957,2820,0.74,Very Good,E,SI1
1841130,2864,0.56000000000000005,Ideal,F,IF
1841228,3201,0.74,Ideal,H,VVS2
1841343,3575,0.73,Ideal,G,VVS1
1841390,3813,0.71,Ideal,G,IF
1841807,2436,0.62,Very Good,E,VS1
1841897,4339,0.9,Very Good,D,SI1
1841993,2746,0.53,Ideal,D,VVS2
1841995,2945,0.56999999999999995,Ideal,D,VVS1
1841996,4609,0.56999999999999995,Ideal,D,IF
1841997,2449,0.51,Very Good,D,VVS2
1841998,2403,0.5,Very Good,D,VVS2
1841999,2013,0.52,Very Good,D,VS1
1842003,3160,0.71,Very Good,F,VS1
1842004,2520,0.52,Ideal,E,VVS2
1842005,2673,0.53,Very Good,D,VVS1
1842007,2417,0.54,Ideal,F,VVS2
1842047,3346,0.9,Very Good,G,SI2
1842055,4513,0.92,Very Good,E,SI1
1842059,3479,0.9,Very Good,H,SI1
1842063,4108,0.9,Very Good,H,VS2
1842065,4810,0.9,Very Good,E,VS2
1842070,4661,0.9,Very Good,H,VVS2
1842074,4150,0.91,Very Good,H,VS2
1842083,4098,0.8,Ideal,H,VVS1
1842108,2239,0.6,Ideal,E,VS2
1842217,2522,0.5,Very Good,E,VVS1
1842234,2320,0.7,Ideal,F,SI2
1842280,3732,0.9,Very Good,H,SI1
1842308,2680,0.64,Ideal,G,VVS2
1842309,2602,0.69,Very Good,G,VS1
1842340,2249,0.52,Ideal,F,VVS1
1842346,3391,0.68,Ideal,F,VVS1
1842347,3585,0.71,Ideal,E,VS1
1842357,4196,0.71,Ideal,E,VVS1
1842359,3046,0.63,Ideal,E,VVS2
1842387,2429,0.59,Good,D,VVS2
1842389,2351,0.61,Ideal,E,VS1
1842390,2173,0.55000000000000004,Ideal,G,VVS1
1842487,2249,0.52,Ideal,F,VVS1
1842489,2645,0.77,Very Good,I,VS2
1842668,2296,0.64,Very Good,E,VS2
1842669,2506,0.65,Very Good,E,VS1
1842671,3538,0.7,Ideal,E,VS1
1842672,3253,0.7,Very Good,E,VS1
1842674,2577,0.7,Ideal,I,VVS2
1842675,3788,0.71,Ideal,E,VVS2
1842678,4179,0.73,Ideal,D,VS1
1842680,3556,0.74,Very Good,D,VS2
1842833,2441,0.7,Ideal,G,VS2
1842844,4130,0.91,Good,E,SI1
1842848,4538,0.9,Good,F,VS1
1842856,4620,0.9,Good,D,VS2
1842860,3955,0.9,Good,H,VS1
1842861,2745,0.9,Good,I,SI2
1842866,4538,0.9,Good,F,VS1
1842879,4919,0.91,Good,E,VS1
1842898,2865,0.55000000000000004,Ideal,F,IF
1842982,3802,0.7,Ideal,G,IF
1843064,2722,0.53,Ideal,E,VVS1
1843070,3618,0.72,Ideal,G,VVS1
1843084,4319,0.7,Ideal,F,IF
1843141,4494,0.72,Ideal,F,IF
1843171,3355,0.61,Ideal,F,IF
1843227,3274,0.73,Ideal,H,VVS2
1843261,3005,0.65,Ideal,G,VVS1
1843451,4278,0.8,Ideal,H,VVS1
1843592,4070,0.91,Very Good,E,SI2
1843852,2873,0.72,Ideal,I,IF
1844216,3526,0.72,Very Good,D,VVS2
1844219,2154,0.56999999999999995,Very Good,E,VVS2
1844243,2780,0.54,Ideal,D,VVS1
1844251,2615,0.53,Ideal,D,VVS1
1844356,2864,0.56000000000000005,Ideal,F,IF
1844369,2654,0.56999999999999995,Ideal,E,VVS2
1844683,2780,0.81,Very Good,E,SI2
1844684,4336,0.9,Very Good,D,SI1
1844702,2232,0.75,Good,H,SI2
1844715,3673,0.71,Ideal,E,VVS2
1844724,3845,0.78,Ideal,E,VS2
1844728,2523,0.74,Ideal,G,SI1
1844756,2421,0.6,Very Good,E,VS1
1844758,2872,0.61,Ideal,E,VVS2
1844759,2449,0.55000000000000004,Ideal,E,VVS2
1844766,2658,0.55000000000000004,Ideal,E,VVS2
1844767,2060,0.56000000000000005,Ideal,E,VS1
1844769,2082,0.57999999999999996,Ideal,D,VS2
1844773,2321,0.52,Ideal,F,VVS1
1844775,3459,0.79,Ideal,H,VVS2
1844776,3293,0.8,Very Good,D,SI1
1844784,3316,0.9,Very Good,H,SI2
1844786,2280,0.62,Very Good,F,VS1
1844789,3042,0.64,Ideal,F,VVS1
1844790,3526,0.7,Very Good,D,VS1
1844791,4032,0.7,Very Good,E,VVS1
1844793,2607,0.7,Very Good,E,VS2
1844794,2425,0.7,Very Good,F,SI1
1844796,2181,0.7,Very Good,F,SI2
1844797,2503,0.7,Very Good,H,VS1
1844798,3236,0.71,Good,D,VS1
1844799,2725,0.71,Good,F,VS1
1844800,2262,0.72,Ideal,F,SI2
1844801,3632,0.73,Ideal,F,VVS2
1844981,3656,0.9,Good,I,VVS1
1845009,4144,0.9,Good,E,SI1
1845307,2052,0.5,Ideal,E,VVS2
1845387,3640,0.76,Very Good,F,VS1
1845389,2385,0.72,Ideal,E,SI2
1845467,3407,0.59,Ideal,D,VVS1
1845469,2132,0.59,Ideal,F,VS1
1845470,2531,0.6,Very Good,D,VS1
1845471,2759,0.6,Very Good,E,VVS1
1845473,2571,0.61,Very Good,D,VS1
1845481,3208,0.81,Very Good,I,VVS2
1845482,3598,0.82,Ideal,I,VVS1
1845486,4901,0.9,Good,F,VS1
1845491,3663,0.77,Ideal,E,VS2
1845505,3269,0.63,Very Good,D,VVS2
1845507,2871,0.66,Very Good,D,VS1
1845511,3342,0.7,Ideal,E,VS1
1845512,2955,0.7,Very Good,E,VS2
1845513,3037,0.7,Ideal,E,VS2
1845514,2649,0.7,Very Good,H,VVS2
1845515,2555,0.71,Very Good,E,SI1
1845517,2363,0.71,Ideal,F,SI2
1845520,5000,0.92,Very Good,E,VS2
1845521,4770,0.93,Very Good,E,VS2
1845580,2060,0.51,Very Good,E,VVS2
1845623,2278,0.54,Ideal,E,VVS1
1845996,2001,0.7,Ideal,J,VS2
1846005,2344,0.5,Ideal,E,VVS2
1846415,4219,1.1100000000000001,Very Good,J,SI2
1846455,3505,0.7,Very Good,F,VVS2
1846472,2283,0.53,Very Good,E,VVS2
1846476,4884,0.87,Very Good,E,VS1
1846478,2620,0.75,Ideal,D,SI2
1846480,3112,0.9,Very Good,I,SI2
1846491,3805,0.72,Ideal,F,VVS2
1846807,4997,0.81,Ideal,G,VVS1
1847006,2532,0.62,Ideal,D,VS2
1847362,2304,0.6,Ideal,F,VS1
1847364,3895,0.7,Very Good,F,VVS1
1847371,3671,0.9,Good,G,SI1
1847373,3618,0.91,Very Good,I,VS1
1847393,2255,0.53,Ideal,F,VVS2
1847397,3199,0.6,Very Good,D,VVS2
1847398,2322,0.6,Very Good,E,VS1
1847399,2391,0.6,Very Good,E,VS1
1847400,2451,0.6,Ideal,E,VS1
1847561,2131,0.51,Very Good,D,VVS2
1847630,3729,0.9,Good,I,VS1
1847649,2230,0.61,Very Good,E,VS1
1847774,2275,0.51,Ideal,E,VVS1
1847807,2317,0.52,Ideal,E,VVS1
1847829,2115,0.51,Ideal,E,VVS2
1848003,2166,0.51,Very Good,F,IF
1848281,4890,0.81,Ideal,F,VVS2
1848293,2431,0.7,Good,F,SI1
1848645,2239,0.6,Ideal,E,VS2
1848646,2071,0.54,Ideal,G,VVS2
1848651,2159,0.5,Ideal,E,VVS2
1848660,4183,0.9,Very Good,F,SI1
1848668,3150,0.75,Very Good,G,VS1
1848669,3710,0.76,Very Good,D,VS2
1848670,2958,0.76,Very Good,D,SI1
1848671,3529,0.76,Very Good,E,VS2
1848672,2947,0.77,Ideal,H,VS1
1848684,2281,0.61,Very Good,F,VS1
1848685,2952,0.62,Very Good,E,VVS2
1848687,4127,0.69,Very Good,E,VVS1
1848710,2884,0.7,Very Good,E,VS1
1848712,3629,0.71,Very Good,F,VVS1
1848713,2750,0.71,Ideal,H,VVS2
1848714,2284,0.71,Ideal,I,VS1
1848715,4123,0.72,Ideal,E,VVS1
1848716,3060,0.72,Very Good,G,VVS2
1848717,3556,0.73,Ideal,D,VS2
1848719,3413,0.74,Ideal,E,VS2
1848721,2816,0.74,Ideal,F,SI1
1848732,4544,1,Good,G,SI2
1848777,4814,1.01,Very Good,I,SI1
1848870,4950,1.03,Ideal,I,SI1
1848917,2090,0.57999999999999996,Very Good,H,VVS1
1848926,2534,0.73,Ideal,D,SI2
1848953,3402,0.75,Ideal,G,VS1
1848959,2388,0.64,Very Good,F,VS1
1848977,3514,0.75,Ideal,E,VS2
1848983,2364,0.53,Ideal,F,VVS1
1848985,2034,0.53,Ideal,G,VVS2
1848987,2420,0.61,Very Good,E,VS1
1848989,2748,0.56000000000000005,Ideal,E,VVS1
1848994,3703,0.82,Very Good,D,SI1
1848995,3591,0.83,Ideal,E,SI1
1848998,4918,0.9,Good,E,VS2
1849004,4459,0.75,Very Good,F,VVS1
1849161,2984,0.7,Very Good,E,VS1
1849284,2188,0.61,Ideal,H,VVS1
1849298,3956,0.9,Ideal,D,SI2
1849314,3076,0.7,Very Good,D,VS1
1849343,3037,0.8,Ideal,I,VVS1
1849350,3128,0.72,Very Good,H,VVS1
1849353,2013,0.55000000000000004,Very Good,D,VS2
1849386,4146,0.9,Very Good,D,SI1
1849406,3117,0.71,Very Good,D,VS1
1849437,2118,0.52,Ideal,E,VVS2
1849441,2578,0.56999999999999995,Ideal,D,VVS2
1849462,2498,0.62,Very Good,E,VS1
1849463,2773,0.64,Ideal,F,VVS2
1849464,2484,0.65,Very Good,F,VS1
1849465,3383,0.7,Good,D,VS1
1849469,2981,0.73,Ideal,D,SI1
1849470,4880,0.74,Ideal,D,VVS2
1849476,2922,0.91,Good,J,VS2
1849534,3698,0.71,Signature Ideal,E,VS1
1849621,4893,1.1599999999999999,Very Good,I,SI2
1849675,2076,0.6,Ideal,H,VVS2
1849676,2382,0.61,Ideal,E,VS1
1849703,4077,0.83,Very Good,E,VS2
1849708,2227,0.5,Very Good,E,VVS2
1849709,4982,0.9,Very Good,E,VS2
1849712,3327,0.74,Very Good,E,VS2
1849725,2208,0.51,Ideal,F,VVS1
1849771,2080,0.54,Ideal,D,VS1
1849773,2481,0.6,Ideal,E,VS1
1849780,2265,0.51,Very Good,D,VVS2
1849781,2279,0.51,Ideal,E,VVS2
1849783,2459,0.51,Ideal,F,IF
1849788,3484,0.76,Very Good,E,VS2
1849800,3433,0.9,Good,F,SI2
1849804,2408,0.68,Very Good,G,VS1
1849805,4016,0.7,Ideal,E,VVS1
1849806,2503,0.7,Very Good,F,SI1
1849807,3751,0.71,Ideal,D,VS1
1849808,3331,0.71,Ideal,F,VS1
1849824,4810,1,Very Good,F,SI2
1849908,3571,0.78,Good,E,VS1
1850224,2585,0.52,Ideal,E,VVS2
1850234,4524,1,Very Good,I,SI2
1850567,4952,0.81,Signature Ideal,E,VS2
1850577,4946,1.03,Very Good,F,SI2
1850607,3060,0.75,Ideal,E,SI1
1850643,3242,0.71,Very Good,E,VS2
1850666,3508,0.71,Ideal,D,VS2
1850670,2420,0.61,Ideal,E,VS1
1850677,4195,1.01,Very Good,J,SI1
1850680,4142,0.7,Good,D,VVS1
1851883,4048,0.82,Ideal,E,VS2
1851885,3985,0.66,Signature Ideal,D,VVS2
1851987,2914,0.56000000000000005,Ideal,F,IF
1852001,3822,0.74,Ideal,H,IF
1852008,3773,0.73,Ideal,H,IF
1852010,3903,0.71,Ideal,G,IF
1852185,3023,0.7,Ideal,F,VS2
1852234,4715,1.01,Ideal,H,SI2
1852259,4482,1.05,Ideal,I,SI2
1852269,4792,1.04,Ideal,H,SI2
1852920,3182,0.7,Very Good,E,VS1
1852996,2208,0.51,Very Good,F,VVS1
1853010,2874,0.61,Ideal,E,VVS2
1853012,3562,0.69,Very Good,D,VVS2
1853016,3119,0.62,Very Good,E,VVS1
1853023,2545,0.6,Ideal,G,VVS1
1853024,2996,0.61,Ideal,E,VVS1
1853036,2332,0.51,Very Good,E,VVS1
1853048,2342,0.53,Ideal,E,VVS2
1853051,2426,0.51,Ideal,E,VVS1
1853055,2516,0.53,Ideal,E,VVS1
1853056,2426,0.51,Ideal,E,VVS1
1853068,2877,0.56999999999999995,Ideal,E,VVS1
1853076,2384,0.54,Ideal,E,VVS2
1853078,2561,0.54,Ideal,E,VVS1
1853085,2551,0.57999999999999996,Ideal,E,VVS2
1853095,4820,0.8,Ideal,G,IF
1853096,3465,0.81,Ideal,I,VVS1
1853487,2008,0.49,Good,E,VS1
1853522,2467,0.5,Very Good,F,VVS1
1853673,2650,0.5,Very Good,E,VVS1
1853734,2499,0.47,Very Good,D,VVS2
1853747,4701,0.91,Good,G,VS2
1853819,2933,0.7,Good,H,VVS1
1853859,2600,0.7,Good,E,SI1
1853926,4055,0.9,Good,I,VS1
1853965,3194,0.7,Good,G,VVS1
1853970,2245,0.7,Fair,I,VVS2
1853975,2989,0.7,Good,G,VVS2
1854081,2701,0.7,Good,G,VS1
1854091,2047,0.7,Good,I,VS2
1854160,3043,0.7,Good,F,VS1
1854181,3880,0.52,Very Good,D,IF
1854388,3728,0.71,Very Good,E,VVS1
1854464,2884,0.7,Good,E,VS1
1854465,3117,0.71,Ideal,D,VS1
1854466,3029,0.7,Good,D,VS1
1854467,3029,0.7,Very Good,D,VS1
1854470,2566,0.7,Very Good,E,VS2
1854475,2689,0.7,Very Good,E,VS2
1854661,2572,0.71,Very Good,H,VVS2
1854667,2981,0.72,Very Good,E,VS2
1854688,4478,0.9,Very Good,D,SI1
1854695,2334,0.74,Very Good,F,SI1
1854713,2985,0.91,Very Good,I,SI2
1854759,2812,0.7,Very Good,F,VS1
1854771,3572,0.9,Very Good,I,VS1
1854788,4218,0.9,Very Good,H,VS1
1854804,4416,0.81,Ideal,G,VVS1
1854813,3145,0.7,Ideal,H,IF
1854814,3681,0.75,Ideal,H,IF
1854860,2521,0.71,Ideal,I,VVS2
1855018,2385,0.56000000000000005,Ideal,G,IF
1855022,3925,0.76,Ideal,E,VS1
1855025,2970,0.74,Ideal,E,SI1
1855026,2385,0.56000000000000005,Ideal,G,IF
1855028,2257,0.51,Ideal,E,VVS2
1855033,2172,0.51,Ideal,G,IF
1855039,2426,0.56999999999999995,Ideal,G,IF
1855041,2530,0.73,Very Good,I,VVS2
1855049,2894,0.72,Ideal,E,SI1
1855051,2605,0.72,Very Good,I,VVS1
1855052,2581,0.71,Very Good,I,VVS1
1855054,2257,0.51,Ideal,E,VVS2
1855056,2141,0.61,Ideal,E,VS2
1855057,2257,0.51,Ideal,E,VVS2
1855059,2897,0.65,Very Good,G,IF
1855066,2498,0.59,Ideal,G,IF
1855069,2250,0.7,Ideal,I,VS1
1855181,4770,0.98,Very Good,H,SI1
1855295,3426,0.73,Ideal,G,VVS2
1855297,3452,0.74,Ideal,G,VVS1
1855301,3357,0.74,Ideal,G,VVS2
1855304,3934,0.78,Ideal,G,VVS1
1855309,2173,0.55000000000000004,Ideal,G,VVS1
1855329,2844,0.5,Ideal,D,VVS1
1855331,2279,0.51,Ideal,F,VVS1
1855366,3307,0.64,Ideal,E,VVS1
1855375,3106,0.71,Ideal,G,VVS2
1855382,2080,0.52,Ideal,F,VVS2
1855391,2127,0.54,Ideal,F,VVS2
1855397,2574,0.59,Ideal,F,VVS1
1855401,3438,0.61,Ideal,E,IF
1855408,3681,0.72,Ideal,F,VVS1
1855409,3615,0.72,Ideal,F,VVS1
1855410,3732,0.72,Ideal,F,VVS1
1855417,3361,0.73,Ideal,G,VVS1
1855418,3559,0.73,Very Good,F,VVS1
1855430,2575,0.57999999999999996,Ideal,E,VVS2
1855431,2653,0.59,Ideal,F,VVS1
1855534,3746,0.71,Ideal,F,VVS1
1855571,2013,0.51,Ideal,G,VVS1
1855573,2041,0.51,Ideal,F,VVS2
1855611,4073,0.71,Ideal,E,VVS1
1855624,3227,0.55000000000000004,Ideal,D,VVS1
1855629,3758,0.6,Ideal,D,VVS1
1855630,3025,0.6,Ideal,D,VVS2
1855631,2829,0.6,Ideal,E,VVS2
1855638,3564,0.72,Very Good,F,VVS1
1855639,3732,0.72,Ideal,F,VVS1
1855641,4308,0.73,Ideal,E,VVS1
1855658,3983,0.78,Ideal,G,VVS1
1855796,3678,0.72,Ideal,F,VVS1
1855814,2279,0.51,Ideal,F,VVS1
1855865,2528,0.52,Ideal,D,VVS2
1855866,2540,0.53,Ideal,E,VVS1
1855867,3028,0.53,Ideal,D,VVS1
1855869,3227,0.55000000000000004,Ideal,D,VVS1
1855881,3500,0.6,Ideal,E,IF
1855889,3847,0.72,Ideal,F,VVS1
1855890,4252,0.72,Ideal,E,VVS1
1855893,2406,0.55000000000000004,Ideal,F,VVS1
1855895,2491,0.56000000000000005,Ideal,F,VVS1
1855914,3555,0.61,Ideal,E,IF
1855915,2583,0.61,Ideal,F,VVS2
1856021,2449,0.56000000000000005,Ideal,E,VVS2
1856022,3726,0.73,Very Good,F,VVS1
1856049,2041,0.51,Ideal,G,VVS1
1856083,3814,0.65,Ideal,D,VVS1
1856088,3106,0.71,Ideal,G,VVS2
1856093,2453,0.52,Ideal,E,VVS1
1856096,2494,0.52,Ideal,E,VVS1
1856097,2419,0.52,Ideal,E,VVS1
1856099,3807,0.53,Ideal,D,VVS1
1856107,3629,0.71,Ideal,F,VVS1
1856109,3796,0.72,Ideal,F,VVS1
1856110,3732,0.72,Ideal,F,VVS1
1856112,3732,0.72,Ideal,F,VVS1
1856122,3463,0.75,Ideal,H,VVS1
1856143,2025,0.61,Ideal,I,VVS1
1856144,3270,0.61,Ideal,D,VVS1
1856147,2754,0.61,Ideal,E,VVS2
1856149,3935,0.62,Ideal,D,VVS1
1856242,3781,0.73,Ideal,F,VVS1
1856270,2375,0.51,Ideal,D,VVS2
1856291,2279,0.51,Ideal,F,VVS1
1856307,2633,0.63,Ideal,G,VVS1
1856309,3264,0.64,Ideal,E,VVS1
1856313,3913,0.71,Ideal,F,VVS1
1856318,2409,0.52,Ideal,E,VVS1
1856330,3378,0.71,Ideal,G,VVS1
1856331,3847,0.72,Ideal,F,VVS1
1856337,2196,0.55000000000000004,Ideal,F,VVS2
1856340,2712,0.56000000000000005,Ideal,D,VVS2
1856343,4440,0.73,Ideal,E,VVS1
1856345,3726,0.73,Ideal,F,VVS1
1856359,3337,0.56999999999999995,Ideal,D,VVS1
1856362,2715,0.57999999999999996,Ideal,E,VVS2
1856375,2538,0.62,Ideal,H,IF
1856495,2236,0.5,Ideal,F,VVS1
1856499,2041,0.51,Ideal,G,VVS1
1856556,3727,0.61,Ideal,D,VVS1
1856560,3135,0.55000000000000004,Ideal,D,VVS1
1856565,3791,0.75,Ideal,G,VVS1
1856571,4672,0.78,Ideal,D,VVS2
1856594,3486,0.63,Ideal,E,IF
1856693,2029,0.5,Ideal,G,VVS1
1856753,2837,0.52,Ideal,D,VVS1
1856755,2453,0.52,Ideal,E,VVS1
1856758,2321,0.52,Ideal,F,VVS1
1856763,2089,0.53,Ideal,G,VVS1
1856768,2408,0.55000000000000004,Ideal,F,VVS1
1856785,2824,0.55000000000000004,Ideal,E,IF
1856789,2264,0.56000000000000005,Ideal,G,VVS1
1856804,3392,0.56999999999999995,Ideal,D,VVS1
1856805,2575,0.57999999999999996,Ideal,F,VVS1
1856892,3565,0.62,Ideal,E,IF
1856907,3963,0.71,Ideal,E,VVS1
1856915,2108,0.52,Ideal,G,VVS1
1856926,2640,0.5,Ideal,D,VVS1
1856952,2279,0.51,Ideal,F,VVS1
1856953,2408,0.51,Ideal,E,VVS1
1856954,3666,0.63,Ideal,E,IF
1856957,3800,0.65,Ideal,D,VVS1
1856959,4073,0.7,Ideal,E,VVS1
1856965,2778,0.52,Ideal,D,VVS1
1856972,2828,0.53,Ideal,D,VVS1
1856974,2585,0.54,Ideal,E,VVS1
1856976,2365,0.55000000000000004,Ideal,F,VVS1
1856994,3527,0.71,Ideal,E,VVS2
1856999,2676,0.56000000000000005,Ideal,E,VVS1
1857000,2264,0.56000000000000005,Ideal,G,VVS1
1857018,2209,0.56999999999999995,Ideal,G,VVS1
1857030,4585,0.62,Ideal,D,IF
1857032,3995,0.63,Ideal,D,VVS1
1857119,3023,0.52,Ideal,D,VVS1
1857120,3028,0.53,Ideal,D,VVS1
1857142,2880,0.73,Ideal,I,VVS1
1857143,2835,0.7,Ideal,H,VVS2
1857144,3392,0.74,Ideal,H,VVS1
1857145,3034,0.73,Ideal,H,VVS2
1857146,2995,0.72,Ideal,H,VVS2
1857423,2672,0.56000000000000005,Ideal,F,IF
1857428,3378,0.57999999999999996,Ideal,D,VVS1
1857430,2573,0.54,Ideal,F,IF
1857435,2329,0.62,Ideal,F,VS1
1857438,2365,0.63,Ideal,F,VS1
1857440,2806,0.64,Ideal,F,VVS2
1857441,2086,0.51,Ideal,F,VVS2
1857442,2528,0.53,Ideal,F,IF
1857443,2080,0.53,Ideal,F,VVS2
1857444,2573,0.54,Ideal,F,IF
1857445,3004,0.51,Ideal,D,VVS1
1857477,2776,0.78,Ideal,I,VS1
1857479,3473,0.8,Very Good,H,VS1
1857486,2374,0.72,Ideal,I,VS2
1857491,2703,0.63,Ideal,E,VS1
1857504,3119,0.7,Very Good,F,VS1
1857529,3188,0.74,Ideal,H,VVS2
1857530,3473,0.8,Very Good,H,VS1
1857542,3087,0.81,Ideal,I,VS1
1857545,4056,0.72,Ideal,E,VVS2
1857546,4622,0.71,Ideal,F,IF
1857877,2888,0.73,Very Good,D,SI1
1857891,2785,0.59,Ideal,D,VVS2
1857897,3115,0.53,Ideal,D,VVS1
1857898,2443,0.55000000000000004,Ideal,D,VVS2
1857899,2426,0.51,Ideal,D,VVS2
1857900,4031,0.76,Very Good,D,VS1
1857902,3305,0.79,Ideal,D,SI1
1857905,2070,0.57999999999999996,Very Good,D,VS2
1857906,2001,0.56000000000000005,Ideal,D,VS2
1857908,2813,0.71,Very Good,D,SI1
1857915,3102,0.76,Ideal,I,VVS1
1857916,2500,0.77,Ideal,J,VVS1
1857918,3268,0.75,Ideal,I,IF
1857919,2753,0.71,Ideal,H,VS1
1857947,3514,0.9,Very Good,I,VS1
1857950,2576,0.7,Very Good,H,VVS2
1857964,2532,0.62,Ideal,H,VVS1
1857965,2479,0.63,Ideal,H,VVS1
1858015,3865,0.64,Ideal,D,VVS1
1858047,3579,0.67,Ideal,F,IF
1858178,4531,0.71,Signature Ideal,F,VVS1
1858193,3794,0.73,Signature Ideal,H,VVS1
1858212,4953,0.78,Signature Ideal,G,VVS1
1858484,2426,0.71,Ideal,H,VS2
1858598,3755,0.78,Ideal,G,VVS2
1858673,2075,0.5,Ideal,E,VVS2
1858677,2444,0.55000000000000004,Ideal,E,VVS1
1858722,4807,1.04,Very Good,I,SI1
1858728,2075,0.5,Ideal,E,VVS2
1859140,2137,0.5,Very Good,D,VVS2
1859290,2402,0.54,Ideal,E,VVS1
1859466,4636,1.01,Ideal,J,SI1
1859693,2977,0.61,Ideal,E,VVS2
1860060,4743,1.03,Ideal,I,SI2
1860272,2254,0.53,Good,D,VVS2
1860415,2128,0.5,Ideal,E,VVS2
1860462,3235,0.8,Ideal,I,VVS2
1860483,2433,0.63,Very Good,E,VS1
1860621,4311,0.73,Ideal,F,VVS1
1860625,3378,0.83,Ideal,E,SI2
1860647,2288,0.6,Ideal,H,VVS2
1860650,2241,0.62,Ideal,H,VVS2
1860886,4156,0.72,Signature Ideal,G,VVS2
1860913,2870,0.67,Ideal,G,VVS1
1860921,2658,0.61,Ideal,G,VVS1
1860922,3093,0.7,Ideal,G,VVS2
1860927,2073,0.71,Ideal,I,SI1
1860928,3172,0.61,Ideal,E,VVS1
1860929,3303,0.6,Ideal,F,IF
1861276,3154,0.8,Very Good,H,VS1
1861296,2700,0.51,Very Good,D,VVS1
1861346,2100,0.72,Very Good,E,SI2
1861348,2550,0.76,Ideal,G,SI2
1861407,2080,0.7,Very Good,F,SI2
1861408,2939,0.8,Very Good,E,SI2
1861447,3642,0.83,Very Good,D,SI1
1861465,2331,0.7,Very Good,G,SI1
1861466,2366,0.7,Very Good,D,SI2
1861467,2435,0.7,Good,F,SI1
1861494,2050,0.7,Good,E,SI2
1861540,2247,0.7,Very Good,E,SI2
1861543,2167,0.73,Very Good,F,SI2
1861544,4100,0.77,Very Good,D,VS1
1861545,3797,1.01,Good,I,SI2
1861553,2251,0.81,Good,H,SI2
1861556,2346,0.79,Very Good,H,SI2
1861603,2191,0.7,Good,E,SI2
1861622,2240,0.7,Very Good,E,SI2
1861730,2283,0.7,Very Good,H,VS2
1861732,2080,0.7,Very Good,F,SI2
1861733,2366,0.7,Very Good,D,SI2
1861734,2205,0.71,Ideal,E,SI2
1861739,4576,0.81,Very Good,D,VS1
1861761,3614,0.79,Very Good,E,VS2
1861995,4560,1.01,Very Good,J,VS2
1862033,2014,0.72,Ideal,I,SI1
1862039,2362,0.71,Ideal,H,SI1
1862042,2162,0.71,Ideal,H,SI2
1862053,2327,0.73,Ideal,H,SI1
1862058,2133,0.7,Ideal,I,SI1
1862063,2192,0.72,Ideal,H,SI2
1862064,2162,0.71,Ideal,H,SI2
1862067,2365,0.72,Ideal,H,SI1
1862068,2073,0.71,Ideal,H,SI2
1862076,2362,0.71,Ideal,H,SI1
1862078,2162,0.71,Ideal,H,SI2
1862080,2267,0.71,Ideal,H,SI1
1862086,2073,0.71,Ideal,I,SI1
1862087,2133,0.7,Ideal,H,SI2
1862098,2162,0.71,Ideal,H,SI2
1862157,4233,0.8,Ideal,F,VS1
1862167,4006,0.8,Very Good,F,VS1
1862269,3160,0.83,Ideal,F,SI2
1862307,2744,0.9,Very Good,J,SI1
1862317,2482,0.55000000000000004,Ideal,F,VVS1
1862329,2186,0.51,Ideal,G,IF
1862407,2021,0.7,Ideal,J,VVS2
1862414,2849,0.9,Good,H,SI2
1862417,3190,0.8,Very Good,I,VVS1
1862418,3863,0.8,Ideal,E,VS2
1862424,4448,0.9,Very Good,G,VS1
1862425,2870,0.75,Ideal,E,SI1
1862448,2249,0.7,Ideal,E,SI2
1862468,2034,0.7,Very Good,J,IF
1862473,2043,0.7,Ideal,F,SI2
1862509,3335,0.9,Ideal,H,SI2
1862545,2610,0.57999999999999996,Ideal,E,VVS2
1862552,3634,0.7,Ideal,F,VVS1
1862566,2843,0.8,Very Good,I,VS1
1862571,3533,0.9,Good,D,SI2
1862591,2400,0.57999999999999996,Ideal,H,IF
1862606,3358,0.81,Ideal,I,VVS2
1862611,2866,0.62,Ideal,G,IF
1862619,2326,0.7,Good,G,VS2
1862691,2978,0.9,Very Good,J,SI1
1862798,4326,0.91,Ideal,H,SI1
1862800,3565,0.92,Ideal,I,SI2
1862849,4752,1.02,Very Good,I,SI1
1862899,2773,0.7,Very Good,F,VS2
1862989,2091,0.5,Good,E,VVS1
1863121,2863,0.6,Very Good,E,VVS2
1863352,3321,0.91,Good,I,VS2
1863385,4115,1,Good,J,VVS2
1863600,2882,0.8,Ideal,J,IF
1863614,2034,0.7,Very Good,J,IF
1863650,2621,0.62,Ideal,H,IF
1863710,2288,0.61,Ideal,H,VVS2
1863797,4930,0.73,Ideal,E,IF
1863808,4465,0.57999999999999996,Ideal,D,IF
1863830,2793,0.75,Ideal,F,SI1
1864074,4486,1.05,Ideal,I,SI2
1864113,3046,0.8,Good,H,VS2
1864116,2868,0.72,Very Good,E,VS1
1864118,3785,0.85,Good,G,VS1
1864136,3235,0.8,Ideal,I,VVS2
1864246,2276,0.73,Very Good,D,SI2
1864370,2488,0.64,Ideal,F,VS1
1864371,2568,0.63,Ideal,E,VS1
1864448,2691,0.8,Ideal,J,VVS2
1864496,2815,0.7,Ideal,E,SI1
1864604,3956,0.73,Ideal,G,IF
1864653,4387,1.03,Very Good,I,SI2
1864654,3893,1,Very Good,J,SI2
1864672,4591,1.02,Good,E,SI2
1864673,3529,0.96,Good,F,SI2
1864732,4554,1.02,Ideal,I,SI2
1864808,4372,1.01,Very Good,H,SI2
1864845,2748,0.56999999999999995,Very Good,D,VVS2
1864873,3649,0.7,Signature Ideal,G,VVS1
1864874,2337,0.54,Signature Ideal,F,VVS2
1864895,3438,0.71,Ideal,E,VVS2
1864950,4867,1.1399999999999999,Very Good,J,VS2
1865114,2587,0.54,Ideal,D,VVS2
1865180,2618,0.71,Very Good,D,SI1
1865183,2363,0.71,Very Good,G,SI1
1865257,4412,1.01,Good,J,VS2
1865296,3532,0.9,Very Good,H,SI1
1865328,4757,1.1599999999999999,Very Good,J,SI2
1865344,2700,0.73,Ideal,E,SI1
1865350,4324,1.05,Very Good,H,SI2
1865387,2872,0.8,Ideal,I,VS2
1865456,3049,0.74,Good,G,VS1
1865505,2430,0.51,Ideal,G,IF
1865683,2341,0.59,Ideal,G,IF
1865727,3911,0.7,Ideal,E,VVS1
1865738,3504,0.9,Very Good,J,VVS1
1865841,2370,0.75,Ideal,G,SI2
1865843,3796,0.72,Ideal,F,VVS1
1865999,2607,0.53,Ideal,E,VVS2
1866048,2620,0.54,Ideal,D,VVS2
1866049,4446,0.91,Very Good,E,SI1
1866062,2532,0.61,Ideal,F,VS1
1866107,2179,0.7,Very Good,F,SI1
1866196,2755,0.51,Ideal,F,IF
1866553,4749,0.71,Very Good,E,IF
1866649,2375,0.57999999999999996,Ideal,F,VVS2
1866654,2196,0.54,Ideal,F,VVS2
1866663,4235,0.74,Ideal,E,VVS1
1867001,2011,0.5,Good,F,VVS1
1867002,3633,0.9,Good,E,SI2
1867005,2236,0.5,Ideal,F,VVS1
1867019,3458,0.8,Good,H,VVS2
1867021,2747,0.5,Ideal,E,IF
1867022,4358,0.9,Good,G,VS1
1867028,4369,0.9,Good,D,SI1
1867036,3606,0.9,Ideal,J,VVS2
1867038,2019,0.5,Good,E,VVS2
1867039,2279,0.51,Ideal,E,VVS2
1867041,2403,0.5,Very Good,D,VVS2
1867045,2403,0.5,Very Good,D,VVS2
1867046,2837,0.52,Ideal,D,VVS1
1867047,2364,0.53,Very Good,E,VVS2
1867049,2540,0.53,Ideal,E,VVS1
1867052,2010,0.5,Very Good,H,VVS1
1867055,3927,0.9,Very Good,I,VS1
1867069,2236,0.5,Very Good,E,VVS2
1867077,2173,0.5,Good,E,VVS1
1867079,2449,0.51,Ideal,E,VVS1
1867084,2403,0.5,Very Good,D,VVS2
1867149,4446,0.93,Good,I,VVS1
1867302,4252,0.9,Very Good,H,VS2
1867387,2750,0.85,Very Good,G,SI2
1867402,2714,0.7,Good,G,VS2
1867435,3682,0.6,Ideal,D,VVS1
1867466,4490,1,Ideal,I,SI2
1867496,2578,0.5,Ideal,E,VVS1
1867527,2010,0.5,Very Good,H,VVS1
1867531,2005,0.5,Very Good,E,VVS2
1867534,2733,0.5,Ideal,D,VVS1
1867535,2236,0.5,Very Good,E,VVS2
1867559,4693,1.1100000000000001,Very Good,I,SI2
1867562,4552,1.01,Very Good,G,SI2
1867564,4937,1.01,Ideal,I,SI1
1867601,2157,0.76,Very Good,G,SI2
1868463,2488,0.75,Very Good,J,VVS1
1868465,3242,0.83,Ideal,I,VS1
1868466,2591,0.8,Ideal,J,VVS2
1868469,4778,1.1599999999999999,Very Good,J,SI1
1869095,3007,0.81,Ideal,I,VS1
1869096,2901,0.8,Ideal,I,VS1
1869312,2024,0.71,Ideal,G,SI2
1869774,4687,1.17,Ideal,J,SI2
1869779,3462,0.63,Very Good,D,VVS1
1869817,2668,0.6,Signature Ideal,E,VS1
1870027,2407,0.83,Very Good,J,VVS2
1870029,2655,0.78,Ideal,I,VVS1
1870037,4638,1.04,Ideal,H,SI2
1870041,4332,1.04,Very Good,H,SI2
1870049,4505,1,Good,E,SI2
1870051,4927,1.1100000000000001,Ideal,I,SI2
1870174,4929,1.01,Good,I,VS2
1870175,4922,1.03,Ideal,G,SI2
1870189,3514,0.72,Ideal,F,VS1
1870235,4600,0.73,Signature Ideal,E,VS1
1870294,2340,0.54,Ideal,G,IF
1870339,4196,0.9,Ideal,G,SI1
1870344,3751,0.9,Very Good,I,VS1
1870402,2172,0.71,Very Good,E,SI2
1870432,4707,0.91,Ideal,J,IF
1870486,4267,0.8,Ideal,H,IF
1870531,3875,0.8,Very Good,E,VS2
1870532,2913,0.8,Ideal,H,SI1
1870542,2012,0.61,Ideal,H,VS1
1870582,2754,0.7,Ideal,H,VVS1
1870628,3501,0.9,Very Good,G,SI1
1870633,2621,0.7,Ideal,I,VVS1
1870637,3802,0.7,Ideal,G,IF
1870663,2060,0.51,Ideal,E,VVS2
1870667,2239,0.5,Ideal,E,VVS1
1870705,4217,0.91,Ideal,I,VS1
1870708,3173,0.7,Very Good,F,VS1
1871067,2055,0.59,Very Good,E,VS1
1871424,2055,0.59,Ideal,H,VVS2
1871457,2035,0.72,Very Good,F,SI2
1871480,4202,1.01,Good,F,SI2
1871547,4968,1,Good,D,SI2
1871551,4351,1,Good,F,SI2
1871566,2213,0.7,Ideal,F,SI1
1871568,3054,0.72,Ideal,E,VS1
1871573,2292,0.71,Very Good,I,VVS2
1871578,4856,0.81,Ideal,E,VVS2
1871579,4671,0.9,Very Good,F,VS2
1871599,2298,0.59,Ideal,E,VVS2
1871616,3445,0.7,Ideal,F,VVS1
1871657,4296,0.9,Very Good,F,SI1
1871665,2665,0.71,Very Good,D,SI1
1871703,2721,0.56999999999999995,Very Good,E,VVS1
1871739,3944,1.02,Very Good,J,SI1
1871744,2232,0.6,Very Good,H,IF
1871750,2883,0.61,Very Good,F,VVS1
1871766,2474,0.63,Very Good,G,VVS2
1871768,4692,0.76,Ideal,E,VVS1
1871793,2667,0.7,Ideal,D,SI1
1871809,2437,0.5,Very Good,D,VVS1
1871820,2947,0.56999999999999995,Very Good,D,VVS1
1871828,2511,0.5,Very Good,D,VVS1
1871885,3440,0.82,Very Good,E,SI1
1871897,2218,0.56000000000000005,Very Good,G,IF
1871905,3161,0.7,Very Good,F,VVS2
1871917,2159,0.5,Very Good,E,VVS2
1871919,2493,0.7,Very Good,F,SI1
1871929,2723,0.62,Very Good,E,VVS2
1871949,3005,0.9,Very Good,I,SI1
1872068,2776,0.62,Ideal,G,VVS1
1872072,3886,0.77,Ideal,G,VVS1
1872074,3349,0.74,Ideal,H,VVS1
1872076,2835,0.7,Ideal,H,VVS2
1872225,2701,0.72,Ideal,H,VS1
1872226,2675,0.75,Ideal,I,VS1
1872231,2688,0.78,Ideal,I,VS1
1872274,4544,0.9,Very Good,H,VS1
1872278,2173,0.5,Good,D,VVS2
1872281,3689,0.71,Very Good,G,IF
1872282,4032,0.7,Very Good,E,VVS1
1872332,2618,0.59,Very Good,F,VVS1
1872424,2103,0.6,Very Good,E,VS2
1872434,4140,0.83,Ideal,H,IF
1872545,2403,0.5,Very Good,D,VVS2
1872546,2236,0.52,Ideal,H,IF
1872547,2709,0.7,Very Good,I,VVS2
1872549,2403,0.5,Very Good,E,VVS1
1872552,2709,0.7,Ideal,I,VVS2
1872553,2882,0.71,Good,H,VVS2
1872555,2157,0.5,Very Good,E,VVS1
1872559,2449,0.51,Very Good,E,VVS1
1872568,2059,0.51,Good,E,VVS2
1872574,4001,0.9,Good,I,VVS2
1872580,2100,0.59,Good,G,VVS1
1872581,2019,0.5,Good,E,VVS2
1872623,2236,0.5,Very Good,E,VVS2
1872641,2173,0.5,Good,D,VVS2
1872642,2236,0.5,Very Good,E,VVS2
1872649,2279,0.51,Very Good,E,VVS2
1872671,2066,0.5,Very Good,F,VVS2
1872673,3624,0.7,Very Good,E,VVS2
1872695,2009,0.81,Very Good,J,SI1
1872709,3666,0.72,Very Good,D,VVS2
1872755,4465,0.9,Very Good,H,VS1
1873065,2903,0.73,Ideal,G,VS2
1873107,3788,0.72,Ideal,E,VVS2
1873165,2569,0.56000000000000005,Ideal,F,VVS1
1873389,2351,0.61,Ideal,F,VS2
1873409,3643,0.7,Ideal,F,VVS2
1873414,3694,0.91,Very Good,H,SI1
1873500,3924,0.7,Very Good,D,VVS2
1873520,2247,0.62,Very Good,F,VS2
1873540,4704,0.91,Very Good,G,VS2
1873559,4296,0.9,Very Good,F,SI1
1874075,3639,0.68,Signature Ideal,G,VVS2
1874219,3326,0.9,Very Good,I,SI1
1874239,4486,1.1100000000000001,Very Good,J,SI1
1874307,2000,0.55000000000000004,Very Good,F,VVS2
1874356,4694,1.04,Ideal,I,SI2
1874362,4562,1,Very Good,H,SI2
1874379,4548,1.01,Good,I,SI1
1874581,2364,0.53,Ideal,F,VVS1
1874612,2321,0.52,Ideal,E,VVS2
1874616,2019,0.5,Good,E,VVS2
1874617,2136,0.5,Very Good,G,IF
1874631,2019,0.5,Good,E,VVS2
1874632,2215,0.51,Good,E,VVS1
1874645,4435,0.81,Very Good,H,IF
1874648,2403,0.5,Ideal,E,VVS1
1874653,4830,0.9,Very Good,H,VVS2
1874656,3927,0.9,Very Good,I,VS1
1874661,2733,0.5,Very Good,D,VVS1
1874760,4407,1.01,Good,H,SI2
1874765,3803,0.91,Very Good,G,SI1
1874767,2572,0.81,Very Good,I,SI1
1874778,4410,0.9,Very Good,F,SI1
1874799,2368,0.7,Very Good,E,SI1
1874800,2485,0.7,Very Good,H,VS1
1874817,4088,0.83,Ideal,H,IF
1874819,3534,0.92,Very Good,G,SI2
1874820,3624,0.9,Very Good,F,SI2
1874828,3003,0.92,Very Good,I,SI2
1874841,3412,0.8,Very Good,F,VS2
1874842,2047,0.75,Good,H,SI2
1874843,4563,0.9,Very Good,F,VS2
1874844,3367,0.82,Very Good,E,SI1
1874848,3296,0.86,Very Good,F,SI1
1875006,4125,0.92,Very Good,F,SI1
1875007,4136,0.93,Very Good,F,SI1
1875177,4874,1.08,Ideal,J,VS2
1875267,4377,1.08,Very Good,I,SI2
1875396,2128,0.5,Very Good,E,VVS2
1875408,3183,0.7,Good,F,VVS1
1875412,2067,0.5,Very Good,E,VVS2
1875631,3639,0.7,Ideal,E,VVS1
1875647,3401,0.7,Very Good,E,VS1
1875789,2067,0.5,Very Good,E,VVS2
1875809,2548,0.5,Good,D,VVS1
1875810,2128,0.5,Very Good,E,VVS2
1875816,2721,0.56999999999999995,Very Good,E,VVS1
1875834,2296,0.5,Very Good,E,VVS1
1875873,2236,0.5,Very Good,E,VVS2
1875874,2283,0.53,Very Good,E,VVS2
1875875,2316,0.54,Ideal,G,IF
1875892,3431,0.7,Very Good,F,VVS1
1875898,2886,0.71,Ideal,G,VVS2
1875917,2628,0.56999999999999995,Very Good,E,VVS1
1875918,4070,0.71,Ideal,D,VVS2
1875923,2835,0.6,Very Good,E,VVS1
1875937,2924,0.72,Very Good,G,VVS2
1875944,2091,0.5,Good,D,VVS2
1875945,2844,0.51,Ideal,D,VVS1
1875946,2840,0.7,Good,D,VS2
1876028,3193,0.91,Ideal,J,VS2
1876152,3240,0.72,Ideal,D,VS2
1876199,2403,0.5,Ideal,E,VVS1
1876759,3584,0.8,Ideal,I,IF
1877114,4227,0.65,Ideal,E,IF
1877117,4960,0.78,Ideal,F,VVS1
1877119,3028,0.62,Ideal,F,VVS2
1877560,2493,0.8,Very Good,H,SI2
1877564,2601,0.63,Ideal,D,VS2
1877582,2748,0.8,Very Good,E,SI2
1877588,2376,0.8,Very Good,G,SI2
1877600,2683,0.7,Ideal,F,SI1
1877606,2018,0.7,Ideal,H,SI2
1877614,2032,0.7,Very Good,G,SI2
1877632,3183,0.75,Ideal,D,SI1
1877633,4027,0.72,Ideal,E,VVS1
1877637,2554,0.6,Ideal,D,VS1
1877643,2544,0.63,Ideal,D,VS1
1877648,2024,0.7,Very Good,G,SI2
1877652,2049,0.56999999999999995,Ideal,G,VS1
1877654,2416,0.8,Very Good,H,SI2
1877661,2481,0.6,Ideal,E,VS1
1877672,3240,0.8,Ideal,E,SI1
1877680,2124,0.5,Very Good,E,VVS1
1877707,3356,0.8,Ideal,I,VVS2
1877715,2477,0.64,Ideal,G,VVS2
1877724,2088,0.72,Very Good,G,SI2
1877726,2052,0.63,Ideal,H,VS1
1877732,2134,0.71,Good,G,SI1
1877735,2132,0.71,Ideal,G,SI2
1877745,2067,0.7,Very Good,G,SI1
1877747,2109,0.6,Ideal,D,SI1
1877748,2911,0.6,Ideal,E,VVS1
1877754,3038,0.65,Ideal,F,VVS1
1877755,2269,0.75,Ideal,H,SI2
1877760,3048,0.8,Ideal,E,SI2
1877789,2900,0.7,Ideal,F,VS2
1877821,2185,0.51,Ideal,E,VVS2
1877822,2638,0.8,Very Good,J,IF
1877825,2032,0.7,Very Good,G,SI2
1877831,2084,0.57999999999999996,Ideal,G,VS1
1877833,2272,0.5,Ideal,E,VVS1
1877835,2061,0.72,Ideal,I,SI1
1877847,2481,0.6,Ideal,E,VS1
1877853,2084,0.57999999999999996,Ideal,G,VS1
1877865,2554,0.6,Ideal,D,VS1
1877867,2018,0.7,Ideal,H,SI2
1877873,2937,0.81,Very Good,E,SI2
1877890,2159,0.71,Very Good,G,SI1
1877904,3908,0.8,Ideal,H,VVS1
1877913,2178,0.6,Ideal,E,VS2
1877924,3153,0.7,Ideal,E,VS1
1877925,3487,0.8,Ideal,D,SI2
1877928,2049,0.56999999999999995,Ideal,G,VS1
1877951,2041,0.74,Very Good,G,SI2
1877955,3109,0.7,Very Good,E,VS1
1877957,2124,0.5,Very Good,E,VVS1
1877960,2841,0.8,Good,E,SI2
1877961,2005,0.7,Ideal,I,SI1
1877963,2269,0.75,Ideal,I,SI1
1877965,2818,0.8,Ideal,J,IF
1877967,2481,0.6,Ideal,E,VS1
1877970,2892,0.72,Ideal,F,VS1
1877979,3860,0.8,Ideal,D,SI1
1877981,3160,0.71,Ideal,E,VS2
1877982,2481,0.6,Ideal,E,VS1
1878010,2157,0.55000000000000004,Ideal,F,VVS2
1878225,2385,0.5,Ideal,E,VVS1
1878234,3474,0.7,Ideal,F,VVS2
1878240,2345,0.63,Ideal,E,VS2
1878245,3449,0.93,Ideal,J,VS1
1878277,2291,0.54,Very Good,E,VVS2
1878286,2713,0.73,Very Good,E,VS2
1878292,4512,0.85,Ideal,H,VVS1
1878307,3732,0.9,Very Good,H,SI1
1878319,3312,0.91,Very Good,J,VS1
1878375,3732,0.9,Very Good,H,SI1
1878378,4648,0.9,Ideal,H,VS1
1878882,2550,0.8,Very Good,J,IF
1878888,3002,0.62,Very Good,E,VVS1
1878934,3212,0.73,Signature Ideal,H,VS2
1879008,2286,0.6,Ideal,F,VS1
1879049,2271,0.71,Very Good,I,VS1
1879068,2096,0.54,Ideal,D,VS1
1879104,4510,0.8,Very Good,E,VS1
1879156,3345,0.8,Very Good,H,VS1
1879162,3132,0.71,Very Good,F,VS1
1879192,3226,0.7,Very Good,D,VS2
1879233,2286,0.6,Ideal,F,VS1
1879248,2026,0.6,Ideal,F,VS2
1879258,2309,0.72,Very Good,I,VS1
1879261,4510,0.8,Very Good,E,VS1
1879262,4187,0.8,Ideal,F,VS1
1879265,2495,0.6,Ideal,D,VS1
1880140,4262,0.9,Very Good,E,SI1
1880156,4764,1.01,Ideal,H,SI2
1880354,2770,0.61,Signature Ideal,D,VS2
1880361,2082,0.56999999999999995,Signature Ideal,G,VS1
1880489,2491,0.56000000000000005,Ideal,F,VVS1
1880587,3329,0.91,Very Good,H,SI2
1880616,3780,0.91,Very Good,F,SI2
1880799,2358,0.62,Very Good,F,VVS2
1880841,4380,0.92,Ideal,I,VS1
1880842,3087,0.82,Ideal,I,VS1
1880884,2803,0.87,Very Good,F,SI2
1880886,4295,1.1399999999999999,Very Good,J,SI2
1880920,4032,0.96,Very Good,G,SI2
1880959,3402,0.9,Very Good,H,SI2
1880973,3438,0.91,Very Good,H,SI2
1880982,3172,0.91,Good,H,SI2
1881011,2507,0.83,Ideal,J,VS2
1881043,3170,0.9,Ideal,J,VS2
1881094,2311,0.56000000000000005,Ideal,H,IF
1881125,3307,0.52,Ideal,D,VVS1
1881127,2118,0.5,Ideal,G,VVS1
1881295,2323,0.52,Ideal,F,VVS2
1881297,2460,0.55000000000000004,Ideal,F,VVS2
1881307,2069,0.53,Ideal,G,VVS2
1881332,2535,0.64,Ideal,G,VVS2
1881334,2261,0.61,Ideal,H,VVS2
1881335,2151,0.62,Ideal,H,VVS2
1881340,3208,0.8,Very Good,I,VVS2
1881343,2143,0.62,Ideal,G,VS1
1881456,2402,0.56999999999999995,Ideal,G,VVS1
1881495,2202,0.54,Ideal,H,VVS1
1881545,2154,0.53,Ideal,H,VVS1
1881714,2159,0.5,Very Good,E,VVS2
1881733,2225,0.6,Ideal,H,VVS2
1881749,3289,0.65,Ideal,F,VVS1
1881761,2298,0.61,Ideal,D,VS2
1881768,2476,0.71,Very Good,H,VS2
1881850,4552,0.84,Ideal,H,VVS1
1881986,2323,0.52,Ideal,F,VVS2
1882011,3433,0.9,Fair,H,VS2
1882069,2704,0.56000000000000005,Ideal,F,VVS1
1882071,2083,0.51,Ideal,H,VVS1
1882249,2183,0.56000000000000005,Ideal,G,VVS2
1882251,2434,0.51,Ideal,E,VVS2
1882252,2237,0.5,Ideal,F,VVS2
1882253,2246,0.5,Ideal,F,VVS2
1882254,2237,0.5,Ideal,F,VVS2
1882257,2096,0.53,Ideal,E,VS1
1882263,2181,0.5,Very Good,F,VVS2
1882275,2422,0.61,Ideal,G,VVS2
1882278,2621,0.7,Ideal,I,VVS2
1882280,2782,0.8,Very Good,J,VVS2
1882318,2466,0.71,Very Good,H,VS2
1882366,2421,0.71,Ideal,G,VS2
1882394,3139,0.9,Good,H,SI2
1882424,2220,0.56999999999999995,Ideal,G,VVS2
1882464,3347,0.72,Very Good,H,VVS1
1882478,2465,0.51,Ideal,F,VVS1
1882638,2009,0.54,Ideal,F,VS1
1882644,2289,0.51,Ideal,F,VVS2
1882645,2332,0.52,Ideal,F,VVS2
1882648,2502,0.56000000000000005,Ideal,F,VVS2
1882649,2172,0.56000000000000005,Ideal,F,VVS2
1882655,2441,0.51,Ideal,D,VVS2
1882664,2181,0.5,Very Good,F,VVS2
1882665,2280,0.51,Ideal,F,VVS2
1882671,2672,0.7,Ideal,H,VS1
1882676,2015,0.56999999999999995,Very Good,H,VVS2
1882685,2705,0.6,Ideal,F,VVS2
1882687,2497,0.63,Ideal,G,VVS2
1882688,2129,0.6,Very Good,H,VVS2
1882690,2261,0.61,Ideal,H,VVS2
1882691,2296,0.62,Ideal,H,VVS2
1882816,2433,0.7,Very Good,H,VS2
1882881,2402,0.56999999999999995,Ideal,G,VVS1
1883029,2009,0.54,Ideal,F,VS1
1883034,2587,0.57999999999999996,Ideal,F,VVS2
1883042,2181,0.5,Very Good,F,VVS2
1883049,2744,0.72,Ideal,H,VS1
1883062,2402,0.61,Very Good,D,VS1
1883068,3059,0.74,Ideal,G,VS1
1883085,2466,0.71,Very Good,H,VS2
1883174,2291,0.71,Very Good,G,SI1
1883243,2706,0.64,Ideal,G,VVS1
1883244,2682,0.64,Ideal,H,VVS1
1883265,2784,0.56000000000000005,Ideal,E,VVS1
1883267,2795,0.57999999999999996,Ideal,F,VVS1
1883286,2156,0.62,Good,D,VS2
1883393,2481,0.6,Ideal,E,VS1
1883399,2586,0.6,Ideal,F,VVS2
1883409,2288,0.61,Ideal,G,VS1
1883433,3151,0.63,Ideal,F,IF
1883455,2708,0.63,Ideal,F,VVS2
1883461,2749,0.64,Ideal,F,VVS2
1883490,2288,0.61,Ideal,G,VS1
1883503,3669,0.73,Ideal,D,VS1
1883508,2018,0.5,Ideal,D,VS2
1883520,2092,0.61,Ideal,I,VVS1
1883530,2069,0.6,Ideal,E,VS2
1883532,2882,0.62,Ideal,E,VVS2
1883533,2176,0.56000000000000005,Ideal,E,VS1
1883542,2749,0.64,Ideal,F,VVS2
1883554,2341,0.56000000000000005,Ideal,D,VS1
1883557,2838,0.61,Ideal,E,VVS2
1883560,2069,0.6,Ideal,E,VS2
1883564,4047,0.54,Ideal,D,IF
1883569,2754,0.81,Ideal,E,SI2
1883584,2520,0.61,Ideal,E,VS1
1883595,2627,0.61,Ideal,F,VVS2
1883596,3008,0.61,Ideal,D,VVS2
1883600,2288,0.61,Ideal,G,VS1
1883607,2520,0.61,Ideal,E,VS1
1883611,3306,0.8,Ideal,D,SI1
1883616,2059,0.52,Ideal,E,VVS2
1883633,2627,0.61,Ideal,F,VVS2
1883651,3354,0.82,Ideal,E,SI2
1883664,2882,0.62,Ideal,E,VVS2
1883680,2369,0.6,Ideal,F,VS1
1883691,2959,0.75,Ideal,D,SI2
1883692,2162,0.53,Ideal,D,VS2
1883698,2072,0.5,Ideal,D,VS1
1883718,2437,0.54,Ideal,E,VVS1
1883780,2577,0.54,Ideal,D,VVS2
1883781,2159,0.5,Very Good,E,VVS2
1883786,2024,0.55000000000000004,Ideal,E,VS1
1883790,2708,0.71,Ideal,H,VS1
1883799,2225,0.6,Ideal,H,VVS2
1883812,2244,0.61,Very Good,F,VS1
1883816,2996,0.7,Ideal,F,VS1
1884033,4681,0.7,Ideal,E,IF
1884045,2667,0.51,Ideal,F,IF
1884084,2123,0.52,Ideal,H,VVS1
1884303,2545,0.56999999999999995,Ideal,F,VVS2
1884316,2237,0.5,Ideal,F,VVS2
1884318,2156,0.51,Ideal,F,VVS2
1884319,2289,0.51,Ideal,F,VVS2
1884320,2289,0.51,Ideal,F,VVS2
1884324,2596,0.73,Ideal,H,VS1
1884340,2374,0.63,Ideal,F,VS1
1884372,3082,0.9,Good,H,SI2
1884389,2665,0.81,Good,F,SI2
1884413,2111,0.7,Fair,E,SI1
1884415,4269,0.9,Good,F,VS2
1884417,2272,0.5,Good,D,VVS2
1884442,2465,0.73,Ideal,I,VVS2
1884446,3245,0.77,Ideal,H,VVS2
1884494,4928,0.93,Ideal,D,SI1
1884798,2431,0.7,Good,H,VS1
1884866,2231,0.5,Good,E,VVS2
1884868,2823,0.53,Very Good,F,IF
1884883,4713,0.9,Good,G,VS1
1885331,2522,0.71,Ideal,H,VS2
1885351,2556,0.72,Ideal,H,VS2
1885436,2545,0.6,Ideal,G,VVS1
1885437,4497,0.73,Ideal,E,VVS1
1885441,2612,0.54,Ideal,F,VVS1
1885450,2181,0.5,Very Good,F,VVS2
1885497,3889,0.51,Ideal,D,IF
1885502,2522,0.6,Ideal,H,VVS1
1885503,2562,0.61,Ideal,H,VVS1
1885515,2576,0.5,Ideal,E,VVS1
1885518,2771,0.54,Ideal,E,VVS1
1885521,2658,0.55000000000000004,Ideal,F,VVS1
1885522,2123,0.52,Ideal,H,VVS1
1885696,2060,0.55000000000000004,Very Good,G,VVS2
1885701,2625,0.55000000000000004,Ideal,E,VVS2
1885706,2181,0.5,Very Good,F,VVS2
1885707,2246,0.5,Ideal,F,VVS2
1885717,2703,0.61,Very Good,F,VVS2
1885719,2384,0.6,Ideal,G,VVS2
1885720,2164,0.61,Very Good,H,VVS2
1885722,2437,0.66,Ideal,H,VVS2
1885731,3189,0.71,Ideal,G,VVS2
1885732,3231,0.72,Ideal,G,VVS2
1885747,2522,0.71,Ideal,H,VS2
1885776,2900,0.7,Ideal,F,VS1
1885781,2216,0.7,Ideal,E,SI2
1885796,2556,0.72,Ideal,H,VS2
1885900,2331,0.63,Ideal,H,VVS2
1885935,2225,0.6,Ideal,H,VVS2
1885997,4757,1,Good,I,VVS2
1886013,4593,1.08,Ideal,J,SI1
1886039,3748,0.7,Signature Ideal,E,VS2
1886042,4570,0.7,Signature Ideal,F,VVS1
1886043,3261,0.7,Ideal,F,VVS2
1886044,4010,0.7,Signature Ideal,D,VS2
1886046,4151,0.7,Signature Ideal,E,VS1
1886049,3181,0.74,Signature Ideal,I,VVS2
1886056,4570,0.7,Signature Ideal,F,VVS1
1886057,4695,0.72,Signature Ideal,F,VVS1
1886058,3098,0.62,Signature Ideal,F,VVS2
1886059,2721,0.62,Signature Ideal,F,VS1
1886060,2526,0.62,Signature Ideal,G,VS1
1886061,2228,0.65,Signature Ideal,I,VVS2
1886063,2139,0.7,Ideal,F,SI2
1886064,2924,0.7,Ideal,H,VVS1
1886070,3678,0.62,Signature Ideal,D,VVS2
1886071,2044,0.61,Signature Ideal,E,SI1
1886075,2161,0.63,Signature Ideal,E,SI1
1886076,4500,0.7,Signature Ideal,E,VVS2
1886077,4335,0.72,Signature Ideal,F,VVS2
1886086,3457,0.78,Ideal,D,SI1
1886087,2970,0.7,Ideal,E,VS2
1886088,4684,0.73,Signature Ideal,E,VVS2
1886089,3669,0.71,Ideal,E,VVS1
1886091,3748,0.7,Signature Ideal,E,VS2
1886092,2519,0.7,Ideal,E,SI1
1886093,2892,0.74,Ideal,E,SI1
1886095,2637,0.6,Signature Ideal,F,VS1
1886096,3249,0.61,Signature Ideal,G,IF
1886097,2456,0.61,Ideal,G,VVS2
1886098,2447,0.6,Signature Ideal,G,VS1
1886103,3630,0.71,Signature Ideal,F,VS2
1886104,2389,0.7,Ideal,F,SI1
1886105,2741,0.73,Ideal,F,SI1
1886109,2932,0.81,Very Good,E,SI2
1886110,4387,0.8,Ideal,H,VVS1
1886111,4486,0.8,Signature Ideal,H,VVS2
1886112,3245,0.6,Signature Ideal,E,VVS2
1886113,2739,0.71,Ideal,F,VS2
1886114,2698,0.63,Signature Ideal,F,VS1
1886115,2021,0.71,Ideal,G,SI2
1886116,3484,0.6,Signature Ideal,D,VVS2
1886118,3426,0.62,Signature Ideal,E,VVS2
1886119,3850,0.72,Signature Ideal,E,VS2
1886121,2829,0.63,Signature Ideal,H,VVS1
1886126,4173,0.73,Signature Ideal,D,VS2
1886127,2735,0.72,Ideal,D,SI1
1886128,3671,0.74,Signature Ideal,D,SI1
1886129,2361,0.72,Ideal,D,SI2
1886130,4500,0.7,Signature Ideal,E,VVS2
1886131,4622,0.72,Signature Ideal,E,VVS2
1886132,3058,0.71,Signature Ideal,F,SI1
1886135,3799,0.71,Signature Ideal,E,VS2
1886136,2620,0.71,Signature Ideal,H,SI1
1886137,2763,0.6,Signature Ideal,E,VS1
1886138,4570,0.7,Signature Ideal,F,VVS1
1886140,3321,0.68,Signature Ideal,D,VS2
1886141,3322,0.6,Signature Ideal,E,VVS2
1886142,3477,0.63,Signature Ideal,E,VVS2
1886143,2465,0.72,Ideal,E,SI1
1886144,2374,0.71,Ideal,E,SI2
1886145,2452,0.75,Ideal,E,SI2
1886147,2679,0.61,Signature Ideal,F,VS1
1886148,2894,0.63,Signature Ideal,G,VVS2
1886155,3058,0.71,Signature Ideal,F,SI1
1886156,2625,0.78,Ideal,F,SI2
1886160,3256,0.7,Ideal,H,VVS1
1886166,4501,0.78,Signature Ideal,G,VVS1
1886168,2500,0.61,Signature Ideal,E,VS2
1886170,3234,0.72,Signature Ideal,E,SI1
1886171,2277,0.7,Ideal,E,SI2
1886172,2374,0.71,Ideal,E,SI2
1886176,2700,0.6,Signature Ideal,H,VVS1
1886177,2126,0.6,Signature Ideal,H,VS1
1886179,3260,0.7,Ideal,D,VS1
1886180,4881,0.71,Signature Ideal,E,VVS1
1886184,2389,0.7,Ideal,G,SI1
1886185,3235,0.77,Signature Ideal,G,SI1
1886186,2802,0.7,Ideal,H,VVS1
1886190,4554,0.9,Ideal,E,SI1
1886191,2700,0.6,Signature Ideal,H,VVS1
1886193,2700,0.6,Signature Ideal,H,VVS1
1886194,2093,0.64,Ideal,I,VVS1
1886196,2606,0.62,Ideal,H,IF
1886197,4887,0.9,Ideal,H,VVS1
1886198,2997,0.61,Signature Ideal,G,VVS1
1886203,2187,0.73,Ideal,F,SI2
1886208,4995,0.8,Signature Ideal,G,VVS1
1886210,4444,0.7,Ideal,F,IF
1886212,3972,0.7,Ideal,F,IF
1886223,2028,0.51,Very Good,E,VVS2
1886612,3288,0.81,Very Good,E,SI1
1886622,3092,0.66,Very Good,E,VVS2
1886623,2870,0.65,Ideal,F,VVS2
1886629,3092,0.64,Very Good,E,VVS2
1886631,2181,0.64,Very Good,E,VS2
1886633,3479,0.6,Ideal,D,VVS1
1886644,3711,0.9,Very Good,I,VVS2
1886645,2863,0.6,Ideal,F,VVS1
1886646,4463,0.9,Very Good,D,SI1
1886653,3149,0.83,Very Good,D,SI2
1886655,3121,0.8,Ideal,D,SI2
1886658,2421,0.6,Ideal,G,VVS2
1886665,2094,0.62,Very Good,G,VS1
1886671,4089,0.82,Very Good,E,VS1
1886678,3832,0.8,Very Good,D,VS2
1886687,2962,0.63,Ideal,E,VVS2
1886696,2344,0.6,Very Good,E,VS1
1886705,4115,0.9,Good,F,VS2
1886719,2069,0.61,Very Good,I,IF
1886723,2661,0.6,Ideal,F,VVS2
1886731,4116,0.8,Ideal,G,VVS1
1886740,3130,0.62,Very Good,D,VVS2
1886747,2827,0.6,Ideal,E,VVS2
1886748,2827,0.6,Very Good,E,VVS2
1886749,2628,0.6,Very Good,F,VVS2
1886764,2852,0.9,Good,J,VS1
1886774,2745,0.62,Ideal,F,VVS2
1886799,4233,0.91,Very Good,E,SI1
1886802,2703,0.61,Ideal,F,VVS2
1886804,2829,0.6,Ideal,E,VVS2
1886833,2963,0.8,Very Good,I,VVS2
1886837,3143,0.66,Very Good,F,VVS1
1886839,2834,0.65,Very Good,F,VVS2
1886848,3006,0.64,Ideal,E,VVS2
1886854,3072,0.6,Very Good,F,IF
1886870,4093,0.81,Ideal,D,VS2
1886873,4287,0.8,Very Good,D,VS1
1886874,3477,0.8,Ideal,D,SI1
1886879,3250,0.8,Very Good,E,SI1
1886890,2661,0.6,Ideal,F,VVS2
1886903,2764,0.69,Very Good,E,VS1
1886908,2383,0.82,Very Good,H,SI2
1886910,3161,0.81,Very Good,I,VVS1
1886915,3705,0.8,Very Good,E,VS2
1886924,2858,0.61,Ideal,G,IF
1886931,2382,0.6,Ideal,E,VS1
1886932,2661,0.6,Ideal,F,VVS2
1886933,2628,0.6,Very Good,F,VVS2
1886934,2266,0.6,Ideal,F,VS1
1886935,2181,0.6,Very Good,F,VS1
1886946,2545,0.6,Ideal,G,VVS1
1886949,4198,0.81,Very Good,F,VVS2
1886950,2292,0.6,Very Good,E,VS1
1886954,2962,0.63,Ideal,E,VVS2
1886957,2836,0.82,Very Good,F,SI2
1886978,2961,0.6,Ideal,D,VVS2
1886981,2827,0.6,Very Good,E,VVS2
1886982,2661,0.6,Ideal,F,VVS2
1886984,3848,0.9,Very Good,D,SI2
1886994,2545,0.6,Ideal,G,VVS1
1887000,2829,0.6,Ideal,E,VVS2
1887170,3561,0.71,Ideal,G,VVS1
1887355,4067,0.72,Ideal,F,VVS1
1887523,4472,0.65,Ideal,E,IF
1887929,3032,0.71,Ideal,E,VS2
1887934,3163,0.71,Very Good,G,VVS1
1888161,3542,0.74,Ideal,E,VVS2
1888162,2046,0.55000000000000004,Ideal,F,VVS2
1889178,2022,0.6,Very Good,G,VS1
1889185,2720,0.6,Very Good,E,VVS2
1889219,2040,0.6,Very Good,F,VS2
1889399,4188,0.9,Very Good,E,SI1
1889482,3509,0.9,Good,H,SI1
1889624,2300,0.6,Very Good,G,VVS2
1889837,4305,0.81,Ideal,H,VVS2
1889925,3131,0.8,Good,F,SI1
1889930,4958,1.01,Good,I,SI1
1889931,2688,0.8,Ideal,G,SI2
1890256,2173,0.5,Good,D,VVS2
1890262,2279,0.51,Very Good,E,VVS2
1890271,2236,0.5,Very Good,E,VVS2
1890312,2653,0.59,Ideal,F,VVS1
1890357,2222,0.59,Ideal,H,VVS1
1890458,2756,0.7,Ideal,G,VS2
1890461,2032,0.7,Ideal,G,SI2
1890486,3728,0.73,Ideal,E,VS1
1890517,2649,0.7,Ideal,F,SI1
1890555,2500,0.72,Ideal,G,SI1
1890564,2756,0.7,Ideal,G,VS2
1890575,2319,0.51,Ideal,F,VVS1
1890582,2072,0.5,Ideal,D,VS1
1890779,4763,1.03,Very Good,I,SI1
1890784,4156,1,Very Good,J,SI1
1890890,2301,0.7,Very Good,G,SI1
1890899,2393,0.7,Very Good,G,SI1
1890914,4410,1.03,Very Good,I,SI2
1890919,2074,0.72,Very Good,I,SI1
1890923,4999,1.01,Ideal,G,SI2
1890926,2208,0.7,Very Good,H,SI1
1890944,2018,0.7,Very Good,I,SI1
1890949,2018,0.7,Very Good,I,SI1
1890960,4252,1,Very Good,I,SI2
1890969,2074,0.72,Very Good,I,SI1
1890970,2238,0.71,Very Good,H,SI1
1890971,2121,0.7,Very Good,H,SI1
1890981,4545,1.01,Very Good,I,SI2
1890994,4814,1,Very Good,G,SI2
1891000,4908,1,Ideal,I,SI1
1891003,2458,0.72,Very Good,G,SI1
1891006,2408,0.7,Ideal,G,SI1
1891007,4886,1,Very Good,I,SI1
1891014,2307,0.7,Ideal,H,SI1
1891020,4341,1,Very Good,I,SI2
1891148,3973,0.71,Ideal,F,IF
1891418,2855,0.8,Ideal,F,SI2
1891478,2129,0.5,Signature Ideal,G,VVS1
1891547,2951,0.81,Ideal,I,VS2
1891570,3199,0.73,Ideal,F,VS2
1891571,3369,0.73,Ideal,E,VS2
1891657,3877,0.91,Very Good,J,VVS1
1891660,2056,0.73,Ideal,J,VVS2
1891670,3027,0.7,Very Good,F,VS1
1891674,2494,0.7,Very Good,H,VS1
1891683,2642,0.7,Good,G,VS1
1891684,3587,0.71,Ideal,F,VVS2
1891691,2284,0.7,Good,H,VS2
1891703,2275,0.64,Ideal,G,VS1
1891706,2165,0.55000000000000004,Ideal,F,VVS1
1891739,3369,0.73,Ideal,E,VS2
1891742,3291,0.72,Ideal,F,VVS2
1891756,3098,0.73,Ideal,G,VS1
1891763,3199,0.73,Ideal,F,VS2
1891796,4774,1.02,Ideal,I,SI2
1891802,4569,1.02,Very Good,H,SI2
1891832,4763,1.04,Ideal,J,VS2
1891850,4321,1.1000000000000001,Ideal,J,SI2
1891981,2928,0.76,Ideal,E,SI2
1891982,3433,0.7,Ideal,G,VVS1
1891994,2821,0.6,Ideal,D,VS1
1892014,4236,0.91,Very Good,G,SI1
1892040,2483,0.57999999999999996,Ideal,G,VVS1
1892052,2026,0.56000000000000005,Ideal,E,VS2
1892055,3599,0.6,Ideal,E,IF
1892058,4049,0.74,Ideal,F,VVS2
1892075,2680,0.64,Ideal,F,VS1
1892078,3485,0.71,Ideal,F,VS1
1892432,2283,0.61,Ideal,F,VS1
1892443,2247,0.6,Ideal,F,VS1
1892451,3158,0.72,Ideal,F,VS2
1892455,3196,0.92,Very Good,I,SI1
1892529,2497,0.62,Ideal,F,VVS2
1892605,2700,0.62,Ideal,G,VVS1
1892710,2305,0.56999999999999995,Ideal,F,VVS2
1892810,4219,1.02,Very Good,H,SI2
1892811,4288,1.01,Very Good,I,SI1
1892817,4105,1.02,Good,G,SI2
1892826,3786,1.01,Good,J,SI1
1892833,3600,1.01,Good,J,SI1
1892856,3934,1.01,Good,H,SI2
1893241,3875,1.01,Good,H,SI2
1893283,3226,0.7,Ideal,F,VVS2
1893348,3500,0.9,Good,F,SI2
1893435,3454,0.91,Very Good,I,SI1
1893472,4791,1.02,Ideal,J,SI1
1893488,4771,1.08,Ideal,J,VS2
1893566,2650,0.5,Very Good,E,VVS1
1893572,2320,0.5,Fair,F,VVS1
1893748,4119,0.72,Very Good,E,VVS2
1893934,4081,1,Good,J,SI2
1893943,4851,1,Good,G,SI2
1893996,2747,0.56000000000000005,Very Good,E,VVS2
1894006,2654,0.54,Very Good,E,VVS2
1894043,4851,1,Good,G,SI2
1894113,2456,0.54,Very Good,F,VVS2
1894120,2650,0.5,Very Good,D,VVS2
1894177,4338,1,Fair,I,SI2
1894222,2946,0.5,Very Good,E,IF
1894250,3043,0.7,Good,F,VS1
1894261,4680,1,Good,H,SI2
1894356,3591,1,Fair,I,SI1
1894365,4292,1,Very Good,H,SI2
1894867,2533,0.56999999999999995,Ideal,F,VVS1
1894897,2381,0.62,Very Good,H,VVS1
1894943,2166,0.5,Very Good,F,VVS1
1894955,2265,0.67,Very Good,I,IF
1894970,3053,0.71,Very Good,G,VVS1
1895029,2367,0.61,Ideal,H,VVS1
1895176,2214,0.71,Ideal,G,SI1
1895355,4291,1.1000000000000001,Ideal,J,SI2
1895394,3726,0.9,Ideal,H,SI2
1895585,3738,1,Good,J,SI1
1895602,4221,1.1000000000000001,Good,H,SI2
1895629,4107,1.04,Good,G,SI2
1896194,4085,1.01,Very Good,J,SI1
1896709,2071,0.71,Very Good,F,SI2
1897109,2760,0.54,Very Good,D,VVS2
1897110,2917,0.5,Ideal,D,VVS1
1897135,2434,0.51,Ideal,E,VVS2
1897136,2272,0.55000000000000004,Very Good,D,VS1
1897141,2258,0.7,Very Good,E,SI1
1897150,2393,0.7,Ideal,F,SI1
1897153,3014,0.71,Very Good,E,VS1
1897155,2719,0.75,Ideal,F,SI1
1897157,2042,0.6,Ideal,E,VS2
1897197,2523,0.76,Ideal,H,SI2
1897324,3427,0.97,Very Good,J,SI2
1897339,4391,1.01,Very Good,J,SI2
1897745,4688,1.02,Ideal,H,SI2
1897760,2822,0.71,Ideal,E,SI1
1897761,3078,0.7,Very Good,E,VS2
1897769,3711,0.9,Very Good,G,SI1
1897770,2210,0.7,Ideal,G,SI2
1897774,2024,0.7,Very Good,G,SI2
1897784,3853,0.9,Very Good,F,SI2
1897791,2696,0.73,Very Good,D,SI1
1897855,2555,0.77,Ideal,H,SI2
1897930,4760,1,Good,E,SI1
1897942,2328,0.74,Very Good,E,SI2
1898011,4345,1.01,Very Good,I,SI1
1898185,2733,0.7,Ideal,G,VS1
1898383,2816,0.74,Ideal,H,VS1
1898385,3296,0.77,Ideal,H,VVS2
1898431,2518,0.5,Ideal,F,IF
1898443,2321,0.61,Very Good,E,VS1
1898474,3062,0.74,Ideal,G,VS2
1898500,2547,0.54,Ideal,F,VVS1
1898501,2745,0.55000000000000004,Ideal,F,IF
1898534,2502,0.53,Ideal,F,VVS1
1898540,2167,0.7,Very Good,I,VS2
1898574,2182,0.5,Ideal,G,VVS1
1898617,2574,0.81,Ideal,I,SI1
1898649,4685,0.91,Ideal,F,SI1
1898815,2567,0.7,Good,D,VS2
1898825,2328,0.5,Very Good,D,VVS2
1898833,2477,0.64,Ideal,H,VVS1
1898865,2330,0.6,Ideal,H,VVS1
1898871,2104,0.6,Very Good,G,VVS2
1898877,2712,0.56999999999999995,Ideal,D,VVS2
1898878,2258,0.55000000000000004,Ideal,F,VVS2
1898904,2003,0.6,Ideal,I,IF
1898912,3354,0.67,Very Good,E,VVS1
1898913,2330,0.6,Ideal,H,VVS1
1898945,2515,0.54,Very Good,D,VVS2
1898946,2321,0.52,Ideal,E,VVS2
1899013,2148,0.56000000000000005,Ideal,H,IF
1899188,3775,0.8,Very Good,H,IF
1899229,4873,0.83,Ideal,D,VS2
1899233,2645,0.8,Very Good,I,VS2
1899236,2433,0.81,Ideal,J,VS1
1899243,3746,0.81,Ideal,D,SI1
1899244,4062,0.9,Ideal,J,VVS1
1899245,4155,0.9,Ideal,F,SI2
1899247,3367,0.9,Ideal,J,VS2
1899566,2612,0.54,Ideal,E,VVS2
1899569,2213,0.72,Ideal,J,VVS1
1899571,4608,0.81,Ideal,H,IF
1899575,2595,0.71,Very Good,I,VVS1
1899577,3508,0.76,Ideal,H,VVS2
1899579,3689,0.7,Very Good,E,VVS2
1899583,2237,0.52,Ideal,G,VVS1
1899584,3257,0.7,Very Good,F,VS1
1899595,2563,0.72,Ideal,I,VS1
1899598,3607,0.8,Ideal,I,VVS1
1899599,4169,0.78,Ideal,F,VS1
1899602,4192,0.76,Ideal,G,VVS1
1899603,3214,0.76,Ideal,H,VS1
1899608,4359,0.71,Ideal,E,IF
1899609,4367,0.81,Ideal,G,VVS2
1899610,2511,0.5,Ideal,D,VVS2
1899613,4293,0.77,Ideal,G,VVS1
1899614,3915,0.74,Ideal,G,VVS1
1899619,2784,0.55000000000000004,Ideal,D,VVS2
1899645,3852,0.72,Ideal,F,VVS2
1899648,2119,0.52,Ideal,E,VS1
1899649,2865,0.55000000000000004,Ideal,F,IF
1899652,3467,0.72,Ideal,G,VVS2
1899654,3421,0.71,Ideal,G,VVS2
1899668,4656,1.01,Very Good,J,SI1
1899699,4874,1.03,Very Good,H,SI2
1899978,3962,0.7,Ideal,D,VVS2
1899988,2906,0.71,Ideal,E,SI1
1899997,3562,0.76,Ideal,G,VVS2
1900034,4814,0.9,Very Good,D,SI1
1900046,2592,0.71,Very Good,E,SI1
1900104,4696,1.01,Very Good,J,VS1
1900107,4146,1.01,Very Good,I,SI2
1900174,4940,0.9,Ideal,D,SI1
1900175,4982,0.9,Very Good,E,VS2
1900181,2079,0.52,Ideal,F,VVS2
1900829,3157,0.64,Ideal,E,VVS2
1900983,3405,0.7,Ideal,D,VS1
1901166,2328,0.52,Very Good,F,IF
1901258,3626,0.93,Ideal,J,VS1
1901291,3664,0.9,Ideal,J,VVS2
1901460,4308,0.72,Ideal,F,IF
1901472,2949,0.53,Ideal,D,VVS1
1901474,3288,0.7,Very Good,D,VS1
1901495,3318,0.7,Very Good,E,VVS2
1901508,3745,0.7,Very Good,E,VVS1
1901526,3760,0.9,Very Good,F,SI1
1901595,2379,0.51,Ideal,F,IF
1901596,3246,0.7,Good,E,VVS2
1901597,3086,0.59,Ideal,D,VVS1
1901610,4195,0.7,Ideal,F,IF
1901651,2625,0.5,Ideal,E,IF
1901667,3745,0.7,Very Good,E,VVS1
1901670,4667,1.2,Very Good,J,SI2
1901683,3745,0.7,Very Good,E,VVS1
1901689,4165,0.8,Very Good,D,VS1
1902440,4354,0.96,Very Good,F,SI2
1902531,2906,0.81,Very Good,F,SI2
1902557,2782,0.64,Ideal,F,VVS2
1902573,2482,0.6,Signature Ideal,F,VS1
1902576,2980,0.61,Signature Ideal,F,VVS2
1902628,2413,0.81,Ideal,J,VS2
1902629,3007,0.81,Ideal,I,VS1
1902630,2582,0.83,Ideal,H,SI2
1902662,2242,0.6,Ideal,F,VS1
1902720,3717,1.01,Very Good,J,SI1
1902740,2880,0.9,Good,G,SI2
1902741,2481,0.6,Ideal,G,VVS2
1902743,2677,0.8,Very Good,J,VVS1
1902759,2005,0.5,Very Good,E,VVS2
1902785,4428,0.9,Very Good,H,VS1
1902790,3374,0.8,Ideal,E,SI1
1902808,2145,0.7,Ideal,J,VVS2
1902827,2992,0.81,Ideal,J,IF
1902843,2403,0.5,Ideal,E,VVS1
1902844,2003,0.5,Ideal,F,VVS2
1902847,2165,0.6,Ideal,G,VS1
1902879,3515,0.7,Very Good,E,VVS1
1903174,3653,0.9,Ideal,J,VVS1
1903187,2912,0.77,Ideal,H,VVS2
1903205,2877,0.76,Very Good,H,VVS2
1903216,2912,0.77,Ideal,H,VVS2
1903230,3362,0.77,Good,D,VS1
1903239,2981,0.7,Very Good,G,VVS2
1903332,2574,0.8,Very Good,H,SI1
1903358,3812,0.93,Very Good,G,SI2
1903362,3612,0.84,Ideal,F,SI1
1903363,3307,0.8,Ideal,D,SI2
1903396,3733,0.82,Ideal,E,SI1
1903403,2256,0.83,Ideal,J,SI1
1903414,2772,0.81,Ideal,G,SI2
1903501,2665,0.83,Ideal,H,SI2
1903638,2392,0.54,Very Good,D,VVS2
1903668,2865,0.76,Ideal,D,SI2
1903673,2249,0.52,Ideal,F,VVS1
1903681,2042,0.7,Very Good,I,VS2
1903708,3907,0.91,Ideal,I,VS2
1903746,2378,0.72,Very Good,F,SI1
1903756,2531,0.81,Very Good,G,SI2
1903770,3094,0.66,Ideal,E,VVS2
1904017,2661,0.61,Ideal,F,VVS2
1904062,3109,0.7,Very Good,E,VS1
1904078,2729,0.61,Ideal,D,VS1
1904079,3711,0.95,Good,J,VVS2
1904081,4282,0.82,Very Good,E,VS1
1904085,4158,1.02,Good,I,SI1
1904455,2972,0.91,Very Good,I,SI2
1904482,2089,0.62,Ideal,G,VS2
1904488,2056,0.61,Ideal,G,VS2
1904491,2056,0.61,Ideal,G,VS2
1904594,2040,0.51,Ideal,F,VVS2
1904597,2246,0.52,Ideal,F,VVS1
1904639,2906,0.81,Ideal,H,SI1
1904768,4316,1,Very Good,J,VS1
1906030,3168,0.75,Good,G,VS2
1906162,3065,0.56999999999999995,Ideal,E,VVS1
1906166,4794,1,Good,G,SI2
1906169,2753,0.59,Ideal,F,VVS2
1906170,4805,1.06,Ideal,I,SI2
1906176,2866,0.56999999999999995,Ideal,E,VVS2
1906194,2676,0.53,Ideal,F,VVS1
1906195,2576,0.55000000000000004,Ideal,F,VVS2
1906197,3293,0.7,Ideal,E,VS2
1906200,4755,1.03,Good,H,SI2
1906221,3885,0.91,Ideal,J,VVS2
1906224,2358,0.81,Ideal,J,VS2
1906338,4140,0.7,Ideal,E,VVS1
1906460,2790,0.72,Ideal,D,SI2
1906462,2464,0.5,Good,D,VVS1
1906535,2799,0.75,Ideal,H,VS2
1906542,2978,0.7,Ideal,G,VS1
1906543,2393,0.7,Ideal,I,VS1
1906548,2478,0.5,Ideal,E,VVS1
1906568,3018,0.71,Ideal,G,VS1
1906570,3475,0.73,Ideal,F,VS1
1906572,2525,0.51,Ideal,E,VVS1
1906601,3597,0.7,Ideal,F,VVS2
1906620,2051,0.56000000000000005,Ideal,E,VS2
1906626,2291,0.73,Ideal,H,SI1
1906640,2284,0.7,Ideal,G,SI1
1906650,3114,0.76,Ideal,G,VS2
1906652,3058,0.72,Ideal,G,VS1
1906738,2378,0.82,Ideal,J,VS2
1906787,2052,0.55000000000000004,Ideal,E,VS1
1906788,2493,0.7,Ideal,F,SI1
1906894,2347,0.71,Very Good,F,SI1
1907075,2040,0.55000000000000004,Ideal,D,VS2
1907076,2315,0.7,Very Good,F,SI1
1907111,2942,0.71,Very Good,E,VS2
1907120,2664,0.7,Ideal,I,VVS1
1907123,3062,0.52,Ideal,D,VVS1
1907125,2315,0.7,Very Good,F,SI1
1907172,2247,0.7,Very Good,F,SI1
1907216,2052,0.55000000000000004,Ideal,E,VS1
1907218,2315,0.7,Very Good,F,SI1
1907219,2664,0.7,Ideal,I,VVS1
1907225,2631,0.55000000000000004,Ideal,E,VVS1
1907375,3259,0.66,Very Good,F,VVS1
1907641,4931,1.1100000000000001,Very Good,G,SI2
1907692,3475,0.73,Ideal,F,VS1
1907956,2578,0.6,Ideal,F,VVS2
1908002,4713,1.1000000000000001,Ideal,I,SI2
1908044,2075,0.56999999999999995,Ideal,D,VS2
1908125,4806,1.03,Very Good,E,SI2
1908126,4954,1.04,Very Good,H,SI2
1908197,4909,1.1200000000000001,Ideal,J,SI1
1908255,4575,1.01,Good,I,SI1
1908265,3665,0.73,Ideal,H,IF
1908279,4065,0.9,Ideal,G,SI2
1908314,4705,1.01,Very Good,H,SI2
1908393,3533,0.9,Ideal,I,SI1
1908395,3507,0.9,Ideal,J,VS2
1908398,3528,0.91,Ideal,I,SI2
1908399,3638,0.94,Ideal,I,SI2
1908402,4030,0.9,Ideal,G,SI2
1908403,3955,0.92,Ideal,G,SI2
1908404,3492,0.9,Ideal,I,SI2
1908405,3544,0.91,Ideal,J,VS2
1908407,4858,0.91,Ideal,H,VS2
1908411,4281,0.9,Ideal,H,SI1
1908412,4281,0.9,Ideal,H,SI1
1908413,3492,0.9,Ideal,I,SI2
1908415,3544,0.91,Ideal,J,VS2
1908417,2792,0.81,Ideal,H,SI2
1908420,4326,0.91,Ideal,H,SI1
1908424,2637,0.77,Ideal,I,VS2
1908427,3528,0.91,Ideal,I,SI2
1908430,3544,0.91,Ideal,J,VS2
1908432,3365,0.75,Ideal,G,VS1
1908434,4808,0.9,Ideal,H,VS2
1908523,2706,0.71,Very Good,H,VS1
1908560,2411,0.54,Ideal,G,IF
1908567,2283,0.51,Ideal,G,IF
1908635,2947,0.5,Good,D,IF
1908656,2515,0.56999999999999995,Ideal,G,IF
1908673,2321,0.5,Ideal,E,VVS1
1908676,2279,0.51,Ideal,F,VVS1
1908688,2491,0.56000000000000005,Ideal,F,VVS1
1908693,2577,0.54,Ideal,D,VVS2
1908694,2667,0.56000000000000005,Ideal,D,VVS2
1908700,2554,0.59,Ideal,F,VVS2
1908721,2159,0.5,Very Good,E,VVS2
1908726,2363,0.5,Ideal,E,VVS1
1908807,2106,0.51,Ideal,F,VVS2
1908808,2106,0.51,Ideal,F,VVS2
1908809,2226,0.54,Ideal,F,VVS2
1908814,2045,0.54,Ideal,E,VS1
1908815,2248,0.51,Ideal,E,VVS2
1908817,2533,0.56999999999999995,Ideal,E,VVS2
1908847,2321,0.5,Ideal,D,VVS2
1908848,2321,0.5,Ideal,D,VVS2
1908861,2236,0.5,Ideal,E,VVS2
1908864,2363,0.5,Ideal,E,VVS1
1908874,2223,0.5,Very Good,E,VVS1
1908960,2599,0.59,Ideal,G,IF
1908961,2066,0.5,Ideal,F,VVS2
1908963,2554,0.59,Ideal,F,VVS2
1908967,2236,0.5,Ideal,E,VVS2
1908968,2159,0.5,Ideal,E,VVS2
1908982,2236,0.5,Ideal,F,VVS1
1909115,2491,0.51,Ideal,E,IF
1909142,2236,0.5,Ideal,F,VVS1
1909144,2364,0.53,Ideal,F,VVS1
1909145,2981,0.7,Very Good,G,VVS2
1909152,2491,0.56000000000000005,Ideal,F,VVS1
1909159,2106,0.51,Ideal,F,VVS2
1909165,2580,0.5,Ideal,E,IF
1909185,2805,0.51,Ideal,D,VVS1
1909253,2063,0.52,Ideal,D,VS1
1909282,2961,0.54,Ideal,D,VVS1
1909283,2198,0.5,Ideal,F,VVS1
1909284,2364,0.53,Ideal,F,VVS1
1909301,2640,0.7,Very Good,H,VVS2
1909306,2236,0.5,Ideal,F,VVS1
1909380,2106,0.51,Ideal,F,VVS2
1909384,2332,0.53,Ideal,E,VVS2
1909386,2491,0.56000000000000005,Ideal,E,VVS2
1909397,3108,0.72,Ideal,E,VS2
1909399,2403,0.5,Ideal,E,VVS1
1909400,2166,0.5,Very Good,F,VVS1
1909401,2279,0.51,Ideal,F,VVS1
1909402,2321,0.52,Ideal,F,VVS1
1909514,2226,0.54,Ideal,F,VVS2
1909516,2147,0.61,Ideal,G,VVS2
1909521,2364,0.53,Ideal,E,VVS2
1909522,3584,0.7,Ideal,F,VVS1
1909547,2058,0.5,Very Good,D,VVS2
1909548,2338,0.5,Very Good,D,VVS2
1909558,2364,0.53,Ideal,E,VVS2
1909648,2146,0.52,Ideal,F,VVS2
1909651,2279,0.51,Ideal,E,VVS2
1909663,2166,0.5,Very Good,F,VVS1
1909664,2321,0.52,Ideal,F,VVS1
1909665,3321,0.7,Very Good,F,VVS2
1909679,2622,0.55000000000000004,Ideal,D,VVS2
1909684,3422,0.73,Ideal,H,IF
1909699,2441,0.51,Ideal,D,VVS2
1909705,2321,0.52,Ideal,E,VVS2
1909762,2276,0.5,Ideal,F,VVS1
1909764,2446,0.5,Ideal,E,VVS1
1909792,2446,0.5,Ideal,E,VVS1
1910902,3810,0.7,Very Good,E,VVS1
1910912,3484,0.71,Very Good,E,VVS2
1910913,3881,0.91,Good,E,SI1
1910916,3810,0.7,Very Good,D,VVS2
1911254,2521,0.7,Very Good,E,SI1
1911259,2803,0.9,Good,J,SI1
1911345,2886,0.92,Very Good,J,SI2
1911350,2216,0.64,Very Good,G,VS1
1911353,2001,0.52,Very Good,G,VVS1
1911365,3059,0.81,Very Good,E,SI2
1911375,2399,0.71,Very Good,D,SI2
1911385,3878,0.91,Very Good,F,SI2
1911387,2295,0.7,Good,E,SI1
1911394,2937,0.73,Ideal,H,VVS2
1911397,2394,0.7,Very Good,D,SI1
1911426,4457,0.9,Good,F,VS2
1911432,2467,0.72,Good,D,SI1
1911433,2797,0.8,Ideal,I,VS2
1911449,3815,0.92,Very Good,F,SI2
1911455,4515,0.92,Ideal,D,SI2
1911457,3415,0.9,Ideal,J,VS1
1911458,3787,0.9,Very Good,F,SI2
1911466,4818,0.91,Very Good,F,VS2
1911481,3796,0.72,Ideal,F,VVS1
1911483,2941,0.74,Ideal,D,SI1
1911493,4880,0.91,Very Good,F,VS2
1911513,2623,0.73,Very Good,E,SI1
1911515,2560,0.72,Ideal,F,SI1
1911529,2281,0.7,Very Good,F,SI1
1911548,3245,0.72,Ideal,F,VVS2
1911553,3707,0.76,Very Good,E,VS1
1911560,4590,0.91,Very Good,G,VS2
1911562,3698,0.75,Ideal,E,VS1
1911688,2324,0.53,Ideal,F,VVS1
1911812,4386,0.66,Ideal,D,VVS1
1911839,2289,0.51,Ideal,F,VVS2
1911846,2093,0.52,Ideal,G,VVS2
1911853,2246,0.8,Ideal,J,SI1
1911858,3251,0.7,Very Good,F,VVS2
1911859,2485,0.7,Very Good,H,VS1
1911870,3161,0.7,Very Good,F,VVS2
1911871,3216,0.71,Very Good,F,VS1
1911876,2071,0.7,Ideal,H,SI2
1911886,2510,0.7,Ideal,H,VS1
1911907,3119,0.7,Very Good,F,VS1
1911908,3344,0.7,Very Good,G,VVS1
1911911,2117,0.53,Ideal,F,VVS2
1911912,3745,0.7,Very Good,E,VVS1
1912105,2933,0.69,Ideal,E,VS1
1912127,2278,0.65,Ideal,D,SI1
1912398,2882,0.64,Very Good,F,VVS1
1912406,2449,0.55000000000000004,Ideal,E,VVS2
1912409,2166,0.5,Ideal,F,VVS1
1912424,2321,0.5,Ideal,E,VVS1
1912426,2703,0.61,Ideal,F,VVS2
1912427,3321,0.7,Very Good,F,VVS2
1912430,2119,0.56000000000000005,Ideal,E,VS1
1912442,2186,0.53,Ideal,F,VVS2
1912460,2321,0.52,Ideal,F,VVS1
1912461,2299,0.53,Very Good,F,VVS1
1912480,2491,0.56000000000000005,Ideal,F,VVS1
1912519,2468,0.61,Ideal,H,IF
1912605,3983,0.56000000000000005,Ideal,D,IF
1912643,3655,0.94,Ideal,J,VS2
1912995,3199,0.6,Very Good,D,VVS2
1913075,2276,0.5,Ideal,F,VVS1
1913076,2446,0.5,Ideal,E,VVS1
1913082,3137,0.74,Ideal,G,VS1
1913087,3381,0.72,Ideal,G,VVS2
1913089,2633,0.76,Ideal,I,VS1
1913176,4526,1.01,Ideal,J,SI1
1913240,3431,0.82,Ideal,F,SI1
1913298,4880,1.17,Good,H,SI2
1913312,4772,0.56000000000000005,Ideal,D,IF
1913313,4206,0.91,Ideal,I,VS2
1913315,4169,0.8,Ideal,G,VS1
1913609,3081,0.72,Good,F,VVS2
1913618,3554,0.7,Good,D,VVS2
1913621,2051,0.5,Very Good,F,VVS1
1913625,3428,0.7,Very Good,E,VVS2
1913629,3574,0.71,Very Good,E,VVS2
1913647,2091,0.5,Good,E,VVS1
1913654,3574,0.71,Very Good,E,VVS2
1913665,2873,0.7,Good,E,VS1
1913668,3562,0.71,Very Good,E,VVS1
1913686,3768,0.71,Very Good,E,VVS1
1913690,3856,0.74,Ideal,F,VVS1
1913701,2091,0.5,Good,E,VVS1
1913703,3099,0.7,Good,D,VS1
1913723,3521,0.73,Ideal,F,VVS1
1913736,4054,0.72,Ideal,E,VVS1
1913739,3377,0.71,Ideal,E,VVS2
1913740,3905,0.71,Very Good,D,VVS2
1913744,4029,0.72,Very Good,D,VVS2
1913756,3470,0.7,Very Good,F,VVS1
1913758,3564,0.7,Ideal,E,VVS2
1913923,4210,1,Very Good,J,SI1
1913930,3256,0.9,Very Good,J,VS1
1913994,2067,0.5,Very Good,F,VVS1
1914021,2996,0.55000000000000004,Ideal,E,VVS1
1914022,2646,0.52,Ideal,E,VVS2
1914028,3498,0.72,Ideal,D,VS1
1914030,2842,0.52,Ideal,E,VVS1
1914036,3063,0.57999999999999996,Ideal,E,VVS1
1914043,3485,0.55000000000000004,Ideal,D,VVS1
1914075,2210,0.54,Ideal,E,VVS2
1914189,4592,1,Good,I,VS2
1914242,4222,0.9,Very Good,I,VS1
1914243,4356,0.95,Very Good,H,SI1
1914251,3597,0.95,Very Good,J,SI1
1914252,3957,0.96,Very Good,I,SI1
1914265,3502,0.91,Ideal,I,SI2
1914271,3792,0.97,Very Good,J,SI1
1914277,4366,0.91,Ideal,I,VS1
1914278,3715,0.92,Very Good,J,VS1
1914288,3723,0.9,Very Good,I,SI1
1914291,4924,0.74,Ideal,F,IF
1914319,3110,0.79,Ideal,I,VVS2
1914320,3011,0.56000000000000005,Ideal,D,VVS2
1914321,3690,0.55000000000000004,Signature Ideal,D,VVS1
1914323,3062,0.56999999999999995,Ideal,D,VVS2
1914433,3166,0.6,Ideal,E,VVS1
1914456,3190,0.97,Fair,G,SI2
1914458,2979,0.91,Good,H,SI2
1914648,3124,0.6,Very Good,E,VVS1
1915561,4703,1,Good,G,SI1
1915830,2946,0.62,Very Good,D,VVS2
1915868,4961,1.01,Good,F,SI1
1915992,4915,1,Good,F,SI1
1916050,2048,0.6,Ideal,I,IF
1916471,2254,0.73,Very Good,D,SI1
1916514,3047,0.71,Ideal,H,VVS1
1916553,2251,0.53,Very Good,F,VVS1
1919107,2241,0.71,Good,I,VS1
1919126,2978,0.7,Good,E,VVS2
1919137,3270,0.7,Very Good,E,VVS2
1919142,3678,0.7,Very Good,D,VVS2
1919151,3270,0.7,Very Good,E,VVS2
1919174,3103,0.62,Very Good,D,VVS2
1919355,2373,0.51,Very Good,E,VVS1
1919434,2715,0.62,Ideal,F,VVS2
1919511,4526,1.01,Very Good,H,SI2
1919589,4566,1.1100000000000001,Ideal,J,SI1
1919844,2750,0.72,Ideal,G,VS2
1919936,2835,0.7,Good,H,VVS2
1919939,2270,0.7,Very Good,H,VS2
1919940,3262,0.7,Good,E,VS1
1920121,2715,0.62,Ideal,F,VVS2
1920168,4227,0.92,Ideal,G,SI1
1920187,2481,0.73,Very Good,D,SI2
1920206,2374,0.61,Very Good,G,VVS2
1920576,2466,0.73,Very Good,H,VS2
1921003,2159,0.5,Very Good,E,VVS2
1921050,2075,0.5,Ideal,E,VVS2
1921083,2249,0.56000000000000005,Ideal,F,VVS1
1921146,2075,0.5,Ideal,E,VVS2
1921173,2243,0.51,Ideal,D,VVS2
1921497,3298,0.81,Very Good,H,VS2
1921882,2856,0.63,Very Good,F,VVS2
1921923,2136,0.6,Very Good,G,VS1
1921953,2365,0.72,Very Good,I,VVS2
1921955,3254,0.74,Ideal,H,VVS1
1922082,3203,0.71,Very Good,F,VVS2
1922086,3616,0.74,Very Good,D,VS1
1922104,4924,0.9,Ideal,D,SI1
1922106,2732,0.71,Very Good,G,VS1
1922119,3129,0.72,Ideal,D,VS2
1922123,2413,0.82,Very Good,I,SI1
1922136,3478,0.73,Ideal,E,VS1
1922146,2851,0.83,Very Good,I,VS1
1922394,3152,0.5,Ideal,D,VVS1
1922402,3660,0.63,Signature Ideal,F,VVS1
1922420,4536,0.68,Ideal,E,VVS1
1922421,4960,0.68,Signature Ideal,E,VVS1
1922428,2718,0.59,Signature Ideal,G,VVS2
1922521,4752,0.9,Good,F,VS2
1922931,4639,0.91,Ideal,G,VS2
1923387,2403,0.7,Ideal,H,VS2
1923960,2633,0.76,Ideal,I,VS1
1923968,3160,0.7,Ideal,F,VS1
1923975,3618,0.72,Ideal,G,VVS1
1923977,2913,0.8,Ideal,H,SI1
1923978,3258,0.71,Ideal,F,VS1
1923981,2773,0.7,Very Good,F,VS2
1923983,3856,0.81,Ideal,E,SI1
1923986,2756,0.7,Ideal,G,VS2
1923990,3117,0.71,Ideal,F,VS2
1923991,3792,0.74,Ideal,F,VVS2
1923996,3570,0.71,Ideal,G,VVS1
1924001,3588,0.72,Ideal,F,VVS2
1924006,2790,0.7,Ideal,G,VS2
1924444,3847,0.72,Ideal,F,VVS1
1924514,4273,0.75,Ideal,E,VVS2
1924536,2600,0.53,Ideal,E,VVS2
1924565,3595,0.9,Very Good,I,SI1
1924573,2430,0.53,Very Good,F,VVS1
1924580,2224,0.5,Very Good,E,VVS1
1924629,4737,1.01,Very Good,I,SI1
1924915,2486,0.7,Very Good,F,SI2
1924926,2973,0.8,Ideal,I,VS2
1924932,4149,0.9,Ideal,G,SI2
1925079,2099,0.52,Very Good,E,VVS2
1925093,2547,0.56999999999999995,Ideal,D,VVS2
1925100,2579,0.57999999999999996,Very Good,D,VVS2
1925105,2189,0.52,Very Good,D,VVS2
1925117,2264,0.53,Very Good,D,VVS2
1925118,2060,0.51,Very Good,E,VVS2
1925120,2067,0.52,Very Good,E,VVS2
1925334,2426,0.52,Ideal,F,VVS1
1925468,4738,1.02,Ideal,I,SI2
1926360,2942,0.7,Very Good,F,VS1
1926648,2540,0.53,Ideal,E,VVS1
1927161,4843,0.8,Signature Ideal,E,VS2
1927166,3079,0.6,Signature Ideal,F,VVS2
1927193,4780,1,Good,H,SI1
1927245,4032,0.92,Very Good,E,SI2
1927283,2949,0.9,Very Good,J,VS1
1927285,2205,0.71,Ideal,G,SI1
1927356,3787,0.74,Signature Ideal,H,VVS2
1927359,2342,0.72,Very Good,E,SI2
1927360,2311,0.71,Very Good,E,SI2
1927362,2169,0.72,Good,F,SI2
1927363,2146,0.72,Very Good,G,SI2
1927417,4596,1.03,Ideal,J,SI1
1927425,4337,1.03,Ideal,J,SI2
1927543,4922,1.02,Very Good,J,VS1
1927744,2421,0.7,Very Good,G,VS2
1927755,2089,0.5,Very Good,E,VVS1
1927790,2112,0.56000000000000005,Ideal,G,VVS2
1927855,2452,0.54,Signature Ideal,F,VVS2
1927877,2164,0.55000000000000004,Ideal,G,VVS1
1927926,2834,0.71,Ideal,I,VVS1
1927944,2333,0.51,Ideal,E,VVS2
1928097,2674,0.72,Very Good,E,SI1
1928099,2575,0.73,Very Good,H,VS2
1928100,4208,0.8,Very Good,D,VS2
1928101,2476,0.7,Very Good,E,SI1
1928103,2354,0.71,Ideal,G,SI1
1928793,2330,0.7,Very Good,H,VS2
1928794,2100,0.7,Very Good,I,VS2
1928795,2772,0.73,Ideal,H,VS2
1928797,2584,0.74,Ideal,E,SI2
1928798,2268,0.72,Very Good,H,SI1
1928799,2771,0.7,Very Good,E,VS2
1928800,3721,0.8,Very Good,F,VS2
1928801,3358,0.74,Very Good,G,VVS1
1928802,3065,0.71,Very Good,E,VS2
1928803,2811,0.71,Very Good,F,VS2
1928805,3050,0.72,Ideal,G,VVS2
1928807,2501,0.7,Very Good,G,VS2
1928808,3508,0.71,Ideal,D,VS2
1928809,3154,0.81,Ideal,H,VS2
1928810,2891,0.71,Very Good,E,VS2
1928868,4289,0.73,Signature Ideal,F,VS1
1928874,3875,0.72,Signature Ideal,F,VS2
1928884,2775,0.79,Ideal,I,VS2
1928886,2166,0.76,Ideal,J,VS2
1928890,2407,0.74,Ideal,I,VS2
1929013,3773,0.81,Ideal,I,IF
1929015,2614,0.59,Ideal,G,VVS1
1929029,4471,0.81,Ideal,E,VS2
1929034,2676,0.53,Ideal,E,VVS2
1929044,3363,0.74,Ideal,E,SI1
1929047,2562,0.57999999999999996,Very Good,G,VVS1
1929048,4563,0.7,Ideal,E,VVS1
1929051,3273,0.53,Ideal,E,IF
1929063,3103,0.57999999999999996,Very Good,E,VVS1
1929070,3514,0.9,Ideal,I,SI2
1929072,4121,0.7,Ideal,E,VVS2
1929073,3476,0.7,Ideal,G,VVS2
1929075,3516,0.7,Ideal,F,VS1
1929076,2913,0.54,Ideal,E,VVS1
1929086,4563,0.7,Ideal,E,VVS1
1929094,3719,0.7,Ideal,G,VVS1
1929095,2572,0.57999999999999996,Ideal,G,VVS1
1929112,2304,0.5,Signature Ideal,E,VVS2
1929113,2142,0.51,Signature Ideal,E,VS1
1929114,2346,0.56000000000000005,Signature Ideal,E,VS1
1929309,2344,0.56999999999999995,Ideal,E,VS1
1929312,2198,0.54,Ideal,E,VS1
1929313,2893,0.53,Ideal,D,VVS2
1929315,2219,0.72,Ideal,I,SI1
1929324,2775,0.64,Ideal,G,VVS2
1929327,2489,0.52,Ideal,F,VVS1
1929353,2066,0.51,Good,E,VVS1
1929354,3169,0.7,Very Good,F,VVS2
1929356,4099,0.75,Ideal,D,VVS2
1929367,3326,0.7,Very Good,E,VVS2
1929376,2229,0.5,Very Good,E,VVS1
1929559,2864,0.9,Good,F,SI2
1929605,2574,0.5,Very Good,D,VVS1
1929644,2190,0.71,Very Good,G,SI1
1929653,2942,0.71,Very Good,E,VS2
1929706,4227,0.84,Very Good,D,VS2
1929708,2964,0.85,Very Good,F,SI2
1929709,2401,0.73,Ideal,D,SI2
1929712,2957,0.72,Very Good,E,VS1
1929713,3163,0.81,Ideal,E,SI1
1929718,3462,0.71,Ideal,F,VVS1
1929732,3092,0.9,Good,H,SI1
1929783,2775,0.8,Very Good,E,SI2
1929793,3666,0.76,Very Good,G,IF
1929801,3399,0.74,Ideal,D,VS2
1929852,2621,0.69,Very Good,D,VS2
1929864,2571,0.72,Ideal,D,SI1
1929865,2694,0.73,Ideal,D,SI1
1929867,2352,0.71,Ideal,D,SI2
1929869,3580,0.8,Very Good,E,VS2
1929870,2726,0.8,Very Good,E,SI2
1929872,2942,0.7,Ideal,E,VS2
1929873,2332,0.71,Ideal,E,SI2
1929889,3699,0.9,Good,D,SI1
1929898,2973,0.8,Ideal,E,SI2
1929938,3057,0.67,Very Good,E,VVS1
1929943,2004,0.69,Very Good,E,SI1
1929954,3353,0.72,Very Good,E,VVS2
1929955,3097,0.71,Ideal,E,VS1
1929960,2846,0.71,Very Good,E,VS2
1929962,2396,0.71,Ideal,E,SI1
1929965,4632,0.92,Very Good,D,SI1
1929971,3222,0.9,Very Good,J,VVS2
1929972,3143,0.9,Ideal,J,VS1
1929976,4362,0.9,Very Good,E,SI1
1930027,2257,0.7,Very Good,I,VVS2
1930031,3468,0.86,Very Good,D,SI2
1930036,2270,0.71,Ideal,D,SI2
1930048,2506,0.71,Ideal,E,SI1
1930049,2694,0.73,Ideal,E,SI1
1930050,4873,0.92,Ideal,D,SI1
1930054,3279,0.9,Very Good,J,VVS2
1930063,2414,0.71,Good,H,VVS1
1930109,3162,0.8,Very Good,D,SI1
1930110,3028,0.8,Very Good,D,SI2
1930112,4206,0.81,Very Good,E,VVS2
1930113,2321,0.7,Ideal,D,SI2
1930120,3165,0.8,Very Good,E,SI1
1930121,2531,0.8,Good,E,SI2
1930122,2914,0.7,Very Good,D,VS2
1930123,2495,0.71,Very Good,D,SI1
1930129,4361,0.95,Very Good,D,SI2
1930130,4748,0.9,Very Good,E,VS2
1930135,4161,0.9,Very Good,F,SI1
1930136,3215,0.74,Very Good,G,VVS1
1930149,2352,0.71,Ideal,D,SI2
1930176,2193,0.56999999999999995,Ideal,G,IF
1930189,2718,0.74,Ideal,D,SI1
1930190,2352,0.71,Ideal,D,SI2
1930200,4798,0.91,Very Good,E,VS2
1930206,3967,0.9,Very Good,G,SI1
1930207,3601,0.9,Very Good,I,VVS2
1930214,2159,0.7,Very Good,D,SI2
1930261,2555,0.77,Very Good,D,SI2
1930262,3015,0.7,Very Good,E,VS1
1930266,2579,0.7,Ideal,D,SI1
1930267,2579,0.7,Ideal,D,SI1
1930270,2482,0.7,Ideal,E,SI1
1930273,3875,0.9,Very Good,E,SI2
1930275,3440,0.9,Good,I,VVS1
1930282,3034,0.84,Very Good,E,SI2
1930292,3205,0.63,Ideal,E,IF
1930296,3117,0.7,Ideal,E,VS1
1930320,3973,0.72,Ideal,E,VVS1
1930354,2288,0.5,Good,D,VVS1
1930382,2060,0.5,Good,D,VVS2
1930480,2072,0.5,Very Good,F,VVS1
1930530,2312,0.59,Ideal,F,VS1
1930538,2203,0.51,Ideal,D,VS1
1930543,2044,0.62,Ideal,H,VS1
1930553,2066,0.52,Ideal,G,VVS2
1930555,2080,0.51,Ideal,E,VS1
1930562,2080,0.51,Ideal,E,VS1
1930563,2315,0.56999999999999995,Ideal,E,VS1
1930565,2521,0.6,Ideal,F,VS1
1930566,2040,0.5,Ideal,E,VS1
1930567,2275,0.6,Ideal,F,VS1
1930571,2159,0.53,Ideal,E,VS1
1930576,2040,0.5,Ideal,E,VS1
1930590,2237,0.55000000000000004,Ideal,E,VS1
1930591,3288,0.6,Ideal,E,VVS1
1930592,2591,0.61,Ideal,G,VVS2
1930595,2383,0.57999999999999996,Ideal,E,VS1
1930597,3031,0.55000000000000004,Ideal,D,VVS2
1930611,2522,0.6,Ideal,H,VVS1
1930656,2047,0.7,Good,I,VS2
1930657,3918,0.7,Good,D,VVS2
1930674,2006,0.5,Good,F,VVS2
1930677,4298,0.53,Ideal,D,IF
1930678,3208,0.7,Good,H,IF
1930714,3303,0.7,Good,F,VVS2
1930716,3591,0.7,Good,F,VVS1
1930793,2365,0.7,Good,I,VVS2
1930873,2989,0.7,Good,G,VVS2
1930875,3951,0.7,Good,F,IF
1930897,2387,0.73,Very Good,F,SI2
1930919,4896,1.01,Good,G,SI2
1930920,4379,1.01,Good,J,SI2
1930939,3591,0.7,Good,F,VVS1
1930950,4343,0.9,Fair,G,VS2
1930967,2334,0.5,Good,E,VVS1
1931000,2431,0.7,Good,H,VS1
1931203,2194,0.55000000000000004,Ideal,H,IF
1931241,2242,0.52,Ideal,E,VVS2
1931242,2417,0.52,Very Good,D,VVS2
1931276,2299,0.6,Very Good,H,VVS1
1931283,2347,0.59,Very Good,F,VVS2
1931305,2290,0.52,Ideal,E,VVS2
1931306,2048,0.51,Very Good,F,VVS2
1931309,3204,0.64,Ideal,F,VVS1
1931312,2443,0.72,Very Good,I,VVS2
1931353,2106,0.51,Ideal,F,VVS2
1931355,2299,0.6,Ideal,H,VVS1
1931357,2378,0.7,Very Good,I,VVS2
1931358,2361,0.7,Very Good,I,VVS2
1931370,2506,0.62,Ideal,H,IF
1931373,2515,0.56999999999999995,Ideal,G,IF
1931383,2565,0.57999999999999996,Very Good,E,VVS2
1931385,2048,0.51,Very Good,F,VVS2
1931386,2186,0.53,Ideal,F,VVS2
1931387,2186,0.53,Ideal,F,VVS2
1931419,2332,0.53,Ideal,E,VVS2
1931420,2533,0.56999999999999995,Ideal,E,VVS2
1931421,2048,0.51,Very Good,F,VVS2
1931422,2156,0.54,Ideal,F,VVS2
1931427,2001,0.5,Ideal,F,VVS2
1931467,2703,0.63,Ideal,E,VS1
1931484,4999,1.01,Ideal,G,SI2
1931528,3952,0.9,Good,H,VS1
1931534,2823,0.9,Very Good,I,SI2
1931542,2134,0.71,Good,I,VS1
1931544,3516,0.9,Good,I,VS1
1931548,2904,0.91,Good,I,SI1
1931550,2038,0.75,Good,G,SI2
1931553,3902,0.9,Good,F,SI1
1931554,3072,0.9,Very Good,H,SI2
1931592,2054,0.78,Ideal,I,SI2
1931687,4708,1.0900000000000001,Ideal,J,VS2
1931719,4132,0.9,Good,G,VS1
1931722,2827,0.7,Very Good,F,VS2
1931723,4592,0.91,Ideal,J,IF
1931726,3043,0.7,Very Good,F,VS2
1931727,4199,0.71,Very Good,F,VVS1
1931729,3549,0.71,Very Good,F,VS1
1931739,3549,0.71,Very Good,F,VS1
1931740,3638,0.72,Very Good,E,VS1
1931743,2542,0.5,Very Good,F,IF
1931752,2749,0.51,Very Good,E,VVS1
1931758,4800,0.9,Very Good,H,VVS2
1931768,2604,0.71,Very Good,I,VVS2
1931855,3529,0.73,Signature Ideal,G,VS2
1932435,2578,0.9,Very Good,J,SI1
1932924,3695,0.72,Ideal,F,VVS2
1932997,2116,0.61,Very Good,G,VS1
1933011,2956,0.71,Ideal,H,VVS2
1933058,2118,0.61,Ideal,G,VS1
1933075,2388,0.5,Very Good,F,VVS1
1933107,2641,0.7,Very Good,G,VS2
1933108,2756,0.7,Ideal,G,VS2
1933164,2708,0.71,Ideal,H,VS1
1933174,2127,0.5,Ideal,G,VVS1
1933176,2348,0.62,Ideal,F,VS1
1933177,2176,0.63,Ideal,G,VS1
1933183,2790,0.62,Ideal,F,VVS2
1933185,3643,0.7,Ideal,F,VVS2
1933187,2246,0.5,Ideal,F,VVS2
1933188,2181,0.5,Very Good,F,VVS2
1933189,2332,0.52,Ideal,F,VVS2
1933370,2911,0.76,Ideal,H,VS1
1933379,2127,0.5,Ideal,G,VVS1
1933383,2185,0.63,Ideal,G,VS1
1933396,2077,0.53,Ideal,G,VVS2
1933397,2115,0.54,Ideal,G,VVS2
1933400,2191,0.56000000000000005,Ideal,G,VVS2
1933402,2225,0.6,Ideal,H,VVS2
1933403,2367,0.64,Ideal,H,VVS2
1933404,3911,0.7,Ideal,D,VVS2
1933408,2181,0.5,Very Good,F,VVS2
1933472,2084,0.6,Ideal,G,VS1
1933523,2075,0.73,Ideal,I,SI1
1933547,2028,0.6,Ideal,I,IF
1933579,2232,0.55000000000000004,Ideal,H,VVS1
1933580,2522,0.6,Ideal,H,VVS1
1933584,2185,0.63,Ideal,G,VS1
1933597,2039,0.52,Ideal,G,VVS2
1933600,2153,0.55000000000000004,Ideal,G,VVS2
1933601,2153,0.55000000000000004,Ideal,G,VVS2
1933602,2229,0.56999999999999995,Ideal,G,VVS2
1933605,3783,0.71,Very Good,D,VVS2
1933608,2332,0.52,Ideal,F,VVS2
1933644,2115,0.54,Ideal,G,VVS2
1933646,2001,0.51,Ideal,G,VVS2
1933664,2672,0.7,Ideal,H,VS1
1933678,2740,0.91,Very Good,J,SI2
1933692,2087,0.63,Ideal,F,VS2
1933700,2808,0.71,Very Good,E,VS2
1933701,2651,0.7,Very Good,G,VS2
1933732,2202,0.53,Ideal,H,IF
1933755,2099,0.5,Ideal,D,VS1
1933778,2082,0.6,Very Good,G,VS1
1933790,2266,0.57999999999999996,Ideal,G,VVS2
1933791,2779,0.62,Ideal,F,VVS2
1933795,2450,0.55000000000000004,Ideal,F,VVS2
1933819,2315,0.6,Very Good,G,VVS2
1933820,2289,0.51,Ideal,F,VVS2
1933835,2605,0.71,Very Good,H,VS1
1933841,2318,0.72,Ideal,F,SI1
1933919,2595,0.71,Very Good,H,VS1
1933927,2209,0.52,Ideal,G,VVS1
1933929,2706,0.64,Ideal,G,VVS1
1933949,2129,0.6,Very Good,H,VVS2
1933950,2956,0.71,Ideal,H,VVS2
1934006,2537,0.71,Very Good,F,SI1
1934007,2041,0.72,Ideal,I,SI1
1934009,3114,0.91,Good,H,SI2
1934018,2433,0.7,Very Good,H,VS2
1934036,2558,0.7,Ideal,E,SI2
1934088,2127,0.5,Ideal,G,VVS1
1934089,2209,0.52,Ideal,G,VVS1
1934112,2077,0.53,Ideal,G,VVS2
1935076,2239,0.51,Very Good,E,VVS2
1935115,2888,0.63,Ideal,E,VVS2
1935162,2153,0.55000000000000004,Ideal,G,VVS2
1935233,4016,0.72,Signature Ideal,G,IF
1935238,4735,0.76,Signature Ideal,G,VVS1
1935564,2363,0.72,Ideal,E,SI2
1935575,3139,0.64,Signature Ideal,D,VS1
1935576,2130,0.7,Ideal,F,SI2
1935579,2440,0.6,Ideal,E,VS1
1935592,4286,0.92,Ideal,D,SI2
1935622,2341,0.71,Ideal,E,SI2
1935646,2486,0.61,Ideal,G,VVS2
1935653,4553,0.8,Ideal,D,VS1
1935661,2897,0.76,Ideal,D,SI2
1935746,3011,0.6,Ideal,D,VVS2
1935767,2393,0.72,Ideal,F,SI1
1935793,2727,0.77,Ideal,E,SI2
1935805,2934,0.61,Signature Ideal,D,VS1
1935835,2690,0.63,Ideal,H,IF
1935863,2394,0.73,Ideal,E,SI2
1935897,4590,0.91,Very Good,F,VS2
1935902,3473,0.64,Signature Ideal,G,IF
1935903,2026,0.6,Ideal,I,IF
1935941,2300,0.62,Ideal,D,VS2
1935945,4505,0.9,Very Good,G,VS1
1935951,2821,0.62,Ideal,F,VVS2
1935964,2516,0.63,Ideal,G,VVS1
1935982,2348,0.71,Ideal,D,SI2
1935983,2367,0.7,Ideal,E,SI1
1935999,2659,0.72,Ideal,E,SI1
1936009,3034,0.6,Ideal,D,VVS2
1936010,2870,0.75,Ideal,F,SI1
1936012,2160,0.71,Ideal,F,SI2
1936016,2435,0.6,Signature Ideal,E,VS2
1936018,3347,0.62,Signature Ideal,E,VVS2
1936024,4218,0.9,Very Good,H,VS1
1936062,3697,0.9,Ideal,J,VVS2
1936065,3188,0.73,Ideal,G,VS1
1936068,2787,0.71,Ideal,H,VS1
1936069,3433,0.7,Ideal,G,VVS1
1936093,2946,0.63,Ideal,G,IF
1936133,2023,0.52,Ideal,G,VVS1
1936445,2745,0.62,Very Good,F,VVS2
1936626,4010,0.9,Very Good,D,SI2
1936754,2732,0.76,Good,G,SI1
1936800,2670,0.8,Very Good,I,SI1
1937146,2009,0.54,Ideal,F,VS1
1937156,2018,0.7,Very Good,I,SI1
1937186,2782,0.7,Very Good,F,VS2
1937188,2308,0.72,Ideal,I,VS2
1937223,2321,0.56000000000000005,Ideal,H,IF
1937247,2395,0.8,Very Good,J,VS1
1937256,2063,0.5,Very Good,G,VVS1
1937257,2127,0.5,Ideal,G,VVS1
1937258,2168,0.51,Ideal,G,VVS1
1937264,2312,0.61,Ideal,F,VS1
1937265,2116,0.61,Very Good,G,VS1
1937281,2266,0.57999999999999996,Ideal,G,VVS2
1937286,2181,0.5,Very Good,F,VVS2
1937372,2466,0.71,Very Good,H,VS2
1937400,2291,0.7,Very Good,I,VS1
1937456,3520,0.74,Ideal,F,VS1
1937460,4365,0.8,Ideal,G,VVS1
1937537,2699,0.63,Ideal,F,VVS2
1937701,2079,0.52,Ideal,F,VVS2
1937767,2518,0.5,Very Good,D,VVS1
1937775,3904,0.74,Ideal,F,VVS2
1937777,2893,0.68,Ideal,E,VS1
1937781,2677,0.69,Ideal,E,VS1
1937823,2432,0.7,Very Good,D,SI1
1937891,2601,0.5,Ideal,D,VVS1
1938121,4558,1,Fair,H,VS2
1938124,4097,1,Good,F,SI2
1938125,4558,1,Fair,H,VS2
1938126,3821,1,Good,H,SI2
1938130,4787,1,Fair,F,SI1
1938131,4097,1,Fair,F,SI2
1938140,4489,1,Fair,F,SI1
1938146,4558,1,Fair,H,VS2
1938150,3777,1,Fair,I,SI1
1938154,4907,1,Good,H,VS2
1938155,4558,1,Fair,H,VS2
1938375,4881,1.08,Ideal,J,SI1
1938515,3932,0.91,Very Good,E,SI1
1938726,2113,0.65,Ideal,H,VS1
1938738,3934,1.01,Good,J,SI1
1938825,3703,0.91,Very Good,J,VVS1
1938829,4865,0.9,Ideal,H,VS1
1938848,4813,0.75,Ideal,F,IF
1938849,4813,0.75,Ideal,F,IF
1938853,3697,0.9,Ideal,J,VS1
1938854,4767,1.0900000000000001,Very Good,I,SI2
1939279,2991,0.61,Ideal,F,VVS1
1939345,3145,0.79,Ideal,F,SI1
1939361,2569,0.51,Very Good,E,VVS1
1939432,3631,0.8,Very Good,E,VS2
1939548,3224,0.76,Very Good,D,VS2
1939664,2575,0.62,Ideal,F,VVS2
1939685,4609,0.78,Signature Ideal,G,VVS2
1940378,3314,0.71,Very Good,F,VVS1
1940435,3699,0.52,Ideal,D,IF
1940437,2426,0.5,Very Good,E,VVS1
1940458,2592,0.56999999999999995,Ideal,D,VVS2
1940476,3292,0.5,Very Good,D,IF
1940495,2660,0.5,Very Good,D,VVS1
1940497,2660,0.5,Very Good,D,VVS1
1940501,2328,0.5,Very Good,D,VVS2
1940502,2328,0.5,Very Good,D,VVS2
1940511,2058,0.5,Good,D,VVS2
1940512,2328,0.5,Very Good,D,VVS2
1940516,2660,0.5,Very Good,D,VVS1
1940526,2058,0.5,Good,D,VVS2
1940527,2251,0.5,Good,D,VVS1
1940534,2058,0.5,Good,D,VVS2
1940535,2604,0.5,Very Good,D,VVS1
1940544,2058,0.5,Good,D,VVS2
1940549,2604,0.5,Very Good,D,VVS1
1940551,2128,0.5,Very Good,E,VVS2
1940561,2013,0.51,Good,E,VVS1
1940579,2660,0.5,Very Good,D,VVS1
1940580,2251,0.5,Good,D,VVS1
1940582,2660,0.5,Very Good,D,VVS1
1940583,2660,0.5,Very Good,D,VVS1
1940591,2058,0.5,Good,D,VVS2
1940617,2296,0.5,Very Good,D,VVS2
1940618,2003,0.51,Very Good,D,VS1
1940621,2435,0.6,Ideal,E,VS2
1940623,4211,0.75,Ideal,E,VS1
1940625,3062,0.74,Ideal,G,VS2
1940627,2736,0.51,Very Good,D,VVS1
1940629,2722,0.53,Ideal,D,VVS2
1940631,3374,0.7,Very Good,D,VS2
1940632,2702,0.55000000000000004,Ideal,E,VVS1
1940636,2890,0.52,Ideal,E,IF
1940637,4262,0.9,Ideal,G,SI1
1940638,4476,0.56000000000000005,Ideal,D,IF
1940639,2297,0.5,Ideal,E,VVS2
1940646,2292,0.53,Ideal,F,IF
1940649,3697,0.91,Very Good,H,SI2
1940651,3934,0.75,Ideal,G,VVS1
1940654,2341,0.51,Ideal,E,VVS2
1940658,2128,0.5,Ideal,E,VVS2
1940661,3689,0.7,Ideal,E,VVS2
1940663,2697,0.7,Very Good,H,VVS2
1940664,3419,0.71,Very Good,D,VS2
1940667,2226,0.54,Ideal,E,VVS2
1940671,4830,0.9,Very Good,H,VS1
1940673,4896,0.91,Very Good,G,VS2
1940674,3075,0.5,Ideal,D,VVS1
1940675,2171,0.54,Ideal,G,VVS2
1940679,2527,0.71,Ideal,E,SI2
1940730,2470,0.71,Ideal,I,VVS2
1940742,2446,0.5,Ideal,E,VVS1
1940782,2951,0.73,Ideal,G,VS2
1940786,2713,0.51,Ideal,D,VVS2
1940788,2526,0.51,Ideal,E,VVS2
1940789,2257,0.51,Ideal,D,VS1
1940790,2764,0.52,Ideal,E,VVS1
1940794,2760,0.56000000000000005,Ideal,E,VVS2
1940809,2526,0.51,Very Good,E,VVS2
1940930,3791,0.73,Ideal,F,VVS2
1941106,3326,0.6,Ideal,D,VVS2
1941113,2378,0.7,Very Good,I,VVS2
1941462,3050,0.9,Good,H,SI2
1941570,4533,1,Good,F,SI2
1941613,3173,0.86,Very Good,E,SI2
1941682,2640,0.8,Very Good,F,SI2
1941868,2781,0.73,Ideal,G,VS2
1941876,3288,0.9,Ideal,J,VS1
1941975,2491,0.56000000000000005,Ideal,E,VVS2
1941980,2279,0.51,Very Good,E,VVS2
1941987,2011,0.5,Good,F,VVS1
1941996,2011,0.5,Good,F,VVS1
1942037,2484,0.52,Ideal,D,VVS2
1942079,2484,0.52,Ideal,D,VVS2
1942098,2874,0.54,Ideal,E,IF
1942167,4447,0.9,Very Good,G,VS2
1942245,2403,0.5,Very Good,D,VVS2
1942248,2236,0.5,Ideal,E,VVS2
1942253,2321,0.52,Very Good,F,VVS1
1942273,2059,0.51,Good,E,VVS2
1942279,2733,0.5,Ideal,D,VVS1
1942288,2236,0.5,Very Good,E,VVS2
1942289,2872,0.61,Very Good,E,VVS2
1942368,4158,0.9,Very Good,I,VVS2
1942372,2403,0.5,Very Good,D,VVS2
1942387,2537,0.71,Very Good,F,SI1
1942414,2019,0.5,Good,E,VVS2
1942430,2403,0.5,Very Good,D,VVS2
1942457,2722,0.5,Very Good,D,VVS1
1942479,2502,0.51,Very Good,D,VVS1
1942538,2620,0.55000000000000004,Ideal,E,VVS1
1942681,2722,0.5,Very Good,D,VVS1
1942687,4830,0.9,Very Good,H,VVS2
1942734,2755,0.57999999999999996,Ideal,E,VVS1
1942774,3025,0.6,Very Good,E,VVS1
1942777,2321,0.52,Very Good,F,VVS1
1942791,2521,0.51,Good,D,VVS1
1942802,4851,0.9,Very Good,H,VVS2
1942885,2236,0.5,Very Good,E,VVS2
1942903,2403,0.5,Very Good,E,VVS1
1942925,4830,0.9,Very Good,H,VVS2
1942976,2837,0.52,Very Good,D,VVS1
1942993,2449,0.55000000000000004,Ideal,E,VVS2
1943017,2157,0.5,Very Good,E,VVS1
1943175,2449,0.51,Very Good,E,VVS1
1943233,2456,0.5,Very Good,D,VVS1
1943236,2236,0.5,Very Good,E,VVS2
1943243,2173,0.5,Good,E,VVS1
1943354,2173,0.5,Good,E,VVS1
1943388,4617,1.1000000000000001,Ideal,J,SI2
1943487,2019,0.5,Good,E,VVS2
1943507,2631,0.55000000000000004,Very Good,E,VVS1
1943523,2173,0.5,Good,D,VVS2
1943541,2474,0.5,Good,D,VVS1
1943593,2472,0.62,Very Good,H,VVS1
1943601,2173,0.5,Good,E,VVS1
1943657,2533,0.56999999999999995,Ideal,E,VVS2
1943738,2279,0.51,Ideal,E,VVS2
1943745,2236,0.5,Very Good,E,VVS2
1943753,2439,0.51,Very Good,E,VVS1
1943798,2403,0.5,Very Good,D,VVS2
1943801,2449,0.51,Very Good,E,VVS1
1943813,2066,0.5,Very Good,F,VVS2
1943824,3722,0.72,Very Good,E,VVS2
1943835,2173,0.5,Good,D,VVS2
1943851,2791,0.7,Very Good,D,SI1
1943869,3383,0.9,Very Good,J,VS1
1943908,2540,0.53,Ideal,E,VVS1
1943949,2236,0.5,Very Good,E,VVS2
1944011,3138,0.81,Very Good,I,VVS1
1944050,3373,0.94,Ideal,J,VS2
1944051,2405,0.84,Ideal,J,VS2
1944076,2866,0.8,Ideal,I,VS1
1944077,3976,0.86,Very Good,E,SI1
1944512,3927,0.9,Very Good,I,VS1
1944513,2059,0.51,Good,E,VVS2
1944529,2721,0.56999999999999995,Very Good,D,VVS2
1944537,2164,0.5,Good,D,VVS2
1944542,4141,0.9,Very Good,I,VVS2
1944550,2019,0.5,Good,E,VVS2
1944553,3927,0.9,Very Good,I,VS1
1944578,2059,0.51,Good,E,VVS2
1944589,4016,0.7,Ideal,E,VVS1
1944592,2173,0.5,Good,D,VVS2
1944596,4881,0.91,Very Good,H,VVS2
1944597,2173,0.5,Good,D,VVS2
1944612,3618,0.9,Very Good,J,VVS2
1944649,3803,0.73,Very Good,H,IF
1944652,2019,0.5,Good,E,VVS2
1944653,2136,0.5,Very Good,G,IF
1944686,2173,0.5,Good,D,VVS2
1944687,2440,0.56999999999999995,Very Good,H,IF
1944713,2764,0.9,Good,J,SI1
1944722,2474,0.5,Good,D,VVS1
1944723,2511,0.51,Fair,D,VVS1
1944728,2019,0.5,Good,E,VVS2
1944752,3182,0.71,Good,H,VVS1
1944764,2256,0.52,Good,D,VVS2
1944795,2226,0.56000000000000005,Ideal,F,VVS2
1944806,2946,0.9,Very Good,J,SI1
1944884,2416,0.8,Very Good,H,SI2
1944933,2305,0.56999999999999995,Ideal,F,VVS2
1944934,2343,0.57999999999999996,Ideal,F,VVS2
1944939,2551,0.8,Very Good,G,SI2
1944955,4789,0.9,Very Good,G,VS1
1945254,4161,1.03,Very Good,J,SI1
1945273,2787,0.72,Ideal,H,VVS2
1945516,3542,0.7,Good,E,VS1
1945566,4759,0.92,Very Good,H,VVS2
1945567,4990,0.9,Very Good,E,VS2
1945581,4382,0.9,Very Good,H,VS1
1945583,4658,0.9,Very Good,F,VS2
1945589,4661,0.9,Very Good,H,VVS2
1945606,4129,0.8,Ideal,G,VS2
1945624,4418,0.91,Good,D,SI1
1945626,4591,0.9,Very Good,D,SI1
1945627,3268,0.9,Fair,E,SI2
1945628,4639,0.91,Very Good,D,SI1
1945634,4095,0.9,Good,G,VS2
1945635,3367,0.92,Very Good,I,SI1
1945641,3897,0.92,Very Good,E,SI2
1945644,3381,0.91,Very Good,G,SI2
1945646,4116,0.91,Good,E,SI1
1945648,3770,0.9,Good,D,SI2
1945649,2981,0.92,Very Good,I,SI2
1945650,4529,0.9,Good,E,VS2
1945658,3381,0.91,Very Good,G,SI2
1945662,3646,0.91,Good,G,SI1
1945663,4097,0.9,Very Good,F,SI1
1945664,4639,0.91,Very Good,D,SI1
1945880,3853,0.94,Very Good,D,SI2
1946163,4638,1.04,Ideal,I,SI2
1947168,2628,0.6,Very Good,F,VVS2
1947169,3086,0.6,Ideal,D,VVS2
1947231,2628,0.6,Very Good,F,VVS2
1947358,2575,0.66,Very Good,E,VS1
1947547,2676,0.56000000000000005,Ideal,E,VVS1
1947650,2479,0.75,Very Good,F,SI2
1947651,2591,0.81,Good,I,VS2
1947654,2428,0.74,Ideal,F,SI2
1947657,2428,0.74,Very Good,F,SI2
1948179,2981,0.72,Ideal,D,SI1
1948207,4840,0.82,Ideal,F,VVS2
1948218,2261,0.61,Ideal,G,VS1
1948219,2627,0.54,Ideal,F,IF
1948240,4352,0.56000000000000005,Ideal,D,IF
1948244,4016,0.72,Ideal,F,VVS1
1948248,4426,0.56999999999999995,Ideal,D,IF
1948263,3898,0.72,Ideal,F,VVS1
1948265,4973,0.9,Very Good,H,VVS2
1948288,2816,0.74,Ideal,H,VS1
1948295,4442,0.57999999999999996,Ideal,D,IF
1948358,4987,1.02,Ideal,J,VS2
1948374,4975,1.07,Ideal,J,SI1
1948505,2275,0.7,Ideal,I,VS2
1948618,2437,0.71,Very Good,I,VVS1
1948621,4613,0.76,Very Good,D,VVS2
1948626,4034,0.81,Very Good,G,VVS2
1948643,3048,0.65,Very Good,E,VVS2
1948653,4260,0.94,Very Good,I,VVS2
1948655,2006,0.7,Very Good,I,VS2
1948685,2310,0.51,Ideal,E,VVS2
1948701,2694,0.6,Very Good,F,VVS2
1948704,4428,0.9,Very Good,H,VS1
1948772,3485,0.71,Ideal,F,VS1
1948864,2103,0.6,Signature Ideal,G,VS2
1948871,3348,0.62,Signature Ideal,F,VVS1
1948872,2934,0.6,Signature Ideal,F,VVS2
1948875,3161,0.73,Signature Ideal,G,VS2
1948877,3246,0.6,Signature Ideal,F,VVS1
1948889,3453,0.74,Ideal,D,VS1
1948893,2548,0.74,Ideal,F,SI1
1948971,2557,0.7,Ideal,G,SI1
1948973,2133,0.7,Ideal,I,SI1
1948974,3024,0.8,Very Good,E,SI2
1948978,2362,0.71,Ideal,H,SI1
1948986,2231,0.71,Ideal,H,SI1
1948994,3098,0.74,Ideal,G,VS2
1948997,2907,0.82,Ideal,H,SI1
1949059,4470,1,Fair,H,VS2
1949060,4146,1.02,Good,H,SI2
1949062,4203,1,Good,I,SI1
1949091,2220,0.72,Ideal,I,VS1
1949099,4154,1.01,Very Good,H,SI2
1949100,4657,1,Good,I,VS2
1949108,3269,0.7,Ideal,G,VVS1
1949112,2528,0.65,Ideal,G,VVS2
1949128,3437,0.75,Ideal,F,VS2
1949131,2521,0.63,Ideal,G,VVS1
1949141,4782,1.1599999999999999,Good,J,VS2
1949175,4828,1.01,Good,J,VVS2
1949176,4212,1.01,Good,J,VS1
1949242,3034,0.73,Ideal,H,VVS2
1949243,2374,0.72,Ideal,I,VS2
1949301,2040,0.5,Ideal,E,VS1
1949312,2038,0.5,Very Good,F,VVS2
1949314,2632,0.62,Ideal,G,VVS2
1949317,2885,0.63,Ideal,G,VVS1
1949320,4511,0.9,Very Good,D,SI1
1949328,2864,0.57999999999999996,Ideal,E,VVS2
1949332,2297,0.5,Very Good,E,VVS2
1949333,3868,1,Fair,I,SI1
1949338,3460,1,Fair,I,SI2
1949339,4203,1,Fair,H,SI1
1949344,3806,1,Fair,G,SI2
1949360,3673,1,Fair,H,SI2
1949376,2306,0.5,Ideal,F,VVS1
1949379,2353,0.52,Ideal,E,VVS2
1949381,4482,0.56999999999999995,Ideal,D,IF
1949384,2604,0.7,Good,H,VVS2
1949408,2216,0.56000000000000005,Ideal,D,VS1
1949427,2061,0.6,Very Good,E,VS2
1949447,2306,0.5,Ideal,F,VVS1
1949449,2782,0.64,Ideal,G,VVS1
1949451,2350,0.51,Ideal,F,VVS1
1949452,2394,0.52,Ideal,F,VVS1
1949457,2327,0.55000000000000004,Ideal,F,VVS2
1949459,3406,0.8,Ideal,I,VVS2
1949460,2906,0.81,Ideal,I,VS2
1949465,2421,0.6,Very Good,E,VS1
1949477,2295,0.52,Ideal,G,IF
1949478,2220,0.56000000000000005,Ideal,G,VVS2
1949479,3337,0.56000000000000005,Ideal,D,VVS1
1949483,2111,0.7,Very Good,F,SI2
1949486,2300,0.82,Ideal,J,SI1
1949514,2232,0.72,Ideal,J,VVS2
1949516,2326,0.52,Ideal,G,IF
1949536,2741,0.63,Ideal,G,VVS1
1949542,2059,0.6,Ideal,I,VVS1
1949566,2279,0.51,Ideal,F,VVS1
1949577,2452,0.63,Ideal,H,VVS2
1949756,4956,1.04,Ideal,J,SI1
1949782,2533,0.56999999999999995,Very Good,F,VVS1
1949790,2406,0.54,Ideal,F,VVS1
1949791,2236,0.5,Ideal,E,VVS2
1949794,3681,0.72,Ideal,F,VVS1
1949806,2886,0.7,Good,D,VS1
1949808,2660,0.5,Very Good,D,VVS1
1949809,3502,0.61,Very Good,D,VVS1
1949812,2324,0.54,Ideal,E,VVS2
1949815,4600,0.62,Very Good,D,IF
1949821,3001,0.54,Ideal,D,VVS1
1949829,3596,0.7,Very Good,F,VVS1
1949843,2082,0.57999999999999996,Very Good,G,VVS1
1949847,2159,0.5,Very Good,E,VVS2
1949848,2839,0.54,Ideal,D,VVS1
1949850,2382,0.51,Very Good,D,VVS2
1949851,2156,0.54,Ideal,F,VVS2
1949852,2732,0.63,Ideal,F,VVS2
1949853,2118,0.6,Very Good,G,VS1
1949856,2676,0.56999999999999995,Ideal,D,VVS2
1949868,3365,0.71,Very Good,F,VVS2
1949873,2640,0.5,Ideal,D,VVS1
1949874,2660,0.5,Very Good,D,VVS1
1949875,2245,0.6,Very Good,F,VS1
1949881,2373,0.51,Very Good,E,VVS1
1949883,2347,0.59,Very Good,F,VVS2
1949885,4881,0.66,Very Good,D,IF
1949886,2916,0.62,Very Good,E,VVS2
1949891,2279,0.51,Ideal,E,VVS2
1949892,2449,0.55000000000000004,Ideal,E,VVS2
1949894,2661,0.6,Ideal,F,VVS2
1949899,3741,0.82,Ideal,H,VVS1
1949908,2660,0.5,Very Good,D,VVS1
1949912,2476,0.56000000000000005,Ideal,D,VVS2
1949913,2339,0.59,Ideal,F,VVS2
1949914,2948,0.65,Very Good,G,IF
1949917,2720,0.57999999999999996,Ideal,D,VVS2
1949918,2440,0.63,Ideal,H,VVS1
1949926,3127,0.74,Very Good,G,VVS1
1949933,2660,0.5,Very Good,D,VVS1
1949936,2919,0.61,Ideal,E,VVS2
1949940,2491,0.56000000000000005,Ideal,E,VVS2
1949941,2607,0.59,Very Good,E,VVS2
1949944,2609,0.6,Ideal,F,VVS2
1949945,2103,0.6,Very Good,E,VS2
1949948,2106,0.51,Ideal,F,VVS2
1949956,3607,0.78,Ideal,D,VS1
1949963,3447,0.6,Very Good,D,VVS1
1949966,2245,0.6,Very Good,F,VS1
1949967,2137,0.61,Very Good,E,VS2
1949981,2649,0.5,Very Good,D,VVS1
1949982,3264,0.77,Ideal,D,VS2
1949985,2628,0.56999999999999995,Very Good,E,VVS1
1949995,2406,0.54,Ideal,E,VVS2
1949996,2491,0.56000000000000005,Ideal,E,VVS2
1950003,3185,0.8,Very Good,H,VVS2
1950005,2232,0.5,Good,D,VVS1
1950009,2699,0.51,Very Good,D,VVS1
1950342,4320,1,Very Good,J,SI1
1950345,2047,0.73,Ideal,H,SI2
1950354,2231,0.73,Ideal,H,SI1
1950386,2118,0.75,Very Good,H,SI2
1950399,2195,0.75,Very Good,H,SI2
1950412,2233,0.8,Ideal,J,SI2
1950422,2624,0.5,Ideal,E,IF
1950423,2624,0.5,Ideal,E,IF
1950424,2517,0.74,Ideal,H,SI1
1950425,4558,0.8,Ideal,F,VS1
1950428,4255,0.9,Ideal,G,SI1
1950429,4558,0.8,Ideal,F,VS1
1950431,2358,0.74,Ideal,G,SI2
1950432,2624,0.5,Ideal,E,IF
1950433,2520,0.74,Ideal,I,VS2
1950434,3104,0.81,Ideal,G,SI1
1950435,4151,0.9,Ideal,I,VS1
1950437,3024,0.74,Ideal,G,VS2
1950438,2624,0.5,Ideal,E,IF
1950442,3406,0.74,Ideal,G,VS1
1950467,4922,1.07,Ideal,G,SI2
1950469,3264,0.88,Very Good,E,SI2
1950472,4614,1.05,Very Good,I,SI2
1950483,4806,1.1000000000000001,Ideal,J,SI1
1950496,4693,1.06,Ideal,J,SI2
1950501,4691,1.01,Ideal,J,VS2
1950503,4401,1.01,Very Good,J,SI1
1950513,4522,1.01,Very Good,J,VS1
1950532,3905,0.91,Very Good,E,SI1
1950569,4548,1.01,Fair,E,SI2
1950578,4935,1,Good,G,SI1
1950610,4042,0.9,Good,E,SI1
1950631,4581,0.9,Fair,E,VS1
1950632,4865,0.9,Good,G,VVS2
1950634,4557,1,Good,F,SI2
1950637,4283,1.02,Fair,I,SI1
1950643,4911,1.01,Fair,G,SI1
1950646,4243,1.01,Fair,J,VS1
1950651,4181,1.01,Fair,I,SI1
1950658,4012,0.9,Good,E,SI1
1950663,4504,1.01,Fair,I,VS2
1950668,4484,1.01,Fair,H,SI1
1950672,3416,0.9,Fair,I,VVS2
1950677,4243,1.01,Fair,I,SI1
1950678,4999,1.01,Good,H,SI1
1950740,2119,0.52,Ideal,G,VVS2
1950741,2080,0.51,Ideal,G,VVS2
1950743,2252,0.61,Very Good,H,VVS2
1950753,2712,0.64,Ideal,G,VVS2
1950776,3160,0.77,Very Good,G,VS1
1950777,2641,0.7,Very Good,G,VS2
1950778,4670,0.82,Very Good,E,VS1
1950780,2528,0.7,Ideal,H,VS2
1950785,2389,0.71,Good,H,VS1
1950786,3361,0.74,Ideal,F,VS2
1950790,2206,0.57999999999999996,Ideal,D,VS2
1950795,2251,0.72,Very Good,I,VS1
1950807,2286,0.56999999999999995,Ideal,E,VS1
1950811,2718,0.62,Ideal,H,IF
1950814,3877,0.62,Ideal,D,VVS1
1950815,3226,0.7,Ideal,G,VVS2
1950824,3336,0.82,Very Good,H,VS2
1950826,3008,0.62,Ideal,G,IF
1950827,4156,0.72,Ideal,E,VVS2
1950833,2155,0.76,Ideal,J,VS1
1950849,2052,0.54,Ideal,E,VS1
1950851,2101,0.63,Ideal,G,VS2
1950853,2784,0.7,Ideal,H,VS1
1950856,2551,0.6,Ideal,G,VVS2
1950857,2207,0.61,Very Good,G,VS1
1950871,2070,0.71,Very Good,I,VS2
1950872,2029,0.72,Ideal,J,VS1
1950873,2095,0.76,Ideal,J,VS2
1950874,3246,0.81,Very Good,I,VVS2
1950875,2793,0.8,Ideal,J,VVS2
1950879,2220,0.7,Good,F,SI1
1950880,2375,0.7,Good,E,SI1
1950881,2906,0.81,Ideal,I,VS2
1950882,2070,0.71,Very Good,I,VS2
1950883,2006,0.5,Ideal,E,VS1
1950889,2222,0.71,Very Good,I,VS1
1950890,2251,0.72,Very Good,I,VS1
1950906,2359,0.63,Ideal,G,VS1
1950908,2507,0.61,Very Good,D,VS1
1950909,3242,0.59,Ideal,E,IF
1950923,3272,0.76,Ideal,G,VS1
1950926,3473,0.8,Very Good,H,VS1
1950927,4575,0.91,Very Good,G,VS2
1950928,4442,0.93,Very Good,H,VS2
1950931,2026,0.74,Ideal,J,VS2
1950932,2551,0.77,Ideal,I,VS2
1950933,3412,0.77,Ideal,E,VS2
1950944,2182,0.56999999999999995,Ideal,F,VS1
1950948,2430,0.56999999999999995,Ideal,F,VVS2
1950953,2552,0.6,Ideal,H,VVS1
1950973,2506,0.72,Very Good,E,SI1
1950974,2325,0.57999999999999996,Ideal,E,VS1
1950975,3931,0.76,Ideal,D,VS2
1950976,3722,0.79,Ideal,E,VS2
1950977,2713,0.64,Ideal,H,VVS1
1950982,2563,0.72,Ideal,I,VS1
1950985,2630,0.74,Ideal,I,VS1
1950986,2495,0.7,Ideal,I,VS1
1950991,2123,0.51,Ideal,G,VVS1
1951002,2327,0.5,Ideal,F,VVS1
1951020,2015,0.53,Very Good,G,VVS2
1951022,3434,0.56999999999999995,Ideal,D,VVS1
1951028,2389,0.55000000000000004,Ideal,F,VVS2
1951031,2199,0.57999999999999996,Ideal,E,VS1
1951033,2159,0.71,Very Good,I,VS1
1951038,2472,0.56999999999999995,Ideal,G,VVS1
1951058,2904,0.71,Very Good,G,VS1
1951059,2651,0.7,Very Good,G,VS2
1951061,3718,0.82,Very Good,E,SI1
1951063,2680,0.9,Good,J,VS2
1951066,3893,0.9,Good,H,VS2
1951071,2479,0.63,Very Good,D,VS2
1951072,3505,0.72,Very Good,F,VVS2
1951073,3160,0.71,Very Good,F,VS1
1951079,2222,0.71,Very Good,I,VS1
1951082,2520,0.52,Ideal,E,VVS2
1951084,2632,0.62,Ideal,H,VVS1
1951087,2706,0.7,Very Good,H,VS1
1951099,2454,0.6,Very Good,H,VVS1
1951101,2281,0.61,Very Good,F,VS1
1951102,2633,0.63,Ideal,G,VVS1
1951103,3119,0.7,Very Good,F,VS1
1951116,2597,0.73,Ideal,I,VS1
1951118,4365,0.8,Very Good,G,VVS1
1951122,2290,0.67,Ideal,H,VS1
1951123,4560,0.7,Ideal,F,IF
1951131,4796,0.87,Ideal,F,VS1
1951132,2207,0.61,Very Good,G,VS1
1951133,2779,0.72,Very Good,H,VS1
1951134,2894,0.64,Ideal,G,VVS1
1951135,2125,0.62,Ideal,H,VS1
1951286,3536,0.7,Good,E,VVS2
1951360,3214,0.52,Ideal,D,VVS1
1951434,2989,0.7,Good,G,VVS2
1951455,2430,0.5,Good,D,VVS2
1951496,2139,0.71,Very Good,G,SI2
1951512,2778,0.7,Good,F,VS2
1951528,2702,0.5,Good,E,IF
1951569,2261,0.5,Good,F,VVS1
1951581,3262,0.7,Good,E,VS1
1951587,2989,0.7,Good,G,VVS2
1951728,3203,0.71,Very Good,F,VS1
1951747,3448,0.71,Ideal,F,VVS2
1951749,3588,0.71,Ideal,F,VVS2
1951750,3689,0.71,Ideal,E,VVS2
1951751,2115,0.5,Ideal,F,VVS2
1951752,2966,0.72,Very Good,G,VVS2
1951755,2771,0.54,Ideal,D,VVS2
1951798,2156,0.54,Ideal,F,VVS2
1951826,2117,0.53,Ideal,F,VVS2
1951978,4954,0.92,Very Good,H,VS2
1952003,4614,1.01,Very Good,I,SI1
1952005,4518,1.01,Very Good,I,SI1
1952043,4241,1.01,Very Good,I,SI2
1952117,3957,1,Very Good,J,SI2
1952163,2604,0.7,Very Good,E,SI1
1952173,2206,0.5,Ideal,E,VVS2
1952185,3244,0.7,Very Good,D,VS2
1952187,3492,0.75,Ideal,F,VS1
1952259,2822,0.73,Ideal,E,SI1
1952394,2349,0.65,Ideal,E,VS2
1952463,4726,1,Good,I,VS2
1952472,4310,0.8,Ideal,D,VS2
1952480,4111,1.01,Good,H,SI2
1952513,2222,0.71,Very Good,I,VS1
1952516,2331,0.54,Very Good,F,VVS1
1952520,2417,0.52,Very Good,E,VVS1
1952522,2022,0.72,Very Good,J,VVS1
1952526,2364,0.53,Ideal,F,VVS1
1952530,2874,0.6,Ideal,E,VVS2
1952788,4298,1,Good,J,VS2
1952792,4186,0.7,Signature Ideal,E,VVS2
1952795,2037,0.51,Ideal,F,VVS2
1952799,3925,0.7,Signature Ideal,F,VVS2
1952800,2137,0.61,Signature Ideal,G,VS2
1952801,3038,0.7,Signature Ideal,G,VS2
1952813,4865,1.05,Ideal,H,SI2
1952814,4894,1.06,Ideal,G,SI2
1952857,2663,0.5,Ideal,E,VVS1
1952864,2240,0.53,Ideal,E,VS1
1952865,2077,0.53,Ideal,F,VS1
1952866,2039,0.52,Very Good,F,VS1
1952867,2713,0.51,Very Good,D,VVS2
1952869,2713,0.51,Ideal,E,VVS1
1952870,2742,0.54,Ideal,E,VVS2
1952871,2838,0.56000000000000005,Ideal,E,VVS2
1952872,2598,0.56999999999999995,Ideal,F,VVS2
1952873,2059,0.51,Ideal,F,VS1
1952882,2337,0.51,Ideal,F,VVS2
1952885,2573,0.52,Very Good,E,VVS2
1952886,2583,0.55000000000000004,Ideal,F,VVS2
1952889,2050,0.51,Very Good,F,VS1
1952890,4056,0.85,Very Good,G,VS1
1952948,4299,0.91,Very Good,I,VVS2
1952949,3814,0.61,Signature Ideal,D,VVS2
1952952,2911,0.63,Signature Ideal,F,VS1
1952959,2908,0.54,Signature Ideal,E,VVS2
1952960,4134,0.65,Signature Ideal,D,VVS2
1952962,3985,0.6,Ideal,E,IF
1952976,4151,1.03,Ideal,H,SI2
1953322,4223,0.7,Very Good,E,VVS1
1953339,2397,0.71,Ideal,E,SI2
1953342,2496,0.71,Ideal,F,SI1
1953344,2118,0.61,Very Good,F,VS2
1953379,4939,0.81,Ideal,F,VS1
1953442,4257,1,Ideal,J,SI2
1953444,2002,0.71,Ideal,H,SI2
1953542,2236,0.5,Very Good,F,VVS1
1953646,2279,0.51,Ideal,E,VVS2
1953667,2403,0.5,Very Good,D,VVS2
1953668,2059,0.51,Good,E,VVS2
1953669,2449,0.55000000000000004,Ideal,E,VVS2
1953670,2059,0.51,Good,E,VVS2
1953678,2236,0.5,Very Good,E,VVS2
1953680,2335,0.56999999999999995,Ideal,F,VVS2
1953713,2236,0.5,Very Good,E,VVS2
1953723,2011,0.5,Good,F,VVS1
1953734,2321,0.52,Very Good,E,VVS2
1953736,2236,0.5,Very Good,E,VVS2
1953737,2019,0.5,Good,E,VVS2
1953739,2279,0.51,Very Good,E,VVS2
1953742,3439,0.81,Very Good,G,VS2
1953748,2403,0.5,Very Good,E,VVS1
1953753,2733,0.5,Very Good,D,VVS1
1953756,4275,1.01,Very Good,J,SI2
1953760,2014,0.56000000000000005,Ideal,D,VS2
1953761,2403,0.5,Very Good,D,VVS2
1953778,2019,0.5,Good,E,VVS2
1953779,3069,0.7,Good,F,VVS2
1953789,2979,0.71,Good,D,VS2
1953792,2019,0.5,Good,E,VVS2
1953799,2403,0.5,Ideal,E,VVS1
1953802,2066,0.5,Very Good,F,VVS2
1953824,2403,0.5,Very Good,E,VVS1
1953837,4703,0.9,Good,F,VS1
1953842,2019,0.5,Good,E,VVS2
1953844,2279,0.51,Ideal,F,VVS1
1953847,2236,0.5,Very Good,E,VVS2
1953849,3390,0.71,Good,F,VVS1
1953850,2236,0.5,Very Good,E,VVS2
1953856,2236,0.5,Very Good,F,VVS1
1953864,2364,0.53,Very Good,E,VVS2
1953868,2019,0.5,Good,E,VVS2
1953871,2722,0.5,Very Good,D,VVS1
1953943,2253,0.51,Ideal,G,IF
1953950,2828,0.71,Ideal,G,VS2
1953962,2431,0.55000000000000004,Ideal,G,IF
1953969,2406,0.54,Ideal,E,VVS2
1953973,2557,0.57999999999999996,Ideal,G,IF
1953976,4145,0.53,Ideal,D,IF
1953993,2106,0.51,Ideal,F,VVS2
1953995,2431,0.55000000000000004,Ideal,G,IF
1954005,2830,0.72,Ideal,G,VS2
1954023,2236,0.5,Ideal,E,VVS2
1954028,2406,0.54,Ideal,E,VVS2
1954033,3262,0.61,Ideal,D,VVS2
1954047,2710,0.56000000000000005,Ideal,F,IF
1954053,3102,0.7,Ideal,D,SI1
1954056,2534,0.52,Ideal,F,IF
1954057,2627,0.54,Ideal,F,IF
1954061,2431,0.55000000000000004,Ideal,G,IF
1954089,2066,0.5,Very Good,F,VVS2
1954111,2898,0.71,Very Good,F,VS2
1954686,2258,0.59,Very Good,H,IF
1954700,2817,0.63,Ideal,G,IF
1954702,2242,0.52,Very Good,E,VVS2
1954705,2191,0.56000000000000005,Ideal,G,VVS2
1954712,2544,0.63,Ideal,H,IF
1954715,2406,0.54,Ideal,F,VVS1
1954716,2406,0.54,Ideal,F,VVS1
1954775,2186,0.53,Ideal,F,VVS2
1954779,2372,0.68,Very Good,G,VVS2
1954781,3377,0.72,Ideal,H,IF
1954783,2732,0.71,Very Good,G,VS1
1954785,2310,0.64,Very Good,G,VS1
1954802,2069,0.53,Very Good,G,VVS2
1954803,2145,0.55000000000000004,Ideal,G,VVS2
1954806,2040,0.51,Ideal,F,VVS2
1954836,2077,0.53,Ideal,G,VVS2
1954840,2030,0.59,Ideal,H,VVS2
1954841,3147,0.73,Very Good,F,VS1
1954845,2100,0.52,Ideal,G,VVS1
1954846,2048,0.51,Very Good,F,VVS2
1954856,2031,0.52,Very Good,G,VVS2
1954888,2733,0.61,Ideal,G,IF
1954889,2079,0.52,Ideal,F,VVS2
1954890,2186,0.53,Ideal,F,VVS2
1954891,2031,0.52,Very Good,G,VVS2
1954893,2781,0.73,Good,H,VVS1
1954897,2009,0.5,Very Good,F,VVS2
1954909,2344,0.5,Very Good,D,VVS1
1954923,2022,0.54,Very Good,D,VS1
1954929,2003,0.54,Ideal,F,VS1
1954935,2146,0.52,Ideal,F,VVS2
1954938,2001,0.51,Ideal,G,VVS2
1954940,2039,0.52,Ideal,G,VVS2
1954945,3086,0.6,Ideal,D,VVS2
1954946,2874,0.6,Ideal,E,VVS2
1954947,4676,0.71,Ideal,E,IF
1954949,2732,0.71,Ideal,G,VS1
1954952,2058,0.54,Ideal,H,VVS1
1954963,2441,0.51,Ideal,D,VVS2
1954991,2217,0.51,Very Good,F,VVS1
1954992,2721,0.56999999999999995,Ideal,E,VVS1
1954993,2087,0.52,Very Good,F,VVS2
1954996,2818,0.6,Ideal,F,VVS1
1954997,2051,0.6,Ideal,G,VVS2
1955001,2104,0.55000000000000004,Ideal,H,VVS1
1955036,2107,0.54,Very Good,G,VVS2
1955037,2758,0.73,Ideal,H,VVS2
1955038,3163,0.71,Ideal,F,VS1
1955041,2109,0.6,Very Good,G,VS1
1955046,2001,0.5,Ideal,F,VVS2
1955049,2264,0.56000000000000005,Ideal,G,VVS1
1955083,2491,0.51,Ideal,E,IF
1955084,2013,0.52,Ideal,H,IF
1955097,2031,0.52,Very Good,G,VVS2
1955102,2640,0.7,Good,G,VVS2
1955103,3066,0.71,Very Good,F,VS1
1955104,2404,0.67,Ideal,G,VS1
1955105,2003,0.66,Ideal,H,VS1
1955106,2058,0.54,Ideal,H,VVS1
1955107,2299,0.53,Very Good,F,VVS1
1955112,2075,0.56000000000000005,Ideal,F,VS1
1955120,2838,0.56000000000000005,Ideal,E,VVS2
1955123,2742,0.54,Ideal,E,VVS2
1955124,2694,0.53,Ideal,E,VVS2
1955151,2401,0.71,Ideal,I,VVS2
1955173,3334,0.7,Ideal,G,VVS2
1955190,2821,0.7,Very Good,F,VS2
1955202,2328,0.6,Ideal,E,VS2
1955203,4009,0.71,Ideal,F,IF
1955204,3469,0.9,Very Good,H,SI2
1955216,3461,0.9,Very Good,I,SI1
1955220,4227,0.91,Very Good,F,SI1
1955232,2997,0.8,Ideal,H,SI1
1955238,2997,0.8,Ideal,H,SI1
1955329,3689,0.7,Very Good,E,VVS2
1955344,3788,0.71,Very Good,E,VVS2
1955392,4367,1.01,Good,I,SI1
1955424,2388,0.7,Good,G,VS2
1955425,2563,0.72,Ideal,I,VS1
1955428,3638,0.79,Ideal,H,VVS1
1955482,4277,0.9,Very Good,H,VS2
1955554,3877,0.92,Ideal,I,VS2
1955582,3321,0.8,Very Good,F,SI1
1955587,3348,0.81,Very Good,G,SI1
1955617,2542,0.62,Ideal,F,VS1
1955618,2435,0.6,Ideal,F,VS1
1955636,2132,0.65,Ideal,H,VS1
1955637,2282,0.63,Ideal,F,VS2
1955644,2396,0.73,Very Good,G,SI1
1955664,4944,1.01,Good,H,SI1
1955668,4925,1.05,Ideal,J,VS2
1955671,4604,1.01,Very Good,H,SI2
1955677,4876,1.02,Ideal,G,SI2
1955684,4901,0.82,Ideal,G,VVS1
1955791,2735,0.9,Good,I,SI2
1955792,2735,0.9,Good,I,SI2
1955793,2735,0.9,Good,I,SI2
1955795,2735,0.9,Very Good,I,SI2
1955808,3753,0.9,Very Good,H,SI1
1955814,3447,0.77,Ideal,H,VVS1
1955820,3048,0.9,Very Good,I,SI1
1955842,2505,0.55000000000000004,Ideal,E,VVS1
1955851,2100,0.7,Very Good,I,VS2
1955859,2828,0.71,Very Good,D,SI1
1955877,2822,0.67,Very Good,F,VVS2
1955880,4880,0.92,Ideal,I,VVS1
1955885,2362,0.71,Very Good,H,VS2
1955889,2199,0.51,Very Good,D,VVS2
1955893,2075,0.59,Very Good,F,VS1
1955913,3311,0.65,Very Good,D,VVS2
1955917,4144,0.9,Good,E,SI1
1955929,3472,0.91,Very Good,G,SI2
1955937,2808,0.71,Very Good,E,VS2
1955942,2994,0.72,Ideal,H,VVS1
1955944,3310,0.8,Ideal,H,VS1
1955953,3271,0.7,Very Good,F,VVS1
1955956,2720,0.72,Very Good,H,VVS2
1955972,2005,0.5,Very Good,E,VVS2
1955975,3029,0.9,Very Good,J,VS2
1955976,3490,0.92,Very Good,I,SI1
1955994,3222,0.7,Very Good,E,VVS2
1956015,3715,0.93,Very Good,G,SI2
1956024,3144,0.9,Very Good,I,SI1
1956028,2293,0.71,Ideal,I,VS1
1956041,4110,0.93,Very Good,G,SI1
1956055,2919,0.92,Very Good,J,SI1
1956065,3505,0.72,Very Good,F,VVS2
1956066,3673,0.71,Ideal,E,VVS2
1956067,3202,0.76,Ideal,D,SI1
1956070,2820,0.74,Very Good,E,SI1
1956072,2109,0.71,Very Good,F,SI2
1956253,2476,0.7,Very Good,E,SI1
1956254,2385,0.72,Ideal,G,SI1
1956256,2591,0.7,Good,D,SI1
1956315,4818,0.8,Ideal,F,VVS1
1956405,2197,0.5,Very Good,E,VVS2
1956407,2119,0.56000000000000005,Ideal,E,VS1
1956422,2361,0.5,Very Good,E,VVS1
1956426,3038,0.6,Ideal,D,VVS2
1956428,2774,0.7,Very Good,F,VS1
1956443,2296,0.5,Very Good,D,VVS2
1956446,2181,0.6,Very Good,F,VS1
1956447,2028,0.6,Very Good,G,VS1
1956448,2213,0.7,Very Good,F,SI1
1956455,2179,0.52,Very Good,E,VVS2
1956466,3123,0.7,Very Good,D,VS1
1956478,2984,0.7,Very Good,F,VS1
1956479,2391,0.7,Very Good,F,SI1
1956490,2138,0.71,Very Good,E,SI2
1956491,2543,0.6,Very Good,F,VVS2
1956494,3211,0.7,Ideal,E,VS1
1956501,2236,0.5,Ideal,E,VVS2
1956502,2331,0.54,Ideal,F,VVS1
1956503,2140,0.57999999999999996,Very Good,E,VS1
1956507,2219,0.52,Ideal,E,VVS2
1956508,2833,0.62,Very Good,E,VVS2
1956511,2306,0.51,Very Good,D,VVS2
1956518,2227,0.5,Very Good,E,VVS2
1956519,2328,0.5,Very Good,D,VVS2
1956520,3078,0.71,Ideal,F,VS1
1956522,2734,0.62,Ideal,E,VVS2
1956578,2272,0.52,Ideal,E,VVS1
1956581,2923,0.81,Ideal,G,SI2
1956582,4509,0.8,Very Good,D,VS2
1956644,4957,1,Good,F,SI2
1956710,4068,1.01,Very Good,J,SI2
1956742,4405,1.03,Good,I,SI2
1956954,3642,0.8,Ideal,H,VVS2
1956970,4273,1.01,Very Good,H,SI2
1956987,3904,0.74,Ideal,F,VVS2
1956991,2824,0.62,Ideal,F,VVS2
1956992,4184,0.75,Ideal,F,VVS2
1956994,2365,0.72,Ideal,H,SI1
1956996,2892,0.74,Ideal,I,VS1
1956999,3822,0.74,Ideal,G,VVS1
1957002,4839,1.01,Ideal,H,SI2
1957009,4267,1.03,Very Good,J,SI1
1957192,2940,0.71,Ideal,E,SI1
1957193,2536,0.7,Ideal,G,VS2
1957221,3422,0.91,Very Good,G,SI2
1957239,2119,0.54,Ideal,D,VS2
1957263,3279,0.91,Very Good,H,SI2
1957265,2119,0.54,Ideal,D,VS2
1957284,2233,0.56999999999999995,Ideal,D,VS2
1957313,3396,0.74,Ideal,G,VVS1
1957347,3064,0.6,Ideal,E,VVS2
1957365,2333,0.73,Ideal,F,SI2
1957495,4312,1.06,Ideal,J,SI2
1957511,4548,1.07,Very Good,I,SI2
1957521,3589,0.92,Ideal,J,VS1
1957526,3093,0.73,Very Good,E,VS1
1957534,2175,0.5,Very Good,F,VVS1
1957535,3638,0.56000000000000005,Very Good,D,IF
1957557,4435,0.9,Ideal,H,SI1
1957560,3359,0.8,Very Good,E,SI2
1957561,4553,0.9,Very Good,F,SI2
1957563,4146,0.91,Ideal,H,SI2
1957579,2220,0.6,Good,D,VS2
1957675,2755,0.82,Very Good,F,SI2
1957695,4441,0.75,Signature Ideal,G,VVS2
1957709,3660,0.63,Signature Ideal,F,VVS1
1957710,3288,0.61,Signature Ideal,F,VVS2
1957711,3579,0.57999999999999996,Signature Ideal,F,IF
1957712,3771,0.65,Signature Ideal,F,VVS1
1957713,4259,0.66,Signature Ideal,F,IF
1957715,3491,0.65,Signature Ideal,F,VVS2
1957716,3399,0.66,Signature Ideal,G,VVS1
1957718,3462,0.56000000000000005,Signature Ideal,F,IF
1957719,3814,0.61,Signature Ideal,D,VVS2
1957721,4563,0.7,Ideal,E,VVS1
1957723,4695,0.91,Very Good,G,SI1
1957727,4286,0.9,Good,F,SI1
1957730,2800,0.71,Very Good,D,SI1
1957731,2188,0.73,Very Good,F,SI2
1957734,2843,0.56999999999999995,Very Good,D,VVS2
1957735,2203,0.71,Very Good,G,SI2
1957743,2257,0.7,Good,G,SI1
1957744,2254,0.7,Very Good,I,VS2
1957745,2303,0.52,Ideal,D,VS1
1957747,2339,0.73,Ideal,I,VS2
1957748,2045,0.7,Very Good,I,SI1
1957749,3340,0.7,Good,E,VS1
1957754,2262,0.52,Very Good,F,VVS2
1957756,3927,0.9,Good,H,SI1
1957789,2833,0.71,Good,D,VS2
1957875,2329,0.7,Very Good,I,VS2
1957891,3173,0.9,Fair,J,SI1
1957904,4410,0.9,Fair,H,VS2
1957916,2488,0.7,Fair,I,VVS1
1957930,3575,0.9,Good,I,SI1
1957951,4351,0.75,Very Good,F,VVS1
1957952,2645,0.7,Fair,H,VVS2
1957965,2989,0.7,Good,G,VVS2
1957980,2865,0.72,Ideal,G,VS2
1957983,2286,0.57999999999999996,Ideal,E,VS1
1957993,4267,0.91,Ideal,F,SI2
1958000,2790,0.6,Ideal,D,VS1
1958001,3025,0.6,Ideal,D,VVS2
1958008,4339,0.9,Ideal,J,VVS1
1958012,2790,0.7,Ideal,G,VS2
1958013,2905,0.7,Ideal,H,VVS2
1958019,4112,0.91,Ideal,I,VS2
1958020,2560,0.62,Ideal,G,VVS2
1958023,2828,0.71,Ideal,G,VS2
1958024,3175,0.56999999999999995,Ideal,D,VVS1
1958026,4698,0.91,Ideal,I,VVS2
1958028,4932,0.91,Ideal,G,VS2
1958029,3839,0.92,Ideal,G,SI2
1958599,2242,0.81,Good,H,SI2
1958600,2657,0.7,Good,E,VS2
1958601,2441,0.74,Very Good,F,SI1
1958602,2321,0.7,Very Good,E,SI2
1958605,2060,0.71,Ideal,G,SI2
1958606,2133,0.73,Very Good,H,SI1
1958607,2521,0.7,Very Good,E,SI1
1958608,2636,0.81,Very Good,H,SI1
1958610,2661,0.73,Very Good,E,SI1
1958612,2393,0.8,Good,G,SI2
1958614,2167,0.73,Very Good,F,SI2
1958615,2473,0.71,Very Good,E,SI1
1958616,3245,0.8,Very Good,D,SI2
1958621,2582,0.8,Very Good,H,SI1
1958628,2102,0.74,Very Good,I,SI1
1958630,2527,0.8,Good,H,SI1
1958631,2488,0.7,Good,D,SI1
1958635,2232,0.71,Ideal,F,SI2
1958638,2285,0.8,Good,H,SI2
1958640,4655,0.9,Very Good,G,VS2
1958641,2124,0.7,Good,E,SI2
1958643,3098,0.8,Ideal,I,VS1
1958644,2262,0.72,Ideal,F,SI2
1958650,4545,1.01,Very Good,J,SI1
1958653,4071,0.52,Ideal,D,IF
1958664,2504,0.52,Ideal,F,IF
1958824,2108,0.52,Ideal,F,VVS2
1958834,2617,0.6,Very Good,F,VVS2
1958851,4747,0.91,Very Good,E,SI1
1958882,4552,0.74,Ideal,D,VVS2
1958886,3673,0.72,Ideal,F,VVS1
1958894,3023,0.75,Ideal,G,VS2
1958904,2322,0.7,Ideal,G,SI1
1958910,4097,0.71,Ideal,D,VVS2
1958930,4854,0.55000000000000004,Ideal,D,IF
1958931,2663,0.5,Ideal,D,VVS2
1958934,2713,0.55000000000000004,Ideal,F,VVS1
1958939,2137,0.53,Ideal,F,VS1
1958940,2039,0.52,Very Good,F,VS1
1958941,3063,0.57999999999999996,Very Good,D,VVS2
1958967,2163,0.5,Ideal,F,VVS1
1958968,2246,0.52,Ideal,F,VVS1
1958980,2197,0.55000000000000004,Ideal,E,VVS2
1959000,2325,0.5,Ideal,E,VVS1
1959004,2313,0.62,Ideal,F,VS1
1959013,2403,0.8,Ideal,J,VS1
1959019,3837,0.7,Ideal,E,VVS1
1959030,4739,0.9,Very Good,H,VS1
1959183,3270,0.7,Very Good,E,VVS2
1959231,2009,0.51,Very Good,E,IF
1959233,2921,0.6,Ideal,E,VVS2
1959280,2209,0.5,Ideal,E,VVS2
1959303,2759,0.6,Very Good,E,VVS2
1959315,2267,0.5,Very Good,D,VVS2
1959334,4073,0.8,Very Good,F,VS1
1959336,2140,0.5,Very Good,E,VVS2
1959337,2140,0.5,Very Good,E,VVS2
1959379,2140,0.5,Very Good,E,VVS2
1959402,3160,0.6,Ideal,D,VVS2
1959428,2797,0.51,Ideal,D,VVS1
1959430,3476,0.67,Ideal,E,VVS1
1959432,2340,0.5,Very Good,D,VVS2
1959458,2338,0.52,Ideal,F,IF
1959459,3684,0.71,Ideal,D,VVS2
1959461,2340,0.5,Very Good,D,VVS2
1959462,3235,0.61,Ideal,D,VVS2
1959475,2079,0.5,Very Good,E,VVS2
1959493,2850,0.6,Very Good,F,VVS1
1959502,2759,0.6,Very Good,F,VVS1
1959525,2107,0.5,Ideal,F,VVS2
1959526,2279,0.5,Ideal,E,VVS2
1959542,2612,0.56000000000000005,Ideal,F,IF
1959543,2242,0.53,Very Good,F,IF
1959568,2665,0.62,Ideal,H,IF
1959586,3417,0.7,Very Good,E,VVS1
1959593,2200,0.55000000000000004,Ideal,F,VVS2
1959601,3654,0.81,Good,E,VS2
1959602,2068,0.72,Very Good,F,SI2
1959605,2640,0.7,Very Good,E,SI1
1959607,2401,0.7,Good,D,SI2
1959608,2767,0.71,Good,E,VS2
1959618,2968,0.9,Good,F,SI2
1959621,3635,0.64,Ideal,F,IF
1959624,3635,0.64,Ideal,F,IF
1959631,3492,0.73,Very Good,E,VS1
1959632,3431,0.7,Very Good,D,VS1
1959633,4838,0.71,Very Good,D,VVS1
1959635,2955,0.7,Very Good,E,VS2
1959636,3574,0.71,Very Good,E,VVS2
1959638,4196,0.71,Ideal,D,VVS2
1959639,3738,0.72,Very Good,E,VVS2
1959640,3540,0.72,Ideal,E,VS1
1959641,3634,0.73,Ideal,E,VS1
1959642,3838,0.72,Ideal,E,VVS2
1959644,3738,0.7,Very Good,E,VVS2
1959645,3242,0.72,Very Good,D,VS2
1959647,3584,1,Good,I,SI2
1959715,2822,0.72,Very Good,E,SI1
1959716,2617,0.72,Very Good,E,SI2
1959718,3540,0.72,Very Good,E,VS1
1959719,4096,0.91,Very Good,E,SI2
1959721,2771,0.7,Very Good,G,VS1
1959722,3294,0.75,Ideal,H,VVS2
1959724,2293,0.8,Ideal,J,VS2
1959743,2218,0.72,Ideal,I,VS2
1959758,3531,0.83,Ideal,H,VS1
1959760,3233,0.71,Very Good,F,VS1
1959788,2474,0.8,Ideal,I,SI2
1959816,4463,0.81,Signature Ideal,F,SI1
1959866,3359,0.8,Good,G,VS1
1959869,2394,0.71,Ideal,F,SI2
1959888,4793,1.08,Ideal,I,SI2
1959891,4682,1.01,Ideal,H,SI2
1959892,4753,1.08,Ideal,I,SI2
1959893,4812,1.01,Ideal,H,SI2
1959894,4947,1.04,Ideal,H,SI2
1959896,4640,1.07,Ideal,I,SI2
1959898,4142,1,Very Good,I,SI2
1959899,4753,1.08,Ideal,I,SI2
1959965,2223,0.5,Very Good,E,VVS1
1959967,2297,0.5,Very Good,E,VVS2
1959980,2830,0.57999999999999996,Ideal,F,VVS1
1959982,2662,0.59,Ideal,F,VVS2
1959988,2731,0.53,Ideal,F,IF
1959990,2315,0.56999999999999995,Ideal,G,VVS2
1959995,2375,0.51,Ideal,E,VVS1
1960027,3599,0.6,Ideal,E,IF
1960042,2331,0.63,Ideal,G,VS1
1960065,4414,1.1000000000000001,Ideal,J,SI1
1960234,2079,0.52,Ideal,F,VVS2
1960383,3478,0.7,Very Good,D,VS1
1960384,2258,0.52,Very Good,F,VVS1
1960398,2365,0.51,Ideal,D,VVS2
1960407,2736,0.8,Very Good,F,SI2
1960439,2103,0.6,Very Good,E,VS2
1960497,3138,0.72,Signature Ideal,H,VS1
1960512,4936,1.1399999999999999,Ideal,J,SI1
1960600,2239,0.73,Very Good,H,SI1
1960649,4756,1.01,Ideal,I,SI1
1960652,2631,0.54,Ideal,E,VVS1
1960654,2229,0.6,Ideal,F,VS2
1960657,2790,0.62,Ideal,F,VVS2
1960661,2508,0.7,Good,G,VS1
1960665,3477,0.7,Very Good,E,VVS2
1960666,3287,0.7,Very Good,H,IF
1960667,4748,0.9,Very Good,F,VS2
1960668,2755,0.72,Ideal,F,SI1
1960669,2049,0.72,Ideal,J,VVS2
1960683,2350,0.51,Ideal,F,VVS1
1960685,2051,0.52,Ideal,F,VVS2
1960687,3038,0.5,Ideal,D,VVS1
1960692,3535,0.8,Very Good,E,SI1
1960693,3186,0.71,Very Good,D,VS2
1960695,2067,0.5,Very Good,F,VVS1
1960696,2306,0.5,Ideal,F,VVS1
1960698,2346,0.56999999999999995,Ideal,D,VS2
1960700,2790,0.62,Ideal,F,VVS2
1960701,2495,0.63,Ideal,E,VS2
1960704,3067,0.66,Ideal,F,VVS2
1960705,3695,0.71,Very Good,F,VVS1
1960722,2988,0.5,Ideal,D,VVS1
1960729,2481,0.6,Ideal,G,VVS2
1960730,2354,0.57999999999999996,Ideal,E,VS1
1960731,2079,0.55000000000000004,Ideal,H,VVS2
1960735,2652,0.61,Ideal,E,VS1
1960736,2360,0.62,Ideal,H,VVS2
1960737,2045,0.63,Ideal,E,SI1
1960738,2611,0.63,Ideal,F,VS1
1960741,2240,0.71,Ideal,J,VVS1
1960745,3988,0.91,Ideal,I,VS2
1960753,2051,0.52,Ideal,F,VVS2
1960761,2726,0.57999999999999996,Ideal,F,VVS1
1960762,3285,0.74,Ideal,E,VS2
1960763,2446,0.5,Ideal,E,VVS1
1960765,2155,0.54,Very Good,G,VVS1
1960766,2631,0.54,Ideal,E,VVS1
1960769,2075,0.56999999999999995,Ideal,G,VS1
1960771,2726,0.57999999999999996,Ideal,F,VVS1
1960773,2581,0.61,Ideal,H,IF
1960776,2032,0.7,Good,J,VVS1
1960779,4444,0.75,Ideal,F,VVS1
1960796,2040,0.5,Ideal,E,VS1
1960797,2040,0.5,Ideal,E,VS1
1960800,2640,0.72,Very Good,H,VS1
1960805,2705,0.6,Ideal,F,VVS2
1960809,2875,0.64,Ideal,F,VVS2
1960811,3367,0.7,Very Good,E,VVS2
1960812,2161,0.7,Very Good,G,SI1
1960821,2006,0.51,Ideal,D,VS2
1960822,2067,0.5,Very Good,E,VVS2
1960828,2910,0.6,Ideal,E,VVS2
1960834,2000,0.7,Very Good,J,VVS2
1960837,2906,0.71,Ideal,E,SI1
1960838,4120,0.71,Very Good,F,IF
1960839,2874,0.71,Ideal,G,VS2
1960853,2109,0.7,Very Good,I,VS2
1960855,2654,0.53,Ideal,D,VVS2
1960865,3001,0.62,Ideal,E,VVS2
1960868,3643,0.7,Ideal,F,VVS2
1960870,3924,0.7,Very Good,E,VVS1
1960871,3340,0.7,Ideal,F,VS1
1960888,2248,0.51,Ideal,E,VVS2
1960891,2492,0.51,Ideal,E,VVS1
1960894,2027,0.51,Ideal,G,VVS2
1960895,2614,0.52,Ideal,F,IF
1960896,2072,0.5,Ideal,D,VS1
1960898,2394,0.52,Ideal,F,VVS1
1960902,2621,0.7,Ideal,I,VVS2
1960905,2532,0.64,Ideal,E,VS2
1960906,2157,0.65,Ideal,I,VVS2
1960907,2784,0.65,Ideal,E,VS1
1960908,2683,0.7,Ideal,F,SI1
1960909,3575,0.8,Very Good,F,VS2
1960911,2138,0.71,Very Good,I,VS2
1960914,3586,0.91,Ideal,I,SI1
1960915,2066,0.42,Ideal,D,IF
1960924,2493,0.6,Ideal,F,VS1
1960925,2822,0.71,Ideal,F,VS2
1960928,2511,0.5,Ideal,D,VVS2
1960940,3980,0.81,Signature Ideal,G,SI1
1960947,4256,0.75,Ideal,F,VVS2
1960950,3818,0.73,Signature Ideal,G,VS1
1960957,4142,0.75,Signature Ideal,F,VS2
1961805,2204,0.7,Ideal,F,SI2
1961852,4476,1.06,Very Good,J,SI2
1961877,4305,0.81,Ideal,G,VVS2
1961879,2377,0.61,Ideal,F,VS1
1961916,4621,0.9,Ideal,I,VVS1
1961932,2154,0.51,Very Good,E,VVS2
1961933,2223,0.61,Ideal,F,VS1
1961950,3260,0.7,Very Good,H,VVS1
1962084,2087,0.5,Very Good,F,VVS2
1962118,3021,0.53,Ideal,E,IF
1962144,3039,0.7,Ideal,H,VVS2
1962165,2460,0.53,Ideal,F,VVS1
1962257,2075,0.51,Very Good,G,VVS1
1962403,2906,0.81,Ideal,H,SI1
1962473,3155,0.84,Very Good,D,SI2
1962488,3632,0.73,Ideal,F,VVS2
1962514,2304,0.81,Ideal,J,VS2
1962515,4569,0.9,Good,F,VS1
1962518,3065,0.7,Ideal,F,VS1
1962569,4172,1.02,Fair,J,VS1
1962712,4236,1,Good,H,SI1
1962815,3639,0.7,Ideal,E,VVS2
1962816,2279,0.74,Ideal,I,VS2
1962821,4140,0.7,Ideal,D,VVS2
1962828,2393,0.7,Ideal,H,VS2
1962830,2291,0.73,Ideal,H,SI1
1962833,2063,0.5,Ideal,G,VVS1
1962837,2045,0.7,Ideal,I,SI1
1962838,3119,0.7,Very Good,F,VS1
1962839,2236,0.7,Ideal,H,SI1
1962847,2503,0.7,Very Good,F,SI1
1962849,2328,0.5,Very Good,D,VVS2
1962851,2201,0.51,Ideal,E,VVS2
1962852,3978,0.7,Very Good,E,VVS1
1962861,3738,0.72,Ideal,E,VVS2
1962862,3696,0.7,Very Good,F,VVS1
1962863,4032,0.7,Very Good,D,VVS2
1962865,3787,0.73,Ideal,E,VVS2
1962871,2039,0.52,Ideal,G,VVS2
1962873,2036,0.5,Very Good,E,VVS2
1962877,3864,0.75,Very Good,E,VVS2
1962881,3639,0.7,Ideal,E,VVS2
1962882,2003,0.5,Ideal,F,VVS2
1962884,2236,0.5,Ideal,E,VVS2
1962886,2141,0.7,Very Good,H,SI1
1962888,3978,0.7,Very Good,E,VVS1
1962894,2209,0.51,Ideal,E,VVS2
1962897,4032,0.7,Very Good,D,VVS2
1962902,2001,0.5,Ideal,F,VVS2
1963036,2900,0.77,Ideal,E,SI1
1963225,2004,0.51,Ideal,D,VS2
1963226,2230,0.51,Ideal,F,VVS2
1963232,2004,0.51,Ideal,D,VS2
1963238,2328,0.5,Ideal,D,VVS2
1963239,2328,0.5,Ideal,D,VVS2
1963284,2131,0.51,Very Good,D,VVS2
1963285,2172,0.52,Very Good,D,VVS2
1963306,2544,0.5,Ideal,D,VVS2
1963308,2683,0.7,Ideal,D,SI2
1963321,3119,0.66,Ideal,H,IF
1963322,2388,0.62,Ideal,H,VVS2
1963323,3340,0.7,Ideal,F,VS1
1963328,2040,0.5,Ideal,E,VS1
1963332,2245,0.52,Ideal,D,VS1
1963333,2358,0.55000000000000004,Ideal,F,VVS2
1963338,3669,0.7,Very Good,D,VS1
1963357,3237,0.72,Ideal,F,VS2
1963358,3854,0.71,Ideal,E,VVS2
1963361,4854,0.8,Ideal,E,VS1
1963366,4174,0.52,Ideal,D,IF
1963367,3018,0.72,Ideal,E,SI1
1963387,3485,0.71,Ideal,F,VS1
1963389,2780,0.73,Ideal,D,SI2
1963476,4899,0.98,Very Good,I,VS2
1963542,2783,0.73,Ideal,H,VS2
1963543,3355,0.61,Ideal,F,IF
1963593,4691,1.01,Very Good,G,SI2
1963631,4830,1.05,Very Good,J,SI1
1963633,4640,1.1499999999999999,Very Good,J,SI2
1963692,4667,1.08,Ideal,J,SI2
1963742,3871,0.74,Ideal,E,VS1
1963744,3834,0.72,Ideal,E,VS1
1963810,4803,1,Good,I,VS2
1963827,2317,0.76,Ideal,H,SI2
1963830,2450,0.71,Very Good,H,VS1
1963845,2413,0.72,Very Good,H,VS1
1963855,2743,0.71,Very Good,G,VS1
1963888,4801,1.01,Very Good,I,SI1
1963900,3845,0.9,Ideal,J,VVS2
1963912,3380,0.72,Signature Ideal,H,VS1
1963921,4627,0.83,Signature Ideal,G,VS2
1963959,2203,0.71,Good,G,SI2
1963964,3540,0.9,Good,I,SI1
1963967,3229,0.9,Good,I,SI2
1963972,4505,1.18,Very Good,I,SI2
1963973,2088,0.7,Good,H,SI1
1963975,4249,0.91,Ideal,I,VS1
1963979,3456,0.75,Ideal,G,VS1
1963981,3643,0.74,Ideal,E,VS2
1963988,3643,0.74,Ideal,E,VS2
1964023,4680,1.05,Ideal,J,SI1
1964026,4853,1.02,Ideal,J,VS2
1964208,2264,0.7,Ideal,F,SI2
1964213,2273,0.56000000000000005,Very Good,F,VVS2
1964215,4584,0.7,Very Good,D,VVS1
1964217,2997,0.6,Very Good,D,VVS2
1964238,4548,1.02,Very Good,I,SI2
1964240,4948,1.1200000000000001,Ideal,J,SI1
1964250,4970,1.02,Very Good,I,SI1
1964252,2917,0.8,Very Good,G,SI1
1964254,3152,0.91,Ideal,I,SI2
1964258,2563,0.82,Very Good,I,SI1
1964263,3116,0.91,Very Good,I,SI2
1964310,2503,0.81,Ideal,I,SI2
1964325,3202,0.94,Very Good,J,SI2
1964582,4191,1.01,Ideal,J,SI2
1964587,4743,1.03,Ideal,I,SI2
1964601,3948,1.01,Good,J,SI2
1964602,4577,1,Ideal,I,SI2
1964625,2273,0.55000000000000004,Ideal,E,VVS2
1964643,2410,0.56000000000000005,Ideal,F,VVS1
1964662,2113,0.51,Ideal,E,VVS2
1964682,2287,0.53,Ideal,F,VVS1
1964698,2972,0.71,Ideal,F,VVS2
1964724,2937,0.77,Ideal,H,VS1
1964781,2054,0.78,Very Good,I,SI2
1964804,4819,0.8,Signature Ideal,H,VVS2
1964822,3553,0.66,Ideal,D,VVS2
1964842,2659,0.62,Ideal,F,VVS2
1964846,2955,0.6,Ideal,E,VVS2
1964847,2741,0.61,Ideal,E,VVS2
1964848,2233,0.56000000000000005,Ideal,F,VVS2
1964880,2146,0.63,Ideal,G,VS1
1964887,4461,1.03,Very Good,J,SI2
1964888,4420,1.02,Very Good,J,SI2
1964937,4697,0.9,Good,F,SI1
1964947,4624,0.9,Ideal,H,VS2
1965064,2385,0.72,Ideal,E,SI2
1965065,2393,0.72,Very Good,H,VS2
1965067,2777,0.72,Ideal,D,SI1
1965070,2674,0.72,Very Good,E,SI1
1965072,2171,0.71,Ideal,F,SI2
1965073,2712,0.71,Ideal,E,SI1
1965074,2200,0.72,Very Good,F,SI2
1965075,2747,0.9,Very Good,J,SI2
1965077,2375,0.72,Very Good,E,SI2
1965078,2866,0.72,Very Good,G,VS1
1965079,2639,0.71,Very Good,E,SI1
1965080,2820,0.74,Ideal,E,SI1
1965082,2628,0.71,Ideal,E,SI1
1965083,2468,0.71,Very Good,D,SI2
1965084,3435,0.72,Ideal,E,VS1
1965085,2674,0.72,Very Good,E,SI1
1965086,4850,0.91,Ideal,E,SI1
1965091,3118,0.72,Very Good,E,VS2
1965113,4586,1,Very Good,G,SI2
1965131,4556,0.54,Ideal,D,IF
1965132,4197,0.81,Ideal,G,VS2
1965134,4688,0.83,Ideal,G,VS1
1965141,2121,0.7,Very Good,H,SI1
1965142,2773,0.7,Very Good,F,VS2
1965164,2773,0.7,Very Good,F,VS2
1965165,2619,0.7,Good,F,VS2
1965166,2182,0.7,Ideal,G,SI2
1965170,2855,0.71,Ideal,G,VS1
1965174,2493,0.7,Very Good,G,VS2
1965179,3317,0.7,Ideal,D,VS2
1965185,2048,0.7,Ideal,H,SI1
1965194,2421,0.63,Very Good,F,VS1
1965196,3527,0.82,Ideal,F,VS2
1965197,2139,0.56999999999999995,Ideal,F,VS1
1965199,2100,0.6,Very Good,F,VS2
1965201,2040,0.6,Very Good,F,VS2
1965204,2696,0.7,Very Good,F,VS2
1965207,2088,0.7,Very Good,G,SI2
1965211,2267,0.63,Ideal,G,VS1
1965217,2024,0.7,Very Good,G,SI2
1965219,2589,0.64,Ideal,F,VS1
1965221,2733,0.7,Very Good,G,VS1
1965223,2084,0.7,Ideal,H,SI1
1965227,2519,0.64,Very Good,F,VS1
1965230,2640,0.7,Very Good,G,VS1
1965237,3258,0.71,Very Good,F,VS1
1965248,4111,0.76,Ideal,F,VVS2
1965250,3438,0.76,Ideal,G,VS1
1965251,3595,0.75,Ideal,F,VS2
1965276,3775,0.85,Ideal,D,SI2
1965280,4190,0.85,Ideal,D,SI1
1965288,4298,0.85,Ideal,D,SI1
1965312,4107,0.81,Ideal,D,SI1
1965316,4250,0.84,Ideal,D,SI1
1965319,4237,0.86,Ideal,D,SI1
1965335,4973,0.9,Ideal,G,SI1
1965336,4120,0.73,Ideal,F,VVS2
1965341,4601,0.8,Very Good,F,VVS1
1965355,3572,0.73,Ideal,E,VS1
1965357,2446,0.73,Ideal,G,SI1
1965360,2780,0.73,Ideal,G,VS2
1965361,3223,0.73,Ideal,G,VVS2
1965363,2470,0.73,Ideal,E,SI2
1965364,2666,0.74,Ideal,H,VS1
1965365,3583,0.71,Ideal,E,VS1
1965369,2278,0.61,Ideal,F,VS1
1965374,3399,0.7,Ideal,D,VS2
1965375,4782,0.76,Ideal,F,VVS1
1965377,2199,0.74,Ideal,G,SI2
1965378,4652,0.85,Ideal,F,VS2
1965379,2653,0.79,Ideal,F,SI2
1965434,2552,0.75,Ideal,F,SI2
1965435,2711,0.8,Very Good,E,SI2
1965445,4884,1.01,Ideal,H,SI2
1965447,4811,1.01,Very Good,I,SI1
1965458,3818,0.73,Signature Ideal,G,VS1
1965466,4807,0.81,Signature Ideal,G,VS1
1965472,4513,1.04,Good,H,SI2
1965473,4990,1.01,Very Good,G,SI2
1965477,4740,1.02,Good,I,SI1
1965479,4806,1.03,Ideal,I,SI2
1965482,3643,0.76,Ideal,F,VS2
1965498,4905,1.02,Very Good,G,SI2
1965691,2687,0.71,Ideal,H,VVS2
1965752,2111,0.56999999999999995,Ideal,F,VS1
1965787,2596,0.73,Ideal,H,VS1
1965868,2159,0.5,Very Good,E,VVS2
1965869,2245,0.6,Very Good,F,VS1
1965937,2661,0.6,Ideal,F,VVS2
1965997,2575,0.57999999999999996,Ideal,E,VVS2
1966054,2175,0.5,Very Good,F,VVS1
1966058,2075,0.56000000000000005,Ideal,F,VS1
1966070,4257,1.01,Ideal,J,SI2
1966078,2328,0.5,Very Good,D,VVS2
1966079,2538,0.52,Ideal,E,VVS1
1966080,2666,0.55000000000000004,Ideal,E,VVS1
1966189,2141,0.72,Ideal,H,SI1
1966190,2117,0.73,Ideal,G,SI2
1966191,2813,0.83,Ideal,F,SI2
1966193,2459,0.7,Very Good,F,SI1
1966218,2019,0.7,Very Good,H,SI1
1966260,2350,0.81,Ideal,J,VS1
1966261,4075,0.9,Ideal,G,SI1
1966265,2125,0.7,Ideal,G,SI2
1966269,2457,0.71,Ideal,I,VS1
1966270,3725,0.8,Good,F,VS1
1966276,2983,0.73,Ideal,E,SI1
1966286,2649,0.7,Very Good,H,VVS2
1966290,2512,0.6,Ideal,D,VS2
1966295,2066,0.6,Ideal,F,VS2
1966296,2209,0.72,Ideal,H,SI1
1966300,2207,0.61,Very Good,G,VS1
1966308,2934,0.73,Ideal,E,SI1
1966320,2832,0.75,Very Good,G,VS2
1966321,2701,0.72,Ideal,H,VS1
1966322,2582,0.71,Ideal,H,VS2
1966328,4748,0.9,Very Good,F,VS2
1966329,2158,0.6,Very Good,E,VS2
1966334,2747,0.73,Ideal,G,VS2
1966337,4486,0.9,Very Good,H,VS1
1966373,4992,0.91,Very Good,D,SI1
1966467,2062,0.68,Good,I,VVS1
1966470,4790,1.01,Good,F,SI1
1966473,4689,1,Ideal,H,SI2
1966481,4833,1.01,Good,H,VS2
1966484,4674,1,Very Good,H,VS2
1966487,4788,1,Good,H,VS2
1966502,4613,1.01,Very Good,F,SI2
1966510,4319,1.02,Ideal,I,SI2
1966524,2106,0.72,Ideal,G,SI2
1966527,2519,0.7,Ideal,G,VS2
1966533,2049,0.7,Ideal,G,SI2
1966534,2078,0.73,Ideal,H,SI2
1966560,3988,0.81,Very Good,F,VS2
1966567,2540,0.53,Ideal,E,VVS1
1966568,2784,0.73,Ideal,E,SI1
1966572,2272,0.65,Very Good,E,VS2
1966573,2403,0.5,Very Good,E,VVS1
1966578,2859,0.7,Very Good,F,VS2
1966586,3121,0.7,Ideal,F,VS1
1966593,2511,0.51,Good,D,VVS1
1966596,2449,0.51,Ideal,E,VVS1
1966600,2936,0.72,Very Good,F,VS2
1966601,2474,0.5,Good,D,VVS1
1966624,3639,0.7,Ideal,G,IF
1966631,2939,0.7,Good,D,VS2
1966633,2010,0.5,Very Good,H,VVS1
1966636,2223,0.64,Ideal,E,VS2
1966638,3681,0.7,Very Good,F,IF
1966648,2012,0.7,Very Good,F,SI2
1966649,3492,0.73,Very Good,E,VS1
1966650,3413,0.7,Very Good,F,VVS2
1966652,2279,0.51,Very Good,F,VVS1
1966654,2178,0.51,Very Good,G,IF
1966657,4430,0.92,Very Good,H,VS1
1966659,3300,0.7,Very Good,G,VVS1
1966745,4169,0.9,Good,G,VS2
1966747,3557,0.84,Ideal,D,SI2
1966778,3196,0.63,Ideal,E,VVS2
1966865,2721,0.66,Very Good,G,VVS1
1966871,4587,1,Very Good,H,SI2
1966893,4958,1.06,Ideal,G,SI2
1966917,4874,0.83,Ideal,H,IF
1966956,2893,0.7,Ideal,E,VS2
1966962,2934,0.7,Very Good,E,VS2
1967038,4251,0.71,Ideal,E,VVS1
1967039,2653,0.59,Very Good,F,VVS1
1967046,2585,0.56000000000000005,Very Good,D,VVS2
1967051,2951,0.7,Very Good,G,VVS2
1967053,3037,0.7,Very Good,E,VS2
1967054,2502,0.71,Very Good,D,SI2
1967059,2038,0.5,Very Good,F,VVS2
1967060,2338,0.5,Very Good,D,VVS2
1967076,2038,0.5,Very Good,F,VVS2
1967082,2077,0.51,Very Good,F,VVS2
1967083,2451,0.52,Ideal,D,VVS2
1967084,3631,0.7,Very Good,F,VVS1
1967087,2590,0.5,Very Good,E,IF
1967098,2167,0.7,Very Good,I,VS2
1967108,2569,0.56000000000000005,Ideal,F,VVS1
1967109,2396,0.53,Ideal,E,VVS2
1967110,2712,0.9,Very Good,J,SI2
1967113,2748,0.56000000000000005,Ideal,E,VVS1
1967206,4737,1.01,Very Good,I,SI1
1967236,2869,0.8,Ideal,I,VS1
1967243,4498,1.02,Ideal,J,SI1
1967262,4701,1.06,Ideal,I,SI2
1967284,2199,0.7,Ideal,F,SI2
1967285,2106,0.72,Ideal,G,SI2
1967297,2557,0.72,Ideal,F,SI1
1967298,2851,0.7,Ideal,G,VS1
1967299,2578,0.6,Ideal,F,VVS2
1967302,2557,0.72,Ideal,F,SI1
1967350,3788,0.82,Ideal,G,VS2
1967354,2461,0.7,Ideal,H,VS2
1967355,2351,0.71,Ideal,E,SI2
1967356,3010,0.83,Ideal,H,SI1
1967358,2470,0.73,Ideal,E,SI2
1967359,2167,0.7,Ideal,F,SI2
1967360,3197,0.7,Ideal,E,VS2
1967361,3583,0.71,Ideal,E,VS1
1967364,2540,0.7,Ideal,H,VS1
1967367,3527,0.73,Ideal,F,VVS2
1967368,3050,0.73,Ideal,F,VS2
1967369,3011,0.72,Ideal,F,VS2
1967370,3355,0.75,Ideal,G,VS1
1967372,2351,0.78,Ideal,H,SI2
1967373,2278,0.61,Ideal,F,VS1
1967377,3550,0.81,Ideal,D,SI2
1967406,4838,1,Ideal,H,SI2
1967413,2483,0.57999999999999996,Ideal,E,VVS2
1967415,2710,0.5,Ideal,D,VVS1
1967426,2360,0.55000000000000004,Ideal,F,VVS1
1967432,2411,0.56000000000000005,Ideal,E,VVS2
1967441,3199,0.71,Good,E,VVS2
1967452,4324,0.95,Very Good,H,SI1
1967453,3666,0.55000000000000004,Ideal,D,IF
1967454,4235,0.98,Good,H,SI2
1967455,3631,0.97,Very Good,J,VS2
1967496,4190,0.85,Ideal,D,SI1
1967506,3072,0.6,Ideal,D,VVS2
1967509,4788,0.9,Ideal,H,VS2
1967512,4788,0.9,Ideal,H,VS2
1967516,3544,0.91,Ideal,J,VS2
1967518,4631,1.01,Ideal,J,SI1
1967530,2815,0.7,Very Good,H,VS1
1967592,2634,0.75,Ideal,D,SI2
1967595,2131,0.7,Very Good,G,SI2
1967596,2621,0.84,Good,G,SI2
1967601,2378,0.7,Very Good,G,SI1
1967619,3684,0.81,Ideal,H,VS1
1967622,4545,0.82,Ideal,F,VS2
1967624,4013,0.91,Very Good,H,VS2
1967625,3162,0.75,Ideal,G,VS2
1967632,3686,0.75,Ideal,F,VS1
1967633,3563,0.84,Ideal,H,VS2
1967645,2468,0.5,Ideal,D,VVS2
1967655,2784,0.56000000000000005,Ideal,E,VVS1
1967665,2267,0.5,Ideal,E,VVS2
1967669,2353,0.52,Ideal,E,VVS2
1967691,3050,0.59,Ideal,D,VVS2
1967804,2657,0.7,Ideal,H,VS1
1967818,3741,0.81,Very Good,F,VS1
1967820,3159,0.81,Ideal,E,SI2
1967834,2102,0.52,Very Good,F,VVS2
1967835,2222,0.7,Very Good,G,SI1
1967836,2150,0.7,Very Good,F,SI2
1967838,2321,0.52,Ideal,E,VVS2
1967848,2898,0.7,Ideal,F,VS2
1967853,2910,0.6,Ideal,E,VVS2
1967854,2365,0.51,Ideal,E,VVS1
1967855,2453,0.53,Ideal,E,VVS1
1967860,2195,0.56000000000000005,Very Good,G,VVS1
1967861,2827,0.6,Ideal,E,VVS2
1967865,2365,0.51,Ideal,E,VVS1
1967866,2135,0.54,Very Good,G,VVS1
1967867,2756,0.6,Very Good,F,VVS1
1967869,2288,0.5,Ideal,D,VVS2
1967870,3175,0.73,Ideal,G,VVS2
1967872,2406,0.56000000000000005,Ideal,F,VVS1
1967873,2040,0.51,Ideal,F,VVS2
1967879,4530,1,Ideal,I,SI2
1967881,2370,0.82,Very Good,J,VS1
1967882,2872,0.83,Very Good,I,VS2
1967885,4335,0.9,Very Good,F,SI1
1967887,2100,0.71,Very Good,G,SI2
1967890,3645,0.88,Ideal,E,SI2
1967903,4631,1.02,Ideal,J,SI1
1967907,4638,1.08,Very Good,I,SI2
1967908,2765,0.81,Very Good,G,SI2
1967909,2266,0.72,Ideal,H,SI1
1967914,4107,0.8,Very Good,F,VS1
1967916,2482,0.81,Ideal,J,VS1
1967929,2720,0.72,Ideal,F,SI1
1967970,2674,0.74,Very Good,D,SI2
1967983,2393,0.7,Ideal,H,VS2
1967984,2230,0.82,Ideal,J,SI1
1968020,4897,1.04,Ideal,I,SI2
1968051,3160,0.6,Ideal,D,VVS2
1968052,3160,0.6,Ideal,D,VVS2
1968053,2587,0.54,Ideal,D,VVS2
1968054,2405,0.5,Ideal,D,VVS2
1968055,3235,0.61,Ideal,D,VVS2
1968056,2753,0.63,Ideal,G,VVS1
1968089,4825,1.01,Ideal,H,SI2
1968092,4870,1.02,Ideal,H,SI2
1968095,4528,1.03,Very Good,F,SI2
1968099,4072,0.8,Ideal,F,VS2
1968100,3523,0.79,Ideal,G,VS1
1968117,3543,0.71,Very Good,G,VVS1
1968119,4406,1.07,Very Good,J,SI2
1968130,4257,1.06,Very Good,J,SI2
1968141,2942,0.7,Very Good,F,VS1
1968142,2987,0.7,Ideal,F,VS2
1968146,2246,0.8,Ideal,J,SI1
1968149,4283,0.75,Ideal,F,VVS1
1968150,4324,0.71,Ideal,E,VVS1
1968161,3375,0.72,Ideal,F,VS1
1968172,4141,0.8,Very Good,D,VS2
1968176,2987,0.7,Ideal,F,VS2
1968177,2942,0.7,Very Good,F,VS1
1968188,4102,1.01,Good,J,SI1
1968193,2020,0.73,Very Good,H,SI2
1968206,4848,1.03,Ideal,J,VS2
1968214,3562,0.93,Ideal,J,VS2
1968215,4541,0.92,Ideal,D,SI2
1968237,4095,0.91,Very Good,H,VS1
1968238,4525,1,Good,I,SI1
1968239,3541,0.91,Very Good,I,VS1
1968240,3718,0.96,Good,F,SI2
1968243,4367,1.01,Good,G,SI2
1968246,4903,0.91,Ideal,H,VS2
1968268,2872,0.52,Ideal,E,VS1
1968273,3961,0.7,Ideal,E,SI1
1968275,2443,0.5,Ideal,G,VS1
1968277,2081,0.5,Ideal,E,SI1
1968278,3060,0.5,Ideal,F,VVS2
1968279,3354,0.7,Ideal,I,VS1
1968282,2698,0.5,Very Good,H,VVS1
1968283,4235,0.7,Ideal,F,VS2
1968284,2489,0.51,Ideal,H,VVS2
1968285,3837,0.8,Ideal,I,VS1
1968286,3831,0.7,Ideal,G,VS2
1968287,4643,0.7,Ideal,F,VS1
1968288,2504,0.51,Ideal,E,VS2
1968290,2081,0.5,Ideal,I,VVS2
1968291,2768,0.5,Ideal,E,VS1
1968293,4176,0.71,Ideal,G,VS1
1968294,2644,0.54,Ideal,E,VS2
1968295,2259,0.54,Ideal,G,VS2
1968372,2072,0.61,Good,E,VS1
1968374,3689,0.72,Ideal,F,VVS2
1968468,2561,0.7,Good,D,VS2
1968496,3184,0.74,Good,D,VS1
1968497,4230,0.72,Ideal,E,VVS1
1968533,4133,0.7,Very Good,E,VVS1
1968601,2124,0.5,Very Good,E,VVS2
1968602,3780,1,Fair,F,SI2
1968644,2247,0.75,Good,D,SI2
1968685,2282,0.55000000000000004,Ideal,E,VVS2
1968694,3632,0.73,Ideal,E,VVS2
1968695,2267,0.51,Ideal,F,IF
1968701,3179,0.7,Ideal,H,IF
1968702,2852,0.77,Very Good,E,SI1
1968708,2027,0.53,Ideal,D,VVS2
1968710,2131,0.52,Very Good,E,VVS2
1968711,2645,0.52,Ideal,D,VVS1
1968712,2909,0.81,Ideal,E,SI2
1968714,3177,0.7,Very Good,G,VVS1
1968716,3169,0.73,Very Good,F,VVS2
1968717,3194,0.7,Very Good,D,VS1
1968719,2414,0.52,Ideal,D,VVS1
1968723,2051,0.5,Very Good,E,VVS2
1968724,2020,0.54,Good,E,VVS1
1968727,2302,0.56999999999999995,Ideal,E,VVS2
1968740,3246,0.7,Ideal,E,VVS2
1968754,2630,0.77,Very Good,D,SI2
1968758,2422,0.7,Very Good,E,SI1
1968765,2035,0.52,Very Good,E,VVS2
1968771,2239,0.5,Ideal,E,VVS1
1968772,2511,0.5,Very Good,D,VVS1
1968778,3134,0.71,Ideal,F,VVS2
1968779,2212,0.53,Ideal,E,VVS2
1968781,2051,0.5,Very Good,F,VVS1
1968783,3133,0.72,Very Good,E,VS1
1968785,2395,0.56999999999999995,Ideal,E,VVS2
1968787,2044,0.54,Very Good,E,VVS2
1968789,3240,0.71,Very Good,E,VVS2
1968793,2249,0.51,Very Good,E,VVS1
1968794,2249,0.51,Very Good,E,VVS1
1968795,4761,1.0900000000000001,Ideal,J,SI1
1968801,2778,0.63,Ideal,D,VS1
1968802,2307,0.59,Ideal,D,VS2
1968803,2075,0.56000000000000005,Ideal,D,VS2
1968814,2729,0.53,Ideal,F,IF
1968821,3722,0.91,Very Good,F,SI2
1968827,2089,0.5,Very Good,D,VVS2
1968831,2270,0.57999999999999996,Ideal,D,VS2
1968832,2233,0.56999999999999995,Ideal,D,VS2
1968839,2154,0.56999999999999995,Ideal,E,VS1
1968850,2602,0.9,Very Good,J,SI2
1968851,2355,0.7,Very Good,F,SI1
1968857,2711,0.7,Very Good,H,VVS1
1968858,2201,0.7,Very Good,H,VS2
1968884,2421,0.7,Very Good,G,VS2
1968886,3852,0.91,Very Good,G,SI1
1968890,2230,0.7,Ideal,G,SI1
1968905,3064,0.9,Very Good,G,SI2
1968906,2819,0.9,Very Good,J,SI1
1968907,3188,0.7,Ideal,D,VS2
1968908,2511,0.7,Ideal,E,SI1
1968909,3195,0.72,Ideal,F,VS2
1968910,2177,0.7,Good,F,SI1
1968918,2223,0.71,Very Good,I,VVS2
1968926,2217,0.57999999999999996,Ideal,F,VS1
1968938,2848,0.91,Very Good,J,SI1
1968939,2794,0.71,Ideal,E,VS1
1968966,2939,0.7,Very Good,F,VS1
1968976,2619,0.7,Very Good,D,SI1
1968983,2469,0.56999999999999995,Ideal,F,VVS2
1968987,3218,0.91,Very Good,I,SI1
1968999,2128,0.7,Very Good,I,VS1
1969237,2632,0.7,Very Good,G,VS1
1969238,2945,0.72,Ideal,G,VS1
1969239,2415,0.7,Ideal,H,VS2
1969240,2400,0.75,Ideal,I,VS2
1969255,2334,0.7,Ideal,G,SI1
1969256,2470,0.72,Ideal,G,SI1
1969258,2056,0.7,Ideal,I,VS2
1969259,2325,0.77,Very Good,I,VS2
1969260,2462,0.71,Very Good,H,VS1
1969261,2609,0.71,Ideal,H,VS1
1969269,2513,0.73,Ideal,H,VS2
1969271,2574,0.7,Ideal,H,VS1
1969281,2782,0.7,Ideal,G,VS1
1969282,2868,0.7,Ideal,G,VS1
1969283,2829,0.76,Ideal,H,VS1
1969284,2336,0.72,Ideal,I,VS1
1969288,2868,0.7,Ideal,G,VS1
1969295,2716,0.7,Very Good,G,VS1
1969296,2894,0.73,Ideal,G,VS1
1969297,2790,0.77,Very Good,H,VS1
1969298,2654,0.7,Ideal,G,VS2
1969299,2415,0.7,Ideal,H,VS2
1969307,2707,0.7,Very Good,G,VS1
1969308,2819,0.71,Ideal,G,VS1
1969309,2857,0.72,Ideal,G,VS1
1969310,3150,0.76,Ideal,G,VS1
1969311,2274,0.7,Ideal,I,VS1
1969312,2654,0.7,Ideal,G,VS2
1969314,2334,0.7,Ideal,G,SI1
1969323,2707,0.7,Very Good,G,VS1
1969324,2084,0.71,Ideal,I,VS2
1969326,2327,0.7,Very Good,H,VS1
1969327,2001,0.56999999999999995,Ideal,G,VS1
1969328,2274,0.7,Ideal,I,VS1
1969336,2782,0.7,Ideal,G,VS1
1969337,2609,0.71,Ideal,H,VS1
1969338,2533,0.77,Very Good,I,VS1
1969340,2668,0.71,Very Good,G,VS1
1969342,2056,0.7,Ideal,I,VS2
1969344,2854,0.7,Ideal,G,VS1
1969345,3746,0.71,Very Good,F,VVS1
1969346,2969,0.73,Very Good,G,VS1
1969347,4052,0.73,Ideal,F,VVS1
1969408,2094,0.73,Ideal,H,SI2
1969411,2878,0.54,Very Good,D,VS1
1969413,4536,0.7,Very Good,G,VVS1
1969414,3446,0.61,Ideal,F,VVS2
1969421,3282,0.72,Ideal,E,VS2
1969422,3011,0.72,Ideal,F,VS2
1969423,2354,0.71,Ideal,G,SI1
1969424,3293,0.77,Ideal,H,VS2
1969425,2255,0.71,Ideal,H,SI1
1969426,2889,0.71,Ideal,G,VS1
1969428,2018,0.5,Ideal,G,IF
1969430,2557,0.72,Ideal,F,SI1
1969433,3241,0.71,Ideal,H,IF
1969434,2497,0.53,Ideal,F,IF
1969436,2894,0.7,Ideal,F,VS2
1969437,2453,0.72,Ideal,H,VS2
1969438,2091,0.73,Ideal,H,SI2
1969439,2781,0.74,Ideal,G,VS2
1969440,2560,0.7,Ideal,H,VS1
1969441,2780,0.73,Ideal,G,VS2
1969443,2820,0.72,Ideal,E,SI1
1969444,2147,0.74,Ideal,H,SI2
1969445,2147,0.74,Ideal,H,SI2
1969446,3521,0.7,Ideal,E,VVS2
1969447,2523,0.76,Ideal,H,SI2
1969448,3324,0.73,Ideal,E,VS2
1969449,2379,0.74,Ideal,F,SI2
1969451,3428,0.7,Ideal,E,VS1
1969453,2385,0.72,Ideal,G,SI1
1969454,2406,0.79,Ideal,I,SI2
1969457,3282,0.72,Ideal,E,VS2
1969458,3537,0.73,Ideal,D,VS2
1969459,2103,0.72,Ideal,G,SI2
1969460,2196,0.7,Ideal,H,SI1
1969567,2221,0.5,Ideal,D,VVS2
1969568,2043,0.54,Ideal,G,VVS2
1969570,3759,0.71,Ideal,D,VS1
1969573,3589,0.67,Ideal,E,VVS1
1969579,2458,0.53,Ideal,E,VVS1
1969582,2114,0.53,Ideal,F,VVS2
1969585,2308,0.62,Ideal,E,VS2
1969586,2976,0.61,Ideal,F,VVS1
1969587,2076,0.52,Ideal,F,VVS2
1969590,2011,0.55000000000000004,Ideal,F,VS1
1969592,2190,0.6,Ideal,G,VS1
1969594,2185,0.51,Ideal,G,IF
1969595,2362,0.5,Ideal,F,IF
1969597,2067,0.51,Ideal,G,VVS1
1969598,2214,0.51,Ideal,G,IF
1969622,3650,0.9,Ideal,I,SI1
1969650,3075,0.5,Very Good,F,VVS1
1969654,2491,0.51,Good,F,VS1
1969656,2801,0.62,Very Good,E,VS2
1969657,2640,0.57999999999999996,Ideal,E,VS2
1969671,2115,0.53,Ideal,H,IF
1969689,2111,0.56999999999999995,Ideal,H,VVS1
1969693,4461,1.03,Very Good,J,SI2
1969695,4379,1.01,Very Good,J,SI2
1969712,4277,0.87,Ideal,G,VS2
1969730,4986,1.1299999999999999,Very Good,J,SI2
1969737,4676,1.1100000000000001,Very Good,J,SI2
1969753,4985,1.01,Very Good,J,SI1
1969762,4799,1.03,Very Good,G,SI2
1969766,3782,0.83,Ideal,F,VS2
1969773,4960,1.08,Very Good,I,SI2
1969776,4699,1.02,Very Good,J,SI1
1969785,4096,0.76,Ideal,D,VS2
1969798,4673,0.8,Ideal,F,VS1
1969803,4253,0.8,Ideal,G,VS1
1969804,3992,0.8,Ideal,G,VS2
1969805,4799,0.8,Ideal,F,VS1
1969806,3992,0.8,Ideal,G,VS2
1969812,4799,0.8,Ideal,F,VS1
1969813,4799,0.8,Ideal,F,VS1
1969814,4253,0.8,Ideal,G,VS1
1969816,3992,0.8,Ideal,G,VS2
1969818,4253,0.8,Ideal,G,VS1
1969819,4398,0.82,Ideal,G,VS1
1969821,4439,0.8,Ideal,F,VS2
1969822,4799,0.8,Ideal,F,VS1
1969824,4253,0.8,Ideal,G,VS1
