AlumniID,Age,Gender,Degree,MaritalStatus,Income,Race,Response,DonationAmount,AgeN,GenderN,DegreeN,MaritalStatusN,IncomeN,RaceN
1,Age<=29,Female,Undergraduate,Married,"Income<=$50,000",White,Not Donated,0,1,1,1,2,1,5
2,Age<=29,Male,Undergraduate,Single,"Income>$100,000",White,Donated,90,1,2,1,1,3,5
3,40<=Age<=49,Male,Undergraduate,Married,"Income<=$50,000",White,Not Donated,0,3,2,1,2,1,5
4,30<=Age<=39,Male,Undergraduate,Married,"Income<=$50,000",White,Not Donated,0,2,2,1,2,1,5
5,40<=Age<=49,Male,Undergraduate,Single,"Income<=$50,000",Black,Donated,65,3,2,1,1,1,2
6,30<=Age<=39,Female,Undergraduate,Married,"$50,000<Income<=$100,000",White,Not Donated,0,2,1,1,2,2,5
7,40<=Age<=49,Male,Undergraduate,Single,"Income<=$50,000",Other,Not Donated,0,3,2,1,1,1,4
8,30<=Age<=39,Female,Undergraduate,Married,"Income<=$50,000",Hispanic,Not Donated,0,2,1,1,2,1,3
9,30<=Age<=39,Male,Undergraduate,Married,"Income<=$50,000",White,Not Donated,0,2,2,1,2,1,5
10,40<=Age<=49,Female,Undergraduate,Single,"$50,000<Income<=$100,000",Hispanic,Donated,90,3,1,1,1,2,3
11,30<=Age<=39,Female,Undergraduate,Single,"$50,000<Income<=$100,000",Asian,Donated,100,2,1,1,1,2,1
12,30<=Age<=39,Male,Undergraduate,Single,"$50,000<Income<=$100,000",White,Donated,65,2,2,1,1,2,5
13,40<=Age<=49,Female,Undergraduate,Single,"Income<=$50,000",Black,Donated,70,3,1,1,1,1,2
14,40<=Age<=49,Male,Undergraduate,Single,"Income>$100,000",White,Not Donated,0,3,2,1,1,3,5
15,30<=Age<=39,Male,Undergraduate,Married,"$50,000<Income<=$100,000",Hispanic,Donated,90,2,2,1,2,2,3
16,30<=Age<=39,Male,Undergraduate,Single,"Income<=$50,000",Asian,Donated,45,2,2,1,1,1,1
17,Age<=29,Male,Undergraduate,Married,"Income>$100,000",White,Not Donated,0,1,2,1,2,3,5
18,40<=Age<=49,Male,Undergraduate,Single,"Income<=$50,000",White,Not Donated,0,3,2,1,1,1,5
19,40<=Age<=49,Female,Undergraduate,Married,"$50,000<Income<=$100,000",White,Not Donated,0,3,1,1,2,2,5
20,40<=Age<=49,Male,Graduate,Married,"Income<=$50,000",White,Donated,95,3,2,2,2,1,5
21,40<=Age<=49,Male,Undergraduate,Married,"Income>$100,000",Black,Donated,110,3,2,1,2,3,2
22,Age<=29,Male,Graduate,Married,"Income<=$50,000",White,Donated,65,1,2,2,2,1,5
23,40<=Age<=49,Female,Graduate,Single,"$50,000<Income<=$100,000",Black,Not Donated,0,3,1,2,1,2,2
24,Age<=29,Male,Undergraduate,Single,"$50,000<Income<=$100,000",Hispanic,Donated,50,1,2,1,1,2,3
25,40<=Age<=49,Male,Undergraduate,Single,"Income<=$50,000",Asian,Not Donated,0,3,2,1,1,1,1
26,Age<=29,Male,Undergraduate,Single,"Income>$100,000",White,Not Donated,0,1,2,1,1,3,5
27,Age>=50,Male,Undergraduate,Married,"Income<=$50,000",White,Not Donated,0,4,2,1,2,1,5
28,30<=Age<=39,Male,Undergraduate,Single,"$50,000<Income<=$100,000",Asian,Donated,60,2,2,1,1,2,1
29,30<=Age<=39,Female,Graduate,Married,"$50,000<Income<=$100,000",Asian,Donated,95,2,1,2,2,2,1
30,40<=Age<=49,Female,Undergraduate,Married,"$50,000<Income<=$100,000",White,Not Donated,0,3,1,1,2,2,5
31,40<=Age<=49,Male,Undergraduate,Married,"Income>$100,000",White,Donated,135,3,2,1,2,3,5
32,Age>=50,Female,Undergraduate,Married,"Income<=$50,000",White,Not Donated,0,4,1,1,2,1,5
33,Age<=29,Male,Undergraduate,Married,"Income<=$50,000",White,Not Donated,0,1,2,1,2,1,5
34,Age>=50,Male,Undergraduate,Married,"Income>$100,000",Black,Donated,130,4,2,1,2,3,2
35,Age<=29,Female,Graduate,Married,"Income>$100,000",Other,Donated,120,1,1,2,2,3,4
36,Age>=50,Male,Undergraduate,Single,"Income<=$50,000",White,Donated,100,4,2,1,1,1,5
37,30<=Age<=39,Female,Undergraduate,Married,"Income>$100,000",White,Donated,125,2,1,1,2,3,5
38,40<=Age<=49,Female,Undergraduate,Single,"Income<=$50,000",Other,Not Donated,0,3,1,1,1,1,4
39,40<=Age<=49,Female,Undergraduate,Married,"Income>$100,000",White,Donated,120,3,1,1,2,3,5
40,30<=Age<=39,Male,Undergraduate,Married,"Income>$100,000",Hispanic,Donated,105,2,2,1,2,3,3
41,30<=Age<=39,Male,Undergraduate,Married,"$50,000<Income<=$100,000",Black,Not Donated,0,2,2,1,2,2,2
42,Age>=50,Female,Graduate,Married,"Income<=$50,000",Other,Not Donated,0,4,1,2,2,1,4
43,30<=Age<=39,Female,Undergraduate,Married,"Income<=$50,000",White,Not Donated,0,2,1,1,2,1,5
44,40<=Age<=49,Female,Undergraduate,Married,"Income>$100,000",Other,Donated,135,3,1,1,2,3,4
45,40<=Age<=49,Male,Undergraduate,Married,"Income<=$50,000",Hispanic,Not Donated,0,3,2,1,2,1,3
46,Age<=29,Female,Undergraduate,Married,"Income<=$50,000",White,Donated,40,1,1,1,2,1,5
47,30<=Age<=39,Female,Undergraduate,Married,"$50,000<Income<=$100,000",White,Donated,70,2,1,1,2,2,5
48,30<=Age<=39,Male,Undergraduate,Single,"Income<=$50,000",White,Not Donated,0,2,2,1,1,1,5
49,Age<=29,Female,Undergraduate,Married,"$50,000<Income<=$100,000",White,Not Donated,0,1,1,1,2,2,5
50,Age<=29,Female,Undergraduate,Married,"Income>$100,000",Black,Donated,120,1,1,1,2,3,2
51,30<=Age<=39,Female,Undergraduate,Single,"$50,000<Income<=$100,000",Asian,Not Donated,0,2,1,1,1,2,1
52,Age<=29,Male,Undergraduate,Married,"$50,000<Income<=$100,000",Other,Not Donated,0,1,2,1,2,2,4
53,Age<=29,Male,Undergraduate,Married,"Income<=$50,000",White,Not Donated,0,1,2,1,2,1,5
54,Age<=29,Female,Undergraduate,Single,"Income<=$50,000",White,Not Donated,0,1,1,1,1,1,5
55,30<=Age<=39,Female,Undergraduate,Single,"$50,000<Income<=$100,000",Hispanic,Not Donated,0,2,1,1,1,2,3
56,40<=Age<=49,Male,Undergraduate,Married,"$50,000<Income<=$100,000",White,Not Donated,0,3,2,1,2,2,5
57,30<=Age<=39,Female,Undergraduate,Single,"Income>$100,000",White,Donated,110,2,1,1,1,3,5
58,Age<=29,Female,Undergraduate,Married,"Income<=$50,000",White,Not Donated,0,1,1,1,2,1,5
59,40<=Age<=49,Male,Undergraduate,Married,"Income>$100,000",White,Not Donated,0,3,2,1,2,3,5
60,30<=Age<=39,Female,Undergraduate,Single,"Income>$100,000",White,Donated,100,2,1,1,1,3,5
61,Age>=50,Female,Undergraduate,Single,"Income>$100,000",Hispanic,Donated,155,4,1,1,1,3,3
62,Age<=29,Female,Undergraduate,Single,"Income<=$50,000",Black,Not Donated,0,1,1,1,1,1,2
63,Age<=29,Male,Undergraduate,Married,"Income<=$50,000",Hispanic,Not Donated,0,1,2,1,2,1,3
64,40<=Age<=49,Female,Undergraduate,Single,"Income<=$50,000",White,Not Donated,0,3,1,1,1,1,5
65,Age<=29,Female,Undergraduate,Single,"$50,000<Income<=$100,000",White,Not Donated,0,1,1,1,1,2,5
66,Age<=29,Female,Undergraduate,Married,"Income<=$50,000",White,Not Donated,0,1,1,1,2,1,5
67,40<=Age<=49,Female,Undergraduate,Married,"Income<=$50,000",Hispanic,Not Donated,0,3,1,1,2,1,3
68,Age>=50,Female,Undergraduate,Married,"$50,000<Income<=$100,000",White,Not Donated,0,4,1,1,2,2,5
69,Age<=29,Female,Undergraduate,Married,"Income<=$50,000",White,Donated,35,1,1,1,2,1,5
70,30<=Age<=39,Female,Undergraduate,Single,"Income<=$50,000",White,Not Donated,0,2,1,1,1,1,5
71,30<=Age<=39,Male,Undergraduate,Married,"Income<=$50,000",Hispanic,Not Donated,0,2,2,1,2,1,3
72,Age>=50,Male,Undergraduate,Single,"Income<=$50,000",Hispanic,Not Donated,0,4,2,1,1,1,3
73,Age<=29,Male,Undergraduate,Single,"Income>$100,000",White,Not Donated,0,1,2,1,1,3,5
74,40<=Age<=49,Male,Undergraduate,Married,"Income<=$50,000",Other,Not Donated,0,3,2,1,2,1,4
75,40<=Age<=49,Female,Undergraduate,Married,"Income<=$50,000",Black,Not Donated,0,3,1,1,2,1,2
76,Age<=29,Female,Undergraduate,Single,"Income<=$50,000",White,Donated,15,1,1,1,1,1,5
77,Age>=50,Male,Undergraduate,Married,"Income>$100,000",White,Not Donated,0,4,2,1,2,3,5
78,Age<=29,Female,Undergraduate,Married,"Income>$100,000",White,Donated,100,1,1,1,2,3,5
79,Age<=29,Female,Undergraduate,Married,"Income<=$50,000",White,Not Donated,0,1,1,1,2,1,5
80,40<=Age<=49,Male,Graduate,Single,"Income>$100,000",White,Not Donated,0,3,2,2,1,3,5
81,40<=Age<=49,Male,Undergraduate,Married,"Income<=$50,000",White,Not Donated,0,3,2,1,2,1,5
82,Age<=29,Male,Undergraduate,Single,"$50,000<Income<=$100,000",Hispanic,Donated,40,1,2,1,1,2,3
83,30<=Age<=39,Female,Undergraduate,Married,"Income<=$50,000",White,Not Donated,0,2,1,1,2,1,5
84,40<=Age<=49,Female,Undergraduate,Single,"Income>$100,000",White,Donated,115,3,1,1,1,3,5
85,Age<=29,Male,Undergraduate,Single,"Income<=$50,000",White,Donated,15,1,2,1,1,1,5
86,Age>=50,Female,Undergraduate,Married,"Income<=$50,000",White,Not Donated,0,4,1,1,2,1,5
87,30<=Age<=39,Male,Undergraduate,Single,"$50,000<Income<=$100,000",Black,Donated,60,2,2,1,1,2,2
88,40<=Age<=49,Male,Undergraduate,Married,"Income<=$50,000",Black,Not Donated,0,3,2,1,2,1,2
89,40<=Age<=49,Male,Undergraduate,Single,"Income>$100,000",Black,Donated,125,3,2,1,1,3,2
90,40<=Age<=49,Female,Undergraduate,Married,"$50,000<Income<=$100,000",Hispanic,Donated,125,3,1,1,2,2,3
91,Age>=50,Female,Undergraduate,Single,"Income>$100,000",White,Not Donated,0,4,1,1,1,3,5
92,Age<=29,Male,Undergraduate,Married,"Income<=$50,000",Hispanic,Not Donated,0,1,2,1,2,1,3
93,40<=Age<=49,Female,Undergraduate,Single,"Income<=$50,000",Black,Donated,80,3,1,1,1,1,2
94,Age>=50,Male,Undergraduate,Married,"$50,000<Income<=$100,000",Hispanic,Not Donated,0,4,2,1,2,2,3
95,Age>=50,Female,Undergraduate,Married,"Income<=$50,000",White,Not Donated,0,4,1,1,2,1,5
96,Age<=29,Male,Undergraduate,Married,"$50,000<Income<=$100,000",Asian,Not Donated,0,1,2,1,2,2,1
97,30<=Age<=39,Male,Graduate,Single,"$50,000<Income<=$100,000",Other,Not Donated,0,2,2,2,1,2,4
98,40<=Age<=49,Male,Undergraduate,Married,"$50,000<Income<=$100,000",Hispanic,Not Donated,0,3,2,1,2,2,3
99,Age<=29,Male,Undergraduate,Married,"Income<=$50,000",White,Not Donated,0,1,2,1,2,1,5
100,30<=Age<=39,Male,Undergraduate,Married,"$50,000<Income<=$100,000",White,Not Donated,0,2,2,1,2,2,5
101,Age<=29,Male,Undergraduate,Married,"Income>$100,000",White,Not Donated,0,1,2,1,2,3,5
102,Age<=29,Male,Undergraduate,Married,"$50,000<Income<=$100,000",White,Not Donated,0,1,2,1,2,2,5
103,30<=Age<=39,Male,Undergraduate,Married,"Income<=$50,000",Black,Donated,60,2,2,1,2,1,2
104,30<=Age<=39,Female,Undergraduate,Single,"$50,000<Income<=$100,000",Black,Donated,65,2,1,1,1,2,2
105,40<=Age<=49,Male,Undergraduate,Single,"$50,000<Income<=$100,000",Asian,Not Donated,0,3,2,1,1,2,1
106,30<=Age<=39,Female,Undergraduate,Married,"Income<=$50,000",White,Not Donated,0,2,1,1,2,1,5
107,Age>=50,Female,Graduate,Single,"$50,000<Income<=$100,000",White,Not Donated,0,4,1,2,1,2,5
108,30<=Age<=39,Female,Undergraduate,Married,"Income<=$50,000",White,Not Donated,0,2,1,1,2,1,5
109,40<=Age<=49,Female,Undergraduate,Married,"Income<=$50,000",Hispanic,Not Donated,0,3,1,1,2,1,3
110,40<=Age<=49,Male,Undergraduate,Married,"Income<=$50,000",Hispanic,Not Donated,0,3,2,1,2,1,3
111,40<=Age<=49,Female,Undergraduate,Single,"Income<=$50,000",White,Not Donated,0,3,1,1,1,1,5
112,30<=Age<=39,Female,Undergraduate,Married,"$50,000<Income<=$100,000",White,Not Donated,0,2,1,1,2,2,5
113,Age<=29,Male,Undergraduate,Married,"Income>$100,000",White,Donated,90,1,2,1,2,3,5
114,Age<=29,Male,Undergraduate,Married,"Income<=$50,000",Other,Not Donated,0,1,2,1,2,1,4
115,40<=Age<=49,Male,Graduate,Married,"Income<=$50,000",Asian,Donated,105,3,2,2,2,1,1
116,Age<=29,Female,Graduate,Married,"Income>$100,000",White,Not Donated,0,1,1,2,2,3,5
117,30<=Age<=39,Male,Undergraduate,Married,"$50,000<Income<=$100,000",Hispanic,Not Donated,0,2,2,1,2,2,3
118,30<=Age<=39,Male,Undergraduate,Single,"Income<=$50,000",Asian,Not Donated,0,2,2,1,1,1,1
119,30<=Age<=39,Female,Undergraduate,Single,"Income<=$50,000",Hispanic,Donated,50,2,1,1,1,1,3
120,40<=Age<=49,Male,Undergraduate,Married,"$50,000<Income<=$100,000",White,Not Donated,0,3,2,1,2,2,5
121,40<=Age<=49,Male,Undergraduate,Single,"Income>$100,000",White,Not Donated,0,3,2,1,1,3,5
122,Age<=29,Female,Undergraduate,Single,"Income>$100,000",White,Donated,70,1,1,1,1,3,5
123,Age>=50,Male,Undergraduate,Married,"Income<=$50,000",White,Not Donated,0,4,2,1,2,1,5
124,40<=Age<=49,Male,Undergraduate,Married,"Income>$100,000",Black,Donated,140,3,2,1,2,3,2
125,30<=Age<=39,Female,Undergraduate,Married,"$50,000<Income<=$100,000",White,Donated,80,2,1,1,2,2,5
126,40<=Age<=49,Female,Graduate,Single,"$50,000<Income<=$100,000",White,Donated,100,3,1,2,1,2,5
127,Age>=50,Female,Undergraduate,Married,"Income<=$50,000",White,Donated,95,4,1,1,2,1,5
128,30<=Age<=39,Male,Graduate,Married,"Income>$100,000",White,Not Donated,0,2,2,2,2,3,5
129,40<=Age<=49,Female,Undergraduate,Married,"Income<=$50,000",Other,Not Donated,0,3,1,1,2,1,4
130,Age>=50,Female,Undergraduate,Single,"Income<=$50,000",Other,Not Donated,0,4,1,1,1,1,4
131,Age>=50,Male,Graduate,Married,"$50,000<Income<=$100,000",White,Not Donated,0,4,2,2,2,2,5
132,Age>=50,Male,Undergraduate,Married,"Income<=$50,000",Hispanic,Not Donated,0,4,2,1,2,1,3
133,Age<=29,Male,Undergraduate,Married,"Income<=$50,000",Other,Not Donated,0,1,2,1,2,1,4
134,Age<=29,Female,Graduate,Single,"Income<=$50,000",Asian,Not Donated,0,1,1,2,1,1,1
135,Age>=50,Male,Undergraduate,Single,"$50,000<Income<=$100,000",White,Not Donated,0,4,2,1,1,2,5
136,30<=Age<=39,Male,Undergraduate,Single,"Income<=$50,000",White,Donated,65,2,2,1,1,1,5
137,40<=Age<=49,Female,Undergraduate,Single,"Income>$100,000",Hispanic,Not Donated,0,3,1,1,1,3,3
138,30<=Age<=39,Male,Undergraduate,Single,"Income<=$50,000",White,Donated,50,2,2,1,1,1,5
139,30<=Age<=39,Female,Undergraduate,Married,"$50,000<Income<=$100,000",Other,Not Donated,0,2,1,1,2,2,4
140,Age<=29,Male,Undergraduate,Single,"Income>$100,000",White,Donated,75,1,2,1,1,3,5
141,40<=Age<=49,Male,Undergraduate,Single,"Income<=$50,000",White,Donated,65,3,2,1,1,1,5
142,30<=Age<=39,Male,Undergraduate,Single,"Income<=$50,000",White,Not Donated,0,2,2,1,1,1,5
143,30<=Age<=39,Female,Graduate,Single,"Income<=$50,000",Other,Not Donated,0,2,1,2,1,1,4
144,30<=Age<=39,Male,Undergraduate,Married,"$50,000<Income<=$100,000",White,Not Donated,0,2,2,1,2,2,5
145,Age<=29,Male,Undergraduate,Married,"Income<=$50,000",Other,Donated,60,1,2,1,2,1,4
146,40<=Age<=49,Female,Undergraduate,Married,"Income>$100,000",White,Donated,115,3,1,1,2,3,5
147,Age<=29,Male,Undergraduate,Married,"Income>$100,000",White,Not Donated,0,1,2,1,2,3,5
148,Age>=50,Male,Graduate,Married,"Income<=$50,000",Hispanic,Not Donated,0,4,2,2,2,1,3
149,30<=Age<=39,Female,Undergraduate,Single,"Income<=$50,000",White,Donated,45,2,1,1,1,1,5
150,Age<=29,Female,Undergraduate,Single,"Income<=$50,000",Hispanic,Not Donated,0,1,1,1,1,1,3
151,40<=Age<=49,Male,Undergraduate,Married,"Income<=$50,000",White,Donated,100,3,2,1,2,1,5
152,Age>=50,Female,Undergraduate,Married,"$50,000<Income<=$100,000",White,Donated,125,4,1,1,2,2,5
153,30<=Age<=39,Female,Undergraduate,Married,"$50,000<Income<=$100,000",Hispanic,Not Donated,0,2,1,1,2,2,3
154,30<=Age<=39,Male,Undergraduate,Single,"Income<=$50,000",Hispanic,Not Donated,0,2,2,1,1,1,3
155,Age<=29,Male,Undergraduate,Married,"Income>$100,000",Other,Donated,90,1,2,1,2,3,4
156,30<=Age<=39,Female,Undergraduate,Single,"Income<=$50,000",White,Donated,35,2,1,1,1,1,5
157,40<=Age<=49,Male,Undergraduate,Single,"Income<=$50,000",White,Donated,75,3,2,1,1,1,5
158,30<=Age<=39,Female,Undergraduate,Married,"Income<=$50,000",Hispanic,Not Donated,0,2,1,1,2,1,3
159,40<=Age<=49,Male,Undergraduate,Single,"$50,000<Income<=$100,000",Hispanic,Donated,95,3,2,1,1,2,3
160,Age<=29,Male,Undergraduate,Single,"$50,000<Income<=$100,000",Asian,Donated,55,1,2,1,1,2,1
161,40<=Age<=49,Female,Graduate,Married,"Income<=$50,000",Asian,Not Donated,0,3,1,2,2,1,1
162,40<=Age<=49,Female,Undergraduate,Married,"Income<=$50,000",White,Not Donated,0,3,1,1,2,1,5
163,30<=Age<=39,Male,Undergraduate,Single,"$50,000<Income<=$100,000",Hispanic,Donated,95,2,2,1,1,2,3
164,Age>=50,Female,Undergraduate,Married,"$50,000<Income<=$100,000",Asian,Not Donated,0,4,1,1,2,2,1
165,30<=Age<=39,Male,Undergraduate,Married,"Income>$100,000",White,Donated,100,2,2,1,2,3,5
166,Age<=29,Female,Undergraduate,Married,"$50,000<Income<=$100,000",White,Not Donated,0,1,1,1,2,2,5
167,40<=Age<=49,Female,Undergraduate,Single,"Income<=$50,000",White,Not Donated,0,3,1,1,1,1,5
168,Age<=29,Female,Undergraduate,Single,"Income<=$50,000",Hispanic,Not Donated,0,1,1,1,1,1,3
169,30<=Age<=39,Male,Undergraduate,Single,"Income>$100,000",White,Not Donated,0,2,2,1,1,3,5
170,Age>=50,Male,Undergraduate,Married,"Income>$100,000",White,Donated,125,4,2,1,2,3,5
171,Age>=50,Male,Undergraduate,Married,"Income>$100,000",White,Donated,180,4,2,1,2,3,5
172,Age<=29,Male,Undergraduate,Single,"Income<=$50,000",White,Donated,25,1,2,1,1,1,5
173,Age<=29,Male,Graduate,Married,"Income<=$50,000",Asian,Not Donated,0,1,2,2,2,1,1
174,40<=Age<=49,Female,Undergraduate,Married,"Income>$100,000",White,Not Donated,0,3,1,1,2,3,5
175,30<=Age<=39,Male,Undergraduate,Married,"$50,000<Income<=$100,000",Hispanic,Not Donated,0,2,2,1,2,2,3
176,30<=Age<=39,Male,Undergraduate,Married,"$50,000<Income<=$100,000",White,Donated,100,2,2,1,2,2,5
177,Age<=29,Female,Undergraduate,Married,"Income>$100,000",White,Not Donated,0,1,1,1,2,3,5
178,40<=Age<=49,Female,Undergraduate,Married,"Income<=$50,000",White,Not Donated,0,3,1,1,2,1,5
179,Age<=29,Female,Undergraduate,Married,"Income<=$50,000",White,Not Donated,0,1,1,1,2,1,5
180,Age<=29,Male,Undergraduate,Single,"Income<=$50,000",White,Donated,15,1,2,1,1,1,5
181,Age<=29,Female,Undergraduate,Married,"$50,000<Income<=$100,000",White,Donated,50,1,1,1,2,2,5
182,Age<=29,Male,Undergraduate,Married,"Income>$100,000",Hispanic,Donated,60,1,2,1,2,3,3
183,Age<=29,Female,Undergraduate,Married,"Income<=$50,000",White,Donated,30,1,1,1,2,1,5
184,40<=Age<=49,Female,Undergraduate,Single,"Income<=$50,000",Black,Not Donated,0,3,1,1,1,1,2
185,Age>=50,Male,Undergraduate,Married,"$50,000<Income<=$100,000",White,Not Donated,0,4,2,1,2,2,5
186,Age<=29,Female,Undergraduate,Single,"$50,000<Income<=$100,000",White,Donated,45,1,1,1,1,2,5
187,Age<=29,Female,Undergraduate,Married,"Income>$100,000",Hispanic,Donated,100,1,1,1,2,3,3
188,Age<=29,Female,Graduate,Married,"$50,000<Income<=$100,000",White,Not Donated,0,1,1,2,2,2,5
189,40<=Age<=49,Female,Undergraduate,Single,"$50,000<Income<=$100,000",Asian,Not Donated,0,3,1,1,1,2,1
190,30<=Age<=39,Male,Undergraduate,Single,"Income<=$50,000",Hispanic,Not Donated,0,2,2,1,1,1,3
191,30<=Age<=39,Female,Undergraduate,Married,"Income>$100,000",White,Not Donated,0,2,1,1,2,3,5
192,Age>=50,Male,Undergraduate,Married,"Income<=$50,000",White,Not Donated,0,4,2,1,2,1,5
193,40<=Age<=49,Female,Undergraduate,Married,"$50,000<Income<=$100,000",Asian,Not Donated,0,3,1,1,2,2,1
194,40<=Age<=49,Male,Undergraduate,Married,"Income<=$50,000",White,Donated,80,3,2,1,2,1,5
195,Age<=29,Male,Undergraduate,Married,"$50,000<Income<=$100,000",White,Not Donated,0,1,2,1,2,2,5
196,40<=Age<=49,Female,Undergraduate,Married,"$50,000<Income<=$100,000",Hispanic,Donated,105,3,1,1,2,2,3
197,40<=Age<=49,Female,Undergraduate,Single,"$50,000<Income<=$100,000",White,Donated,75,3,1,1,1,2,5
198,Age<=29,Male,Undergraduate,Married,"Income>$100,000",White,Donated,95,1,2,1,2,3,5
199,40<=Age<=49,Male,Undergraduate,Single,"Income>$100,000",Black,Not Donated,0,3,2,1,1,3,2
200,Age>=50,Female,Undergraduate,Single,"Income<=$50,000",Asian,Donated,90,4,1,1,1,1,1
201,40<=Age<=49,Male,Undergraduate,Married,"Income<=$50,000",White,Not Donated,0,3,2,1,2,1,5
202,40<=Age<=49,Female,Undergraduate,Single,"Income<=$50,000",Black,Donated,80,3,1,1,1,1,2
203,40<=Age<=49,Male,Undergraduate,Married,"Income>$100,000",White,Not Donated,0,3,2,1,2,3,5
204,Age>=50,Male,Undergraduate,Married,"$50,000<Income<=$100,000",White,Not Donated,0,4,2,1,2,2,5
205,Age<=29,Male,Undergraduate,Married,"$50,000<Income<=$100,000",Black,Not Donated,0,1,2,1,2,2,2
206,30<=Age<=39,Male,Undergraduate,Single,"Income<=$50,000",White,Not Donated,0,2,2,1,1,1,5
207,Age>=50,Male,Undergraduate,Single,"$50,000<Income<=$100,000",Other,Not Donated,0,4,2,1,1,2,4
208,Age<=29,Male,Undergraduate,Single,"$50,000<Income<=$100,000",Hispanic,Donated,30,1,2,1,1,2,3
209,Age>=50,Female,Undergraduate,Married,"Income<=$50,000",White,Donated,105,4,1,1,2,1,5
210,Age<=29,Male,Undergraduate,Married,"Income<=$50,000",White,Not Donated,0,1,2,1,2,1,5
211,Age<=29,Male,Undergraduate,Single,"Income<=$50,000",White,Not Donated,0,1,2,1,1,1,5
212,40<=Age<=49,Male,Undergraduate,Single,"$50,000<Income<=$100,000",White,Not Donated,0,3,2,1,1,2,5
213,40<=Age<=49,Male,Undergraduate,Married,"Income<=$50,000",White,Not Donated,0,3,2,1,2,1,5
214,Age>=50,Female,Undergraduate,Single,"Income<=$50,000",White,Donated,80,4,1,1,1,1,5
215,Age>=50,Male,Graduate,Single,"$50,000<Income<=$100,000",White,Not Donated,0,4,2,2,1,2,5
216,Age<=29,Male,Undergraduate,Single,"$50,000<Income<=$100,000",White,Not Donated,0,1,2,1,1,2,5
217,30<=Age<=39,Male,Undergraduate,Single,"Income<=$50,000",White,Not Donated,0,2,2,1,1,1,5
218,40<=Age<=49,Male,Undergraduate,Married,"Income<=$50,000",White,Not Donated,0,3,2,1,2,1,5
219,Age<=29,Male,Undergraduate,Married,"Income<=$50,000",Black,Donated,25,1,2,1,2,1,2
220,30<=Age<=39,Male,Undergraduate,Single,"Income>$100,000",White,Not Donated,0,2,2,1,1,3,5
221,Age<=29,Male,Undergraduate,Married,"Income<=$50,000",White,Donated,35,1,2,1,2,1,5
222,Age<=29,Male,Undergraduate,Married,"Income<=$50,000",White,Donated,50,1,2,1,2,1,5
223,Age>=50,Male,Undergraduate,Married,"$50,000<Income<=$100,000",White,Not Donated,0,4,2,1,2,2,5
224,Age<=29,Male,Undergraduate,Married,"Income<=$50,000",White,Donated,45,1,2,1,2,1,5
225,Age>=50,Male,Undergraduate,Married,"$50,000<Income<=$100,000",Asian,Donated,120,4,2,1,2,2,1
226,Age>=50,Female,Undergraduate,Single,"Income<=$50,000",White,Not Donated,0,4,1,1,1,1,5
227,40<=Age<=49,Male,Undergraduate,Single,"Income<=$50,000",Other,Not Donated,0,3,2,1,1,1,4
228,Age<=29,Female,Undergraduate,Married,"Income>$100,000",White,Donated,100,1,1,1,2,3,5
229,30<=Age<=39,Female,Undergraduate,Married,"Income<=$50,000",Hispanic,Not Donated,0,2,1,1,2,1,3
230,Age<=29,Male,Graduate,Married,"$50,000<Income<=$100,000",White,Not Donated,0,1,2,2,2,2,5
231,30<=Age<=39,Male,Undergraduate,Single,"Income>$100,000",White,Donated,105,2,2,1,1,3,5
232,30<=Age<=39,Male,Undergraduate,Married,"$50,000<Income<=$100,000",White,Donated,60,2,2,1,2,2,5
233,30<=Age<=39,Male,Undergraduate,Single,"Income>$100,000",Hispanic,Donated,90,2,2,1,1,3,3
234,30<=Age<=39,Female,Graduate,Married,"Income<=$50,000",White,Donated,80,2,1,2,2,1,5
235,Age<=29,Female,Undergraduate,Married,"Income>$100,000",Hispanic,Donated,75,1,1,1,2,3,3
236,30<=Age<=39,Female,Graduate,Married,"$50,000<Income<=$100,000",Black,Not Donated,0,2,1,2,2,2,2
237,Age<=29,Male,Undergraduate,Married,"$50,000<Income<=$100,000",White,Not Donated,0,1,2,1,2,2,5
238,30<=Age<=39,Male,Undergraduate,Single,"$50,000<Income<=$100,000",Black,Not Donated,0,2,2,1,1,2,2
239,40<=Age<=49,Female,Undergraduate,Single,"Income>$100,000",Other,Donated,125,3,1,1,1,3,4
240,30<=Age<=39,Male,Undergraduate,Single,"Income<=$50,000",White,Donated,45,2,2,1,1,1,5
241,30<=Age<=39,Male,Undergraduate,Single,"$50,000<Income<=$100,000",Hispanic,Not Donated,0,2,2,1,1,2,3
242,Age<=29,Female,Undergraduate,Married,"Income>$100,000",Black,Donated,105,1,1,1,2,3,2
243,30<=Age<=39,Male,Undergraduate,Married,"$50,000<Income<=$100,000",White,Not Donated,0,2,2,1,2,2,5
244,Age<=29,Male,Undergraduate,Married,"$50,000<Income<=$100,000",White,Not Donated,0,1,2,1,2,2,5
245,30<=Age<=39,Male,Undergraduate,Married,"Income>$100,000",Asian,Donated,115,2,2,1,2,3,1
246,30<=Age<=39,Male,Undergraduate,Single,"$50,000<Income<=$100,000",White,Not Donated,0,2,2,1,1,2,5
247,Age>=50,Female,Undergraduate,Single,"Income<=$50,000",Other,Not Donated,0,4,1,1,1,1,4
248,40<=Age<=49,Female,Undergraduate,Married,"$50,000<Income<=$100,000",White,Not Donated,0,3,1,1,2,2,5
249,Age>=50,Male,Graduate,Married,"Income<=$50,000",White,Donated,100,4,2,2,2,1,5
250,Age>=50,Female,Undergraduate,Married,"Income<=$50,000",Hispanic,Not Donated,0,4,1,1,2,1,3
251,40<=Age<=49,Male,Undergraduate,Married,"Income>$100,000",White,Not Donated,0,3,2,1,2,3,5
252,40<=Age<=49,Female,Undergraduate,Married,"$50,000<Income<=$100,000",Asian,Donated,110,3,1,1,2,2,1
253,Age>=50,Male,Graduate,Married,"Income>$100,000",Black,Donated,165,4,2,2,2,3,2
254,Age<=29,Female,Undergraduate,Single,"$50,000<Income<=$100,000",Hispanic,Donated,60,1,1,1,1,2,3
255,40<=Age<=49,Male,Undergraduate,Married,"Income<=$50,000",White,Not Donated,0,3,2,1,2,1,5
256,30<=Age<=39,Male,Undergraduate,Single,"Income>$100,000",Hispanic,Not Donated,0,2,2,1,1,3,3
257,40<=Age<=49,Female,Undergraduate,Single,"Income<=$50,000",White,Not Donated,0,3,1,1,1,1,5
258,Age<=29,Male,Undergraduate,Married,"Income<=$50,000",Hispanic,Not Donated,0,1,2,1,2,1,3
259,30<=Age<=39,Male,Undergraduate,Single,"$50,000<Income<=$100,000",Black,Donated,70,2,2,1,1,2,2
260,30<=Age<=39,Male,Undergraduate,Single,"Income<=$50,000",Hispanic,Not Donated,0,2,2,1,1,1,3
261,40<=Age<=49,Female,Graduate,Single,"Income>$100,000",Black,Not Donated,0,3,1,2,1,3,2
262,40<=Age<=49,Female,Undergraduate,Married,"Income<=$50,000",Black,Not Donated,0,3,1,1,2,1,2
263,30<=Age<=39,Female,Undergraduate,Single,"Income>$100,000",Asian,Not Donated,0,2,1,1,1,3,1
264,Age<=29,Male,Undergraduate,Single,"Income<=$50,000",White,Not Donated,0,1,2,1,1,1,5
265,30<=Age<=39,Male,Undergraduate,Married,"Income<=$50,000",Asian,Not Donated,0,2,2,1,2,1,1
266,40<=Age<=49,Male,Undergraduate,Married,"$50,000<Income<=$100,000",Hispanic,Donated,105,3,2,1,2,2,3
267,Age>=50,Male,Undergraduate,Married,"Income<=$50,000",White,Donated,85,4,2,1,2,1,5
268,Age<=29,Male,Undergraduate,Married,"$50,000<Income<=$100,000",Black,Not Donated,0,1,2,1,2,2,2
269,Age<=29,Female,Undergraduate,Married,"Income>$100,000",Black,Not Donated,0,1,1,1,2,3,2
270,Age>=50,Female,Undergraduate,Single,"Income<=$50,000",Hispanic,Donated,85,4,1,1,1,1,3
271,Age<=29,Male,Undergraduate,Single,"Income>$100,000",White,Donated,70,1,2,1,1,3,5
272,Age>=50,Female,Undergraduate,Married,"Income<=$50,000",White,Not Donated,0,4,1,1,2,1,5
273,Age<=29,Male,Undergraduate,Married,"Income>$100,000",White,Not Donated,0,1,2,1,2,3,5
274,Age<=29,Male,Undergraduate,Married,"Income>$100,000",White,Not Donated,0,1,2,1,2,3,5
275,40<=Age<=49,Male,Undergraduate,Married,"Income<=$50,000",White,Not Donated,0,3,2,1,2,1,5
276,Age<=29,Male,Undergraduate,Married,"Income<=$50,000",Black,Donated,50,1,2,1,2,1,2
277,40<=Age<=49,Male,Undergraduate,Married,"Income<=$50,000",White,Not Donated,0,3,2,1,2,1,5
278,Age<=29,Male,Undergraduate,Married,"Income<=$50,000",White,Not Donated,0,1,2,1,2,1,5
279,30<=Age<=39,Male,Undergraduate,Married,"$50,000<Income<=$100,000",Asian,Donated,75,2,2,1,2,2,1
280,30<=Age<=39,Male,Undergraduate,Single,"Income>$100,000",White,Donated,110,2,2,1,1,3,5
281,30<=Age<=39,Male,Graduate,Married,"Income<=$50,000",White,Not Donated,0,2,2,2,2,1,5
282,40<=Age<=49,Male,Undergraduate,Single,"Income<=$50,000",White,Not Donated,0,3,2,1,1,1,5
283,30<=Age<=39,Male,Undergraduate,Married,"Income<=$50,000",Hispanic,Not Donated,0,2,2,1,2,1,3
284,Age<=29,Female,Undergraduate,Married,"Income<=$50,000",Hispanic,Not Donated,0,1,1,1,2,1,3
285,Age<=29,Female,Undergraduate,Married,"Income<=$50,000",White,Not Donated,0,1,1,1,2,1,5
286,30<=Age<=39,Male,Undergraduate,Single,"Income>$100,000",Asian,Donated,75,2,2,1,1,3,1
287,40<=Age<=49,Male,Undergraduate,Married,"Income<=$50,000",White,Not Donated,0,3,2,1,2,1,5
288,Age<=29,Female,Undergraduate,Single,"Income<=$50,000",Hispanic,Donated,40,1,1,1,1,1,3
289,Age>=50,Male,Graduate,Single,"$50,000<Income<=$100,000",White,Not Donated,0,4,2,2,1,2,5
290,30<=Age<=39,Male,Undergraduate,Married,"Income<=$50,000",White,Donated,55,2,2,1,2,1,5
291,Age<=29,Female,Undergraduate,Married,"$50,000<Income<=$100,000",Asian,Not Donated,0,1,1,1,2,2,1
292,30<=Age<=39,Female,Undergraduate,Married,"Income<=$50,000",White,Not Donated,0,2,1,1,2,1,5
293,Age<=29,Female,Undergraduate,Single,"$50,000<Income<=$100,000",White,Donated,35,1,1,1,1,2,5
294,Age>=50,Female,Graduate,Married,"$50,000<Income<=$100,000",White,Donated,130,4,1,2,2,2,5
295,40<=Age<=49,Male,Undergraduate,Single,"Income>$100,000",Other,Not Donated,0,3,2,1,1,3,4
296,Age<=29,Male,Undergraduate,Married,"Income<=$50,000",White,Not Donated,0,1,2,1,2,1,5
297,40<=Age<=49,Female,Undergraduate,Married,"$50,000<Income<=$100,000",White,Donated,95,3,1,1,2,2,5
298,Age<=29,Male,Undergraduate,Married,"$50,000<Income<=$100,000",White,Donated,60,1,2,1,2,2,5
299,Age>=50,Female,Undergraduate,Single,"Income>$100,000",Black,Not Donated,0,4,1,1,1,3,2
300,Age<=29,Male,Undergraduate,Single,"$50,000<Income<=$100,000",Asian,Not Donated,0,1,2,1,1,2,1
301,30<=Age<=39,Female,Undergraduate,Single,"Income<=$50,000",White,Donated,40,2,1,1,1,1,5
302,Age<=29,Male,Undergraduate,Single,"Income>$100,000",Asian,Not Donated,0,1,2,1,1,3,1
303,30<=Age<=39,Female,Undergraduate,Married,"Income<=$50,000",Black,Not Donated,0,2,1,1,2,1,2
304,Age<=29,Female,Undergraduate,Single,"Income<=$50,000",White,Donated,25,1,1,1,1,1,5
305,40<=Age<=49,Male,Undergraduate,Married,"Income<=$50,000",Black,Not Donated,0,3,2,1,2,1,2
306,Age>=50,Male,Undergraduate,Married,"$50,000<Income<=$100,000",White,Donated,125,4,2,1,2,2,5
307,Age>=50,Female,Undergraduate,Married,"$50,000<Income<=$100,000",Black,Not Donated,0,4,1,1,2,2,2
308,40<=Age<=49,Female,Undergraduate,Single,"Income<=$50,000",White,Donated,75,3,1,1,1,1,5
309,40<=Age<=49,Female,Undergraduate,Married,"Income>$100,000",White,Not Donated,0,3,1,1,2,3,5
310,Age>=50,Female,Undergraduate,Married,"Income<=$50,000",White,Not Donated,0,4,1,1,2,1,5
311,Age>=50,Male,Undergraduate,Single,"Income<=$50,000",White,Donated,100,4,2,1,1,1,5
312,Age<=29,Female,Undergraduate,Married,"$50,000<Income<=$100,000",Asian,Donated,60,1,1,1,2,2,1
313,30<=Age<=39,Female,Undergraduate,Single,"Income>$100,000",Asian,Not Donated,0,2,1,1,1,3,1
314,Age<=29,Male,Undergraduate,Single,"$50,000<Income<=$100,000",White,Not Donated,0,1,2,1,1,2,5
315,Age<=29,Female,Undergraduate,Single,"$50,000<Income<=$100,000",Asian,Donated,70,1,1,1,1,2,1
316,40<=Age<=49,Female,Undergraduate,Married,"Income<=$50,000",White,Not Donated,0,3,1,1,2,1,5
317,Age<=29,Male,Graduate,Single,"Income<=$50,000",White,Not Donated,0,1,2,2,1,1,5
318,Age<=29,Female,Undergraduate,Single,"$50,000<Income<=$100,000",Other,Donated,35,1,1,1,1,2,4
319,30<=Age<=39,Male,Undergraduate,Single,"Income<=$50,000",White,Donated,45,2,2,1,1,1,5
320,30<=Age<=39,Male,Undergraduate,Single,"Income<=$50,000",White,Not Donated,0,2,2,1,1,1,5
321,Age>=50,Male,Undergraduate,Married,"Income<=$50,000",White,Not Donated,0,4,2,1,2,1,5
322,Age<=29,Female,Undergraduate,Married,"Income<=$50,000",White,Not Donated,0,1,1,1,2,1,5
323,Age<=29,Male,Undergraduate,Single,"Income>$100,000",White,Not Donated,0,1,2,1,1,3,5
324,Age>=50,Male,Undergraduate,Married,"$50,000<Income<=$100,000",White,Not Donated,0,4,2,1,2,2,5
325,30<=Age<=39,Male,Undergraduate,Single,"Income<=$50,000",White,Not Donated,0,2,2,1,1,1,5
326,40<=Age<=49,Male,Undergraduate,Single,"Income<=$50,000",Asian,Donated,75,3,2,1,1,1,1
327,30<=Age<=39,Female,Undergraduate,Married,"Income<=$50,000",White,Donated,55,2,1,1,2,1,5
328,Age>=50,Female,Undergraduate,Married,"Income<=$50,000",Hispanic,Donated,85,4,1,1,2,1,3
329,40<=Age<=49,Male,Undergraduate,Single,"Income>$100,000",Black,Donated,110,3,2,1,1,3,2
330,Age<=29,Female,Undergraduate,Single,"Income<=$50,000",White,Donated,25,1,1,1,1,1,5
331,Age>=50,Male,Undergraduate,Single,"Income>$100,000",White,Not Donated,0,4,2,1,1,3,5
332,40<=Age<=49,Male,Undergraduate,Single,"Income<=$50,000",Asian,Not Donated,0,3,2,1,1,1,1
333,Age<=29,Female,Undergraduate,Married,"Income<=$50,000",White,Not Donated,0,1,1,1,2,1,5
334,Age<=29,Female,Undergraduate,Single,"$50,000<Income<=$100,000",Asian,Donated,45,1,1,1,1,2,1
335,40<=Age<=49,Male,Graduate,Married,"Income<=$50,000",White,Not Donated,0,3,2,2,2,1,5
336,40<=Age<=49,Female,Undergraduate,Single,"Income>$100,000",Asian,Donated,125,3,1,1,1,3,1
337,Age<=29,Female,Undergraduate,Married,"$50,000<Income<=$100,000",White,Donated,65,1,1,1,2,2,5
338,40<=Age<=49,Female,Undergraduate,Single,"$50,000<Income<=$100,000",White,Not Donated,0,3,1,1,1,2,5
339,Age<=29,Female,Undergraduate,Married,"Income<=$50,000",White,Not Donated,0,1,1,1,2,1,5
340,Age<=29,Male,Undergraduate,Married,"$50,000<Income<=$100,000",Hispanic,Not Donated,0,1,2,1,2,2,3
341,30<=Age<=39,Female,Undergraduate,Single,"$50,000<Income<=$100,000",White,Donated,60,2,1,1,1,2,5
342,Age>=50,Male,Undergraduate,Single,"$50,000<Income<=$100,000",White,Not Donated,0,4,2,1,1,2,5
343,Age>=50,Male,Undergraduate,Single,"Income<=$50,000",White,Not Donated,0,4,2,1,1,1,5
344,Age<=29,Female,Undergraduate,Single,"$50,000<Income<=$100,000",Black,Donated,45,1,1,1,1,2,2
345,Age<=29,Male,Undergraduate,Married,"Income<=$50,000",Hispanic,Donated,55,1,2,1,2,1,3
346,40<=Age<=49,Female,Undergraduate,Single,"$50,000<Income<=$100,000",White,Not Donated,0,3,1,1,1,2,5
347,Age>=50,Female,Undergraduate,Single,"$50,000<Income<=$100,000",Hispanic,Not Donated,0,4,1,1,1,2,3
348,40<=Age<=49,Male,Undergraduate,Married,"Income>$100,000",Asian,Not Donated,0,3,2,1,2,3,1
349,30<=Age<=39,Female,Undergraduate,Single,"Income<=$50,000",Asian,Not Donated,0,2,1,1,1,1,1
350,Age>=50,Female,Graduate,Single,"Income<=$50,000",White,Not Donated,0,4,1,2,1,1,5
351,Age>=50,Male,Undergraduate,Single,"Income>$100,000",White,Not Donated,0,4,2,1,1,3,5
352,Age>=50,Female,Graduate,Single,"Income>$100,000",Asian,Donated,155,4,1,2,1,3,1
353,30<=Age<=39,Male,Graduate,Married,"$50,000<Income<=$100,000",White,Donated,80,2,2,2,2,2,5
354,Age<=29,Male,Graduate,Married,"$50,000<Income<=$100,000",Hispanic,Not Donated,0,1,2,2,2,2,3
355,Age>=50,Male,Undergraduate,Married,"$50,000<Income<=$100,000",White,Donated,115,4,2,1,2,2,5
356,Age<=29,Male,Undergraduate,Married,"Income<=$50,000",Black,Donated,40,1,2,1,2,1,2
357,Age>=50,Male,Undergraduate,Married,"Income>$100,000",White,Not Donated,0,4,2,1,2,3,5
358,30<=Age<=39,Male,Undergraduate,Married,"$50,000<Income<=$100,000",Hispanic,Not Donated,0,2,2,1,2,2,3
359,Age<=29,Female,Undergraduate,Married,"Income<=$50,000",Hispanic,Not Donated,0,1,1,1,2,1,3
360,30<=Age<=39,Male,Undergraduate,Married,"$50,000<Income<=$100,000",Asian,Donated,90,2,2,1,2,2,1
361,Age<=29,Female,Undergraduate,Single,"Income>$100,000",Hispanic,Donated,80,1,1,1,1,3,3
362,Age>=50,Male,Undergraduate,Married,"Income<=$50,000",White,Not Donated,0,4,2,1,2,1,5
363,Age<=29,Male,Undergraduate,Single,"Income<=$50,000",Hispanic,Not Donated,0,1,2,1,1,1,3
364,Age>=50,Male,Undergraduate,Married,"Income>$100,000",White,Not Donated,0,4,2,1,2,3,5
365,Age<=29,Male,Undergraduate,Single,"Income<=$50,000",White,Donated,35,1,2,1,1,1,5
366,Age<=29,Male,Undergraduate,Single,"$50,000<Income<=$100,000",White,Donated,70,1,2,1,1,2,5
367,40<=Age<=49,Male,Undergraduate,Married,"Income>$100,000",White,Donated,140,3,2,1,2,3,5
368,40<=Age<=49,Female,Undergraduate,Married,"Income<=$50,000",Black,Not Donated,0,3,1,1,2,1,2
369,40<=Age<=49,Female,Undergraduate,Single,"$50,000<Income<=$100,000",White,Not Donated,0,3,1,1,1,2,5
370,30<=Age<=39,Female,Undergraduate,Married,"$50,000<Income<=$100,000",White,Donated,60,2,1,1,2,2,5
371,40<=Age<=49,Male,Undergraduate,Married,"Income<=$50,000",White,Not Donated,0,3,2,1,2,1,5
372,Age>=50,Male,Undergraduate,Married,"$50,000<Income<=$100,000",Asian,Donated,115,4,2,1,2,2,1
373,40<=Age<=49,Female,Undergraduate,Married,"$50,000<Income<=$100,000",Other,Not Donated,0,3,1,1,2,2,4
374,40<=Age<=49,Male,Undergraduate,Single,"Income<=$50,000",Hispanic,Not Donated,0,3,2,1,1,1,3
375,Age>=50,Female,Undergraduate,Single,"$50,000<Income<=$100,000",White,Donated,115,4,1,1,1,2,5
376,Age<=29,Male,Undergraduate,Single,"Income<=$50,000",White,Not Donated,0,1,2,1,1,1,5
377,Age>=50,Male,Undergraduate,Single,"Income<=$50,000",White,Not Donated,0,4,2,1,1,1,5
378,30<=Age<=39,Male,Undergraduate,Married,"Income<=$50,000",White,Not Donated,0,2,2,1,2,1,5
379,Age<=29,Male,Undergraduate,Married,"Income<=$50,000",Black,Not Donated,0,1,2,1,2,1,2
380,40<=Age<=49,Male,Undergraduate,Single,"Income<=$50,000",White,Not Donated,0,3,2,1,1,1,5
381,Age<=29,Female,Undergraduate,Married,"Income<=$50,000",White,Donated,30,1,1,1,2,1,5
382,Age<=29,Female,Undergraduate,Married,"Income>$100,000",White,Not Donated,0,1,1,1,2,3,5
383,Age<=29,Male,Undergraduate,Married,"$50,000<Income<=$100,000",Other,Not Donated,0,1,2,1,2,2,4
384,30<=Age<=39,Male,Undergraduate,Single,"$50,000<Income<=$100,000",White,Donated,75,2,2,1,1,2,5
385,30<=Age<=39,Female,Undergraduate,Single,"Income<=$50,000",White,Donated,40,2,1,1,1,1,5
386,30<=Age<=39,Male,Graduate,Married,"Income<=$50,000",White,Not Donated,0,2,2,2,2,1,5
387,40<=Age<=49,Male,Undergraduate,Single,"Income<=$50,000",White,Not Donated,0,3,2,1,1,1,5
388,40<=Age<=49,Male,Undergraduate,Married,"Income<=$50,000",White,Not Donated,0,3,2,1,2,1,5
389,30<=Age<=39,Male,Undergraduate,Single,"Income<=$50,000",Hispanic,Donated,60,2,2,1,1,1,3
390,Age<=29,Male,Undergraduate,Single,"Income>$100,000",White,Not Donated,0,1,2,1,1,3,5
391,30<=Age<=39,Female,Undergraduate,Single,"$50,000<Income<=$100,000",White,Not Donated,0,2,1,1,1,2,5
392,Age<=29,Male,Undergraduate,Single,"Income<=$50,000",Hispanic,Not Donated,0,1,2,1,1,1,3
393,Age<=29,Female,Undergraduate,Married,"$50,000<Income<=$100,000",White,Not Donated,0,1,1,1,2,2,5
394,Age<=29,Male,Undergraduate,Married,"$50,000<Income<=$100,000",Black,Not Donated,0,1,2,1,2,2,2
395,Age<=29,Female,Undergraduate,Single,"$50,000<Income<=$100,000",White,Not Donated,0,1,1,1,1,2,5
396,40<=Age<=49,Male,Undergraduate,Single,"Income<=$50,000",Hispanic,Not Donated,0,3,2,1,1,1,3
397,Age<=29,Male,Undergraduate,Married,"Income<=$50,000",White,Not Donated,0,1,2,1,2,1,5
398,Age<=29,Male,Undergraduate,Single,"Income<=$50,000",White,Not Donated,0,1,2,1,1,1,5
399,Age<=29,Male,Undergraduate,Married,"$50,000<Income<=$100,000",White,Not Donated,0,1,2,1,2,2,5
400,30<=Age<=39,Male,Undergraduate,Single,"$50,000<Income<=$100,000",White,Not Donated,0,2,2,1,1,2,5
401,40<=Age<=49,Female,Undergraduate,Single,"Income<=$50,000",White,Not Donated,0,3,1,1,1,1,5
402,Age<=29,Male,Undergraduate,Single,"$50,000<Income<=$100,000",White,Donated,60,1,2,1,1,2,5
403,40<=Age<=49,Female,Undergraduate,Single,"Income<=$50,000",Hispanic,Not Donated,0,3,1,1,1,1,3
404,Age<=29,Male,Undergraduate,Single,"$50,000<Income<=$100,000",White,Not Donated,0,1,2,1,1,2,5
405,30<=Age<=39,Female,Undergraduate,Married,"Income<=$50,000",Hispanic,Not Donated,0,2,1,1,2,1,3
406,40<=Age<=49,Female,Undergraduate,Married,"Income<=$50,000",White,Donated,85,3,1,1,2,1,5
407,30<=Age<=39,Female,Undergraduate,Married,"$50,000<Income<=$100,000",Other,Not Donated,0,2,1,1,2,2,4
408,Age<=29,Female,Undergraduate,Single,"Income<=$50,000",White,Not Donated,0,1,1,1,1,1,5
409,Age<=29,Male,Undergraduate,Married,"$50,000<Income<=$100,000",Hispanic,Not Donated,0,1,2,1,2,2,3
410,40<=Age<=49,Female,Undergraduate,Married,"Income>$100,000",Asian,Not Donated,0,3,1,1,2,3,1
411,30<=Age<=39,Male,Undergraduate,Single,"Income<=$50,000",White,Not Donated,0,2,2,1,1,1,5
412,Age<=29,Male,Undergraduate,Single,"Income<=$50,000",Hispanic,Donated,20,1,2,1,1,1,3
413,Age<=29,Female,Undergraduate,Single,"Income<=$50,000",White,Not Donated,0,1,1,1,1,1,5
414,Age<=29,Male,Graduate,Married,"Income>$100,000",Hispanic,Not Donated,0,1,2,2,2,3,3
415,30<=Age<=39,Male,Undergraduate,Married,"Income<=$50,000",Black,Not Donated,0,2,2,1,2,1,2
416,Age>=50,Male,Undergraduate,Married,"Income>$100,000",Black,Donated,135,4,2,1,2,3,2
417,30<=Age<=39,Female,Graduate,Married,"Income<=$50,000",Other,Donated,75,2,1,2,2,1,4
418,40<=Age<=49,Female,Undergraduate,Married,"Income<=$50,000",White,Not Donated,0,3,1,1,2,1,5
419,40<=Age<=49,Female,Undergraduate,Single,"$50,000<Income<=$100,000",White,Not Donated,0,3,1,1,1,2,5
420,Age<=29,Male,Undergraduate,Single,"Income>$100,000",Asian,Not Donated,0,1,2,1,1,3,1
421,Age<=29,Female,Undergraduate,Married,"$50,000<Income<=$100,000",Asian,Donated,75,1,1,1,2,2,1
422,40<=Age<=49,Female,Graduate,Married,"$50,000<Income<=$100,000",White,Not Donated,0,3,1,2,2,2,5
423,Age<=29,Male,Undergraduate,Married,"Income<=$50,000",Hispanic,Not Donated,0,1,2,1,2,1,3
424,30<=Age<=39,Female,Undergraduate,Single,"Income>$100,000",Black,Donated,100,2,1,1,1,3,2
425,30<=Age<=39,Male,Undergraduate,Single,"Income<=$50,000",White,Not Donated,0,2,2,1,1,1,5
426,40<=Age<=49,Male,Undergraduate,Single,"Income>$100,000",Hispanic,Donated,105,3,2,1,1,3,3
427,Age>=50,Female,Undergraduate,Married,"Income<=$50,000",White,Not Donated,0,4,1,1,2,1,5
428,40<=Age<=49,Male,Undergraduate,Single,"Income<=$50,000",White,Not Donated,0,3,2,1,1,1,5
429,Age<=29,Male,Undergraduate,Married,"$50,000<Income<=$100,000",Hispanic,Donated,70,1,2,1,2,2,3
430,Age>=50,Female,Undergraduate,Married,"Income<=$50,000",White,Not Donated,0,4,1,1,2,1,5
431,30<=Age<=39,Female,Undergraduate,Married,"Income>$100,000",White,Not Donated,0,2,1,1,2,3,5
432,40<=Age<=49,Male,Undergraduate,Married,"$50,000<Income<=$100,000",Black,Donated,115,3,2,1,2,2,2
433,Age<=29,Female,Undergraduate,Single,"Income<=$50,000",Black,Not Donated,0,1,1,1,1,1,2
434,30<=Age<=39,Male,Undergraduate,Single,"Income<=$50,000",Other,Not Donated,0,2,2,1,1,1,4
435,30<=Age<=39,Female,Undergraduate,Single,"Income>$100,000",Black,Not Donated,0,2,1,1,1,3,2
436,Age>=50,Male,Undergraduate,Married,"$50,000<Income<=$100,000",White,Not Donated,0,4,2,1,2,2,5
437,30<=Age<=39,Female,Undergraduate,Married,"Income>$100,000",White,Donated,115,2,1,1,2,3,5
438,Age<=29,Male,Undergraduate,Married,"$50,000<Income<=$100,000",White,Donated,50,1,2,1,2,2,5
439,Age<=29,Male,Undergraduate,Married,"Income<=$50,000",Black,Not Donated,0,1,2,1,2,1,2
440,Age<=29,Female,Undergraduate,Single,"$50,000<Income<=$100,000",Hispanic,Not Donated,0,1,1,1,1,2,3
441,Age>=50,Male,Undergraduate,Single,"Income<=$50,000",White,Not Donated,0,4,2,1,1,1,5
442,Age<=29,Female,Undergraduate,Single,"Income<=$50,000",White,Not Donated,0,1,1,1,1,1,5
443,Age<=29,Male,Undergraduate,Married,"$50,000<Income<=$100,000",White,Not Donated,0,1,2,1,2,2,5
444,30<=Age<=39,Female,Undergraduate,Single,"Income<=$50,000",White,Not Donated,0,2,1,1,1,1,5
445,Age<=29,Female,Undergraduate,Single,"Income<=$50,000",White,Donated,25,1,1,1,1,1,5
446,40<=Age<=49,Female,Undergraduate,Single,"Income<=$50,000",White,Not Donated,0,3,1,1,1,1,5
447,40<=Age<=49,Female,Undergraduate,Married,"$50,000<Income<=$100,000",Hispanic,Donated,90,3,1,1,2,2,3
448,40<=Age<=49,Female,Undergraduate,Married,"Income>$100,000",White,Not Donated,0,3,1,1,2,3,5
449,Age<=29,Female,Undergraduate,Married,"$50,000<Income<=$100,000",White,Not Donated,0,1,1,1,2,2,5
450,40<=Age<=49,Female,Undergraduate,Married,"$50,000<Income<=$100,000",Hispanic,Not Donated,0,3,1,1,2,2,3
451,Age<=29,Female,Undergraduate,Married,"Income>$100,000",White,Donated,95,1,1,1,2,3,5
452,Age<=29,Female,Undergraduate,Married,"Income<=$50,000",Hispanic,Donated,30,1,1,1,2,1,3
453,30<=Age<=39,Male,Undergraduate,Married,"Income>$100,000",White,Not Donated,0,2,2,1,2,3,5
454,30<=Age<=39,Female,Undergraduate,Married,"$50,000<Income<=$100,000",White,Donated,75,2,1,1,2,2,5
455,40<=Age<=49,Female,Undergraduate,Single,"Income<=$50,000",Other,Not Donated,0,3,1,1,1,1,4
456,Age<=29,Female,Graduate,Married,"Income<=$50,000",Other,Donated,50,1,1,2,2,1,4
457,Age>=50,Female,Undergraduate,Married,"$50,000<Income<=$100,000",Asian,Donated,100,4,1,1,2,2,1
458,Age<=29,Female,Undergraduate,Single,"$50,000<Income<=$100,000",White,Donated,70,1,1,1,1,2,5
459,30<=Age<=39,Female,Undergraduate,Single,"$50,000<Income<=$100,000",White,Donated,80,2,1,1,1,2,5
460,Age<=29,Female,Undergraduate,Single,"$50,000<Income<=$100,000",Other,Donated,60,1,1,1,1,2,4
461,40<=Age<=49,Male,Undergraduate,Single,"Income<=$50,000",White,Not Donated,0,3,2,1,1,1,5
462,Age<=29,Male,Graduate,Single,"Income<=$50,000",Black,Donated,55,1,2,2,1,1,2
463,Age>=50,Female,Undergraduate,Married,"Income<=$50,000",White,Not Donated,0,4,1,1,2,1,5
464,40<=Age<=49,Female,Graduate,Married,"Income>$100,000",Hispanic,Donated,150,3,1,2,2,3,3
465,Age>=50,Male,Undergraduate,Married,"Income>$100,000",White,Not Donated,0,4,2,1,2,3,5
466,Age>=50,Male,Undergraduate,Married,"Income>$100,000",White,Not Donated,0,4,2,1,2,3,5
467,30<=Age<=39,Male,Undergraduate,Single,"Income<=$50,000",White,Not Donated,0,2,2,1,1,1,5
468,40<=Age<=49,Male,Undergraduate,Married,"Income<=$50,000",White,Not Donated,0,3,2,1,2,1,5
469,30<=Age<=39,Male,Undergraduate,Single,"$50,000<Income<=$100,000",Hispanic,Not Donated,0,2,2,1,1,2,3
470,40<=Age<=49,Male,Undergraduate,Single,"Income<=$50,000",White,Not Donated,0,3,2,1,1,1,5
471,40<=Age<=49,Female,Undergraduate,Married,"Income>$100,000",White,Not Donated,0,3,1,1,2,3,5
472,Age>=50,Male,Undergraduate,Married,"$50,000<Income<=$100,000",Asian,Not Donated,0,4,2,1,2,2,1
473,40<=Age<=49,Female,Undergraduate,Married,"$50,000<Income<=$100,000",Hispanic,Not Donated,0,3,1,1,2,2,3
474,Age<=29,Male,Undergraduate,Single,"Income<=$50,000",White,Not Donated,0,1,2,1,1,1,5
475,Age<=29,Male,Undergraduate,Married,"Income<=$50,000",White,Donated,25,1,2,1,2,1,5
476,30<=Age<=39,Male,Graduate,Single,"Income>$100,000",White,Not Donated,0,2,2,2,1,3,5
477,Age<=29,Male,Undergraduate,Single,"$50,000<Income<=$100,000",Hispanic,Not Donated,0,1,2,1,1,2,3
478,40<=Age<=49,Male,Undergraduate,Married,"$50,000<Income<=$100,000",Asian,Not Donated,0,3,2,1,2,2,1
479,40<=Age<=49,Male,Undergraduate,Single,"Income<=$50,000",White,Not Donated,0,3,2,1,1,1,5
480,30<=Age<=39,Male,Graduate,Single,"Income<=$50,000",White,Not Donated,0,2,2,2,1,1,5
481,40<=Age<=49,Male,Undergraduate,Married,"Income<=$50,000",Hispanic,Not Donated,0,3,2,1,2,1,3
482,30<=Age<=39,Male,Undergraduate,Single,"Income<=$50,000",White,Not Donated,0,2,2,1,1,1,5
483,Age<=29,Female,Undergraduate,Single,"Income>$100,000",Black,Donated,85,1,1,1,1,3,2
484,30<=Age<=39,Male,Graduate,Single,"Income>$100,000",White,Not Donated,0,2,2,2,1,3,5
485,Age>=50,Female,Undergraduate,Married,"Income>$100,000",White,Not Donated,0,4,1,1,2,3,5
486,Age<=29,Female,Undergraduate,Married,"Income<=$50,000",Black,Donated,40,1,1,1,2,1,2
487,Age<=29,Male,Graduate,Married,"$50,000<Income<=$100,000",Hispanic,Not Donated,0,1,2,2,2,2,3
488,Age>=50,Female,Undergraduate,Married,"Income<=$50,000",Black,Not Donated,0,4,1,1,2,1,2
489,30<=Age<=39,Female,Graduate,Single,"Income<=$50,000",Hispanic,Donated,70,2,1,2,1,1,3
490,40<=Age<=49,Female,Undergraduate,Single,"$50,000<Income<=$100,000",White,Donated,80,3,1,1,1,2,5
491,30<=Age<=39,Female,Undergraduate,Married,"Income<=$50,000",Black,Not Donated,0,2,1,1,2,1,2
492,Age<=29,Male,Undergraduate,Married,"Income<=$50,000",White,Not Donated,0,1,2,1,2,1,5
493,Age<=29,Male,Undergraduate,Married,"$50,000<Income<=$100,000",White,Not Donated,0,1,2,1,2,2,5
494,30<=Age<=39,Male,Undergraduate,Married,"Income>$100,000",White,Not Donated,0,2,2,1,2,3,5
495,40<=Age<=49,Male,Graduate,Married,"Income<=$50,000",Black,Donated,95,3,2,2,2,1,2
496,Age<=29,Male,Undergraduate,Single,"$50,000<Income<=$100,000",White,Donated,55,1,2,1,1,2,5
497,Age<=29,Male,Undergraduate,Married,"Income>$100,000",Asian,Donated,100,1,2,1,2,3,1
498,Age<=29,Female,Undergraduate,Married,"$50,000<Income<=$100,000",White,Not Donated,0,1,1,1,2,2,5
499,30<=Age<=39,Female,Undergraduate,Single,"Income<=$50,000",White,Not Donated,0,2,1,1,1,1,5
500,Age>=50,Female,Undergraduate,Married,"$50,000<Income<=$100,000",White,Not Donated,0,4,1,1,2,2,5
501,40<=Age<=49,Female,Undergraduate,Single,"Income<=$50,000",Black,Donated,75,3,1,1,1,1,2
502,30<=Age<=39,Female,Undergraduate,Married,"Income>$100,000",White,Donated,110,2,1,1,2,3,5
503,Age<=29,Male,Undergraduate,Married,"$50,000<Income<=$100,000",Hispanic,Not Donated,0,1,2,1,2,2,3
504,30<=Age<=39,Female,Undergraduate,Single,"Income<=$50,000",Other,Not Donated,0,2,1,1,1,1,4
505,30<=Age<=39,Female,Graduate,Single,"Income<=$50,000",Hispanic,Donated,70,2,1,2,1,1,3
506,Age<=29,Male,Undergraduate,Single,"$50,000<Income<=$100,000",Asian,Not Donated,0,1,2,1,1,2,1
507,30<=Age<=39,Female,Undergraduate,Married,"Income>$100,000",White,Not Donated,0,2,1,1,2,3,5
508,40<=Age<=49,Male,Graduate,Married,"Income>$100,000",Black,Donated,145,3,2,2,2,3,2
509,30<=Age<=39,Female,Undergraduate,Married,"Income>$100,000",Hispanic,Donated,110,2,1,1,2,3,3
510,30<=Age<=39,Female,Undergraduate,Single,"Income<=$50,000",White,Not Donated,0,2,1,1,1,1,5
511,30<=Age<=39,Female,Undergraduate,Married,"Income<=$50,000",Asian,Donated,60,2,1,1,2,1,1
512,Age>=50,Male,Undergraduate,Married,"Income>$100,000",White,Not Donated,0,4,2,1,2,3,5
513,Age>=50,Male,Undergraduate,Married,"Income<=$50,000",White,Not Donated,0,4,2,1,2,1,5
514,30<=Age<=39,Male,Undergraduate,Single,"Income<=$50,000",Asian,Not Donated,0,2,2,1,1,1,1
515,40<=Age<=49,Female,Undergraduate,Married,"Income>$100,000",White,Donated,125,3,1,1,2,3,5
516,30<=Age<=39,Male,Graduate,Single,"$50,000<Income<=$100,000",White,Not Donated,0,2,2,2,1,2,5
517,Age>=50,Female,Undergraduate,Married,"$50,000<Income<=$100,000",White,Not Donated,0,4,1,1,2,2,5
518,30<=Age<=39,Male,Undergraduate,Single,"Income<=$50,000",White,Not Donated,0,2,2,1,1,1,5
519,30<=Age<=39,Female,Undergraduate,Married,"Income>$100,000",White,Not Donated,0,2,1,1,2,3,5
520,Age<=29,Female,Undergraduate,Single,"Income<=$50,000",White,Not Donated,0,1,1,1,1,1,5
521,Age>=50,Male,Undergraduate,Married,"Income>$100,000",Black,Donated,150,4,2,1,2,3,2
522,Age>=50,Male,Undergraduate,Married,"$50,000<Income<=$100,000",Black,Not Donated,0,4,2,1,2,2,2
523,Age<=29,Male,Undergraduate,Married,"$50,000<Income<=$100,000",White,Not Donated,0,1,2,1,2,2,5
524,30<=Age<=39,Male,Undergraduate,Single,"Income<=$50,000",White,Donated,55,2,2,1,1,1,5
525,30<=Age<=39,Male,Undergraduate,Single,"Income<=$50,000",Hispanic,Not Donated,0,2,2,1,1,1,3
526,Age<=29,Male,Undergraduate,Married,"$50,000<Income<=$100,000",White,Not Donated,0,1,2,1,2,2,5
527,30<=Age<=39,Female,Undergraduate,Single,"$50,000<Income<=$100,000",Hispanic,Donated,75,2,1,1,1,2,3
528,Age<=29,Female,Undergraduate,Married,"Income<=$50,000",White,Not Donated,0,1,1,1,2,1,5
529,Age>=50,Female,Undergraduate,Married,"Income<=$50,000",Black,Not Donated,0,4,1,1,2,1,2
530,Age>=50,Female,Undergraduate,Single,"Income<=$50,000",White,Not Donated,0,4,1,1,1,1,5
531,30<=Age<=39,Female,Graduate,Married,"Income<=$50,000",Hispanic,Not Donated,0,2,1,2,2,1,3
532,40<=Age<=49,Male,Undergraduate,Single,"$50,000<Income<=$100,000",Hispanic,Donated,95,3,2,1,1,2,3
533,Age>=50,Female,Undergraduate,Married,"Income>$100,000",White,Donated,145,4,1,1,2,3,5
534,30<=Age<=39,Female,Graduate,Married,"Income<=$50,000",Hispanic,Donated,85,2,1,2,2,1,3
535,Age<=29,Male,Undergraduate,Single,"$50,000<Income<=$100,000",Asian,Donated,55,1,2,1,1,2,1
536,40<=Age<=49,Male,Undergraduate,Single,"Income>$100,000",White,Donated,130,3,2,1,1,3,5
537,Age<=29,Male,Undergraduate,Single,"$50,000<Income<=$100,000",White,Not Donated,0,1,2,1,1,2,5
538,40<=Age<=49,Male,Undergraduate,Single,"Income>$100,000",Black,Donated,115,3,2,1,1,3,2
539,40<=Age<=49,Female,Undergraduate,Married,"Income>$100,000",Hispanic,Not Donated,0,3,1,1,2,3,3
540,40<=Age<=49,Male,Undergraduate,Married,"Income>$100,000",White,Not Donated,0,3,2,1,2,3,5
541,Age<=29,Male,Graduate,Married,"Income<=$50,000",White,Not Donated,0,1,2,2,2,1,5
542,Age>=50,Male,Undergraduate,Married,"Income>$100,000",White,Donated,120,4,2,1,2,3,5
543,40<=Age<=49,Male,Undergraduate,Single,"$50,000<Income<=$100,000",Hispanic,Donated,85,3,2,1,1,2,3
544,30<=Age<=39,Female,Undergraduate,Married,"Income<=$50,000",Black,Donated,50,2,1,1,2,1,2
545,Age>=50,Male,Graduate,Married,"Income>$100,000",White,Donated,165,4,2,2,2,3,5
546,40<=Age<=49,Male,Undergraduate,Married,"Income>$100,000",Hispanic,Donated,140,3,2,1,2,3,3
547,Age<=29,Male,Undergraduate,Married,"Income<=$50,000",Asian,Not Donated,0,1,2,1,2,1,1
548,Age<=29,Female,Undergraduate,Married,"Income<=$50,000",Asian,Donated,30,1,1,1,2,1,1
549,30<=Age<=39,Male,Undergraduate,Married,"$50,000<Income<=$100,000",Hispanic,Donated,70,2,2,1,2,2,3
550,30<=Age<=39,Female,Undergraduate,Married,"Income<=$50,000",White,Not Donated,0,2,1,1,2,1,5
551,Age<=29,Male,Undergraduate,Married,"Income>$100,000",White,Not Donated,0,1,2,1,2,3,5
552,Age<=29,Female,Graduate,Single,"Income<=$50,000",White,Not Donated,0,1,1,2,1,1,5
553,Age<=29,Female,Undergraduate,Married,"Income>$100,000",Asian,Not Donated,0,1,1,1,2,3,1
554,40<=Age<=49,Male,Undergraduate,Single,"Income<=$50,000",Other,Not Donated,0,3,2,1,1,1,4
555,30<=Age<=39,Female,Undergraduate,Married,"Income<=$50,000",White,Not Donated,0,2,1,1,2,1,5
556,40<=Age<=49,Male,Undergraduate,Married,"Income<=$50,000",Black,Not Donated,0,3,2,1,2,1,2
557,30<=Age<=39,Male,Undergraduate,Single,"Income<=$50,000",White,Not Donated,0,2,2,1,1,1,5
558,30<=Age<=39,Female,Undergraduate,Married,"$50,000<Income<=$100,000",Asian,Not Donated,0,2,1,1,2,2,1
559,40<=Age<=49,Male,Undergraduate,Married,"Income<=$50,000",Black,Not Donated,0,3,2,1,2,1,2
560,40<=Age<=49,Female,Undergraduate,Married,"Income<=$50,000",Hispanic,Not Donated,0,3,1,1,2,1,3
561,30<=Age<=39,Male,Undergraduate,Married,"$50,000<Income<=$100,000",Other,Not Donated,0,2,2,1,2,2,4
562,40<=Age<=49,Female,Undergraduate,Single,"$50,000<Income<=$100,000",White,Not Donated,0,3,1,1,1,2,5
563,30<=Age<=39,Female,Undergraduate,Married,"$50,000<Income<=$100,000",Asian,Not Donated,0,2,1,1,2,2,1
564,40<=Age<=49,Male,Undergraduate,Single,"Income<=$50,000",White,Not Donated,0,3,2,1,1,1,5
565,Age<=29,Male,Undergraduate,Single,"Income<=$50,000",White,Donated,20,1,2,1,1,1,5
566,30<=Age<=39,Male,Undergraduate,Married,"Income<=$50,000",White,Not Donated,0,2,2,1,2,1,5
567,40<=Age<=49,Male,Undergraduate,Married,"Income>$100,000",Asian,Not Donated,0,3,2,1,2,3,1
568,Age<=29,Male,Undergraduate,Single,"$50,000<Income<=$100,000",White,Not Donated,0,1,2,1,1,2,5
569,40<=Age<=49,Male,Undergraduate,Single,"Income<=$50,000",Asian,Not Donated,0,3,2,1,1,1,1
570,Age<=29,Female,Undergraduate,Single,"Income>$100,000",White,Not Donated,0,1,1,1,1,3,5
571,Age<=29,Male,Graduate,Single,"$50,000<Income<=$100,000",White,Not Donated,0,1,2,2,1,2,5
572,40<=Age<=49,Female,Undergraduate,Married,"$50,000<Income<=$100,000",White,Not Donated,0,3,1,1,2,2,5
573,30<=Age<=39,Male,Undergraduate,Single,"Income<=$50,000",Hispanic,Donated,45,2,2,1,1,1,3
574,30<=Age<=39,Male,Undergraduate,Single,"Income<=$50,000",Asian,Donated,45,2,2,1,1,1,1
575,Age>=50,Male,Undergraduate,Single,"Income>$100,000",White,Donated,145,4,2,1,1,3,5
576,30<=Age<=39,Female,Undergraduate,Married,"$50,000<Income<=$100,000",Black,Not Donated,0,2,1,1,2,2,2
577,Age<=29,Female,Undergraduate,Married,"Income<=$50,000",White,Not Donated,0,1,1,1,2,1,5
578,Age<=29,Female,Undergraduate,Married,"$50,000<Income<=$100,000",Hispanic,Donated,50,1,1,1,2,2,3
579,40<=Age<=49,Male,Undergraduate,Married,"Income>$100,000",Hispanic,Not Donated,0,3,2,1,2,3,3
580,40<=Age<=49,Male,Undergraduate,Married,"Income>$100,000",White,Not Donated,0,3,2,1,2,3,5
581,Age>=50,Female,Graduate,Single,"Income<=$50,000",Hispanic,Not Donated,0,4,1,2,1,1,3
582,Age<=29,Female,Undergraduate,Married,"Income>$100,000",White,Not Donated,0,1,1,1,2,3,5
583,30<=Age<=39,Male,Undergraduate,Single,"$50,000<Income<=$100,000",White,Donated,65,2,2,1,1,2,5
584,40<=Age<=49,Female,Undergraduate,Married,"$50,000<Income<=$100,000",White,Not Donated,0,3,1,1,2,2,5
585,Age<=29,Male,Undergraduate,Married,"$50,000<Income<=$100,000",White,Not Donated,0,1,2,1,2,2,5
586,Age>=50,Female,Undergraduate,Married,"Income<=$50,000",White,Not Donated,0,4,1,1,2,1,5
587,30<=Age<=39,Male,Undergraduate,Married,"$50,000<Income<=$100,000",Hispanic,Not Donated,0,2,2,1,2,2,3
588,Age>=50,Female,Graduate,Married,"Income<=$50,000",White,Not Donated,0,4,1,2,2,1,5
589,40<=Age<=49,Female,Graduate,Married,"Income<=$50,000",White,Donated,105,3,1,2,2,1,5
590,Age>=50,Male,Graduate,Single,"Income<=$50,000",Black,Not Donated,0,4,2,2,1,1,2
591,40<=Age<=49,Male,Graduate,Single,"Income>$100,000",White,Donated,145,3,2,2,1,3,5
592,40<=Age<=49,Male,Undergraduate,Single,"$50,000<Income<=$100,000",Black,Not Donated,0,3,2,1,1,2,2
593,30<=Age<=39,Male,Undergraduate,Married,"Income<=$50,000",White,Not Donated,0,2,2,1,2,1,5
594,40<=Age<=49,Female,Undergraduate,Married,"Income>$100,000",Asian,Donated,135,3,1,1,2,3,1
595,Age>=50,Female,Undergraduate,Single,"Income>$100,000",White,Donated,145,4,1,1,1,3,5
596,Age<=29,Female,Undergraduate,Married,"$50,000<Income<=$100,000",White,Not Donated,0,1,1,1,2,2,5
597,Age<=29,Male,Undergraduate,Single,"$50,000<Income<=$100,000",Hispanic,Not Donated,0,1,2,1,1,2,3
598,30<=Age<=39,Female,Undergraduate,Single,"$50,000<Income<=$100,000",White,Not Donated,0,2,1,1,1,2,5
599,40<=Age<=49,Male,Undergraduate,Married,"Income>$100,000",White,Not Donated,0,3,2,1,2,3,5
600,40<=Age<=49,Male,Undergraduate,Single,"Income<=$50,000",Asian,Not Donated,0,3,2,1,1,1,1
601,40<=Age<=49,Female,Undergraduate,Married,"$50,000<Income<=$100,000",Hispanic,Not Donated,0,3,1,1,2,2,3
602,Age<=29,Male,Undergraduate,Married,"Income>$100,000",White,Donated,90,1,2,1,2,3,5
603,40<=Age<=49,Male,Undergraduate,Single,"$50,000<Income<=$100,000",White,Donated,85,3,2,1,1,2,5
604,Age<=29,Male,Undergraduate,Married,"$50,000<Income<=$100,000",White,Donated,75,1,2,1,2,2,5
605,40<=Age<=49,Female,Undergraduate,Married,"Income<=$50,000",White,Not Donated,0,3,1,1,2,1,5
606,40<=Age<=49,Male,Undergraduate,Married,"Income>$100,000",White,Not Donated,0,3,2,1,2,3,5
607,40<=Age<=49,Male,Undergraduate,Married,"Income<=$50,000",Hispanic,Not Donated,0,3,2,1,2,1,3
608,Age<=29,Female,Undergraduate,Married,"$50,000<Income<=$100,000",White,Not Donated,0,1,1,1,2,2,5
609,40<=Age<=49,Female,Undergraduate,Single,"Income>$100,000",Hispanic,Donated,150,3,1,1,1,3,3
610,Age>=50,Female,Graduate,Single,"$50,000<Income<=$100,000",White,Not Donated,0,4,1,2,1,2,5
611,30<=Age<=39,Female,Undergraduate,Single,"Income<=$50,000",White,Not Donated,0,2,1,1,1,1,5
612,Age<=29,Female,Undergraduate,Married,"Income<=$50,000",White,Not Donated,0,1,1,1,2,1,5
613,30<=Age<=39,Male,Undergraduate,Married,"$50,000<Income<=$100,000",Other,Not Donated,0,2,2,1,2,2,4
614,Age>=50,Male,Undergraduate,Married,"Income>$100,000",Asian,Not Donated,0,4,2,1,2,3,1
615,40<=Age<=49,Female,Undergraduate,Married,"$50,000<Income<=$100,000",Asian,Not Donated,0,3,1,1,2,2,1
616,Age<=29,Male,Undergraduate,Single,"Income<=$50,000",White,Donated,25,1,2,1,1,1,5
617,40<=Age<=49,Male,Undergraduate,Married,"Income<=$50,000",White,Donated,95,3,2,1,2,1,5
618,40<=Age<=49,Male,Undergraduate,Single,"Income>$100,000",Asian,Not Donated,0,3,2,1,1,3,1
619,Age>=50,Male,Undergraduate,Married,"$50,000<Income<=$100,000",White,Not Donated,0,4,2,1,2,2,5
620,Age>=50,Female,Undergraduate,Married,"Income<=$50,000",Black,Not Donated,0,4,1,1,2,1,2
621,30<=Age<=39,Male,Undergraduate,Married,"Income<=$50,000",Hispanic,Donated,75,2,2,1,2,1,3
622,40<=Age<=49,Female,Undergraduate,Married,"$50,000<Income<=$100,000",White,Donated,90,3,1,1,2,2,5
623,40<=Age<=49,Male,Undergraduate,Married,"$50,000<Income<=$100,000",Hispanic,Not Donated,0,3,2,1,2,2,3
624,Age>=50,Female,Graduate,Married,"$50,000<Income<=$100,000",White,Not Donated,0,4,1,2,2,2,5
625,30<=Age<=39,Female,Undergraduate,Married,"$50,000<Income<=$100,000",White,Not Donated,0,2,1,1,2,2,5
626,Age>=50,Female,Graduate,Married,"Income<=$50,000",White,Not Donated,0,4,1,2,2,1,5
627,40<=Age<=49,Female,Undergraduate,Single,"$50,000<Income<=$100,000",Hispanic,Donated,80,3,1,1,1,2,3
628,40<=Age<=49,Female,Undergraduate,Single,"Income<=$50,000",White,Donated,65,3,1,1,1,1,5
629,30<=Age<=39,Female,Undergraduate,Married,"$50,000<Income<=$100,000",White,Not Donated,0,2,1,1,2,2,5
630,Age<=29,Female,Undergraduate,Married,"Income<=$50,000",White,Donated,30,1,1,1,2,1,5
631,30<=Age<=39,Male,Undergraduate,Single,"Income<=$50,000",Black,Not Donated,0,2,2,1,1,1,2
632,40<=Age<=49,Female,Undergraduate,Single,"Income>$100,000",White,Not Donated,0,3,1,1,1,3,5
633,Age>=50,Female,Graduate,Single,"$50,000<Income<=$100,000",Hispanic,Not Donated,0,4,1,2,1,2,3
634,30<=Age<=39,Female,Undergraduate,Married,"Income<=$50,000",White,Donated,55,2,1,1,2,1,5
635,40<=Age<=49,Male,Undergraduate,Married,"Income>$100,000",Black,Not Donated,0,3,2,1,2,3,2
636,Age<=29,Female,Undergraduate,Single,"$50,000<Income<=$100,000",White,Donated,45,1,1,1,1,2,5
637,40<=Age<=49,Female,Undergraduate,Single,"Income<=$50,000",White,Not Donated,0,3,1,1,1,1,5
638,30<=Age<=39,Male,Graduate,Single,"$50,000<Income<=$100,000",White,Not Donated,0,2,2,2,1,2,5
639,Age>=50,Male,Undergraduate,Single,"$50,000<Income<=$100,000",White,Not Donated,0,4,2,1,1,2,5
640,Age<=29,Male,Undergraduate,Married,"Income<=$50,000",White,Not Donated,0,1,2,1,2,1,5
641,Age<=29,Female,Undergraduate,Single,"Income<=$50,000",White,Not Donated,0,1,1,1,1,1,5
642,Age>=50,Female,Undergraduate,Single,"Income<=$50,000",White,Not Donated,0,4,1,1,1,1,5
643,40<=Age<=49,Female,Undergraduate,Married,"$50,000<Income<=$100,000",Asian,Not Donated,0,3,1,1,2,2,1
644,Age>=50,Male,Undergraduate,Single,"Income<=$50,000",Hispanic,Not Donated,0,4,2,1,1,1,3
645,30<=Age<=39,Male,Undergraduate,Single,"Income>$100,000",White,Not Donated,0,2,2,1,1,3,5
646,Age<=29,Male,Undergraduate,Married,"Income<=$50,000",White,Not Donated,0,1,2,1,2,1,5
647,30<=Age<=39,Female,Undergraduate,Married,"Income<=$50,000",Black,Not Donated,0,2,1,1,2,1,2
648,30<=Age<=39,Male,Undergraduate,Married,"Income<=$50,000",Asian,Not Donated,0,2,2,1,2,1,1
649,Age>=50,Female,Undergraduate,Married,"Income<=$50,000",White,Not Donated,0,4,1,1,2,1,5
650,Age<=29,Male,Undergraduate,Married,"$50,000<Income<=$100,000",White,Not Donated,0,1,2,1,2,2,5
651,Age>=50,Female,Undergraduate,Single,"$50,000<Income<=$100,000",White,Donated,115,4,1,1,1,2,5
652,30<=Age<=39,Female,Undergraduate,Single,"Income<=$50,000",Asian,Not Donated,0,2,1,1,1,1,1
653,Age<=29,Female,Undergraduate,Single,"$50,000<Income<=$100,000",White,Donated,60,1,1,1,1,2,5
654,Age>=50,Female,Undergraduate,Married,"$50,000<Income<=$100,000",Other,Donated,120,4,1,1,2,2,4
655,40<=Age<=49,Female,Graduate,Single,"Income>$100,000",White,Not Donated,0,3,1,2,1,3,5
656,Age<=29,Female,Undergraduate,Married,"Income<=$50,000",White,Not Donated,0,1,1,1,2,1,5
657,30<=Age<=39,Female,Undergraduate,Married,"Income>$100,000",Asian,Not Donated,0,2,1,1,2,3,1
658,Age<=29,Male,Undergraduate,Married,"Income<=$50,000",Black,Donated,35,1,2,1,2,1,2
659,30<=Age<=39,Male,Undergraduate,Married,"$50,000<Income<=$100,000",White,Not Donated,0,2,2,1,2,2,5
660,40<=Age<=49,Male,Undergraduate,Married,"Income>$100,000",White,Donated,125,3,2,1,2,3,5
661,Age>=50,Female,Undergraduate,Single,"Income>$100,000",White,Not Donated,0,4,1,1,1,3,5
662,Age>=50,Female,Graduate,Married,"Income>$100,000",White,Donated,150,4,1,2,2,3,5
663,40<=Age<=49,Male,Undergraduate,Married,"Income>$100,000",White,Not Donated,0,3,2,1,2,3,5
664,40<=Age<=49,Male,Undergraduate,Single,"$50,000<Income<=$100,000",Asian,Not Donated,0,3,2,1,1,2,1
665,30<=Age<=39,Male,Undergraduate,Married,"Income<=$50,000",White,Donated,55,2,2,1,2,1,5
666,Age>=50,Female,Undergraduate,Married,"Income>$100,000",White,Not Donated,0,4,1,1,2,3,5
667,40<=Age<=49,Female,Undergraduate,Single,"Income<=$50,000",Other,Not Donated,0,3,1,1,1,1,4
668,Age<=29,Female,Graduate,Married,"$50,000<Income<=$100,000",White,Donated,85,1,1,2,2,2,5
669,Age<=29,Male,Undergraduate,Married,"$50,000<Income<=$100,000",Other,Not Donated,0,1,2,1,2,2,4
670,30<=Age<=39,Male,Undergraduate,Married,"Income<=$50,000",White,Donated,60,2,2,1,2,1,5
671,30<=Age<=39,Male,Undergraduate,Single,"Income>$100,000",Asian,Donated,115,2,2,1,1,3,1
672,40<=Age<=49,Female,Undergraduate,Single,"Income<=$50,000",Asian,Donated,70,3,1,1,1,1,1
673,40<=Age<=49,Female,Graduate,Married,"Income<=$50,000",White,Donated,95,3,1,2,2,1,5
674,Age<=29,Male,Graduate,Single,"Income>$100,000",Hispanic,Not Donated,0,1,2,2,1,3,3
675,40<=Age<=49,Female,Undergraduate,Married,"Income<=$50,000",Asian,Not Donated,0,3,1,1,2,1,1
676,Age<=29,Male,Undergraduate,Single,"Income<=$50,000",White,Donated,35,1,2,1,1,1,5
677,Age>=50,Female,Undergraduate,Single,"$50,000<Income<=$100,000",Hispanic,Donated,100,4,1,1,1,2,3
678,40<=Age<=49,Female,Undergraduate,Single,"$50,000<Income<=$100,000",White,Not Donated,0,3,1,1,1,2,5
679,30<=Age<=39,Female,Undergraduate,Married,"Income<=$50,000",Black,Not Donated,0,2,1,1,2,1,2
680,40<=Age<=49,Female,Undergraduate,Married,"Income<=$50,000",Black,Not Donated,0,3,1,1,2,1,2
681,30<=Age<=39,Female,Graduate,Single,"Income<=$50,000",Black,Donated,70,2,1,2,1,1,2
682,Age<=29,Male,Undergraduate,Married,"Income>$100,000",White,Donated,80,1,2,1,2,3,5
683,40<=Age<=49,Female,Undergraduate,Married,"$50,000<Income<=$100,000",White,Not Donated,0,3,1,1,2,2,5
684,40<=Age<=49,Female,Undergraduate,Married,"Income>$100,000",White,Donated,125,3,1,1,2,3,5
685,Age>=50,Male,Undergraduate,Married,"Income>$100,000",Black,Not Donated,0,4,2,1,2,3,2
686,40<=Age<=49,Male,Undergraduate,Married,"$50,000<Income<=$100,000",Hispanic,Donated,105,3,2,1,2,2,3
687,Age<=29,Male,Undergraduate,Married,"Income>$100,000",Asian,Not Donated,0,1,2,1,2,3,1
688,30<=Age<=39,Male,Undergraduate,Single,"$50,000<Income<=$100,000",White,Donated,75,2,2,1,1,2,5
689,Age<=29,Female,Undergraduate,Single,"Income<=$50,000",White,Not Donated,0,1,1,1,1,1,5
690,40<=Age<=49,Male,Undergraduate,Married,"Income>$100,000",Other,Not Donated,0,3,2,1,2,3,4
691,Age<=29,Female,Undergraduate,Married,"Income<=$50,000",Asian,Not Donated,0,1,1,1,2,1,1
692,30<=Age<=39,Male,Undergraduate,Married,"Income<=$50,000",White,Not Donated,0,2,2,1,2,1,5
693,40<=Age<=49,Female,Undergraduate,Married,"Income<=$50,000",White,Not Donated,0,3,1,1,2,1,5
694,Age>=50,Female,Undergraduate,Married,"Income<=$50,000",White,Not Donated,0,4,1,1,2,1,5
695,30<=Age<=39,Male,Undergraduate,Married,"$50,000<Income<=$100,000",White,Donated,85,2,2,1,2,2,5
696,30<=Age<=39,Male,Undergraduate,Single,"$50,000<Income<=$100,000",Hispanic,Not Donated,0,2,2,1,1,2,3
697,Age<=29,Male,Undergraduate,Single,"$50,000<Income<=$100,000",White,Not Donated,0,1,2,1,1,2,5
698,30<=Age<=39,Female,Undergraduate,Married,"Income<=$50,000",White,Not Donated,0,2,1,1,2,1,5
699,30<=Age<=39,Male,Undergraduate,Married,"Income<=$50,000",Hispanic,Not Donated,0,2,2,1,2,1,3
700,Age<=29,Male,Graduate,Single,"$50,000<Income<=$100,000",Other,Donated,75,1,2,2,1,2,4
701,Age<=29,Female,Undergraduate,Married,"Income<=$50,000",White,Donated,20,1,1,1,2,1,5
702,40<=Age<=49,Male,Undergraduate,Single,"Income<=$50,000",Black,Not Donated,0,3,2,1,1,1,2
703,30<=Age<=39,Male,Graduate,Married,"Income>$100,000",Black,Not Donated,0,2,2,2,2,3,2
704,40<=Age<=49,Male,Undergraduate,Single,"Income<=$50,000",Black,Donated,65,3,2,1,1,1,2
705,30<=Age<=39,Male,Undergraduate,Married,"Income>$100,000",White,Not Donated,0,2,2,1,2,3,5
706,Age<=29,Male,Undergraduate,Single,"Income<=$50,000",White,Not Donated,0,1,2,1,1,1,5
707,30<=Age<=39,Male,Undergraduate,Married,"Income<=$50,000",White,Not Donated,0,2,2,1,2,1,5
708,30<=Age<=39,Female,Undergraduate,Married,"Income>$100,000",White,Not Donated,0,2,1,1,2,3,5
709,Age<=29,Female,Undergraduate,Single,"$50,000<Income<=$100,000",Black,Donated,45,1,1,1,1,2,2
710,30<=Age<=39,Male,Undergraduate,Married,"Income>$100,000",Hispanic,Donated,110,2,2,1,2,3,3
711,Age<=29,Male,Graduate,Single,"Income<=$50,000",Hispanic,Not Donated,0,1,2,2,1,1,3
712,40<=Age<=49,Female,Undergraduate,Single,"Income>$100,000",White,Not Donated,0,3,1,1,1,3,5
713,Age>=50,Male,Undergraduate,Single,"Income<=$50,000",White,Not Donated,0,4,2,1,1,1,5
714,30<=Age<=39,Male,Undergraduate,Single,"Income<=$50,000",Black,Not Donated,0,2,2,1,1,1,2
715,30<=Age<=39,Female,Undergraduate,Married,"Income>$100,000",White,Donated,120,2,1,1,2,3,5
716,40<=Age<=49,Female,Undergraduate,Single,"Income>$100,000",Hispanic,Not Donated,0,3,1,1,1,3,3
717,Age>=50,Male,Undergraduate,Married,"Income<=$50,000",White,Not Donated,0,4,2,1,2,1,5
718,40<=Age<=49,Female,Undergraduate,Married,"Income<=$50,000",Hispanic,Donated,85,3,1,1,2,1,3
719,40<=Age<=49,Female,Graduate,Single,"Income<=$50,000",White,Not Donated,0,3,1,2,1,1,5
720,30<=Age<=39,Male,Undergraduate,Single,"$50,000<Income<=$100,000",White,Donated,90,2,2,1,1,2,5
721,30<=Age<=39,Male,Undergraduate,Single,"Income>$100,000",White,Donated,100,2,2,1,1,3,5
722,Age<=29,Female,Undergraduate,Single,"$50,000<Income<=$100,000",Asian,Not Donated,0,1,1,1,1,2,1
723,40<=Age<=49,Female,Undergraduate,Single,"$50,000<Income<=$100,000",White,Donated,90,3,1,1,1,2,5
724,Age>=50,Male,Undergraduate,Married,"Income>$100,000",White,Not Donated,0,4,2,1,2,3,5
725,40<=Age<=49,Female,Undergraduate,Married,"$50,000<Income<=$100,000",White,Not Donated,0,3,1,1,2,2,5
726,Age>=50,Male,Undergraduate,Married,"Income<=$50,000",Hispanic,Not Donated,0,4,2,1,2,1,3
727,30<=Age<=39,Male,Undergraduate,Married,"$50,000<Income<=$100,000",Asian,Donated,90,2,2,1,2,2,1
728,30<=Age<=39,Male,Undergraduate,Single,"Income>$100,000",Hispanic,Not Donated,0,2,2,1,1,3,3
729,Age>=50,Female,Undergraduate,Married,"Income<=$50,000",White,Not Donated,0,4,1,1,2,1,5
730,Age<=29,Male,Undergraduate,Married,"$50,000<Income<=$100,000",White,Not Donated,0,1,2,1,2,2,5
731,30<=Age<=39,Male,Undergraduate,Married,"Income<=$50,000",Asian,Not Donated,0,2,2,1,2,1,1
732,Age<=29,Male,Undergraduate,Married,"Income<=$50,000",Black,Donated,55,1,2,1,2,1,2
733,30<=Age<=39,Male,Undergraduate,Married,"Income<=$50,000",White,Not Donated,0,2,2,1,2,1,5
734,30<=Age<=39,Male,Undergraduate,Single,"Income<=$50,000",White,Not Donated,0,2,2,1,1,1,5
735,30<=Age<=39,Female,Undergraduate,Married,"$50,000<Income<=$100,000",White,Not Donated,0,2,1,1,2,2,5
736,30<=Age<=39,Female,Undergraduate,Married,"$50,000<Income<=$100,000",White,Not Donated,0,2,1,1,2,2,5
737,30<=Age<=39,Female,Undergraduate,Single,"$50,000<Income<=$100,000",White,Donated,70,2,1,1,1,2,5
738,40<=Age<=49,Female,Graduate,Married,"$50,000<Income<=$100,000",Hispanic,Donated,110,3,1,2,2,2,3
739,30<=Age<=39,Male,Undergraduate,Married,"Income<=$50,000",White,Not Donated,0,2,2,1,2,1,5
740,Age<=29,Male,Undergraduate,Single,"$50,000<Income<=$100,000",White,Not Donated,0,1,2,1,1,2,5
741,Age>=50,Female,Undergraduate,Single,"$50,000<Income<=$100,000",Black,Donated,105,4,1,1,1,2,2
742,Age<=29,Female,Undergraduate,Single,"Income<=$50,000",White,Donated,15,1,1,1,1,1,5
743,Age<=29,Male,Undergraduate,Married,"Income<=$50,000",Black,Not Donated,0,1,2,1,2,1,2
744,40<=Age<=49,Female,Graduate,Single,"Income<=$50,000",White,Donated,70,3,1,2,1,1,5
745,40<=Age<=49,Male,Undergraduate,Single,"$50,000<Income<=$100,000",White,Donated,90,3,2,1,1,2,5
746,30<=Age<=39,Male,Undergraduate,Single,"Income>$100,000",White,Donated,115,2,2,1,1,3,5
747,30<=Age<=39,Male,Undergraduate,Single,"Income<=$50,000",White,Not Donated,0,2,2,1,1,1,5
748,30<=Age<=39,Female,Graduate,Married,"Income<=$50,000",Other,Donated,90,2,1,2,2,1,4
749,30<=Age<=39,Male,Undergraduate,Married,"Income<=$50,000",White,Donated,65,2,2,1,2,1,5
750,30<=Age<=39,Male,Undergraduate,Single,"Income>$100,000",Other,Not Donated,0,2,2,1,1,3,4
751,30<=Age<=39,Female,Undergraduate,Married,"$50,000<Income<=$100,000",Asian,Donated,75,2,1,1,2,2,1
752,30<=Age<=39,Male,Undergraduate,Single,"Income<=$50,000",Other,Not Donated,0,2,2,1,1,1,4
753,Age<=29,Male,Graduate,Single,"$50,000<Income<=$100,000",Black,Not Donated,0,1,2,2,1,2,2
754,30<=Age<=39,Female,Undergraduate,Married,"$50,000<Income<=$100,000",White,Not Donated,0,2,1,1,2,2,5
755,Age<=29,Female,Undergraduate,Married,"$50,000<Income<=$100,000",White,Donated,65,1,1,1,2,2,5
756,30<=Age<=39,Female,Undergraduate,Married,"$50,000<Income<=$100,000",White,Not Donated,0,2,1,1,2,2,5
757,Age<=29,Male,Undergraduate,Married,"Income<=$50,000",White,Not Donated,0,1,2,1,2,1,5
758,40<=Age<=49,Female,Undergraduate,Single,"Income<=$50,000",Black,Not Donated,0,3,1,1,1,1,2
759,Age<=29,Male,Undergraduate,Married,"Income<=$50,000",Asian,Not Donated,0,1,2,1,2,1,1
760,Age>=50,Female,Undergraduate,Married,"Income<=$50,000",White,Not Donated,0,4,1,1,2,1,5
761,30<=Age<=39,Female,Undergraduate,Single,"$50,000<Income<=$100,000",Hispanic,Not Donated,0,2,1,1,1,2,3
762,Age<=29,Male,Undergraduate,Married,"$50,000<Income<=$100,000",White,Donated,55,1,2,1,2,2,5
763,Age>=50,Male,Undergraduate,Single,"$50,000<Income<=$100,000",White,Not Donated,0,4,2,1,1,2,5
764,Age>=50,Male,Undergraduate,Single,"$50,000<Income<=$100,000",Other,Donated,105,4,2,1,1,2,4
765,40<=Age<=49,Female,Graduate,Married,"Income<=$50,000",White,Not Donated,0,3,1,2,2,1,5
766,40<=Age<=49,Male,Undergraduate,Married,"Income<=$50,000",Asian,Not Donated,0,3,2,1,2,1,1
767,40<=Age<=49,Female,Undergraduate,Single,"Income<=$50,000",White,Not Donated,0,3,1,1,1,1,5
768,30<=Age<=39,Male,Undergraduate,Married,"$50,000<Income<=$100,000",White,Not Donated,0,2,2,1,2,2,5
769,40<=Age<=49,Female,Undergraduate,Single,"Income<=$50,000",White,Not Donated,0,3,1,1,1,1,5
770,30<=Age<=39,Female,Graduate,Single,"Income<=$50,000",White,Donated,55,2,1,2,1,1,5
771,30<=Age<=39,Female,Undergraduate,Married,"$50,000<Income<=$100,000",Asian,Donated,80,2,1,1,2,2,1
772,Age<=29,Female,Undergraduate,Married,"Income<=$50,000",Hispanic,Not Donated,0,1,1,1,2,1,3
773,30<=Age<=39,Male,Undergraduate,Single,"Income<=$50,000",White,Not Donated,0,2,2,1,1,1,5
774,40<=Age<=49,Male,Undergraduate,Married,"$50,000<Income<=$100,000",Hispanic,Not Donated,0,3,2,1,2,2,3
775,30<=Age<=39,Female,Undergraduate,Married,"$50,000<Income<=$100,000",White,Not Donated,0,2,1,1,2,2,5
776,Age>=50,Male,Graduate,Single,"$50,000<Income<=$100,000",White,Donated,120,4,2,2,1,2,5
777,30<=Age<=39,Male,Undergraduate,Single,"Income>$100,000",White,Not Donated,0,2,2,1,1,3,5
778,40<=Age<=49,Male,Undergraduate,Married,"$50,000<Income<=$100,000",Other,Not Donated,0,3,2,1,2,2,4
779,40<=Age<=49,Male,Undergraduate,Married,"Income>$100,000",White,Not Donated,0,3,2,1,2,3,5
780,40<=Age<=49,Male,Undergraduate,Married,"Income<=$50,000",White,Not Donated,0,3,2,1,2,1,5
781,30<=Age<=39,Male,Undergraduate,Married,"$50,000<Income<=$100,000",Hispanic,Donated,80,2,2,1,2,2,3
782,40<=Age<=49,Female,Undergraduate,Married,"Income>$100,000",Hispanic,Donated,150,3,1,1,2,3,3
783,40<=Age<=49,Male,Undergraduate,Married,"$50,000<Income<=$100,000",White,Donated,105,3,2,1,2,2,5
784,Age<=29,Female,Undergraduate,Married,"$50,000<Income<=$100,000",Hispanic,Donated,50,1,1,1,2,2,3
785,30<=Age<=39,Male,Undergraduate,Single,"$50,000<Income<=$100,000",Hispanic,Donated,85,2,2,1,1,2,3
786,30<=Age<=39,Male,Undergraduate,Married,"Income<=$50,000",White,Not Donated,0,2,2,1,2,1,5
787,Age<=29,Female,Undergraduate,Single,"Income>$100,000",White,Not Donated,0,1,1,1,1,3,5
788,30<=Age<=39,Male,Undergraduate,Single,"Income<=$50,000",Asian,Not Donated,0,2,2,1,1,1,1
789,Age<=29,Male,Graduate,Married,"Income<=$50,000",Hispanic,Not Donated,0,1,2,2,2,1,3
790,Age<=29,Female,Graduate,Single,"Income<=$50,000",Hispanic,Donated,45,1,1,2,1,1,3
791,Age<=29,Female,Undergraduate,Married,"Income>$100,000",Hispanic,Donated,110,1,1,1,2,3,3
792,40<=Age<=49,Male,Undergraduate,Married,"$50,000<Income<=$100,000",White,Not Donated,0,3,2,1,2,2,5
793,30<=Age<=39,Male,Undergraduate,Married,"Income<=$50,000",Hispanic,Not Donated,0,2,2,1,2,1,3
794,30<=Age<=39,Female,Undergraduate,Married,"$50,000<Income<=$100,000",Other,Donated,100,2,1,1,2,2,4
795,Age<=29,Male,Undergraduate,Single,"Income<=$50,000",Asian,Not Donated,0,1,2,1,1,1,1
796,Age<=29,Male,Undergraduate,Married,"Income<=$50,000",Asian,Not Donated,0,1,2,1,2,1,1
797,40<=Age<=49,Female,Undergraduate,Married,"$50,000<Income<=$100,000",Other,Not Donated,0,3,1,1,2,2,4
798,40<=Age<=49,Male,Undergraduate,Married,"Income<=$50,000",Hispanic,Not Donated,0,3,2,1,2,1,3
799,30<=Age<=39,Female,Undergraduate,Married,"Income<=$50,000",White,Donated,70,2,1,1,2,1,5
800,Age>=50,Female,Undergraduate,Married,"Income<=$50,000",Hispanic,Not Donated,0,4,1,1,2,1,3
801,40<=Age<=49,Male,Undergraduate,Single,"Income<=$50,000",Black,Not Donated,0,3,2,1,1,1,2
802,30<=Age<=39,Female,Undergraduate,Married,"Income<=$50,000",Black,Not Donated,0,2,1,1,2,1,2
803,Age<=29,Female,Undergraduate,Single,"$50,000<Income<=$100,000",White,Donated,60,1,1,1,1,2,5
804,40<=Age<=49,Female,Undergraduate,Married,"Income<=$50,000",White,Not Donated,0,3,1,1,2,1,5
805,Age<=29,Female,Graduate,Single,"$50,000<Income<=$100,000",Hispanic,Not Donated,0,1,1,2,1,2,3
806,30<=Age<=39,Female,Undergraduate,Single,"Income<=$50,000",White,Not Donated,0,2,1,1,1,1,5
807,30<=Age<=39,Male,Undergraduate,Married,"$50,000<Income<=$100,000",White,Not Donated,0,2,2,1,2,2,5
808,Age<=29,Male,Undergraduate,Married,"Income<=$50,000",White,Not Donated,0,1,2,1,2,1,5
809,Age>=50,Male,Undergraduate,Single,"Income<=$50,000",Asian,Donated,90,4,2,1,1,1,1
810,40<=Age<=49,Male,Undergraduate,Married,"$50,000<Income<=$100,000",White,Donated,90,3,2,1,2,2,5
811,Age<=29,Male,Undergraduate,Married,"Income<=$50,000",Black,Donated,35,1,2,1,2,1,2
812,Age<=29,Female,Undergraduate,Single,"$50,000<Income<=$100,000",Asian,Donated,45,1,1,1,1,2,1
813,40<=Age<=49,Male,Graduate,Married,"Income>$100,000",White,Not Donated,0,3,2,2,2,3,5
814,30<=Age<=39,Female,Undergraduate,Single,"$50,000<Income<=$100,000",Black,Not Donated,0,2,1,1,1,2,2
815,Age<=29,Female,Undergraduate,Single,"Income>$100,000",Asian,Not Donated,0,1,1,1,1,3,1
816,30<=Age<=39,Male,Undergraduate,Single,"Income>$100,000",White,Donated,105,2,2,1,1,3,5
817,Age>=50,Female,Undergraduate,Single,"Income>$100,000",Hispanic,Donated,150,4,1,1,1,3,3
818,Age<=29,Male,Graduate,Single,"Income<=$50,000",White,Not Donated,0,1,2,2,1,1,5
819,Age>=50,Female,Graduate,Married,"$50,000<Income<=$100,000",White,Not Donated,0,4,1,2,2,2,5
820,Age<=29,Male,Undergraduate,Married,"$50,000<Income<=$100,000",White,Not Donated,0,1,2,1,2,2,5
821,30<=Age<=39,Male,Undergraduate,Married,"$50,000<Income<=$100,000",Black,Not Donated,0,2,2,1,2,2,2
822,30<=Age<=39,Male,Undergraduate,Married,"Income>$100,000",Hispanic,Donated,115,2,2,1,2,3,3
823,40<=Age<=49,Male,Undergraduate,Married,"Income<=$50,000",Hispanic,Not Donated,0,3,2,1,2,1,3
824,Age>=50,Male,Undergraduate,Married,"Income<=$50,000",White,Not Donated,0,4,2,1,2,1,5
825,40<=Age<=49,Female,Undergraduate,Single,"Income<=$50,000",Black,Not Donated,0,3,1,1,1,1,2
826,30<=Age<=39,Male,Graduate,Married,"Income<=$50,000",Asian,Not Donated,0,2,2,2,2,1,1
827,Age<=29,Male,Undergraduate,Single,"Income<=$50,000",White,Not Donated,0,1,2,1,1,1,5
828,Age<=29,Female,Undergraduate,Single,"Income<=$50,000",Hispanic,Not Donated,0,1,1,1,1,1,3
829,30<=Age<=39,Female,Undergraduate,Single,"$50,000<Income<=$100,000",Black,Donated,70,2,1,1,1,2,2
830,30<=Age<=39,Male,Undergraduate,Married,"$50,000<Income<=$100,000",White,Not Donated,0,2,2,1,2,2,5
831,Age<=29,Male,Undergraduate,Married,"Income<=$50,000",White,Donated,40,1,2,1,2,1,5
832,30<=Age<=39,Male,Undergraduate,Married,"Income<=$50,000",White,Not Donated,0,2,2,1,2,1,5
833,40<=Age<=49,Female,Undergraduate,Married,"Income>$100,000",White,Donated,110,3,1,1,2,3,5
834,Age<=29,Female,Graduate,Single,"$50,000<Income<=$100,000",White,Not Donated,0,1,1,2,1,2,5
835,30<=Age<=39,Male,Undergraduate,Married,"Income>$100,000",Hispanic,Donated,125,2,2,1,2,3,3
836,30<=Age<=39,Male,Undergraduate,Married,"Income<=$50,000",Other,Donated,65,2,2,1,2,1,4
837,40<=Age<=49,Male,Undergraduate,Single,"Income<=$50,000",White,Not Donated,0,3,2,1,1,1,5
838,Age<=29,Male,Undergraduate,Married,"$50,000<Income<=$100,000",White,Donated,55,1,2,1,2,2,5
839,30<=Age<=39,Male,Undergraduate,Married,"Income<=$50,000",White,Not Donated,0,2,2,1,2,1,5
840,40<=Age<=49,Male,Undergraduate,Married,"Income<=$50,000",Black,Not Donated,0,3,2,1,2,1,2
841,30<=Age<=39,Female,Undergraduate,Single,"Income<=$50,000",White,Not Donated,0,2,1,1,1,1,5
842,40<=Age<=49,Male,Undergraduate,Married,"Income<=$50,000",White,Not Donated,0,3,2,1,2,1,5
843,Age<=29,Male,Undergraduate,Single,"Income>$100,000",White,Not Donated,0,1,2,1,1,3,5
844,Age<=29,Female,Undergraduate,Married,"Income<=$50,000",Asian,Donated,60,1,1,1,2,1,1
845,Age<=29,Male,Undergraduate,Single,"Income>$100,000",Other,Not Donated,0,1,2,1,1,3,4
846,40<=Age<=49,Female,Undergraduate,Married,"Income<=$50,000",Asian,Not Donated,0,3,1,1,2,1,1
847,Age<=29,Male,Undergraduate,Single,"Income<=$50,000",White,Donated,20,1,2,1,1,1,5
848,Age<=29,Female,Undergraduate,Married,"Income<=$50,000",White,Donated,30,1,1,1,2,1,5
849,30<=Age<=39,Male,Graduate,Married,"$50,000<Income<=$100,000",Asian,Donated,100,2,2,2,2,2,1
850,40<=Age<=49,Female,Undergraduate,Single,"Income<=$50,000",Hispanic,Not Donated,0,3,1,1,1,1,3
851,Age<=29,Male,Undergraduate,Single,"Income<=$50,000",Black,Not Donated,0,1,2,1,1,1,2
852,30<=Age<=39,Female,Undergraduate,Single,"Income>$100,000",White,Not Donated,0,2,1,1,1,3,5
853,30<=Age<=39,Female,Undergraduate,Married,"Income<=$50,000",White,Not Donated,0,2,1,1,2,1,5
854,30<=Age<=39,Male,Undergraduate,Married,"$50,000<Income<=$100,000",Black,Not Donated,0,2,2,1,2,2,2
855,30<=Age<=39,Female,Undergraduate,Married,"Income>$100,000",Other,Not Donated,0,2,1,1,2,3,4
856,30<=Age<=39,Male,Undergraduate,Married,"Income>$100,000",Hispanic,Not Donated,0,2,2,1,2,3,3
857,40<=Age<=49,Male,Undergraduate,Married,"Income<=$50,000",White,Not Donated,0,3,2,1,2,1,5
858,40<=Age<=49,Female,Graduate,Married,"Income<=$50,000",Hispanic,Not Donated,0,3,1,2,2,1,3
859,Age>=50,Male,Undergraduate,Married,"Income<=$50,000",White,Not Donated,0,4,2,1,2,1,5
860,30<=Age<=39,Female,Undergraduate,Single,"Income<=$50,000",Asian,Not Donated,0,2,1,1,1,1,1
861,30<=Age<=39,Male,Graduate,Married,"Income<=$50,000",White,Donated,75,2,2,2,2,1,5
862,30<=Age<=39,Female,Undergraduate,Married,"$50,000<Income<=$100,000",White,Donated,85,2,1,1,2,2,5
863,40<=Age<=49,Female,Undergraduate,Married,"Income<=$50,000",Black,Donated,90,3,1,1,2,1,2
864,40<=Age<=49,Female,Undergraduate,Married,"Income<=$50,000",White,Not Donated,0,3,1,1,2,1,5
865,40<=Age<=49,Female,Undergraduate,Single,"Income>$100,000",White,Not Donated,0,3,1,1,1,3,5
866,Age<=29,Female,Undergraduate,Married,"$50,000<Income<=$100,000",White,Not Donated,0,1,1,1,2,2,5
867,Age<=29,Male,Undergraduate,Married,"$50,000<Income<=$100,000",Black,Not Donated,0,1,2,1,2,2,2
868,30<=Age<=39,Male,Undergraduate,Married,"Income<=$50,000",Hispanic,Not Donated,0,2,2,1,2,1,3
869,Age<=29,Male,Undergraduate,Married,"Income>$100,000",White,Donated,95,1,2,1,2,3,5
870,Age>=50,Male,Undergraduate,Married,"Income<=$50,000",Hispanic,Not Donated,0,4,2,1,2,1,3
871,40<=Age<=49,Male,Undergraduate,Single,"Income<=$50,000",White,Not Donated,0,3,2,1,1,1,5
872,30<=Age<=39,Male,Undergraduate,Single,"$50,000<Income<=$100,000",White,Donated,75,2,2,1,1,2,5
873,40<=Age<=49,Female,Undergraduate,Married,"Income<=$50,000",White,Not Donated,0,3,1,1,2,1,5
874,30<=Age<=39,Female,Undergraduate,Married,"$50,000<Income<=$100,000",White,Not Donated,0,2,1,1,2,2,5
875,Age<=29,Female,Undergraduate,Married,"Income>$100,000",Black,Donated,110,1,1,1,2,3,2
876,Age>=50,Male,Undergraduate,Married,"Income<=$50,000",White,Not Donated,0,4,2,1,2,1,5
877,Age>=50,Male,Graduate,Married,"Income>$100,000",Hispanic,Not Donated,0,4,2,2,2,3,3
878,Age>=50,Female,Graduate,Married,"$50,000<Income<=$100,000",White,Donated,115,4,1,2,2,2,5
879,30<=Age<=39,Female,Undergraduate,Married,"$50,000<Income<=$100,000",White,Not Donated,0,2,1,1,2,2,5
880,40<=Age<=49,Male,Undergraduate,Single,"$50,000<Income<=$100,000",Asian,Donated,80,3,2,1,1,2,1
881,30<=Age<=39,Male,Undergraduate,Married,"Income<=$50,000",Black,Not Donated,0,2,2,1,2,1,2
882,30<=Age<=39,Male,Undergraduate,Married,"Income<=$50,000",Hispanic,Donated,65,2,2,1,2,1,3
883,30<=Age<=39,Male,Undergraduate,Married,"Income<=$50,000",Black,Not Donated,0,2,2,1,2,1,2
884,30<=Age<=39,Male,Graduate,Married,"Income>$100,000",White,Donated,140,2,2,2,2,3,5
885,40<=Age<=49,Male,Undergraduate,Married,"Income<=$50,000",Black,Not Donated,0,3,2,1,2,1,2
886,30<=Age<=39,Female,Undergraduate,Single,"$50,000<Income<=$100,000",White,Not Donated,0,2,1,1,1,2,5
887,40<=Age<=49,Male,Undergraduate,Married,"Income>$100,000",White,Not Donated,0,3,2,1,2,3,5
888,30<=Age<=39,Male,Graduate,Single,"Income>$100,000",Hispanic,Donated,115,2,2,2,1,3,3
889,30<=Age<=39,Male,Undergraduate,Married,"Income<=$50,000",Other,Not Donated,0,2,2,1,2,1,4
890,Age>=50,Female,Undergraduate,Single,"Income>$100,000",White,Donated,170,4,1,1,1,3,5
891,Age<=29,Male,Undergraduate,Married,"Income>$100,000",Black,Not Donated,0,1,2,1,2,3,2
892,40<=Age<=49,Male,Undergraduate,Single,"$50,000<Income<=$100,000",White,Donated,85,3,2,1,1,2,5
893,30<=Age<=39,Male,Undergraduate,Married,"Income>$100,000",Hispanic,Donated,105,2,2,1,2,3,3
894,Age<=29,Female,Undergraduate,Single,"Income<=$50,000",White,Donated,40,1,1,1,1,1,5
895,30<=Age<=39,Female,Undergraduate,Single,"$50,000<Income<=$100,000",White,Not Donated,0,2,1,1,1,2,5
896,Age<=29,Female,Undergraduate,Single,"Income<=$50,000",Hispanic,Not Donated,0,1,1,1,1,1,3
897,30<=Age<=39,Male,Undergraduate,Single,"$50,000<Income<=$100,000",Other,Donated,70,2,2,1,1,2,4
898,Age>=50,Male,Undergraduate,Married,"$50,000<Income<=$100,000",White,Not Donated,0,4,2,1,2,2,5
899,Age<=29,Female,Undergraduate,Married,"Income<=$50,000",Asian,Not Donated,0,1,1,1,2,1,1
900,40<=Age<=49,Male,Undergraduate,Married,"Income>$100,000",White,Donated,140,3,2,1,2,3,5
901,30<=Age<=39,Female,Undergraduate,Single,"$50,000<Income<=$100,000",White,Not Donated,0,2,1,1,1,2,5
902,40<=Age<=49,Male,Undergraduate,Single,"Income<=$50,000",Other,Donated,90,3,2,1,1,1,4
903,40<=Age<=49,Female,Undergraduate,Married,"$50,000<Income<=$100,000",White,Not Donated,0,3,1,1,2,2,5
904,40<=Age<=49,Male,Undergraduate,Single,"Income<=$50,000",Hispanic,Not Donated,0,3,2,1,1,1,3
905,40<=Age<=49,Female,Undergraduate,Married,"Income<=$50,000",White,Not Donated,0,3,1,1,2,1,5
906,Age<=29,Female,Undergraduate,Single,"Income<=$50,000",White,Not Donated,0,1,1,1,1,1,5
907,Age>=50,Female,Undergraduate,Married,"Income<=$50,000",White,Not Donated,0,4,1,1,2,1,5
908,40<=Age<=49,Female,Graduate,Married,"$50,000<Income<=$100,000",White,Not Donated,0,3,1,2,2,2,5
909,40<=Age<=49,Male,Undergraduate,Married,"Income>$100,000",Black,Donated,140,3,2,1,2,3,2
910,Age>=50,Male,Undergraduate,Single,"Income<=$50,000",White,Donated,85,4,2,1,1,1,5
911,40<=Age<=49,Male,Undergraduate,Married,"$50,000<Income<=$100,000",White,Not Donated,0,3,2,1,2,2,5
912,30<=Age<=39,Male,Undergraduate,Married,"Income>$100,000",White,Not Donated,0,2,2,1,2,3,5
913,Age<=29,Male,Undergraduate,Married,"Income<=$50,000",White,Not Donated,0,1,2,1,2,1,5
914,40<=Age<=49,Female,Undergraduate,Married,"Income<=$50,000",Asian,Not Donated,0,3,1,1,2,1,1
915,Age>=50,Male,Undergraduate,Single,"$50,000<Income<=$100,000",White,Donated,120,4,2,1,1,2,5
916,40<=Age<=49,Female,Graduate,Single,"Income<=$50,000",White,Not Donated,0,3,1,2,1,1,5
917,Age<=29,Female,Undergraduate,Single,"$50,000<Income<=$100,000",White,Donated,35,1,1,1,1,2,5
918,40<=Age<=49,Female,Undergraduate,Married,"Income<=$50,000",Hispanic,Donated,100,3,1,1,2,1,3
919,30<=Age<=39,Male,Undergraduate,Single,"Income<=$50,000",White,Not Donated,0,2,2,1,1,1,5
920,30<=Age<=39,Male,Undergraduate,Married,"$50,000<Income<=$100,000",White,Not Donated,0,2,2,1,2,2,5
921,30<=Age<=39,Male,Undergraduate,Married,"Income<=$50,000",White,Donated,50,2,2,1,2,1,5
922,30<=Age<=39,Male,Graduate,Married,"Income>$100,000",Black,Donated,130,2,2,2,2,3,2
923,Age<=29,Male,Undergraduate,Married,"Income>$100,000",White,Not Donated,0,1,2,1,2,3,5
924,Age>=50,Male,Undergraduate,Married,"Income<=$50,000",Hispanic,Not Donated,0,4,2,1,2,1,3
925,Age>=50,Female,Graduate,Single,"$50,000<Income<=$100,000",White,Not Donated,0,4,1,2,1,2,5
926,30<=Age<=39,Male,Undergraduate,Single,"Income<=$50,000",White,Not Donated,0,2,2,1,1,1,5
927,Age>=50,Female,Undergraduate,Single,"Income<=$50,000",Hispanic,Not Donated,0,4,1,1,1,1,3
928,40<=Age<=49,Male,Undergraduate,Married,"Income<=$50,000",White,Donated,75,3,2,1,2,1,5
929,30<=Age<=39,Male,Graduate,Married,"Income>$100,000",Black,Not Donated,0,2,2,2,2,3,2
930,Age<=29,Male,Graduate,Single,"Income<=$50,000",Hispanic,Donated,45,1,2,2,1,1,3
931,40<=Age<=49,Female,Graduate,Married,"$50,000<Income<=$100,000",Asian,Donated,120,3,1,2,2,2,1
932,30<=Age<=39,Female,Undergraduate,Married,"Income<=$50,000",White,Donated,75,2,1,1,2,1,5
933,Age>=50,Female,Graduate,Married,"Income<=$50,000",Other,Donated,110,4,1,2,2,1,4
934,30<=Age<=39,Female,Undergraduate,Single,"Income<=$50,000",White,Donated,60,2,1,1,1,1,5
935,Age<=29,Female,Undergraduate,Single,"$50,000<Income<=$100,000",White,Not Donated,0,1,1,1,1,2,5
936,30<=Age<=39,Male,Undergraduate,Single,"Income<=$50,000",Asian,Donated,50,2,2,1,1,1,1
937,40<=Age<=49,Female,Undergraduate,Married,"Income<=$50,000",Asian,Donated,85,3,1,1,2,1,1
938,Age<=29,Male,Undergraduate,Married,"Income<=$50,000",Other,Not Donated,0,1,2,1,2,1,4
939,40<=Age<=49,Female,Undergraduate,Single,"Income<=$50,000",Black,Not Donated,0,3,1,1,1,1,2
940,40<=Age<=49,Male,Undergraduate,Single,"$50,000<Income<=$100,000",White,Not Donated,0,3,2,1,1,2,5
941,40<=Age<=49,Male,Undergraduate,Married,"Income<=$50,000",White,Not Donated,0,3,2,1,2,1,5
942,40<=Age<=49,Female,Undergraduate,Married,"Income<=$50,000",Other,Not Donated,0,3,1,1,2,1,4
943,40<=Age<=49,Female,Undergraduate,Single,"$50,000<Income<=$100,000",White,Donated,90,3,1,1,1,2,5
944,Age<=29,Female,Undergraduate,Single,"$50,000<Income<=$100,000",White,Not Donated,0,1,1,1,1,2,5
945,30<=Age<=39,Male,Undergraduate,Married,"Income<=$50,000",White,Not Donated,0,2,2,1,2,1,5
946,40<=Age<=49,Male,Undergraduate,Married,"Income<=$50,000",White,Not Donated,0,3,2,1,2,1,5
947,30<=Age<=39,Female,Undergraduate,Married,"Income>$100,000",White,Not Donated,0,2,1,1,2,3,5
948,40<=Age<=49,Male,Undergraduate,Married,"Income<=$50,000",White,Not Donated,0,3,2,1,2,1,5
949,40<=Age<=49,Female,Undergraduate,Married,"Income<=$50,000",White,Not Donated,0,3,1,1,2,1,5
950,Age>=50,Male,Undergraduate,Married,"Income>$100,000",White,Not Donated,0,4,2,1,2,3,5
951,Age>=50,Female,Graduate,Married,"$50,000<Income<=$100,000",White,Donated,140,4,1,2,2,2,5
952,Age<=29,Male,Undergraduate,Single,"Income<=$50,000",Asian,Not Donated,0,1,2,1,1,1,1
953,Age>=50,Female,Undergraduate,Single,"$50,000<Income<=$100,000",Hispanic,Not Donated,0,4,1,1,1,2,3
954,Age<=29,Male,Undergraduate,Married,"Income>$100,000",White,Not Donated,0,1,2,1,2,3,5
955,30<=Age<=39,Female,Undergraduate,Married,"Income<=$50,000",White,Not Donated,0,2,1,1,2,1,5
956,Age<=29,Female,Graduate,Married,"Income<=$50,000",White,Donated,55,1,1,2,2,1,5
957,30<=Age<=39,Female,Undergraduate,Single,"$50,000<Income<=$100,000",White,Not Donated,0,2,1,1,1,2,5
958,Age<=29,Female,Undergraduate,Married,"$50,000<Income<=$100,000",White,Not Donated,0,1,1,1,2,2,5
959,40<=Age<=49,Male,Undergraduate,Married,"Income<=$50,000",White,Not Donated,0,3,2,1,2,1,5
960,Age<=29,Male,Undergraduate,Single,"$50,000<Income<=$100,000",White,Donated,45,1,2,1,1,2,5
961,Age<=29,Female,Undergraduate,Married,"Income<=$50,000",Asian,Donated,35,1,1,1,2,1,1
962,40<=Age<=49,Male,Undergraduate,Single,"$50,000<Income<=$100,000",White,Donated,90,3,2,1,1,2,5
963,Age<=29,Male,Undergraduate,Married,"$50,000<Income<=$100,000",Black,Donated,60,1,2,1,2,2,2
964,Age<=29,Male,Undergraduate,Single,"Income>$100,000",Asian,Donated,80,1,2,1,1,3,1
965,40<=Age<=49,Male,Undergraduate,Married,"Income>$100,000",White,Not Donated,0,3,2,1,2,3,5
966,Age<=29,Female,Graduate,Single,"$50,000<Income<=$100,000",Other,Donated,90,1,1,2,1,2,4
967,40<=Age<=49,Male,Undergraduate,Single,"$50,000<Income<=$100,000",White,Donated,80,3,2,1,1,2,5
968,30<=Age<=39,Female,Undergraduate,Single,"Income<=$50,000",Black,Not Donated,0,2,1,1,1,1,2
969,40<=Age<=49,Female,Undergraduate,Single,"Income<=$50,000",Hispanic,Donated,70,3,1,1,1,1,3
970,40<=Age<=49,Female,Undergraduate,Married,"Income<=$50,000",White,Not Donated,0,3,1,1,2,1,5
971,Age<=29,Male,Undergraduate,Single,"Income<=$50,000",White,Not Donated,0,1,2,1,1,1,5
972,30<=Age<=39,Female,Undergraduate,Single,"Income>$100,000",Black,Not Donated,0,2,1,1,1,3,2
973,40<=Age<=49,Male,Undergraduate,Married,"Income>$100,000",Black,Not Donated,0,3,2,1,2,3,2
974,Age>=50,Female,Undergraduate,Married,"Income<=$50,000",Other,Not Donated,0,4,1,1,2,1,4
975,Age>=50,Female,Undergraduate,Single,"$50,000<Income<=$100,000",White,Donated,110,4,1,1,1,2,5
976,30<=Age<=39,Female,Undergraduate,Single,"Income<=$50,000",White,Not Donated,0,2,1,1,1,1,5
977,30<=Age<=39,Female,Undergraduate,Married,"$50,000<Income<=$100,000",Asian,Not Donated,0,2,1,1,2,2,1
978,40<=Age<=49,Female,Graduate,Married,"Income<=$50,000",Hispanic,Donated,60,3,1,2,2,1,3
979,30<=Age<=39,Male,Undergraduate,Single,"$50,000<Income<=$100,000",White,Donated,65,2,2,1,1,2,5
980,30<=Age<=39,Male,Undergraduate,Single,"Income<=$50,000",Black,Donated,45,2,2,1,1,1,2
981,30<=Age<=39,Male,Undergraduate,Single,"$50,000<Income<=$100,000",White,Donated,70,2,2,1,1,2,5
982,Age<=29,Male,Undergraduate,Single,"Income<=$50,000",Hispanic,Donated,15,1,2,1,1,1,3
983,Age<=29,Female,Undergraduate,Married,"Income<=$50,000",Hispanic,Not Donated,0,1,1,1,2,1,3
984,Age<=29,Female,Graduate,Married,"Income<=$50,000",Black,Not Donated,0,1,1,2,2,1,2
985,Age>=50,Female,Undergraduate,Married,"$50,000<Income<=$100,000",White,Not Donated,0,4,1,1,2,2,5
986,Age<=29,Male,Undergraduate,Married,"Income<=$50,000",Black,Not Donated,0,1,2,1,2,1,2
987,Age<=29,Female,Graduate,Married,"Income<=$50,000",Hispanic,Donated,25,1,1,2,2,1,3
988,40<=Age<=49,Female,Undergraduate,Single,"Income<=$50,000",Other,Donated,70,3,1,1,1,1,4
989,30<=Age<=39,Female,Graduate,Single,"$50,000<Income<=$100,000",Asian,Donated,100,2,1,2,1,2,1
990,30<=Age<=39,Male,Undergraduate,Single,"Income<=$50,000",Black,Not Donated,0,2,2,1,1,1,2
991,30<=Age<=39,Male,Undergraduate,Married,"Income<=$50,000",Hispanic,Donated,75,2,2,1,2,1,3
992,30<=Age<=39,Male,Undergraduate,Married,"Income<=$50,000",White,Donated,70,2,2,1,2,1,5
993,Age<=29,Female,Undergraduate,Married,"Income<=$50,000",White,Donated,30,1,1,1,2,1,5
994,Age<=29,Male,Undergraduate,Married,"$50,000<Income<=$100,000",White,Not Donated,0,1,2,1,2,2,5
995,Age>=50,Male,Undergraduate,Married,"Income<=$50,000",White,Not Donated,0,4,2,1,2,1,5
996,Age<=29,Female,Undergraduate,Married,"Income>$100,000",White,Not Donated,0,1,1,1,2,3,5
997,40<=Age<=49,Male,Undergraduate,Married,"$50,000<Income<=$100,000",Hispanic,Not Donated,0,3,2,1,2,2,3
998,30<=Age<=39,Female,Undergraduate,Married,"$50,000<Income<=$100,000",White,Not Donated,0,2,1,1,2,2,5
999,40<=Age<=49,Female,Graduate,Single,"$50,000<Income<=$100,000",White,Donated,105,3,1,2,1,2,5
1000,30<=Age<=39,Female,Undergraduate,Married,"Income<=$50,000",Black,Not Donated,0,2,1,1,2,1,2
1001,Age<=29,Male,Undergraduate,Single,"Income>$100,000",White,Donated,70,1,2,1,1,3,5
1002,Age<=29,Male,Graduate,Single,"$50,000<Income<=$100,000",White,Donated,80,1,2,2,1,2,5
1003,30<=Age<=39,Male,Undergraduate,Married,"Income<=$50,000",White,Not Donated,0,2,2,1,2,1,5
1004,Age<=29,Female,Undergraduate,Married,"Income>$100,000",Asian,Not Donated,0,1,1,1,2,3,1
1005,Age<=29,Male,Undergraduate,Married,"Income>$100,000",Black,Donated,110,1,2,1,2,3,2
1006,Age<=29,Male,Graduate,Single,"Income<=$50,000",White,Not Donated,0,1,2,2,1,1,5
1007,40<=Age<=49,Male,Undergraduate,Married,"Income<=$50,000",Other,Not Donated,0,3,2,1,2,1,4
1008,30<=Age<=39,Female,Undergraduate,Married,"Income<=$50,000",White,Not Donated,0,2,1,1,2,1,5
1009,Age>=50,Female,Undergraduate,Married,"Income<=$50,000",White,Donated,95,4,1,1,2,1,5
1010,Age<=29,Male,Undergraduate,Married,"Income<=$50,000",White,Not Donated,0,1,2,1,2,1,5
1011,Age<=29,Female,Undergraduate,Married,"$50,000<Income<=$100,000",White,Not Donated,0,1,1,1,2,2,5
1012,30<=Age<=39,Female,Undergraduate,Single,"Income<=$50,000",White,Not Donated,0,2,1,1,1,1,5
1013,Age>=50,Male,Undergraduate,Married,"Income<=$50,000",White,Not Donated,0,4,2,1,2,1,5
1014,Age<=29,Female,Graduate,Married,"Income<=$50,000",Other,Donated,40,1,1,2,2,1,4
1015,Age<=29,Male,Undergraduate,Married,"Income<=$50,000",White,Not Donated,0,1,2,1,2,1,5
1016,Age>=50,Male,Undergraduate,Single,"Income<=$50,000",Asian,Not Donated,0,4,2,1,1,1,1
1017,40<=Age<=49,Female,Undergraduate,Single,"$50,000<Income<=$100,000",Black,Donated,100,3,1,1,1,2,2
1018,40<=Age<=49,Female,Undergraduate,Single,"Income>$100,000",White,Not Donated,0,3,1,1,1,3,5
1019,Age<=29,Female,Graduate,Married,"$50,000<Income<=$100,000",White,Donated,55,1,1,2,2,2,5
1020,40<=Age<=49,Male,Graduate,Married,"Income<=$50,000",Black,Not Donated,0,3,2,2,2,1,2
1021,30<=Age<=39,Female,Undergraduate,Married,"Income<=$50,000",Black,Not Donated,0,2,1,1,2,1,2
1022,40<=Age<=49,Male,Undergraduate,Single,"Income<=$50,000",Asian,Donated,75,3,2,1,1,1,1
1023,40<=Age<=49,Male,Undergraduate,Married,"$50,000<Income<=$100,000",Hispanic,Not Donated,0,3,2,1,2,2,3
1024,40<=Age<=49,Female,Undergraduate,Single,"Income>$100,000",Black,Not Donated,0,3,1,1,1,3,2
1025,30<=Age<=39,Male,Undergraduate,Married,"$50,000<Income<=$100,000",White,Not Donated,0,2,2,1,2,2,5
1026,Age<=29,Female,Undergraduate,Single,"$50,000<Income<=$100,000",Black,Not Donated,0,1,1,1,1,2,2
1027,Age>=50,Male,Undergraduate,Married,"Income<=$50,000",Hispanic,Not Donated,0,4,2,1,2,1,3
1028,30<=Age<=39,Male,Undergraduate,Married,"Income<=$50,000",Other,Donated,65,2,2,1,2,1,4
1029,40<=Age<=49,Male,Undergraduate,Single,"$50,000<Income<=$100,000",Hispanic,Not Donated,0,3,2,1,1,2,3
1030,30<=Age<=39,Male,Undergraduate,Single,"$50,000<Income<=$100,000",Hispanic,Not Donated,0,2,2,1,1,2,3
1031,Age<=29,Female,Undergraduate,Single,"Income<=$50,000",Asian,Not Donated,0,1,1,1,1,1,1
1032,40<=Age<=49,Male,Graduate,Married,"$50,000<Income<=$100,000",Other,Not Donated,0,3,2,2,2,2,4
1033,Age>=50,Male,Undergraduate,Married,"$50,000<Income<=$100,000",Asian,Not Donated,0,4,2,1,2,2,1
1034,Age>=50,Male,Undergraduate,Single,"$50,000<Income<=$100,000",Other,Not Donated,0,4,2,1,1,2,4
1035,40<=Age<=49,Male,Undergraduate,Married,"$50,000<Income<=$100,000",White,Donated,115,3,2,1,2,2,5
1036,Age>=50,Male,Undergraduate,Single,"Income>$100,000",White,Not Donated,0,4,2,1,1,3,5
1037,40<=Age<=49,Female,Graduate,Single,"Income<=$50,000",Black,Not Donated,0,3,1,2,1,1,2
1038,30<=Age<=39,Female,Undergraduate,Married,"Income>$100,000",Hispanic,Not Donated,0,2,1,1,2,3,3
1039,Age>=50,Male,Undergraduate,Single,"Income<=$50,000",White,Not Donated,0,4,2,1,1,1,5
1040,Age<=29,Female,Undergraduate,Married,"$50,000<Income<=$100,000",White,Not Donated,0,1,1,1,2,2,5
1041,Age>=50,Female,Undergraduate,Married,"$50,000<Income<=$100,000",White,Not Donated,0,4,1,1,2,2,5
1042,30<=Age<=39,Female,Graduate,Married,"Income>$100,000",White,Donated,125,2,1,2,2,3,5
1043,30<=Age<=39,Male,Graduate,Married,"$50,000<Income<=$100,000",White,Not Donated,0,2,2,2,2,2,5
1044,Age>=50,Female,Undergraduate,Married,"Income<=$50,000",Asian,Not Donated,0,4,1,1,2,1,1
1045,Age<=29,Male,Undergraduate,Married,"$50,000<Income<=$100,000",White,Not Donated,0,1,2,1,2,2,5
1046,30<=Age<=39,Female,Undergraduate,Single,"Income<=$50,000",Asian,Not Donated,0,2,1,1,1,1,1
1047,40<=Age<=49,Male,Undergraduate,Married,"$50,000<Income<=$100,000",Black,Donated,95,3,2,1,2,2,2
1048,Age<=29,Male,Undergraduate,Married,"Income<=$50,000",White,Not Donated,0,1,2,1,2,1,5
1049,30<=Age<=39,Male,Undergraduate,Married,"Income>$100,000",White,Not Donated,0,2,2,1,2,3,5
1050,40<=Age<=49,Female,Undergraduate,Single,"Income<=$50,000",White,Not Donated,0,3,1,1,1,1,5
1051,Age>=50,Female,Undergraduate,Single,"Income<=$50,000",White,Not Donated,0,4,1,1,1,1,5
1052,Age<=29,Female,Undergraduate,Single,"Income<=$50,000",White,Not Donated,0,1,1,1,1,1,5
1053,Age<=29,Female,Undergraduate,Married,"Income<=$50,000",White,Not Donated,0,1,1,1,2,1,5
1054,30<=Age<=39,Female,Undergraduate,Single,"$50,000<Income<=$100,000",Hispanic,Not Donated,0,2,1,1,1,2,3
1055,30<=Age<=39,Female,Undergraduate,Single,"$50,000<Income<=$100,000",Black,Donated,65,2,1,1,1,2,2
1056,30<=Age<=39,Male,Undergraduate,Single,"$50,000<Income<=$100,000",Black,Donated,75,2,2,1,1,2,2
1057,Age<=29,Female,Graduate,Single,"Income<=$50,000",White,Donated,45,1,1,2,1,1,5
1058,40<=Age<=49,Male,Undergraduate,Married,"Income<=$50,000",White,Donated,90,3,2,1,2,1,5
1059,Age>=50,Female,Undergraduate,Single,"Income<=$50,000",White,Donated,90,4,1,1,1,1,5
1060,Age>=50,Female,Undergraduate,Married,"$50,000<Income<=$100,000",Asian,Not Donated,0,4,1,1,2,2,1
1061,Age>=50,Female,Undergraduate,Single,"Income>$100,000",White,Not Donated,0,4,1,1,1,3,5
1062,40<=Age<=49,Male,Undergraduate,Married,"Income>$100,000",Asian,Not Donated,0,3,2,1,2,3,1
1063,Age>=50,Female,Undergraduate,Married,"$50,000<Income<=$100,000",Other,Not Donated,0,4,1,1,2,2,4
1064,Age<=29,Female,Undergraduate,Single,"Income<=$50,000",White,Donated,40,1,1,1,1,1,5
1065,40<=Age<=49,Female,Undergraduate,Single,"Income>$100,000",Black,Not Donated,0,3,1,1,1,3,2
1066,Age<=29,Female,Undergraduate,Married,"$50,000<Income<=$100,000",White,Not Donated,0,1,1,1,2,2,5
1067,Age<=29,Male,Graduate,Married,"Income<=$50,000",White,Donated,45,1,2,2,2,1,5
1068,40<=Age<=49,Male,Undergraduate,Married,"$50,000<Income<=$100,000",White,Not Donated,0,3,2,1,2,2,5
1069,30<=Age<=39,Male,Undergraduate,Married,"$50,000<Income<=$100,000",White,Not Donated,0,2,2,1,2,2,5
1070,Age>=50,Female,Undergraduate,Single,"$50,000<Income<=$100,000",Asian,Donated,105,4,1,1,1,2,1
1071,30<=Age<=39,Male,Undergraduate,Single,"Income<=$50,000",White,Donated,60,2,2,1,1,1,5
1072,40<=Age<=49,Female,Undergraduate,Single,"Income>$100,000",White,Donated,115,3,1,1,1,3,5
1073,Age<=29,Female,Undergraduate,Married,"$50,000<Income<=$100,000",White,Not Donated,0,1,1,1,2,2,5
1074,40<=Age<=49,Male,Undergraduate,Single,"Income<=$50,000",Black,Not Donated,0,3,2,1,1,1,2
1075,Age>=50,Male,Undergraduate,Married,"$50,000<Income<=$100,000",Black,Not Donated,0,4,2,1,2,2,2
1076,30<=Age<=39,Male,Undergraduate,Single,"Income<=$50,000",Other,Not Donated,0,2,2,1,1,1,4
1077,Age>=50,Male,Undergraduate,Married,"$50,000<Income<=$100,000",White,Not Donated,0,4,2,1,2,2,5
1078,40<=Age<=49,Female,Undergraduate,Single,"Income<=$50,000",White,Not Donated,0,3,1,1,1,1,5
1079,Age<=29,Female,Undergraduate,Single,"$50,000<Income<=$100,000",White,Donated,40,1,1,1,1,2,5
1080,30<=Age<=39,Female,Undergraduate,Married,"Income<=$50,000",White,Donated,50,2,1,1,2,1,5
1081,Age<=29,Female,Undergraduate,Married,"Income<=$50,000",White,Not Donated,0,1,1,1,2,1,5
1082,30<=Age<=39,Male,Undergraduate,Single,"Income<=$50,000",Hispanic,Not Donated,0,2,2,1,1,1,3
1083,30<=Age<=39,Female,Undergraduate,Single,"$50,000<Income<=$100,000",White,Not Donated,0,2,1,1,1,2,5
1084,Age>=50,Male,Undergraduate,Single,"Income>$100,000",White,Donated,130,4,2,1,1,3,5
1085,Age<=29,Male,Undergraduate,Single,"Income<=$50,000",Asian,Donated,25,1,2,1,1,1,1
1086,30<=Age<=39,Male,Undergraduate,Married,"Income<=$50,000",White,Not Donated,0,2,2,1,2,1,5
1087,30<=Age<=39,Male,Undergraduate,Single,"Income<=$50,000",White,Not Donated,0,2,2,1,1,1,5
1088,Age<=29,Male,Undergraduate,Married,"Income<=$50,000",Asian,Not Donated,0,1,2,1,2,1,1
1089,30<=Age<=39,Male,Graduate,Single,"Income<=$50,000",White,Not Donated,0,2,2,2,1,1,5
1090,Age<=29,Female,Undergraduate,Married,"$50,000<Income<=$100,000",Hispanic,Donated,55,1,1,1,2,2,3
1091,40<=Age<=49,Female,Undergraduate,Married,"Income<=$50,000",White,Not Donated,0,3,1,1,2,1,5
1092,Age>=50,Female,Undergraduate,Married,"$50,000<Income<=$100,000",Asian,Not Donated,0,4,1,1,2,2,1
1093,Age<=29,Male,Undergraduate,Married,"$50,000<Income<=$100,000",White,Not Donated,0,1,2,1,2,2,5
1094,Age<=29,Male,Undergraduate,Married,"Income<=$50,000",Asian,Donated,40,1,2,1,2,1,1
1095,Age>=50,Female,Undergraduate,Married,"Income<=$50,000",White,Not Donated,0,4,1,1,2,1,5
1096,40<=Age<=49,Female,Undergraduate,Married,"Income>$100,000",White,Not Donated,0,3,1,1,2,3,5
1097,Age<=29,Female,Undergraduate,Single,"$50,000<Income<=$100,000",Hispanic,Not Donated,0,1,1,1,1,2,3
1098,Age<=29,Male,Undergraduate,Married,"Income<=$50,000",Black,Not Donated,0,1,2,1,2,1,2
1099,30<=Age<=39,Male,Undergraduate,Single,"Income>$100,000",Hispanic,Donated,105,2,2,1,1,3,3
1100,40<=Age<=49,Male,Undergraduate,Single,"$50,000<Income<=$100,000",Asian,Donated,75,3,2,1,1,2,1
1101,Age<=29,Male,Undergraduate,Single,"Income<=$50,000",Asian,Not Donated,0,1,2,1,1,1,1
1102,40<=Age<=49,Female,Undergraduate,Married,"Income<=$50,000",White,Not Donated,0,3,1,1,2,1,5
1103,Age<=29,Female,Undergraduate,Single,"Income>$100,000",Hispanic,Not Donated,0,1,1,1,1,3,3
1104,40<=Age<=49,Female,Undergraduate,Married,"$50,000<Income<=$100,000",White,Donated,100,3,1,1,2,2,5
1105,40<=Age<=49,Female,Undergraduate,Single,"$50,000<Income<=$100,000",White,Not Donated,0,3,1,1,1,2,5
1106,Age<=29,Male,Undergraduate,Married,"Income<=$50,000",White,Donated,35,1,2,1,2,1,5
1107,30<=Age<=39,Female,Graduate,Single,"Income<=$50,000",Hispanic,Not Donated,0,2,1,2,1,1,3
1108,Age<=29,Female,Undergraduate,Married,"Income>$100,000",White,Donated,125,1,1,1,2,3,5
1109,30<=Age<=39,Male,Undergraduate,Married,"$50,000<Income<=$100,000",White,Donated,95,2,2,1,2,2,5
1110,40<=Age<=49,Female,Undergraduate,Single,"$50,000<Income<=$100,000",White,Not Donated,0,3,1,1,1,2,5
1111,30<=Age<=39,Male,Undergraduate,Married,"$50,000<Income<=$100,000",Asian,Donated,80,2,2,1,2,2,1
1112,Age<=29,Male,Undergraduate,Single,"$50,000<Income<=$100,000",White,Not Donated,0,1,2,1,1,2,5
1113,Age>=50,Female,Undergraduate,Single,"$50,000<Income<=$100,000",White,Not Donated,0,4,1,1,1,2,5
1114,40<=Age<=49,Male,Undergraduate,Single,"$50,000<Income<=$100,000",Hispanic,Not Donated,0,3,2,1,1,2,3
1115,Age>=50,Female,Undergraduate,Single,"$50,000<Income<=$100,000",White,Not Donated,0,4,1,1,1,2,5
1116,Age>=50,Female,Undergraduate,Single,"$50,000<Income<=$100,000",White,Donated,130,4,1,1,1,2,5
1117,40<=Age<=49,Female,Undergraduate,Married,"Income>$100,000",Hispanic,Not Donated,0,3,1,1,2,3,3
1118,40<=Age<=49,Female,Undergraduate,Single,"Income<=$50,000",Hispanic,Donated,60,3,1,1,1,1,3
1119,30<=Age<=39,Male,Undergraduate,Married,"Income<=$50,000",Other,Not Donated,0,2,2,1,2,1,4
1120,40<=Age<=49,Female,Undergraduate,Single,"Income<=$50,000",Other,Not Donated,0,3,1,1,1,1,4
1121,Age<=29,Male,Undergraduate,Married,"$50,000<Income<=$100,000",White,Not Donated,0,1,2,1,2,2,5
1122,40<=Age<=49,Male,Undergraduate,Single,"Income<=$50,000",White,Donated,60,3,2,1,1,1,5
1123,40<=Age<=49,Female,Undergraduate,Married,"$50,000<Income<=$100,000",Other,Not Donated,0,3,1,1,2,2,4
1124,Age<=29,Female,Undergraduate,Married,"Income<=$50,000",White,Not Donated,0,1,1,1,2,1,5
1125,Age<=29,Male,Undergraduate,Married,"$50,000<Income<=$100,000",White,Not Donated,0,1,2,1,2,2,5
1126,Age<=29,Male,Undergraduate,Married,"$50,000<Income<=$100,000",Asian,Not Donated,0,1,2,1,2,2,1
1127,40<=Age<=49,Male,Undergraduate,Married,"Income<=$50,000",Hispanic,Not Donated,0,3,2,1,2,1,3
1128,Age>=50,Male,Undergraduate,Married,"Income<=$50,000",Other,Not Donated,0,4,2,1,2,1,4
1129,30<=Age<=39,Male,Undergraduate,Single,"Income<=$50,000",Hispanic,Not Donated,0,2,2,1,1,1,3
1130,30<=Age<=39,Male,Undergraduate,Single,"Income<=$50,000",Hispanic,Not Donated,0,2,2,1,1,1,3
1131,Age>=50,Female,Undergraduate,Single,"$50,000<Income<=$100,000",White,Not Donated,0,4,1,1,1,2,5
1132,30<=Age<=39,Male,Undergraduate,Single,"$50,000<Income<=$100,000",White,Donated,75,2,2,1,1,2,5
1133,Age<=29,Female,Undergraduate,Married,"Income<=$50,000",White,Not Donated,0,1,1,1,2,1,5
1134,Age<=29,Male,Undergraduate,Married,"$50,000<Income<=$100,000",Hispanic,Not Donated,0,1,2,1,2,2,3
1135,40<=Age<=49,Female,Undergraduate,Married,"Income>$100,000",Black,Donated,115,3,1,1,2,3,2
1136,30<=Age<=39,Female,Undergraduate,Married,"Income<=$50,000",Hispanic,Donated,65,2,1,1,2,1,3
1137,40<=Age<=49,Female,Undergraduate,Single,"$50,000<Income<=$100,000",White,Donated,95,3,1,1,1,2,5
1138,Age>=50,Female,Undergraduate,Single,"Income>$100,000",Other,Donated,135,4,1,1,1,3,4
1139,Age>=50,Male,Undergraduate,Married,"$50,000<Income<=$100,000",Hispanic,Not Donated,0,4,2,1,2,2,3
1140,Age<=29,Female,Undergraduate,Married,"Income<=$50,000",White,Not Donated,0,1,1,1,2,1,5
1141,30<=Age<=39,Male,Undergraduate,Married,"Income<=$50,000",Hispanic,Not Donated,0,2,2,1,2,1,3
1142,40<=Age<=49,Male,Undergraduate,Married,"$50,000<Income<=$100,000",White,Not Donated,0,3,2,1,2,2,5
1143,40<=Age<=49,Male,Undergraduate,Single,"Income<=$50,000",White,Donated,85,3,2,1,1,1,5
1144,30<=Age<=39,Female,Undergraduate,Married,"Income<=$50,000",Hispanic,Not Donated,0,2,1,1,2,1,3
1145,40<=Age<=49,Female,Undergraduate,Married,"Income<=$50,000",White,Not Donated,0,3,1,1,2,1,5
1146,40<=Age<=49,Female,Undergraduate,Single,"Income<=$50,000",Asian,Not Donated,0,3,1,1,1,1,1
1147,Age<=29,Male,Undergraduate,Single,"$50,000<Income<=$100,000",White,Donated,55,1,2,1,1,2,5
1148,Age<=29,Female,Undergraduate,Single,"Income>$100,000",White,Donated,65,1,1,1,1,3,5
1149,30<=Age<=39,Female,Undergraduate,Single,"$50,000<Income<=$100,000",White,Donated,65,2,1,1,1,2,5
1150,40<=Age<=49,Female,Undergraduate,Married,"Income<=$50,000",White,Donated,60,3,1,1,2,1,5
1151,30<=Age<=39,Female,Undergraduate,Married,"Income>$100,000",White,Donated,100,2,1,1,2,3,5
1152,Age<=29,Female,Undergraduate,Single,"Income<=$50,000",White,Not Donated,0,1,1,1,1,1,5
1153,Age<=29,Female,Undergraduate,Single,"Income<=$50,000",Black,Donated,40,1,1,1,1,1,2
1154,Age>=50,Male,Undergraduate,Single,"Income<=$50,000",White,Not Donated,0,4,2,1,1,1,5
1155,30<=Age<=39,Female,Undergraduate,Married,"$50,000<Income<=$100,000",White,Not Donated,0,2,1,1,2,2,5
1156,Age<=29,Male,Undergraduate,Married,"$50,000<Income<=$100,000",Hispanic,Not Donated,0,1,2,1,2,2,3
1157,30<=Age<=39,Male,Undergraduate,Single,"Income<=$50,000",White,Not Donated,0,2,2,1,1,1,5
1158,40<=Age<=49,Female,Undergraduate,Married,"Income<=$50,000",Black,Not Donated,0,3,1,1,2,1,2
1159,40<=Age<=49,Female,Undergraduate,Married,"Income<=$50,000",White,Not Donated,0,3,1,1,2,1,5
1160,30<=Age<=39,Female,Undergraduate,Married,"Income<=$50,000",Other,Donated,50,2,1,1,2,1,4
1161,40<=Age<=49,Male,Undergraduate,Married,"$50,000<Income<=$100,000",Black,Not Donated,0,3,2,1,2,2,2
1162,40<=Age<=49,Female,Undergraduate,Married,"Income<=$50,000",Hispanic,Donated,95,3,1,1,2,1,3
1163,30<=Age<=39,Male,Graduate,Married,"$50,000<Income<=$100,000",White,Not Donated,0,2,2,2,2,2,5
1164,40<=Age<=49,Male,Undergraduate,Single,"Income<=$50,000",Black,Not Donated,0,3,2,1,1,1,2
1165,40<=Age<=49,Male,Undergraduate,Single,"$50,000<Income<=$100,000",White,Donated,105,3,2,1,1,2,5
1166,30<=Age<=39,Male,Undergraduate,Single,"Income<=$50,000",Hispanic,Not Donated,0,2,2,1,1,1,3
1167,40<=Age<=49,Male,Undergraduate,Married,"Income<=$50,000",White,Not Donated,0,3,2,1,2,1,5
1168,30<=Age<=39,Female,Undergraduate,Single,"$50,000<Income<=$100,000",White,Not Donated,0,2,1,1,1,2,5
1169,Age>=50,Female,Undergraduate,Single,"Income>$100,000",Hispanic,Donated,120,4,1,1,1,3,3
1170,Age>=50,Male,Undergraduate,Single,"Income>$100,000",White,Not Donated,0,4,2,1,1,3,5
1171,Age<=29,Male,Undergraduate,Single,"$50,000<Income<=$100,000",White,Donated,45,1,2,1,1,2,5
1172,30<=Age<=39,Female,Graduate,Married,"Income<=$50,000",White,Donated,80,2,1,2,2,1,5
1173,Age>=50,Male,Undergraduate,Single,"Income<=$50,000",White,Not Donated,0,4,2,1,1,1,5
1174,30<=Age<=39,Male,Undergraduate,Single,"$50,000<Income<=$100,000",White,Donated,80,2,2,1,1,2,5
1175,Age>=50,Male,Undergraduate,Married,"Income<=$50,000",White,Not Donated,0,4,2,1,2,1,5
1176,30<=Age<=39,Female,Undergraduate,Single,"Income>$100,000",White,Not Donated,0,2,1,1,1,3,5
1177,Age>=50,Male,Undergraduate,Single,"Income<=$50,000",White,Not Donated,0,4,2,1,1,1,5
1178,Age<=29,Female,Undergraduate,Married,"Income>$100,000",White,Donated,95,1,1,1,2,3,5
1179,Age<=29,Male,Undergraduate,Married,"$50,000<Income<=$100,000",Black,Not Donated,0,1,2,1,2,2,2
1180,Age>=50,Male,Graduate,Married,"$50,000<Income<=$100,000",Asian,Not Donated,0,4,2,2,2,2,1
1181,Age>=50,Male,Undergraduate,Married,"Income<=$50,000",White,Not Donated,0,4,2,1,2,1,5
1182,40<=Age<=49,Male,Undergraduate,Married,"Income<=$50,000",White,Not Donated,0,3,2,1,2,1,5
1183,Age>=50,Male,Undergraduate,Married,"Income<=$50,000",White,Not Donated,0,4,2,1,2,1,5
1184,Age<=29,Male,Undergraduate,Single,"Income<=$50,000",White,Not Donated,0,1,2,1,1,1,5
1185,Age>=50,Female,Undergraduate,Single,"Income<=$50,000",Other,Not Donated,0,4,1,1,1,1,4
1186,Age>=50,Female,Undergraduate,Married,"Income<=$50,000",Hispanic,Donated,100,4,1,1,2,1,3
1187,40<=Age<=49,Female,Undergraduate,Married,"Income>$100,000",White,Donated,115,3,1,1,2,3,5
1188,Age>=50,Female,Undergraduate,Married,"$50,000<Income<=$100,000",White,Not Donated,0,4,1,1,2,2,5
1189,30<=Age<=39,Male,Undergraduate,Married,"Income<=$50,000",White,Not Donated,0,2,2,1,2,1,5
1190,40<=Age<=49,Male,Undergraduate,Married,"Income>$100,000",White,Not Donated,0,3,2,1,2,3,5
1191,30<=Age<=39,Female,Undergraduate,Single,"Income>$100,000",White,Not Donated,0,2,1,1,1,3,5
1192,Age<=29,Female,Undergraduate,Married,"$50,000<Income<=$100,000",White,Not Donated,0,1,1,1,2,2,5
1193,40<=Age<=49,Male,Undergraduate,Single,"Income>$100,000",White,Donated,130,3,2,1,1,3,5
1194,Age<=29,Female,Undergraduate,Single,"Income>$100,000",Other,Donated,75,1,1,1,1,3,4
1195,30<=Age<=39,Female,Undergraduate,Married,"Income<=$50,000",White,Donated,60,2,1,1,2,1,5
1196,40<=Age<=49,Female,Undergraduate,Married,"Income<=$50,000",Asian,Not Donated,0,3,1,1,2,1,1
1197,30<=Age<=39,Male,Undergraduate,Married,"Income>$100,000",White,Donated,105,2,2,1,2,3,5
1198,30<=Age<=39,Female,Undergraduate,Married,"$50,000<Income<=$100,000",White,Not Donated,0,2,1,1,2,2,5
1199,30<=Age<=39,Female,Undergraduate,Married,"Income>$100,000",White,Not Donated,0,2,1,1,2,3,5
1200,Age>=50,Female,Undergraduate,Married,"Income>$100,000",Hispanic,Not Donated,0,4,1,1,2,3,3
1201,30<=Age<=39,Male,Undergraduate,Married,"Income<=$50,000",White,Not Donated,0,2,2,1,2,1,5
1202,40<=Age<=49,Male,Undergraduate,Single,"Income<=$50,000",White,Donated,85,3,2,1,1,1,5
1203,Age<=29,Male,Undergraduate,Single,"Income<=$50,000",White,Not Donated,0,1,2,1,1,1,5
1204,40<=Age<=49,Male,Undergraduate,Married,"$50,000<Income<=$100,000",White,Not Donated,0,3,2,1,2,2,5
1205,30<=Age<=39,Female,Undergraduate,Single,"Income<=$50,000",Asian,Not Donated,0,2,1,1,1,1,1
1206,40<=Age<=49,Male,Undergraduate,Single,"$50,000<Income<=$100,000",White,Not Donated,0,3,2,1,1,2,5
1207,Age<=29,Male,Undergraduate,Single,"Income<=$50,000",Black,Donated,20,1,2,1,1,1,2
1208,30<=Age<=39,Male,Undergraduate,Single,"$50,000<Income<=$100,000",White,Donated,65,2,2,1,1,2,5
1209,30<=Age<=39,Male,Undergraduate,Married,"Income<=$50,000",Black,Not Donated,0,2,2,1,2,1,2
1210,30<=Age<=39,Female,Undergraduate,Married,"$50,000<Income<=$100,000",White,Not Donated,0,2,1,1,2,2,5
1211,30<=Age<=39,Male,Undergraduate,Married,"$50,000<Income<=$100,000",Asian,Not Donated,0,2,2,1,2,2,1
1212,Age<=29,Female,Undergraduate,Married,"Income<=$50,000",Hispanic,Donated,30,1,1,1,2,1,3
1213,Age>=50,Female,Undergraduate,Single,"Income<=$50,000",White,Not Donated,0,4,1,1,1,1,5
1214,30<=Age<=39,Female,Undergraduate,Married,"Income<=$50,000",Hispanic,Donated,80,2,1,1,2,1,3
1215,Age<=29,Female,Undergraduate,Married,"$50,000<Income<=$100,000",Hispanic,Donated,50,1,1,1,2,2,3
1216,40<=Age<=49,Male,Undergraduate,Single,"$50,000<Income<=$100,000",White,Not Donated,0,3,2,1,1,2,5
1217,Age<=29,Male,Undergraduate,Married,"$50,000<Income<=$100,000",White,Donated,50,1,2,1,2,2,5
1218,Age<=29,Male,Undergraduate,Married,"Income<=$50,000",Hispanic,Not Donated,0,1,2,1,2,1,3
1219,Age<=29,Male,Undergraduate,Married,"Income>$100,000",Asian,Donated,120,1,2,1,2,3,1
1220,40<=Age<=49,Female,Undergraduate,Married,"Income<=$50,000",Hispanic,Donated,70,3,1,1,2,1,3
1221,40<=Age<=49,Male,Undergraduate,Married,"$50,000<Income<=$100,000",Hispanic,Not Donated,0,3,2,1,2,2,3
1222,Age<=29,Male,Undergraduate,Married,"Income<=$50,000",Hispanic,Not Donated,0,1,2,1,2,1,3
1223,40<=Age<=49,Male,Undergraduate,Married,"$50,000<Income<=$100,000",Hispanic,Donated,90,3,2,1,2,2,3
1224,30<=Age<=39,Female,Undergraduate,Married,"Income<=$50,000",White,Not Donated,0,2,1,1,2,1,5
1225,30<=Age<=39,Female,Undergraduate,Single,"Income>$100,000",Hispanic,Not Donated,0,2,1,1,1,3,3
1226,40<=Age<=49,Female,Undergraduate,Single,"Income<=$50,000",White,Not Donated,0,3,1,1,1,1,5
1227,Age<=29,Male,Undergraduate,Single,"$50,000<Income<=$100,000",White,Not Donated,0,1,2,1,1,2,5
1228,30<=Age<=39,Male,Undergraduate,Single,"$50,000<Income<=$100,000",White,Donated,65,2,2,1,1,2,5
1229,30<=Age<=39,Male,Undergraduate,Single,"Income>$100,000",White,Donated,125,2,2,1,1,3,5
1230,Age>=50,Female,Undergraduate,Single,"Income<=$50,000",White,Donated,95,4,1,1,1,1,5
1231,Age<=29,Male,Undergraduate,Married,"Income>$100,000",White,Not Donated,0,1,2,1,2,3,5
1232,Age>=50,Female,Undergraduate,Married,"Income>$100,000",White,Donated,160,4,1,1,2,3,5
1233,Age<=29,Female,Undergraduate,Single,"Income>$100,000",Hispanic,Not Donated,0,1,1,1,1,3,3
1234,30<=Age<=39,Female,Undergraduate,Married,"Income<=$50,000",Black,Donated,45,2,1,1,2,1,2
1235,Age>=50,Male,Undergraduate,Married,"Income>$100,000",White,Not Donated,0,4,2,1,2,3,5
1236,40<=Age<=49,Male,Undergraduate,Single,"Income<=$50,000",Black,Donated,75,3,2,1,1,1,2
1237,40<=Age<=49,Female,Undergraduate,Married,"Income<=$50,000",White,Not Donated,0,3,1,1,2,1,5
1238,40<=Age<=49,Male,Undergraduate,Married,"$50,000<Income<=$100,000",Hispanic,Not Donated,0,3,2,1,2,2,3
1239,30<=Age<=39,Male,Undergraduate,Married,"Income>$100,000",White,Not Donated,0,2,2,1,2,3,5
1240,Age<=29,Female,Undergraduate,Single,"$50,000<Income<=$100,000",White,Donated,40,1,1,1,1,2,5
1241,Age<=29,Female,Undergraduate,Married,"Income>$100,000",White,Donated,90,1,1,1,2,3,5
1242,Age>=50,Male,Undergraduate,Single,"Income<=$50,000",White,Not Donated,0,4,2,1,1,1,5
1243,40<=Age<=49,Female,Undergraduate,Single,"$50,000<Income<=$100,000",White,Donated,90,3,1,1,1,2,5
1244,Age>=50,Male,Undergraduate,Married,"Income<=$50,000",White,Not Donated,0,4,2,1,2,1,5
1245,30<=Age<=39,Male,Undergraduate,Married,"Income<=$50,000",Asian,Not Donated,0,2,2,1,2,1,1
1246,40<=Age<=49,Female,Undergraduate,Married,"$50,000<Income<=$100,000",Black,Donated,95,3,1,1,2,2,2
1247,Age>=50,Female,Undergraduate,Single,"$50,000<Income<=$100,000",White,Not Donated,0,4,1,1,1,2,5
1248,Age<=29,Male,Undergraduate,Single,"Income<=$50,000",White,Not Donated,0,1,2,1,1,1,5
1249,Age>=50,Female,Undergraduate,Single,"$50,000<Income<=$100,000",White,Not Donated,0,4,1,1,1,2,5
1250,40<=Age<=49,Male,Undergraduate,Single,"Income>$100,000",Black,Donated,125,3,2,1,1,3,2
1251,40<=Age<=49,Female,Undergraduate,Single,"Income>$100,000",Black,Not Donated,0,3,1,1,1,3,2
1252,Age<=29,Female,Undergraduate,Single,"Income<=$50,000",Hispanic,Donated,25,1,1,1,1,1,3
1253,Age<=29,Female,Graduate,Married,"$50,000<Income<=$100,000",White,Not Donated,0,1,1,2,2,2,5
1254,30<=Age<=39,Male,Undergraduate,Married,"Income<=$50,000",Asian,Not Donated,0,2,2,1,2,1,1
1255,Age<=29,Male,Undergraduate,Single,"Income<=$50,000",Hispanic,Not Donated,0,1,2,1,1,1,3
1256,30<=Age<=39,Female,Undergraduate,Married,"Income<=$50,000",Hispanic,Not Donated,0,2,1,1,2,1,3
1257,Age>=50,Male,Undergraduate,Single,"$50,000<Income<=$100,000",Hispanic,Not Donated,0,4,2,1,1,2,3
1258,40<=Age<=49,Female,Undergraduate,Married,"Income<=$50,000",Other,Not Donated,0,3,1,1,2,1,4
1259,Age<=29,Male,Undergraduate,Married,"Income>$100,000",White,Not Donated,0,1,2,1,2,3,5
1260,Age<=29,Female,Undergraduate,Married,"$50,000<Income<=$100,000",White,Not Donated,0,1,1,1,2,2,5
1261,30<=Age<=39,Male,Undergraduate,Single,"Income>$100,000",Black,Not Donated,0,2,2,1,1,3,2
1262,40<=Age<=49,Female,Undergraduate,Single,"$50,000<Income<=$100,000",Hispanic,Donated,85,3,1,1,1,2,3
1263,Age>=50,Female,Undergraduate,Married,"Income<=$50,000",White,Donated,100,4,1,1,2,1,5
1264,40<=Age<=49,Female,Graduate,Single,"$50,000<Income<=$100,000",White,Not Donated,0,3,1,2,1,2,5
1265,40<=Age<=49,Male,Undergraduate,Single,"$50,000<Income<=$100,000",Hispanic,Not Donated,0,3,2,1,1,2,3
1266,Age<=29,Female,Graduate,Married,"Income>$100,000",Asian,Not Donated,0,1,1,2,2,3,1
1267,30<=Age<=39,Female,Undergraduate,Single,"Income>$100,000",Hispanic,Donated,115,2,1,1,1,3,3
1268,40<=Age<=49,Female,Undergraduate,Single,"Income>$100,000",Black,Donated,110,3,1,1,1,3,2
1269,Age<=29,Female,Undergraduate,Single,"Income<=$50,000",Hispanic,Donated,40,1,1,1,1,1,3
1270,40<=Age<=49,Female,Undergraduate,Single,"Income<=$50,000",Hispanic,Not Donated,0,3,1,1,1,1,3
1271,Age<=29,Female,Undergraduate,Single,"Income<=$50,000",Black,Not Donated,0,1,1,1,1,1,2
1272,30<=Age<=39,Female,Undergraduate,Married,"Income<=$50,000",Black,Not Donated,0,2,1,1,2,1,2
1273,30<=Age<=39,Male,Undergraduate,Married,"Income<=$50,000",White,Not Donated,0,2,2,1,2,1,5
1274,Age<=29,Female,Undergraduate,Married,"$50,000<Income<=$100,000",White,Donated,65,1,1,1,2,2,5
1275,Age<=29,Female,Undergraduate,Married,"$50,000<Income<=$100,000",Hispanic,Not Donated,0,1,1,1,2,2,3
1276,40<=Age<=49,Female,Undergraduate,Single,"$50,000<Income<=$100,000",White,Not Donated,0,3,1,1,1,2,5
1277,40<=Age<=49,Female,Undergraduate,Single,"Income<=$50,000",White,Not Donated,0,3,1,1,1,1,5
1278,40<=Age<=49,Female,Undergraduate,Single,"$50,000<Income<=$100,000",White,Donated,95,3,1,1,1,2,5
1279,Age>=50,Female,Graduate,Married,"$50,000<Income<=$100,000",White,Not Donated,0,4,1,2,2,2,5
1280,Age<=29,Female,Graduate,Single,"Income<=$50,000",Asian,Not Donated,0,1,1,2,1,1,1
1281,Age<=29,Female,Undergraduate,Married,"Income<=$50,000",White,Not Donated,0,1,1,1,2,1,5
1282,30<=Age<=39,Male,Undergraduate,Single,"Income<=$50,000",White,Not Donated,0,2,2,1,1,1,5
1283,Age>=50,Female,Undergraduate,Single,"Income<=$50,000",Hispanic,Donated,90,4,1,1,1,1,3
1284,40<=Age<=49,Male,Undergraduate,Married,"Income>$100,000",Hispanic,Donated,125,3,2,1,2,3,3
1285,Age<=29,Female,Undergraduate,Single,"Income<=$50,000",Other,Not Donated,0,1,1,1,1,1,4
1286,40<=Age<=49,Male,Undergraduate,Married,"Income<=$50,000",Hispanic,Not Donated,0,3,2,1,2,1,3
1287,30<=Age<=39,Female,Undergraduate,Single,"$50,000<Income<=$100,000",White,Donated,65,2,1,1,1,2,5
1288,40<=Age<=49,Female,Undergraduate,Married,"Income<=$50,000",Black,Not Donated,0,3,1,1,2,1,2
1289,Age>=50,Male,Graduate,Married,"Income<=$50,000",White,Not Donated,0,4,2,2,2,1,5
1290,30<=Age<=39,Male,Undergraduate,Married,"Income<=$50,000",White,Donated,65,2,2,1,2,1,5
1291,Age>=50,Female,Undergraduate,Married,"Income<=$50,000",Black,Not Donated,0,4,1,1,2,1,2
1292,Age<=29,Female,Undergraduate,Married,"Income<=$50,000",Other,Not Donated,0,1,1,1,2,1,4
1293,30<=Age<=39,Female,Undergraduate,Single,"$50,000<Income<=$100,000",White,Not Donated,0,2,1,1,1,2,5
1294,Age<=29,Female,Undergraduate,Married,"Income<=$50,000",Black,Not Donated,0,1,1,1,2,1,2
1295,30<=Age<=39,Female,Undergraduate,Married,"$50,000<Income<=$100,000",Black,Donated,95,2,1,1,2,2,2
1296,30<=Age<=39,Female,Undergraduate,Married,"Income>$100,000",White,Donated,105,2,1,1,2,3,5
1297,Age>=50,Female,Undergraduate,Married,"Income<=$50,000",White,Not Donated,0,4,1,1,2,1,5
1298,Age<=29,Male,Undergraduate,Single,"$50,000<Income<=$100,000",White,Donated,50,1,2,1,1,2,5
1299,40<=Age<=49,Male,Undergraduate,Single,"Income>$100,000",White,Not Donated,0,3,2,1,1,3,5
1300,Age<=29,Female,Graduate,Single,"$50,000<Income<=$100,000",White,Donated,55,1,1,2,1,2,5
1301,Age>=50,Male,Undergraduate,Single,"$50,000<Income<=$100,000",White,Donated,100,4,2,1,1,2,5
1302,40<=Age<=49,Female,Undergraduate,Married,"Income<=$50,000",White,Not Donated,0,3,1,1,2,1,5
1303,Age>=50,Male,Graduate,Single,"$50,000<Income<=$100,000",White,Donated,135,4,2,2,1,2,5
1304,Age<=29,Female,Undergraduate,Single,"$50,000<Income<=$100,000",White,Not Donated,0,1,1,1,1,2,5
1305,40<=Age<=49,Male,Undergraduate,Single,"Income<=$50,000",White,Not Donated,0,3,2,1,1,1,5
1306,Age<=29,Male,Undergraduate,Married,"Income>$100,000",White,Donated,90,1,2,1,2,3,5
1307,Age<=29,Male,Undergraduate,Married,"Income<=$50,000",White,Not Donated,0,1,2,1,2,1,5
1308,Age<=29,Female,Undergraduate,Married,"$50,000<Income<=$100,000",White,Donated,75,1,1,1,2,2,5
1309,Age<=29,Female,Undergraduate,Single,"Income<=$50,000",Other,Not Donated,0,1,1,1,1,1,4
1310,Age<=29,Female,Undergraduate,Married,"$50,000<Income<=$100,000",White,Donated,50,1,1,1,2,2,5
1311,Age>=50,Female,Undergraduate,Married,"$50,000<Income<=$100,000",Black,Not Donated,0,4,1,1,2,2,2
1312,40<=Age<=49,Female,Undergraduate,Single,"Income<=$50,000",Black,Not Donated,0,3,1,1,1,1,2
1313,Age<=29,Female,Undergraduate,Married,"Income>$100,000",White,Not Donated,0,1,1,1,2,3,5
1314,40<=Age<=49,Female,Undergraduate,Married,"Income<=$50,000",Asian,Not Donated,0,3,1,1,2,1,1
1315,30<=Age<=39,Female,Undergraduate,Married,"Income<=$50,000",White,Not Donated,0,2,1,1,2,1,5
1316,40<=Age<=49,Male,Undergraduate,Single,"Income<=$50,000",White,Not Donated,0,3,2,1,1,1,5
1317,30<=Age<=39,Male,Undergraduate,Single,"Income<=$50,000",Asian,Not Donated,0,2,2,1,1,1,1
1318,40<=Age<=49,Female,Undergraduate,Single,"Income<=$50,000",Hispanic,Not Donated,0,3,1,1,1,1,3
1319,Age<=29,Female,Undergraduate,Married,"$50,000<Income<=$100,000",Hispanic,Donated,65,1,1,1,2,2,3
1320,40<=Age<=49,Male,Undergraduate,Married,"Income<=$50,000",Hispanic,Not Donated,0,3,2,1,2,1,3
1321,40<=Age<=49,Male,Undergraduate,Single,"Income<=$50,000",White,Donated,75,3,2,1,1,1,5
1322,40<=Age<=49,Male,Undergraduate,Married,"$50,000<Income<=$100,000",White,Not Donated,0,3,2,1,2,2,5
1323,30<=Age<=39,Female,Undergraduate,Single,"$50,000<Income<=$100,000",White,Donated,80,2,1,1,1,2,5
1324,Age<=29,Female,Undergraduate,Married,"Income>$100,000",White,Donated,80,1,1,1,2,3,5
1325,Age<=29,Female,Undergraduate,Single,"Income<=$50,000",Black,Not Donated,0,1,1,1,1,1,2
1326,40<=Age<=49,Male,Undergraduate,Married,"$50,000<Income<=$100,000",White,Not Donated,0,3,2,1,2,2,5
1327,30<=Age<=39,Female,Undergraduate,Single,"Income>$100,000",White,Not Donated,0,2,1,1,1,3,5
1328,30<=Age<=39,Male,Undergraduate,Married,"Income<=$50,000",White,Not Donated,0,2,2,1,2,1,5
1329,Age<=29,Male,Undergraduate,Single,"$50,000<Income<=$100,000",White,Not Donated,0,1,2,1,1,2,5
1330,40<=Age<=49,Female,Undergraduate,Single,"$50,000<Income<=$100,000",Black,Not Donated,0,3,1,1,1,2,2
1331,Age<=29,Female,Graduate,Married,"Income<=$50,000",White,Donated,40,1,1,2,2,1,5
1332,40<=Age<=49,Male,Undergraduate,Married,"Income>$100,000",White,Not Donated,0,3,2,1,2,3,5
1333,Age<=29,Female,Undergraduate,Married,"Income>$100,000",White,Not Donated,0,1,1,1,2,3,5
1334,Age<=29,Male,Undergraduate,Single,"Income<=$50,000",Other,Donated,30,1,2,1,1,1,4
1335,30<=Age<=39,Female,Undergraduate,Single,"Income<=$50,000",White,Not Donated,0,2,1,1,1,1,5
1336,30<=Age<=39,Male,Undergraduate,Single,"$50,000<Income<=$100,000",White,Not Donated,0,2,2,1,1,2,5
1337,40<=Age<=49,Male,Undergraduate,Married,"Income>$100,000",White,Not Donated,0,3,2,1,2,3,5
1338,40<=Age<=49,Male,Undergraduate,Married,"Income>$100,000",White,Donated,135,3,2,1,2,3,5
1339,40<=Age<=49,Female,Undergraduate,Married,"$50,000<Income<=$100,000",White,Not Donated,0,3,1,1,2,2,5
1340,40<=Age<=49,Female,Undergraduate,Single,"Income>$100,000",Hispanic,Donated,110,3,1,1,1,3,3
1341,40<=Age<=49,Female,Undergraduate,Married,"$50,000<Income<=$100,000",Other,Donated,95,3,1,1,2,2,4
1342,Age>=50,Male,Graduate,Married,"$50,000<Income<=$100,000",Black,Not Donated,0,4,2,2,2,2,2
1343,Age>=50,Male,Graduate,Married,"Income>$100,000",White,Not Donated,0,4,2,2,2,3,5
1344,Age<=29,Male,Graduate,Married,"Income<=$50,000",White,Donated,40,1,2,2,2,1,5
1345,30<=Age<=39,Female,Undergraduate,Single,"$50,000<Income<=$100,000",Hispanic,Donated,60,2,1,1,1,2,3
1346,Age>=50,Female,Undergraduate,Married,"Income<=$50,000",White,Donated,90,4,1,1,2,1,5
1347,Age<=29,Male,Undergraduate,Single,"$50,000<Income<=$100,000",White,Not Donated,0,1,2,1,1,2,5
1348,40<=Age<=49,Male,Undergraduate,Single,"Income<=$50,000",Other,Not Donated,0,3,2,1,1,1,4
1349,30<=Age<=39,Female,Undergraduate,Married,"Income<=$50,000",Asian,Donated,55,2,1,1,2,1,1
1350,40<=Age<=49,Male,Undergraduate,Single,"Income<=$50,000",White,Not Donated,0,3,2,1,1,1,5
1351,40<=Age<=49,Male,Undergraduate,Married,"Income<=$50,000",White,Not Donated,0,3,2,1,2,1,5
1352,40<=Age<=49,Female,Undergraduate,Single,"Income>$100,000",White,Not Donated,0,3,1,1,1,3,5
1353,Age<=29,Male,Undergraduate,Single,"Income<=$50,000",Black,Not Donated,0,1,2,1,1,1,2
1354,40<=Age<=49,Female,Graduate,Single,"Income>$100,000",White,Donated,130,3,1,2,1,3,5
1355,Age<=29,Female,Undergraduate,Married,"$50,000<Income<=$100,000",Black,Not Donated,0,1,1,1,2,2,2
1356,30<=Age<=39,Female,Undergraduate,Married,"$50,000<Income<=$100,000",Black,Donated,100,2,1,1,2,2,2
1357,Age<=29,Female,Undergraduate,Single,"Income<=$50,000",Black,Not Donated,0,1,1,1,1,1,2
1358,30<=Age<=39,Female,Undergraduate,Married,"Income>$100,000",Black,Not Donated,0,2,1,1,2,3,2
1359,40<=Age<=49,Male,Undergraduate,Married,"Income<=$50,000",Other,Not Donated,0,3,2,1,2,1,4
1360,30<=Age<=39,Male,Graduate,Single,"Income>$100,000",Hispanic,Not Donated,0,2,2,2,1,3,3
1361,Age>=50,Male,Undergraduate,Single,"$50,000<Income<=$100,000",White,Not Donated,0,4,2,1,1,2,5
1362,Age<=29,Male,Undergraduate,Single,"$50,000<Income<=$100,000",White,Donated,45,1,2,1,1,2,5
1363,40<=Age<=49,Female,Undergraduate,Single,"$50,000<Income<=$100,000",Asian,Donated,90,3,1,1,1,2,1
1364,Age<=29,Female,Undergraduate,Married,"$50,000<Income<=$100,000",White,Not Donated,0,1,1,1,2,2,5
1365,Age<=29,Male,Undergraduate,Married,"Income>$100,000",White,Not Donated,0,1,2,1,2,3,5
1366,40<=Age<=49,Female,Undergraduate,Married,"$50,000<Income<=$100,000",Black,Not Donated,0,3,1,1,2,2,2
1367,Age<=29,Male,Undergraduate,Single,"Income<=$50,000",White,Donated,25,1,2,1,1,1,5
1368,Age<=29,Female,Undergraduate,Single,"Income<=$50,000",White,Donated,20,1,1,1,1,1,5
1369,30<=Age<=39,Male,Undergraduate,Single,"$50,000<Income<=$100,000",Black,Not Donated,0,2,2,1,1,2,2
1370,30<=Age<=39,Female,Undergraduate,Married,"Income<=$50,000",Other,Not Donated,0,2,1,1,2,1,4
1371,30<=Age<=39,Male,Undergraduate,Married,"Income<=$50,000",White,Not Donated,0,2,2,1,2,1,5
1372,40<=Age<=49,Male,Undergraduate,Single,"$50,000<Income<=$100,000",White,Not Donated,0,3,2,1,1,2,5
1373,40<=Age<=49,Female,Undergraduate,Single,"Income<=$50,000",Black,Not Donated,0,3,1,1,1,1,2
1374,Age<=29,Male,Undergraduate,Single,"$50,000<Income<=$100,000",Hispanic,Donated,65,1,2,1,1,2,3
1375,Age<=29,Female,Undergraduate,Single,"Income<=$50,000",Hispanic,Not Donated,0,1,1,1,1,1,3
1376,40<=Age<=49,Male,Undergraduate,Married,"$50,000<Income<=$100,000",Black,Not Donated,0,3,2,1,2,2,2
1377,Age>=50,Female,Undergraduate,Single,"$50,000<Income<=$100,000",White,Not Donated,0,4,1,1,1,2,5
1378,Age<=29,Male,Undergraduate,Single,"Income<=$50,000",White,Not Donated,0,1,2,1,1,1,5
1379,30<=Age<=39,Male,Undergraduate,Married,"Income>$100,000",White,Not Donated,0,2,2,1,2,3,5
1380,40<=Age<=49,Male,Graduate,Married,"$50,000<Income<=$100,000",Hispanic,Not Donated,0,3,2,2,2,2,3
1381,40<=Age<=49,Male,Undergraduate,Married,"Income>$100,000",White,Not Donated,0,3,2,1,2,3,5
1382,30<=Age<=39,Female,Undergraduate,Married,"Income<=$50,000",Hispanic,Not Donated,0,2,1,1,2,1,3
1383,Age>=50,Male,Undergraduate,Married,"Income<=$50,000",White,Donated,105,4,2,1,2,1,5
1384,40<=Age<=49,Female,Undergraduate,Married,"Income>$100,000",White,Donated,120,3,1,1,2,3,5
1385,Age<=29,Female,Undergraduate,Single,"Income<=$50,000",White,Donated,15,1,1,1,1,1,5
1386,40<=Age<=49,Female,Undergraduate,Married,"Income<=$50,000",Black,Not Donated,0,3,1,1,2,1,2
1387,Age<=29,Female,Graduate,Single,"Income>$100,000",White,Donated,85,1,1,2,1,3,5
1388,Age>=50,Male,Graduate,Single,"$50,000<Income<=$100,000",Other,Donated,130,4,2,2,1,2,4
1389,Age>=50,Male,Undergraduate,Single,"Income<=$50,000",White,Not Donated,0,4,2,1,1,1,5
1390,Age<=29,Male,Undergraduate,Married,"$50,000<Income<=$100,000",White,Not Donated,0,1,2,1,2,2,5
1391,30<=Age<=39,Male,Undergraduate,Married,"$50,000<Income<=$100,000",White,Donated,90,2,2,1,2,2,5
1392,40<=Age<=49,Male,Undergraduate,Married,"Income<=$50,000",White,Donated,85,3,2,1,2,1,5
1393,30<=Age<=39,Male,Undergraduate,Married,"$50,000<Income<=$100,000",White,Donated,75,2,2,1,2,2,5
1394,40<=Age<=49,Female,Undergraduate,Single,"$50,000<Income<=$100,000",White,Donated,95,3,1,1,1,2,5
1395,40<=Age<=49,Female,Undergraduate,Married,"Income>$100,000",White,Not Donated,0,3,1,1,2,3,5
1396,Age<=29,Male,Undergraduate,Single,"Income<=$50,000",White,Donated,30,1,2,1,1,1,5
1397,30<=Age<=39,Male,Undergraduate,Married,"Income<=$50,000",White,Not Donated,0,2,2,1,2,1,5
1398,Age<=29,Male,Undergraduate,Married,"Income<=$50,000",White,Not Donated,0,1,2,1,2,1,5
1399,40<=Age<=49,Female,Undergraduate,Single,"Income<=$50,000",Asian,Donated,55,3,1,1,1,1,1
1400,40<=Age<=49,Female,Undergraduate,Single,"Income<=$50,000",Black,Not Donated,0,3,1,1,1,1,2
1401,30<=Age<=39,Male,Undergraduate,Single,"$50,000<Income<=$100,000",Black,Donated,65,2,2,1,1,2,2
1402,40<=Age<=49,Male,Undergraduate,Single,"Income<=$50,000",White,Donated,70,3,2,1,1,1,5
1403,40<=Age<=49,Male,Undergraduate,Married,"$50,000<Income<=$100,000",White,Not Donated,0,3,2,1,2,2,5
1404,Age>=50,Female,Undergraduate,Single,"$50,000<Income<=$100,000",White,Not Donated,0,4,1,1,1,2,5
1405,30<=Age<=39,Male,Undergraduate,Married,"Income<=$50,000",White,Donated,65,2,2,1,2,1,5
1406,Age>=50,Female,Undergraduate,Married,"Income>$100,000",Hispanic,Donated,145,4,1,1,2,3,3
1407,30<=Age<=39,Male,Undergraduate,Married,"$50,000<Income<=$100,000",White,Donated,60,2,2,1,2,2,5
1408,30<=Age<=39,Female,Undergraduate,Married,"Income<=$50,000",Hispanic,Donated,50,2,1,1,2,1,3
1409,Age>=50,Male,Undergraduate,Single,"Income<=$50,000",Asian,Not Donated,0,4,2,1,1,1,1
1410,Age<=29,Female,Undergraduate,Single,"$50,000<Income<=$100,000",Black,Not Donated,0,1,1,1,1,2,2
1411,40<=Age<=49,Male,Undergraduate,Married,"$50,000<Income<=$100,000",White,Not Donated,0,3,2,1,2,2,5
1412,Age<=29,Male,Undergraduate,Married,"$50,000<Income<=$100,000",White,Not Donated,0,1,2,1,2,2,5
1413,Age>=50,Male,Graduate,Single,"Income>$100,000",Hispanic,Donated,170,4,2,2,1,3,3
1414,30<=Age<=39,Male,Undergraduate,Married,"$50,000<Income<=$100,000",White,Not Donated,0,2,2,1,2,2,5
1415,40<=Age<=49,Female,Undergraduate,Married,"Income<=$50,000",White,Not Donated,0,3,1,1,2,1,5
1416,30<=Age<=39,Male,Undergraduate,Married,"Income<=$50,000",Asian,Not Donated,0,2,2,1,2,1,1
1417,Age>=50,Male,Undergraduate,Single,"Income<=$50,000",White,Not Donated,0,4,2,1,1,1,5
1418,Age<=29,Male,Undergraduate,Single,"Income<=$50,000",Black,Not Donated,0,1,2,1,1,1,2
1419,30<=Age<=39,Male,Undergraduate,Married,"Income<=$50,000",White,Donated,55,2,2,1,2,1,5
1420,Age>=50,Male,Undergraduate,Married,"$50,000<Income<=$100,000",White,Not Donated,0,4,2,1,2,2,5
1421,Age<=29,Female,Undergraduate,Single,"Income>$100,000",White,Donated,65,1,1,1,1,3,5
1422,30<=Age<=39,Male,Undergraduate,Single,"Income<=$50,000",White,Not Donated,0,2,2,1,1,1,5
1423,30<=Age<=39,Male,Undergraduate,Single,"Income<=$50,000",White,Donated,65,2,2,1,1,1,5
1424,Age<=29,Male,Undergraduate,Married,"$50,000<Income<=$100,000",White,Donated,50,1,2,1,2,2,5
1425,40<=Age<=49,Female,Undergraduate,Married,"Income<=$50,000",White,Not Donated,0,3,1,1,2,1,5
1426,Age<=29,Male,Undergraduate,Single,"Income>$100,000",White,Donated,95,1,2,1,1,3,5
1427,Age<=29,Male,Undergraduate,Married,"$50,000<Income<=$100,000",Black,Not Donated,0,1,2,1,2,2,2
1428,40<=Age<=49,Female,Undergraduate,Married,"Income<=$50,000",White,Donated,80,3,1,1,2,1,5
1429,Age<=29,Female,Graduate,Single,"$50,000<Income<=$100,000",Hispanic,Not Donated,0,1,1,2,1,2,3
1430,40<=Age<=49,Male,Undergraduate,Married,"Income<=$50,000",Asian,Donated,75,3,2,1,2,1,1
1431,40<=Age<=49,Female,Undergraduate,Married,"$50,000<Income<=$100,000",White,Not Donated,0,3,1,1,2,2,5
1432,40<=Age<=49,Female,Undergraduate,Married,"$50,000<Income<=$100,000",White,Not Donated,0,3,1,1,2,2,5
1433,40<=Age<=49,Male,Undergraduate,Single,"$50,000<Income<=$100,000",Black,Donated,100,3,2,1,1,2,2
1434,Age<=29,Male,Undergraduate,Married,"Income>$100,000",Hispanic,Donated,70,1,2,1,2,3,3
1435,30<=Age<=39,Male,Undergraduate,Married,"Income<=$50,000",Other,Not Donated,0,2,2,1,2,1,4
1436,Age<=29,Female,Undergraduate,Married,"$50,000<Income<=$100,000",White,Not Donated,0,1,1,1,2,2,5
1437,40<=Age<=49,Female,Graduate,Single,"$50,000<Income<=$100,000",White,Donated,105,3,1,2,1,2,5
1438,30<=Age<=39,Male,Undergraduate,Married,"Income<=$50,000",Hispanic,Donated,55,2,2,1,2,1,3
1439,40<=Age<=49,Male,Undergraduate,Married,"$50,000<Income<=$100,000",White,Donated,105,3,2,1,2,2,5
1440,Age<=29,Male,Undergraduate,Single,"Income>$100,000",Hispanic,Not Donated,0,1,2,1,1,3,3
1441,Age<=29,Female,Undergraduate,Single,"Income>$100,000",White,Donated,95,1,1,1,1,3,5
1442,30<=Age<=39,Female,Graduate,Married,"Income<=$50,000",White,Not Donated,0,2,1,2,2,1,5
1443,40<=Age<=49,Female,Undergraduate,Single,"$50,000<Income<=$100,000",White,Not Donated,0,3,1,1,1,2,5
1444,Age>=50,Male,Undergraduate,Single,"$50,000<Income<=$100,000",White,Not Donated,0,4,2,1,1,2,5
1445,40<=Age<=49,Male,Undergraduate,Single,"Income<=$50,000",Hispanic,Not Donated,0,3,2,1,1,1,3
1446,Age<=29,Female,Undergraduate,Single,"Income<=$50,000",Asian,Not Donated,0,1,1,1,1,1,1
1447,Age<=29,Female,Undergraduate,Married,"Income<=$50,000",Black,Donated,25,1,1,1,2,1,2
1448,40<=Age<=49,Male,Graduate,Married,"$50,000<Income<=$100,000",White,Not Donated,0,3,2,2,2,2,5
1449,Age>=50,Female,Undergraduate,Married,"$50,000<Income<=$100,000",Black,Donated,120,4,1,1,2,2,2
1450,Age<=29,Male,Undergraduate,Married,"Income<=$50,000",Hispanic,Donated,20,1,2,1,2,1,3
1451,Age<=29,Male,Undergraduate,Single,"Income>$100,000",White,Not Donated,0,1,2,1,1,3,5
1452,Age<=29,Male,Undergraduate,Married,"Income<=$50,000",Black,Not Donated,0,1,2,1,2,1,2
1453,Age>=50,Female,Undergraduate,Married,"Income<=$50,000",White,Not Donated,0,4,1,1,2,1,5
1454,30<=Age<=39,Male,Undergraduate,Married,"Income<=$50,000",Asian,Not Donated,0,2,2,1,2,1,1
1455,30<=Age<=39,Male,Undergraduate,Married,"Income<=$50,000",Other,Not Donated,0,2,2,1,2,1,4
1456,40<=Age<=49,Female,Undergraduate,Single,"Income<=$50,000",White,Not Donated,0,3,1,1,1,1,5
1457,30<=Age<=39,Female,Undergraduate,Married,"Income>$100,000",Other,Not Donated,0,2,1,1,2,3,4
1458,Age<=29,Female,Undergraduate,Married,"Income<=$50,000",White,Not Donated,0,1,1,1,2,1,5
1459,30<=Age<=39,Male,Undergraduate,Married,"$50,000<Income<=$100,000",White,Not Donated,0,2,2,1,2,2,5
1460,30<=Age<=39,Male,Undergraduate,Married,"Income>$100,000",White,Not Donated,0,2,2,1,2,3,5
1461,Age<=29,Male,Graduate,Married,"Income<=$50,000",White,Not Donated,0,1,2,2,2,1,5
1462,Age>=50,Male,Undergraduate,Married,"Income<=$50,000",White,Not Donated,0,4,2,1,2,1,5
1463,40<=Age<=49,Male,Undergraduate,Single,"$50,000<Income<=$100,000",White,Not Donated,0,3,2,1,1,2,5
1464,Age>=50,Male,Undergraduate,Married,"Income<=$50,000",White,Not Donated,0,4,2,1,2,1,5
1465,40<=Age<=49,Male,Undergraduate,Single,"$50,000<Income<=$100,000",White,Donated,70,3,2,1,1,2,5
1466,Age<=29,Female,Undergraduate,Married,"Income<=$50,000",Other,Not Donated,0,1,1,1,2,1,4
1467,30<=Age<=39,Female,Undergraduate,Single,"$50,000<Income<=$100,000",White,Not Donated,0,2,1,1,1,2,5
1468,Age>=50,Female,Undergraduate,Single,"$50,000<Income<=$100,000",Black,Not Donated,0,4,1,1,1,2,2
1469,30<=Age<=39,Male,Undergraduate,Single,"Income>$100,000",Hispanic,Not Donated,0,2,2,1,1,3,3
1470,40<=Age<=49,Female,Undergraduate,Single,"Income<=$50,000",Hispanic,Not Donated,0,3,1,1,1,1,3
1471,Age>=50,Male,Undergraduate,Married,"Income>$100,000",Hispanic,Not Donated,0,4,2,1,2,3,3
1472,40<=Age<=49,Female,Undergraduate,Single,"Income<=$50,000",White,Not Donated,0,3,1,1,1,1,5
1473,Age<=29,Male,Undergraduate,Married,"Income<=$50,000",Asian,Not Donated,0,1,2,1,2,1,1
1474,30<=Age<=39,Female,Graduate,Married,"$50,000<Income<=$100,000",White,Donated,110,2,1,2,2,2,5
1475,30<=Age<=39,Male,Graduate,Single,"Income<=$50,000",White,Not Donated,0,2,2,2,1,1,5
1476,Age<=29,Female,Undergraduate,Single,"Income>$100,000",Hispanic,Not Donated,0,1,1,1,1,3,3
1477,40<=Age<=49,Female,Undergraduate,Married,"Income<=$50,000",White,Not Donated,0,3,1,1,2,1,5
1478,40<=Age<=49,Male,Graduate,Married,"$50,000<Income<=$100,000",White,Not Donated,0,3,2,2,2,2,5
1479,Age<=29,Male,Undergraduate,Married,"$50,000<Income<=$100,000",Asian,Donated,55,1,2,1,2,2,1
1480,Age>=50,Female,Graduate,Married,"Income<=$50,000",White,Not Donated,0,4,1,2,2,1,5
1481,Age<=29,Male,Undergraduate,Married,"Income<=$50,000",White,Donated,35,1,2,1,2,1,5
1482,Age>=50,Female,Undergraduate,Single,"$50,000<Income<=$100,000",White,Not Donated,0,4,1,1,1,2,5
1483,Age>=50,Male,Undergraduate,Single,"Income<=$50,000",White,Not Donated,0,4,2,1,1,1,5
1484,Age<=29,Male,Undergraduate,Married,"Income<=$50,000",Asian,Donated,30,1,2,1,2,1,1
1485,40<=Age<=49,Male,Undergraduate,Married,"$50,000<Income<=$100,000",Hispanic,Not Donated,0,3,2,1,2,2,3
1486,Age<=29,Male,Undergraduate,Married,"$50,000<Income<=$100,000",White,Donated,60,1,2,1,2,2,5
1487,30<=Age<=39,Female,Undergraduate,Single,"Income<=$50,000",White,Not Donated,0,2,1,1,1,1,5
1488,40<=Age<=49,Male,Undergraduate,Single,"Income<=$50,000",White,Not Donated,0,3,2,1,1,1,5
1489,Age<=29,Female,Undergraduate,Married,"$50,000<Income<=$100,000",White,Donated,65,1,1,1,2,2,5
1490,Age<=29,Male,Undergraduate,Married,"Income>$100,000",Asian,Not Donated,0,1,2,1,2,3,1
1491,40<=Age<=49,Female,Undergraduate,Married,"Income<=$50,000",White,Not Donated,0,3,1,1,2,1,5
1492,30<=Age<=39,Female,Graduate,Married,"Income<=$50,000",Black,Not Donated,0,2,1,2,2,1,2
1493,30<=Age<=39,Male,Undergraduate,Married,"$50,000<Income<=$100,000",Hispanic,Not Donated,0,2,2,1,2,2,3
1494,40<=Age<=49,Male,Undergraduate,Married,"Income<=$50,000",White,Donated,90,3,2,1,2,1,5
1495,Age<=29,Male,Undergraduate,Married,"Income>$100,000",Other,Donated,80,1,2,1,2,3,4
1496,Age>=50,Female,Undergraduate,Single,"Income<=$50,000",White,Not Donated,0,4,1,1,1,1,5
1497,30<=Age<=39,Male,Undergraduate,Single,"Income<=$50,000",Black,Not Donated,0,2,2,1,1,1,2
1498,Age>=50,Female,Graduate,Married,"Income>$100,000",White,Not Donated,0,4,1,2,2,3,5
1499,30<=Age<=39,Male,Undergraduate,Single,"$50,000<Income<=$100,000",White,Not Donated,0,2,2,1,1,2,5
1500,40<=Age<=49,Male,Undergraduate,Single,"Income>$100,000",Asian,Donated,150,3,2,1,1,3,1
1501,Age<=29,Male,Undergraduate,Single,"$50,000<Income<=$100,000",Black,Donated,50,1,2,1,1,2,2
1502,40<=Age<=49,Male,Undergraduate,Single,"Income<=$50,000",White,Not Donated,0,3,2,1,1,1,5
1503,Age<=29,Female,Undergraduate,Single,"Income>$100,000",Black,Donated,60,1,1,1,1,3,2
1504,Age<=29,Male,Undergraduate,Married,"Income<=$50,000",White,Not Donated,0,1,2,1,2,1,5
1505,Age>=50,Female,Undergraduate,Married,"Income>$100,000",Hispanic,Not Donated,0,4,1,1,2,3,3
1506,30<=Age<=39,Male,Undergraduate,Single,"Income<=$50,000",Asian,Donated,45,2,2,1,1,1,1
1507,Age>=50,Male,Undergraduate,Married,"Income>$100,000",White,Donated,145,4,2,1,2,3,5
1508,Age<=29,Male,Undergraduate,Married,"$50,000<Income<=$100,000",White,Donated,55,1,2,1,2,2,5
1509,40<=Age<=49,Female,Undergraduate,Married,"Income<=$50,000",Black,Not Donated,0,3,1,1,2,1,2
1510,Age<=29,Male,Undergraduate,Married,"Income>$100,000",White,Donated,100,1,2,1,2,3,5
1511,30<=Age<=39,Male,Undergraduate,Married,"Income<=$50,000",White,Not Donated,0,2,2,1,2,1,5
1512,Age>=50,Male,Undergraduate,Married,"Income>$100,000",White,Not Donated,0,4,2,1,2,3,5
1513,30<=Age<=39,Male,Undergraduate,Married,"$50,000<Income<=$100,000",White,Not Donated,0,2,2,1,2,2,5
1514,30<=Age<=39,Female,Undergraduate,Married,"$50,000<Income<=$100,000",White,Not Donated,0,2,1,1,2,2,5
1515,40<=Age<=49,Male,Graduate,Married,"Income>$100,000",White,Not Donated,0,3,2,2,2,3,5
1516,40<=Age<=49,Female,Undergraduate,Single,"Income<=$50,000",Black,Not Donated,0,3,1,1,1,1,2
1517,Age>=50,Male,Undergraduate,Single,"$50,000<Income<=$100,000",Asian,Not Donated,0,4,2,1,1,2,1
1518,40<=Age<=49,Male,Undergraduate,Married,"Income>$100,000",White,Not Donated,0,3,2,1,2,3,5
1519,40<=Age<=49,Male,Graduate,Single,"Income<=$50,000",White,Donated,95,3,2,2,1,1,5
1520,40<=Age<=49,Female,Undergraduate,Single,"Income<=$50,000",White,Not Donated,0,3,1,1,1,1,5
1521,Age>=50,Male,Undergraduate,Single,"$50,000<Income<=$100,000",White,Donated,105,4,2,1,1,2,5
1522,Age>=50,Female,Undergraduate,Married,"Income<=$50,000",White,Not Donated,0,4,1,1,2,1,5
1523,Age<=29,Female,Undergraduate,Single,"Income<=$50,000",Hispanic,Not Donated,0,1,1,1,1,1,3
1524,Age>=50,Male,Undergraduate,Single,"Income<=$50,000",Asian,Not Donated,0,4,2,1,1,1,1
1525,30<=Age<=39,Male,Undergraduate,Single,"Income<=$50,000",Black,Not Donated,0,2,2,1,1,1,2
1526,Age>=50,Male,Undergraduate,Married,"$50,000<Income<=$100,000",Asian,Donated,120,4,2,1,2,2,1
1527,40<=Age<=49,Female,Undergraduate,Single,"$50,000<Income<=$100,000",Black,Not Donated,0,3,1,1,1,2,2
1528,30<=Age<=39,Male,Undergraduate,Single,"Income<=$50,000",White,Not Donated,0,2,2,1,1,1,5
1529,40<=Age<=49,Male,Undergraduate,Single,"$50,000<Income<=$100,000",White,Not Donated,0,3,2,1,1,2,5
1530,40<=Age<=49,Male,Undergraduate,Single,"$50,000<Income<=$100,000",White,Donated,95,3,2,1,1,2,5
1531,Age<=29,Male,Undergraduate,Single,"Income<=$50,000",White,Not Donated,0,1,2,1,1,1,5
1532,30<=Age<=39,Male,Undergraduate,Single,"Income<=$50,000",White,Not Donated,0,2,2,1,1,1,5
1533,30<=Age<=39,Female,Undergraduate,Married,"$50,000<Income<=$100,000",Asian,Donated,75,2,1,1,2,2,1
1534,30<=Age<=39,Female,Undergraduate,Married,"Income<=$50,000",White,Not Donated,0,2,1,1,2,1,5
1535,30<=Age<=39,Male,Undergraduate,Married,"Income<=$50,000",Other,Not Donated,0,2,2,1,2,1,4
1536,Age<=29,Female,Undergraduate,Married,"$50,000<Income<=$100,000",Hispanic,Donated,50,1,1,1,2,2,3
1537,30<=Age<=39,Male,Undergraduate,Single,"Income<=$50,000",White,Not Donated,0,2,2,1,1,1,5
1538,40<=Age<=49,Male,Undergraduate,Married,"Income<=$50,000",White,Donated,80,3,2,1,2,1,5
1539,Age<=29,Male,Undergraduate,Married,"$50,000<Income<=$100,000",White,Donated,60,1,2,1,2,2,5
1540,Age<=29,Male,Undergraduate,Single,"Income<=$50,000",Hispanic,Donated,15,1,2,1,1,1,3
1541,Age<=29,Female,Undergraduate,Married,"Income<=$50,000",Hispanic,Not Donated,0,1,1,1,2,1,3
1542,Age>=50,Male,Undergraduate,Single,"$50,000<Income<=$100,000",White,Not Donated,0,4,2,1,1,2,5
1543,Age>=50,Male,Undergraduate,Married,"$50,000<Income<=$100,000",Asian,Not Donated,0,4,2,1,2,2,1
1544,Age<=29,Female,Undergraduate,Single,"Income<=$50,000",Asian,Not Donated,0,1,1,1,1,1,1
1545,30<=Age<=39,Female,Undergraduate,Single,"Income<=$50,000",White,Donated,40,2,1,1,1,1,5
1546,30<=Age<=39,Male,Undergraduate,Single,"$50,000<Income<=$100,000",White,Donated,60,2,2,1,1,2,5
1547,Age>=50,Male,Undergraduate,Married,"Income<=$50,000",White,Not Donated,0,4,2,1,2,1,5
1548,40<=Age<=49,Female,Undergraduate,Married,"Income<=$50,000",White,Not Donated,0,3,1,1,2,1,5
1549,30<=Age<=39,Female,Undergraduate,Single,"Income<=$50,000",Other,Donated,45,2,1,1,1,1,4
1550,Age>=50,Male,Undergraduate,Single,"$50,000<Income<=$100,000",Hispanic,Not Donated,0,4,2,1,1,2,3
1551,Age<=29,Male,Undergraduate,Married,"Income>$100,000",White,Not Donated,0,1,2,1,2,3,5
1552,40<=Age<=49,Female,Undergraduate,Married,"$50,000<Income<=$100,000",Hispanic,Donated,110,3,1,1,2,2,3
1553,Age<=29,Male,Undergraduate,Married,"$50,000<Income<=$100,000",White,Donated,50,1,2,1,2,2,5
1554,30<=Age<=39,Male,Undergraduate,Single,"Income<=$50,000",Black,Not Donated,0,2,2,1,1,1,2
1555,40<=Age<=49,Male,Undergraduate,Single,"Income<=$50,000",White,Not Donated,0,3,2,1,1,1,5
1556,30<=Age<=39,Female,Undergraduate,Single,"$50,000<Income<=$100,000",Other,Not Donated,0,2,1,1,1,2,4
1557,30<=Age<=39,Male,Undergraduate,Single,"Income<=$50,000",White,Not Donated,0,2,2,1,1,1,5
1558,30<=Age<=39,Male,Undergraduate,Married,"$50,000<Income<=$100,000",Black,Not Donated,0,2,2,1,2,2,2
1559,30<=Age<=39,Female,Undergraduate,Married,"Income<=$50,000",Asian,Donated,45,2,1,1,2,1,1
1560,Age<=29,Female,Undergraduate,Married,"Income>$100,000",White,Donated,105,1,1,1,2,3,5
1561,30<=Age<=39,Male,Undergraduate,Single,"Income>$100,000",Black,Not Donated,0,2,2,1,1,3,2
1562,Age>=50,Male,Graduate,Married,"Income<=$50,000",White,Not Donated,0,4,2,2,2,1,5
1563,Age<=29,Female,Undergraduate,Single,"Income<=$50,000",Asian,Not Donated,0,1,1,1,1,1,1
1564,Age>=50,Female,Undergraduate,Single,"Income>$100,000",White,Donated,140,4,1,1,1,3,5
1565,40<=Age<=49,Male,Undergraduate,Married,"Income<=$50,000",Asian,Donated,75,3,2,1,2,1,1
1566,Age<=29,Male,Undergraduate,Married,"$50,000<Income<=$100,000",White,Not Donated,0,1,2,1,2,2,5
1567,Age>=50,Female,Graduate,Married,"$50,000<Income<=$100,000",Hispanic,Not Donated,0,4,1,2,2,2,3
1568,Age<=29,Male,Undergraduate,Single,"$50,000<Income<=$100,000",White,Not Donated,0,1,2,1,1,2,5
1569,Age<=29,Female,Undergraduate,Single,"$50,000<Income<=$100,000",White,Not Donated,0,1,1,1,1,2,5
1570,40<=Age<=49,Male,Undergraduate,Married,"$50,000<Income<=$100,000",White,Not Donated,0,3,2,1,2,2,5
1571,40<=Age<=49,Male,Undergraduate,Married,"Income<=$50,000",Black,Donated,105,3,2,1,2,1,2
1572,Age<=29,Female,Undergraduate,Married,"$50,000<Income<=$100,000",White,Donated,60,1,1,1,2,2,5
1573,40<=Age<=49,Male,Undergraduate,Single,"$50,000<Income<=$100,000",Black,Donated,85,3,2,1,1,2,2
1574,40<=Age<=49,Male,Undergraduate,Married,"Income<=$50,000",Other,Donated,65,3,2,1,2,1,4
1575,30<=Age<=39,Female,Undergraduate,Single,"Income<=$50,000",White,Not Donated,0,2,1,1,1,1,5
1576,30<=Age<=39,Male,Undergraduate,Married,"Income<=$50,000",White,Not Donated,0,2,2,1,2,1,5
1577,Age>=50,Male,Undergraduate,Married,"Income<=$50,000",Hispanic,Not Donated,0,4,2,1,2,1,3
1578,30<=Age<=39,Male,Undergraduate,Single,"Income<=$50,000",White,Not Donated,0,2,2,1,1,1,5
1579,30<=Age<=39,Female,Undergraduate,Married,"$50,000<Income<=$100,000",Hispanic,Not Donated,0,2,1,1,2,2,3
1580,30<=Age<=39,Male,Undergraduate,Married,"Income<=$50,000",White,Not Donated,0,2,2,1,2,1,5
1581,Age<=29,Male,Undergraduate,Married,"Income<=$50,000",White,Not Donated,0,1,2,1,2,1,5
1582,Age<=29,Female,Undergraduate,Single,"Income<=$50,000",White,Donated,35,1,1,1,1,1,5
1583,40<=Age<=49,Male,Undergraduate,Single,"Income<=$50,000",Asian,Donated,80,3,2,1,1,1,1
1584,30<=Age<=39,Male,Undergraduate,Married,"Income<=$50,000",White,Not Donated,0,2,2,1,2,1,5
1585,Age>=50,Male,Undergraduate,Single,"Income>$100,000",Asian,Not Donated,0,4,2,1,1,3,1
1586,Age>=50,Female,Undergraduate,Married,"$50,000<Income<=$100,000",White,Not Donated,0,4,1,1,2,2,5
1587,Age<=29,Female,Undergraduate,Married,"Income<=$50,000",Other,Not Donated,0,1,1,1,2,1,4
1588,Age<=29,Female,Undergraduate,Married,"Income<=$50,000",White,Not Donated,0,1,1,1,2,1,5
1589,Age>=50,Male,Undergraduate,Married,"Income<=$50,000",White,Not Donated,0,4,2,1,2,1,5
1590,40<=Age<=49,Male,Undergraduate,Single,"Income<=$50,000",White,Not Donated,0,3,2,1,1,1,5
1591,Age>=50,Female,Undergraduate,Single,"Income<=$50,000",White,Not Donated,0,4,1,1,1,1,5
1592,40<=Age<=49,Male,Graduate,Single,"Income<=$50,000",White,Not Donated,0,3,2,2,1,1,5
1593,Age>=50,Male,Undergraduate,Married,"Income>$100,000",Other,Not Donated,0,4,2,1,2,3,4
1594,Age<=29,Female,Undergraduate,Married,"$50,000<Income<=$100,000",White,Donated,55,1,1,1,2,2,5
1595,40<=Age<=49,Female,Undergraduate,Married,"Income<=$50,000",Hispanic,Not Donated,0,3,1,1,2,1,3
1596,30<=Age<=39,Female,Undergraduate,Single,"Income<=$50,000",White,Donated,45,2,1,1,1,1,5
1597,40<=Age<=49,Male,Undergraduate,Married,"Income>$100,000",Hispanic,Not Donated,0,3,2,1,2,3,3
1598,Age<=29,Female,Undergraduate,Married,"Income<=$50,000",White,Not Donated,0,1,1,1,2,1,5
1599,40<=Age<=49,Female,Undergraduate,Married,"$50,000<Income<=$100,000",Hispanic,Donated,85,3,1,1,2,2,3
1600,30<=Age<=39,Male,Undergraduate,Married,"Income<=$50,000",White,Donated,70,2,2,1,2,1,5
1601,40<=Age<=49,Male,Undergraduate,Single,"Income<=$50,000",White,Not Donated,0,3,2,1,1,1,5
1602,Age<=29,Female,Undergraduate,Married,"$50,000<Income<=$100,000",White,Donated,80,1,1,1,2,2,5
1603,30<=Age<=39,Female,Graduate,Married,"Income<=$50,000",White,Donated,60,2,1,2,2,1,5
1604,Age<=29,Male,Undergraduate,Single,"Income<=$50,000",Other,Not Donated,0,1,2,1,1,1,4
1605,40<=Age<=49,Female,Undergraduate,Single,"$50,000<Income<=$100,000",White,Donated,85,3,1,1,1,2,5
1606,30<=Age<=39,Female,Undergraduate,Single,"Income<=$50,000",Other,Not Donated,0,2,1,1,1,1,4
1607,30<=Age<=39,Male,Undergraduate,Single,"Income>$100,000",Asian,Not Donated,0,2,2,1,1,3,1
1608,Age>=50,Female,Undergraduate,Married,"$50,000<Income<=$100,000",Asian,Not Donated,0,4,1,1,2,2,1
1609,40<=Age<=49,Female,Undergraduate,Married,"$50,000<Income<=$100,000",White,Donated,115,3,1,1,2,2,5
1610,Age<=29,Male,Undergraduate,Married,"Income<=$50,000",White,Not Donated,0,1,2,1,2,1,5
1611,Age<=29,Male,Undergraduate,Married,"$50,000<Income<=$100,000",Other,Not Donated,0,1,2,1,2,2,4
1612,30<=Age<=39,Female,Undergraduate,Single,"Income<=$50,000",White,Not Donated,0,2,1,1,1,1,5
1613,30<=Age<=39,Female,Undergraduate,Married,"$50,000<Income<=$100,000",White,Not Donated,0,2,1,1,2,2,5
1614,Age<=29,Female,Undergraduate,Single,"Income<=$50,000",Black,Not Donated,0,1,1,1,1,1,2
1615,Age<=29,Male,Undergraduate,Single,"Income<=$50,000",Hispanic,Not Donated,0,1,2,1,1,1,3
1616,Age<=29,Female,Undergraduate,Married,"Income<=$50,000",White,Not Donated,0,1,1,1,2,1,5
1617,40<=Age<=49,Male,Undergraduate,Single,"$50,000<Income<=$100,000",Black,Not Donated,0,3,2,1,1,2,2
1618,30<=Age<=39,Male,Undergraduate,Married,"Income<=$50,000",White,Donated,60,2,2,1,2,1,5
1619,Age>=50,Male,Graduate,Married,"Income<=$50,000",Hispanic,Not Donated,0,4,2,2,2,1,3
1620,Age<=29,Female,Undergraduate,Single,"$50,000<Income<=$100,000",White,Donated,45,1,1,1,1,2,5
1621,40<=Age<=49,Male,Undergraduate,Married,"Income<=$50,000",Other,Not Donated,0,3,2,1,2,1,4
1622,30<=Age<=39,Female,Undergraduate,Married,"$50,000<Income<=$100,000",Other,Not Donated,0,2,1,1,2,2,4
1623,40<=Age<=49,Female,Undergraduate,Married,"$50,000<Income<=$100,000",White,Not Donated,0,3,1,1,2,2,5
1624,Age<=29,Male,Undergraduate,Married,"Income<=$50,000",White,Not Donated,0,1,2,1,2,1,5
1625,Age<=29,Female,Undergraduate,Single,"Income<=$50,000",White,Not Donated,0,1,1,1,1,1,5
1626,30<=Age<=39,Female,Undergraduate,Married,"Income<=$50,000",Asian,Not Donated,0,2,1,1,2,1,1
1627,40<=Age<=49,Male,Undergraduate,Married,"$50,000<Income<=$100,000",White,Donated,105,3,2,1,2,2,5
1628,30<=Age<=39,Female,Undergraduate,Single,"Income<=$50,000",White,Not Donated,0,2,1,1,1,1,5
1629,Age>=50,Male,Undergraduate,Married,"Income<=$50,000",White,Not Donated,0,4,2,1,2,1,5
1630,Age<=29,Female,Undergraduate,Married,"Income<=$50,000",White,Not Donated,0,1,1,1,2,1,5
1631,30<=Age<=39,Male,Graduate,Married,"Income<=$50,000",Black,Donated,70,2,2,2,2,1,2
1632,Age<=29,Female,Undergraduate,Married,"$50,000<Income<=$100,000",Other,Not Donated,0,1,1,1,2,2,4
1633,40<=Age<=49,Female,Undergraduate,Married,"Income<=$50,000",Black,Not Donated,0,3,1,1,2,1,2
1634,Age>=50,Female,Undergraduate,Married,"Income>$100,000",White,Donated,120,4,1,1,2,3,5
1635,30<=Age<=39,Female,Undergraduate,Married,"Income<=$50,000",Hispanic,Not Donated,0,2,1,1,2,1,3
1636,30<=Age<=39,Male,Undergraduate,Married,"Income>$100,000",White,Not Donated,0,2,2,1,2,3,5
1637,40<=Age<=49,Male,Undergraduate,Single,"Income<=$50,000",Asian,Not Donated,0,3,2,1,1,1,1
1638,40<=Age<=49,Male,Undergraduate,Single,"Income<=$50,000",White,Not Donated,0,3,2,1,1,1,5
1639,Age>=50,Male,Undergraduate,Married,"Income<=$50,000",Asian,Not Donated,0,4,2,1,2,1,1
1640,30<=Age<=39,Female,Undergraduate,Single,"Income<=$50,000",White,Not Donated,0,2,1,1,1,1,5
1641,40<=Age<=49,Female,Undergraduate,Married,"Income>$100,000",White,Not Donated,0,3,1,1,2,3,5
1642,Age>=50,Female,Undergraduate,Married,"$50,000<Income<=$100,000",White,Not Donated,0,4,1,1,2,2,5
1643,30<=Age<=39,Male,Graduate,Single,"Income>$100,000",White,Donated,115,2,2,2,1,3,5
1644,Age<=29,Male,Undergraduate,Married,"$50,000<Income<=$100,000",Other,Donated,45,1,2,1,2,2,4
1645,Age<=29,Female,Undergraduate,Single,"Income<=$50,000",Other,Not Donated,0,1,1,1,1,1,4
1646,30<=Age<=39,Female,Undergraduate,Married,"$50,000<Income<=$100,000",Hispanic,Not Donated,0,2,1,1,2,2,3
1647,Age<=29,Female,Undergraduate,Married,"Income>$100,000",Black,Not Donated,0,1,1,1,2,3,2
1648,40<=Age<=49,Male,Undergraduate,Single,"Income<=$50,000",White,Not Donated,0,3,2,1,1,1,5
1649,40<=Age<=49,Male,Undergraduate,Married,"$50,000<Income<=$100,000",White,Not Donated,0,3,2,1,2,2,5
1650,40<=Age<=49,Male,Undergraduate,Married,"$50,000<Income<=$100,000",Asian,Not Donated,0,3,2,1,2,2,1
1651,40<=Age<=49,Male,Undergraduate,Married,"Income<=$50,000",Black,Not Donated,0,3,2,1,2,1,2
1652,30<=Age<=39,Female,Undergraduate,Married,"$50,000<Income<=$100,000",White,Not Donated,0,2,1,1,2,2,5
1653,Age>=50,Female,Undergraduate,Married,"Income<=$50,000",Hispanic,Donated,75,4,1,1,2,1,3
1654,Age<=29,Female,Undergraduate,Single,"Income<=$50,000",White,Not Donated,0,1,1,1,1,1,5
1655,40<=Age<=49,Male,Undergraduate,Married,"Income>$100,000",Black,Not Donated,0,3,2,1,2,3,2
1656,Age<=29,Male,Undergraduate,Single,"$50,000<Income<=$100,000",White,Not Donated,0,1,2,1,1,2,5
1657,Age>=50,Male,Undergraduate,Single,"Income>$100,000",Black,Not Donated,0,4,2,1,1,3,2
1658,30<=Age<=39,Male,Undergraduate,Married,"Income<=$50,000",White,Not Donated,0,2,2,1,2,1,5
1659,Age>=50,Female,Undergraduate,Married,"Income>$100,000",White,Donated,150,4,1,1,2,3,5
1660,Age<=29,Male,Undergraduate,Single,"$50,000<Income<=$100,000",White,Donated,40,1,2,1,1,2,5
1661,30<=Age<=39,Female,Undergraduate,Single,"Income<=$50,000",White,Donated,45,2,1,1,1,1,5
1662,30<=Age<=39,Male,Undergraduate,Single,"Income>$100,000",Other,Donated,130,2,2,1,1,3,4
1663,30<=Age<=39,Female,Graduate,Single,"$50,000<Income<=$100,000",Hispanic,Not Donated,0,2,1,2,1,2,3
1664,Age<=29,Male,Undergraduate,Married,"Income>$100,000",Other,Not Donated,0,1,2,1,2,3,4
1665,40<=Age<=49,Female,Undergraduate,Married,"Income<=$50,000",Hispanic,Not Donated,0,3,1,1,2,1,3
1666,30<=Age<=39,Male,Graduate,Married,"$50,000<Income<=$100,000",White,Donated,85,2,2,2,2,2,5
1667,30<=Age<=39,Female,Undergraduate,Married,"Income<=$50,000",White,Donated,60,2,1,1,2,1,5
1668,40<=Age<=49,Male,Undergraduate,Married,"Income>$100,000",Asian,Not Donated,0,3,2,1,2,3,1
1669,Age<=29,Female,Undergraduate,Married,"Income<=$50,000",White,Donated,40,1,1,1,2,1,5
1670,30<=Age<=39,Male,Graduate,Single,"$50,000<Income<=$100,000",White,Not Donated,0,2,2,2,1,2,5
1671,30<=Age<=39,Male,Undergraduate,Married,"Income>$100,000",White,Not Donated,0,2,2,1,2,3,5
1672,30<=Age<=39,Male,Undergraduate,Single,"Income<=$50,000",White,Not Donated,0,2,2,1,1,1,5
1673,40<=Age<=49,Male,Undergraduate,Married,"$50,000<Income<=$100,000",Hispanic,Not Donated,0,3,2,1,2,2,3
1674,30<=Age<=39,Female,Undergraduate,Married,"Income<=$50,000",White,Not Donated,0,2,1,1,2,1,5
1675,40<=Age<=49,Female,Undergraduate,Single,"$50,000<Income<=$100,000",Hispanic,Not Donated,0,3,1,1,1,2,3
1676,Age>=50,Male,Undergraduate,Married,"Income<=$50,000",White,Donated,80,4,2,1,2,1,5
1677,30<=Age<=39,Female,Undergraduate,Married,"Income<=$50,000",White,Not Donated,0,2,1,1,2,1,5
1678,40<=Age<=49,Female,Undergraduate,Married,"Income<=$50,000",Other,Not Donated,0,3,1,1,2,1,4
1679,Age<=29,Female,Undergraduate,Married,"$50,000<Income<=$100,000",Hispanic,Not Donated,0,1,1,1,2,2,3
1680,Age>=50,Female,Graduate,Married,"Income>$100,000",White,Donated,160,4,1,2,2,3,5
1681,Age<=29,Female,Undergraduate,Single,"Income<=$50,000",White,Not Donated,0,1,1,1,1,1,5
1682,Age<=29,Male,Undergraduate,Single,"Income>$100,000",White,Donated,75,1,2,1,1,3,5
1683,30<=Age<=39,Female,Undergraduate,Single,"Income<=$50,000",Black,Donated,45,2,1,1,1,1,2
1684,30<=Age<=39,Female,Undergraduate,Married,"Income<=$50,000",White,Not Donated,0,2,1,1,2,1,5
1685,Age<=29,Male,Undergraduate,Single,"$50,000<Income<=$100,000",White,Donated,40,1,2,1,1,2,5
1686,Age<=29,Male,Undergraduate,Single,"Income<=$50,000",Hispanic,Not Donated,0,1,2,1,1,1,3
1687,40<=Age<=49,Female,Undergraduate,Single,"Income>$100,000",White,Donated,95,3,1,1,1,3,5
1688,Age<=29,Female,Undergraduate,Married,"Income<=$50,000",White,Donated,25,1,1,1,2,1,5
1689,40<=Age<=49,Female,Graduate,Single,"$50,000<Income<=$100,000",Hispanic,Donated,120,3,1,2,1,2,3
1690,Age<=29,Male,Undergraduate,Married,"Income<=$50,000",Black,Donated,40,1,2,1,2,1,2
1691,40<=Age<=49,Male,Undergraduate,Married,"Income<=$50,000",White,Not Donated,0,3,2,1,2,1,5
1692,Age>=50,Female,Undergraduate,Married,"$50,000<Income<=$100,000",Asian,Not Donated,0,4,1,1,2,2,1
1693,40<=Age<=49,Female,Undergraduate,Married,"Income<=$50,000",White,Not Donated,0,3,1,1,2,1,5
1694,Age>=50,Male,Undergraduate,Married,"$50,000<Income<=$100,000",White,Not Donated,0,4,2,1,2,2,5
1695,40<=Age<=49,Male,Undergraduate,Single,"$50,000<Income<=$100,000",Black,Not Donated,0,3,2,1,1,2,2
1696,30<=Age<=39,Female,Undergraduate,Married,"$50,000<Income<=$100,000",White,Donated,100,2,1,1,2,2,5
1697,Age<=29,Male,Undergraduate,Married,"Income<=$50,000",White,Not Donated,0,1,2,1,2,1,5
1698,30<=Age<=39,Male,Undergraduate,Single,"Income<=$50,000",White,Not Donated,0,2,2,1,1,1,5
1699,40<=Age<=49,Female,Undergraduate,Single,"Income<=$50,000",Hispanic,Not Donated,0,3,1,1,1,1,3
1700,Age<=29,Male,Graduate,Married,"Income<=$50,000",White,Donated,35,1,2,2,2,1,5
1701,40<=Age<=49,Male,Undergraduate,Married,"Income>$100,000",White,Not Donated,0,3,2,1,2,3,5
1702,Age<=29,Female,Undergraduate,Single,"$50,000<Income<=$100,000",White,Not Donated,0,1,1,1,1,2,5
1703,Age<=29,Male,Undergraduate,Married,"Income<=$50,000",Black,Donated,60,1,2,1,2,1,2
1704,Age>=50,Male,Undergraduate,Married,"$50,000<Income<=$100,000",White,Donated,115,4,2,1,2,2,5
1705,Age>=50,Male,Undergraduate,Single,"Income<=$50,000",White,Not Donated,0,4,2,1,1,1,5
1706,Age>=50,Male,Undergraduate,Married,"Income>$100,000",Asian,Not Donated,0,4,2,1,2,3,1
1707,30<=Age<=39,Male,Undergraduate,Married,"Income<=$50,000",White,Donated,45,2,2,1,2,1,5
1708,40<=Age<=49,Male,Undergraduate,Married,"$50,000<Income<=$100,000",White,Not Donated,0,3,2,1,2,2,5
1709,40<=Age<=49,Male,Undergraduate,Married,"$50,000<Income<=$100,000",White,Not Donated,0,3,2,1,2,2,5
1710,Age>=50,Female,Undergraduate,Single,"Income>$100,000",Asian,Not Donated,0,4,1,1,1,3,1
1711,30<=Age<=39,Male,Undergraduate,Married,"Income<=$50,000",Hispanic,Donated,60,2,2,1,2,1,3
1712,40<=Age<=49,Female,Undergraduate,Married,"Income<=$50,000",White,Not Donated,0,3,1,1,2,1,5
1713,30<=Age<=39,Female,Undergraduate,Married,"Income>$100,000",White,Not Donated,0,2,1,1,2,3,5
1714,40<=Age<=49,Female,Undergraduate,Married,"Income<=$50,000",White,Donated,85,3,1,1,2,1,5
1715,Age<=29,Male,Undergraduate,Married,"Income<=$50,000",Asian,Donated,35,1,2,1,2,1,1
1716,30<=Age<=39,Male,Undergraduate,Married,"$50,000<Income<=$100,000",White,Not Donated,0,2,2,1,2,2,5
1717,Age<=29,Male,Undergraduate,Married,"Income>$100,000",White,Donated,85,1,2,1,2,3,5
1718,40<=Age<=49,Female,Undergraduate,Married,"Income>$100,000",Asian,Not Donated,0,3,1,1,2,3,1
1719,Age<=29,Female,Undergraduate,Single,"Income<=$50,000",White,Not Donated,0,1,1,1,1,1,5
1720,40<=Age<=49,Female,Undergraduate,Married,"$50,000<Income<=$100,000",Asian,Not Donated,0,3,1,1,2,2,1
1721,40<=Age<=49,Female,Undergraduate,Single,"Income<=$50,000",White,Donated,65,3,1,1,1,1,5
1722,30<=Age<=39,Male,Undergraduate,Married,"Income<=$50,000",Black,Not Donated,0,2,2,1,2,1,2
1723,40<=Age<=49,Female,Undergraduate,Single,"Income>$100,000",White,Donated,115,3,1,1,1,3,5
1724,Age<=29,Female,Undergraduate,Married,"Income<=$50,000",Hispanic,Donated,50,1,1,1,2,1,3
1725,40<=Age<=49,Male,Undergraduate,Single,"Income<=$50,000",Hispanic,Not Donated,0,3,2,1,1,1,3
1726,40<=Age<=49,Male,Undergraduate,Married,"Income<=$50,000",White,Not Donated,0,3,2,1,2,1,5
1727,40<=Age<=49,Female,Undergraduate,Married,"$50,000<Income<=$100,000",Hispanic,Donated,110,3,1,1,2,2,3
1728,Age>=50,Female,Undergraduate,Married,"Income<=$50,000",White,Not Donated,0,4,1,1,2,1,5
1729,40<=Age<=49,Male,Undergraduate,Single,"$50,000<Income<=$100,000",Hispanic,Not Donated,0,3,2,1,1,2,3
1730,40<=Age<=49,Male,Undergraduate,Married,"$50,000<Income<=$100,000",White,Not Donated,0,3,2,1,2,2,5
1731,Age<=29,Female,Undergraduate,Married,"$50,000<Income<=$100,000",Black,Donated,60,1,1,1,2,2,2
1732,40<=Age<=49,Female,Undergraduate,Married,"$50,000<Income<=$100,000",Other,Not Donated,0,3,1,1,2,2,4
1733,30<=Age<=39,Female,Undergraduate,Married,"Income>$100,000",White,Donated,95,2,1,1,2,3,5
1734,40<=Age<=49,Male,Undergraduate,Single,"$50,000<Income<=$100,000",Asian,Not Donated,0,3,2,1,1,2,1
1735,30<=Age<=39,Male,Undergraduate,Single,"Income<=$50,000",Black,Donated,65,2,2,1,1,1,2
1736,30<=Age<=39,Female,Undergraduate,Married,"Income<=$50,000",White,Not Donated,0,2,1,1,2,1,5
1737,30<=Age<=39,Male,Undergraduate,Single,"Income<=$50,000",White,Not Donated,0,2,2,1,1,1,5
1738,40<=Age<=49,Male,Undergraduate,Married,"Income>$100,000",White,Not Donated,0,3,2,1,2,3,5
1739,30<=Age<=39,Male,Undergraduate,Single,"Income>$100,000",Hispanic,Not Donated,0,2,2,1,1,3,3
1740,40<=Age<=49,Female,Undergraduate,Single,"$50,000<Income<=$100,000",White,Not Donated,0,3,1,1,1,2,5
1741,30<=Age<=39,Male,Undergraduate,Married,"Income>$100,000",White,Not Donated,0,2,2,1,2,3,5
1742,30<=Age<=39,Female,Undergraduate,Married,"Income<=$50,000",White,Donated,60,2,1,1,2,1,5
1743,40<=Age<=49,Male,Undergraduate,Single,"Income<=$50,000",White,Not Donated,0,3,2,1,1,1,5
1744,30<=Age<=39,Male,Undergraduate,Single,"Income<=$50,000",White,Not Donated,0,2,2,1,1,1,5
1745,40<=Age<=49,Female,Undergraduate,Married,"Income<=$50,000",White,Donated,90,3,1,1,2,1,5
1746,Age<=29,Male,Undergraduate,Married,"$50,000<Income<=$100,000",White,Donated,60,1,2,1,2,2,5
1747,40<=Age<=49,Female,Undergraduate,Married,"Income<=$50,000",Black,Donated,80,3,1,1,2,1,2
1748,Age>=50,Male,Undergraduate,Married,"$50,000<Income<=$100,000",White,Not Donated,0,4,2,1,2,2,5
1749,Age<=29,Male,Undergraduate,Single,"Income<=$50,000",White,Donated,20,1,2,1,1,1,5
1750,30<=Age<=39,Male,Graduate,Married,"Income>$100,000",Black,Not Donated,0,2,2,2,2,3,2
1751,Age>=50,Female,Graduate,Single,"Income<=$50,000",Hispanic,Donated,115,4,1,2,1,1,3
1752,Age>=50,Female,Graduate,Single,"$50,000<Income<=$100,000",White,Donated,125,4,1,2,1,2,5
1753,Age>=50,Female,Undergraduate,Married,"Income<=$50,000",White,Not Donated,0,4,1,1,2,1,5
1754,Age<=29,Female,Undergraduate,Married,"$50,000<Income<=$100,000",Hispanic,Donated,60,1,1,1,2,2,3
1755,Age<=29,Male,Undergraduate,Married,"$50,000<Income<=$100,000",White,Donated,70,1,2,1,2,2,5
1756,Age<=29,Female,Undergraduate,Married,"Income>$100,000",Hispanic,Not Donated,0,1,1,1,2,3,3
1757,Age<=29,Male,Undergraduate,Single,"$50,000<Income<=$100,000",White,Not Donated,0,1,2,1,1,2,5
1758,Age>=50,Female,Undergraduate,Single,"$50,000<Income<=$100,000",White,Not Donated,0,4,1,1,1,2,5
1759,40<=Age<=49,Female,Undergraduate,Single,"$50,000<Income<=$100,000",Black,Not Donated,0,3,1,1,1,2,2
1760,30<=Age<=39,Male,Undergraduate,Married,"Income>$100,000",White,Donated,95,2,2,1,2,3,5
1761,40<=Age<=49,Female,Undergraduate,Single,"Income<=$50,000",White,Not Donated,0,3,1,1,1,1,5
1762,Age>=50,Male,Undergraduate,Married,"$50,000<Income<=$100,000",Asian,Donated,125,4,2,1,2,2,1
1763,Age<=29,Female,Undergraduate,Married,"$50,000<Income<=$100,000",Other,Donated,40,1,1,1,2,2,4
1764,40<=Age<=49,Male,Graduate,Single,"Income>$100,000",White,Not Donated,0,3,2,2,1,3,5
1765,30<=Age<=39,Female,Undergraduate,Single,"$50,000<Income<=$100,000",White,Not Donated,0,2,1,1,1,2,5
1766,Age<=29,Female,Undergraduate,Married,"Income<=$50,000",White,Donated,50,1,1,1,2,1,5
1767,Age<=29,Male,Undergraduate,Single,"Income<=$50,000",Hispanic,Not Donated,0,1,2,1,1,1,3
1768,30<=Age<=39,Male,Undergraduate,Single,"$50,000<Income<=$100,000",White,Not Donated,0,2,2,1,1,2,5
1769,30<=Age<=39,Female,Undergraduate,Single,"$50,000<Income<=$100,000",Hispanic,Donated,100,2,1,1,1,2,3
1770,30<=Age<=39,Male,Undergraduate,Married,"$50,000<Income<=$100,000",White,Not Donated,0,2,2,1,2,2,5
1771,40<=Age<=49,Male,Undergraduate,Married,"Income<=$50,000",White,Not Donated,0,3,2,1,2,1,5
1772,30<=Age<=39,Female,Undergraduate,Married,"Income<=$50,000",White,Donated,65,2,1,1,2,1,5
1773,30<=Age<=39,Female,Undergraduate,Single,"$50,000<Income<=$100,000",White,Not Donated,0,2,1,1,1,2,5
1774,30<=Age<=39,Male,Undergraduate,Married,"Income<=$50,000",White,Not Donated,0,2,2,1,2,1,5
1775,40<=Age<=49,Female,Undergraduate,Married,"$50,000<Income<=$100,000",Hispanic,Not Donated,0,3,1,1,2,2,3
1776,Age>=50,Male,Undergraduate,Single,"$50,000<Income<=$100,000",White,Not Donated,0,4,2,1,1,2,5
1777,30<=Age<=39,Male,Graduate,Married,"$50,000<Income<=$100,000",White,Donated,110,2,2,2,2,2,5
1778,Age<=29,Female,Graduate,Married,"Income<=$50,000",Other,Not Donated,0,1,1,2,2,1,4
1779,30<=Age<=39,Female,Undergraduate,Single,"Income<=$50,000",Black,Not Donated,0,2,1,1,1,1,2
1780,Age<=29,Female,Undergraduate,Married,"Income<=$50,000",Other,Not Donated,0,1,1,1,2,1,4
1781,40<=Age<=49,Female,Undergraduate,Married,"$50,000<Income<=$100,000",Hispanic,Donated,85,3,1,1,2,2,3
1782,30<=Age<=39,Female,Graduate,Married,"$50,000<Income<=$100,000",Black,Donated,90,2,1,2,2,2,2
1783,Age>=50,Female,Undergraduate,Married,"Income<=$50,000",White,Not Donated,0,4,1,1,2,1,5
1784,40<=Age<=49,Male,Undergraduate,Single,"Income<=$50,000",Black,Donated,70,3,2,1,1,1,2
1785,30<=Age<=39,Male,Graduate,Single,"Income<=$50,000",White,Donated,70,2,2,2,1,1,5
1786,30<=Age<=39,Female,Graduate,Married,"Income<=$50,000",White,Donated,50,2,1,2,2,1,5
1787,30<=Age<=39,Male,Undergraduate,Married,"Income<=$50,000",White,Donated,70,2,2,1,2,1,5
1788,Age>=50,Female,Undergraduate,Single,"Income<=$50,000",Black,Donated,85,4,1,1,1,1,2
1789,40<=Age<=49,Male,Graduate,Single,"$50,000<Income<=$100,000",White,Donated,105,3,2,2,1,2,5
1790,Age>=50,Female,Undergraduate,Single,"Income<=$50,000",Hispanic,Not Donated,0,4,1,1,1,1,3
1791,Age<=29,Male,Undergraduate,Married,"$50,000<Income<=$100,000",Hispanic,Not Donated,0,1,2,1,2,2,3
1792,30<=Age<=39,Female,Undergraduate,Married,"Income<=$50,000",Black,Not Donated,0,2,1,1,2,1,2
1793,40<=Age<=49,Female,Undergraduate,Single,"Income<=$50,000",Asian,Not Donated,0,3,1,1,1,1,1
1794,Age<=29,Male,Undergraduate,Married,"$50,000<Income<=$100,000",White,Not Donated,0,1,2,1,2,2,5
1795,Age>=50,Female,Undergraduate,Single,"$50,000<Income<=$100,000",White,Not Donated,0,4,1,1,1,2,5
1796,Age<=29,Female,Undergraduate,Married,"$50,000<Income<=$100,000",White,Not Donated,0,1,1,1,2,2,5
1797,Age<=29,Male,Undergraduate,Married,"Income<=$50,000",White,Not Donated,0,1,2,1,2,1,5
1798,40<=Age<=49,Male,Undergraduate,Single,"$50,000<Income<=$100,000",Other,Donated,95,3,2,1,1,2,4
1799,30<=Age<=39,Female,Undergraduate,Married,"Income<=$50,000",White,Not Donated,0,2,1,1,2,1,5
1800,Age<=29,Female,Undergraduate,Married,"Income>$100,000",White,Not Donated,0,1,1,1,2,3,5
1801,40<=Age<=49,Female,Undergraduate,Married,"Income<=$50,000",Asian,Not Donated,0,3,1,1,2,1,1
1802,30<=Age<=39,Female,Undergraduate,Married,"$50,000<Income<=$100,000",White,Donated,75,2,1,1,2,2,5
1803,40<=Age<=49,Male,Undergraduate,Single,"Income<=$50,000",White,Donated,75,3,2,1,1,1,5
1804,40<=Age<=49,Male,Undergraduate,Married,"Income<=$50,000",Asian,Not Donated,0,3,2,1,2,1,1
1805,Age<=29,Female,Undergraduate,Married,"Income<=$50,000",Black,Not Donated,0,1,1,1,2,1,2
1806,30<=Age<=39,Female,Undergraduate,Married,"Income<=$50,000",White,Not Donated,0,2,1,1,2,1,5
1807,Age<=29,Female,Undergraduate,Married,"Income<=$50,000",White,Donated,35,1,1,1,2,1,5
1808,Age<=29,Male,Undergraduate,Single,"Income>$100,000",White,Not Donated,0,1,2,1,1,3,5
1809,40<=Age<=49,Male,Undergraduate,Married,"Income>$100,000",White,Not Donated,0,3,2,1,2,3,5
1810,Age>=50,Female,Undergraduate,Married,"Income>$100,000",White,Donated,155,4,1,1,2,3,5
1811,Age>=50,Male,Undergraduate,Single,"Income<=$50,000",Black,Not Donated,0,4,2,1,1,1,2
1812,Age<=29,Female,Undergraduate,Married,"$50,000<Income<=$100,000",White,Not Donated,0,1,1,1,2,2,5
1813,30<=Age<=39,Male,Undergraduate,Single,"$50,000<Income<=$100,000",White,Not Donated,0,2,2,1,1,2,5
1814,40<=Age<=49,Male,Undergraduate,Married,"Income<=$50,000",White,Not Donated,0,3,2,1,2,1,5
1815,40<=Age<=49,Male,Undergraduate,Single,"Income<=$50,000",Asian,Not Donated,0,3,2,1,1,1,1
1816,40<=Age<=49,Male,Undergraduate,Single,"Income<=$50,000",Black,Not Donated,0,3,2,1,1,1,2
1817,40<=Age<=49,Male,Undergraduate,Single,"$50,000<Income<=$100,000",White,Not Donated,0,3,2,1,1,2,5
1818,30<=Age<=39,Male,Undergraduate,Single,"Income>$100,000",White,Donated,90,2,2,1,1,3,5
1819,Age<=29,Male,Graduate,Married,"Income<=$50,000",White,Not Donated,0,1,2,2,2,1,5
1820,40<=Age<=49,Female,Undergraduate,Married,"Income>$100,000",White,Not Donated,0,3,1,1,2,3,5
1821,Age<=29,Female,Undergraduate,Married,"$50,000<Income<=$100,000",Black,Donated,45,1,1,1,2,2,2
1822,Age<=29,Male,Undergraduate,Married,"Income<=$50,000",Hispanic,Not Donated,0,1,2,1,2,1,3
1823,Age<=29,Male,Undergraduate,Married,"$50,000<Income<=$100,000",White,Not Donated,0,1,2,1,2,2,5
1824,Age<=29,Female,Undergraduate,Married,"$50,000<Income<=$100,000",White,Donated,50,1,1,1,2,2,5
1825,Age<=29,Female,Undergraduate,Married,"Income<=$50,000",Asian,Not Donated,0,1,1,1,2,1,1
1826,Age<=29,Male,Undergraduate,Single,"$50,000<Income<=$100,000",Asian,Not Donated,0,1,2,1,1,2,1
1827,30<=Age<=39,Male,Undergraduate,Married,"Income<=$50,000",Black,Donated,65,2,2,1,2,1,2
1828,40<=Age<=49,Male,Undergraduate,Married,"Income<=$50,000",Asian,Donated,80,3,2,1,2,1,1
1829,Age>=50,Male,Undergraduate,Married,"$50,000<Income<=$100,000",Black,Not Donated,0,4,2,1,2,2,2
1830,Age<=29,Female,Undergraduate,Married,"$50,000<Income<=$100,000",Black,Not Donated,0,1,1,1,2,2,2
1831,Age<=29,Female,Undergraduate,Single,"Income<=$50,000",Asian,Not Donated,0,1,1,1,1,1,1
1832,Age<=29,Female,Undergraduate,Single,"Income>$100,000",Black,Donated,90,1,1,1,1,3,2
1833,Age>=50,Male,Undergraduate,Single,"Income<=$50,000",Other,Not Donated,0,4,2,1,1,1,4
1834,30<=Age<=39,Male,Undergraduate,Married,"Income<=$50,000",Black,Not Donated,0,2,2,1,2,1,2
1835,40<=Age<=49,Male,Undergraduate,Married,"$50,000<Income<=$100,000",White,Donated,115,3,2,1,2,2,5
1836,30<=Age<=39,Male,Undergraduate,Single,"Income<=$50,000",White,Not Donated,0,2,2,1,1,1,5
1837,30<=Age<=39,Male,Undergraduate,Married,"$50,000<Income<=$100,000",White,Not Donated,0,2,2,1,2,2,5
1838,Age<=29,Male,Undergraduate,Single,"Income<=$50,000",Black,Not Donated,0,1,2,1,1,1,2
1839,Age<=29,Female,Undergraduate,Married,"$50,000<Income<=$100,000",Hispanic,Donated,65,1,1,1,2,2,3
1840,Age<=29,Female,Undergraduate,Married,"$50,000<Income<=$100,000",Hispanic,Not Donated,0,1,1,1,2,2,3
1841,Age<=29,Male,Undergraduate,Married,"Income<=$50,000",White,Donated,45,1,2,1,2,1,5
1842,30<=Age<=39,Female,Undergraduate,Married,"Income<=$50,000",Other,Donated,65,2,1,1,2,1,4
1843,Age<=29,Female,Undergraduate,Married,"Income>$100,000",Hispanic,Not Donated,0,1,1,1,2,3,3
1844,40<=Age<=49,Female,Undergraduate,Married,"Income<=$50,000",White,Not Donated,0,3,1,1,2,1,5
1845,40<=Age<=49,Male,Undergraduate,Married,"Income<=$50,000",White,Not Donated,0,3,2,1,2,1,5
1846,Age>=50,Female,Undergraduate,Married,"$50,000<Income<=$100,000",White,Not Donated,0,4,1,1,2,2,5
1847,Age<=29,Male,Undergraduate,Married,"$50,000<Income<=$100,000",White,Not Donated,0,1,2,1,2,2,5
1848,30<=Age<=39,Male,Undergraduate,Married,"$50,000<Income<=$100,000",White,Donated,80,2,2,1,2,2,5
1849,Age<=29,Female,Undergraduate,Single,"Income<=$50,000",White,Not Donated,0,1,1,1,1,1,5
1850,40<=Age<=49,Male,Graduate,Married,"Income>$100,000",White,Not Donated,0,3,2,2,2,3,5
1851,40<=Age<=49,Female,Undergraduate,Married,"Income<=$50,000",Hispanic,Not Donated,0,3,1,1,2,1,3
1852,Age<=29,Male,Undergraduate,Single,"Income<=$50,000",Asian,Donated,30,1,2,1,1,1,1
1853,30<=Age<=39,Male,Graduate,Single,"$50,000<Income<=$100,000",White,Not Donated,0,2,2,2,1,2,5
1854,Age<=29,Male,Undergraduate,Married,"Income<=$50,000",Asian,Donated,30,1,2,1,2,1,1
1855,30<=Age<=39,Male,Undergraduate,Married,"Income<=$50,000",White,Not Donated,0,2,2,1,2,1,5
1856,Age<=29,Male,Undergraduate,Single,"Income<=$50,000",White,Donated,35,1,2,1,1,1,5
1857,Age<=29,Female,Undergraduate,Single,"$50,000<Income<=$100,000",White,Not Donated,0,1,1,1,1,2,5
1858,40<=Age<=49,Female,Undergraduate,Married,"Income<=$50,000",White,Not Donated,0,3,1,1,2,1,5
1859,40<=Age<=49,Male,Undergraduate,Single,"$50,000<Income<=$100,000",Hispanic,Not Donated,0,3,2,1,1,2,3
1860,Age<=29,Male,Undergraduate,Married,"$50,000<Income<=$100,000",Hispanic,Donated,55,1,2,1,2,2,3
1861,30<=Age<=39,Female,Undergraduate,Single,"Income>$100,000",Other,Not Donated,0,2,1,1,1,3,4
1862,Age<=29,Male,Undergraduate,Married,"Income>$100,000",White,Donated,105,1,2,1,2,3,5
1863,Age<=29,Male,Undergraduate,Married,"Income<=$50,000",Asian,Donated,40,1,2,1,2,1,1
1864,Age>=50,Male,Undergraduate,Married,"Income<=$50,000",Black,Not Donated,0,4,2,1,2,1,2
1865,30<=Age<=39,Female,Undergraduate,Married,"$50,000<Income<=$100,000",White,Donated,85,2,1,1,2,2,5
1866,30<=Age<=39,Female,Undergraduate,Married,"Income>$100,000",White,Not Donated,0,2,1,1,2,3,5
1867,Age<=29,Female,Undergraduate,Married,"$50,000<Income<=$100,000",White,Not Donated,0,1,1,1,2,2,5
1868,40<=Age<=49,Female,Undergraduate,Married,"$50,000<Income<=$100,000",White,Not Donated,0,3,1,1,2,2,5
1869,40<=Age<=49,Male,Undergraduate,Married,"Income>$100,000",Other,Not Donated,0,3,2,1,2,3,4
1870,40<=Age<=49,Female,Undergraduate,Married,"Income<=$50,000",Asian,Not Donated,0,3,1,1,2,1,1
1871,40<=Age<=49,Male,Undergraduate,Married,"Income<=$50,000",Asian,Not Donated,0,3,2,1,2,1,1
1872,40<=Age<=49,Male,Undergraduate,Single,"Income<=$50,000",White,Not Donated,0,3,2,1,1,1,5
1873,Age>=50,Female,Undergraduate,Married,"Income<=$50,000",White,Not Donated,0,4,1,1,2,1,5
1874,Age<=29,Female,Undergraduate,Married,"Income<=$50,000",Black,Not Donated,0,1,1,1,2,1,2
1875,40<=Age<=49,Female,Undergraduate,Married,"$50,000<Income<=$100,000",Hispanic,Donated,90,3,1,1,2,2,3
1876,40<=Age<=49,Female,Undergraduate,Married,"Income<=$50,000",White,Not Donated,0,3,1,1,2,1,5
1877,Age<=29,Male,Undergraduate,Married,"Income<=$50,000",Other,Donated,30,1,2,1,2,1,4
1878,40<=Age<=49,Male,Undergraduate,Single,"Income<=$50,000",Other,Not Donated,0,3,2,1,1,1,4
1879,40<=Age<=49,Female,Undergraduate,Single,"Income<=$50,000",Black,Not Donated,0,3,1,1,1,1,2
1880,40<=Age<=49,Male,Undergraduate,Single,"$50,000<Income<=$100,000",Hispanic,Not Donated,0,3,2,1,1,2,3
1881,Age>=50,Female,Undergraduate,Single,"Income<=$50,000",Black,Donated,80,4,1,1,1,1,2
1882,Age<=29,Female,Undergraduate,Single,"$50,000<Income<=$100,000",Asian,Not Donated,0,1,1,1,1,2,1
1883,Age<=29,Male,Undergraduate,Married,"Income<=$50,000",Asian,Not Donated,0,1,2,1,2,1,1
1884,30<=Age<=39,Male,Undergraduate,Single,"Income>$100,000",White,Donated,115,2,2,1,1,3,5
1885,Age>=50,Male,Undergraduate,Married,"Income>$100,000",White,Donated,175,4,2,1,2,3,5
1886,Age<=29,Female,Undergraduate,Married,"Income<=$50,000",White,Not Donated,0,1,1,1,2,1,5
1887,Age<=29,Male,Undergraduate,Single,"$50,000<Income<=$100,000",Black,Donated,45,1,2,1,1,2,2
1888,Age<=29,Male,Undergraduate,Married,"$50,000<Income<=$100,000",Hispanic,Donated,60,1,2,1,2,2,3
1889,40<=Age<=49,Female,Undergraduate,Married,"$50,000<Income<=$100,000",White,Donated,100,3,1,1,2,2,5
1890,Age<=29,Female,Undergraduate,Married,"$50,000<Income<=$100,000",White,Not Donated,0,1,1,1,2,2,5
1891,40<=Age<=49,Male,Graduate,Married,"Income<=$50,000",White,Donated,100,3,2,2,2,1,5
1892,Age<=29,Male,Undergraduate,Single,"Income>$100,000",Hispanic,Donated,75,1,2,1,1,3,3
1893,30<=Age<=39,Female,Undergraduate,Married,"Income<=$50,000",Hispanic,Not Donated,0,2,1,1,2,1,3
1894,40<=Age<=49,Male,Undergraduate,Married,"Income<=$50,000",White,Donated,70,3,2,1,2,1,5
1895,40<=Age<=49,Female,Undergraduate,Married,"$50,000<Income<=$100,000",White,Not Donated,0,3,1,1,2,2,5
1896,40<=Age<=49,Female,Undergraduate,Single,"Income<=$50,000",Hispanic,Not Donated,0,3,1,1,1,1,3
1897,Age<=29,Female,Undergraduate,Married,"Income<=$50,000",Hispanic,Not Donated,0,1,1,1,2,1,3
1898,Age<=29,Male,Undergraduate,Married,"$50,000<Income<=$100,000",White,Donated,75,1,2,1,2,2,5
1899,Age<=29,Female,Undergraduate,Married,"Income<=$50,000",White,Not Donated,0,1,1,1,2,1,5
1900,Age<=29,Male,Graduate,Single,"Income<=$50,000",White,Not Donated,0,1,2,2,1,1,5
1901,40<=Age<=49,Female,Undergraduate,Married,"Income<=$50,000",Black,Not Donated,0,3,1,1,2,1,2
1902,Age>=50,Male,Undergraduate,Single,"$50,000<Income<=$100,000",Black,Donated,125,4,2,1,1,2,2
1903,Age<=29,Male,Undergraduate,Married,"Income<=$50,000",Hispanic,Not Donated,0,1,2,1,2,1,3
1904,30<=Age<=39,Female,Graduate,Married,"Income<=$50,000",Hispanic,Donated,80,2,1,2,2,1,3
1905,Age>=50,Female,Undergraduate,Married,"Income<=$50,000",White,Not Donated,0,4,1,1,2,1,5
1906,30<=Age<=39,Female,Undergraduate,Single,"Income<=$50,000",White,Donated,55,2,1,1,1,1,5
1907,Age>=50,Female,Undergraduate,Married,"Income<=$50,000",Asian,Not Donated,0,4,1,1,2,1,1
1908,Age<=29,Female,Undergraduate,Married,"Income<=$50,000",Hispanic,Donated,20,1,1,1,2,1,3
1909,30<=Age<=39,Female,Undergraduate,Married,"Income<=$50,000",Asian,Not Donated,0,2,1,1,2,1,1
1910,Age<=29,Male,Undergraduate,Single,"$50,000<Income<=$100,000",Asian,Donated,50,1,2,1,1,2,1
1911,Age<=29,Male,Undergraduate,Married,"$50,000<Income<=$100,000",White,Not Donated,0,1,2,1,2,2,5
1912,30<=Age<=39,Female,Undergraduate,Married,"Income<=$50,000",Hispanic,Not Donated,0,2,1,1,2,1,3
1913,40<=Age<=49,Female,Graduate,Single,"Income>$100,000",White,Donated,150,3,1,2,1,3,5
1914,30<=Age<=39,Male,Undergraduate,Married,"$50,000<Income<=$100,000",White,Donated,75,2,2,1,2,2,5
1915,Age<=29,Male,Undergraduate,Married,"Income<=$50,000",White,Not Donated,0,1,2,1,2,1,5
1916,40<=Age<=49,Male,Undergraduate,Married,"Income>$100,000",White,Not Donated,0,3,2,1,2,3,5
1917,30<=Age<=39,Female,Undergraduate,Married,"$50,000<Income<=$100,000",Asian,Donated,75,2,1,1,2,2,1
1918,Age<=29,Female,Undergraduate,Single,"$50,000<Income<=$100,000",Asian,Donated,50,1,1,1,1,2,1
1919,30<=Age<=39,Female,Undergraduate,Married,"Income>$100,000",White,Not Donated,0,2,1,1,2,3,5
1920,Age>=50,Male,Undergraduate,Single,"$50,000<Income<=$100,000",Asian,Not Donated,0,4,2,1,1,2,1
1921,30<=Age<=39,Female,Undergraduate,Married,"$50,000<Income<=$100,000",Other,Not Donated,0,2,1,1,2,2,4
1922,Age<=29,Female,Undergraduate,Married,"$50,000<Income<=$100,000",Hispanic,Donated,45,1,1,1,2,2,3
1923,Age<=29,Male,Undergraduate,Married,"Income<=$50,000",White,Donated,55,1,2,1,2,1,5
1924,Age<=29,Female,Undergraduate,Married,"Income<=$50,000",White,Not Donated,0,1,1,1,2,1,5
1925,Age>=50,Male,Undergraduate,Single,"Income<=$50,000",White,Donated,105,4,2,1,1,1,5
1926,Age<=29,Male,Undergraduate,Married,"Income<=$50,000",Other,Not Donated,0,1,2,1,2,1,4
1927,Age<=29,Male,Undergraduate,Single,"Income<=$50,000",White,Not Donated,0,1,2,1,1,1,5
1928,Age<=29,Female,Undergraduate,Married,"Income<=$50,000",White,Not Donated,0,1,1,1,2,1,5
1929,Age>=50,Male,Undergraduate,Single,"Income<=$50,000",White,Donated,100,4,2,1,1,1,5
1930,Age<=29,Female,Undergraduate,Single,"Income>$100,000",White,Not Donated,0,1,1,1,1,3,5
1931,Age<=29,Male,Undergraduate,Married,"$50,000<Income<=$100,000",White,Not Donated,0,1,2,1,2,2,5
1932,Age<=29,Male,Undergraduate,Single,"$50,000<Income<=$100,000",Asian,Donated,55,1,2,1,1,2,1
1933,30<=Age<=39,Male,Undergraduate,Married,"Income<=$50,000",Hispanic,Not Donated,0,2,2,1,2,1,3
1934,40<=Age<=49,Male,Undergraduate,Married,"$50,000<Income<=$100,000",Black,Not Donated,0,3,2,1,2,2,2
1935,Age<=29,Male,Undergraduate,Single,"Income<=$50,000",White,Not Donated,0,1,2,1,1,1,5
1936,Age>=50,Male,Undergraduate,Single,"Income<=$50,000",White,Not Donated,0,4,2,1,1,1,5
1937,40<=Age<=49,Male,Undergraduate,Married,"Income>$100,000",White,Not Donated,0,3,2,1,2,3,5
1938,Age<=29,Female,Undergraduate,Married,"Income<=$50,000",Other,Donated,40,1,1,1,2,1,4
1939,30<=Age<=39,Male,Undergraduate,Single,"Income<=$50,000",White,Not Donated,0,2,2,1,1,1,5
1940,30<=Age<=39,Female,Undergraduate,Single,"Income<=$50,000",Black,Not Donated,0,2,1,1,1,1,2
1941,Age>=50,Male,Undergraduate,Single,"$50,000<Income<=$100,000",White,Donated,115,4,2,1,1,2,5
1942,30<=Age<=39,Female,Graduate,Married,"Income>$100,000",Hispanic,Donated,110,2,1,2,2,3,3
1943,Age>=50,Male,Undergraduate,Married,"Income<=$50,000",White,Not Donated,0,4,2,1,2,1,5
1944,30<=Age<=39,Male,Graduate,Married,"Income<=$50,000",White,Not Donated,0,2,2,2,2,1,5
1945,40<=Age<=49,Male,Undergraduate,Single,"$50,000<Income<=$100,000",Black,Not Donated,0,3,2,1,1,2,2
1946,40<=Age<=49,Male,Undergraduate,Single,"$50,000<Income<=$100,000",White,Not Donated,0,3,2,1,1,2,5
1947,30<=Age<=39,Male,Undergraduate,Married,"Income<=$50,000",Hispanic,Not Donated,0,2,2,1,2,1,3
1948,30<=Age<=39,Male,Graduate,Married,"$50,000<Income<=$100,000",White,Not Donated,0,2,2,2,2,2,5
1949,Age<=29,Female,Undergraduate,Married,"Income<=$50,000",Black,Donated,45,1,1,1,2,1,2
1950,30<=Age<=39,Female,Undergraduate,Married,"Income<=$50,000",White,Not Donated,0,2,1,1,2,1,5
1951,Age<=29,Female,Undergraduate,Single,"Income<=$50,000",White,Not Donated,0,1,1,1,1,1,5
1952,30<=Age<=39,Female,Undergraduate,Single,"Income<=$50,000",White,Donated,50,2,1,1,1,1,5
1953,30<=Age<=39,Male,Undergraduate,Single,"Income>$100,000",Asian,Not Donated,0,2,2,1,1,3,1
1954,30<=Age<=39,Male,Undergraduate,Married,"$50,000<Income<=$100,000",Asian,Not Donated,0,2,2,1,2,2,1
1955,Age<=29,Male,Graduate,Married,"$50,000<Income<=$100,000",Asian,Not Donated,0,1,2,2,2,2,1
1956,Age>=50,Female,Undergraduate,Married,"Income<=$50,000",White,Not Donated,0,4,1,1,2,1,5
1957,40<=Age<=49,Female,Undergraduate,Married,"Income<=$50,000",White,Not Donated,0,3,1,1,2,1,5
1958,40<=Age<=49,Female,Undergraduate,Married,"$50,000<Income<=$100,000",White,Not Donated,0,3,1,1,2,2,5
1959,Age<=29,Male,Graduate,Married,"$50,000<Income<=$100,000",White,Donated,75,1,2,2,2,2,5
1960,Age<=29,Female,Undergraduate,Single,"Income<=$50,000",Hispanic,Donated,25,1,1,1,1,1,3
1961,30<=Age<=39,Female,Undergraduate,Single,"Income<=$50,000",White,Not Donated,0,2,1,1,1,1,5
1962,Age<=29,Male,Undergraduate,Married,"Income<=$50,000",White,Not Donated,0,1,2,1,2,1,5
1963,Age>=50,Female,Graduate,Single,"$50,000<Income<=$100,000",White,Donated,115,4,1,2,1,2,5
1964,Age<=29,Male,Undergraduate,Married,"Income<=$50,000",White,Donated,35,1,2,1,2,1,5
1965,Age>=50,Female,Undergraduate,Single,"$50,000<Income<=$100,000",White,Donated,125,4,1,1,1,2,5
1966,Age<=29,Female,Undergraduate,Single,"$50,000<Income<=$100,000",White,Donated,65,1,1,1,1,2,5
1967,Age>=50,Female,Undergraduate,Single,"Income>$100,000",White,Donated,130,4,1,1,1,3,5
1968,40<=Age<=49,Male,Undergraduate,Married,"Income>$100,000",Hispanic,Donated,160,3,2,1,2,3,3
1969,Age<=29,Female,Undergraduate,Single,"Income<=$50,000",White,Not Donated,0,1,1,1,1,1,5
1970,30<=Age<=39,Male,Undergraduate,Married,"Income>$100,000",White,Not Donated,0,2,2,1,2,3,5
1971,30<=Age<=39,Male,Undergraduate,Married,"$50,000<Income<=$100,000",Other,Not Donated,0,2,2,1,2,2,4
1972,40<=Age<=49,Female,Undergraduate,Married,"Income<=$50,000",White,Not Donated,0,3,1,1,2,1,5
1973,40<=Age<=49,Male,Undergraduate,Single,"Income>$100,000",Hispanic,Not Donated,0,3,2,1,1,3,3
1974,Age<=29,Male,Undergraduate,Married,"Income>$100,000",White,Not Donated,0,1,2,1,2,3,5
1975,40<=Age<=49,Female,Undergraduate,Married,"Income<=$50,000",Black,Not Donated,0,3,1,1,2,1,2
1976,Age<=29,Female,Undergraduate,Single,"$50,000<Income<=$100,000",White,Not Donated,0,1,1,1,1,2,5
1977,Age>=50,Female,Undergraduate,Married,"Income>$100,000",White,Donated,150,4,1,1,2,3,5
1978,40<=Age<=49,Female,Undergraduate,Married,"Income<=$50,000",White,Not Donated,0,3,1,1,2,1,5
1979,40<=Age<=49,Female,Undergraduate,Single,"$50,000<Income<=$100,000",White,Not Donated,0,3,1,1,1,2,5
1980,Age>=50,Male,Undergraduate,Single,"Income<=$50,000",White,Not Donated,0,4,2,1,1,1,5
1981,40<=Age<=49,Female,Undergraduate,Married,"Income>$100,000",White,Donated,140,3,1,1,2,3,5
1982,30<=Age<=39,Male,Undergraduate,Single,"Income>$100,000",Black,Donated,115,2,2,1,1,3,2
1983,Age>=50,Female,Undergraduate,Married,"$50,000<Income<=$100,000",White,Not Donated,0,4,1,1,2,2,5
1984,40<=Age<=49,Male,Undergraduate,Single,"$50,000<Income<=$100,000",White,Donated,100,3,2,1,1,2,5
1985,30<=Age<=39,Male,Undergraduate,Married,"Income<=$50,000",White,Not Donated,0,2,2,1,2,1,5
1986,Age>=50,Female,Graduate,Married,"Income<=$50,000",Asian,Not Donated,0,4,1,2,2,1,1
1987,Age<=29,Female,Undergraduate,Married,"Income<=$50,000",Black,Not Donated,0,1,1,1,2,1,2
1988,30<=Age<=39,Female,Undergraduate,Single,"Income<=$50,000",Asian,Donated,40,2,1,1,1,1,1
1989,Age<=29,Male,Undergraduate,Single,"$50,000<Income<=$100,000",White,Donated,65,1,2,1,1,2,5
1990,Age>=50,Male,Undergraduate,Married,"Income>$100,000",White,Donated,145,4,2,1,2,3,5
1991,Age<=29,Male,Undergraduate,Married,"Income<=$50,000",White,Donated,35,1,2,1,2,1,5
1992,40<=Age<=49,Male,Undergraduate,Married,"Income<=$50,000",White,Not Donated,0,3,2,1,2,1,5
1993,30<=Age<=39,Female,Undergraduate,Married,"Income>$100,000",White,Not Donated,0,2,1,1,2,3,5
1994,Age<=29,Male,Undergraduate,Married,"$50,000<Income<=$100,000",White,Donated,65,1,2,1,2,2,5
1995,30<=Age<=39,Male,Undergraduate,Married,"$50,000<Income<=$100,000",White,Donated,70,2,2,1,2,2,5
1996,Age<=29,Female,Undergraduate,Married,"$50,000<Income<=$100,000",White,Not Donated,0,1,1,1,2,2,5
1997,Age<=29,Male,Undergraduate,Married,"$50,000<Income<=$100,000",White,Not Donated,0,1,2,1,2,2,5
1998,30<=Age<=39,Female,Undergraduate,Married,"Income<=$50,000",Black,Not Donated,0,2,1,1,2,1,2
1999,40<=Age<=49,Female,Undergraduate,Married,"Income<=$50,000",White,Not Donated,0,3,1,1,2,1,5
2000,Age>=50,Female,Undergraduate,Single,"$50,000<Income<=$100,000",Hispanic,Not Donated,0,4,1,1,1,2,3
2001,40<=Age<=49,Female,Undergraduate,Single,"$50,000<Income<=$100,000",White,Not Donated,0,3,1,1,1,2,5
2002,Age>=50,Male,Undergraduate,Married,"$50,000<Income<=$100,000",White,Not Donated,0,4,2,1,2,2,5
2003,Age<=29,Male,Undergraduate,Married,"$50,000<Income<=$100,000",White,Donated,70,1,2,1,2,2,5
2004,Age>=50,Female,Undergraduate,Single,"Income<=$50,000",White,Donated,85,4,1,1,1,1,5
2005,Age<=29,Female,Undergraduate,Married,"Income<=$50,000",Black,Donated,45,1,1,1,2,1,2
2006,Age>=50,Female,Undergraduate,Married,"$50,000<Income<=$100,000",Black,Not Donated,0,4,1,1,2,2,2
2007,Age>=50,Male,Undergraduate,Married,"$50,000<Income<=$100,000",White,Not Donated,0,4,2,1,2,2,5
2008,40<=Age<=49,Male,Graduate,Single,"$50,000<Income<=$100,000",White,Donated,115,3,2,2,1,2,5
2009,30<=Age<=39,Male,Undergraduate,Single,"$50,000<Income<=$100,000",Black,Donated,65,2,2,1,1,2,2
2010,40<=Age<=49,Male,Undergraduate,Married,"Income<=$50,000",White,Not Donated,0,3,2,1,2,1,5
2011,Age<=29,Female,Undergraduate,Married,"Income<=$50,000",White,Not Donated,0,1,1,1,2,1,5
2012,Age>=50,Male,Graduate,Married,"Income<=$50,000",Black,Not Donated,0,4,2,2,2,1,2
2013,40<=Age<=49,Female,Undergraduate,Single,"Income<=$50,000",White,Not Donated,0,3,1,1,1,1,5
2014,Age>=50,Female,Undergraduate,Married,"Income<=$50,000",White,Not Donated,0,4,1,1,2,1,5
2015,Age<=29,Male,Undergraduate,Single,"Income<=$50,000",Other,Donated,35,1,2,1,1,1,4
2016,Age<=29,Female,Undergraduate,Single,"Income<=$50,000",White,Donated,25,1,1,1,1,1,5
2017,40<=Age<=49,Male,Undergraduate,Single,"$50,000<Income<=$100,000",White,Not Donated,0,3,2,1,1,2,5
2018,Age<=29,Female,Undergraduate,Married,"Income<=$50,000",White,Donated,45,1,1,1,2,1,5
2019,30<=Age<=39,Male,Undergraduate,Single,"Income<=$50,000",White,Not Donated,0,2,2,1,1,1,5
2020,30<=Age<=39,Male,Undergraduate,Married,"Income<=$50,000",White,Not Donated,0,2,2,1,2,1,5
2021,Age<=29,Female,Graduate,Single,"$50,000<Income<=$100,000",Asian,Donated,70,1,1,2,1,2,1
2022,40<=Age<=49,Male,Undergraduate,Married,"Income<=$50,000",White,Not Donated,0,3,2,1,2,1,5
2023,30<=Age<=39,Male,Undergraduate,Single,"Income<=$50,000",Hispanic,Not Donated,0,2,2,1,1,1,3
2024,40<=Age<=49,Female,Undergraduate,Married,"$50,000<Income<=$100,000",White,Not Donated,0,3,1,1,2,2,5
2025,Age<=29,Male,Undergraduate,Married,"Income>$100,000",Hispanic,Not Donated,0,1,2,1,2,3,3
2026,30<=Age<=39,Female,Undergraduate,Married,"$50,000<Income<=$100,000",White,Not Donated,0,2,1,1,2,2,5
2027,40<=Age<=49,Female,Undergraduate,Married,"$50,000<Income<=$100,000",Hispanic,Not Donated,0,3,1,1,2,2,3
2028,40<=Age<=49,Male,Undergraduate,Single,"Income>$100,000",White,Not Donated,0,3,2,1,1,3,5
2029,40<=Age<=49,Male,Undergraduate,Married,"Income<=$50,000",White,Not Donated,0,3,2,1,2,1,5
2030,40<=Age<=49,Male,Undergraduate,Married,"Income<=$50,000",White,Not Donated,0,3,2,1,2,1,5
2031,40<=Age<=49,Male,Undergraduate,Married,"Income<=$50,000",Black,Not Donated,0,3,2,1,2,1,2
2032,Age<=29,Male,Undergraduate,Single,"$50,000<Income<=$100,000",Black,Donated,40,1,2,1,1,2,2
2033,40<=Age<=49,Female,Undergraduate,Married,"$50,000<Income<=$100,000",White,Not Donated,0,3,1,1,2,2,5
2034,Age<=29,Male,Undergraduate,Married,"Income>$100,000",Other,Not Donated,0,1,2,1,2,3,4
2035,40<=Age<=49,Female,Undergraduate,Single,"Income<=$50,000",White,Donated,65,3,1,1,1,1,5
2036,Age>=50,Female,Undergraduate,Married,"$50,000<Income<=$100,000",Black,Not Donated,0,4,1,1,2,2,2
2037,Age>=50,Female,Undergraduate,Married,"$50,000<Income<=$100,000",Hispanic,Not Donated,0,4,1,1,2,2,3
2038,Age<=29,Male,Undergraduate,Single,"$50,000<Income<=$100,000",White,Not Donated,0,1,2,1,1,2,5
2039,30<=Age<=39,Female,Undergraduate,Married,"Income<=$50,000",White,Donated,70,2,1,1,2,1,5
2040,40<=Age<=49,Female,Undergraduate,Married,"Income<=$50,000",White,Donated,70,3,1,1,2,1,5
2041,40<=Age<=49,Female,Undergraduate,Married,"Income<=$50,000",Hispanic,Not Donated,0,3,1,1,2,1,3
2042,40<=Age<=49,Male,Undergraduate,Single,"Income<=$50,000",White,Donated,70,3,2,1,1,1,5
2043,30<=Age<=39,Male,Undergraduate,Married,"Income<=$50,000",White,Not Donated,0,2,2,1,2,1,5
2044,40<=Age<=49,Female,Undergraduate,Married,"$50,000<Income<=$100,000",White,Not Donated,0,3,1,1,2,2,5
2045,Age<=29,Male,Undergraduate,Single,"Income<=$50,000",White,Donated,40,1,2,1,1,1,5
2046,Age<=29,Female,Undergraduate,Married,"Income>$100,000",Asian,Not Donated,0,1,1,1,2,3,1
2047,40<=Age<=49,Female,Graduate,Married,"Income<=$50,000",White,Not Donated,0,3,1,2,2,1,5
2048,30<=Age<=39,Male,Undergraduate,Married,"$50,000<Income<=$100,000",White,Not Donated,0,2,2,1,2,2,5
2049,Age<=29,Female,Graduate,Married,"$50,000<Income<=$100,000",Other,Donated,115,1,1,2,2,2,4
2050,40<=Age<=49,Female,Undergraduate,Married,"Income<=$50,000",White,Not Donated,0,3,1,1,2,1,5
2051,30<=Age<=39,Female,Undergraduate,Single,"Income<=$50,000",White,Not Donated,0,2,1,1,1,1,5
2052,40<=Age<=49,Female,Undergraduate,Single,"$50,000<Income<=$100,000",White,Donated,80,3,1,1,1,2,5
2053,Age<=29,Male,Undergraduate,Single,"Income>$100,000",Black,Donated,85,1,2,1,1,3,2
2054,Age>=50,Male,Undergraduate,Married,"Income<=$50,000",Asian,Not Donated,0,4,2,1,2,1,1
2055,30<=Age<=39,Male,Undergraduate,Single,"Income<=$50,000",Hispanic,Donated,55,2,2,1,1,1,3
2056,Age>=50,Female,Undergraduate,Single,"Income<=$50,000",White,Not Donated,0,4,1,1,1,1,5
2057,40<=Age<=49,Female,Undergraduate,Single,"Income<=$50,000",White,Not Donated,0,3,1,1,1,1,5
2058,30<=Age<=39,Female,Undergraduate,Single,"Income<=$50,000",White,Not Donated,0,2,1,1,1,1,5
2059,30<=Age<=39,Female,Undergraduate,Married,"$50,000<Income<=$100,000",White,Not Donated,0,2,1,1,2,2,5
2060,Age<=29,Female,Graduate,Married,"Income>$100,000",Other,Donated,125,1,1,2,2,3,4
2061,Age>=50,Male,Undergraduate,Single,"Income>$100,000",White,Not Donated,0,4,2,1,1,3,5
2062,Age>=50,Female,Undergraduate,Single,"Income<=$50,000",White,Not Donated,0,4,1,1,1,1,5
2063,Age>=50,Female,Undergraduate,Married,"Income>$100,000",Hispanic,Not Donated,0,4,1,1,2,3,3
2064,30<=Age<=39,Female,Undergraduate,Married,"Income>$100,000",Asian,Donated,65,2,1,1,2,3,1
2065,Age<=29,Female,Undergraduate,Married,"Income<=$50,000",Asian,Donated,40,1,1,1,2,1,1
2066,30<=Age<=39,Male,Undergraduate,Married,"Income>$100,000",Asian,Donated,110,2,2,1,2,3,1
2067,Age<=29,Female,Undergraduate,Married,"Income<=$50,000",Other,Not Donated,0,1,1,1,2,1,4
2068,30<=Age<=39,Female,Undergraduate,Married,"Income>$100,000",White,Not Donated,0,2,1,1,2,3,5
2069,40<=Age<=49,Female,Undergraduate,Married,"Income>$100,000",White,Not Donated,0,3,1,1,2,3,5
2070,Age<=29,Female,Undergraduate,Single,"Income<=$50,000",Other,Not Donated,0,1,1,1,1,1,4
2071,30<=Age<=39,Female,Undergraduate,Single,"Income>$100,000",White,Donated,130,2,1,1,1,3,5
2072,30<=Age<=39,Female,Undergraduate,Single,"Income<=$50,000",Asian,Not Donated,0,2,1,1,1,1,1
2073,40<=Age<=49,Female,Undergraduate,Married,"$50,000<Income<=$100,000",Hispanic,Not Donated,0,3,1,1,2,2,3
2074,30<=Age<=39,Female,Undergraduate,Married,"Income<=$50,000",Hispanic,Not Donated,0,2,1,1,2,1,3
2075,Age>=50,Male,Undergraduate,Single,"Income>$100,000",Black,Not Donated,0,4,2,1,1,3,2
2076,Age<=29,Female,Undergraduate,Single,"$50,000<Income<=$100,000",White,Not Donated,0,1,1,1,1,2,5
2077,Age>=50,Female,Undergraduate,Single,"$50,000<Income<=$100,000",Asian,Not Donated,0,4,1,1,1,2,1
2078,Age>=50,Male,Undergraduate,Single,"Income<=$50,000",Other,Not Donated,0,4,2,1,1,1,4
2079,30<=Age<=39,Male,Undergraduate,Married,"Income<=$50,000",Black,Not Donated,0,2,2,1,2,1,2
2080,Age>=50,Male,Undergraduate,Married,"$50,000<Income<=$100,000",White,Not Donated,0,4,2,1,2,2,5
2081,Age<=29,Male,Undergraduate,Single,"Income>$100,000",White,Not Donated,0,1,2,1,1,3,5
2082,Age<=29,Female,Undergraduate,Single,"Income>$100,000",White,Donated,85,1,1,1,1,3,5
2083,Age<=29,Male,Undergraduate,Married,"Income>$100,000",Black,Not Donated,0,1,2,1,2,3,2
2084,30<=Age<=39,Male,Undergraduate,Married,"$50,000<Income<=$100,000",White,Not Donated,0,2,2,1,2,2,5
2085,30<=Age<=39,Female,Undergraduate,Married,"Income<=$50,000",White,Not Donated,0,2,1,1,2,1,5
2086,Age<=29,Female,Undergraduate,Single,"Income<=$50,000",Other,Not Donated,0,1,1,1,1,1,4
2087,Age<=29,Male,Undergraduate,Single,"$50,000<Income<=$100,000",Black,Donated,45,1,2,1,1,2,2
2088,Age<=29,Female,Undergraduate,Single,"Income<=$50,000",White,Not Donated,0,1,1,1,1,1,5
2089,30<=Age<=39,Male,Undergraduate,Single,"Income<=$50,000",White,Not Donated,0,2,2,1,1,1,5
2090,30<=Age<=39,Female,Undergraduate,Single,"Income>$100,000",White,Not Donated,0,2,1,1,1,3,5
2091,Age>=50,Female,Undergraduate,Married,"Income>$100,000",White,Not Donated,0,4,1,1,2,3,5
2092,40<=Age<=49,Male,Undergraduate,Single,"Income<=$50,000",White,Not Donated,0,3,2,1,1,1,5
2093,30<=Age<=39,Female,Undergraduate,Married,"$50,000<Income<=$100,000",Black,Not Donated,0,2,1,1,2,2,2
2094,30<=Age<=39,Male,Graduate,Single,"Income<=$50,000",Hispanic,Donated,70,2,2,2,1,1,3
2095,40<=Age<=49,Female,Undergraduate,Single,"Income<=$50,000",White,Not Donated,0,3,1,1,1,1,5
2096,Age<=29,Female,Undergraduate,Single,"Income<=$50,000",Black,Not Donated,0,1,1,1,1,1,2
2097,40<=Age<=49,Male,Undergraduate,Married,"$50,000<Income<=$100,000",White,Not Donated,0,3,2,1,2,2,5
2098,30<=Age<=39,Male,Undergraduate,Married,"Income<=$50,000",White,Donated,70,2,2,1,2,1,5
2099,Age>=50,Male,Undergraduate,Married,"Income<=$50,000",White,Not Donated,0,4,2,1,2,1,5
2100,30<=Age<=39,Male,Undergraduate,Married,"Income>$100,000",Asian,Donated,125,2,2,1,2,3,1
2101,40<=Age<=49,Male,Undergraduate,Married,"Income<=$50,000",Black,Not Donated,0,3,2,1,2,1,2
2102,40<=Age<=49,Female,Undergraduate,Married,"$50,000<Income<=$100,000",White,Not Donated,0,3,1,1,2,2,5
2103,Age<=29,Male,Undergraduate,Single,"Income<=$50,000",White,Not Donated,0,1,2,1,1,1,5
2104,40<=Age<=49,Male,Undergraduate,Married,"Income<=$50,000",White,Not Donated,0,3,2,1,2,1,5
2105,Age>=50,Male,Undergraduate,Single,"Income<=$50,000",White,Not Donated,0,4,2,1,1,1,5
2106,40<=Age<=49,Male,Undergraduate,Married,"Income>$100,000",Other,Not Donated,0,3,2,1,2,3,4
2107,Age<=29,Male,Undergraduate,Married,"Income>$100,000",White,Donated,85,1,2,1,2,3,5
2108,30<=Age<=39,Male,Graduate,Married,"Income>$100,000",White,Donated,155,2,2,2,2,3,5
2109,Age>=50,Female,Undergraduate,Married,"Income<=$50,000",White,Donated,105,4,1,1,2,1,5
2110,Age>=50,Female,Undergraduate,Single,"$50,000<Income<=$100,000",Other,Donated,100,4,1,1,1,2,4
2111,40<=Age<=49,Female,Graduate,Single,"Income<=$50,000",White,Not Donated,0,3,1,2,1,1,5
2112,Age<=29,Male,Undergraduate,Married,"Income<=$50,000",Black,Not Donated,0,1,2,1,2,1,2
2113,Age<=29,Female,Undergraduate,Single,"Income<=$50,000",White,Donated,40,1,1,1,1,1,5
2114,Age>=50,Female,Undergraduate,Married,"Income<=$50,000",White,Not Donated,0,4,1,1,2,1,5
2115,40<=Age<=49,Female,Undergraduate,Married,"Income<=$50,000",Asian,Not Donated,0,3,1,1,2,1,1
2116,Age>=50,Female,Undergraduate,Single,"Income>$100,000",White,Donated,135,4,1,1,1,3,5
2117,40<=Age<=49,Female,Undergraduate,Single,"$50,000<Income<=$100,000",Asian,Not Donated,0,3,1,1,1,2,1
2118,Age>=50,Female,Undergraduate,Married,"$50,000<Income<=$100,000",White,Donated,130,4,1,1,2,2,5
2119,40<=Age<=49,Male,Undergraduate,Single,"$50,000<Income<=$100,000",White,Not Donated,0,3,2,1,1,2,5
2120,40<=Age<=49,Male,Undergraduate,Married,"Income<=$50,000",White,Not Donated,0,3,2,1,2,1,5
2121,30<=Age<=39,Male,Undergraduate,Married,"Income<=$50,000",Black,Not Donated,0,2,2,1,2,1,2
2122,40<=Age<=49,Female,Undergraduate,Married,"Income<=$50,000",White,Not Donated,0,3,1,1,2,1,5
2123,40<=Age<=49,Male,Undergraduate,Married,"Income<=$50,000",White,Not Donated,0,3,2,1,2,1,5
2124,30<=Age<=39,Female,Undergraduate,Single,"Income<=$50,000",White,Donated,60,2,1,1,1,1,5
2125,30<=Age<=39,Female,Undergraduate,Married,"Income>$100,000",Black,Not Donated,0,2,1,1,2,3,2
2126,Age<=29,Female,Undergraduate,Married,"Income<=$50,000",Black,Not Donated,0,1,1,1,2,1,2
2127,Age<=29,Female,Undergraduate,Married,"$50,000<Income<=$100,000",White,Not Donated,0,1,1,1,2,2,5
2128,40<=Age<=49,Female,Undergraduate,Married,"Income<=$50,000",Black,Not Donated,0,3,1,1,2,1,2
2129,40<=Age<=49,Female,Undergraduate,Married,"Income<=$50,000",Asian,Donated,85,3,1,1,2,1,1
2130,40<=Age<=49,Male,Undergraduate,Married,"$50,000<Income<=$100,000",Black,Not Donated,0,3,2,1,2,2,2
2131,40<=Age<=49,Male,Undergraduate,Married,"Income<=$50,000",White,Not Donated,0,3,2,1,2,1,5
2132,Age>=50,Female,Undergraduate,Married,"$50,000<Income<=$100,000",White,Donated,110,4,1,1,2,2,5
2133,40<=Age<=49,Male,Undergraduate,Single,"Income<=$50,000",White,Not Donated,0,3,2,1,1,1,5
2134,Age<=29,Female,Undergraduate,Married,"$50,000<Income<=$100,000",Black,Not Donated,0,1,1,1,2,2,2
2135,40<=Age<=49,Male,Undergraduate,Single,"Income>$100,000",White,Donated,145,3,2,1,1,3,5
2136,Age>=50,Male,Undergraduate,Married,"$50,000<Income<=$100,000",White,Not Donated,0,4,2,1,2,2,5
2137,Age>=50,Male,Undergraduate,Married,"$50,000<Income<=$100,000",Black,Not Donated,0,4,2,1,2,2,2
2138,30<=Age<=39,Male,Undergraduate,Married,"Income>$100,000",Asian,Donated,120,2,2,1,2,3,1
2139,30<=Age<=39,Male,Undergraduate,Single,"Income>$100,000",Black,Donated,90,2,2,1,1,3,2
2140,40<=Age<=49,Male,Undergraduate,Single,"$50,000<Income<=$100,000",White,Not Donated,0,3,2,1,1,2,5
2141,40<=Age<=49,Female,Undergraduate,Married,"$50,000<Income<=$100,000",White,Not Donated,0,3,1,1,2,2,5
2142,30<=Age<=39,Female,Undergraduate,Single,"Income>$100,000",White,Donated,120,2,1,1,1,3,5
2143,Age<=29,Female,Undergraduate,Single,"$50,000<Income<=$100,000",Black,Not Donated,0,1,1,1,1,2,2
2144,Age<=29,Female,Undergraduate,Single,"Income>$100,000",White,Donated,55,1,1,1,1,3,5
2145,40<=Age<=49,Male,Undergraduate,Married,"Income>$100,000",White,Not Donated,0,3,2,1,2,3,5
2146,Age>=50,Male,Undergraduate,Married,"$50,000<Income<=$100,000",White,Not Donated,0,4,2,1,2,2,5
2147,Age<=29,Female,Undergraduate,Married,"Income<=$50,000",Black,Not Donated,0,1,1,1,2,1,2
2148,Age<=29,Male,Graduate,Married,"Income<=$50,000",Hispanic,Donated,50,1,2,2,2,1,3
2149,30<=Age<=39,Male,Undergraduate,Single,"$50,000<Income<=$100,000",Hispanic,Donated,65,2,2,1,1,2,3
2150,40<=Age<=49,Female,Undergraduate,Single,"Income>$100,000",White,Donated,115,3,1,1,1,3,5
2151,Age<=29,Female,Undergraduate,Single,"$50,000<Income<=$100,000",White,Not Donated,0,1,1,1,1,2,5
2152,Age>=50,Male,Undergraduate,Married,"Income<=$50,000",White,Not Donated,0,4,2,1,2,1,5
2153,30<=Age<=39,Female,Undergraduate,Married,"Income<=$50,000",White,Not Donated,0,2,1,1,2,1,5
2154,Age>=50,Female,Undergraduate,Married,"$50,000<Income<=$100,000",Black,Not Donated,0,4,1,1,2,2,2
2155,30<=Age<=39,Male,Undergraduate,Single,"Income<=$50,000",White,Donated,45,2,2,1,1,1,5
2156,Age<=29,Female,Undergraduate,Single,"$50,000<Income<=$100,000",White,Not Donated,0,1,1,1,1,2,5
2157,40<=Age<=49,Female,Undergraduate,Married,"Income<=$50,000",White,Not Donated,0,3,1,1,2,1,5
2158,Age<=29,Female,Undergraduate,Married,"Income>$100,000",Black,Donated,75,1,1,1,2,3,2
2159,30<=Age<=39,Male,Undergraduate,Single,"Income<=$50,000",White,Not Donated,0,2,2,1,1,1,5
2160,Age<=29,Male,Undergraduate,Single,"$50,000<Income<=$100,000",White,Donated,45,1,2,1,1,2,5
2161,Age<=29,Male,Graduate,Married,"Income<=$50,000",Hispanic,Not Donated,0,1,2,2,2,1,3
2162,30<=Age<=39,Female,Undergraduate,Single,"$50,000<Income<=$100,000",White,Not Donated,0,2,1,1,1,2,5
2163,Age>=50,Male,Undergraduate,Married,"$50,000<Income<=$100,000",Asian,Donated,105,4,2,1,2,2,1
2164,30<=Age<=39,Male,Undergraduate,Married,"$50,000<Income<=$100,000",Hispanic,Donated,80,2,2,1,2,2,3
2165,30<=Age<=39,Female,Undergraduate,Single,"$50,000<Income<=$100,000",Asian,Not Donated,0,2,1,1,1,2,1
2166,40<=Age<=49,Female,Undergraduate,Single,"Income>$100,000",White,Not Donated,0,3,1,1,1,3,5
2167,30<=Age<=39,Male,Undergraduate,Married,"$50,000<Income<=$100,000",Hispanic,Not Donated,0,2,2,1,2,2,3
2168,Age<=29,Male,Undergraduate,Married,"$50,000<Income<=$100,000",White,Donated,55,1,2,1,2,2,5
2169,40<=Age<=49,Male,Graduate,Single,"$50,000<Income<=$100,000",White,Donated,115,3,2,2,1,2,5
2170,Age<=29,Male,Undergraduate,Married,"Income>$100,000",Hispanic,Donated,60,1,2,1,2,3,3
2171,40<=Age<=49,Female,Undergraduate,Single,"Income<=$50,000",White,Not Donated,0,3,1,1,1,1,5
2172,Age>=50,Female,Undergraduate,Married,"Income>$100,000",White,Not Donated,0,4,1,1,2,3,5
2173,Age<=29,Female,Undergraduate,Married,"$50,000<Income<=$100,000",Black,Not Donated,0,1,1,1,2,2,2
2174,40<=Age<=49,Male,Undergraduate,Married,"$50,000<Income<=$100,000",White,Donated,105,3,2,1,2,2,5
2175,30<=Age<=39,Female,Graduate,Single,"$50,000<Income<=$100,000",Black,Donated,80,2,1,2,1,2,2
2176,40<=Age<=49,Male,Undergraduate,Married,"Income<=$50,000",White,Not Donated,0,3,2,1,2,1,5
2177,40<=Age<=49,Male,Graduate,Married,"Income>$100,000",Hispanic,Not Donated,0,3,2,2,2,3,3
2178,Age<=29,Male,Undergraduate,Married,"Income<=$50,000",White,Not Donated,0,1,2,1,2,1,5
2179,40<=Age<=49,Male,Undergraduate,Married,"$50,000<Income<=$100,000",White,Not Donated,0,3,2,1,2,2,5
2180,30<=Age<=39,Male,Undergraduate,Single,"$50,000<Income<=$100,000",Other,Not Donated,0,2,2,1,1,2,4
2181,30<=Age<=39,Female,Undergraduate,Single,"Income<=$50,000",White,Not Donated,0,2,1,1,1,1,5
2182,Age<=29,Female,Graduate,Married,"Income<=$50,000",White,Not Donated,0,1,1,2,2,1,5
2183,40<=Age<=49,Female,Undergraduate,Married,"$50,000<Income<=$100,000",White,Not Donated,0,3,1,1,2,2,5
2184,30<=Age<=39,Female,Undergraduate,Single,"$50,000<Income<=$100,000",Hispanic,Not Donated,0,2,1,1,1,2,3
2185,40<=Age<=49,Male,Undergraduate,Married,"$50,000<Income<=$100,000",Asian,Donated,100,3,2,1,2,2,1
2186,Age<=29,Male,Undergraduate,Married,"Income<=$50,000",Black,Not Donated,0,1,2,1,2,1,2
2187,40<=Age<=49,Male,Undergraduate,Married,"Income<=$50,000",Asian,Not Donated,0,3,2,1,2,1,1
2188,Age<=29,Male,Undergraduate,Single,"Income<=$50,000",Hispanic,Not Donated,0,1,2,1,1,1,3
2189,Age<=29,Female,Undergraduate,Married,"Income<=$50,000",Hispanic,Donated,5,1,1,1,2,1,3
2190,Age<=29,Female,Undergraduate,Married,"Income<=$50,000",White,Not Donated,0,1,1,1,2,1,5
2191,40<=Age<=49,Male,Undergraduate,Married,"Income<=$50,000",Black,Not Donated,0,3,2,1,2,1,2
2192,40<=Age<=49,Female,Undergraduate,Married,"Income<=$50,000",Black,Donated,95,3,1,1,2,1,2
2193,Age>=50,Female,Undergraduate,Married,"Income>$100,000",Asian,Not Donated,0,4,1,1,2,3,1
2194,40<=Age<=49,Male,Undergraduate,Married,"Income<=$50,000",White,Not Donated,0,3,2,1,2,1,5
2195,Age<=29,Male,Undergraduate,Single,"Income<=$50,000",White,Donated,30,1,2,1,1,1,5
2196,Age<=29,Female,Undergraduate,Single,"Income<=$50,000",Other,Not Donated,0,1,1,1,1,1,4
2197,30<=Age<=39,Female,Undergraduate,Single,"Income<=$50,000",Black,Not Donated,0,2,1,1,1,1,2
2198,Age<=29,Female,Undergraduate,Single,"$50,000<Income<=$100,000",Black,Donated,70,1,1,1,1,2,2
2199,Age<=29,Male,Undergraduate,Married,"Income>$100,000",White,Not Donated,0,1,2,1,2,3,5
2200,30<=Age<=39,Male,Undergraduate,Single,"Income<=$50,000",White,Not Donated,0,2,2,1,1,1,5
2201,40<=Age<=49,Male,Undergraduate,Single,"Income>$100,000",White,Donated,105,3,2,1,1,3,5
2202,40<=Age<=49,Male,Undergraduate,Single,"Income<=$50,000",White,Not Donated,0,3,2,1,1,1,5
2203,Age>=50,Male,Undergraduate,Married,"Income<=$50,000",Hispanic,Not Donated,0,4,2,1,2,1,3
2204,Age<=29,Female,Undergraduate,Married,"Income<=$50,000",White,Not Donated,0,1,1,1,2,1,5
2205,Age>=50,Male,Graduate,Married,"Income>$100,000",Hispanic,Not Donated,0,4,2,2,2,3,3
2206,40<=Age<=49,Male,Undergraduate,Married,"Income<=$50,000",White,Donated,85,3,2,1,2,1,5
2207,Age<=29,Male,Undergraduate,Single,"Income<=$50,000",White,Donated,30,1,2,1,1,1,5
2208,40<=Age<=49,Male,Undergraduate,Single,"$50,000<Income<=$100,000",White,Not Donated,0,3,2,1,1,2,5
2209,Age<=29,Male,Undergraduate,Married,"$50,000<Income<=$100,000",White,Not Donated,0,1,2,1,2,2,5
2210,Age>=50,Male,Undergraduate,Married,"Income>$100,000",White,Donated,125,4,2,1,2,3,5
2211,30<=Age<=39,Female,Undergraduate,Single,"Income>$100,000",White,Not Donated,0,2,1,1,1,3,5
2212,Age<=29,Female,Undergraduate,Married,"Income<=$50,000",Hispanic,Not Donated,0,1,1,1,2,1,3
2213,Age<=29,Female,Undergraduate,Single,"Income<=$50,000",Hispanic,Not Donated,0,1,1,1,1,1,3
2214,Age>=50,Female,Undergraduate,Single,"Income<=$50,000",White,Not Donated,0,4,1,1,1,1,5
2215,40<=Age<=49,Male,Undergraduate,Married,"Income>$100,000",Asian,Not Donated,0,3,2,1,2,3,1
2216,30<=Age<=39,Female,Undergraduate,Married,"$50,000<Income<=$100,000",White,Donated,70,2,1,1,2,2,5
2217,Age>=50,Male,Undergraduate,Married,"Income>$100,000",Hispanic,Donated,155,4,2,1,2,3,3
2218,Age>=50,Female,Undergraduate,Single,"Income<=$50,000",White,Not Donated,0,4,1,1,1,1,5
2219,40<=Age<=49,Male,Undergraduate,Single,"Income<=$50,000",White,Not Donated,0,3,2,1,1,1,5
2220,30<=Age<=39,Male,Undergraduate,Single,"Income<=$50,000",Black,Not Donated,0,2,2,1,1,1,2
2221,40<=Age<=49,Female,Undergraduate,Married,"$50,000<Income<=$100,000",Hispanic,Donated,90,3,1,1,2,2,3
2222,Age>=50,Female,Undergraduate,Married,"Income<=$50,000",Black,Not Donated,0,4,1,1,2,1,2
2223,Age<=29,Male,Undergraduate,Single,"Income<=$50,000",White,Not Donated,0,1,2,1,1,1,5
2224,30<=Age<=39,Male,Graduate,Single,"Income<=$50,000",White,Not Donated,0,2,2,2,1,1,5
2225,Age<=29,Male,Graduate,Single,"$50,000<Income<=$100,000",White,Not Donated,0,1,2,2,1,2,5
2226,30<=Age<=39,Male,Undergraduate,Married,"$50,000<Income<=$100,000",White,Not Donated,0,2,2,1,2,2,5
2227,Age<=29,Female,Undergraduate,Single,"Income<=$50,000",Hispanic,Not Donated,0,1,1,1,1,1,3
2228,40<=Age<=49,Male,Undergraduate,Married,"Income<=$50,000",Black,Not Donated,0,3,2,1,2,1,2
2229,30<=Age<=39,Female,Undergraduate,Married,"Income>$100,000",Black,Not Donated,0,2,1,1,2,3,2
2230,30<=Age<=39,Female,Graduate,Married,"Income<=$50,000",Hispanic,Donated,60,2,1,2,2,1,3
2231,30<=Age<=39,Male,Undergraduate,Married,"Income>$100,000",White,Not Donated,0,2,2,1,2,3,5
2232,30<=Age<=39,Male,Undergraduate,Single,"$50,000<Income<=$100,000",Hispanic,Donated,70,2,2,1,1,2,3
2233,Age<=29,Female,Undergraduate,Married,"$50,000<Income<=$100,000",White,Not Donated,0,1,1,1,2,2,5
2234,30<=Age<=39,Male,Undergraduate,Married,"Income<=$50,000",Hispanic,Not Donated,0,2,2,1,2,1,3
2235,Age<=29,Male,Undergraduate,Married,"Income<=$50,000",Other,Donated,20,1,2,1,2,1,4
2236,Age>=50,Female,Undergraduate,Single,"Income<=$50,000",Hispanic,Donated,80,4,1,1,1,1,3
2237,Age<=29,Female,Undergraduate,Married,"Income>$100,000",Other,Not Donated,0,1,1,1,2,3,4
2238,Age<=29,Male,Undergraduate,Single,"$50,000<Income<=$100,000",White,Not Donated,0,1,2,1,1,2,5
2239,30<=Age<=39,Female,Undergraduate,Single,"$50,000<Income<=$100,000",White,Donated,70,2,1,1,1,2,5
2240,Age<=29,Male,Undergraduate,Single,"Income>$100,000",White,Not Donated,0,1,2,1,1,3,5
2241,Age<=29,Male,Undergraduate,Single,"Income<=$50,000",Asian,Not Donated,0,1,2,1,1,1,1
2242,40<=Age<=49,Male,Undergraduate,Single,"Income>$100,000",White,Donated,145,3,2,1,1,3,5
2243,40<=Age<=49,Male,Undergraduate,Married,"$50,000<Income<=$100,000",White,Donated,125,3,2,1,2,2,5
2244,Age<=29,Male,Undergraduate,Single,"Income<=$50,000",Black,Not Donated,0,1,2,1,1,1,2
2245,Age<=29,Male,Undergraduate,Single,"Income<=$50,000",White,Not Donated,0,1,2,1,1,1,5
2246,Age<=29,Female,Undergraduate,Single,"$50,000<Income<=$100,000",Asian,Donated,65,1,1,1,1,2,1
2247,30<=Age<=39,Female,Undergraduate,Married,"$50,000<Income<=$100,000",White,Not Donated,0,2,1,1,2,2,5
2248,40<=Age<=49,Female,Undergraduate,Married,"Income<=$50,000",White,Not Donated,0,3,1,1,2,1,5
2249,Age<=29,Female,Undergraduate,Married,"Income<=$50,000",White,Not Donated,0,1,1,1,2,1,5
2250,Age<=29,Male,Undergraduate,Single,"Income<=$50,000",Asian,Not Donated,0,1,2,1,1,1,1
2251,40<=Age<=49,Male,Undergraduate,Married,"Income<=$50,000",White,Donated,90,3,2,1,2,1,5
2252,Age<=29,Male,Undergraduate,Single,"Income<=$50,000",White,Donated,35,1,2,1,1,1,5
2253,Age>=50,Female,Undergraduate,Married,"$50,000<Income<=$100,000",White,Not Donated,0,4,1,1,2,2,5
2254,Age<=29,Male,Undergraduate,Single,"$50,000<Income<=$100,000",White,Not Donated,0,1,2,1,1,2,5
2255,40<=Age<=49,Male,Graduate,Single,"Income>$100,000",White,Not Donated,0,3,2,2,1,3,5
2256,30<=Age<=39,Female,Undergraduate,Married,"$50,000<Income<=$100,000",White,Donated,75,2,1,1,2,2,5
2257,Age<=29,Female,Undergraduate,Married,"Income<=$50,000",White,Not Donated,0,1,1,1,2,1,5
2258,30<=Age<=39,Female,Undergraduate,Single,"Income<=$50,000",White,Donated,60,2,1,1,1,1,5
2259,30<=Age<=39,Female,Undergraduate,Single,"Income<=$50,000",White,Not Donated,0,2,1,1,1,1,5
2260,30<=Age<=39,Female,Undergraduate,Single,"Income>$100,000",White,Donated,85,2,1,1,1,3,5
2261,Age>=50,Female,Undergraduate,Single,"Income<=$50,000",Other,Not Donated,0,4,1,1,1,1,4
2262,40<=Age<=49,Female,Undergraduate,Married,"Income<=$50,000",Asian,Not Donated,0,3,1,1,2,1,1
2263,Age<=29,Female,Undergraduate,Single,"Income<=$50,000",Other,Not Donated,0,1,1,1,1,1,4
2264,Age>=50,Male,Undergraduate,Married,"$50,000<Income<=$100,000",Black,Not Donated,0,4,2,1,2,2,2
2265,Age>=50,Male,Undergraduate,Single,"Income>$100,000",White,Not Donated,0,4,2,1,1,3,5
2266,40<=Age<=49,Female,Undergraduate,Single,"$50,000<Income<=$100,000",White,Donated,110,3,1,1,1,2,5
2267,Age<=29,Male,Undergraduate,Married,"Income<=$50,000",Black,Not Donated,0,1,2,1,2,1,2
2268,30<=Age<=39,Male,Undergraduate,Married,"Income<=$50,000",White,Not Donated,0,2,2,1,2,1,5
2269,30<=Age<=39,Female,Undergraduate,Single,"$50,000<Income<=$100,000",Asian,Donated,80,2,1,1,1,2,1
2270,30<=Age<=39,Female,Undergraduate,Married,"$50,000<Income<=$100,000",White,Not Donated,0,2,1,1,2,2,5
2271,Age>=50,Female,Undergraduate,Married,"$50,000<Income<=$100,000",White,Not Donated,0,4,1,1,2,2,5
2272,Age>=50,Male,Undergraduate,Single,"$50,000<Income<=$100,000",White,Not Donated,0,4,2,1,1,2,5
2273,30<=Age<=39,Male,Undergraduate,Single,"$50,000<Income<=$100,000",White,Not Donated,0,2,2,1,1,2,5
2274,40<=Age<=49,Male,Undergraduate,Single,"$50,000<Income<=$100,000",Other,Not Donated,0,3,2,1,1,2,4
2275,30<=Age<=39,Male,Undergraduate,Single,"Income<=$50,000",Asian,Not Donated,0,2,2,1,1,1,1
2276,40<=Age<=49,Male,Undergraduate,Married,"$50,000<Income<=$100,000",White,Donated,90,3,2,1,2,2,5
2277,40<=Age<=49,Male,Undergraduate,Married,"$50,000<Income<=$100,000",Hispanic,Donated,110,3,2,1,2,2,3
2278,Age<=29,Male,Undergraduate,Married,"$50,000<Income<=$100,000",White,Not Donated,0,1,2,1,2,2,5
2279,30<=Age<=39,Female,Graduate,Married,"Income<=$50,000",Black,Donated,90,2,1,2,2,1,2
2280,30<=Age<=39,Female,Graduate,Married,"Income<=$50,000",White,Not Donated,0,2,1,2,2,1,5
2281,40<=Age<=49,Female,Undergraduate,Married,"Income<=$50,000",White,Not Donated,0,3,1,1,2,1,5
2282,Age>=50,Female,Undergraduate,Married,"Income<=$50,000",Other,Not Donated,0,4,1,1,2,1,4
2283,30<=Age<=39,Male,Undergraduate,Single,"Income<=$50,000",White,Not Donated,0,2,2,1,1,1,5
2284,30<=Age<=39,Female,Undergraduate,Single,"Income<=$50,000",Black,Not Donated,0,2,1,1,1,1,2
2285,40<=Age<=49,Female,Undergraduate,Married,"Income<=$50,000",White,Not Donated,0,3,1,1,2,1,5
2286,40<=Age<=49,Male,Undergraduate,Married,"Income<=$50,000",White,Not Donated,0,3,2,1,2,1,5
2287,30<=Age<=39,Female,Undergraduate,Single,"Income<=$50,000",White,Not Donated,0,2,1,1,1,1,5
2288,Age<=29,Female,Undergraduate,Single,"$50,000<Income<=$100,000",White,Not Donated,0,1,1,1,1,2,5
2289,Age>=50,Male,Undergraduate,Married,"Income<=$50,000",White,Not Donated,0,4,2,1,2,1,5
2290,40<=Age<=49,Female,Undergraduate,Single,"Income>$100,000",Hispanic,Not Donated,0,3,1,1,1,3,3
2291,40<=Age<=49,Male,Undergraduate,Married,"$50,000<Income<=$100,000",Other,Not Donated,0,3,2,1,2,2,4
2292,Age<=29,Male,Undergraduate,Married,"Income>$100,000",White,Not Donated,0,1,2,1,2,3,5
2293,Age>=50,Male,Undergraduate,Married,"Income>$100,000",Hispanic,Not Donated,0,4,2,1,2,3,3
2294,Age<=29,Female,Undergraduate,Married,"$50,000<Income<=$100,000",White,Not Donated,0,1,1,1,2,2,5
2295,Age>=50,Female,Undergraduate,Single,"$50,000<Income<=$100,000",White,Donated,90,4,1,1,1,2,5
2296,40<=Age<=49,Female,Graduate,Married,"Income<=$50,000",Black,Donated,95,3,1,2,2,1,2
2297,40<=Age<=49,Female,Undergraduate,Married,"Income<=$50,000",White,Not Donated,0,3,1,1,2,1,5
2298,Age<=29,Female,Undergraduate,Married,"$50,000<Income<=$100,000",White,Not Donated,0,1,1,1,2,2,5
2299,Age<=29,Male,Graduate,Single,"Income<=$50,000",White,Not Donated,0,1,2,2,1,1,5
2300,Age<=29,Female,Undergraduate,Married,"Income<=$50,000",White,Donated,50,1,1,1,2,1,5
2301,Age<=29,Male,Undergraduate,Single,"Income<=$50,000",White,Not Donated,0,1,2,1,1,1,5
2302,40<=Age<=49,Male,Graduate,Married,"Income<=$50,000",White,Donated,95,3,2,2,2,1,5
2303,Age<=29,Male,Undergraduate,Married,"Income<=$50,000",White,Not Donated,0,1,2,1,2,1,5
2304,40<=Age<=49,Male,Undergraduate,Single,"Income<=$50,000",Hispanic,Not Donated,0,3,2,1,1,1,3
2305,Age>=50,Female,Undergraduate,Married,"$50,000<Income<=$100,000",White,Not Donated,0,4,1,1,2,2,5
2306,Age<=29,Male,Undergraduate,Single,"Income>$100,000",White,Not Donated,0,1,2,1,1,3,5
2307,40<=Age<=49,Male,Graduate,Married,"Income>$100,000",Asian,Donated,170,3,2,2,2,3,1
2308,Age<=29,Male,Undergraduate,Married,"Income<=$50,000",Hispanic,Not Donated,0,1,2,1,2,1,3
2309,Age<=29,Male,Undergraduate,Married,"$50,000<Income<=$100,000",White,Not Donated,0,1,2,1,2,2,5
2310,Age>=50,Female,Undergraduate,Married,"$50,000<Income<=$100,000",White,Donated,105,4,1,1,2,2,5
2311,Age<=29,Female,Undergraduate,Single,"Income>$100,000",White,Not Donated,0,1,1,1,1,3,5
2312,Age>=50,Female,Undergraduate,Married,"$50,000<Income<=$100,000",White,Not Donated,0,4,1,1,2,2,5
2313,Age<=29,Male,Undergraduate,Single,"Income>$100,000",White,Donated,60,1,2,1,1,3,5
2314,Age<=29,Male,Undergraduate,Married,"$50,000<Income<=$100,000",Black,Not Donated,0,1,2,1,2,2,2
2315,Age<=29,Female,Graduate,Single,"Income<=$50,000",White,Donated,40,1,1,2,1,1,5
2316,30<=Age<=39,Male,Undergraduate,Married,"Income<=$50,000",White,Donated,65,2,2,1,2,1,5
2317,30<=Age<=39,Female,Graduate,Single,"Income<=$50,000",White,Not Donated,0,2,1,2,1,1,5
2318,30<=Age<=39,Female,Undergraduate,Married,"$50,000<Income<=$100,000",White,Donated,85,2,1,1,2,2,5
2319,40<=Age<=49,Female,Undergraduate,Married,"Income>$100,000",Asian,Not Donated,0,3,1,1,2,3,1
2320,30<=Age<=39,Female,Undergraduate,Married,"Income<=$50,000",Hispanic,Not Donated,0,2,1,1,2,1,3
2321,Age<=29,Female,Undergraduate,Married,"Income<=$50,000",White,Donated,40,1,1,1,2,1,5
2322,40<=Age<=49,Male,Undergraduate,Single,"Income<=$50,000",Hispanic,Not Donated,0,3,2,1,1,1,3
2323,Age<=29,Male,Undergraduate,Married,"Income<=$50,000",White,Not Donated,0,1,2,1,2,1,5
2324,Age<=29,Male,Undergraduate,Married,"Income<=$50,000",Asian,Not Donated,0,1,2,1,2,1,1
2325,40<=Age<=49,Male,Undergraduate,Single,"$50,000<Income<=$100,000",Other,Not Donated,0,3,2,1,1,2,4
2326,40<=Age<=49,Male,Undergraduate,Married,"Income<=$50,000",White,Donated,85,3,2,1,2,1,5
2327,30<=Age<=39,Male,Undergraduate,Married,"$50,000<Income<=$100,000",Black,Not Donated,0,2,2,1,2,2,2
2328,40<=Age<=49,Female,Undergraduate,Married,"Income<=$50,000",White,Not Donated,0,3,1,1,2,1,5
2329,40<=Age<=49,Female,Undergraduate,Married,"Income<=$50,000",Hispanic,Donated,60,3,1,1,2,1,3
2330,40<=Age<=49,Male,Graduate,Married,"Income<=$50,000",Hispanic,Not Donated,0,3,2,2,2,1,3
2331,30<=Age<=39,Male,Undergraduate,Married,"Income<=$50,000",Hispanic,Not Donated,0,2,2,1,2,1,3
2332,40<=Age<=49,Male,Undergraduate,Married,"Income<=$50,000",Black,Not Donated,0,3,2,1,2,1,2
2333,40<=Age<=49,Female,Undergraduate,Married,"Income<=$50,000",White,Donated,80,3,1,1,2,1,5
2334,Age<=29,Male,Undergraduate,Married,"$50,000<Income<=$100,000",White,Not Donated,0,1,2,1,2,2,5
2335,40<=Age<=49,Female,Undergraduate,Married,"Income<=$50,000",Asian,Not Donated,0,3,1,1,2,1,1
2336,Age<=29,Female,Undergraduate,Married,"Income<=$50,000",White,Not Donated,0,1,1,1,2,1,5
2337,30<=Age<=39,Female,Undergraduate,Married,"$50,000<Income<=$100,000",Asian,Not Donated,0,2,1,1,2,2,1
2338,30<=Age<=39,Female,Undergraduate,Married,"Income>$100,000",Black,Not Donated,0,2,1,1,2,3,2
2339,Age<=29,Male,Undergraduate,Married,"Income>$100,000",Hispanic,Not Donated,0,1,2,1,2,3,3
2340,Age<=29,Female,Graduate,Married,"$50,000<Income<=$100,000",Hispanic,Donated,65,1,1,2,2,2,3
2341,Age<=29,Male,Undergraduate,Married,"Income<=$50,000",Hispanic,Donated,30,1,2,1,2,1,3
2342,40<=Age<=49,Male,Undergraduate,Married,"$50,000<Income<=$100,000",Asian,Not Donated,0,3,2,1,2,2,1
2343,30<=Age<=39,Male,Undergraduate,Married,"Income>$100,000",White,Not Donated,0,2,2,1,2,3,5
2344,30<=Age<=39,Female,Undergraduate,Married,"$50,000<Income<=$100,000",White,Not Donated,0,2,1,1,2,2,5
2345,30<=Age<=39,Male,Undergraduate,Married,"$50,000<Income<=$100,000",White,Donated,80,2,2,1,2,2,5
2346,Age<=29,Male,Undergraduate,Single,"$50,000<Income<=$100,000",Black,Donated,65,1,2,1,1,2,2
2347,Age>=50,Male,Undergraduate,Married,"$50,000<Income<=$100,000",Black,Not Donated,0,4,2,1,2,2,2
2348,30<=Age<=39,Male,Undergraduate,Married,"Income<=$50,000",White,Donated,55,2,2,1,2,1,5
2349,Age>=50,Female,Undergraduate,Single,"Income>$100,000",White,Not Donated,0,4,1,1,1,3,5
2350,Age<=29,Female,Undergraduate,Married,"Income<=$50,000",White,Donated,40,1,1,1,2,1,5
2351,30<=Age<=39,Female,Undergraduate,Single,"Income<=$50,000",Black,Not Donated,0,2,1,1,1,1,2
2352,30<=Age<=39,Male,Graduate,Married,"$50,000<Income<=$100,000",Asian,Not Donated,0,2,2,2,2,2,1
2353,30<=Age<=39,Female,Undergraduate,Married,"Income<=$50,000",Other,Not Donated,0,2,1,1,2,1,4
2354,30<=Age<=39,Female,Undergraduate,Married,"$50,000<Income<=$100,000",White,Not Donated,0,2,1,1,2,2,5
2355,40<=Age<=49,Female,Undergraduate,Single,"$50,000<Income<=$100,000",Hispanic,Not Donated,0,3,1,1,1,2,3
2356,40<=Age<=49,Male,Undergraduate,Single,"Income<=$50,000",White,Not Donated,0,3,2,1,1,1,5
2357,40<=Age<=49,Female,Undergraduate,Single,"Income>$100,000",White,Not Donated,0,3,1,1,1,3,5
2358,Age>=50,Female,Undergraduate,Married,"Income<=$50,000",Black,Donated,95,4,1,1,2,1,2
2359,40<=Age<=49,Female,Undergraduate,Single,"Income<=$50,000",White,Donated,65,3,1,1,1,1,5
2360,30<=Age<=39,Female,Undergraduate,Single,"$50,000<Income<=$100,000",Other,Donated,75,2,1,1,1,2,4
2361,40<=Age<=49,Female,Undergraduate,Married,"Income<=$50,000",White,Not Donated,0,3,1,1,2,1,5
2362,30<=Age<=39,Female,Undergraduate,Married,"$50,000<Income<=$100,000",Black,Not Donated,0,2,1,1,2,2,2
2363,Age>=50,Female,Undergraduate,Married,"$50,000<Income<=$100,000",White,Donated,100,4,1,1,2,2,5
2364,30<=Age<=39,Female,Undergraduate,Single,"Income<=$50,000",White,Not Donated,0,2,1,1,1,1,5
2365,Age>=50,Male,Undergraduate,Single,"Income<=$50,000",Other,Donated,95,4,2,1,1,1,4
2366,40<=Age<=49,Female,Graduate,Married,"$50,000<Income<=$100,000",White,Not Donated,0,3,1,2,2,2,5
2367,40<=Age<=49,Female,Undergraduate,Single,"$50,000<Income<=$100,000",Black,Donated,80,3,1,1,1,2,2
2368,Age>=50,Female,Undergraduate,Married,"$50,000<Income<=$100,000",Asian,Not Donated,0,4,1,1,2,2,1
2369,Age<=29,Female,Undergraduate,Single,"Income<=$50,000",White,Not Donated,0,1,1,1,1,1,5
2370,Age<=29,Male,Undergraduate,Married,"Income<=$50,000",Asian,Donated,30,1,2,1,2,1,1
2371,40<=Age<=49,Female,Undergraduate,Married,"Income<=$50,000",White,Not Donated,0,3,1,1,2,1,5
2372,Age<=29,Male,Undergraduate,Married,"Income<=$50,000",Hispanic,Donated,35,1,2,1,2,1,3
2373,40<=Age<=49,Female,Undergraduate,Single,"Income<=$50,000",Hispanic,Not Donated,0,3,1,1,1,1,3
2374,30<=Age<=39,Female,Undergraduate,Married,"$50,000<Income<=$100,000",Black,Not Donated,0,2,1,1,2,2,2
2375,40<=Age<=49,Male,Undergraduate,Single,"$50,000<Income<=$100,000",Hispanic,Donated,90,3,2,1,1,2,3
2376,30<=Age<=39,Female,Undergraduate,Single,"Income<=$50,000",Hispanic,Not Donated,0,2,1,1,1,1,3
2377,Age>=50,Male,Undergraduate,Single,"Income>$100,000",White,Not Donated,0,4,2,1,1,3,5
2378,30<=Age<=39,Female,Undergraduate,Married,"Income>$100,000",White,Not Donated,0,2,1,1,2,3,5
2379,Age<=29,Female,Undergraduate,Married,"$50,000<Income<=$100,000",Asian,Not Donated,0,1,1,1,2,2,1
2380,Age<=29,Female,Undergraduate,Single,"Income<=$50,000",White,Donated,20,1,1,1,1,1,5
2381,Age>=50,Male,Undergraduate,Married,"Income<=$50,000",White,Not Donated,0,4,2,1,2,1,5
2382,Age>=50,Male,Undergraduate,Married,"$50,000<Income<=$100,000",Black,Not Donated,0,4,2,1,2,2,2
2383,Age<=29,Female,Undergraduate,Married,"Income>$100,000",White,Not Donated,0,1,1,1,2,3,5
2384,40<=Age<=49,Female,Undergraduate,Married,"Income<=$50,000",White,Not Donated,0,3,1,1,2,1,5
2385,40<=Age<=49,Female,Undergraduate,Married,"$50,000<Income<=$100,000",White,Donated,95,3,1,1,2,2,5
2386,30<=Age<=39,Male,Graduate,Married,"Income<=$50,000",White,Donated,85,2,2,2,2,1,5
2387,40<=Age<=49,Male,Undergraduate,Single,"Income<=$50,000",Hispanic,Donated,70,3,2,1,1,1,3
2388,30<=Age<=39,Male,Undergraduate,Single,"Income>$100,000",Black,Not Donated,0,2,2,1,1,3,2
2389,30<=Age<=39,Female,Undergraduate,Married,"$50,000<Income<=$100,000",White,Not Donated,0,2,1,1,2,2,5
2390,40<=Age<=49,Male,Graduate,Married,"$50,000<Income<=$100,000",White,Donated,120,3,2,2,2,2,5
2391,30<=Age<=39,Male,Undergraduate,Single,"Income<=$50,000",White,Donated,50,2,2,1,1,1,5
2392,Age>=50,Male,Undergraduate,Single,"Income>$100,000",White,Donated,135,4,2,1,1,3,5
2393,30<=Age<=39,Male,Undergraduate,Single,"Income<=$50,000",White,Not Donated,0,2,2,1,1,1,5
2394,30<=Age<=39,Male,Undergraduate,Married,"Income<=$50,000",Other,Not Donated,0,2,2,1,2,1,4
2395,Age>=50,Male,Undergraduate,Married,"Income<=$50,000",Hispanic,Donated,90,4,2,1,2,1,3
2396,Age<=29,Male,Undergraduate,Married,"$50,000<Income<=$100,000",White,Not Donated,0,1,2,1,2,2,5
2397,40<=Age<=49,Female,Undergraduate,Married,"Income<=$50,000",Other,Not Donated,0,3,1,1,2,1,4
2398,Age<=29,Female,Undergraduate,Married,"Income<=$50,000",White,Donated,40,1,1,1,2,1,5
2399,Age<=29,Male,Undergraduate,Married,"$50,000<Income<=$100,000",White,Donated,35,1,2,1,2,2,5
2400,30<=Age<=39,Male,Undergraduate,Married,"$50,000<Income<=$100,000",Hispanic,Donated,110,2,2,1,2,2,3
2401,Age<=29,Male,Undergraduate,Married,"$50,000<Income<=$100,000",White,Donated,60,1,2,1,2,2,5
2402,40<=Age<=49,Female,Undergraduate,Married,"Income<=$50,000",Black,Donated,90,3,1,1,2,1,2
2403,40<=Age<=49,Female,Undergraduate,Single,"Income>$100,000",Hispanic,Donated,115,3,1,1,1,3,3
2404,30<=Age<=39,Male,Undergraduate,Single,"$50,000<Income<=$100,000",White,Donated,60,2,2,1,1,2,5
2405,30<=Age<=39,Male,Undergraduate,Single,"$50,000<Income<=$100,000",White,Not Donated,0,2,2,1,1,2,5
2406,Age<=29,Female,Undergraduate,Married,"Income<=$50,000",White,Donated,50,1,1,1,2,1,5
2407,30<=Age<=39,Male,Undergraduate,Single,"$50,000<Income<=$100,000",White,Not Donated,0,2,2,1,1,2,5
2408,Age>=50,Female,Undergraduate,Married,"Income>$100,000",Hispanic,Donated,150,4,1,1,2,3,3
2409,Age<=29,Female,Undergraduate,Married,"Income<=$50,000",White,Donated,55,1,1,1,2,1,5
2410,40<=Age<=49,Female,Undergraduate,Single,"$50,000<Income<=$100,000",Hispanic,Not Donated,0,3,1,1,1,2,3
2411,Age>=50,Female,Undergraduate,Single,"Income<=$50,000",White,Donated,80,4,1,1,1,1,5
2412,30<=Age<=39,Female,Undergraduate,Married,"Income<=$50,000",White,Not Donated,0,2,1,1,2,1,5
2413,30<=Age<=39,Male,Undergraduate,Married,"Income<=$50,000",White,Not Donated,0,2,2,1,2,1,5
2414,Age<=29,Female,Undergraduate,Married,"Income<=$50,000",Other,Donated,40,1,1,1,2,1,4
2415,Age>=50,Female,Undergraduate,Single,"Income<=$50,000",White,Not Donated,0,4,1,1,1,1,5
2416,30<=Age<=39,Female,Undergraduate,Single,"Income<=$50,000",Black,Not Donated,0,2,1,1,1,1,2
2417,Age>=50,Male,Undergraduate,Married,"$50,000<Income<=$100,000",Black,Not Donated,0,4,2,1,2,2,2
2418,40<=Age<=49,Female,Undergraduate,Married,"$50,000<Income<=$100,000",Other,Not Donated,0,3,1,1,2,2,4
2419,40<=Age<=49,Female,Undergraduate,Single,"Income<=$50,000",White,Not Donated,0,3,1,1,1,1,5
2420,40<=Age<=49,Female,Undergraduate,Single,"$50,000<Income<=$100,000",White,Not Donated,0,3,1,1,1,2,5
2421,Age>=50,Female,Undergraduate,Single,"Income<=$50,000",Hispanic,Donated,85,4,1,1,1,1,3
2422,Age<=29,Female,Undergraduate,Single,"Income<=$50,000",Asian,Not Donated,0,1,1,1,1,1,1
2423,Age<=29,Female,Graduate,Single,"Income<=$50,000",White,Donated,30,1,1,2,1,1,5
2424,30<=Age<=39,Male,Undergraduate,Married,"$50,000<Income<=$100,000",Black,Donated,85,2,2,1,2,2,2
2425,Age>=50,Male,Undergraduate,Single,"Income<=$50,000",White,Not Donated,0,4,2,1,1,1,5
2426,Age>=50,Female,Undergraduate,Single,"$50,000<Income<=$100,000",White,Donated,115,4,1,1,1,2,5
2427,Age<=29,Female,Undergraduate,Single,"Income>$100,000",White,Donated,95,1,1,1,1,3,5
2428,40<=Age<=49,Male,Undergraduate,Married,"Income<=$50,000",White,Not Donated,0,3,2,1,2,1,5
2429,Age<=29,Female,Undergraduate,Single,"$50,000<Income<=$100,000",White,Donated,55,1,1,1,1,2,5
2430,30<=Age<=39,Male,Undergraduate,Married,"Income>$100,000",Other,Not Donated,0,2,2,1,2,3,4
2431,Age<=29,Male,Undergraduate,Married,"$50,000<Income<=$100,000",White,Not Donated,0,1,2,1,2,2,5
2432,30<=Age<=39,Female,Undergraduate,Single,"Income<=$50,000",White,Not Donated,0,2,1,1,1,1,5
2433,30<=Age<=39,Female,Undergraduate,Married,"$50,000<Income<=$100,000",White,Not Donated,0,2,1,1,2,2,5
2434,30<=Age<=39,Male,Undergraduate,Married,"Income<=$50,000",White,Not Donated,0,2,2,1,2,1,5
2435,Age>=50,Male,Undergraduate,Married,"Income<=$50,000",White,Not Donated,0,4,2,1,2,1,5
2436,30<=Age<=39,Male,Undergraduate,Married,"$50,000<Income<=$100,000",Hispanic,Not Donated,0,2,2,1,2,2,3
2437,30<=Age<=39,Female,Undergraduate,Married,"$50,000<Income<=$100,000",White,Not Donated,0,2,1,1,2,2,5
2438,40<=Age<=49,Male,Undergraduate,Married,"Income<=$50,000",White,Not Donated,0,3,2,1,2,1,5
2439,30<=Age<=39,Female,Undergraduate,Married,"Income<=$50,000",Hispanic,Not Donated,0,2,1,1,2,1,3
2440,Age>=50,Male,Graduate,Single,"$50,000<Income<=$100,000",Other,Not Donated,0,4,2,2,1,2,4
2441,30<=Age<=39,Male,Undergraduate,Married,"$50,000<Income<=$100,000",White,Not Donated,0,2,2,1,2,2,5
2442,40<=Age<=49,Female,Undergraduate,Married,"Income>$100,000",White,Not Donated,0,3,1,1,2,3,5
2443,40<=Age<=49,Female,Undergraduate,Married,"Income<=$50,000",White,Not Donated,0,3,1,1,2,1,5
2444,Age>=50,Female,Undergraduate,Single,"Income>$100,000",Black,Not Donated,0,4,1,1,1,3,2
2445,30<=Age<=39,Male,Undergraduate,Married,"Income<=$50,000",Hispanic,Not Donated,0,2,2,1,2,1,3
2446,40<=Age<=49,Male,Undergraduate,Married,"$50,000<Income<=$100,000",White,Donated,100,3,2,1,2,2,5
2447,40<=Age<=49,Male,Undergraduate,Single,"Income>$100,000",Hispanic,Donated,120,3,2,1,1,3,3
2448,Age>=50,Female,Undergraduate,Married,"Income<=$50,000",White,Not Donated,0,4,1,1,2,1,5
2449,Age>=50,Male,Undergraduate,Married,"$50,000<Income<=$100,000",Hispanic,Not Donated,0,4,2,1,2,2,3
2450,40<=Age<=49,Male,Undergraduate,Single,"Income<=$50,000",Hispanic,Not Donated,0,3,2,1,1,1,3
2451,Age<=29,Female,Graduate,Single,"Income>$100,000",White,Not Donated,0,1,1,2,1,3,5
2452,Age>=50,Male,Undergraduate,Married,"Income<=$50,000",White,Not Donated,0,4,2,1,2,1,5
2453,Age>=50,Female,Undergraduate,Married,"Income<=$50,000",White,Not Donated,0,4,1,1,2,1,5
2454,40<=Age<=49,Male,Undergraduate,Married,"Income<=$50,000",Other,Donated,75,3,2,1,2,1,4
2455,30<=Age<=39,Female,Undergraduate,Single,"$50,000<Income<=$100,000",White,Donated,85,2,1,1,1,2,5
2456,30<=Age<=39,Male,Undergraduate,Single,"$50,000<Income<=$100,000",White,Not Donated,0,2,2,1,1,2,5
2457,Age<=29,Male,Undergraduate,Married,"Income<=$50,000",Black,Not Donated,0,1,2,1,2,1,2
2458,Age>=50,Female,Undergraduate,Married,"Income>$100,000",White,Not Donated,0,4,1,1,2,3,5
2459,Age<=29,Female,Undergraduate,Married,"Income<=$50,000",Asian,Not Donated,0,1,1,1,2,1,1
2460,30<=Age<=39,Female,Undergraduate,Married,"Income<=$50,000",White,Not Donated,0,2,1,1,2,1,5
2461,Age>=50,Female,Undergraduate,Single,"Income<=$50,000",Asian,Not Donated,0,4,1,1,1,1,1
2462,30<=Age<=39,Female,Undergraduate,Single,"Income>$100,000",White,Donated,105,2,1,1,1,3,5
2463,Age<=29,Male,Undergraduate,Married,"Income<=$50,000",White,Not Donated,0,1,2,1,2,1,5
2464,Age<=29,Female,Undergraduate,Married,"Income<=$50,000",White,Not Donated,0,1,1,1,2,1,5
2465,30<=Age<=39,Female,Graduate,Single,"Income>$100,000",White,Not Donated,0,2,1,2,1,3,5
2466,30<=Age<=39,Female,Undergraduate,Single,"$50,000<Income<=$100,000",White,Not Donated,0,2,1,1,1,2,5
2467,Age>=50,Male,Undergraduate,Single,"Income<=$50,000",Hispanic,Not Donated,0,4,2,1,1,1,3
2468,Age>=50,Male,Undergraduate,Single,"Income<=$50,000",Asian,Not Donated,0,4,2,1,1,1,1
2469,Age<=29,Male,Undergraduate,Single,"$50,000<Income<=$100,000",White,Not Donated,0,1,2,1,1,2,5
2470,40<=Age<=49,Female,Undergraduate,Single,"Income>$100,000",Hispanic,Not Donated,0,3,1,1,1,3,3
2471,Age>=50,Female,Undergraduate,Single,"$50,000<Income<=$100,000",White,Donated,100,4,1,1,1,2,5
2472,30<=Age<=39,Female,Undergraduate,Married,"$50,000<Income<=$100,000",Asian,Donated,85,2,1,1,2,2,1
2473,30<=Age<=39,Female,Undergraduate,Married,"$50,000<Income<=$100,000",White,Not Donated,0,2,1,1,2,2,5
2474,Age<=29,Male,Undergraduate,Married,"$50,000<Income<=$100,000",White,Not Donated,0,1,2,1,2,2,5
2475,40<=Age<=49,Female,Undergraduate,Married,"Income<=$50,000",White,Not Donated,0,3,1,1,2,1,5
2476,Age<=29,Female,Undergraduate,Single,"Income<=$50,000",White,Not Donated,0,1,1,1,1,1,5
2477,30<=Age<=39,Female,Undergraduate,Single,"$50,000<Income<=$100,000",White,Not Donated,0,2,1,1,1,2,5
2478,Age<=29,Male,Undergraduate,Single,"Income<=$50,000",White,Donated,20,1,2,1,1,1,5
2479,30<=Age<=39,Female,Graduate,Married,"Income>$100,000",White,Donated,115,2,1,2,2,3,5
2480,40<=Age<=49,Male,Undergraduate,Single,"$50,000<Income<=$100,000",White,Donated,75,3,2,1,1,2,5
2481,40<=Age<=49,Female,Undergraduate,Single,"Income<=$50,000",White,Not Donated,0,3,1,1,1,1,5
2482,40<=Age<=49,Male,Undergraduate,Single,"$50,000<Income<=$100,000",White,Not Donated,0,3,2,1,1,2,5
2483,30<=Age<=39,Female,Undergraduate,Single,"Income<=$50,000",White,Not Donated,0,2,1,1,1,1,5
2484,Age<=29,Female,Undergraduate,Single,"Income<=$50,000",Black,Not Donated,0,1,1,1,1,1,2
2485,40<=Age<=49,Male,Undergraduate,Married,"Income<=$50,000",White,Not Donated,0,3,2,1,2,1,5
2486,40<=Age<=49,Female,Undergraduate,Single,"Income<=$50,000",White,Not Donated,0,3,1,1,1,1,5
2487,Age<=29,Male,Undergraduate,Married,"$50,000<Income<=$100,000",White,Not Donated,0,1,2,1,2,2,5
2488,30<=Age<=39,Female,Undergraduate,Married,"Income<=$50,000",White,Not Donated,0,2,1,1,2,1,5
2489,40<=Age<=49,Male,Undergraduate,Married,"Income<=$50,000",White,Not Donated,0,3,2,1,2,1,5
2490,30<=Age<=39,Male,Undergraduate,Married,"$50,000<Income<=$100,000",White,Not Donated,0,2,2,1,2,2,5
2491,30<=Age<=39,Female,Undergraduate,Married,"Income<=$50,000",Hispanic,Not Donated,0,2,1,1,2,1,3
2492,40<=Age<=49,Male,Undergraduate,Single,"Income<=$50,000",White,Not Donated,0,3,2,1,1,1,5
2493,Age<=29,Female,Undergraduate,Single,"Income<=$50,000",Hispanic,Not Donated,0,1,1,1,1,1,3
2494,40<=Age<=49,Male,Graduate,Married,"Income>$100,000",White,Donated,145,3,2,2,2,3,5
2495,40<=Age<=49,Female,Undergraduate,Single,"$50,000<Income<=$100,000",White,Not Donated,0,3,1,1,1,2,5
2496,40<=Age<=49,Female,Undergraduate,Single,"$50,000<Income<=$100,000",Black,Not Donated,0,3,1,1,1,2,2
2497,Age>=50,Female,Undergraduate,Married,"Income<=$50,000",White,Not Donated,0,4,1,1,2,1,5
2498,Age>=50,Male,Undergraduate,Married,"$50,000<Income<=$100,000",White,Not Donated,0,4,2,1,2,2,5
2499,40<=Age<=49,Male,Undergraduate,Married,"Income<=$50,000",Asian,Not Donated,0,3,2,1,2,1,1
2500,Age>=50,Male,Undergraduate,Married,"$50,000<Income<=$100,000",White,Not Donated,0,4,2,1,2,2,5
2501,40<=Age<=49,Male,Undergraduate,Married,"$50,000<Income<=$100,000",White,Donated,95,3,2,1,2,2,5
2502,Age<=29,Male,Undergraduate,Married,"$50,000<Income<=$100,000",Asian,Donated,45,1,2,1,2,2,1
2503,30<=Age<=39,Male,Undergraduate,Single,"$50,000<Income<=$100,000",White,Donated,70,2,2,1,1,2,5
2504,Age>=50,Female,Undergraduate,Single,"Income<=$50,000",White,Not Donated,0,4,1,1,1,1,5
2505,30<=Age<=39,Female,Undergraduate,Married,"Income<=$50,000",White,Not Donated,0,2,1,1,2,1,5
2506,30<=Age<=39,Male,Undergraduate,Married,"Income<=$50,000",White,Not Donated,0,2,2,1,2,1,5
2507,40<=Age<=49,Female,Undergraduate,Single,"$50,000<Income<=$100,000",Black,Not Donated,0,3,1,1,1,2,2
2508,30<=Age<=39,Male,Undergraduate,Married,"Income<=$50,000",Asian,Not Donated,0,2,2,1,2,1,1
2509,30<=Age<=39,Male,Undergraduate,Single,"Income<=$50,000",White,Not Donated,0,2,2,1,1,1,5
2510,Age<=29,Female,Undergraduate,Married,"$50,000<Income<=$100,000",White,Donated,45,1,1,1,2,2,5
2511,30<=Age<=39,Female,Undergraduate,Single,"$50,000<Income<=$100,000",Asian,Not Donated,0,2,1,1,1,2,1
2512,40<=Age<=49,Male,Undergraduate,Married,"$50,000<Income<=$100,000",White,Not Donated,0,3,2,1,2,2,5
2513,Age<=29,Female,Undergraduate,Married,"Income>$100,000",Black,Not Donated,0,1,1,1,2,3,2
2514,Age>=50,Male,Undergraduate,Married,"Income<=$50,000",White,Not Donated,0,4,2,1,2,1,5
2515,30<=Age<=39,Male,Undergraduate,Married,"Income>$100,000",White,Not Donated,0,2,2,1,2,3,5
2516,30<=Age<=39,Female,Undergraduate,Married,"Income>$100,000",White,Donated,95,2,1,1,2,3,5
2517,40<=Age<=49,Male,Graduate,Married,"Income<=$50,000",White,Donated,75,3,2,2,2,1,5
2518,30<=Age<=39,Female,Undergraduate,Married,"$50,000<Income<=$100,000",White,Not Donated,0,2,1,1,2,2,5
2519,Age<=29,Male,Undergraduate,Single,"$50,000<Income<=$100,000",White,Not Donated,0,1,2,1,1,2,5
2520,30<=Age<=39,Female,Undergraduate,Married,"Income<=$50,000",Black,Not Donated,0,2,1,1,2,1,2
2521,Age>=50,Female,Undergraduate,Single,"$50,000<Income<=$100,000",White,Not Donated,0,4,1,1,1,2,5
2522,40<=Age<=49,Female,Undergraduate,Single,"Income>$100,000",White,Donated,95,3,1,1,1,3,5
2523,Age<=29,Female,Undergraduate,Single,"Income>$100,000",White,Not Donated,0,1,1,1,1,3,5
2524,Age>=50,Male,Undergraduate,Married,"Income>$100,000",Hispanic,Not Donated,0,4,2,1,2,3,3
2525,Age<=29,Male,Undergraduate,Married,"Income>$100,000",Asian,Donated,75,1,2,1,2,3,1
2526,30<=Age<=39,Female,Graduate,Single,"Income<=$50,000",Other,Donated,55,2,1,2,1,1,4
2527,40<=Age<=49,Female,Undergraduate,Married,"Income>$100,000",White,Donated,135,3,1,1,2,3,5
2528,Age<=29,Female,Undergraduate,Married,"Income>$100,000",Hispanic,Not Donated,0,1,1,1,2,3,3
2529,Age>=50,Male,Undergraduate,Single,"Income<=$50,000",Hispanic,Donated,100,4,2,1,1,1,3
2530,Age<=29,Male,Undergraduate,Married,"Income>$100,000",Other,Not Donated,0,1,2,1,2,3,4
2531,Age<=29,Male,Graduate,Married,"$50,000<Income<=$100,000",White,Donated,85,1,2,2,2,2,5
2532,Age>=50,Male,Undergraduate,Single,"$50,000<Income<=$100,000",White,Donated,120,4,2,1,1,2,5
2533,40<=Age<=49,Male,Undergraduate,Married,"Income>$100,000",Other,Not Donated,0,3,2,1,2,3,4
2534,40<=Age<=49,Female,Graduate,Single,"Income>$100,000",Hispanic,Not Donated,0,3,1,2,1,3,3
2535,40<=Age<=49,Male,Undergraduate,Single,"$50,000<Income<=$100,000",White,Not Donated,0,3,2,1,1,2,5
2536,Age<=29,Female,Undergraduate,Married,"$50,000<Income<=$100,000",Black,Donated,45,1,1,1,2,2,2
2537,30<=Age<=39,Male,Undergraduate,Married,"Income>$100,000",White,Not Donated,0,2,2,1,2,3,5
2538,Age>=50,Female,Undergraduate,Single,"Income<=$50,000",Hispanic,Not Donated,0,4,1,1,1,1,3
2539,Age<=29,Female,Undergraduate,Married,"Income>$100,000",Asian,Donated,100,1,1,1,2,3,1
2540,30<=Age<=39,Male,Undergraduate,Single,"Income<=$50,000",Asian,Donated,50,2,2,1,1,1,1
2541,30<=Age<=39,Female,Undergraduate,Single,"$50,000<Income<=$100,000",White,Not Donated,0,2,1,1,1,2,5
2542,40<=Age<=49,Female,Undergraduate,Married,"Income<=$50,000",Hispanic,Not Donated,0,3,1,1,2,1,3
2543,Age>=50,Female,Undergraduate,Married,"Income>$100,000",White,Not Donated,0,4,1,1,2,3,5
2544,30<=Age<=39,Male,Undergraduate,Single,"Income<=$50,000",White,Not Donated,0,2,2,1,1,1,5
2545,30<=Age<=39,Male,Undergraduate,Married,"Income<=$50,000",Hispanic,Not Donated,0,2,2,1,2,1,3
2546,Age>=50,Male,Undergraduate,Married,"$50,000<Income<=$100,000",White,Not Donated,0,4,2,1,2,2,5
2547,Age>=50,Male,Undergraduate,Single,"Income<=$50,000",Hispanic,Donated,95,4,2,1,1,1,3
2548,40<=Age<=49,Female,Undergraduate,Married,"Income>$100,000",Asian,Donated,105,3,1,1,2,3,1
2549,Age<=29,Female,Graduate,Single,"Income<=$50,000",White,Not Donated,0,1,1,2,1,1,5
2550,40<=Age<=49,Male,Undergraduate,Single,"Income>$100,000",White,Donated,115,3,2,1,1,3,5
2551,40<=Age<=49,Male,Undergraduate,Single,"Income<=$50,000",Asian,Not Donated,0,3,2,1,1,1,1
2552,Age>=50,Female,Undergraduate,Single,"Income<=$50,000",Hispanic,Not Donated,0,4,1,1,1,1,3
2553,30<=Age<=39,Female,Undergraduate,Married,"Income<=$50,000",White,Not Donated,0,2,1,1,2,1,5
2554,30<=Age<=39,Male,Undergraduate,Single,"$50,000<Income<=$100,000",White,Not Donated,0,2,2,1,1,2,5
2555,Age<=29,Male,Undergraduate,Married,"$50,000<Income<=$100,000",White,Donated,75,1,2,1,2,2,5
2556,30<=Age<=39,Male,Undergraduate,Single,"Income<=$50,000",Black,Not Donated,0,2,2,1,1,1,2
2557,Age>=50,Male,Undergraduate,Married,"Income<=$50,000",White,Donated,90,4,2,1,2,1,5
2558,Age>=50,Male,Undergraduate,Single,"Income<=$50,000",Black,Donated,95,4,2,1,1,1,2
2559,40<=Age<=49,Male,Undergraduate,Single,"$50,000<Income<=$100,000",White,Not Donated,0,3,2,1,1,2,5
2560,Age>=50,Male,Undergraduate,Single,"Income>$100,000",Hispanic,Donated,95,4,2,1,1,3,3
2561,40<=Age<=49,Female,Undergraduate,Single,"Income<=$50,000",White,Not Donated,0,3,1,1,1,1,5
2562,40<=Age<=49,Female,Undergraduate,Married,"Income<=$50,000",White,Donated,85,3,1,1,2,1,5
2563,Age<=29,Male,Undergraduate,Married,"Income<=$50,000",Other,Donated,60,1,2,1,2,1,4
2564,30<=Age<=39,Male,Graduate,Married,"Income<=$50,000",Other,Donated,80,2,2,2,2,1,4
2565,Age>=50,Female,Undergraduate,Single,"Income<=$50,000",White,Not Donated,0,4,1,1,1,1,5
2566,Age<=29,Female,Undergraduate,Married,"Income<=$50,000",White,Not Donated,0,1,1,1,2,1,5
2567,Age>=50,Male,Undergraduate,Married,"$50,000<Income<=$100,000",Asian,Not Donated,0,4,2,1,2,2,1
2568,Age<=29,Male,Undergraduate,Single,"$50,000<Income<=$100,000",White,Not Donated,0,1,2,1,1,2,5
2569,40<=Age<=49,Female,Undergraduate,Single,"Income<=$50,000",White,Not Donated,0,3,1,1,1,1,5
2570,Age<=29,Male,Undergraduate,Married,"Income<=$50,000",White,Not Donated,0,1,2,1,2,1,5
2571,40<=Age<=49,Male,Undergraduate,Married,"Income<=$50,000",White,Not Donated,0,3,2,1,2,1,5
2572,30<=Age<=39,Male,Undergraduate,Single,"$50,000<Income<=$100,000",Other,Not Donated,0,2,2,1,1,2,4
2573,Age<=29,Male,Graduate,Married,"$50,000<Income<=$100,000",White,Not Donated,0,1,2,2,2,2,5
2574,30<=Age<=39,Male,Undergraduate,Married,"Income<=$50,000",White,Donated,50,2,2,1,2,1,5
2575,40<=Age<=49,Male,Undergraduate,Married,"Income<=$50,000",Hispanic,Not Donated,0,3,2,1,2,1,3
2576,40<=Age<=49,Female,Undergraduate,Married,"$50,000<Income<=$100,000",White,Not Donated,0,3,1,1,2,2,5
2577,30<=Age<=39,Male,Undergraduate,Married,"$50,000<Income<=$100,000",White,Donated,80,2,2,1,2,2,5
2578,40<=Age<=49,Male,Undergraduate,Married,"$50,000<Income<=$100,000",White,Not Donated,0,3,2,1,2,2,5
2579,40<=Age<=49,Female,Undergraduate,Married,"Income>$100,000",Hispanic,Not Donated,0,3,1,1,2,3,3
2580,40<=Age<=49,Male,Undergraduate,Married,"Income>$100,000",White,Donated,140,3,2,1,2,3,5
2581,Age<=29,Female,Undergraduate,Married,"$50,000<Income<=$100,000",White,Donated,50,1,1,1,2,2,5
2582,Age<=29,Male,Undergraduate,Married,"Income<=$50,000",Hispanic,Not Donated,0,1,2,1,2,1,3
2583,40<=Age<=49,Male,Undergraduate,Single,"$50,000<Income<=$100,000",White,Not Donated,0,3,2,1,1,2,5
2584,40<=Age<=49,Female,Undergraduate,Single,"$50,000<Income<=$100,000",White,Not Donated,0,3,1,1,1,2,5
2585,40<=Age<=49,Female,Undergraduate,Single,"$50,000<Income<=$100,000",Hispanic,Donated,90,3,1,1,1,2,3
2586,40<=Age<=49,Female,Undergraduate,Single,"Income<=$50,000",White,Not Donated,0,3,1,1,1,1,5
2587,40<=Age<=49,Female,Undergraduate,Single,"Income<=$50,000",White,Not Donated,0,3,1,1,1,1,5
2588,40<=Age<=49,Male,Undergraduate,Married,"Income<=$50,000",White,Not Donated,0,3,2,1,2,1,5
2589,Age<=29,Female,Graduate,Single,"$50,000<Income<=$100,000",Other,Donated,65,1,1,2,1,2,4
2590,30<=Age<=39,Male,Undergraduate,Married,"$50,000<Income<=$100,000",White,Donated,60,2,2,1,2,2,5
2591,40<=Age<=49,Female,Undergraduate,Married,"$50,000<Income<=$100,000",White,Not Donated,0,3,1,1,2,2,5
2592,Age>=50,Female,Undergraduate,Married,"Income<=$50,000",White,Donated,95,4,1,1,2,1,5
2593,Age>=50,Female,Undergraduate,Married,"$50,000<Income<=$100,000",White,Donated,120,4,1,1,2,2,5
2594,30<=Age<=39,Female,Graduate,Married,"$50,000<Income<=$100,000",White,Not Donated,0,2,1,2,2,2,5
2595,30<=Age<=39,Female,Undergraduate,Single,"Income<=$50,000",White,Not Donated,0,2,1,1,1,1,5
2596,40<=Age<=49,Female,Undergraduate,Married,"Income<=$50,000",White,Not Donated,0,3,1,1,2,1,5
2597,40<=Age<=49,Male,Undergraduate,Married,"Income>$100,000",White,Donated,150,3,2,1,2,3,5
2598,Age<=29,Female,Undergraduate,Single,"Income<=$50,000",Black,Donated,15,1,1,1,1,1,2
2599,Age<=29,Female,Undergraduate,Married,"Income<=$50,000",White,Donated,30,1,1,1,2,1,5
2600,30<=Age<=39,Male,Undergraduate,Married,"$50,000<Income<=$100,000",Hispanic,Not Donated,0,2,2,1,2,2,3
2601,Age<=29,Female,Undergraduate,Married,"Income<=$50,000",White,Donated,55,1,1,1,2,1,5
2602,30<=Age<=39,Male,Undergraduate,Single,"$50,000<Income<=$100,000",White,Not Donated,0,2,2,1,1,2,5
2603,30<=Age<=39,Male,Undergraduate,Married,"Income<=$50,000",White,Not Donated,0,2,2,1,2,1,5
2604,30<=Age<=39,Female,Undergraduate,Married,"$50,000<Income<=$100,000",Other,Not Donated,0,2,1,1,2,2,4
2605,Age<=29,Female,Undergraduate,Single,"$50,000<Income<=$100,000",Hispanic,Donated,50,1,1,1,1,2,3
2606,30<=Age<=39,Male,Undergraduate,Married,"$50,000<Income<=$100,000",White,Not Donated,0,2,2,1,2,2,5
2607,30<=Age<=39,Male,Graduate,Single,"Income<=$50,000",White,Not Donated,0,2,2,2,1,1,5
2608,Age<=29,Female,Undergraduate,Married,"$50,000<Income<=$100,000",Asian,Donated,70,1,1,1,2,2,1
2609,30<=Age<=39,Female,Undergraduate,Married,"Income>$100,000",Asian,Not Donated,0,2,1,1,2,3,1
2610,30<=Age<=39,Female,Undergraduate,Married,"$50,000<Income<=$100,000",Black,Donated,80,2,1,1,2,2,2
2611,30<=Age<=39,Female,Undergraduate,Married,"Income>$100,000",White,Not Donated,0,2,1,1,2,3,5
2612,Age<=29,Female,Graduate,Married,"Income>$100,000",Black,Not Donated,0,1,1,2,2,3,2
2613,Age>=50,Female,Undergraduate,Married,"$50,000<Income<=$100,000",Asian,Not Donated,0,4,1,1,2,2,1
2614,Age<=29,Female,Undergraduate,Single,"$50,000<Income<=$100,000",Asian,Donated,50,1,1,1,1,2,1
2615,30<=Age<=39,Female,Undergraduate,Single,"$50,000<Income<=$100,000",White,Not Donated,0,2,1,1,1,2,5
2616,Age<=29,Male,Undergraduate,Married,"Income>$100,000",Asian,Not Donated,0,1,2,1,2,3,1
2617,40<=Age<=49,Female,Undergraduate,Single,"Income<=$50,000",Asian,Not Donated,0,3,1,1,1,1,1
2618,Age>=50,Female,Undergraduate,Single,"$50,000<Income<=$100,000",Hispanic,Not Donated,0,4,1,1,1,2,3
2619,30<=Age<=39,Female,Undergraduate,Single,"$50,000<Income<=$100,000",White,Donated,80,2,1,1,1,2,5
2620,Age<=29,Male,Undergraduate,Married,"$50,000<Income<=$100,000",White,Not Donated,0,1,2,1,2,2,5
2621,Age>=50,Male,Undergraduate,Single,"Income<=$50,000",Hispanic,Not Donated,0,4,2,1,1,1,3
2622,Age<=29,Female,Undergraduate,Married,"Income<=$50,000",Asian,Donated,30,1,1,1,2,1,1
2623,30<=Age<=39,Male,Undergraduate,Married,"$50,000<Income<=$100,000",Asian,Donated,65,2,2,1,2,2,1
2624,Age>=50,Female,Undergraduate,Single,"Income<=$50,000",Hispanic,Not Donated,0,4,1,1,1,1,3
2625,Age>=50,Female,Undergraduate,Married,"Income<=$50,000",White,Not Donated,0,4,1,1,2,1,5
2626,Age<=29,Female,Undergraduate,Married,"Income<=$50,000",White,Donated,35,1,1,1,2,1,5
2627,30<=Age<=39,Female,Undergraduate,Married,"Income<=$50,000",Black,Donated,40,2,1,1,2,1,2
2628,Age>=50,Male,Undergraduate,Single,"Income>$100,000",White,Not Donated,0,4,2,1,1,3,5
2629,30<=Age<=39,Male,Undergraduate,Married,"$50,000<Income<=$100,000",Black,Donated,95,2,2,1,2,2,2
2630,30<=Age<=39,Male,Undergraduate,Married,"Income>$100,000",White,Donated,115,2,2,1,2,3,5
2631,30<=Age<=39,Female,Undergraduate,Single,"Income<=$50,000",White,Not Donated,0,2,1,1,1,1,5
2632,Age<=29,Male,Undergraduate,Single,"Income<=$50,000",Hispanic,Donated,20,1,2,1,1,1,3
2633,Age>=50,Male,Undergraduate,Married,"$50,000<Income<=$100,000",Asian,Not Donated,0,4,2,1,2,2,1
2634,30<=Age<=39,Female,Undergraduate,Married,"$50,000<Income<=$100,000",Black,Donated,80,2,1,1,2,2,2
2635,Age>=50,Female,Undergraduate,Married,"Income>$100,000",White,Not Donated,0,4,1,1,2,3,5
2636,30<=Age<=39,Female,Undergraduate,Single,"Income>$100,000",Black,Not Donated,0,2,1,1,1,3,2
2637,40<=Age<=49,Male,Graduate,Single,"Income<=$50,000",White,Donated,75,3,2,2,1,1,5
2638,Age<=29,Female,Undergraduate,Single,"Income<=$50,000",White,Donated,35,1,1,1,1,1,5
2639,Age<=29,Male,Graduate,Single,"Income<=$50,000",White,Not Donated,0,1,2,2,1,1,5
2640,Age<=29,Male,Undergraduate,Married,"$50,000<Income<=$100,000",Hispanic,Not Donated,0,1,2,1,2,2,3
2641,Age>=50,Male,Undergraduate,Married,"Income>$100,000",White,Donated,160,4,2,1,2,3,5
2642,Age>=50,Female,Undergraduate,Married,"Income<=$50,000",White,Not Donated,0,4,1,1,2,1,5
2643,40<=Age<=49,Male,Undergraduate,Single,"Income<=$50,000",White,Not Donated,0,3,2,1,1,1,5
2644,40<=Age<=49,Female,Undergraduate,Single,"$50,000<Income<=$100,000",White,Not Donated,0,3,1,1,1,2,5
2645,Age>=50,Male,Undergraduate,Married,"Income>$100,000",White,Not Donated,0,4,2,1,2,3,5
2646,Age<=29,Male,Undergraduate,Single,"Income>$100,000",Hispanic,Not Donated,0,1,2,1,1,3,3
2647,Age>=50,Male,Undergraduate,Married,"Income<=$50,000",White,Not Donated,0,4,2,1,2,1,5
2648,30<=Age<=39,Male,Undergraduate,Married,"Income>$100,000",White,Donated,110,2,2,1,2,3,5
2649,Age<=29,Female,Undergraduate,Married,"Income>$100,000",White,Not Donated,0,1,1,1,2,3,5
2650,Age<=29,Female,Undergraduate,Single,"$50,000<Income<=$100,000",White,Not Donated,0,1,1,1,1,2,5
2651,30<=Age<=39,Female,Undergraduate,Married,"Income<=$50,000",White,Donated,60,2,1,1,2,1,5
2652,30<=Age<=39,Male,Undergraduate,Single,"$50,000<Income<=$100,000",White,Not Donated,0,2,2,1,1,2,5
2653,Age<=29,Female,Undergraduate,Married,"Income<=$50,000",Black,Not Donated,0,1,1,1,2,1,2
2654,Age<=29,Male,Undergraduate,Married,"$50,000<Income<=$100,000",White,Donated,60,1,2,1,2,2,5
2655,30<=Age<=39,Male,Undergraduate,Single,"$50,000<Income<=$100,000",White,Not Donated,0,2,2,1,1,2,5
2656,Age<=29,Female,Undergraduate,Married,"Income<=$50,000",White,Not Donated,0,1,1,1,2,1,5
2657,Age>=50,Male,Undergraduate,Single,"$50,000<Income<=$100,000",White,Not Donated,0,4,2,1,1,2,5
2658,Age<=29,Male,Graduate,Married,"Income<=$50,000",Black,Not Donated,0,1,2,2,2,1,2
2659,30<=Age<=39,Female,Undergraduate,Married,"Income<=$50,000",Black,Not Donated,0,2,1,1,2,1,2
2660,30<=Age<=39,Male,Undergraduate,Married,"$50,000<Income<=$100,000",White,Not Donated,0,2,2,1,2,2,5
2661,30<=Age<=39,Male,Undergraduate,Married,"$50,000<Income<=$100,000",White,Not Donated,0,2,2,1,2,2,5
2662,30<=Age<=39,Female,Graduate,Single,"Income>$100,000",White,Donated,120,2,1,2,1,3,5
2663,Age>=50,Male,Undergraduate,Married,"$50,000<Income<=$100,000",White,Donated,85,4,2,1,2,2,5
2664,30<=Age<=39,Male,Undergraduate,Married,"Income<=$50,000",White,Not Donated,0,2,2,1,2,1,5
2665,Age<=29,Female,Undergraduate,Single,"Income<=$50,000",White,Not Donated,0,1,1,1,1,1,5
2666,Age<=29,Male,Undergraduate,Married,"Income<=$50,000",White,Not Donated,0,1,2,1,2,1,5
2667,40<=Age<=49,Male,Undergraduate,Married,"Income<=$50,000",Asian,Not Donated,0,3,2,1,2,1,1
2668,Age>=50,Female,Undergraduate,Single,"Income<=$50,000",White,Not Donated,0,4,1,1,1,1,5
2669,40<=Age<=49,Male,Undergraduate,Married,"Income<=$50,000",Other,Not Donated,0,3,2,1,2,1,4
2670,Age>=50,Male,Graduate,Married,"Income<=$50,000",White,Not Donated,0,4,2,2,2,1,5
2671,Age<=29,Female,Undergraduate,Single,"$50,000<Income<=$100,000",White,Not Donated,0,1,1,1,1,2,5
2672,Age<=29,Male,Undergraduate,Married,"$50,000<Income<=$100,000",Hispanic,Donated,60,1,2,1,2,2,3
2673,30<=Age<=39,Male,Graduate,Single,"Income<=$50,000",Black,Not Donated,0,2,2,2,1,1,2
2674,40<=Age<=49,Female,Undergraduate,Single,"$50,000<Income<=$100,000",White,Not Donated,0,3,1,1,1,2,5
2675,30<=Age<=39,Female,Undergraduate,Single,"Income<=$50,000",White,Not Donated,0,2,1,1,1,1,5
2676,30<=Age<=39,Female,Graduate,Married,"Income<=$50,000",Hispanic,Not Donated,0,2,1,2,2,1,3
2677,Age<=29,Female,Undergraduate,Single,"Income<=$50,000",White,Donated,15,1,1,1,1,1,5
2678,40<=Age<=49,Female,Graduate,Married,"$50,000<Income<=$100,000",Other,Not Donated,0,3,1,2,2,2,4
2679,Age<=29,Male,Undergraduate,Married,"$50,000<Income<=$100,000",Asian,Donated,35,1,2,1,2,2,1
2680,Age<=29,Female,Graduate,Single,"$50,000<Income<=$100,000",White,Donated,65,1,1,2,1,2,5
2681,Age<=29,Male,Undergraduate,Married,"Income<=$50,000",Black,Not Donated,0,1,2,1,2,1,2
2682,30<=Age<=39,Female,Undergraduate,Married,"Income<=$50,000",White,Donated,55,2,1,1,2,1,5
2683,Age<=29,Male,Graduate,Married,"Income>$100,000",White,Donated,115,1,2,2,2,3,5
2684,Age<=29,Male,Undergraduate,Married,"Income<=$50,000",Asian,Not Donated,0,1,2,1,2,1,1
2685,Age<=29,Male,Undergraduate,Married,"$50,000<Income<=$100,000",White,Not Donated,0,1,2,1,2,2,5
2686,30<=Age<=39,Male,Undergraduate,Single,"Income<=$50,000",White,Donated,55,2,2,1,1,1,5
2687,40<=Age<=49,Male,Undergraduate,Single,"Income>$100,000",Asian,Not Donated,0,3,2,1,1,3,1
2688,30<=Age<=39,Female,Undergraduate,Married,"$50,000<Income<=$100,000",Asian,Not Donated,0,2,1,1,2,2,1
2689,30<=Age<=39,Female,Undergraduate,Married,"Income>$100,000",Black,Not Donated,0,2,1,1,2,3,2
2690,40<=Age<=49,Female,Undergraduate,Single,"Income<=$50,000",White,Not Donated,0,3,1,1,1,1,5
2691,30<=Age<=39,Male,Undergraduate,Married,"Income>$100,000",Asian,Not Donated,0,2,2,1,2,3,1
2692,30<=Age<=39,Female,Undergraduate,Single,"$50,000<Income<=$100,000",White,Donated,70,2,1,1,1,2,5
2693,40<=Age<=49,Female,Undergraduate,Single,"Income>$100,000",White,Not Donated,0,3,1,1,1,3,5
2694,40<=Age<=49,Male,Undergraduate,Married,"Income<=$50,000",White,Not Donated,0,3,2,1,2,1,5
2695,40<=Age<=49,Female,Undergraduate,Married,"$50,000<Income<=$100,000",White,Donated,95,3,1,1,2,2,5
2696,Age<=29,Male,Undergraduate,Single,"Income<=$50,000",Black,Donated,20,1,2,1,1,1,2
2697,Age<=29,Female,Undergraduate,Single,"Income<=$50,000",White,Not Donated,0,1,1,1,1,1,5
2698,40<=Age<=49,Male,Undergraduate,Single,"Income<=$50,000",Hispanic,Not Donated,0,3,2,1,1,1,3
2699,30<=Age<=39,Male,Undergraduate,Single,"Income<=$50,000",White,Not Donated,0,2,2,1,1,1,5
2700,Age>=50,Male,Undergraduate,Single,"Income>$100,000",White,Not Donated,0,4,2,1,1,3,5
2701,Age<=29,Male,Undergraduate,Single,"Income<=$50,000",White,Donated,20,1,2,1,1,1,5
2702,40<=Age<=49,Female,Undergraduate,Single,"$50,000<Income<=$100,000",Hispanic,Donated,85,3,1,1,1,2,3
2703,40<=Age<=49,Male,Undergraduate,Single,"$50,000<Income<=$100,000",White,Not Donated,0,3,2,1,1,2,5
2704,Age<=29,Male,Undergraduate,Married,"Income<=$50,000",Black,Not Donated,0,1,2,1,2,1,2
2705,30<=Age<=39,Male,Undergraduate,Married,"Income<=$50,000",White,Not Donated,0,2,2,1,2,1,5
2706,Age>=50,Male,Undergraduate,Married,"Income<=$50,000",White,Not Donated,0,4,2,1,2,1,5
2707,Age<=29,Male,Undergraduate,Married,"$50,000<Income<=$100,000",White,Not Donated,0,1,2,1,2,2,5
2708,Age>=50,Male,Undergraduate,Married,"Income<=$50,000",White,Not Donated,0,4,2,1,2,1,5
2709,40<=Age<=49,Female,Graduate,Single,"$50,000<Income<=$100,000",Hispanic,Not Donated,0,3,1,2,1,2,3
2710,30<=Age<=39,Male,Undergraduate,Married,"Income>$100,000",Black,Donated,110,2,2,1,2,3,2
2711,Age<=29,Male,Graduate,Married,"Income<=$50,000",White,Donated,55,1,2,2,2,1,5
2712,30<=Age<=39,Female,Undergraduate,Married,"$50,000<Income<=$100,000",Asian,Not Donated,0,2,1,1,2,2,1
2713,Age<=29,Male,Undergraduate,Married,"$50,000<Income<=$100,000",Hispanic,Not Donated,0,1,2,1,2,2,3
2714,Age<=29,Female,Undergraduate,Single,"$50,000<Income<=$100,000",White,Not Donated,0,1,1,1,1,2,5
2715,Age>=50,Female,Undergraduate,Married,"Income<=$50,000",White,Not Donated,0,4,1,1,2,1,5
2716,Age<=29,Female,Undergraduate,Married,"Income<=$50,000",White,Donated,30,1,1,1,2,1,5
2717,30<=Age<=39,Male,Undergraduate,Married,"Income<=$50,000",White,Not Donated,0,2,2,1,2,1,5
2718,Age>=50,Male,Undergraduate,Married,"$50,000<Income<=$100,000",Other,Not Donated,0,4,2,1,2,2,4
2719,40<=Age<=49,Female,Undergraduate,Single,"$50,000<Income<=$100,000",White,Donated,75,3,1,1,1,2,5
2720,Age<=29,Male,Undergraduate,Married,"Income<=$50,000",White,Not Donated,0,1,2,1,2,1,5
2721,Age<=29,Male,Undergraduate,Married,"$50,000<Income<=$100,000",Asian,Not Donated,0,1,2,1,2,2,1
2722,Age<=29,Male,Undergraduate,Single,"Income<=$50,000",Asian,Not Donated,0,1,2,1,1,1,1
2723,30<=Age<=39,Male,Undergraduate,Married,"Income<=$50,000",Asian,Donated,55,2,2,1,2,1,1
2724,40<=Age<=49,Female,Undergraduate,Single,"$50,000<Income<=$100,000",White,Not Donated,0,3,1,1,1,2,5
2725,30<=Age<=39,Female,Undergraduate,Married,"Income>$100,000",Hispanic,Not Donated,0,2,1,1,2,3,3
2726,Age<=29,Female,Undergraduate,Married,"Income<=$50,000",Hispanic,Not Donated,0,1,1,1,2,1,3
2727,Age>=50,Female,Undergraduate,Married,"Income<=$50,000",Black,Not Donated,0,4,1,1,2,1,2
2728,40<=Age<=49,Male,Undergraduate,Single,"$50,000<Income<=$100,000",Other,Not Donated,0,3,2,1,1,2,4
2729,Age<=29,Female,Undergraduate,Single,"Income>$100,000",White,Donated,90,1,1,1,1,3,5
2730,Age>=50,Male,Undergraduate,Married,"Income<=$50,000",Asian,Not Donated,0,4,2,1,2,1,1
2731,Age<=29,Male,Undergraduate,Married,"$50,000<Income<=$100,000",Black,Not Donated,0,1,2,1,2,2,2
2732,40<=Age<=49,Male,Undergraduate,Married,"Income<=$50,000",Asian,Not Donated,0,3,2,1,2,1,1
2733,40<=Age<=49,Male,Undergraduate,Married,"Income>$100,000",White,Donated,125,3,2,1,2,3,5
2734,30<=Age<=39,Female,Undergraduate,Married,"Income>$100,000",Black,Donated,115,2,1,1,2,3,2
2735,30<=Age<=39,Male,Undergraduate,Married,"Income<=$50,000",White,Not Donated,0,2,2,1,2,1,5
2736,Age>=50,Male,Undergraduate,Married,"Income<=$50,000",Hispanic,Not Donated,0,4,2,1,2,1,3
2737,Age>=50,Female,Undergraduate,Married,"$50,000<Income<=$100,000",Hispanic,Not Donated,0,4,1,1,2,2,3
2738,30<=Age<=39,Male,Undergraduate,Single,"Income<=$50,000",White,Donated,40,2,2,1,1,1,5
2739,Age<=29,Female,Undergraduate,Single,"Income<=$50,000",White,Donated,25,1,1,1,1,1,5
2740,Age>=50,Female,Graduate,Married,"$50,000<Income<=$100,000",Black,Not Donated,0,4,1,2,2,2,2
2741,40<=Age<=49,Male,Undergraduate,Single,"$50,000<Income<=$100,000",Black,Not Donated,0,3,2,1,1,2,2
2742,Age<=29,Male,Undergraduate,Married,"Income<=$50,000",White,Donated,50,1,2,1,2,1,5
2743,Age<=29,Male,Undergraduate,Single,"Income<=$50,000",Black,Not Donated,0,1,2,1,1,1,2
2744,40<=Age<=49,Female,Undergraduate,Single,"$50,000<Income<=$100,000",White,Not Donated,0,3,1,1,1,2,5
2745,Age<=29,Male,Undergraduate,Married,"$50,000<Income<=$100,000",White,Not Donated,0,1,2,1,2,2,5
2746,Age<=29,Female,Undergraduate,Married,"Income>$100,000",White,Donated,75,1,1,1,2,3,5
2747,Age<=29,Female,Undergraduate,Single,"Income<=$50,000",White,Not Donated,0,1,1,1,1,1,5
2748,40<=Age<=49,Male,Undergraduate,Single,"Income<=$50,000",Hispanic,Not Donated,0,3,2,1,1,1,3
2749,Age>=50,Female,Undergraduate,Single,"Income<=$50,000",Black,Not Donated,0,4,1,1,1,1,2
2750,Age<=29,Male,Graduate,Single,"Income<=$50,000",White,Donated,50,1,2,2,1,1,5
2751,40<=Age<=49,Male,Undergraduate,Single,"Income>$100,000",White,Donated,115,3,2,1,1,3,5
2752,Age>=50,Female,Undergraduate,Single,"Income>$100,000",Black,Not Donated,0,4,1,1,1,3,2
2753,30<=Age<=39,Female,Graduate,Married,"Income<=$50,000",White,Not Donated,0,2,1,2,2,1,5
2754,Age>=50,Female,Undergraduate,Single,"$50,000<Income<=$100,000",White,Not Donated,0,4,1,1,1,2,5
2755,Age>=50,Female,Undergraduate,Married,"$50,000<Income<=$100,000",White,Not Donated,0,4,1,1,2,2,5
2756,Age>=50,Female,Graduate,Single,"Income<=$50,000",White,Not Donated,0,4,1,2,1,1,5
2757,Age>=50,Female,Graduate,Married,"Income>$100,000",White,Donated,165,4,1,2,2,3,5
2758,Age>=50,Male,Undergraduate,Married,"Income<=$50,000",White,Not Donated,0,4,2,1,2,1,5
2759,30<=Age<=39,Female,Undergraduate,Single,"Income>$100,000",White,Donated,100,2,1,1,1,3,5
2760,40<=Age<=49,Female,Undergraduate,Married,"Income>$100,000",White,Not Donated,0,3,1,1,2,3,5
2761,40<=Age<=49,Male,Undergraduate,Married,"Income<=$50,000",White,Donated,75,3,2,1,2,1,5
2762,40<=Age<=49,Female,Undergraduate,Single,"Income>$100,000",White,Donated,125,3,1,1,1,3,5
2763,Age<=29,Female,Undergraduate,Single,"Income<=$50,000",White,Donated,40,1,1,1,1,1,5
2764,Age>=50,Female,Undergraduate,Married,"Income>$100,000",White,Not Donated,0,4,1,1,2,3,5
2765,30<=Age<=39,Male,Undergraduate,Married,"Income>$100,000",Asian,Not Donated,0,2,2,1,2,3,1
2766,Age>=50,Male,Undergraduate,Single,"Income<=$50,000",White,Not Donated,0,4,2,1,1,1,5
2767,40<=Age<=49,Female,Undergraduate,Single,"$50,000<Income<=$100,000",White,Not Donated,0,3,1,1,1,2,5
2768,Age>=50,Female,Undergraduate,Married,"$50,000<Income<=$100,000",Hispanic,Donated,110,4,1,1,2,2,3
2769,Age<=29,Female,Undergraduate,Married,"Income<=$50,000",Black,Donated,40,1,1,1,2,1,2
2770,Age<=29,Male,Undergraduate,Married,"Income<=$50,000",White,Donated,55,1,2,1,2,1,5
2771,Age<=29,Male,Undergraduate,Married,"Income>$100,000",White,Not Donated,0,1,2,1,2,3,5
2772,30<=Age<=39,Female,Undergraduate,Married,"Income<=$50,000",Black,Donated,65,2,1,1,2,1,2
2773,Age>=50,Male,Undergraduate,Married,"Income<=$50,000",Hispanic,Not Donated,0,4,2,1,2,1,3
2774,30<=Age<=39,Male,Undergraduate,Single,"Income<=$50,000",White,Donated,45,2,2,1,1,1,5
2775,Age>=50,Female,Undergraduate,Married,"$50,000<Income<=$100,000",White,Not Donated,0,4,1,1,2,2,5
2776,30<=Age<=39,Female,Undergraduate,Married,"$50,000<Income<=$100,000",White,Not Donated,0,2,1,1,2,2,5
2777,Age<=29,Male,Undergraduate,Single,"Income<=$50,000",White,Not Donated,0,1,2,1,1,1,5
2778,Age<=29,Male,Undergraduate,Single,"Income<=$50,000",White,Not Donated,0,1,2,1,1,1,5
2779,40<=Age<=49,Male,Undergraduate,Single,"Income<=$50,000",Black,Not Donated,0,3,2,1,1,1,2
2780,40<=Age<=49,Male,Undergraduate,Single,"Income<=$50,000",White,Not Donated,0,3,2,1,1,1,5
2781,Age<=29,Female,Undergraduate,Married,"Income<=$50,000",Asian,Donated,45,1,1,1,2,1,1
2782,30<=Age<=39,Male,Undergraduate,Married,"Income<=$50,000",Black,Not Donated,0,2,2,1,2,1,2
2783,Age<=29,Male,Undergraduate,Married,"Income<=$50,000",White,Donated,35,1,2,1,2,1,5
2784,30<=Age<=39,Male,Undergraduate,Married,"Income<=$50,000",Hispanic,Donated,65,2,2,1,2,1,3
2785,40<=Age<=49,Female,Undergraduate,Single,"Income<=$50,000",White,Not Donated,0,3,1,1,1,1,5
2786,40<=Age<=49,Male,Undergraduate,Single,"Income<=$50,000",White,Not Donated,0,3,2,1,1,1,5
2787,30<=Age<=39,Male,Undergraduate,Single,"Income<=$50,000",White,Donated,60,2,2,1,1,1,5
2788,30<=Age<=39,Male,Undergraduate,Married,"Income>$100,000",White,Not Donated,0,2,2,1,2,3,5
2789,30<=Age<=39,Female,Undergraduate,Married,"Income>$100,000",White,Not Donated,0,2,1,1,2,3,5
2790,Age<=29,Female,Undergraduate,Married,"$50,000<Income<=$100,000",Hispanic,Not Donated,0,1,1,1,2,2,3
2791,40<=Age<=49,Female,Undergraduate,Married,"Income<=$50,000",White,Not Donated,0,3,1,1,2,1,5
2792,30<=Age<=39,Female,Undergraduate,Married,"Income>$100,000",Hispanic,Not Donated,0,2,1,1,2,3,3
2793,30<=Age<=39,Female,Undergraduate,Married,"$50,000<Income<=$100,000",Black,Not Donated,0,2,1,1,2,2,2
2794,40<=Age<=49,Male,Undergraduate,Single,"$50,000<Income<=$100,000",White,Not Donated,0,3,2,1,1,2,5
2795,30<=Age<=39,Male,Undergraduate,Single,"Income<=$50,000",Black,Donated,40,2,2,1,1,1,2
2796,40<=Age<=49,Female,Undergraduate,Married,"$50,000<Income<=$100,000",White,Donated,75,3,1,1,2,2,5
2797,30<=Age<=39,Female,Undergraduate,Single,"Income<=$50,000",Hispanic,Donated,35,2,1,1,1,1,3
2798,Age>=50,Female,Undergraduate,Single,"$50,000<Income<=$100,000",White,Not Donated,0,4,1,1,1,2,5
2799,30<=Age<=39,Male,Undergraduate,Single,"$50,000<Income<=$100,000",White,Donated,75,2,2,1,1,2,5
2800,40<=Age<=49,Male,Undergraduate,Married,"Income<=$50,000",Asian,Not Donated,0,3,2,1,2,1,1
2801,40<=Age<=49,Female,Undergraduate,Married,"$50,000<Income<=$100,000",White,Not Donated,0,3,1,1,2,2,5
2802,Age>=50,Male,Undergraduate,Married,"Income<=$50,000",White,Not Donated,0,4,2,1,2,1,5
2803,Age>=50,Female,Graduate,Single,"Income<=$50,000",Hispanic,Donated,105,4,1,2,1,1,3
2804,Age<=29,Male,Undergraduate,Single,"$50,000<Income<=$100,000",White,Donated,70,1,2,1,1,2,5
2805,Age<=29,Male,Undergraduate,Married,"Income<=$50,000",White,Donated,55,1,2,1,2,1,5
2806,Age>=50,Female,Undergraduate,Married,"$50,000<Income<=$100,000",Black,Not Donated,0,4,1,1,2,2,2
2807,40<=Age<=49,Female,Undergraduate,Married,"$50,000<Income<=$100,000",White,Donated,120,3,1,1,2,2,5
2808,30<=Age<=39,Male,Undergraduate,Single,"Income>$100,000",White,Donated,125,2,2,1,1,3,5
2809,Age>=50,Male,Graduate,Married,"Income<=$50,000",White,Not Donated,0,4,2,2,2,1,5
2810,Age>=50,Female,Undergraduate,Single,"Income>$100,000",Black,Not Donated,0,4,1,1,1,3,2
2811,30<=Age<=39,Female,Undergraduate,Married,"$50,000<Income<=$100,000",Black,Not Donated,0,2,1,1,2,2,2
2812,30<=Age<=39,Female,Undergraduate,Single,"Income<=$50,000",White,Not Donated,0,2,1,1,1,1,5
2813,Age<=29,Male,Undergraduate,Married,"Income>$100,000",White,Donated,105,1,2,1,2,3,5
2814,40<=Age<=49,Male,Undergraduate,Single,"$50,000<Income<=$100,000",White,Not Donated,0,3,2,1,1,2,5
2815,Age>=50,Female,Undergraduate,Married,"Income<=$50,000",White,Not Donated,0,4,1,1,2,1,5
2816,30<=Age<=39,Male,Undergraduate,Married,"Income<=$50,000",White,Not Donated,0,2,2,1,2,1,5
2817,Age<=29,Male,Undergraduate,Married,"Income<=$50,000",White,Not Donated,0,1,2,1,2,1,5
2818,30<=Age<=39,Female,Undergraduate,Married,"Income<=$50,000",White,Not Donated,0,2,1,1,2,1,5
2819,40<=Age<=49,Female,Undergraduate,Single,"$50,000<Income<=$100,000",Hispanic,Not Donated,0,3,1,1,1,2,3
2820,40<=Age<=49,Female,Undergraduate,Married,"Income<=$50,000",Asian,Not Donated,0,3,1,1,2,1,1
2821,30<=Age<=39,Male,Undergraduate,Married,"$50,000<Income<=$100,000",White,Not Donated,0,2,2,1,2,2,5
2822,40<=Age<=49,Female,Undergraduate,Married,"Income<=$50,000",White,Not Donated,0,3,1,1,2,1,5
2823,40<=Age<=49,Female,Undergraduate,Single,"Income<=$50,000",Asian,Donated,65,3,1,1,1,1,1
2824,Age<=29,Female,Undergraduate,Single,"Income>$100,000",White,Donated,75,1,1,1,1,3,5
2825,30<=Age<=39,Male,Undergraduate,Married,"$50,000<Income<=$100,000",White,Donated,90,2,2,1,2,2,5
2826,40<=Age<=49,Male,Undergraduate,Single,"Income>$100,000",Other,Not Donated,0,3,2,1,1,3,4
2827,30<=Age<=39,Male,Undergraduate,Married,"Income<=$50,000",White,Not Donated,0,2,2,1,2,1,5
2828,Age>=50,Male,Undergraduate,Married,"Income<=$50,000",White,Not Donated,0,4,2,1,2,1,5
2829,Age<=29,Male,Undergraduate,Married,"Income<=$50,000",White,Donated,30,1,2,1,2,1,5
2830,Age>=50,Female,Undergraduate,Single,"Income<=$50,000",Black,Not Donated,0,4,1,1,1,1,2
2831,Age>=50,Male,Graduate,Single,"$50,000<Income<=$100,000",White,Not Donated,0,4,2,2,1,2,5
2832,30<=Age<=39,Female,Undergraduate,Single,"$50,000<Income<=$100,000",Hispanic,Donated,75,2,1,1,1,2,3
2833,Age<=29,Female,Undergraduate,Single,"Income<=$50,000",White,Not Donated,0,1,1,1,1,1,5
2834,Age>=50,Female,Graduate,Married,"Income<=$50,000",White,Not Donated,0,4,1,2,2,1,5
2835,Age>=50,Female,Undergraduate,Married,"$50,000<Income<=$100,000",Other,Not Donated,0,4,1,1,2,2,4
2836,40<=Age<=49,Male,Undergraduate,Single,"$50,000<Income<=$100,000",White,Donated,105,3,2,1,1,2,5
2837,Age<=29,Male,Undergraduate,Married,"$50,000<Income<=$100,000",Asian,Not Donated,0,1,2,1,2,2,1
2838,Age<=29,Female,Undergraduate,Married,"Income<=$50,000",White,Not Donated,0,1,1,1,2,1,5
2839,30<=Age<=39,Female,Undergraduate,Single,"Income<=$50,000",White,Donated,55,2,1,1,1,1,5
2840,30<=Age<=39,Male,Undergraduate,Married,"$50,000<Income<=$100,000",Asian,Donated,85,2,2,1,2,2,1
2841,40<=Age<=49,Male,Undergraduate,Married,"Income<=$50,000",White,Not Donated,0,3,2,1,2,1,5
2842,Age<=29,Female,Undergraduate,Married,"Income<=$50,000",White,Donated,30,1,1,1,2,1,5
2843,30<=Age<=39,Female,Undergraduate,Married,"Income<=$50,000",Other,Not Donated,0,2,1,1,2,1,4
2844,40<=Age<=49,Male,Undergraduate,Married,"Income<=$50,000",White,Not Donated,0,3,2,1,2,1,5
2845,40<=Age<=49,Male,Undergraduate,Single,"Income<=$50,000",White,Not Donated,0,3,2,1,1,1,5
2846,Age<=29,Female,Undergraduate,Married,"Income<=$50,000",Hispanic,Not Donated,0,1,1,1,2,1,3
2847,40<=Age<=49,Male,Graduate,Single,"Income>$100,000",Other,Donated,125,3,2,2,1,3,4
2848,30<=Age<=39,Male,Graduate,Married,"Income<=$50,000",Hispanic,Donated,55,2,2,2,2,1,3
2849,Age<=29,Male,Graduate,Married,"$50,000<Income<=$100,000",White,Not Donated,0,1,2,2,2,2,5
2850,Age<=29,Male,Undergraduate,Married,"Income>$100,000",White,Not Donated,0,1,2,1,2,3,5
2851,40<=Age<=49,Female,Undergraduate,Married,"$50,000<Income<=$100,000",Black,Not Donated,0,3,1,1,2,2,2
2852,30<=Age<=39,Male,Undergraduate,Married,"Income>$100,000",White,Not Donated,0,2,2,1,2,3,5
2853,30<=Age<=39,Male,Undergraduate,Single,"$50,000<Income<=$100,000",White,Not Donated,0,2,2,1,1,2,5
2854,40<=Age<=49,Male,Undergraduate,Married,"$50,000<Income<=$100,000",Other,Not Donated,0,3,2,1,2,2,4
2855,40<=Age<=49,Male,Undergraduate,Single,"Income<=$50,000",White,Donated,65,3,2,1,1,1,5
2856,30<=Age<=39,Male,Undergraduate,Married,"Income<=$50,000",White,Not Donated,0,2,2,1,2,1,5
2857,Age>=50,Female,Undergraduate,Married,"$50,000<Income<=$100,000",White,Not Donated,0,4,1,1,2,2,5
2858,Age>=50,Female,Undergraduate,Single,"Income<=$50,000",White,Not Donated,0,4,1,1,1,1,5
2859,Age>=50,Female,Undergraduate,Single,"Income>$100,000",Other,Donated,145,4,1,1,1,3,4
2860,30<=Age<=39,Male,Undergraduate,Married,"Income>$100,000",Asian,Donated,115,2,2,1,2,3,1
2861,40<=Age<=49,Male,Undergraduate,Married,"Income>$100,000",Black,Donated,110,3,2,1,2,3,2
2862,30<=Age<=39,Female,Undergraduate,Single,"$50,000<Income<=$100,000",White,Donated,80,2,1,1,1,2,5
2863,Age<=29,Female,Undergraduate,Single,"$50,000<Income<=$100,000",Other,Donated,45,1,1,1,1,2,4
2864,40<=Age<=49,Female,Undergraduate,Single,"$50,000<Income<=$100,000",Asian,Not Donated,0,3,1,1,1,2,1
2865,30<=Age<=39,Male,Undergraduate,Married,"Income<=$50,000",White,Donated,70,2,2,1,2,1,5
2866,Age<=29,Female,Undergraduate,Married,"Income>$100,000",Hispanic,Not Donated,0,1,1,1,2,3,3
2867,30<=Age<=39,Male,Undergraduate,Married,"Income<=$50,000",Other,Not Donated,0,2,2,1,2,1,4
2868,30<=Age<=39,Female,Graduate,Single,"Income<=$50,000",White,Donated,70,2,1,2,1,1,5
2869,Age>=50,Male,Undergraduate,Married,"Income>$100,000",Hispanic,Not Donated,0,4,2,1,2,3,3
2870,40<=Age<=49,Female,Undergraduate,Single,"Income<=$50,000",White,Not Donated,0,3,1,1,1,1,5
2871,30<=Age<=39,Female,Undergraduate,Married,"Income>$100,000",White,Not Donated,0,2,1,1,2,3,5
2872,Age>=50,Male,Undergraduate,Single,"$50,000<Income<=$100,000",Asian,Not Donated,0,4,2,1,1,2,1
2873,30<=Age<=39,Female,Undergraduate,Married,"Income<=$50,000",White,Not Donated,0,2,1,1,2,1,5
2874,Age<=29,Male,Undergraduate,Single,"Income>$100,000",White,Donated,80,1,2,1,1,3,5
2875,30<=Age<=39,Female,Undergraduate,Married,"$50,000<Income<=$100,000",Hispanic,Donated,90,2,1,1,2,2,3
2876,30<=Age<=39,Male,Graduate,Married,"Income<=$50,000",White,Donated,60,2,2,2,2,1,5
2877,30<=Age<=39,Male,Graduate,Married,"Income>$100,000",Other,Not Donated,0,2,2,2,2,3,4
2878,Age>=50,Male,Undergraduate,Married,"Income<=$50,000",White,Not Donated,0,4,2,1,2,1,5
2879,Age<=29,Female,Undergraduate,Married,"Income>$100,000",Hispanic,Donated,75,1,1,1,2,3,3
2880,Age<=29,Male,Undergraduate,Married,"Income>$100,000",Asian,Not Donated,0,1,2,1,2,3,1
2881,30<=Age<=39,Female,Undergraduate,Single,"Income<=$50,000",White,Not Donated,0,2,1,1,1,1,5
2882,Age<=29,Male,Undergraduate,Married,"Income>$100,000",White,Donated,105,1,2,1,2,3,5
2883,Age<=29,Male,Undergraduate,Married,"$50,000<Income<=$100,000",White,Donated,70,1,2,1,2,2,5
2884,Age<=29,Male,Undergraduate,Single,"$50,000<Income<=$100,000",Asian,Donated,65,1,2,1,1,2,1
2885,30<=Age<=39,Male,Undergraduate,Single,"Income<=$50,000",White,Not Donated,0,2,2,1,1,1,5
2886,Age>=50,Female,Undergraduate,Married,"$50,000<Income<=$100,000",White,Not Donated,0,4,1,1,2,2,5
2887,Age<=29,Female,Undergraduate,Married,"$50,000<Income<=$100,000",White,Donated,60,1,1,1,2,2,5
2888,30<=Age<=39,Male,Graduate,Married,"Income<=$50,000",White,Not Donated,0,2,2,2,2,1,5
2889,40<=Age<=49,Female,Undergraduate,Married,"$50,000<Income<=$100,000",Other,Donated,75,3,1,1,2,2,4
2890,40<=Age<=49,Female,Undergraduate,Single,"Income<=$50,000",White,Donated,70,3,1,1,1,1,5
2891,30<=Age<=39,Male,Undergraduate,Married,"Income<=$50,000",Black,Not Donated,0,2,2,1,2,1,2
2892,Age>=50,Male,Undergraduate,Single,"Income<=$50,000",White,Not Donated,0,4,2,1,1,1,5
2893,Age<=29,Female,Undergraduate,Single,"Income<=$50,000",White,Not Donated,0,1,1,1,1,1,5
2894,30<=Age<=39,Male,Undergraduate,Married,"$50,000<Income<=$100,000",Hispanic,Donated,80,2,2,1,2,2,3
2895,30<=Age<=39,Female,Undergraduate,Married,"Income>$100,000",White,Not Donated,0,2,1,1,2,3,5
2896,40<=Age<=49,Male,Undergraduate,Married,"Income>$100,000",White,Donated,140,3,2,1,2,3,5
2897,40<=Age<=49,Male,Graduate,Single,"$50,000<Income<=$100,000",Hispanic,Not Donated,0,3,2,2,1,2,3
2898,40<=Age<=49,Female,Undergraduate,Single,"$50,000<Income<=$100,000",White,Not Donated,0,3,1,1,1,2,5
2899,Age<=29,Male,Graduate,Married,"Income<=$50,000",Asian,Donated,45,1,2,2,2,1,1
2900,40<=Age<=49,Female,Undergraduate,Single,"Income>$100,000",White,Not Donated,0,3,1,1,1,3,5
2901,30<=Age<=39,Female,Undergraduate,Single,"$50,000<Income<=$100,000",White,Not Donated,0,2,1,1,1,2,5
2902,Age>=50,Female,Undergraduate,Married,"Income<=$50,000",Hispanic,Not Donated,0,4,1,1,2,1,3
2903,Age<=29,Female,Undergraduate,Married,"Income<=$50,000",White,Not Donated,0,1,1,1,2,1,5
2904,Age>=50,Male,Undergraduate,Married,"Income<=$50,000",Black,Donated,80,4,2,1,2,1,2
2905,40<=Age<=49,Female,Undergraduate,Married,"$50,000<Income<=$100,000",White,Donated,95,3,1,1,2,2,5
2906,30<=Age<=39,Male,Undergraduate,Married,"Income>$100,000",White,Donated,100,2,2,1,2,3,5
2907,Age>=50,Male,Undergraduate,Married,"Income<=$50,000",White,Not Donated,0,4,2,1,2,1,5
2908,Age>=50,Male,Undergraduate,Married,"Income<=$50,000",Asian,Donated,115,4,2,1,2,1,1
2909,30<=Age<=39,Female,Undergraduate,Married,"Income>$100,000",Other,Donated,125,2,1,1,2,3,4
2910,40<=Age<=49,Male,Undergraduate,Married,"$50,000<Income<=$100,000",Hispanic,Not Donated,0,3,2,1,2,2,3
2911,Age<=29,Female,Graduate,Married,"$50,000<Income<=$100,000",White,Donated,75,1,1,2,2,2,5
2912,40<=Age<=49,Male,Undergraduate,Single,"Income<=$50,000",White,Not Donated,0,3,2,1,1,1,5
2913,40<=Age<=49,Female,Undergraduate,Single,"Income<=$50,000",Black,Not Donated,0,3,1,1,1,1,2
2914,30<=Age<=39,Male,Undergraduate,Single,"Income<=$50,000",White,Not Donated,0,2,2,1,1,1,5
2915,40<=Age<=49,Male,Undergraduate,Single,"Income>$100,000",White,Not Donated,0,3,2,1,1,3,5
2916,Age>=50,Male,Undergraduate,Married,"$50,000<Income<=$100,000",White,Not Donated,0,4,2,1,2,2,5
2917,40<=Age<=49,Female,Undergraduate,Married,"$50,000<Income<=$100,000",White,Not Donated,0,3,1,1,2,2,5
2918,30<=Age<=39,Male,Undergraduate,Single,"Income<=$50,000",White,Not Donated,0,2,2,1,1,1,5
2919,Age<=29,Male,Undergraduate,Single,"Income<=$50,000",Black,Not Donated,0,1,2,1,1,1,2
2920,Age>=50,Female,Undergraduate,Married,"Income<=$50,000",Other,Not Donated,0,4,1,1,2,1,4
2921,Age>=50,Male,Undergraduate,Single,"Income>$100,000",Black,Donated,150,4,2,1,1,3,2
2922,Age<=29,Female,Undergraduate,Single,"$50,000<Income<=$100,000",White,Not Donated,0,1,1,1,1,2,5
2923,Age<=29,Female,Undergraduate,Single,"$50,000<Income<=$100,000",Asian,Donated,60,1,1,1,1,2,1
2924,30<=Age<=39,Male,Undergraduate,Married,"$50,000<Income<=$100,000",Hispanic,Not Donated,0,2,2,1,2,2,3
2925,30<=Age<=39,Male,Undergraduate,Married,"Income<=$50,000",White,Not Donated,0,2,2,1,2,1,5
2926,40<=Age<=49,Male,Undergraduate,Married,"Income<=$50,000",White,Not Donated,0,3,2,1,2,1,5
2927,40<=Age<=49,Female,Undergraduate,Married,"$50,000<Income<=$100,000",White,Not Donated,0,3,1,1,2,2,5
2928,30<=Age<=39,Female,Undergraduate,Married,"$50,000<Income<=$100,000",Hispanic,Not Donated,0,2,1,1,2,2,3
2929,30<=Age<=39,Female,Undergraduate,Married,"Income<=$50,000",Asian,Donated,70,2,1,1,2,1,1
2930,Age>=50,Female,Undergraduate,Single,"Income<=$50,000",Asian,Not Donated,0,4,1,1,1,1,1
2931,40<=Age<=49,Female,Undergraduate,Single,"Income<=$50,000",Hispanic,Donated,85,3,1,1,1,1,3
2932,30<=Age<=39,Male,Undergraduate,Married,"$50,000<Income<=$100,000",White,Donated,75,2,2,1,2,2,5
2933,Age>=50,Male,Undergraduate,Married,"$50,000<Income<=$100,000",White,Not Donated,0,4,2,1,2,2,5
2934,30<=Age<=39,Female,Undergraduate,Married,"Income>$100,000",Asian,Not Donated,0,2,1,1,2,3,1
2935,Age>=50,Male,Undergraduate,Married,"$50,000<Income<=$100,000",White,Not Donated,0,4,2,1,2,2,5
2936,30<=Age<=39,Male,Undergraduate,Married,"$50,000<Income<=$100,000",White,Not Donated,0,2,2,1,2,2,5
2937,30<=Age<=39,Male,Undergraduate,Single,"$50,000<Income<=$100,000",Black,Donated,90,2,2,1,1,2,2
2938,Age>=50,Female,Undergraduate,Single,"Income>$100,000",Asian,Donated,145,4,1,1,1,3,1
2939,Age<=29,Female,Undergraduate,Married,"Income<=$50,000",Hispanic,Not Donated,0,1,1,1,2,1,3
2940,Age<=29,Male,Undergraduate,Married,"Income>$100,000",White,Not Donated,0,1,2,1,2,3,5
2941,Age<=29,Female,Graduate,Single,"$50,000<Income<=$100,000",Black,Not Donated,0,1,1,2,1,2,2
2942,30<=Age<=39,Female,Undergraduate,Single,"$50,000<Income<=$100,000",White,Donated,70,2,1,1,1,2,5
2943,30<=Age<=39,Female,Undergraduate,Married,"Income<=$50,000",White,Donated,60,2,1,1,2,1,5
2944,Age<=29,Female,Undergraduate,Married,"$50,000<Income<=$100,000",White,Donated,55,1,1,1,2,2,5
2945,Age<=29,Female,Undergraduate,Married,"Income<=$50,000",White,Donated,55,1,1,1,2,1,5
2946,Age<=29,Male,Undergraduate,Single,"$50,000<Income<=$100,000",Black,Donated,40,1,2,1,1,2,2
2947,30<=Age<=39,Female,Undergraduate,Married,"$50,000<Income<=$100,000",White,Donated,70,2,1,1,2,2,5
2948,Age<=29,Female,Undergraduate,Single,"Income<=$50,000",White,Not Donated,0,1,1,1,1,1,5
2949,Age<=29,Male,Undergraduate,Single,"Income<=$50,000",Hispanic,Not Donated,0,1,2,1,1,1,3
2950,30<=Age<=39,Male,Undergraduate,Single,"Income>$100,000",White,Donated,85,2,2,1,1,3,5
2951,40<=Age<=49,Male,Undergraduate,Single,"Income<=$50,000",White,Donated,70,3,2,1,1,1,5
2952,Age<=29,Female,Undergraduate,Single,"$50,000<Income<=$100,000",White,Not Donated,0,1,1,1,1,2,5
2953,30<=Age<=39,Male,Undergraduate,Married,"Income>$100,000",White,Donated,125,2,2,1,2,3,5
2954,40<=Age<=49,Male,Undergraduate,Married,"Income<=$50,000",White,Not Donated,0,3,2,1,2,1,5
2955,30<=Age<=39,Female,Undergraduate,Single,"Income<=$50,000",White,Not Donated,0,2,1,1,1,1,5
2956,Age<=29,Male,Undergraduate,Married,"$50,000<Income<=$100,000",White,Donated,65,1,2,1,2,2,5
2957,Age>=50,Female,Undergraduate,Married,"Income<=$50,000",White,Not Donated,0,4,1,1,2,1,5
2958,Age<=29,Female,Undergraduate,Single,"Income<=$50,000",White,Donated,15,1,1,1,1,1,5
2959,Age<=29,Male,Undergraduate,Married,"Income<=$50,000",Black,Not Donated,0,1,2,1,2,1,2
2960,Age<=29,Male,Undergraduate,Single,"Income<=$50,000",Asian,Donated,30,1,2,1,1,1,1
2961,Age>=50,Male,Undergraduate,Single,"Income<=$50,000",White,Donated,75,4,2,1,1,1,5
2962,Age<=29,Female,Undergraduate,Married,"Income<=$50,000",White,Donated,25,1,1,1,2,1,5
2963,Age<=29,Female,Undergraduate,Single,"Income<=$50,000",White,Not Donated,0,1,1,1,1,1,5
2964,30<=Age<=39,Female,Undergraduate,Married,"$50,000<Income<=$100,000",White,Donated,60,2,1,1,2,2,5
2965,40<=Age<=49,Female,Undergraduate,Single,"Income>$100,000",White,Not Donated,0,3,1,1,1,3,5
2966,Age>=50,Female,Undergraduate,Single,"$50,000<Income<=$100,000",White,Not Donated,0,4,1,1,1,2,5
2967,40<=Age<=49,Male,Undergraduate,Married,"Income<=$50,000",Black,Not Donated,0,3,2,1,2,1,2
2968,Age<=29,Female,Undergraduate,Married,"Income>$100,000",White,Not Donated,0,1,1,1,2,3,5
2969,Age>=50,Female,Undergraduate,Married,"$50,000<Income<=$100,000",Asian,Donated,115,4,1,1,2,2,1
2970,40<=Age<=49,Male,Undergraduate,Married,"Income<=$50,000",White,Not Donated,0,3,2,1,2,1,5
2971,40<=Age<=49,Female,Undergraduate,Single,"Income<=$50,000",White,Not Donated,0,3,1,1,1,1,5
2972,Age>=50,Male,Undergraduate,Married,"Income<=$50,000",Asian,Not Donated,0,4,2,1,2,1,1
2973,40<=Age<=49,Female,Undergraduate,Single,"Income<=$50,000",White,Not Donated,0,3,1,1,1,1,5
2974,40<=Age<=49,Female,Undergraduate,Single,"Income<=$50,000",White,Not Donated,0,3,1,1,1,1,5
2975,40<=Age<=49,Female,Undergraduate,Single,"$50,000<Income<=$100,000",Asian,Not Donated,0,3,1,1,1,2,1
2976,40<=Age<=49,Male,Undergraduate,Married,"Income<=$50,000",White,Not Donated,0,3,2,1,2,1,5
2977,Age>=50,Female,Undergraduate,Single,"Income>$100,000",White,Not Donated,0,4,1,1,1,3,5
2978,30<=Age<=39,Female,Undergraduate,Married,"$50,000<Income<=$100,000",Asian,Donated,80,2,1,1,2,2,1
2979,30<=Age<=39,Male,Undergraduate,Single,"Income<=$50,000",Black,Donated,40,2,2,1,1,1,2
2980,30<=Age<=39,Female,Undergraduate,Single,"Income>$100,000",White,Not Donated,0,2,1,1,1,3,5
2981,Age<=29,Male,Undergraduate,Married,"Income<=$50,000",White,Not Donated,0,1,2,1,2,1,5
2982,40<=Age<=49,Male,Undergraduate,Single,"$50,000<Income<=$100,000",Black,Donated,90,3,2,1,1,2,2
2983,40<=Age<=49,Female,Undergraduate,Married,"$50,000<Income<=$100,000",White,Not Donated,0,3,1,1,2,2,5
2984,Age<=29,Male,Undergraduate,Single,"$50,000<Income<=$100,000",White,Not Donated,0,1,2,1,1,2,5
2985,30<=Age<=39,Male,Undergraduate,Single,"Income>$100,000",White,Not Donated,0,2,2,1,1,3,5
2986,Age<=29,Female,Undergraduate,Married,"Income<=$50,000",White,Donated,35,1,1,1,2,1,5
2987,40<=Age<=49,Male,Undergraduate,Single,"Income<=$50,000",White,Not Donated,0,3,2,1,1,1,5
2988,30<=Age<=39,Female,Graduate,Married,"$50,000<Income<=$100,000",White,Donated,110,2,1,2,2,2,5
2989,Age>=50,Female,Undergraduate,Married,"Income<=$50,000",Other,Not Donated,0,4,1,1,2,1,4
2990,Age<=29,Female,Undergraduate,Single,"Income<=$50,000",White,Donated,20,1,1,1,1,1,5
2991,Age<=29,Female,Undergraduate,Single,"Income<=$50,000",Asian,Not Donated,0,1,1,1,1,1,1
2992,Age>=50,Female,Undergraduate,Single,"$50,000<Income<=$100,000",White,Donated,110,4,1,1,1,2,5
2993,Age<=29,Male,Undergraduate,Married,"Income>$100,000",Black,Donated,90,1,2,1,2,3,2
2994,30<=Age<=39,Male,Undergraduate,Single,"Income>$100,000",Other,Not Donated,0,2,2,1,1,3,4
2995,30<=Age<=39,Male,Undergraduate,Single,"$50,000<Income<=$100,000",White,Donated,70,2,2,1,1,2,5
2996,40<=Age<=49,Male,Undergraduate,Married,"Income<=$50,000",White,Donated,85,3,2,1,2,1,5
2997,30<=Age<=39,Female,Undergraduate,Married,"Income<=$50,000",White,Not Donated,0,2,1,1,2,1,5
2998,30<=Age<=39,Female,Undergraduate,Single,"$50,000<Income<=$100,000",White,Donated,70,2,1,1,1,2,5
2999,Age<=29,Male,Undergraduate,Married,"$50,000<Income<=$100,000",White,Not Donated,0,1,2,1,2,2,5
3000,30<=Age<=39,Female,Undergraduate,Married,"Income<=$50,000",Other,Not Donated,0,2,1,1,2,1,4
3001,Age>=50,Female,Undergraduate,Single,"Income<=$50,000",Black,Donated,90,4,1,1,1,1,2
3002,Age<=29,Female,Undergraduate,Married,"Income>$100,000",White,Not Donated,0,1,1,1,2,3,5
3003,Age>=50,Male,Undergraduate,Single,"Income<=$50,000",White,Not Donated,0,4,2,1,1,1,5
3004,Age>=50,Male,Undergraduate,Married,"Income<=$50,000",Black,Not Donated,0,4,2,1,2,1,2
3005,Age<=29,Male,Undergraduate,Married,"Income<=$50,000",Other,Not Donated,0,1,2,1,2,1,4
3006,30<=Age<=39,Female,Undergraduate,Married,"$50,000<Income<=$100,000",Black,Not Donated,0,2,1,1,2,2,2
3007,Age>=50,Female,Undergraduate,Married,"$50,000<Income<=$100,000",White,Donated,125,4,1,1,2,2,5
3008,40<=Age<=49,Male,Undergraduate,Married,"Income<=$50,000",White,Not Donated,0,3,2,1,2,1,5
3009,40<=Age<=49,Male,Graduate,Married,"Income<=$50,000",White,Donated,70,3,2,2,2,1,5
3010,Age<=29,Male,Undergraduate,Married,"$50,000<Income<=$100,000",Hispanic,Not Donated,0,1,2,1,2,2,3
3011,30<=Age<=39,Male,Undergraduate,Single,"Income>$100,000",Asian,Donated,100,2,2,1,1,3,1
3012,Age<=29,Female,Undergraduate,Married,"$50,000<Income<=$100,000",Other,Donated,65,1,1,1,2,2,4
3013,30<=Age<=39,Female,Undergraduate,Married,"Income<=$50,000",Hispanic,Not Donated,0,2,1,1,2,1,3
3014,Age>=50,Female,Undergraduate,Single,"Income>$100,000",White,Donated,120,4,1,1,1,3,5
3015,40<=Age<=49,Male,Undergraduate,Married,"Income<=$50,000",White,Not Donated,0,3,2,1,2,1,5
3016,Age>=50,Female,Undergraduate,Single,"Income>$100,000",White,Donated,125,4,1,1,1,3,5
3017,Age<=29,Male,Undergraduate,Married,"$50,000<Income<=$100,000",Black,Not Donated,0,1,2,1,2,2,2
3018,Age>=50,Female,Undergraduate,Single,"Income>$100,000",Black,Not Donated,0,4,1,1,1,3,2
3019,Age>=50,Male,Undergraduate,Married,"Income>$100,000",White,Not Donated,0,4,2,1,2,3,5
3020,Age>=50,Male,Undergraduate,Single,"$50,000<Income<=$100,000",White,Not Donated,0,4,2,1,1,2,5
3021,40<=Age<=49,Male,Undergraduate,Married,"$50,000<Income<=$100,000",Black,Donated,85,3,2,1,2,2,2
3022,30<=Age<=39,Male,Undergraduate,Married,"$50,000<Income<=$100,000",White,Not Donated,0,2,2,1,2,2,5
3023,30<=Age<=39,Male,Undergraduate,Single,"Income<=$50,000",Hispanic,Donated,50,2,2,1,1,1,3
3024,Age<=29,Male,Undergraduate,Single,"$50,000<Income<=$100,000",White,Not Donated,0,1,2,1,1,2,5
3025,Age<=29,Female,Undergraduate,Single,"Income>$100,000",White,Donated,105,1,1,1,1,3,5
3026,Age>=50,Male,Undergraduate,Single,"Income<=$50,000",White,Not Donated,0,4,2,1,1,1,5
3027,Age<=29,Female,Undergraduate,Married,"Income>$100,000",Black,Not Donated,0,1,1,1,2,3,2
3028,Age>=50,Male,Undergraduate,Single,"Income<=$50,000",Hispanic,Not Donated,0,4,2,1,1,1,3
3029,30<=Age<=39,Male,Undergraduate,Married,"Income<=$50,000",White,Donated,55,2,2,1,2,1,5
3030,Age>=50,Female,Undergraduate,Single,"Income>$100,000",White,Not Donated,0,4,1,1,1,3,5
3031,Age<=29,Male,Undergraduate,Married,"Income>$100,000",White,Donated,95,1,2,1,2,3,5
3032,Age<=29,Male,Undergraduate,Married,"$50,000<Income<=$100,000",Other,Donated,75,1,2,1,2,2,4
3033,30<=Age<=39,Female,Undergraduate,Single,"Income<=$50,000",White,Not Donated,0,2,1,1,1,1,5
3034,40<=Age<=49,Male,Undergraduate,Married,"$50,000<Income<=$100,000",White,Not Donated,0,3,2,1,2,2,5
3035,Age>=50,Female,Undergraduate,Married,"Income>$100,000",White,Not Donated,0,4,1,1,2,3,5
3036,40<=Age<=49,Female,Undergraduate,Married,"Income>$100,000",White,Not Donated,0,3,1,1,2,3,5
3037,30<=Age<=39,Female,Undergraduate,Married,"Income<=$50,000",Asian,Not Donated,0,2,1,1,2,1,1
3038,Age>=50,Male,Undergraduate,Married,"$50,000<Income<=$100,000",White,Donated,120,4,2,1,2,2,5
3039,30<=Age<=39,Male,Undergraduate,Married,"Income<=$50,000",White,Not Donated,0,2,2,1,2,1,5
3040,30<=Age<=39,Male,Undergraduate,Married,"Income<=$50,000",White,Not Donated,0,2,2,1,2,1,5
3041,Age<=29,Male,Undergraduate,Married,"Income<=$50,000",White,Not Donated,0,1,2,1,2,1,5
3042,Age>=50,Female,Undergraduate,Married,"Income<=$50,000",Black,Not Donated,0,4,1,1,2,1,2
3043,Age<=29,Male,Undergraduate,Single,"Income>$100,000",Hispanic,Not Donated,0,1,2,1,1,3,3
3044,30<=Age<=39,Male,Undergraduate,Married,"Income<=$50,000",Black,Donated,70,2,2,1,2,1,2
3045,40<=Age<=49,Male,Graduate,Single,"$50,000<Income<=$100,000",Hispanic,Not Donated,0,3,2,2,1,2,3
3046,40<=Age<=49,Male,Undergraduate,Single,"$50,000<Income<=$100,000",White,Not Donated,0,3,2,1,1,2,5
3047,Age<=29,Female,Undergraduate,Single,"$50,000<Income<=$100,000",Other,Donated,45,1,1,1,1,2,4
3048,40<=Age<=49,Female,Undergraduate,Married,"$50,000<Income<=$100,000",Hispanic,Donated,115,3,1,1,2,2,3
3049,Age>=50,Male,Undergraduate,Married,"Income<=$50,000",Hispanic,Not Donated,0,4,2,1,2,1,3
3050,40<=Age<=49,Female,Undergraduate,Single,"Income>$100,000",Asian,Donated,150,3,1,1,1,3,1
3051,40<=Age<=49,Female,Undergraduate,Single,"$50,000<Income<=$100,000",Black,Not Donated,0,3,1,1,1,2,2
3052,Age>=50,Female,Undergraduate,Married,"Income<=$50,000",White,Not Donated,0,4,1,1,2,1,5
3053,40<=Age<=49,Male,Undergraduate,Married,"Income<=$50,000",White,Donated,75,3,2,1,2,1,5
3054,Age<=29,Female,Undergraduate,Single,"Income<=$50,000",White,Not Donated,0,1,1,1,1,1,5
3055,Age>=50,Female,Undergraduate,Married,"Income<=$50,000",Hispanic,Not Donated,0,4,1,1,2,1,3
3056,40<=Age<=49,Female,Undergraduate,Married,"$50,000<Income<=$100,000",Black,Not Donated,0,3,1,1,2,2,2
3057,40<=Age<=49,Female,Undergraduate,Single,"Income<=$50,000",White,Not Donated,0,3,1,1,1,1,5
3058,Age<=29,Male,Undergraduate,Married,"$50,000<Income<=$100,000",Hispanic,Not Donated,0,1,2,1,2,2,3
3059,40<=Age<=49,Female,Undergraduate,Single,"Income<=$50,000",White,Not Donated,0,3,1,1,1,1,5
3060,30<=Age<=39,Male,Undergraduate,Married,"Income>$100,000",White,Donated,135,2,2,1,2,3,5
3061,Age<=29,Male,Undergraduate,Married,"Income>$100,000",Other,Not Donated,0,1,2,1,2,3,4
3062,Age<=29,Male,Undergraduate,Married,"Income>$100,000",Other,Not Donated,0,1,2,1,2,3,4
3063,Age>=50,Female,Undergraduate,Married,"Income<=$50,000",White,Not Donated,0,4,1,1,2,1,5
3064,Age<=29,Male,Undergraduate,Single,"$50,000<Income<=$100,000",Asian,Not Donated,0,1,2,1,1,2,1
3065,40<=Age<=49,Male,Undergraduate,Single,"$50,000<Income<=$100,000",White,Not Donated,0,3,2,1,1,2,5
3066,Age>=50,Female,Undergraduate,Married,"Income<=$50,000",White,Not Donated,0,4,1,1,2,1,5
3067,30<=Age<=39,Male,Graduate,Single,"$50,000<Income<=$100,000",White,Not Donated,0,2,2,2,1,2,5
3068,Age>=50,Female,Undergraduate,Married,"Income<=$50,000",Hispanic,Not Donated,0,4,1,1,2,1,3
3069,30<=Age<=39,Male,Undergraduate,Single,"Income<=$50,000",Hispanic,Not Donated,0,2,2,1,1,1,3
3070,30<=Age<=39,Female,Undergraduate,Single,"Income<=$50,000",Asian,Not Donated,0,2,1,1,1,1,1
3071,Age>=50,Male,Undergraduate,Single,"Income<=$50,000",Hispanic,Not Donated,0,4,2,1,1,1,3
3072,Age>=50,Male,Undergraduate,Married,"Income<=$50,000",Asian,Not Donated,0,4,2,1,2,1,1
3073,40<=Age<=49,Male,Graduate,Married,"$50,000<Income<=$100,000",Hispanic,Not Donated,0,3,2,2,2,2,3
3074,Age>=50,Male,Undergraduate,Single,"Income<=$50,000",White,Donated,95,4,2,1,1,1,5
3075,Age<=29,Female,Undergraduate,Married,"$50,000<Income<=$100,000",Asian,Not Donated,0,1,1,1,2,2,1
3076,Age>=50,Female,Undergraduate,Married,"Income<=$50,000",White,Not Donated,0,4,1,1,2,1,5
3077,Age>=50,Male,Undergraduate,Married,"$50,000<Income<=$100,000",White,Not Donated,0,4,2,1,2,2,5
3078,Age<=29,Female,Undergraduate,Married,"Income<=$50,000",White,Not Donated,0,1,1,1,2,1,5
3079,Age<=29,Male,Undergraduate,Married,"Income>$100,000",White,Not Donated,0,1,2,1,2,3,5
3080,40<=Age<=49,Male,Undergraduate,Married,"Income<=$50,000",White,Not Donated,0,3,2,1,2,1,5
3081,Age<=29,Female,Undergraduate,Single,"Income>$100,000",White,Donated,60,1,1,1,1,3,5
3082,40<=Age<=49,Male,Undergraduate,Married,"Income<=$50,000",Asian,Not Donated,0,3,2,1,2,1,1
3083,40<=Age<=49,Male,Undergraduate,Married,"Income<=$50,000",Hispanic,Donated,75,3,2,1,2,1,3
3084,40<=Age<=49,Male,Undergraduate,Single,"Income<=$50,000",White,Donated,65,3,2,1,1,1,5
3085,40<=Age<=49,Male,Undergraduate,Married,"Income<=$50,000",Hispanic,Not Donated,0,3,2,1,2,1,3
3086,40<=Age<=49,Female,Undergraduate,Married,"$50,000<Income<=$100,000",White,Donated,100,3,1,1,2,2,5
3087,Age>=50,Male,Undergraduate,Single,"$50,000<Income<=$100,000",White,Donated,120,4,2,1,1,2,5
3088,Age>=50,Female,Undergraduate,Married,"Income<=$50,000",White,Not Donated,0,4,1,1,2,1,5
3089,40<=Age<=49,Female,Graduate,Single,"Income<=$50,000",Asian,Donated,85,3,1,2,1,1,1
3090,40<=Age<=49,Female,Undergraduate,Single,"$50,000<Income<=$100,000",White,Not Donated,0,3,1,1,1,2,5
3091,30<=Age<=39,Male,Undergraduate,Single,"Income>$100,000",White,Not Donated,0,2,2,1,1,3,5
3092,40<=Age<=49,Male,Undergraduate,Married,"$50,000<Income<=$100,000",Asian,Donated,85,3,2,1,2,2,1
3093,Age>=50,Female,Undergraduate,Married,"$50,000<Income<=$100,000",White,Donated,105,4,1,1,2,2,5
3094,Age>=50,Male,Undergraduate,Married,"Income<=$50,000",Asian,Not Donated,0,4,2,1,2,1,1
3095,30<=Age<=39,Female,Undergraduate,Married,"$50,000<Income<=$100,000",White,Not Donated,0,2,1,1,2,2,5
3096,Age<=29,Female,Graduate,Married,"Income<=$50,000",White,Donated,50,1,1,2,2,1,5
3097,Age>=50,Female,Undergraduate,Married,"$50,000<Income<=$100,000",White,Not Donated,0,4,1,1,2,2,5
3098,Age<=29,Male,Graduate,Married,"Income<=$50,000",Black,Not Donated,0,1,2,2,2,1,2
3099,40<=Age<=49,Male,Undergraduate,Single,"Income<=$50,000",White,Donated,85,3,2,1,1,1,5
3100,40<=Age<=49,Male,Undergraduate,Single,"$50,000<Income<=$100,000",Black,Not Donated,0,3,2,1,1,2,2
3101,30<=Age<=39,Female,Graduate,Married,"Income<=$50,000",White,Donated,60,2,1,2,2,1,5
3102,30<=Age<=39,Female,Undergraduate,Single,"Income<=$50,000",White,Donated,60,2,1,1,1,1,5
3103,30<=Age<=39,Male,Undergraduate,Married,"Income>$100,000",White,Not Donated,0,2,2,1,2,3,5
3104,40<=Age<=49,Female,Undergraduate,Married,"Income<=$50,000",White,Not Donated,0,3,1,1,2,1,5
3105,30<=Age<=39,Male,Undergraduate,Married,"Income<=$50,000",White,Not Donated,0,2,2,1,2,1,5
3106,30<=Age<=39,Female,Undergraduate,Married,"Income<=$50,000",White,Not Donated,0,2,1,1,2,1,5
3107,30<=Age<=39,Female,Undergraduate,Single,"$50,000<Income<=$100,000",White,Donated,55,2,1,1,1,2,5
3108,30<=Age<=39,Female,Undergraduate,Single,"Income<=$50,000",White,Not Donated,0,2,1,1,1,1,5
3109,Age<=29,Female,Undergraduate,Married,"Income<=$50,000",White,Not Donated,0,1,1,1,2,1,5
3110,40<=Age<=49,Male,Undergraduate,Married,"$50,000<Income<=$100,000",White,Donated,105,3,2,1,2,2,5
3111,40<=Age<=49,Male,Undergraduate,Married,"Income<=$50,000",White,Not Donated,0,3,2,1,2,1,5
3112,30<=Age<=39,Male,Undergraduate,Married,"Income<=$50,000",White,Not Donated,0,2,2,1,2,1,5
3113,40<=Age<=49,Female,Undergraduate,Married,"Income<=$50,000",White,Not Donated,0,3,1,1,2,1,5
3114,Age>=50,Male,Undergraduate,Married,"Income<=$50,000",Asian,Not Donated,0,4,2,1,2,1,1
3115,Age<=29,Male,Undergraduate,Single,"Income<=$50,000",Hispanic,Not Donated,0,1,2,1,1,1,3
3116,40<=Age<=49,Male,Undergraduate,Single,"Income<=$50,000",Black,Not Donated,0,3,2,1,1,1,2
3117,40<=Age<=49,Male,Graduate,Married,"Income<=$50,000",White,Not Donated,0,3,2,2,2,1,5
3118,Age>=50,Female,Undergraduate,Single,"Income<=$50,000",White,Donated,85,4,1,1,1,1,5
3119,40<=Age<=49,Female,Undergraduate,Married,"Income<=$50,000",White,Not Donated,0,3,1,1,2,1,5
3120,Age<=29,Male,Undergraduate,Married,"Income>$100,000",White,Donated,95,1,2,1,2,3,5
3121,Age<=29,Male,Undergraduate,Married,"Income>$100,000",Asian,Donated,95,1,2,1,2,3,1
3122,Age<=29,Male,Undergraduate,Single,"Income<=$50,000",Other,Donated,10,1,2,1,1,1,4
3123,Age<=29,Male,Undergraduate,Single,"Income<=$50,000",Black,Not Donated,0,1,2,1,1,1,2
3124,30<=Age<=39,Male,Graduate,Married,"Income>$100,000",White,Not Donated,0,2,2,2,2,3,5
3125,40<=Age<=49,Male,Undergraduate,Married,"$50,000<Income<=$100,000",Other,Donated,100,3,2,1,2,2,4
3126,Age<=29,Female,Undergraduate,Married,"Income<=$50,000",Hispanic,Donated,25,1,1,1,2,1,3
3127,30<=Age<=39,Male,Undergraduate,Married,"Income<=$50,000",White,Not Donated,0,2,2,1,2,1,5
3128,Age>=50,Female,Undergraduate,Married,"$50,000<Income<=$100,000",Asian,Not Donated,0,4,1,1,2,2,1
3129,Age<=29,Male,Undergraduate,Married,"Income<=$50,000",Asian,Donated,30,1,2,1,2,1,1
3130,30<=Age<=39,Male,Undergraduate,Single,"Income<=$50,000",Other,Not Donated,0,2,2,1,1,1,4
3131,30<=Age<=39,Female,Undergraduate,Married,"Income<=$50,000",Other,Not Donated,0,2,1,1,2,1,4
3132,Age>=50,Male,Undergraduate,Single,"$50,000<Income<=$100,000",White,Not Donated,0,4,2,1,1,2,5
3133,Age<=29,Female,Undergraduate,Married,"$50,000<Income<=$100,000",White,Donated,70,1,1,1,2,2,5
3134,30<=Age<=39,Female,Undergraduate,Single,"Income<=$50,000",Hispanic,Not Donated,0,2,1,1,1,1,3
3135,40<=Age<=49,Female,Undergraduate,Single,"$50,000<Income<=$100,000",White,Donated,90,3,1,1,1,2,5
3136,Age<=29,Male,Undergraduate,Married,"Income>$100,000",Hispanic,Donated,80,1,2,1,2,3,3
3137,30<=Age<=39,Female,Undergraduate,Single,"Income<=$50,000",Hispanic,Not Donated,0,2,1,1,1,1,3
3138,Age>=50,Male,Undergraduate,Single,"Income>$100,000",White,Not Donated,0,4,2,1,1,3,5
3139,30<=Age<=39,Female,Undergraduate,Single,"Income>$100,000",White,Not Donated,0,2,1,1,1,3,5
3140,30<=Age<=39,Male,Undergraduate,Single,"Income<=$50,000",Other,Not Donated,0,2,2,1,1,1,4
3141,Age<=29,Male,Undergraduate,Single,"$50,000<Income<=$100,000",Other,Not Donated,0,1,2,1,1,2,4
3142,40<=Age<=49,Male,Graduate,Married,"Income<=$50,000",White,Donated,100,3,2,2,2,1,5
3143,Age>=50,Male,Undergraduate,Married,"Income<=$50,000",White,Not Donated,0,4,2,1,2,1,5
3144,30<=Age<=39,Female,Undergraduate,Single,"Income<=$50,000",White,Donated,55,2,1,1,1,1,5
3145,Age>=50,Male,Undergraduate,Single,"$50,000<Income<=$100,000",White,Donated,120,4,2,1,1,2,5
3146,30<=Age<=39,Female,Undergraduate,Married,"Income<=$50,000",Hispanic,Not Donated,0,2,1,1,2,1,3
3147,30<=Age<=39,Male,Undergraduate,Married,"Income<=$50,000",Asian,Not Donated,0,2,2,1,2,1,1
3148,Age<=29,Male,Undergraduate,Single,"Income<=$50,000",Other,Donated,20,1,2,1,1,1,4
3149,40<=Age<=49,Female,Undergraduate,Single,"Income<=$50,000",Other,Donated,60,3,1,1,1,1,4
3150,Age<=29,Female,Undergraduate,Single,"Income>$100,000",White,Not Donated,0,1,1,1,1,3,5
3151,Age<=29,Female,Undergraduate,Single,"Income<=$50,000",White,Not Donated,0,1,1,1,1,1,5
3152,Age>=50,Male,Undergraduate,Married,"Income>$100,000",Black,Donated,125,4,2,1,2,3,2
3153,30<=Age<=39,Female,Undergraduate,Single,"$50,000<Income<=$100,000",White,Donated,85,2,1,1,1,2,5
3154,30<=Age<=39,Female,Undergraduate,Married,"$50,000<Income<=$100,000",Hispanic,Not Donated,0,2,1,1,2,2,3
3155,Age>=50,Female,Undergraduate,Single,"Income<=$50,000",White,Not Donated,0,4,1,1,1,1,5
3156,40<=Age<=49,Male,Undergraduate,Married,"Income<=$50,000",Black,Not Donated,0,3,2,1,2,1,2
3157,Age<=29,Female,Undergraduate,Single,"Income<=$50,000",White,Not Donated,0,1,1,1,1,1,5
3158,Age>=50,Female,Undergraduate,Single,"$50,000<Income<=$100,000",White,Not Donated,0,4,1,1,1,2,5
3159,30<=Age<=39,Male,Undergraduate,Single,"$50,000<Income<=$100,000",White,Donated,80,2,2,1,1,2,5
3160,30<=Age<=39,Male,Undergraduate,Married,"Income<=$50,000",Hispanic,Not Donated,0,2,2,1,2,1,3
3161,30<=Age<=39,Male,Undergraduate,Single,"Income>$100,000",White,Donated,110,2,2,1,1,3,5
3162,Age<=29,Male,Undergraduate,Single,"Income>$100,000",White,Donated,70,1,2,1,1,3,5
3163,Age<=29,Female,Undergraduate,Single,"$50,000<Income<=$100,000",White,Donated,50,1,1,1,1,2,5
3164,40<=Age<=49,Female,Undergraduate,Married,"Income<=$50,000",Hispanic,Donated,75,3,1,1,2,1,3
3165,40<=Age<=49,Female,Undergraduate,Single,"$50,000<Income<=$100,000",White,Not Donated,0,3,1,1,1,2,5
3166,Age>=50,Male,Undergraduate,Single,"$50,000<Income<=$100,000",White,Not Donated,0,4,2,1,1,2,5
3167,40<=Age<=49,Male,Undergraduate,Single,"$50,000<Income<=$100,000",White,Donated,80,3,2,1,1,2,5
3168,40<=Age<=49,Female,Undergraduate,Married,"Income<=$50,000",Hispanic,Not Donated,0,3,1,1,2,1,3
3169,40<=Age<=49,Female,Undergraduate,Married,"$50,000<Income<=$100,000",White,Not Donated,0,3,1,1,2,2,5
3170,30<=Age<=39,Male,Undergraduate,Married,"Income<=$50,000",White,Donated,70,2,2,1,2,1,5
3171,Age>=50,Female,Undergraduate,Married,"$50,000<Income<=$100,000",White,Not Donated,0,4,1,1,2,2,5
3172,Age>=50,Male,Undergraduate,Single,"$50,000<Income<=$100,000",White,Donated,100,4,2,1,1,2,5
3173,Age>=50,Male,Undergraduate,Married,"Income>$100,000",Black,Donated,165,4,2,1,2,3,2
3174,Age<=29,Male,Undergraduate,Married,"Income<=$50,000",Hispanic,Not Donated,0,1,2,1,2,1,3
3175,30<=Age<=39,Male,Undergraduate,Married,"$50,000<Income<=$100,000",Asian,Donated,70,2,2,1,2,2,1
3176,Age<=29,Female,Graduate,Single,"Income<=$50,000",White,Donated,45,1,1,2,1,1,5
3177,Age>=50,Female,Undergraduate,Married,"$50,000<Income<=$100,000",White,Donated,130,4,1,1,2,2,5
3178,40<=Age<=49,Male,Undergraduate,Single,"$50,000<Income<=$100,000",White,Not Donated,0,3,2,1,1,2,5
3179,40<=Age<=49,Male,Undergraduate,Married,"Income<=$50,000",White,Not Donated,0,3,2,1,2,1,5
3180,30<=Age<=39,Male,Undergraduate,Single,"Income>$100,000",Black,Donated,90,2,2,1,1,3,2
3181,Age<=29,Male,Undergraduate,Single,"Income>$100,000",Black,Not Donated,0,1,2,1,1,3,2
3182,Age<=29,Male,Undergraduate,Single,"Income<=$50,000",White,Donated,20,1,2,1,1,1,5
3183,40<=Age<=49,Female,Undergraduate,Single,"$50,000<Income<=$100,000",White,Donated,105,3,1,1,1,2,5
3184,30<=Age<=39,Female,Undergraduate,Married,"Income>$100,000",White,Donated,90,2,1,1,2,3,5
3185,Age<=29,Female,Graduate,Single,"$50,000<Income<=$100,000",Black,Donated,90,1,1,2,1,2,2
3186,30<=Age<=39,Male,Undergraduate,Married,"Income>$100,000",White,Not Donated,0,2,2,1,2,3,5
3187,40<=Age<=49,Male,Undergraduate,Married,"Income<=$50,000",White,Not Donated,0,3,2,1,2,1,5
3188,Age<=29,Male,Graduate,Married,"Income<=$50,000",White,Not Donated,0,1,2,2,2,1,5
3189,40<=Age<=49,Male,Undergraduate,Single,"Income<=$50,000",White,Donated,70,3,2,1,1,1,5
3190,Age>=50,Male,Undergraduate,Single,"Income>$100,000",Other,Not Donated,0,4,2,1,1,3,4
3191,Age<=29,Male,Graduate,Married,"$50,000<Income<=$100,000",White,Not Donated,0,1,2,2,2,2,5
3192,30<=Age<=39,Male,Undergraduate,Married,"$50,000<Income<=$100,000",White,Donated,75,2,2,1,2,2,5
3193,40<=Age<=49,Male,Undergraduate,Married,"Income<=$50,000",White,Not Donated,0,3,2,1,2,1,5
3194,Age>=50,Female,Undergraduate,Single,"$50,000<Income<=$100,000",White,Not Donated,0,4,1,1,1,2,5
3195,30<=Age<=39,Female,Undergraduate,Single,"$50,000<Income<=$100,000",Hispanic,Not Donated,0,2,1,1,1,2,3
3196,30<=Age<=39,Female,Undergraduate,Married,"$50,000<Income<=$100,000",White,Donated,100,2,1,1,2,2,5
3197,Age<=29,Female,Undergraduate,Married,"$50,000<Income<=$100,000",Black,Not Donated,0,1,1,1,2,2,2
3198,30<=Age<=39,Male,Undergraduate,Married,"Income>$100,000",Asian,Not Donated,0,2,2,1,2,3,1
3199,40<=Age<=49,Female,Undergraduate,Married,"$50,000<Income<=$100,000",White,Not Donated,0,3,1,1,2,2,5
3200,Age<=29,Female,Graduate,Single,"Income<=$50,000",White,Not Donated,0,1,1,2,1,1,5
3201,Age>=50,Male,Undergraduate,Married,"Income<=$50,000",White,Donated,90,4,2,1,2,1,5
3202,Age>=50,Female,Undergraduate,Single,"Income>$100,000",Hispanic,Donated,105,4,1,1,1,3,3
3203,Age>=50,Male,Undergraduate,Married,"Income<=$50,000",Asian,Not Donated,0,4,2,1,2,1,1
3204,30<=Age<=39,Female,Undergraduate,Single,"$50,000<Income<=$100,000",White,Not Donated,0,2,1,1,1,2,5
3205,30<=Age<=39,Male,Graduate,Married,"Income<=$50,000",White,Not Donated,0,2,2,2,2,1,5
3206,Age<=29,Male,Undergraduate,Married,"$50,000<Income<=$100,000",White,Donated,75,1,2,1,2,2,5
3207,30<=Age<=39,Female,Undergraduate,Married,"$50,000<Income<=$100,000",White,Donated,90,2,1,1,2,2,5
3208,30<=Age<=39,Male,Undergraduate,Married,"Income<=$50,000",Other,Donated,65,2,2,1,2,1,4
3209,30<=Age<=39,Female,Undergraduate,Married,"Income>$100,000",White,Donated,110,2,1,1,2,3,5
3210,30<=Age<=39,Female,Undergraduate,Married,"$50,000<Income<=$100,000",White,Not Donated,0,2,1,1,2,2,5
3211,40<=Age<=49,Female,Undergraduate,Single,"$50,000<Income<=$100,000",Asian,Not Donated,0,3,1,1,1,2,1
3212,30<=Age<=39,Female,Undergraduate,Married,"Income<=$50,000",White,Not Donated,0,2,1,1,2,1,5
3213,30<=Age<=39,Male,Undergraduate,Single,"Income<=$50,000",White,Donated,45,2,2,1,1,1,5
3214,Age<=29,Male,Undergraduate,Married,"$50,000<Income<=$100,000",Hispanic,Not Donated,0,1,2,1,2,2,3
3215,30<=Age<=39,Male,Undergraduate,Married,"$50,000<Income<=$100,000",Hispanic,Not Donated,0,2,2,1,2,2,3
3216,30<=Age<=39,Female,Undergraduate,Single,"Income<=$50,000",Black,Donated,50,2,1,1,1,1,2
3217,40<=Age<=49,Male,Undergraduate,Single,"$50,000<Income<=$100,000",White,Donated,100,3,2,1,1,2,5
3218,40<=Age<=49,Male,Undergraduate,Single,"Income<=$50,000",White,Not Donated,0,3,2,1,1,1,5
3219,40<=Age<=49,Female,Graduate,Single,"Income>$100,000",Hispanic,Donated,135,3,1,2,1,3,3
3220,30<=Age<=39,Male,Undergraduate,Married,"$50,000<Income<=$100,000",White,Not Donated,0,2,2,1,2,2,5
3221,40<=Age<=49,Male,Undergraduate,Single,"Income<=$50,000",Asian,Not Donated,0,3,2,1,1,1,1
3222,40<=Age<=49,Female,Undergraduate,Single,"Income<=$50,000",Hispanic,Not Donated,0,3,1,1,1,1,3
3223,Age<=29,Female,Undergraduate,Single,"Income<=$50,000",Black,Not Donated,0,1,1,1,1,1,2
3224,30<=Age<=39,Male,Undergraduate,Single,"Income<=$50,000",Hispanic,Not Donated,0,2,2,1,1,1,3
3225,Age<=29,Female,Undergraduate,Single,"Income<=$50,000",Hispanic,Not Donated,0,1,1,1,1,1,3
3226,Age<=29,Female,Undergraduate,Single,"Income>$100,000",Hispanic,Donated,70,1,1,1,1,3,3
3227,30<=Age<=39,Female,Undergraduate,Married,"Income<=$50,000",Asian,Donated,55,2,1,1,2,1,1
3228,40<=Age<=49,Female,Undergraduate,Married,"$50,000<Income<=$100,000",Other,Not Donated,0,3,1,1,2,2,4
3229,Age<=29,Male,Undergraduate,Married,"Income<=$50,000",Black,Donated,40,1,2,1,2,1,2
3230,40<=Age<=49,Female,Undergraduate,Married,"Income<=$50,000",White,Not Donated,0,3,1,1,2,1,5
3231,Age>=50,Female,Undergraduate,Married,"$50,000<Income<=$100,000",White,Not Donated,0,4,1,1,2,2,5
3232,Age<=29,Male,Undergraduate,Single,"Income<=$50,000",Black,Donated,20,1,2,1,1,1,2
3233,30<=Age<=39,Male,Undergraduate,Single,"Income<=$50,000",Asian,Not Donated,0,2,2,1,1,1,1
3234,40<=Age<=49,Male,Undergraduate,Married,"Income<=$50,000",White,Donated,75,3,2,1,2,1,5
3235,30<=Age<=39,Female,Undergraduate,Married,"$50,000<Income<=$100,000",Other,Not Donated,0,2,1,1,2,2,4
3236,40<=Age<=49,Female,Undergraduate,Single,"$50,000<Income<=$100,000",Black,Donated,90,3,1,1,1,2,2
3237,Age<=29,Female,Undergraduate,Single,"$50,000<Income<=$100,000",White,Donated,60,1,1,1,1,2,5
3238,40<=Age<=49,Female,Undergraduate,Married,"$50,000<Income<=$100,000",White,Not Donated,0,3,1,1,2,2,5
3239,40<=Age<=49,Male,Undergraduate,Married,"Income<=$50,000",White,Not Donated,0,3,2,1,2,1,5
3240,40<=Age<=49,Male,Undergraduate,Single,"Income<=$50,000",White,Not Donated,0,3,2,1,1,1,5
3241,Age>=50,Male,Undergraduate,Married,"Income<=$50,000",Black,Not Donated,0,4,2,1,2,1,2
3242,30<=Age<=39,Male,Undergraduate,Married,"Income<=$50,000",Other,Not Donated,0,2,2,1,2,1,4
3243,Age<=29,Female,Undergraduate,Single,"$50,000<Income<=$100,000",White,Donated,55,1,1,1,1,2,5
3244,Age<=29,Male,Undergraduate,Married,"Income<=$50,000",Asian,Donated,30,1,2,1,2,1,1
3245,30<=Age<=39,Male,Undergraduate,Single,"$50,000<Income<=$100,000",Asian,Not Donated,0,2,2,1,1,2,1
3246,40<=Age<=49,Male,Undergraduate,Married,"Income<=$50,000",Black,Not Donated,0,3,2,1,2,1,2
3247,30<=Age<=39,Male,Undergraduate,Single,"$50,000<Income<=$100,000",White,Not Donated,0,2,2,1,1,2,5
3248,Age>=50,Male,Undergraduate,Married,"$50,000<Income<=$100,000",Other,Not Donated,0,4,2,1,2,2,4
3249,40<=Age<=49,Male,Undergraduate,Married,"$50,000<Income<=$100,000",Hispanic,Not Donated,0,3,2,1,2,2,3
3250,Age>=50,Female,Undergraduate,Married,"Income<=$50,000",White,Not Donated,0,4,1,1,2,1,5
3251,40<=Age<=49,Female,Undergraduate,Married,"Income<=$50,000",White,Not Donated,0,3,1,1,2,1,5
3252,40<=Age<=49,Female,Undergraduate,Single,"Income>$100,000",White,Not Donated,0,3,1,1,1,3,5
3253,Age<=29,Male,Graduate,Married,"Income<=$50,000",White,Donated,25,1,2,2,2,1,5
3254,30<=Age<=39,Male,Undergraduate,Married,"Income<=$50,000",White,Not Donated,0,2,2,1,2,1,5
3255,Age<=29,Male,Undergraduate,Single,"Income<=$50,000",White,Donated,25,1,2,1,1,1,5
3256,40<=Age<=49,Male,Undergraduate,Single,"Income<=$50,000",Hispanic,Donated,85,3,2,1,1,1,3
3257,30<=Age<=39,Male,Undergraduate,Single,"$50,000<Income<=$100,000",White,Not Donated,0,2,2,1,1,2,5
3258,Age>=50,Female,Undergraduate,Single,"Income<=$50,000",Hispanic,Donated,85,4,1,1,1,1,3
3259,Age<=29,Male,Undergraduate,Married,"$50,000<Income<=$100,000",White,Donated,60,1,2,1,2,2,5
3260,40<=Age<=49,Male,Graduate,Married,"Income>$100,000",White,Donated,130,3,2,2,2,3,5
3261,30<=Age<=39,Female,Undergraduate,Married,"Income<=$50,000",White,Donated,60,2,1,1,2,1,5
3262,Age<=29,Female,Undergraduate,Married,"Income<=$50,000",White,Donated,35,1,1,1,2,1,5
3263,30<=Age<=39,Male,Undergraduate,Married,"Income<=$50,000",Hispanic,Not Donated,0,2,2,1,2,1,3
3264,Age>=50,Male,Undergraduate,Single,"$50,000<Income<=$100,000",Black,Not Donated,0,4,2,1,1,2,2
3265,Age<=29,Male,Undergraduate,Married,"Income<=$50,000",White,Donated,40,1,2,1,2,1,5
3266,30<=Age<=39,Male,Undergraduate,Single,"Income<=$50,000",White,Not Donated,0,2,2,1,1,1,5
3267,30<=Age<=39,Female,Undergraduate,Married,"Income>$100,000",White,Donated,125,2,1,1,2,3,5
3268,40<=Age<=49,Male,Graduate,Married,"Income<=$50,000",Asian,Not Donated,0,3,2,2,2,1,1
3269,30<=Age<=39,Female,Undergraduate,Single,"$50,000<Income<=$100,000",Black,Donated,90,2,1,1,1,2,2
3270,Age>=50,Male,Undergraduate,Married,"Income>$100,000",Black,Not Donated,0,4,2,1,2,3,2
3271,Age>=50,Female,Undergraduate,Single,"Income<=$50,000",White,Not Donated,0,4,1,1,1,1,5
3272,Age<=29,Male,Undergraduate,Single,"Income<=$50,000",Black,Not Donated,0,1,2,1,1,1,2
3273,Age>=50,Female,Undergraduate,Single,"$50,000<Income<=$100,000",White,Not Donated,0,4,1,1,1,2,5
3274,40<=Age<=49,Female,Undergraduate,Married,"Income>$100,000",Hispanic,Not Donated,0,3,1,1,2,3,3
3275,30<=Age<=39,Male,Undergraduate,Married,"Income<=$50,000",Other,Not Donated,0,2,2,1,2,1,4
3276,Age>=50,Female,Undergraduate,Married,"$50,000<Income<=$100,000",Hispanic,Donated,105,4,1,1,2,2,3
3277,Age<=29,Male,Undergraduate,Married,"$50,000<Income<=$100,000",White,Donated,60,1,2,1,2,2,5
3278,Age<=29,Male,Undergraduate,Single,"$50,000<Income<=$100,000",Hispanic,Donated,60,1,2,1,1,2,3
3279,30<=Age<=39,Male,Undergraduate,Single,"$50,000<Income<=$100,000",White,Donated,65,2,2,1,1,2,5
3280,40<=Age<=49,Male,Undergraduate,Single,"Income<=$50,000",Hispanic,Not Donated,0,3,2,1,1,1,3
3281,30<=Age<=39,Male,Undergraduate,Single,"Income<=$50,000",White,Not Donated,0,2,2,1,1,1,5
3282,Age>=50,Male,Undergraduate,Single,"Income>$100,000",White,Donated,125,4,2,1,1,3,5
3283,Age<=29,Male,Undergraduate,Single,"Income<=$50,000",White,Not Donated,0,1,2,1,1,1,5
3284,30<=Age<=39,Female,Undergraduate,Single,"$50,000<Income<=$100,000",White,Donated,70,2,1,1,1,2,5
3285,40<=Age<=49,Male,Undergraduate,Married,"Income<=$50,000",White,Not Donated,0,3,2,1,2,1,5
3286,Age>=50,Female,Undergraduate,Single,"$50,000<Income<=$100,000",Hispanic,Donated,110,4,1,1,1,2,3
3287,30<=Age<=39,Female,Undergraduate,Married,"Income>$100,000",White,Not Donated,0,2,1,1,2,3,5
3288,40<=Age<=49,Male,Undergraduate,Single,"Income<=$50,000",Other,Donated,80,3,2,1,1,1,4
3289,Age<=29,Female,Undergraduate,Married,"$50,000<Income<=$100,000",Hispanic,Not Donated,0,1,1,1,2,2,3
3290,Age<=29,Female,Undergraduate,Single,"Income<=$50,000",White,Donated,40,1,1,1,1,1,5
3291,30<=Age<=39,Female,Undergraduate,Married,"$50,000<Income<=$100,000",Black,Not Donated,0,2,1,1,2,2,2
3292,Age>=50,Female,Undergraduate,Married,"Income<=$50,000",Black,Not Donated,0,4,1,1,2,1,2
3293,30<=Age<=39,Male,Undergraduate,Single,"$50,000<Income<=$100,000",White,Donated,65,2,2,1,1,2,5
3294,30<=Age<=39,Female,Graduate,Married,"Income<=$50,000",White,Not Donated,0,2,1,2,2,1,5
3295,40<=Age<=49,Female,Undergraduate,Married,"$50,000<Income<=$100,000",White,Not Donated,0,3,1,1,2,2,5
3296,Age<=29,Female,Undergraduate,Married,"Income<=$50,000",Black,Not Donated,0,1,1,1,2,1,2
3297,40<=Age<=49,Male,Undergraduate,Married,"Income>$100,000",White,Donated,150,3,2,1,2,3,5
3298,Age<=29,Female,Undergraduate,Married,"$50,000<Income<=$100,000",White,Donated,65,1,1,1,2,2,5
3299,40<=Age<=49,Male,Graduate,Married,"$50,000<Income<=$100,000",Hispanic,Donated,110,3,2,2,2,2,3
3300,40<=Age<=49,Male,Undergraduate,Married,"Income>$100,000",Hispanic,Not Donated,0,3,2,1,2,3,3
3301,Age<=29,Female,Undergraduate,Married,"Income<=$50,000",Black,Not Donated,0,1,1,1,2,1,2
3302,Age<=29,Male,Undergraduate,Single,"$50,000<Income<=$100,000",White,Not Donated,0,1,2,1,1,2,5
3303,40<=Age<=49,Female,Undergraduate,Married,"$50,000<Income<=$100,000",Other,Not Donated,0,3,1,1,2,2,4
3304,Age>=50,Male,Undergraduate,Single,"Income<=$50,000",Hispanic,Not Donated,0,4,2,1,1,1,3
3305,40<=Age<=49,Male,Graduate,Married,"Income<=$50,000",White,Not Donated,0,3,2,2,2,1,5
3306,40<=Age<=49,Female,Undergraduate,Single,"Income<=$50,000",Asian,Not Donated,0,3,1,1,1,1,1
3307,30<=Age<=39,Male,Undergraduate,Single,"$50,000<Income<=$100,000",White,Donated,70,2,2,1,1,2,5
3308,Age>=50,Male,Undergraduate,Married,"$50,000<Income<=$100,000",White,Donated,115,4,2,1,2,2,5
3309,Age<=29,Female,Undergraduate,Married,"Income<=$50,000",White,Not Donated,0,1,1,1,2,1,5
3310,40<=Age<=49,Male,Undergraduate,Married,"Income<=$50,000",White,Not Donated,0,3,2,1,2,1,5
3311,30<=Age<=39,Male,Undergraduate,Married,"Income<=$50,000",White,Not Donated,0,2,2,1,2,1,5
3312,40<=Age<=49,Male,Undergraduate,Single,"Income<=$50,000",Hispanic,Not Donated,0,3,2,1,1,1,3
3313,30<=Age<=39,Female,Undergraduate,Single,"Income>$100,000",White,Not Donated,0,2,1,1,1,3,5
3314,30<=Age<=39,Female,Undergraduate,Married,"$50,000<Income<=$100,000",White,Not Donated,0,2,1,1,2,2,5
3315,40<=Age<=49,Male,Graduate,Married,"$50,000<Income<=$100,000",Hispanic,Not Donated,0,3,2,2,2,2,3
3316,30<=Age<=39,Male,Undergraduate,Single,"Income<=$50,000",Hispanic,Donated,50,2,2,1,1,1,3
3317,40<=Age<=49,Female,Graduate,Single,"Income<=$50,000",White,Donated,70,3,1,2,1,1,5
3318,Age>=50,Male,Undergraduate,Single,"$50,000<Income<=$100,000",White,Donated,105,4,2,1,1,2,5
3319,Age>=50,Male,Undergraduate,Single,"Income<=$50,000",White,Not Donated,0,4,2,1,1,1,5
3320,Age<=29,Male,Undergraduate,Married,"$50,000<Income<=$100,000",White,Donated,55,1,2,1,2,2,5
3321,Age<=29,Female,Undergraduate,Married,"$50,000<Income<=$100,000",Asian,Not Donated,0,1,1,1,2,2,1
3322,40<=Age<=49,Male,Undergraduate,Single,"$50,000<Income<=$100,000",Black,Donated,85,3,2,1,1,2,2
3323,30<=Age<=39,Male,Undergraduate,Married,"$50,000<Income<=$100,000",White,Not Donated,0,2,2,1,2,2,5
3324,40<=Age<=49,Female,Undergraduate,Married,"Income<=$50,000",Black,Not Donated,0,3,1,1,2,1,2
3325,Age>=50,Male,Undergraduate,Single,"Income<=$50,000",White,Donated,80,4,2,1,1,1,5
3326,Age<=29,Male,Graduate,Married,"$50,000<Income<=$100,000",Asian,Donated,65,1,2,2,2,2,1
3327,30<=Age<=39,Female,Undergraduate,Single,"Income>$100,000",Asian,Not Donated,0,2,1,1,1,3,1
3328,30<=Age<=39,Female,Undergraduate,Married,"$50,000<Income<=$100,000",White,Not Donated,0,2,1,1,2,2,5
3329,30<=Age<=39,Female,Undergraduate,Married,"Income<=$50,000",Black,Not Donated,0,2,1,1,2,1,2
3330,30<=Age<=39,Male,Undergraduate,Married,"$50,000<Income<=$100,000",White,Not Donated,0,2,2,1,2,2,5
3331,40<=Age<=49,Male,Undergraduate,Married,"$50,000<Income<=$100,000",Hispanic,Not Donated,0,3,2,1,2,2,3
3332,40<=Age<=49,Male,Undergraduate,Single,"$50,000<Income<=$100,000",White,Donated,105,3,2,1,1,2,5
3333,30<=Age<=39,Female,Undergraduate,Married,"Income<=$50,000",Asian,Not Donated,0,2,1,1,2,1,1
3334,30<=Age<=39,Female,Undergraduate,Married,"$50,000<Income<=$100,000",White,Not Donated,0,2,1,1,2,2,5
3335,Age<=29,Female,Undergraduate,Married,"Income<=$50,000",White,Not Donated,0,1,1,1,2,1,5
3336,40<=Age<=49,Male,Undergraduate,Married,"Income<=$50,000",White,Donated,90,3,2,1,2,1,5
3337,40<=Age<=49,Female,Undergraduate,Single,"Income>$100,000",White,Not Donated,0,3,1,1,1,3,5
3338,30<=Age<=39,Female,Undergraduate,Single,"$50,000<Income<=$100,000",Hispanic,Not Donated,0,2,1,1,1,2,3
3339,Age>=50,Male,Undergraduate,Single,"Income<=$50,000",Asian,Not Donated,0,4,2,1,1,1,1
3340,40<=Age<=49,Female,Undergraduate,Single,"Income<=$50,000",Hispanic,Not Donated,0,3,1,1,1,1,3
3341,Age<=29,Female,Undergraduate,Single,"$50,000<Income<=$100,000",White,Not Donated,0,1,1,1,1,2,5
3342,Age>=50,Male,Undergraduate,Single,"$50,000<Income<=$100,000",Asian,Not Donated,0,4,2,1,1,2,1
3343,Age>=50,Male,Undergraduate,Single,"Income<=$50,000",White,Not Donated,0,4,2,1,1,1,5
3344,Age>=50,Female,Undergraduate,Single,"Income<=$50,000",Asian,Not Donated,0,4,1,1,1,1,1
3345,Age<=29,Male,Undergraduate,Single,"Income<=$50,000",White,Not Donated,0,1,2,1,1,1,5
3346,Age<=29,Male,Undergraduate,Married,"Income<=$50,000",White,Not Donated,0,1,2,1,2,1,5
3347,Age<=29,Male,Undergraduate,Single,"Income<=$50,000",White,Donated,40,1,2,1,1,1,5
3348,30<=Age<=39,Female,Graduate,Single,"$50,000<Income<=$100,000",White,Donated,90,2,1,2,1,2,5
3349,40<=Age<=49,Female,Undergraduate,Single,"$50,000<Income<=$100,000",Black,Not Donated,0,3,1,1,1,2,2
3350,40<=Age<=49,Male,Undergraduate,Single,"Income<=$50,000",White,Not Donated,0,3,2,1,1,1,5
3351,40<=Age<=49,Female,Undergraduate,Married,"Income<=$50,000",White,Not Donated,0,3,1,1,2,1,5
3352,Age<=29,Female,Undergraduate,Single,"Income<=$50,000",White,Donated,20,1,1,1,1,1,5
3353,30<=Age<=39,Male,Graduate,Single,"$50,000<Income<=$100,000",White,Donated,85,2,2,2,1,2,5
3354,Age>=50,Female,Undergraduate,Married,"$50,000<Income<=$100,000",Asian,Not Donated,0,4,1,1,2,2,1
3355,30<=Age<=39,Male,Undergraduate,Married,"Income<=$50,000",Asian,Not Donated,0,2,2,1,2,1,1
3356,Age>=50,Male,Undergraduate,Single,"Income<=$50,000",Asian,Not Donated,0,4,2,1,1,1,1
3357,Age<=29,Female,Undergraduate,Single,"Income<=$50,000",White,Not Donated,0,1,1,1,1,1,5
3358,30<=Age<=39,Male,Undergraduate,Married,"Income<=$50,000",White,Not Donated,0,2,2,1,2,1,5
3359,30<=Age<=39,Male,Undergraduate,Married,"Income<=$50,000",Asian,Donated,65,2,2,1,2,1,1
3360,30<=Age<=39,Female,Undergraduate,Single,"Income>$100,000",Other,Not Donated,0,2,1,1,1,3,4
3361,40<=Age<=49,Male,Undergraduate,Married,"Income>$100,000",White,Donated,115,3,2,1,2,3,5
3362,30<=Age<=39,Male,Undergraduate,Married,"Income<=$50,000",Asian,Not Donated,0,2,2,1,2,1,1
3363,Age<=29,Female,Undergraduate,Married,"$50,000<Income<=$100,000",Hispanic,Donated,60,1,1,1,2,2,3
3364,Age<=29,Male,Undergraduate,Married,"Income>$100,000",White,Not Donated,0,1,2,1,2,3,5
3365,30<=Age<=39,Female,Undergraduate,Married,"Income<=$50,000",White,Donated,40,2,1,1,2,1,5
3366,30<=Age<=39,Female,Undergraduate,Married,"Income>$100,000",Hispanic,Donated,100,2,1,1,2,3,3
3367,30<=Age<=39,Female,Undergraduate,Married,"Income<=$50,000",Hispanic,Donated,60,2,1,1,2,1,3
3368,40<=Age<=49,Male,Undergraduate,Single,"Income>$100,000",White,Donated,90,3,2,1,1,3,5
3369,Age<=29,Female,Undergraduate,Single,"Income<=$50,000",White,Not Donated,0,1,1,1,1,1,5
3370,40<=Age<=49,Female,Undergraduate,Married,"$50,000<Income<=$100,000",White,Not Donated,0,3,1,1,2,2,5
3371,40<=Age<=49,Male,Graduate,Single,"$50,000<Income<=$100,000",White,Not Donated,0,3,2,2,1,2,5
3372,40<=Age<=49,Male,Graduate,Married,"Income<=$50,000",White,Not Donated,0,3,2,2,2,1,5
3373,30<=Age<=39,Female,Undergraduate,Single,"Income<=$50,000",White,Not Donated,0,2,1,1,1,1,5
3374,40<=Age<=49,Female,Undergraduate,Married,"Income>$100,000",White,Donated,120,3,1,1,2,3,5
3375,40<=Age<=49,Male,Undergraduate,Single,"Income<=$50,000",White,Not Donated,0,3,2,1,1,1,5
3376,40<=Age<=49,Female,Undergraduate,Single,"Income>$100,000",White,Not Donated,0,3,1,1,1,3,5
3377,30<=Age<=39,Male,Undergraduate,Single,"$50,000<Income<=$100,000",White,Donated,60,2,2,1,1,2,5
3378,30<=Age<=39,Female,Undergraduate,Married,"Income<=$50,000",White,Not Donated,0,2,1,1,2,1,5
3379,40<=Age<=49,Male,Undergraduate,Single,"Income>$100,000",Asian,Not Donated,0,3,2,1,1,3,1
3380,30<=Age<=39,Female,Undergraduate,Married,"$50,000<Income<=$100,000",White,Not Donated,0,2,1,1,2,2,5
3381,40<=Age<=49,Female,Undergraduate,Married,"Income>$100,000",White,Donated,155,3,1,1,2,3,5
3382,40<=Age<=49,Male,Undergraduate,Single,"Income<=$50,000",White,Not Donated,0,3,2,1,1,1,5
3383,Age<=29,Female,Undergraduate,Married,"$50,000<Income<=$100,000",White,Donated,75,1,1,1,2,2,5
3384,Age<=29,Male,Undergraduate,Married,"Income<=$50,000",Asian,Donated,40,1,2,1,2,1,1
3385,40<=Age<=49,Female,Undergraduate,Married,"Income<=$50,000",Other,Not Donated,0,3,1,1,2,1,4
3386,40<=Age<=49,Male,Undergraduate,Married,"Income>$100,000",Hispanic,Not Donated,0,3,2,1,2,3,3
3387,30<=Age<=39,Male,Undergraduate,Single,"$50,000<Income<=$100,000",White,Not Donated,0,2,2,1,1,2,5
3388,30<=Age<=39,Female,Undergraduate,Single,"Income<=$50,000",White,Not Donated,0,2,1,1,1,1,5
3389,30<=Age<=39,Female,Undergraduate,Married,"Income<=$50,000",Black,Not Donated,0,2,1,1,2,1,2
3390,Age>=50,Female,Undergraduate,Single,"Income<=$50,000",Black,Donated,85,4,1,1,1,1,2
3391,Age<=29,Male,Undergraduate,Married,"Income<=$50,000",Asian,Donated,35,1,2,1,2,1,1
3392,Age<=29,Male,Undergraduate,Single,"Income<=$50,000",Asian,Not Donated,0,1,2,1,1,1,1
3393,Age>=50,Male,Graduate,Single,"$50,000<Income<=$100,000",Other,Donated,110,4,2,2,1,2,4
3394,30<=Age<=39,Male,Undergraduate,Single,"Income>$100,000",White,Donated,100,2,2,1,1,3,5
3395,Age>=50,Female,Undergraduate,Married,"$50,000<Income<=$100,000",White,Donated,100,4,1,1,2,2,5
3396,Age<=29,Male,Undergraduate,Married,"$50,000<Income<=$100,000",White,Donated,50,1,2,1,2,2,5
3397,40<=Age<=49,Male,Undergraduate,Married,"$50,000<Income<=$100,000",Hispanic,Not Donated,0,3,2,1,2,2,3
3398,40<=Age<=49,Male,Undergraduate,Single,"Income<=$50,000",Black,Not Donated,0,3,2,1,1,1,2
3399,40<=Age<=49,Male,Undergraduate,Single,"$50,000<Income<=$100,000",Black,Not Donated,0,3,2,1,1,2,2
3400,30<=Age<=39,Male,Undergraduate,Single,"Income<=$50,000",Asian,Not Donated,0,2,2,1,1,1,1
3401,30<=Age<=39,Male,Undergraduate,Married,"Income<=$50,000",White,Not Donated,0,2,2,1,2,1,5
3402,40<=Age<=49,Male,Undergraduate,Single,"Income<=$50,000",White,Not Donated,0,3,2,1,1,1,5
3403,40<=Age<=49,Female,Undergraduate,Single,"Income<=$50,000",White,Not Donated,0,3,1,1,1,1,5
3404,Age>=50,Female,Undergraduate,Married,"Income<=$50,000",White,Not Donated,0,4,1,1,2,1,5
3405,30<=Age<=39,Female,Graduate,Single,"Income<=$50,000",White,Not Donated,0,2,1,2,1,1,5
3406,Age>=50,Female,Undergraduate,Married,"Income<=$50,000",Black,Donated,80,4,1,1,2,1,2
3407,Age>=50,Male,Graduate,Married,"Income<=$50,000",White,Donated,110,4,2,2,2,1,5
3408,Age<=29,Female,Undergraduate,Single,"Income<=$50,000",White,Not Donated,0,1,1,1,1,1,5
3409,Age>=50,Female,Undergraduate,Married,"Income<=$50,000",White,Not Donated,0,4,1,1,2,1,5
3410,30<=Age<=39,Male,Undergraduate,Single,"Income>$100,000",White,Not Donated,0,2,2,1,1,3,5
3411,Age>=50,Male,Graduate,Single,"Income<=$50,000",White,Donated,95,4,2,2,1,1,5
3412,40<=Age<=49,Male,Undergraduate,Married,"$50,000<Income<=$100,000",Asian,Not Donated,0,3,2,1,2,2,1
3413,30<=Age<=39,Female,Undergraduate,Married,"$50,000<Income<=$100,000",White,Not Donated,0,2,1,1,2,2,5
3414,30<=Age<=39,Female,Undergraduate,Single,"$50,000<Income<=$100,000",White,Donated,75,2,1,1,1,2,5
3415,40<=Age<=49,Female,Undergraduate,Single,"$50,000<Income<=$100,000",Other,Not Donated,0,3,1,1,1,2,4
3416,Age<=29,Male,Undergraduate,Married,"Income<=$50,000",White,Donated,35,1,2,1,2,1,5
3417,40<=Age<=49,Female,Undergraduate,Single,"Income<=$50,000",White,Not Donated,0,3,1,1,1,1,5
3418,Age<=29,Male,Undergraduate,Married,"Income>$100,000",White,Not Donated,0,1,2,1,2,3,5
3419,40<=Age<=49,Female,Undergraduate,Single,"Income<=$50,000",White,Not Donated,0,3,1,1,1,1,5
3420,30<=Age<=39,Male,Undergraduate,Married,"Income>$100,000",Other,Not Donated,0,2,2,1,2,3,4
3421,40<=Age<=49,Male,Undergraduate,Married,"Income<=$50,000",Hispanic,Not Donated,0,3,2,1,2,1,3
3422,40<=Age<=49,Male,Undergraduate,Married,"Income<=$50,000",Hispanic,Not Donated,0,3,2,1,2,1,3
3423,40<=Age<=49,Male,Undergraduate,Married,"Income>$100,000",White,Donated,125,3,2,1,2,3,5
3424,40<=Age<=49,Male,Undergraduate,Married,"Income>$100,000",White,Donated,140,3,2,1,2,3,5
3425,30<=Age<=39,Male,Undergraduate,Single,"$50,000<Income<=$100,000",Hispanic,Not Donated,0,2,2,1,1,2,3
3426,Age<=29,Male,Undergraduate,Single,"Income>$100,000",Asian,Not Donated,0,1,2,1,1,3,1
3427,Age>=50,Male,Undergraduate,Married,"Income>$100,000",Black,Not Donated,0,4,2,1,2,3,2
3428,40<=Age<=49,Male,Undergraduate,Single,"$50,000<Income<=$100,000",White,Donated,100,3,2,1,1,2,5
3429,Age<=29,Male,Undergraduate,Single,"Income<=$50,000",Hispanic,Donated,30,1,2,1,1,1,3
3430,30<=Age<=39,Female,Undergraduate,Single,"Income<=$50,000",White,Not Donated,0,2,1,1,1,1,5
3431,30<=Age<=39,Male,Undergraduate,Married,"Income>$100,000",White,Not Donated,0,2,2,1,2,3,5
3432,Age<=29,Male,Undergraduate,Single,"Income>$100,000",White,Not Donated,0,1,2,1,1,3,5
3433,40<=Age<=49,Male,Undergraduate,Single,"Income<=$50,000",Other,Not Donated,0,3,2,1,1,1,4
3434,Age>=50,Female,Undergraduate,Married,"Income<=$50,000",White,Donated,100,4,1,1,2,1,5
3435,40<=Age<=49,Female,Undergraduate,Single,"Income<=$50,000",Black,Not Donated,0,3,1,1,1,1,2
3436,30<=Age<=39,Male,Undergraduate,Single,"Income<=$50,000",Other,Not Donated,0,2,2,1,1,1,4
3437,Age>=50,Female,Undergraduate,Single,"Income<=$50,000",White,Not Donated,0,4,1,1,1,1,5
3438,40<=Age<=49,Male,Undergraduate,Single,"$50,000<Income<=$100,000",Asian,Not Donated,0,3,2,1,1,2,1
3439,Age<=29,Female,Undergraduate,Single,"Income<=$50,000",White,Donated,30,1,1,1,1,1,5
3440,30<=Age<=39,Female,Graduate,Single,"Income<=$50,000",White,Donated,75,2,1,2,1,1,5
3441,Age<=29,Female,Undergraduate,Married,"Income<=$50,000",Black,Not Donated,0,1,1,1,2,1,2
3442,40<=Age<=49,Male,Undergraduate,Single,"$50,000<Income<=$100,000",White,Not Donated,0,3,2,1,1,2,5
3443,40<=Age<=49,Female,Undergraduate,Single,"Income<=$50,000",Hispanic,Not Donated,0,3,1,1,1,1,3
3444,Age>=50,Male,Undergraduate,Single,"Income>$100,000",White,Not Donated,0,4,2,1,1,3,5
3445,40<=Age<=49,Female,Undergraduate,Single,"Income>$100,000",White,Donated,145,3,1,1,1,3,5
3446,40<=Age<=49,Female,Undergraduate,Married,"Income<=$50,000",Other,Not Donated,0,3,1,1,2,1,4
3447,Age<=29,Female,Undergraduate,Married,"Income<=$50,000",White,Donated,50,1,1,1,2,1,5
3448,Age<=29,Female,Undergraduate,Single,"Income<=$50,000",White,Not Donated,0,1,1,1,1,1,5
3449,Age>=50,Male,Graduate,Single,"Income<=$50,000",White,Not Donated,0,4,2,2,1,1,5
3450,Age<=29,Male,Graduate,Married,"$50,000<Income<=$100,000",White,Not Donated,0,1,2,2,2,2,5
3451,Age>=50,Male,Undergraduate,Single,"Income>$100,000",Asian,Not Donated,0,4,2,1,1,3,1
3452,40<=Age<=49,Male,Undergraduate,Married,"$50,000<Income<=$100,000",White,Donated,100,3,2,1,2,2,5
3453,30<=Age<=39,Female,Undergraduate,Married,"$50,000<Income<=$100,000",Other,Not Donated,0,2,1,1,2,2,4
3454,40<=Age<=49,Female,Undergraduate,Married,"Income<=$50,000",White,Donated,70,3,1,1,2,1,5
3455,40<=Age<=49,Male,Undergraduate,Single,"Income<=$50,000",White,Donated,60,3,2,1,1,1,5
3456,30<=Age<=39,Male,Undergraduate,Married,"Income<=$50,000",White,Not Donated,0,2,2,1,2,1,5
3457,Age>=50,Male,Undergraduate,Married,"Income<=$50,000",Black,Not Donated,0,4,2,1,2,1,2
3458,40<=Age<=49,Female,Undergraduate,Single,"$50,000<Income<=$100,000",White,Donated,105,3,1,1,1,2,5
3459,Age<=29,Female,Undergraduate,Married,"$50,000<Income<=$100,000",White,Not Donated,0,1,1,1,2,2,5
3460,Age<=29,Female,Undergraduate,Single,"Income<=$50,000",White,Donated,40,1,1,1,1,1,5
3461,30<=Age<=39,Female,Undergraduate,Married,"$50,000<Income<=$100,000",White,Not Donated,0,2,1,1,2,2,5
3462,30<=Age<=39,Female,Undergraduate,Single,"$50,000<Income<=$100,000",White,Donated,65,2,1,1,1,2,5
3463,30<=Age<=39,Female,Undergraduate,Single,"Income>$100,000",White,Donated,110,2,1,1,1,3,5
3464,Age>=50,Female,Undergraduate,Married,"Income>$100,000",White,Donated,170,4,1,1,2,3,5
3465,30<=Age<=39,Male,Undergraduate,Married,"Income<=$50,000",Hispanic,Not Donated,0,2,2,1,2,1,3
3466,40<=Age<=49,Female,Undergraduate,Single,"Income<=$50,000",White,Not Donated,0,3,1,1,1,1,5
3467,40<=Age<=49,Male,Undergraduate,Married,"$50,000<Income<=$100,000",White,Donated,85,3,2,1,2,2,5
3468,Age>=50,Female,Undergraduate,Single,"Income>$100,000",White,Not Donated,0,4,1,1,1,3,5
3469,30<=Age<=39,Male,Undergraduate,Single,"$50,000<Income<=$100,000",White,Not Donated,0,2,2,1,1,2,5
3470,Age<=29,Male,Undergraduate,Single,"$50,000<Income<=$100,000",Asian,Donated,65,1,2,1,1,2,1
3471,Age>=50,Female,Undergraduate,Single,"Income>$100,000",White,Donated,140,4,1,1,1,3,5
3472,Age>=50,Female,Undergraduate,Married,"$50,000<Income<=$100,000",Other,Not Donated,0,4,1,1,2,2,4
3473,40<=Age<=49,Male,Graduate,Married,"$50,000<Income<=$100,000",White,Donated,125,3,2,2,2,2,5
3474,40<=Age<=49,Female,Undergraduate,Married,"Income<=$50,000",Other,Not Donated,0,3,1,1,2,1,4
3475,40<=Age<=49,Female,Undergraduate,Single,"$50,000<Income<=$100,000",White,Donated,105,3,1,1,1,2,5
3476,Age>=50,Female,Undergraduate,Single,"Income<=$50,000",Black,Donated,85,4,1,1,1,1,2
3477,40<=Age<=49,Female,Undergraduate,Married,"Income<=$50,000",White,Donated,105,3,1,1,2,1,5
3478,40<=Age<=49,Female,Undergraduate,Single,"Income>$100,000",Asian,Donated,115,3,1,1,1,3,1
3479,40<=Age<=49,Male,Undergraduate,Married,"Income<=$50,000",Hispanic,Not Donated,0,3,2,1,2,1,3
3480,40<=Age<=49,Female,Undergraduate,Single,"Income<=$50,000",White,Not Donated,0,3,1,1,1,1,5
3481,Age<=29,Male,Graduate,Single,"Income<=$50,000",Hispanic,Donated,30,1,2,2,1,1,3
3482,Age<=29,Female,Undergraduate,Married,"Income<=$50,000",Black,Not Donated,0,1,1,1,2,1,2
3483,30<=Age<=39,Female,Undergraduate,Married,"Income<=$50,000",Black,Not Donated,0,2,1,1,2,1,2
3484,Age<=29,Female,Undergraduate,Married,"Income>$100,000",White,Not Donated,0,1,1,1,2,3,5
3485,Age>=50,Male,Undergraduate,Married,"Income<=$50,000",White,Not Donated,0,4,2,1,2,1,5
3486,40<=Age<=49,Female,Undergraduate,Single,"Income>$100,000",Other,Not Donated,0,3,1,1,1,3,4
3487,Age<=29,Male,Undergraduate,Married,"Income>$100,000",Hispanic,Not Donated,0,1,2,1,2,3,3
3488,Age<=29,Male,Undergraduate,Married,"Income<=$50,000",Hispanic,Donated,30,1,2,1,2,1,3
3489,30<=Age<=39,Male,Undergraduate,Single,"Income<=$50,000",Black,Not Donated,0,2,2,1,1,1,2
3490,Age<=29,Male,Undergraduate,Married,"$50,000<Income<=$100,000",White,Not Donated,0,1,2,1,2,2,5
3491,Age<=29,Male,Graduate,Married,"$50,000<Income<=$100,000",White,Not Donated,0,1,2,2,2,2,5
3492,40<=Age<=49,Female,Undergraduate,Single,"Income<=$50,000",Asian,Not Donated,0,3,1,1,1,1,1
3493,Age<=29,Female,Undergraduate,Single,"Income<=$50,000",Asian,Donated,20,1,1,1,1,1,1
3494,30<=Age<=39,Male,Undergraduate,Married,"Income<=$50,000",White,Not Donated,0,2,2,1,2,1,5
3495,40<=Age<=49,Female,Undergraduate,Single,"Income<=$50,000",White,Not Donated,0,3,1,1,1,1,5
3496,30<=Age<=39,Female,Undergraduate,Married,"Income>$100,000",White,Not Donated,0,2,1,1,2,3,5
3497,Age<=29,Male,Undergraduate,Single,"Income<=$50,000",White,Not Donated,0,1,2,1,1,1,5
3498,40<=Age<=49,Female,Undergraduate,Single,"Income<=$50,000",White,Not Donated,0,3,1,1,1,1,5
3499,Age<=29,Female,Graduate,Married,"$50,000<Income<=$100,000",White,Donated,75,1,1,2,2,2,5
3500,40<=Age<=49,Male,Undergraduate,Married,"Income<=$50,000",White,Donated,70,3,2,1,2,1,5
3501,Age>=50,Female,Undergraduate,Single,"$50,000<Income<=$100,000",Black,Donated,105,4,1,1,1,2,2
3502,Age<=29,Male,Undergraduate,Single,"Income>$100,000",White,Donated,95,1,2,1,1,3,5
3503,40<=Age<=49,Male,Undergraduate,Single,"Income<=$50,000",White,Not Donated,0,3,2,1,1,1,5
3504,30<=Age<=39,Male,Undergraduate,Married,"Income<=$50,000",White,Not Donated,0,2,2,1,2,1,5
3505,40<=Age<=49,Female,Undergraduate,Married,"Income<=$50,000",White,Not Donated,0,3,1,1,2,1,5
3506,Age<=29,Male,Graduate,Single,"Income<=$50,000",White,Not Donated,0,1,2,2,1,1,5
3507,40<=Age<=49,Male,Undergraduate,Married,"Income<=$50,000",White,Not Donated,0,3,2,1,2,1,5
3508,Age<=29,Male,Undergraduate,Single,"Income<=$50,000",White,Donated,15,1,2,1,1,1,5
3509,30<=Age<=39,Female,Undergraduate,Married,"Income<=$50,000",Other,Not Donated,0,2,1,1,2,1,4
3510,Age>=50,Female,Undergraduate,Single,"Income<=$50,000",Black,Donated,95,4,1,1,1,1,2
3511,Age>=50,Female,Undergraduate,Married,"$50,000<Income<=$100,000",White,Not Donated,0,4,1,1,2,2,5
3512,Age<=29,Female,Graduate,Married,"Income<=$50,000",Hispanic,Donated,45,1,1,2,2,1,3
3513,30<=Age<=39,Female,Undergraduate,Married,"$50,000<Income<=$100,000",White,Donated,80,2,1,1,2,2,5
3514,Age>=50,Male,Graduate,Single,"Income>$100,000",White,Not Donated,0,4,2,2,1,3,5
3515,Age>=50,Female,Undergraduate,Married,"Income<=$50,000",White,Not Donated,0,4,1,1,2,1,5
3516,30<=Age<=39,Male,Undergraduate,Single,"$50,000<Income<=$100,000",White,Donated,80,2,2,1,1,2,5
3517,30<=Age<=39,Female,Undergraduate,Single,"Income<=$50,000",Other,Donated,50,2,1,1,1,1,4
3518,Age<=29,Female,Undergraduate,Married,"Income<=$50,000",Black,Not Donated,0,1,1,1,2,1,2
3519,40<=Age<=49,Male,Undergraduate,Single,"Income>$100,000",Other,Donated,120,3,2,1,1,3,4
3520,40<=Age<=49,Male,Undergraduate,Married,"$50,000<Income<=$100,000",White,Not Donated,0,3,2,1,2,2,5
3521,30<=Age<=39,Male,Undergraduate,Married,"Income<=$50,000",White,Not Donated,0,2,2,1,2,1,5
3522,40<=Age<=49,Male,Undergraduate,Married,"Income<=$50,000",Hispanic,Not Donated,0,3,2,1,2,1,3
3523,Age<=29,Male,Undergraduate,Married,"Income<=$50,000",Other,Donated,50,1,2,1,2,1,4
3524,Age<=29,Male,Undergraduate,Married,"Income<=$50,000",White,Not Donated,0,1,2,1,2,1,5
3525,Age<=29,Male,Graduate,Single,"$50,000<Income<=$100,000",White,Donated,70,1,2,2,1,2,5
3526,Age<=29,Male,Undergraduate,Married,"$50,000<Income<=$100,000",Hispanic,Donated,70,1,2,1,2,2,3
3527,Age<=29,Female,Undergraduate,Single,"Income>$100,000",White,Donated,100,1,1,1,1,3,5
3528,40<=Age<=49,Male,Undergraduate,Married,"Income<=$50,000",Hispanic,Not Donated,0,3,2,1,2,1,3
3529,Age<=29,Female,Undergraduate,Married,"$50,000<Income<=$100,000",White,Not Donated,0,1,1,1,2,2,5
3530,30<=Age<=39,Male,Undergraduate,Single,"$50,000<Income<=$100,000",Hispanic,Donated,70,2,2,1,1,2,3
3531,30<=Age<=39,Female,Undergraduate,Single,"Income<=$50,000",White,Donated,40,2,1,1,1,1,5
3532,Age<=29,Male,Undergraduate,Single,"Income>$100,000",White,Not Donated,0,1,2,1,1,3,5
3533,Age<=29,Male,Undergraduate,Single,"$50,000<Income<=$100,000",White,Donated,60,1,2,1,1,2,5
3534,Age>=50,Female,Undergraduate,Single,"$50,000<Income<=$100,000",White,Donated,120,4,1,1,1,2,5
3535,Age<=29,Male,Undergraduate,Married,"$50,000<Income<=$100,000",White,Not Donated,0,1,2,1,2,2,5
3536,40<=Age<=49,Male,Undergraduate,Single,"Income<=$50,000",White,Donated,80,3,2,1,1,1,5
3537,40<=Age<=49,Female,Undergraduate,Married,"Income<=$50,000",White,Not Donated,0,3,1,1,2,1,5
3538,Age<=29,Male,Undergraduate,Married,"Income<=$50,000",Black,Not Donated,0,1,2,1,2,1,2
3539,30<=Age<=39,Female,Undergraduate,Married,"$50,000<Income<=$100,000",Asian,Not Donated,0,2,1,1,2,2,1
3540,40<=Age<=49,Male,Undergraduate,Single,"$50,000<Income<=$100,000",White,Not Donated,0,3,2,1,1,2,5
3541,Age>=50,Male,Undergraduate,Married,"Income<=$50,000",White,Not Donated,0,4,2,1,2,1,5
3542,Age>=50,Male,Undergraduate,Married,"$50,000<Income<=$100,000",Hispanic,Not Donated,0,4,2,1,2,2,3
3543,30<=Age<=39,Male,Undergraduate,Single,"$50,000<Income<=$100,000",White,Not Donated,0,2,2,1,1,2,5
3544,40<=Age<=49,Male,Undergraduate,Single,"Income<=$50,000",White,Donated,85,3,2,1,1,1,5
3545,Age>=50,Male,Undergraduate,Married,"Income<=$50,000",Hispanic,Not Donated,0,4,2,1,2,1,3
3546,Age<=29,Male,Undergraduate,Married,"Income<=$50,000",Other,Donated,45,1,2,1,2,1,4
3547,30<=Age<=39,Male,Undergraduate,Married,"Income<=$50,000",Hispanic,Donated,55,2,2,1,2,1,3
3548,30<=Age<=39,Male,Undergraduate,Married,"$50,000<Income<=$100,000",Asian,Donated,85,2,2,1,2,2,1
3549,40<=Age<=49,Male,Graduate,Single,"Income>$100,000",Hispanic,Donated,130,3,2,2,1,3,3
3550,Age<=29,Male,Undergraduate,Single,"$50,000<Income<=$100,000",Asian,Donated,45,1,2,1,1,2,1
3551,40<=Age<=49,Male,Undergraduate,Single,"Income<=$50,000",Asian,Not Donated,0,3,2,1,1,1,1
3552,Age<=29,Female,Undergraduate,Single,"Income>$100,000",Black,Donated,60,1,1,1,1,3,2
3553,40<=Age<=49,Male,Undergraduate,Married,"Income>$100,000",White,Donated,140,3,2,1,2,3,5
3554,30<=Age<=39,Male,Graduate,Married,"$50,000<Income<=$100,000",White,Donated,100,2,2,2,2,2,5
3555,30<=Age<=39,Male,Undergraduate,Single,"$50,000<Income<=$100,000",White,Donated,75,2,2,1,1,2,5
3556,40<=Age<=49,Female,Undergraduate,Married,"Income>$100,000",White,Donated,140,3,1,1,2,3,5
3557,30<=Age<=39,Male,Undergraduate,Single,"Income>$100,000",Hispanic,Not Donated,0,2,2,1,1,3,3
3558,30<=Age<=39,Male,Undergraduate,Married,"$50,000<Income<=$100,000",White,Not Donated,0,2,2,1,2,2,5
3559,40<=Age<=49,Female,Undergraduate,Single,"Income<=$50,000",Asian,Not Donated,0,3,1,1,1,1,1
3560,Age>=50,Male,Undergraduate,Single,"Income<=$50,000",Asian,Not Donated,0,4,2,1,1,1,1
3561,Age<=29,Female,Undergraduate,Single,"$50,000<Income<=$100,000",White,Donated,55,1,1,1,1,2,5
3562,Age>=50,Female,Undergraduate,Married,"$50,000<Income<=$100,000",White,Not Donated,0,4,1,1,2,2,5
3563,Age<=29,Female,Undergraduate,Married,"$50,000<Income<=$100,000",Black,Not Donated,0,1,1,1,2,2,2
3564,30<=Age<=39,Male,Undergraduate,Married,"Income<=$50,000",Asian,Donated,70,2,2,1,2,1,1
3565,Age<=29,Male,Undergraduate,Married,"Income<=$50,000",Asian,Not Donated,0,1,2,1,2,1,1
3566,40<=Age<=49,Male,Undergraduate,Married,"Income<=$50,000",White,Not Donated,0,3,2,1,2,1,5
3567,40<=Age<=49,Female,Undergraduate,Single,"Income<=$50,000",Black,Not Donated,0,3,1,1,1,1,2
3568,Age<=29,Female,Undergraduate,Married,"Income<=$50,000",Other,Not Donated,0,1,1,1,2,1,4
3569,30<=Age<=39,Male,Graduate,Married,"Income>$100,000",Black,Donated,140,2,2,2,2,3,2
3570,Age>=50,Male,Undergraduate,Married,"Income<=$50,000",White,Donated,95,4,2,1,2,1,5
3571,30<=Age<=39,Male,Undergraduate,Married,"Income<=$50,000",Hispanic,Not Donated,0,2,2,1,2,1,3
3572,40<=Age<=49,Female,Undergraduate,Single,"$50,000<Income<=$100,000",White,Donated,95,3,1,1,1,2,5
3573,40<=Age<=49,Male,Graduate,Single,"Income<=$50,000",Hispanic,Not Donated,0,3,2,2,1,1,3
3574,Age<=29,Male,Undergraduate,Married,"$50,000<Income<=$100,000",White,Donated,70,1,2,1,2,2,5
3575,40<=Age<=49,Female,Undergraduate,Married,"$50,000<Income<=$100,000",White,Donated,105,3,1,1,2,2,5
3576,30<=Age<=39,Female,Undergraduate,Married,"Income<=$50,000",Hispanic,Not Donated,0,2,1,1,2,1,3
3577,Age<=29,Female,Undergraduate,Single,"$50,000<Income<=$100,000",Black,Donated,50,1,1,1,1,2,2
3578,Age<=29,Male,Undergraduate,Single,"Income>$100,000",White,Not Donated,0,1,2,1,1,3,5
3579,40<=Age<=49,Female,Undergraduate,Married,"$50,000<Income<=$100,000",White,Not Donated,0,3,1,1,2,2,5
3580,30<=Age<=39,Male,Undergraduate,Single,"$50,000<Income<=$100,000",White,Donated,55,2,2,1,1,2,5
3581,30<=Age<=39,Female,Graduate,Single,"$50,000<Income<=$100,000",Hispanic,Donated,70,2,1,2,1,2,3
3582,40<=Age<=49,Male,Undergraduate,Single,"Income>$100,000",Asian,Donated,120,3,2,1,1,3,1
3583,40<=Age<=49,Male,Undergraduate,Married,"Income<=$50,000",Asian,Not Donated,0,3,2,1,2,1,1
3584,30<=Age<=39,Female,Undergraduate,Single,"Income<=$50,000",White,Not Donated,0,2,1,1,1,1,5
3585,30<=Age<=39,Male,Undergraduate,Single,"Income<=$50,000",Black,Donated,45,2,2,1,1,1,2
3586,Age<=29,Female,Undergraduate,Single,"Income<=$50,000",White,Donated,30,1,1,1,1,1,5
3587,40<=Age<=49,Female,Undergraduate,Single,"Income<=$50,000",Black,Donated,75,3,1,1,1,1,2
3588,30<=Age<=39,Male,Graduate,Married,"Income>$100,000",White,Not Donated,0,2,2,2,2,3,5
3589,30<=Age<=39,Female,Undergraduate,Single,"Income<=$50,000",Hispanic,Not Donated,0,2,1,1,1,1,3
3590,Age<=29,Male,Graduate,Married,"Income<=$50,000",Hispanic,Donated,45,1,2,2,2,1,3
3591,30<=Age<=39,Male,Undergraduate,Married,"Income<=$50,000",White,Not Donated,0,2,2,1,2,1,5
3592,30<=Age<=39,Female,Undergraduate,Single,"Income<=$50,000",Black,Not Donated,0,2,1,1,1,1,2
3593,30<=Age<=39,Female,Undergraduate,Single,"Income<=$50,000",Hispanic,Not Donated,0,2,1,1,1,1,3
3594,30<=Age<=39,Male,Undergraduate,Married,"Income>$100,000",White,Donated,110,2,2,1,2,3,5
3595,Age<=29,Male,Undergraduate,Married,"Income>$100,000",White,Donated,105,1,2,1,2,3,5
3596,Age>=50,Male,Undergraduate,Married,"Income<=$50,000",Asian,Not Donated,0,4,2,1,2,1,1
3597,Age<=29,Male,Graduate,Single,"$50,000<Income<=$100,000",White,Donated,70,1,2,2,1,2,5
3598,40<=Age<=49,Female,Undergraduate,Single,"Income<=$50,000",White,Not Donated,0,3,1,1,1,1,5
3599,30<=Age<=39,Female,Undergraduate,Married,"Income<=$50,000",White,Not Donated,0,2,1,1,2,1,5
3600,40<=Age<=49,Female,Undergraduate,Married,"Income<=$50,000",White,Not Donated,0,3,1,1,2,1,5
3601,40<=Age<=49,Male,Undergraduate,Married,"Income<=$50,000",White,Not Donated,0,3,2,1,2,1,5
3602,40<=Age<=49,Female,Undergraduate,Single,"Income<=$50,000",Asian,Not Donated,0,3,1,1,1,1,1
3603,30<=Age<=39,Male,Undergraduate,Single,"$50,000<Income<=$100,000",White,Donated,65,2,2,1,1,2,5
3604,Age<=29,Female,Undergraduate,Married,"$50,000<Income<=$100,000",Asian,Not Donated,0,1,1,1,2,2,1
3605,40<=Age<=49,Female,Undergraduate,Married,"$50,000<Income<=$100,000",White,Not Donated,0,3,1,1,2,2,5
3606,40<=Age<=49,Male,Graduate,Married,"Income<=$50,000",Black,Not Donated,0,3,2,2,2,1,2
3607,40<=Age<=49,Female,Undergraduate,Single,"Income<=$50,000",White,Not Donated,0,3,1,1,1,1,5
3608,Age>=50,Female,Undergraduate,Single,"Income>$100,000",Hispanic,Not Donated,0,4,1,1,1,3,3
3609,Age<=29,Male,Undergraduate,Married,"Income<=$50,000",White,Not Donated,0,1,2,1,2,1,5
3610,40<=Age<=49,Male,Undergraduate,Single,"Income>$100,000",Other,Not Donated,0,3,2,1,1,3,4
3611,Age<=29,Male,Undergraduate,Single,"Income<=$50,000",Hispanic,Donated,20,1,2,1,1,1,3
3612,Age>=50,Female,Undergraduate,Married,"$50,000<Income<=$100,000",Hispanic,Not Donated,0,4,1,1,2,2,3
3613,30<=Age<=39,Female,Undergraduate,Married,"Income<=$50,000",White,Donated,80,2,1,1,2,1,5
3614,40<=Age<=49,Female,Undergraduate,Married,"Income<=$50,000",Black,Not Donated,0,3,1,1,2,1,2
3615,Age<=29,Female,Undergraduate,Single,"Income<=$50,000",Black,Not Donated,0,1,1,1,1,1,2
3616,Age>=50,Male,Undergraduate,Single,"Income<=$50,000",Asian,Not Donated,0,4,2,1,1,1,1
3617,Age>=50,Female,Undergraduate,Married,"Income>$100,000",White,Not Donated,0,4,1,1,2,3,5
3618,40<=Age<=49,Male,Undergraduate,Married,"Income<=$50,000",White,Not Donated,0,3,2,1,2,1,5
3619,30<=Age<=39,Male,Undergraduate,Married,"Income<=$50,000",White,Donated,60,2,2,1,2,1,5
3620,Age>=50,Male,Undergraduate,Single,"$50,000<Income<=$100,000",Other,Not Donated,0,4,2,1,1,2,4
3621,Age>=50,Male,Undergraduate,Single,"Income>$100,000",Other,Not Donated,0,4,2,1,1,3,4
3622,Age<=29,Male,Undergraduate,Married,"Income>$100,000",White,Not Donated,0,1,2,1,2,3,5
3623,Age<=29,Female,Undergraduate,Single,"$50,000<Income<=$100,000",White,Not Donated,0,1,1,1,1,2,5
3624,Age<=29,Male,Undergraduate,Married,"$50,000<Income<=$100,000",White,Not Donated,0,1,2,1,2,2,5
3625,40<=Age<=49,Female,Undergraduate,Married,"Income<=$50,000",Asian,Donated,85,3,1,1,2,1,1
3626,40<=Age<=49,Male,Undergraduate,Single,"Income<=$50,000",White,Donated,70,3,2,1,1,1,5
3627,30<=Age<=39,Female,Undergraduate,Single,"Income>$100,000",White,Donated,90,2,1,1,1,3,5
3628,40<=Age<=49,Female,Undergraduate,Married,"$50,000<Income<=$100,000",Hispanic,Donated,115,3,1,1,2,2,3
3629,30<=Age<=39,Female,Undergraduate,Married,"$50,000<Income<=$100,000",White,Donated,80,2,1,1,2,2,5
3630,40<=Age<=49,Female,Undergraduate,Married,"$50,000<Income<=$100,000",White,Not Donated,0,3,1,1,2,2,5
3631,40<=Age<=49,Female,Undergraduate,Married,"$50,000<Income<=$100,000",White,Not Donated,0,3,1,1,2,2,5
3632,30<=Age<=39,Female,Undergraduate,Married,"$50,000<Income<=$100,000",White,Not Donated,0,2,1,1,2,2,5
3633,30<=Age<=39,Male,Undergraduate,Married,"Income<=$50,000",Hispanic,Donated,55,2,2,1,2,1,3
3634,30<=Age<=39,Male,Undergraduate,Single,"Income<=$50,000",White,Donated,35,2,2,1,1,1,5
3635,Age<=29,Female,Undergraduate,Single,"Income>$100,000",Hispanic,Donated,100,1,1,1,1,3,3
3636,Age>=50,Male,Undergraduate,Single,"Income<=$50,000",White,Not Donated,0,4,2,1,1,1,5
3637,30<=Age<=39,Male,Undergraduate,Married,"Income<=$50,000",White,Donated,80,2,2,1,2,1,5
3638,30<=Age<=39,Female,Undergraduate,Married,"$50,000<Income<=$100,000",Black,Not Donated,0,2,1,1,2,2,2
3639,30<=Age<=39,Female,Undergraduate,Married,"Income<=$50,000",White,Not Donated,0,2,1,1,2,1,5
3640,30<=Age<=39,Male,Undergraduate,Married,"$50,000<Income<=$100,000",Other,Donated,90,2,2,1,2,2,4
3641,30<=Age<=39,Female,Undergraduate,Married,"$50,000<Income<=$100,000",Hispanic,Not Donated,0,2,1,1,2,2,3
3642,40<=Age<=49,Female,Undergraduate,Married,"$50,000<Income<=$100,000",Black,Not Donated,0,3,1,1,2,2,2
3643,Age<=29,Female,Undergraduate,Married,"Income>$100,000",White,Donated,100,1,1,1,2,3,5
3644,40<=Age<=49,Female,Undergraduate,Married,"$50,000<Income<=$100,000",White,Donated,95,3,1,1,2,2,5
3645,40<=Age<=49,Female,Undergraduate,Married,"$50,000<Income<=$100,000",Other,Donated,105,3,1,1,2,2,4
3646,Age>=50,Male,Undergraduate,Single,"$50,000<Income<=$100,000",Black,Donated,105,4,2,1,1,2,2
3647,30<=Age<=39,Female,Undergraduate,Married,"Income<=$50,000",White,Not Donated,0,2,1,1,2,1,5
3648,Age<=29,Female,Undergraduate,Married,"Income<=$50,000",White,Not Donated,0,1,1,1,2,1,5
3649,Age>=50,Female,Undergraduate,Married,"Income>$100,000",Asian,Not Donated,0,4,1,1,2,3,1
3650,Age>=50,Female,Undergraduate,Single,"Income<=$50,000",Black,Not Donated,0,4,1,1,1,1,2
3651,Age>=50,Male,Undergraduate,Single,"$50,000<Income<=$100,000",White,Not Donated,0,4,2,1,1,2,5
3652,Age<=29,Male,Graduate,Married,"Income<=$50,000",Asian,Not Donated,0,1,2,2,2,1,1
3653,Age>=50,Female,Undergraduate,Married,"Income>$100,000",White,Donated,125,4,1,1,2,3,5
3654,Age<=29,Male,Undergraduate,Single,"Income>$100,000",White,Donated,100,1,2,1,1,3,5
3655,40<=Age<=49,Female,Undergraduate,Single,"Income<=$50,000",White,Donated,75,3,1,1,1,1,5
3656,Age<=29,Female,Undergraduate,Married,"Income>$100,000",Hispanic,Not Donated,0,1,1,1,2,3,3
3657,Age>=50,Female,Graduate,Single,"$50,000<Income<=$100,000",White,Not Donated,0,4,1,2,1,2,5
3658,40<=Age<=49,Male,Undergraduate,Single,"Income>$100,000",White,Not Donated,0,3,2,1,1,3,5
3659,Age<=29,Female,Undergraduate,Single,"Income<=$50,000",White,Not Donated,0,1,1,1,1,1,5
3660,Age<=29,Female,Undergraduate,Married,"Income<=$50,000",White,Not Donated,0,1,1,1,2,1,5
3661,30<=Age<=39,Male,Undergraduate,Married,"$50,000<Income<=$100,000",White,Not Donated,0,2,2,1,2,2,5
3662,Age<=29,Female,Undergraduate,Single,"Income<=$50,000",Asian,Donated,15,1,1,1,1,1,1
3663,Age<=29,Female,Undergraduate,Single,"Income<=$50,000",Hispanic,Donated,20,1,1,1,1,1,3
3664,40<=Age<=49,Male,Undergraduate,Single,"Income<=$50,000",Hispanic,Donated,75,3,2,1,1,1,3
3665,Age>=50,Female,Undergraduate,Married,"$50,000<Income<=$100,000",White,Not Donated,0,4,1,1,2,2,5
3666,40<=Age<=49,Male,Undergraduate,Married,"Income>$100,000",White,Not Donated,0,3,2,1,2,3,5
3667,Age<=29,Female,Undergraduate,Single,"Income<=$50,000",Asian,Donated,20,1,1,1,1,1,1
3668,40<=Age<=49,Male,Undergraduate,Married,"Income>$100,000",White,Not Donated,0,3,2,1,2,3,5
3669,30<=Age<=39,Male,Undergraduate,Single,"Income<=$50,000",Hispanic,Not Donated,0,2,2,1,1,1,3
3670,Age>=50,Male,Graduate,Married,"Income<=$50,000",White,Not Donated,0,4,2,2,2,1,5
3671,40<=Age<=49,Female,Undergraduate,Married,"$50,000<Income<=$100,000",Hispanic,Not Donated,0,3,1,1,2,2,3
3672,Age<=29,Male,Graduate,Married,"Income<=$50,000",White,Not Donated,0,1,2,2,2,1,5
3673,Age<=29,Female,Undergraduate,Married,"Income>$100,000",White,Donated,90,1,1,1,2,3,5
3674,30<=Age<=39,Male,Undergraduate,Married,"Income<=$50,000",White,Not Donated,0,2,2,1,2,1,5
3675,30<=Age<=39,Female,Undergraduate,Single,"Income<=$50,000",White,Donated,55,2,1,1,1,1,5
3676,Age>=50,Female,Undergraduate,Married,"$50,000<Income<=$100,000",White,Not Donated,0,4,1,1,2,2,5
3677,Age<=29,Male,Undergraduate,Single,"Income<=$50,000",White,Donated,20,1,2,1,1,1,5
3678,30<=Age<=39,Female,Undergraduate,Single,"$50,000<Income<=$100,000",Hispanic,Donated,85,2,1,1,1,2,3
3679,Age>=50,Male,Undergraduate,Married,"Income<=$50,000",Other,Not Donated,0,4,2,1,2,1,4
3680,Age>=50,Male,Undergraduate,Married,"Income<=$50,000",White,Not Donated,0,4,2,1,2,1,5
3681,40<=Age<=49,Female,Undergraduate,Single,"$50,000<Income<=$100,000",White,Donated,80,3,1,1,1,2,5
3682,30<=Age<=39,Female,Undergraduate,Married,"Income<=$50,000",White,Not Donated,0,2,1,1,2,1,5
3683,40<=Age<=49,Male,Undergraduate,Married,"Income<=$50,000",White,Not Donated,0,3,2,1,2,1,5
3684,40<=Age<=49,Female,Undergraduate,Single,"Income<=$50,000",Black,Not Donated,0,3,1,1,1,1,2
3685,Age>=50,Male,Undergraduate,Married,"Income<=$50,000",White,Not Donated,0,4,2,1,2,1,5
3686,40<=Age<=49,Male,Undergraduate,Single,"Income<=$50,000",Hispanic,Donated,80,3,2,1,1,1,3
3687,Age>=50,Female,Undergraduate,Married,"Income<=$50,000",White,Not Donated,0,4,1,1,2,1,5
3688,40<=Age<=49,Male,Undergraduate,Married,"Income<=$50,000",Other,Not Donated,0,3,2,1,2,1,4
3689,30<=Age<=39,Female,Undergraduate,Single,"Income<=$50,000",Black,Not Donated,0,2,1,1,1,1,2
3690,Age<=29,Female,Undergraduate,Married,"Income<=$50,000",White,Not Donated,0,1,1,1,2,1,5
3691,40<=Age<=49,Male,Undergraduate,Married,"$50,000<Income<=$100,000",White,Not Donated,0,3,2,1,2,2,5
3692,30<=Age<=39,Male,Undergraduate,Single,"Income<=$50,000",White,Not Donated,0,2,2,1,1,1,5
3693,30<=Age<=39,Male,Undergraduate,Single,"Income<=$50,000",White,Not Donated,0,2,2,1,1,1,5
3694,30<=Age<=39,Female,Undergraduate,Married,"$50,000<Income<=$100,000",White,Donated,75,2,1,1,2,2,5
3695,Age>=50,Female,Undergraduate,Married,"$50,000<Income<=$100,000",White,Not Donated,0,4,1,1,2,2,5
3696,40<=Age<=49,Female,Undergraduate,Single,"$50,000<Income<=$100,000",White,Donated,105,3,1,1,1,2,5
3697,30<=Age<=39,Female,Graduate,Married,"$50,000<Income<=$100,000",White,Not Donated,0,2,1,2,2,2,5
3698,40<=Age<=49,Male,Undergraduate,Married,"Income<=$50,000",White,Donated,80,3,2,1,2,1,5
3699,Age>=50,Female,Undergraduate,Single,"Income<=$50,000",White,Not Donated,0,4,1,1,1,1,5
3700,Age<=29,Male,Undergraduate,Married,"Income>$100,000",Other,Donated,90,1,2,1,2,3,4
3701,40<=Age<=49,Female,Undergraduate,Married,"Income<=$50,000",White,Not Donated,0,3,1,1,2,1,5
3702,30<=Age<=39,Female,Graduate,Single,"$50,000<Income<=$100,000",Black,Not Donated,0,2,1,2,1,2,2
3703,30<=Age<=39,Female,Undergraduate,Single,"Income>$100,000",Black,Donated,115,2,1,1,1,3,2
3704,40<=Age<=49,Female,Undergraduate,Married,"Income<=$50,000",Asian,Not Donated,0,3,1,1,2,1,1
3705,Age>=50,Male,Undergraduate,Single,"Income>$100,000",White,Not Donated,0,4,2,1,1,3,5
3706,Age<=29,Female,Undergraduate,Married,"Income<=$50,000",White,Not Donated,0,1,1,1,2,1,5
3707,30<=Age<=39,Male,Undergraduate,Married,"Income<=$50,000",Hispanic,Not Donated,0,2,2,1,2,1,3
3708,Age<=29,Female,Undergraduate,Married,"Income<=$50,000",White,Not Donated,0,1,1,1,2,1,5
3709,40<=Age<=49,Male,Graduate,Married,"$50,000<Income<=$100,000",White,Not Donated,0,3,2,2,2,2,5
3710,30<=Age<=39,Female,Undergraduate,Single,"Income<=$50,000",White,Not Donated,0,2,1,1,1,1,5
3711,Age<=29,Male,Undergraduate,Single,"$50,000<Income<=$100,000",White,Not Donated,0,1,2,1,1,2,5
3712,40<=Age<=49,Female,Undergraduate,Married,"Income<=$50,000",Hispanic,Donated,90,3,1,1,2,1,3
3713,Age>=50,Female,Undergraduate,Single,"Income<=$50,000",White,Not Donated,0,4,1,1,1,1,5
3714,Age>=50,Female,Undergraduate,Single,"Income<=$50,000",White,Not Donated,0,4,1,1,1,1,5
3715,40<=Age<=49,Female,Undergraduate,Married,"Income<=$50,000",Hispanic,Not Donated,0,3,1,1,2,1,3
3716,40<=Age<=49,Female,Graduate,Married,"$50,000<Income<=$100,000",White,Not Donated,0,3,1,2,2,2,5
3717,30<=Age<=39,Female,Undergraduate,Single,"Income>$100,000",Hispanic,Donated,110,2,1,1,1,3,3
3718,Age>=50,Male,Undergraduate,Single,"Income<=$50,000",White,Not Donated,0,4,2,1,1,1,5
3719,Age<=29,Female,Undergraduate,Single,"Income<=$50,000",Black,Donated,30,1,1,1,1,1,2
3720,40<=Age<=49,Female,Undergraduate,Single,"Income<=$50,000",Other,Donated,75,3,1,1,1,1,4
3721,Age>=50,Male,Undergraduate,Single,"Income>$100,000",Black,Donated,110,4,2,1,1,3,2
3722,40<=Age<=49,Male,Undergraduate,Single,"Income>$100,000",White,Not Donated,0,3,2,1,1,3,5
3723,40<=Age<=49,Male,Undergraduate,Single,"Income<=$50,000",White,Not Donated,0,3,2,1,1,1,5
3724,40<=Age<=49,Female,Undergraduate,Single,"$50,000<Income<=$100,000",White,Donated,90,3,1,1,1,2,5
3725,30<=Age<=39,Male,Graduate,Married,"$50,000<Income<=$100,000",Hispanic,Not Donated,0,2,2,2,2,2,3
3726,Age<=29,Female,Graduate,Married,"Income>$100,000",White,Not Donated,0,1,1,2,2,3,5
3727,Age>=50,Female,Undergraduate,Single,"Income<=$50,000",White,Donated,75,4,1,1,1,1,5
3728,Age>=50,Female,Undergraduate,Single,"Income<=$50,000",White,Donated,95,4,1,1,1,1,5
3729,Age>=50,Female,Undergraduate,Married,"Income<=$50,000",Black,Donated,105,4,1,1,2,1,2
3730,40<=Age<=49,Male,Undergraduate,Married,"Income<=$50,000",White,Not Donated,0,3,2,1,2,1,5
3731,30<=Age<=39,Male,Undergraduate,Single,"Income<=$50,000",White,Not Donated,0,2,2,1,1,1,5
3732,Age<=29,Male,Graduate,Single,"Income<=$50,000",White,Not Donated,0,1,2,2,1,1,5
3733,40<=Age<=49,Female,Graduate,Single,"$50,000<Income<=$100,000",White,Not Donated,0,3,1,2,1,2,5
3734,30<=Age<=39,Male,Undergraduate,Married,"$50,000<Income<=$100,000",Black,Donated,90,2,2,1,2,2,2
3735,40<=Age<=49,Female,Undergraduate,Married,"Income<=$50,000",Asian,Not Donated,0,3,1,1,2,1,1
3736,40<=Age<=49,Male,Undergraduate,Single,"Income<=$50,000",Asian,Not Donated,0,3,2,1,1,1,1
3737,30<=Age<=39,Female,Undergraduate,Single,"Income>$100,000",White,Not Donated,0,2,1,1,1,3,5
3738,Age>=50,Female,Undergraduate,Married,"Income<=$50,000",White,Not Donated,0,4,1,1,2,1,5
3739,40<=Age<=49,Female,Undergraduate,Married,"Income>$100,000",White,Donated,125,3,1,1,2,3,5
3740,Age<=29,Male,Undergraduate,Single,"Income<=$50,000",Asian,Donated,30,1,2,1,1,1,1
3741,40<=Age<=49,Female,Graduate,Married,"Income>$100,000",White,Not Donated,0,3,1,2,2,3,5
3742,Age<=29,Female,Undergraduate,Married,"Income<=$50,000",White,Not Donated,0,1,1,1,2,1,5
3743,Age>=50,Male,Undergraduate,Married,"Income>$100,000",White,Donated,180,4,2,1,2,3,5
3744,40<=Age<=49,Male,Undergraduate,Single,"Income>$100,000",Black,Donated,135,3,2,1,1,3,2
3745,40<=Age<=49,Male,Undergraduate,Single,"Income<=$50,000",White,Donated,80,3,2,1,1,1,5
3746,Age<=29,Male,Undergraduate,Married,"Income<=$50,000",Asian,Not Donated,0,1,2,1,2,1,1
3747,Age<=29,Female,Undergraduate,Single,"Income<=$50,000",White,Donated,25,1,1,1,1,1,5
3748,30<=Age<=39,Male,Undergraduate,Married,"Income>$100,000",White,Not Donated,0,2,2,1,2,3,5
3749,30<=Age<=39,Female,Undergraduate,Married,"$50,000<Income<=$100,000",White,Not Donated,0,2,1,1,2,2,5
3750,Age>=50,Female,Undergraduate,Single,"$50,000<Income<=$100,000",White,Donated,105,4,1,1,1,2,5
3751,30<=Age<=39,Female,Undergraduate,Married,"$50,000<Income<=$100,000",Black,Not Donated,0,2,1,1,2,2,2
3752,30<=Age<=39,Male,Undergraduate,Married,"$50,000<Income<=$100,000",White,Not Donated,0,2,2,1,2,2,5
3753,Age>=50,Female,Graduate,Single,"Income<=$50,000",White,Not Donated,0,4,1,2,1,1,5
3754,40<=Age<=49,Female,Undergraduate,Single,"$50,000<Income<=$100,000",Hispanic,Not Donated,0,3,1,1,1,2,3
3755,Age<=29,Female,Undergraduate,Married,"Income<=$50,000",White,Not Donated,0,1,1,1,2,1,5
3756,Age<=29,Male,Graduate,Married,"$50,000<Income<=$100,000",White,Not Donated,0,1,2,2,2,2,5
3757,Age>=50,Female,Undergraduate,Single,"$50,000<Income<=$100,000",White,Not Donated,0,4,1,1,1,2,5
3758,Age<=29,Male,Undergraduate,Married,"Income<=$50,000",Hispanic,Not Donated,0,1,2,1,2,1,3
3759,40<=Age<=49,Female,Undergraduate,Single,"Income<=$50,000",White,Not Donated,0,3,1,1,1,1,5
3760,Age>=50,Male,Undergraduate,Single,"$50,000<Income<=$100,000",Black,Not Donated,0,4,2,1,1,2,2
3761,40<=Age<=49,Female,Undergraduate,Married,"Income>$100,000",Black,Not Donated,0,3,1,1,2,3,2
3762,Age<=29,Male,Undergraduate,Single,"Income<=$50,000",White,Not Donated,0,1,2,1,1,1,5
3763,30<=Age<=39,Male,Graduate,Single,"$50,000<Income<=$100,000",Hispanic,Not Donated,0,2,2,2,1,2,3
3764,Age>=50,Female,Undergraduate,Married,"Income<=$50,000",White,Not Donated,0,4,1,1,2,1,5
3765,Age<=29,Female,Undergraduate,Single,"Income<=$50,000",White,Not Donated,0,1,1,1,1,1,5
3766,Age<=29,Male,Undergraduate,Single,"$50,000<Income<=$100,000",Hispanic,Not Donated,0,1,2,1,1,2,3
3767,30<=Age<=39,Female,Undergraduate,Married,"$50,000<Income<=$100,000",Hispanic,Donated,80,2,1,1,2,2,3
3768,30<=Age<=39,Female,Graduate,Married,"Income<=$50,000",White,Donated,75,2,1,2,2,1,5
3769,Age<=29,Male,Undergraduate,Married,"Income>$100,000",White,Donated,75,1,2,1,2,3,5
3770,30<=Age<=39,Male,Undergraduate,Single,"Income<=$50,000",White,Not Donated,0,2,2,1,1,1,5
3771,30<=Age<=39,Male,Undergraduate,Married,"Income<=$50,000",White,Not Donated,0,2,2,1,2,1,5
3772,30<=Age<=39,Male,Undergraduate,Married,"Income<=$50,000",White,Not Donated,0,2,2,1,2,1,5
3773,30<=Age<=39,Male,Undergraduate,Married,"Income<=$50,000",Black,Not Donated,0,2,2,1,2,1,2
3774,Age<=29,Female,Undergraduate,Single,"Income<=$50,000",White,Not Donated,0,1,1,1,1,1,5
3775,30<=Age<=39,Male,Undergraduate,Married,"$50,000<Income<=$100,000",Black,Donated,80,2,2,1,2,2,2
3776,30<=Age<=39,Male,Undergraduate,Married,"Income<=$50,000",White,Not Donated,0,2,2,1,2,1,5
3777,40<=Age<=49,Female,Undergraduate,Single,"$50,000<Income<=$100,000",White,Not Donated,0,3,1,1,1,2,5
3778,30<=Age<=39,Male,Undergraduate,Single,"Income<=$50,000",White,Donated,40,2,2,1,1,1,5
3779,Age<=29,Male,Undergraduate,Single,"Income<=$50,000",White,Donated,35,1,2,1,1,1,5
3780,30<=Age<=39,Male,Undergraduate,Single,"Income>$100,000",White,Not Donated,0,2,2,1,1,3,5
3781,40<=Age<=49,Male,Undergraduate,Married,"$50,000<Income<=$100,000",Other,Not Donated,0,3,2,1,2,2,4
3782,40<=Age<=49,Male,Undergraduate,Single,"Income<=$50,000",Black,Not Donated,0,3,2,1,1,1,2
3783,Age<=29,Male,Undergraduate,Single,"Income<=$50,000",Asian,Not Donated,0,1,2,1,1,1,1
3784,Age>=50,Male,Undergraduate,Married,"Income>$100,000",White,Not Donated,0,4,2,1,2,3,5
3785,Age>=50,Male,Undergraduate,Single,"Income<=$50,000",White,Not Donated,0,4,2,1,1,1,5
3786,40<=Age<=49,Male,Undergraduate,Married,"$50,000<Income<=$100,000",Asian,Not Donated,0,3,2,1,2,2,1
3787,Age<=29,Female,Undergraduate,Married,"Income<=$50,000",White,Donated,55,1,1,1,2,1,5
3788,Age>=50,Female,Undergraduate,Married,"Income<=$50,000",White,Not Donated,0,4,1,1,2,1,5
3789,30<=Age<=39,Female,Undergraduate,Single,"$50,000<Income<=$100,000",Hispanic,Donated,90,2,1,1,1,2,3
3790,Age<=29,Female,Graduate,Married,"$50,000<Income<=$100,000",White,Donated,75,1,1,2,2,2,5
3791,30<=Age<=39,Male,Graduate,Married,"$50,000<Income<=$100,000",White,Not Donated,0,2,2,2,2,2,5
3792,30<=Age<=39,Female,Undergraduate,Married,"Income>$100,000",White,Donated,120,2,1,1,2,3,5
3793,Age<=29,Male,Undergraduate,Married,"Income<=$50,000",White,Not Donated,0,1,2,1,2,1,5
3794,Age>=50,Male,Undergraduate,Married,"Income>$100,000",White,Donated,160,4,2,1,2,3,5
3795,Age<=29,Female,Undergraduate,Married,"Income<=$50,000",Black,Not Donated,0,1,1,1,2,1,2
3796,40<=Age<=49,Male,Undergraduate,Married,"Income>$100,000",Hispanic,Donated,125,3,2,1,2,3,3
3797,30<=Age<=39,Male,Undergraduate,Married,"$50,000<Income<=$100,000",White,Not Donated,0,2,2,1,2,2,5
3798,Age<=29,Male,Undergraduate,Married,"Income<=$50,000",Hispanic,Not Donated,0,1,2,1,2,1,3
3799,40<=Age<=49,Female,Undergraduate,Married,"Income<=$50,000",Black,Not Donated,0,3,1,1,2,1,2
3800,40<=Age<=49,Male,Undergraduate,Married,"$50,000<Income<=$100,000",Black,Donated,105,3,2,1,2,2,2
3801,40<=Age<=49,Male,Undergraduate,Married,"Income<=$50,000",White,Not Donated,0,3,2,1,2,1,5
3802,Age<=29,Male,Undergraduate,Married,"Income>$100,000",Asian,Not Donated,0,1,2,1,2,3,1
3803,Age>=50,Male,Undergraduate,Married,"Income<=$50,000",White,Not Donated,0,4,2,1,2,1,5
3804,40<=Age<=49,Female,Undergraduate,Married,"$50,000<Income<=$100,000",Hispanic,Not Donated,0,3,1,1,2,2,3
3805,Age>=50,Female,Undergraduate,Married,"$50,000<Income<=$100,000",White,Not Donated,0,4,1,1,2,2,5
3806,Age<=29,Female,Graduate,Married,"Income<=$50,000",White,Not Donated,0,1,1,2,2,1,5
3807,Age>=50,Male,Graduate,Married,"$50,000<Income<=$100,000",Black,Not Donated,0,4,2,2,2,2,2
3808,Age<=29,Male,Undergraduate,Married,"$50,000<Income<=$100,000",White,Donated,60,1,2,1,2,2,5
3809,30<=Age<=39,Female,Undergraduate,Single,"Income<=$50,000",White,Donated,45,2,1,1,1,1,5
3810,30<=Age<=39,Female,Undergraduate,Single,"Income<=$50,000",Hispanic,Not Donated,0,2,1,1,1,1,3
3811,40<=Age<=49,Male,Undergraduate,Single,"Income<=$50,000",White,Not Donated,0,3,2,1,1,1,5
3812,30<=Age<=39,Male,Undergraduate,Married,"$50,000<Income<=$100,000",White,Not Donated,0,2,2,1,2,2,5
3813,30<=Age<=39,Female,Undergraduate,Married,"Income<=$50,000",White,Not Donated,0,2,1,1,2,1,5
3814,Age<=29,Female,Undergraduate,Married,"Income<=$50,000",Hispanic,Not Donated,0,1,1,1,2,1,3
3815,30<=Age<=39,Female,Undergraduate,Married,"Income<=$50,000",White,Not Donated,0,2,1,1,2,1,5
3816,30<=Age<=39,Female,Undergraduate,Married,"$50,000<Income<=$100,000",Black,Donated,100,2,1,1,2,2,2
3817,Age>=50,Male,Undergraduate,Married,"Income>$100,000",White,Not Donated,0,4,2,1,2,3,5
3818,Age<=29,Male,Undergraduate,Single,"Income<=$50,000",White,Not Donated,0,1,2,1,1,1,5
3819,30<=Age<=39,Male,Undergraduate,Married,"Income>$100,000",Black,Not Donated,0,2,2,1,2,3,2
3820,30<=Age<=39,Male,Undergraduate,Married,"$50,000<Income<=$100,000",White,Not Donated,0,2,2,1,2,2,5
3821,30<=Age<=39,Female,Undergraduate,Married,"Income<=$50,000",White,Donated,40,2,1,1,2,1,5
3822,30<=Age<=39,Male,Undergraduate,Married,"$50,000<Income<=$100,000",White,Not Donated,0,2,2,1,2,2,5
3823,Age>=50,Female,Undergraduate,Single,"Income<=$50,000",Asian,Not Donated,0,4,1,1,1,1,1
3824,Age>=50,Male,Undergraduate,Married,"Income<=$50,000",White,Not Donated,0,4,2,1,2,1,5
3825,30<=Age<=39,Male,Undergraduate,Married,"Income<=$50,000",White,Donated,65,2,2,1,2,1,5
3826,30<=Age<=39,Female,Undergraduate,Married,"Income<=$50,000",White,Not Donated,0,2,1,1,2,1,5
3827,Age>=50,Female,Undergraduate,Married,"$50,000<Income<=$100,000",Asian,Not Donated,0,4,1,1,2,2,1
3828,30<=Age<=39,Female,Undergraduate,Single,"Income<=$50,000",White,Not Donated,0,2,1,1,1,1,5
3829,Age>=50,Male,Undergraduate,Married,"Income>$100,000",Black,Donated,145,4,2,1,2,3,2
3830,30<=Age<=39,Female,Undergraduate,Married,"Income>$100,000",White,Donated,135,2,1,1,2,3,5
3831,40<=Age<=49,Male,Undergraduate,Married,"$50,000<Income<=$100,000",Black,Not Donated,0,3,2,1,2,2,2
3832,30<=Age<=39,Male,Undergraduate,Married,"Income<=$50,000",Other,Donated,70,2,2,1,2,1,4
3833,30<=Age<=39,Female,Undergraduate,Married,"Income>$100,000",White,Not Donated,0,2,1,1,2,3,5
3834,40<=Age<=49,Female,Undergraduate,Single,"Income<=$50,000",White,Donated,65,3,1,1,1,1,5
3835,40<=Age<=49,Female,Undergraduate,Married,"$50,000<Income<=$100,000",Asian,Not Donated,0,3,1,1,2,2,1
3836,40<=Age<=49,Male,Undergraduate,Married,"$50,000<Income<=$100,000",Asian,Not Donated,0,3,2,1,2,2,1
3837,30<=Age<=39,Male,Undergraduate,Married,"Income>$100,000",White,Not Donated,0,2,2,1,2,3,5
3838,Age<=29,Female,Graduate,Married,"Income>$100,000",White,Donated,85,1,1,2,2,3,5
3839,Age<=29,Male,Undergraduate,Married,"$50,000<Income<=$100,000",Hispanic,Not Donated,0,1,2,1,2,2,3
3840,40<=Age<=49,Female,Undergraduate,Single,"Income<=$50,000",Other,Not Donated,0,3,1,1,1,1,4
3841,Age>=50,Male,Undergraduate,Single,"$50,000<Income<=$100,000",White,Not Donated,0,4,2,1,1,2,5
3842,30<=Age<=39,Male,Undergraduate,Single,"Income<=$50,000",White,Not Donated,0,2,2,1,1,1,5
3843,30<=Age<=39,Male,Undergraduate,Married,"Income<=$50,000",White,Not Donated,0,2,2,1,2,1,5
3844,40<=Age<=49,Male,Undergraduate,Married,"Income<=$50,000",Black,Not Donated,0,3,2,1,2,1,2
3845,30<=Age<=39,Male,Undergraduate,Married,"Income>$100,000",Asian,Not Donated,0,2,2,1,2,3,1
3846,Age<=29,Female,Undergraduate,Single,"Income<=$50,000",White,Not Donated,0,1,1,1,1,1,5
3847,30<=Age<=39,Female,Undergraduate,Single,"Income<=$50,000",Black,Donated,50,2,1,1,1,1,2
3848,30<=Age<=39,Male,Undergraduate,Married,"$50,000<Income<=$100,000",White,Not Donated,0,2,2,1,2,2,5
3849,30<=Age<=39,Male,Undergraduate,Single,"Income<=$50,000",Black,Donated,40,2,2,1,1,1,2
3850,30<=Age<=39,Female,Undergraduate,Married,"$50,000<Income<=$100,000",Hispanic,Not Donated,0,2,1,1,2,2,3
3851,40<=Age<=49,Male,Undergraduate,Married,"Income<=$50,000",White,Not Donated,0,3,2,1,2,1,5
3852,30<=Age<=39,Male,Undergraduate,Married,"Income<=$50,000",White,Not Donated,0,2,2,1,2,1,5
3853,30<=Age<=39,Male,Undergraduate,Married,"$50,000<Income<=$100,000",White,Not Donated,0,2,2,1,2,2,5
3854,Age<=29,Male,Undergraduate,Married,"$50,000<Income<=$100,000",Other,Not Donated,0,1,2,1,2,2,4
3855,Age>=50,Male,Graduate,Single,"Income<=$50,000",White,Not Donated,0,4,2,2,1,1,5
3856,40<=Age<=49,Male,Undergraduate,Married,"Income<=$50,000",Asian,Not Donated,0,3,2,1,2,1,1
3857,Age<=29,Male,Undergraduate,Single,"$50,000<Income<=$100,000",White,Not Donated,0,1,2,1,1,2,5
3858,40<=Age<=49,Female,Undergraduate,Single,"$50,000<Income<=$100,000",White,Not Donated,0,3,1,1,1,2,5
3859,40<=Age<=49,Male,Undergraduate,Single,"$50,000<Income<=$100,000",White,Donated,100,3,2,1,1,2,5
3860,Age<=29,Female,Undergraduate,Single,"Income>$100,000",White,Not Donated,0,1,1,1,1,3,5
3861,Age>=50,Female,Undergraduate,Single,"Income<=$50,000",White,Not Donated,0,4,1,1,1,1,5
3862,Age<=29,Female,Undergraduate,Married,"$50,000<Income<=$100,000",White,Donated,60,1,1,1,2,2,5
3863,Age<=29,Female,Undergraduate,Married,"Income>$100,000",Other,Not Donated,0,1,1,1,2,3,4
3864,Age>=50,Female,Undergraduate,Married,"$50,000<Income<=$100,000",White,Donated,125,4,1,1,2,2,5
3865,Age<=29,Female,Undergraduate,Single,"Income>$100,000",White,Donated,60,1,1,1,1,3,5
3866,Age<=29,Male,Undergraduate,Married,"Income<=$50,000",White,Not Donated,0,1,2,1,2,1,5
3867,30<=Age<=39,Female,Graduate,Single,"$50,000<Income<=$100,000",Black,Not Donated,0,2,1,2,1,2,2
3868,30<=Age<=39,Male,Graduate,Married,"$50,000<Income<=$100,000",White,Donated,80,2,2,2,2,2,5
3869,40<=Age<=49,Female,Undergraduate,Married,"Income<=$50,000",White,Donated,75,3,1,1,2,1,5
3870,Age>=50,Female,Undergraduate,Married,"$50,000<Income<=$100,000",White,Donated,125,4,1,1,2,2,5
3871,30<=Age<=39,Female,Undergraduate,Single,"Income<=$50,000",White,Not Donated,0,2,1,1,1,1,5
3872,Age<=29,Female,Undergraduate,Single,"$50,000<Income<=$100,000",White,Donated,40,1,1,1,1,2,5
3873,Age>=50,Female,Graduate,Married,"Income<=$50,000",White,Not Donated,0,4,1,2,2,1,5
3874,Age<=29,Male,Undergraduate,Married,"Income<=$50,000",White,Not Donated,0,1,2,1,2,1,5
3875,30<=Age<=39,Male,Graduate,Single,"Income<=$50,000",White,Donated,60,2,2,2,1,1,5
3876,Age<=29,Male,Undergraduate,Single,"Income<=$50,000",White,Not Donated,0,1,2,1,1,1,5
3877,Age<=29,Male,Undergraduate,Married,"Income<=$50,000",White,Not Donated,0,1,2,1,2,1,5
3878,Age<=29,Female,Undergraduate,Married,"Income<=$50,000",White,Donated,30,1,1,1,2,1,5
3879,30<=Age<=39,Male,Undergraduate,Married,"Income<=$50,000",White,Not Donated,0,2,2,1,2,1,5
3880,Age<=29,Male,Undergraduate,Married,"Income>$100,000",Hispanic,Donated,100,1,2,1,2,3,3
3881,Age<=29,Male,Graduate,Married,"$50,000<Income<=$100,000",White,Not Donated,0,1,2,2,2,2,5
3882,Age<=29,Male,Undergraduate,Single,"$50,000<Income<=$100,000",White,Donated,50,1,2,1,1,2,5
3883,30<=Age<=39,Female,Undergraduate,Single,"$50,000<Income<=$100,000",White,Donated,75,2,1,1,1,2,5
3884,Age<=29,Male,Graduate,Single,"Income>$100,000",White,Not Donated,0,1,2,2,1,3,5
3885,Age<=29,Male,Undergraduate,Married,"$50,000<Income<=$100,000",White,Donated,50,1,2,1,2,2,5
3886,40<=Age<=49,Female,Undergraduate,Single,"Income>$100,000",White,Donated,115,3,1,1,1,3,5
3887,30<=Age<=39,Male,Undergraduate,Single,"$50,000<Income<=$100,000",Hispanic,Not Donated,0,2,2,1,1,2,3
3888,Age<=29,Male,Undergraduate,Married,"Income>$100,000",Asian,Not Donated,0,1,2,1,2,3,1
3889,Age<=29,Female,Undergraduate,Single,"Income>$100,000",White,Not Donated,0,1,1,1,1,3,5
3890,30<=Age<=39,Male,Graduate,Married,"Income<=$50,000",White,Donated,75,2,2,2,2,1,5
3891,30<=Age<=39,Female,Undergraduate,Married,"Income<=$50,000",White,Not Donated,0,2,1,1,2,1,5
3892,30<=Age<=39,Female,Undergraduate,Single,"Income>$100,000",White,Donated,100,2,1,1,1,3,5
3893,30<=Age<=39,Male,Undergraduate,Married,"Income<=$50,000",White,Donated,65,2,2,1,2,1,5
3894,Age>=50,Female,Undergraduate,Single,"$50,000<Income<=$100,000",Black,Donated,115,4,1,1,1,2,2
3895,40<=Age<=49,Male,Undergraduate,Single,"Income<=$50,000",White,Not Donated,0,3,2,1,1,1,5
3896,40<=Age<=49,Male,Undergraduate,Married,"Income>$100,000",White,Not Donated,0,3,2,1,2,3,5
3897,Age<=29,Male,Undergraduate,Married,"Income<=$50,000",Black,Not Donated,0,1,2,1,2,1,2
3898,Age<=29,Female,Undergraduate,Married,"$50,000<Income<=$100,000",White,Donated,45,1,1,1,2,2,5
3899,40<=Age<=49,Male,Graduate,Single,"$50,000<Income<=$100,000",White,Not Donated,0,3,2,2,1,2,5
3900,Age<=29,Female,Undergraduate,Married,"Income>$100,000",White,Not Donated,0,1,1,1,2,3,5
3901,40<=Age<=49,Male,Undergraduate,Single,"Income<=$50,000",Asian,Not Donated,0,3,2,1,1,1,1
3902,40<=Age<=49,Female,Undergraduate,Single,"$50,000<Income<=$100,000",Other,Not Donated,0,3,1,1,1,2,4
3903,Age>=50,Male,Graduate,Married,"$50,000<Income<=$100,000",Black,Not Donated,0,4,2,2,2,2,2
3904,Age<=29,Female,Undergraduate,Married,"$50,000<Income<=$100,000",White,Donated,50,1,1,1,2,2,5
3905,30<=Age<=39,Male,Graduate,Married,"Income<=$50,000",Asian,Not Donated,0,2,2,2,2,1,1
3906,30<=Age<=39,Male,Undergraduate,Married,"$50,000<Income<=$100,000",White,Not Donated,0,2,2,1,2,2,5
3907,30<=Age<=39,Male,Undergraduate,Married,"Income<=$50,000",Asian,Not Donated,0,2,2,1,2,1,1
3908,Age>=50,Female,Undergraduate,Married,"Income>$100,000",Asian,Not Donated,0,4,1,1,2,3,1
3909,40<=Age<=49,Female,Undergraduate,Married,"Income<=$50,000",White,Donated,80,3,1,1,2,1,5
3910,Age<=29,Female,Undergraduate,Married,"$50,000<Income<=$100,000",White,Not Donated,0,1,1,1,2,2,5
3911,40<=Age<=49,Female,Undergraduate,Married,"Income<=$50,000",White,Donated,80,3,1,1,2,1,5
3912,40<=Age<=49,Female,Undergraduate,Married,"$50,000<Income<=$100,000",White,Not Donated,0,3,1,1,2,2,5
3913,Age>=50,Male,Undergraduate,Married,"$50,000<Income<=$100,000",White,Not Donated,0,4,2,1,2,2,5
3914,Age<=29,Female,Undergraduate,Married,"Income<=$50,000",White,Not Donated,0,1,1,1,2,1,5
3915,40<=Age<=49,Male,Undergraduate,Married,"Income<=$50,000",White,Not Donated,0,3,2,1,2,1,5
3916,40<=Age<=49,Male,Undergraduate,Married,"Income<=$50,000",White,Not Donated,0,3,2,1,2,1,5
3917,Age<=29,Female,Undergraduate,Married,"Income<=$50,000",Asian,Donated,50,1,1,1,2,1,1
3918,Age<=29,Male,Undergraduate,Married,"$50,000<Income<=$100,000",White,Donated,65,1,2,1,2,2,5
3919,Age<=29,Female,Undergraduate,Married,"Income<=$50,000",Black,Not Donated,0,1,1,1,2,1,2
3920,40<=Age<=49,Male,Undergraduate,Single,"Income<=$50,000",White,Donated,60,3,2,1,1,1,5
3921,Age>=50,Female,Undergraduate,Married,"Income>$100,000",White,Not Donated,0,4,1,1,2,3,5
3922,Age>=50,Male,Undergraduate,Single,"Income<=$50,000",Hispanic,Not Donated,0,4,2,1,1,1,3
3923,30<=Age<=39,Male,Undergraduate,Single,"Income<=$50,000",White,Not Donated,0,2,2,1,1,1,5
3924,Age<=29,Female,Undergraduate,Married,"Income<=$50,000",White,Donated,35,1,1,1,2,1,5
3925,40<=Age<=49,Male,Undergraduate,Married,"Income<=$50,000",White,Not Donated,0,3,2,1,2,1,5
3926,Age<=29,Female,Undergraduate,Married,"Income<=$50,000",Other,Not Donated,0,1,1,1,2,1,4
3927,40<=Age<=49,Male,Undergraduate,Single,"Income<=$50,000",Asian,Not Donated,0,3,2,1,1,1,1
3928,Age<=29,Female,Undergraduate,Single,"Income<=$50,000",Hispanic,Not Donated,0,1,1,1,1,1,3
3929,30<=Age<=39,Female,Undergraduate,Single,"$50,000<Income<=$100,000",Hispanic,Not Donated,0,2,1,1,1,2,3
3930,30<=Age<=39,Female,Undergraduate,Single,"Income<=$50,000",Black,Donated,50,2,1,1,1,1,2
3931,40<=Age<=49,Female,Graduate,Married,"$50,000<Income<=$100,000",Asian,Donated,105,3,1,2,2,2,1
3932,40<=Age<=49,Male,Undergraduate,Single,"$50,000<Income<=$100,000",White,Donated,90,3,2,1,1,2,5
3933,40<=Age<=49,Male,Undergraduate,Single,"Income<=$50,000",White,Donated,65,3,2,1,1,1,5
3934,40<=Age<=49,Male,Undergraduate,Married,"$50,000<Income<=$100,000",Hispanic,Not Donated,0,3,2,1,2,2,3
3935,Age<=29,Male,Undergraduate,Married,"$50,000<Income<=$100,000",Black,Donated,55,1,2,1,2,2,2
3936,30<=Age<=39,Male,Graduate,Single,"$50,000<Income<=$100,000",White,Not Donated,0,2,2,2,1,2,5
3937,40<=Age<=49,Male,Undergraduate,Single,"Income>$100,000",White,Not Donated,0,3,2,1,1,3,5
3938,Age<=29,Female,Undergraduate,Single,"Income>$100,000",White,Not Donated,0,1,1,1,1,3,5
3939,Age>=50,Male,Undergraduate,Married,"Income<=$50,000",Black,Donated,100,4,2,1,2,1,2
3940,30<=Age<=39,Male,Undergraduate,Married,"Income<=$50,000",Black,Not Donated,0,2,2,1,2,1,2
3941,40<=Age<=49,Female,Undergraduate,Single,"Income<=$50,000",White,Not Donated,0,3,1,1,1,1,5
3942,Age<=29,Female,Undergraduate,Married,"Income<=$50,000",White,Donated,40,1,1,1,2,1,5
3943,40<=Age<=49,Female,Undergraduate,Married,"$50,000<Income<=$100,000",White,Donated,115,3,1,1,2,2,5
3944,40<=Age<=49,Female,Undergraduate,Single,"Income<=$50,000",White,Not Donated,0,3,1,1,1,1,5
3945,40<=Age<=49,Female,Undergraduate,Married,"Income<=$50,000",Hispanic,Not Donated,0,3,1,1,2,1,3
3946,30<=Age<=39,Male,Undergraduate,Married,"Income>$100,000",White,Not Donated,0,2,2,1,2,3,5
3947,30<=Age<=39,Female,Undergraduate,Married,"$50,000<Income<=$100,000",White,Donated,95,2,1,1,2,2,5
3948,30<=Age<=39,Male,Undergraduate,Married,"Income<=$50,000",White,Not Donated,0,2,2,1,2,1,5
3949,Age<=29,Female,Undergraduate,Married,"Income<=$50,000",White,Donated,30,1,1,1,2,1,5
3950,30<=Age<=39,Male,Graduate,Married,"Income<=$50,000",Hispanic,Donated,60,2,2,2,2,1,3
3951,Age<=29,Male,Undergraduate,Married,"Income<=$50,000",Hispanic,Donated,45,1,2,1,2,1,3
3952,40<=Age<=49,Male,Undergraduate,Married,"Income<=$50,000",Black,Not Donated,0,3,2,1,2,1,2
3953,Age>=50,Female,Graduate,Married,"Income>$100,000",White,Not Donated,0,4,1,2,2,3,5
3954,Age<=29,Female,Undergraduate,Married,"Income<=$50,000",White,Not Donated,0,1,1,1,2,1,5
3955,30<=Age<=39,Male,Undergraduate,Married,"Income>$100,000",White,Donated,130,2,2,1,2,3,5
3956,40<=Age<=49,Female,Undergraduate,Single,"$50,000<Income<=$100,000",White,Not Donated,0,3,1,1,1,2,5
3957,Age<=29,Male,Undergraduate,Single,"Income<=$50,000",White,Not Donated,0,1,2,1,1,1,5
3958,30<=Age<=39,Male,Undergraduate,Married,"$50,000<Income<=$100,000",Black,Not Donated,0,2,2,1,2,2,2
3959,40<=Age<=49,Male,Undergraduate,Married,"Income<=$50,000",White,Not Donated,0,3,2,1,2,1,5
3960,Age<=29,Female,Undergraduate,Married,"Income<=$50,000",Hispanic,Not Donated,0,1,1,1,2,1,3
3961,Age<=29,Male,Undergraduate,Single,"Income<=$50,000",Black,Not Donated,0,1,2,1,1,1,2
3962,Age>=50,Male,Undergraduate,Single,"$50,000<Income<=$100,000",White,Donated,95,4,2,1,1,2,5
3963,Age>=50,Male,Undergraduate,Married,"Income<=$50,000",Hispanic,Not Donated,0,4,2,1,2,1,3
3964,30<=Age<=39,Male,Undergraduate,Married,"$50,000<Income<=$100,000",White,Not Donated,0,2,2,1,2,2,5
3965,Age<=29,Female,Undergraduate,Married,"$50,000<Income<=$100,000",White,Not Donated,0,1,1,1,2,2,5
3966,30<=Age<=39,Male,Undergraduate,Single,"Income<=$50,000",Black,Donated,60,2,2,1,1,1,2
3967,Age<=29,Male,Undergraduate,Married,"$50,000<Income<=$100,000",White,Not Donated,0,1,2,1,2,2,5
3968,40<=Age<=49,Female,Undergraduate,Single,"Income<=$50,000",White,Not Donated,0,3,1,1,1,1,5
3969,40<=Age<=49,Female,Graduate,Single,"$50,000<Income<=$100,000",Black,Donated,110,3,1,2,1,2,2
3970,30<=Age<=39,Female,Undergraduate,Single,"Income<=$50,000",White,Not Donated,0,2,1,1,1,1,5
3971,Age<=29,Male,Undergraduate,Single,"$50,000<Income<=$100,000",Asian,Donated,35,1,2,1,1,2,1
3972,40<=Age<=49,Female,Undergraduate,Single,"Income>$100,000",Asian,Not Donated,0,3,1,1,1,3,1
3973,Age<=29,Male,Undergraduate,Single,"$50,000<Income<=$100,000",Asian,Not Donated,0,1,2,1,1,2,1
3974,Age>=50,Male,Undergraduate,Married,"$50,000<Income<=$100,000",White,Not Donated,0,4,2,1,2,2,5
3975,Age>=50,Male,Undergraduate,Single,"Income<=$50,000",Asian,Not Donated,0,4,2,1,1,1,1
3976,40<=Age<=49,Female,Undergraduate,Married,"Income<=$50,000",White,Not Donated,0,3,1,1,2,1,5
3977,40<=Age<=49,Female,Undergraduate,Married,"$50,000<Income<=$100,000",White,Donated,105,3,1,1,2,2,5
3978,Age>=50,Female,Undergraduate,Single,"Income>$100,000",White,Donated,120,4,1,1,1,3,5
3979,Age>=50,Male,Undergraduate,Married,"Income>$100,000",White,Donated,140,4,2,1,2,3,5
3980,Age>=50,Female,Undergraduate,Single,"Income<=$50,000",White,Not Donated,0,4,1,1,1,1,5
3981,30<=Age<=39,Male,Undergraduate,Married,"$50,000<Income<=$100,000",Asian,Donated,90,2,2,1,2,2,1
3982,40<=Age<=49,Male,Undergraduate,Married,"Income<=$50,000",White,Not Donated,0,3,2,1,2,1,5
3983,Age<=29,Male,Undergraduate,Married,"Income<=$50,000",White,Donated,20,1,2,1,2,1,5
3984,Age<=29,Female,Undergraduate,Single,"Income<=$50,000",White,Donated,20,1,1,1,1,1,5
3985,40<=Age<=49,Male,Graduate,Single,"Income<=$50,000",White,Not Donated,0,3,2,2,1,1,5
3986,Age<=29,Female,Undergraduate,Married,"Income<=$50,000",Asian,Donated,40,1,1,1,2,1,1
3987,30<=Age<=39,Male,Undergraduate,Single,"Income>$100,000",Black,Not Donated,0,2,2,1,1,3,2
3988,30<=Age<=39,Male,Undergraduate,Married,"Income<=$50,000",White,Donated,50,2,2,1,2,1,5
3989,40<=Age<=49,Male,Undergraduate,Single,"Income>$100,000",Hispanic,Donated,125,3,2,1,1,3,3
3990,Age<=29,Female,Undergraduate,Married,"Income<=$50,000",Black,Not Donated,0,1,1,1,2,1,2
3991,30<=Age<=39,Female,Undergraduate,Married,"$50,000<Income<=$100,000",White,Not Donated,0,2,1,1,2,2,5
3992,40<=Age<=49,Male,Undergraduate,Married,"Income<=$50,000",Black,Not Donated,0,3,2,1,2,1,2
3993,Age<=29,Male,Undergraduate,Single,"Income<=$50,000",White,Not Donated,0,1,2,1,1,1,5
3994,30<=Age<=39,Female,Undergraduate,Single,"$50,000<Income<=$100,000",White,Not Donated,0,2,1,1,1,2,5
3995,Age>=50,Male,Graduate,Married,"$50,000<Income<=$100,000",White,Not Donated,0,4,2,2,2,2,5
3996,Age<=29,Male,Undergraduate,Married,"Income<=$50,000",Other,Not Donated,0,1,2,1,2,1,4
3997,40<=Age<=49,Female,Undergraduate,Married,"Income<=$50,000",White,Not Donated,0,3,1,1,2,1,5
3998,30<=Age<=39,Male,Undergraduate,Single,"Income<=$50,000",Asian,Not Donated,0,2,2,1,1,1,1
3999,30<=Age<=39,Male,Graduate,Single,"$50,000<Income<=$100,000",White,Not Donated,0,2,2,2,1,2,5
4000,40<=Age<=49,Male,Undergraduate,Single,"$50,000<Income<=$100,000",White,Not Donated,0,3,2,1,1,2,5
4001,30<=Age<=39,Male,Undergraduate,Single,"Income>$100,000",Asian,Not Donated,0,2,2,1,1,3,1
4002,30<=Age<=39,Female,Undergraduate,Married,"$50,000<Income<=$100,000",Hispanic,Donated,60,2,1,1,2,2,3
4003,Age>=50,Female,Undergraduate,Married,"Income>$100,000",Other,Not Donated,0,4,1,1,2,3,4
4004,Age<=29,Male,Undergraduate,Single,"$50,000<Income<=$100,000",White,Donated,45,1,2,1,1,2,5
4005,30<=Age<=39,Male,Undergraduate,Married,"Income<=$50,000",White,Not Donated,0,2,2,1,2,1,5
4006,30<=Age<=39,Male,Undergraduate,Single,"Income<=$50,000",Asian,Not Donated,0,2,2,1,1,1,1
4007,40<=Age<=49,Female,Undergraduate,Married,"Income<=$50,000",White,Not Donated,0,3,1,1,2,1,5
4008,30<=Age<=39,Male,Undergraduate,Married,"Income>$100,000",White,Not Donated,0,2,2,1,2,3,5
4009,30<=Age<=39,Female,Undergraduate,Married,"$50,000<Income<=$100,000",White,Not Donated,0,2,1,1,2,2,5
4010,30<=Age<=39,Female,Graduate,Married,"$50,000<Income<=$100,000",White,Not Donated,0,2,1,2,2,2,5
4011,40<=Age<=49,Male,Graduate,Single,"$50,000<Income<=$100,000",Black,Donated,100,3,2,2,1,2,2
4012,Age<=29,Female,Undergraduate,Single,"Income>$100,000",White,Donated,65,1,1,1,1,3,5
4013,Age>=50,Male,Undergraduate,Married,"Income<=$50,000",Hispanic,Not Donated,0,4,2,1,2,1,3
4014,Age>=50,Female,Undergraduate,Single,"Income<=$50,000",White,Not Donated,0,4,1,1,1,1,5
4015,Age<=29,Female,Undergraduate,Single,"Income>$100,000",Black,Donated,70,1,1,1,1,3,2
4016,Age<=29,Female,Undergraduate,Married,"Income>$100,000",White,Not Donated,0,1,1,1,2,3,5
4017,30<=Age<=39,Male,Undergraduate,Single,"Income<=$50,000",Hispanic,Not Donated,0,2,2,1,1,1,3
4018,30<=Age<=39,Male,Undergraduate,Single,"$50,000<Income<=$100,000",White,Donated,65,2,2,1,1,2,5
4019,Age>=50,Female,Undergraduate,Single,"Income<=$50,000",White,Not Donated,0,4,1,1,1,1,5
4020,Age>=50,Female,Undergraduate,Single,"$50,000<Income<=$100,000",Asian,Donated,100,4,1,1,1,2,1
4021,Age<=29,Male,Undergraduate,Married,"Income<=$50,000",White,Not Donated,0,1,2,1,2,1,5
4022,Age<=29,Female,Undergraduate,Married,"Income<=$50,000",Asian,Not Donated,0,1,1,1,2,1,1
4023,Age<=29,Female,Undergraduate,Single,"Income<=$50,000",White,Not Donated,0,1,1,1,1,1,5
4024,40<=Age<=49,Male,Undergraduate,Married,"Income>$100,000",Hispanic,Donated,125,3,2,1,2,3,3
4025,Age<=29,Female,Undergraduate,Single,"Income<=$50,000",White,Not Donated,0,1,1,1,1,1,5
4026,40<=Age<=49,Female,Undergraduate,Single,"$50,000<Income<=$100,000",White,Not Donated,0,3,1,1,1,2,5
4027,30<=Age<=39,Male,Graduate,Married,"Income<=$50,000",Black,Not Donated,0,2,2,2,2,1,2
4028,40<=Age<=49,Female,Undergraduate,Married,"$50,000<Income<=$100,000",White,Not Donated,0,3,1,1,2,2,5
4029,Age<=29,Female,Undergraduate,Single,"Income<=$50,000",Black,Not Donated,0,1,1,1,1,1,2
4030,40<=Age<=49,Male,Undergraduate,Married,"Income<=$50,000",White,Not Donated,0,3,2,1,2,1,5
4031,30<=Age<=39,Female,Undergraduate,Single,"$50,000<Income<=$100,000",White,Donated,65,2,1,1,1,2,5
4032,40<=Age<=49,Female,Undergraduate,Single,"Income<=$50,000",White,Not Donated,0,3,1,1,1,1,5
4033,40<=Age<=49,Female,Undergraduate,Single,"Income<=$50,000",Black,Not Donated,0,3,1,1,1,1,2
4034,40<=Age<=49,Male,Graduate,Single,"Income<=$50,000",Hispanic,Not Donated,0,3,2,2,1,1,3
4035,Age<=29,Female,Undergraduate,Single,"Income<=$50,000",Hispanic,Not Donated,0,1,1,1,1,1,3
4036,40<=Age<=49,Female,Undergraduate,Married,"Income>$100,000",White,Not Donated,0,3,1,1,2,3,5
4037,40<=Age<=49,Male,Undergraduate,Married,"$50,000<Income<=$100,000",White,Donated,100,3,2,1,2,2,5
4038,Age<=29,Male,Undergraduate,Single,"Income>$100,000",Hispanic,Not Donated,0,1,2,1,1,3,3
4039,40<=Age<=49,Female,Undergraduate,Single,"Income>$100,000",Asian,Donated,110,3,1,1,1,3,1
4040,Age<=29,Male,Undergraduate,Married,"$50,000<Income<=$100,000",Asian,Donated,65,1,2,1,2,2,1
4041,40<=Age<=49,Female,Undergraduate,Single,"Income<=$50,000",White,Donated,65,3,1,1,1,1,5
4042,Age<=29,Female,Undergraduate,Married,"Income>$100,000",White,Not Donated,0,1,1,1,2,3,5
4043,40<=Age<=49,Male,Undergraduate,Married,"$50,000<Income<=$100,000",Asian,Donated,105,3,2,1,2,2,1
4044,Age>=50,Male,Graduate,Single,"$50,000<Income<=$100,000",Hispanic,Not Donated,0,4,2,2,1,2,3
4045,30<=Age<=39,Female,Undergraduate,Single,"Income<=$50,000",White,Donated,60,2,1,1,1,1,5
4046,Age<=29,Female,Undergraduate,Single,"$50,000<Income<=$100,000",White,Not Donated,0,1,1,1,1,2,5
4047,30<=Age<=39,Male,Undergraduate,Married,"Income>$100,000",Hispanic,Not Donated,0,2,2,1,2,3,3
4048,Age<=29,Male,Undergraduate,Married,"$50,000<Income<=$100,000",Asian,Not Donated,0,1,2,1,2,2,1
4049,Age<=29,Male,Undergraduate,Married,"Income<=$50,000",White,Not Donated,0,1,2,1,2,1,5
4050,Age<=29,Female,Undergraduate,Single,"Income<=$50,000",White,Not Donated,0,1,1,1,1,1,5
4051,Age>=50,Female,Undergraduate,Single,"Income>$100,000",White,Not Donated,0,4,1,1,1,3,5
4052,30<=Age<=39,Female,Undergraduate,Single,"Income<=$50,000",White,Donated,40,2,1,1,1,1,5
4053,Age<=29,Female,Undergraduate,Married,"Income<=$50,000",Hispanic,Not Donated,0,1,1,1,2,1,3
4054,Age>=50,Male,Undergraduate,Single,"$50,000<Income<=$100,000",Other,Not Donated,0,4,2,1,1,2,4
4055,30<=Age<=39,Male,Undergraduate,Married,"Income<=$50,000",Hispanic,Not Donated,0,2,2,1,2,1,3
4056,40<=Age<=49,Female,Undergraduate,Married,"Income<=$50,000",White,Not Donated,0,3,1,1,2,1,5
4057,40<=Age<=49,Male,Undergraduate,Single,"Income<=$50,000",Black,Not Donated,0,3,2,1,1,1,2
4058,40<=Age<=49,Female,Undergraduate,Single,"Income>$100,000",White,Donated,140,3,1,1,1,3,5
4059,30<=Age<=39,Female,Undergraduate,Single,"Income<=$50,000",White,Not Donated,0,2,1,1,1,1,5
4060,Age>=50,Female,Undergraduate,Single,"$50,000<Income<=$100,000",White,Not Donated,0,4,1,1,1,2,5
4061,30<=Age<=39,Male,Undergraduate,Married,"Income<=$50,000",Other,Donated,55,2,2,1,2,1,4
4062,Age>=50,Male,Undergraduate,Single,"Income<=$50,000",White,Not Donated,0,4,2,1,1,1,5
4063,30<=Age<=39,Female,Undergraduate,Single,"Income<=$50,000",Asian,Donated,55,2,1,1,1,1,1
4064,30<=Age<=39,Female,Undergraduate,Married,"$50,000<Income<=$100,000",White,Not Donated,0,2,1,1,2,2,5
4065,30<=Age<=39,Male,Undergraduate,Single,"Income>$100,000",White,Donated,95,2,2,1,1,3,5
4066,30<=Age<=39,Female,Undergraduate,Married,"$50,000<Income<=$100,000",White,Not Donated,0,2,1,1,2,2,5
4067,Age<=29,Male,Undergraduate,Married,"Income<=$50,000",White,Not Donated,0,1,2,1,2,1,5
4068,40<=Age<=49,Female,Undergraduate,Married,"Income<=$50,000",White,Donated,85,3,1,1,2,1,5
4069,30<=Age<=39,Male,Graduate,Single,"Income<=$50,000",Asian,Not Donated,0,2,2,2,1,1,1
4070,30<=Age<=39,Male,Undergraduate,Married,"$50,000<Income<=$100,000",Other,Not Donated,0,2,2,1,2,2,4
4071,40<=Age<=49,Female,Undergraduate,Single,"Income<=$50,000",Other,Donated,70,3,1,1,1,1,4
4072,30<=Age<=39,Male,Undergraduate,Married,"Income>$100,000",White,Not Donated,0,2,2,1,2,3,5
4073,30<=Age<=39,Female,Undergraduate,Married,"Income<=$50,000",White,Not Donated,0,2,1,1,2,1,5
4074,Age<=29,Male,Undergraduate,Married,"$50,000<Income<=$100,000",Black,Not Donated,0,1,2,1,2,2,2
4075,30<=Age<=39,Female,Undergraduate,Married,"$50,000<Income<=$100,000",Hispanic,Donated,75,2,1,1,2,2,3
4076,30<=Age<=39,Male,Graduate,Married,"Income<=$50,000",Black,Not Donated,0,2,2,2,2,1,2
4077,Age>=50,Female,Undergraduate,Single,"Income>$100,000",Asian,Not Donated,0,4,1,1,1,3,1
4078,40<=Age<=49,Female,Graduate,Married,"$50,000<Income<=$100,000",White,Not Donated,0,3,1,2,2,2,5
4079,30<=Age<=39,Male,Undergraduate,Married,"Income>$100,000",White,Donated,105,2,2,1,2,3,5
4080,40<=Age<=49,Male,Undergraduate,Single,"Income<=$50,000",Asian,Not Donated,0,3,2,1,1,1,1
4081,40<=Age<=49,Female,Undergraduate,Married,"Income<=$50,000",White,Donated,90,3,1,1,2,1,5
4082,Age>=50,Male,Undergraduate,Married,"Income<=$50,000",White,Not Donated,0,4,2,1,2,1,5
4083,Age>=50,Male,Undergraduate,Married,"Income<=$50,000",Hispanic,Not Donated,0,4,2,1,2,1,3
4084,30<=Age<=39,Female,Undergraduate,Single,"Income<=$50,000",White,Donated,55,2,1,1,1,1,5
4085,Age<=29,Female,Undergraduate,Married,"$50,000<Income<=$100,000",Asian,Not Donated,0,1,1,1,2,2,1
4086,Age<=29,Male,Undergraduate,Married,"Income<=$50,000",White,Donated,35,1,2,1,2,1,5
4087,40<=Age<=49,Male,Undergraduate,Married,"Income>$100,000",Asian,Donated,140,3,2,1,2,3,1
4088,30<=Age<=39,Female,Undergraduate,Single,"$50,000<Income<=$100,000",White,Not Donated,0,2,1,1,1,2,5
4089,30<=Age<=39,Male,Undergraduate,Married,"Income<=$50,000",White,Not Donated,0,2,2,1,2,1,5
4090,30<=Age<=39,Female,Undergraduate,Married,"Income<=$50,000",White,Not Donated,0,2,1,1,2,1,5
4091,Age>=50,Female,Graduate,Single,"$50,000<Income<=$100,000",Hispanic,Not Donated,0,4,1,2,1,2,3
4092,40<=Age<=49,Male,Undergraduate,Married,"Income<=$50,000",White,Not Donated,0,3,2,1,2,1,5
4093,Age<=29,Female,Graduate,Single,"$50,000<Income<=$100,000",Asian,Not Donated,0,1,1,2,1,2,1
4094,Age<=29,Male,Undergraduate,Married,"$50,000<Income<=$100,000",Asian,Donated,55,1,2,1,2,2,1
4095,30<=Age<=39,Male,Undergraduate,Single,"Income<=$50,000",White,Not Donated,0,2,2,1,1,1,5
4096,30<=Age<=39,Female,Undergraduate,Married,"Income<=$50,000",White,Not Donated,0,2,1,1,2,1,5
4097,40<=Age<=49,Female,Undergraduate,Single,"$50,000<Income<=$100,000",White,Not Donated,0,3,1,1,1,2,5
4098,Age<=29,Male,Undergraduate,Married,"Income>$100,000",White,Not Donated,0,1,2,1,2,3,5
4099,Age>=50,Female,Undergraduate,Single,"$50,000<Income<=$100,000",Asian,Donated,100,4,1,1,1,2,1
4100,30<=Age<=39,Male,Undergraduate,Married,"Income<=$50,000",White,Not Donated,0,2,2,1,2,1,5
4101,30<=Age<=39,Male,Undergraduate,Single,"$50,000<Income<=$100,000",White,Not Donated,0,2,2,1,1,2,5
4102,Age<=29,Female,Graduate,Married,"Income<=$50,000",Asian,Donated,65,1,1,2,2,1,1
4103,Age<=29,Male,Undergraduate,Single,"$50,000<Income<=$100,000",Hispanic,Donated,55,1,2,1,1,2,3
4104,Age<=29,Male,Undergraduate,Single,"$50,000<Income<=$100,000",Other,Not Donated,0,1,2,1,1,2,4
4105,Age<=29,Female,Undergraduate,Single,"Income<=$50,000",White,Donated,25,1,1,1,1,1,5
4106,Age<=29,Male,Undergraduate,Married,"Income<=$50,000",White,Not Donated,0,1,2,1,2,1,5
4107,Age>=50,Female,Undergraduate,Single,"Income<=$50,000",Hispanic,Donated,80,4,1,1,1,1,3
4108,30<=Age<=39,Female,Undergraduate,Single,"Income<=$50,000",White,Not Donated,0,2,1,1,1,1,5
4109,30<=Age<=39,Female,Undergraduate,Married,"Income<=$50,000",White,Donated,75,2,1,1,2,1,5
4110,Age<=29,Female,Undergraduate,Married,"Income<=$50,000",White,Donated,35,1,1,1,2,1,5
4111,Age<=29,Male,Undergraduate,Single,"Income<=$50,000",Asian,Donated,25,1,2,1,1,1,1
4112,40<=Age<=49,Female,Undergraduate,Married,"$50,000<Income<=$100,000",Black,Donated,105,3,1,1,2,2,2
4113,Age>=50,Male,Graduate,Married,"Income>$100,000",Black,Not Donated,0,4,2,2,2,3,2
4114,Age<=29,Female,Undergraduate,Single,"$50,000<Income<=$100,000",White,Donated,50,1,1,1,1,2,5
4115,30<=Age<=39,Female,Undergraduate,Married,"Income<=$50,000",White,Not Donated,0,2,1,1,2,1,5
4116,30<=Age<=39,Female,Undergraduate,Single,"Income<=$50,000",Hispanic,Not Donated,0,2,1,1,1,1,3
4117,30<=Age<=39,Male,Undergraduate,Single,"Income>$100,000",White,Not Donated,0,2,2,1,1,3,5
4118,Age<=29,Female,Graduate,Married,"$50,000<Income<=$100,000",White,Not Donated,0,1,1,2,2,2,5
4119,40<=Age<=49,Female,Undergraduate,Single,"Income<=$50,000",Asian,Not Donated,0,3,1,1,1,1,1
4120,Age>=50,Male,Graduate,Married,"Income<=$50,000",White,Not Donated,0,4,2,2,2,1,5
4121,40<=Age<=49,Male,Undergraduate,Married,"Income<=$50,000",Other,Not Donated,0,3,2,1,2,1,4
4122,40<=Age<=49,Female,Undergraduate,Single,"Income>$100,000",Other,Donated,125,3,1,1,1,3,4
4123,Age<=29,Female,Undergraduate,Single,"$50,000<Income<=$100,000",White,Not Donated,0,1,1,1,1,2,5
4124,30<=Age<=39,Male,Undergraduate,Married,"Income<=$50,000",White,Not Donated,0,2,2,1,2,1,5
4125,Age>=50,Female,Undergraduate,Married,"$50,000<Income<=$100,000",Asian,Not Donated,0,4,1,1,2,2,1
4126,Age<=29,Female,Undergraduate,Married,"Income>$100,000",Black,Donated,80,1,1,1,2,3,2
4127,30<=Age<=39,Male,Undergraduate,Married,"Income<=$50,000",Hispanic,Not Donated,0,2,2,1,2,1,3
4128,Age<=29,Female,Undergraduate,Married,"$50,000<Income<=$100,000",White,Donated,55,1,1,1,2,2,5
4129,30<=Age<=39,Female,Undergraduate,Married,"$50,000<Income<=$100,000",Asian,Not Donated,0,2,1,1,2,2,1
4130,40<=Age<=49,Female,Undergraduate,Single,"Income<=$50,000",White,Not Donated,0,3,1,1,1,1,5
4131,30<=Age<=39,Male,Undergraduate,Married,"$50,000<Income<=$100,000",Hispanic,Not Donated,0,2,2,1,2,2,3
4132,Age<=29,Male,Undergraduate,Single,"Income>$100,000",Other,Donated,85,1,2,1,1,3,4
4133,30<=Age<=39,Male,Undergraduate,Married,"Income<=$50,000",White,Not Donated,0,2,2,1,2,1,5
4134,40<=Age<=49,Female,Undergraduate,Single,"Income<=$50,000",White,Not Donated,0,3,1,1,1,1,5
4135,40<=Age<=49,Male,Undergraduate,Married,"$50,000<Income<=$100,000",Asian,Donated,115,3,2,1,2,2,1
4136,Age>=50,Male,Undergraduate,Married,"$50,000<Income<=$100,000",White,Donated,130,4,2,1,2,2,5
4137,40<=Age<=49,Male,Undergraduate,Single,"Income<=$50,000",Hispanic,Not Donated,0,3,2,1,1,1,3
4138,30<=Age<=39,Male,Graduate,Married,"Income<=$50,000",White,Donated,75,2,2,2,2,1,5
4139,40<=Age<=49,Male,Undergraduate,Single,"$50,000<Income<=$100,000",Hispanic,Not Donated,0,3,2,1,1,2,3
4140,Age>=50,Female,Undergraduate,Single,"Income>$100,000",White,Donated,145,4,1,1,1,3,5
4141,30<=Age<=39,Female,Undergraduate,Married,"Income<=$50,000",White,Not Donated,0,2,1,1,2,1,5
4142,Age<=29,Female,Graduate,Married,"Income<=$50,000",White,Donated,45,1,1,2,2,1,5
4143,40<=Age<=49,Female,Undergraduate,Single,"Income<=$50,000",White,Not Donated,0,3,1,1,1,1,5
4144,30<=Age<=39,Male,Undergraduate,Married,"Income<=$50,000",Black,Not Donated,0,2,2,1,2,1,2
4145,30<=Age<=39,Male,Graduate,Single,"Income<=$50,000",Hispanic,Donated,80,2,2,2,1,1,3
4146,30<=Age<=39,Female,Undergraduate,Single,"Income<=$50,000",Asian,Donated,55,2,1,1,1,1,1
4147,40<=Age<=49,Male,Undergraduate,Single,"$50,000<Income<=$100,000",White,Not Donated,0,3,2,1,1,2,5
4148,Age>=50,Male,Undergraduate,Married,"$50,000<Income<=$100,000",Black,Not Donated,0,4,2,1,2,2,2
4149,30<=Age<=39,Male,Undergraduate,Married,"$50,000<Income<=$100,000",Hispanic,Not Donated,0,2,2,1,2,2,3
4150,30<=Age<=39,Male,Undergraduate,Single,"Income<=$50,000",White,Not Donated,0,2,2,1,1,1,5
4151,Age<=29,Male,Undergraduate,Single,"$50,000<Income<=$100,000",White,Donated,45,1,2,1,1,2,5
4152,Age<=29,Male,Undergraduate,Single,"Income<=$50,000",White,Not Donated,0,1,2,1,1,1,5
4153,30<=Age<=39,Female,Undergraduate,Married,"Income<=$50,000",Other,Not Donated,0,2,1,1,2,1,4
4154,Age>=50,Male,Undergraduate,Married,"Income<=$50,000",White,Not Donated,0,4,2,1,2,1,5
4155,Age<=29,Female,Undergraduate,Married,"Income<=$50,000",White,Not Donated,0,1,1,1,2,1,5
4156,40<=Age<=49,Male,Undergraduate,Single,"$50,000<Income<=$100,000",White,Not Donated,0,3,2,1,1,2,5
4157,40<=Age<=49,Male,Undergraduate,Married,"$50,000<Income<=$100,000",White,Donated,100,3,2,1,2,2,5
4158,30<=Age<=39,Male,Undergraduate,Single,"Income<=$50,000",Black,Donated,65,2,2,1,1,1,2
4159,30<=Age<=39,Female,Undergraduate,Single,"Income>$100,000",Hispanic,Not Donated,0,2,1,1,1,3,3
4160,30<=Age<=39,Male,Undergraduate,Single,"$50,000<Income<=$100,000",Hispanic,Not Donated,0,2,2,1,1,2,3
4161,40<=Age<=49,Male,Undergraduate,Single,"Income>$100,000",White,Donated,125,3,2,1,1,3,5
4162,30<=Age<=39,Male,Graduate,Single,"Income<=$50,000",White,Donated,70,2,2,2,1,1,5
4163,30<=Age<=39,Female,Undergraduate,Married,"$50,000<Income<=$100,000",White,Donated,95,2,1,1,2,2,5
4164,Age>=50,Female,Undergraduate,Married,"Income<=$50,000",White,Not Donated,0,4,1,1,2,1,5
4165,Age>=50,Female,Undergraduate,Married,"$50,000<Income<=$100,000",Hispanic,Not Donated,0,4,1,1,2,2,3
4166,40<=Age<=49,Male,Undergraduate,Married,"Income<=$50,000",White,Not Donated,0,3,2,1,2,1,5
4167,40<=Age<=49,Female,Undergraduate,Married,"$50,000<Income<=$100,000",Other,Donated,100,3,1,1,2,2,4
4168,Age<=29,Male,Undergraduate,Married,"$50,000<Income<=$100,000",White,Not Donated,0,1,2,1,2,2,5
4169,30<=Age<=39,Male,Undergraduate,Married,"Income<=$50,000",Hispanic,Not Donated,0,2,2,1,2,1,3
4170,30<=Age<=39,Female,Undergraduate,Married,"Income>$100,000",Hispanic,Donated,130,2,1,1,2,3,3
4171,Age>=50,Male,Undergraduate,Married,"Income<=$50,000",Black,Not Donated,0,4,2,1,2,1,2
4172,Age<=29,Male,Graduate,Married,"Income<=$50,000",Black,Donated,40,1,2,2,2,1,2
4173,Age>=50,Female,Graduate,Married,"$50,000<Income<=$100,000",White,Donated,120,4,1,2,2,2,5
4174,Age<=29,Male,Undergraduate,Married,"Income<=$50,000",White,Donated,35,1,2,1,2,1,5
4175,Age>=50,Male,Undergraduate,Married,"Income>$100,000",White,Not Donated,0,4,2,1,2,3,5
4176,30<=Age<=39,Male,Graduate,Married,"$50,000<Income<=$100,000",Black,Not Donated,0,2,2,2,2,2,2
4177,Age<=29,Female,Undergraduate,Single,"$50,000<Income<=$100,000",White,Donated,35,1,1,1,1,2,5
4178,40<=Age<=49,Female,Undergraduate,Married,"Income<=$50,000",Asian,Not Donated,0,3,1,1,2,1,1
4179,30<=Age<=39,Male,Undergraduate,Single,"$50,000<Income<=$100,000",Asian,Not Donated,0,2,2,1,1,2,1
4180,40<=Age<=49,Male,Undergraduate,Married,"Income<=$50,000",White,Not Donated,0,3,2,1,2,1,5
4181,30<=Age<=39,Female,Graduate,Married,"Income<=$50,000",White,Not Donated,0,2,1,2,2,1,5
4182,30<=Age<=39,Male,Graduate,Married,"$50,000<Income<=$100,000",White,Not Donated,0,2,2,2,2,2,5
4183,Age<=29,Female,Undergraduate,Married,"Income<=$50,000",Hispanic,Not Donated,0,1,1,1,2,1,3
4184,Age<=29,Male,Undergraduate,Married,"Income<=$50,000",White,Donated,50,1,2,1,2,1,5
4185,30<=Age<=39,Male,Undergraduate,Married,"Income<=$50,000",White,Not Donated,0,2,2,1,2,1,5
4186,Age<=29,Male,Undergraduate,Single,"Income<=$50,000",White,Not Donated,0,1,2,1,1,1,5
4187,Age<=29,Male,Undergraduate,Married,"Income<=$50,000",White,Not Donated,0,1,2,1,2,1,5
4188,Age<=29,Female,Undergraduate,Single,"Income<=$50,000",Hispanic,Not Donated,0,1,1,1,1,1,3
4189,Age>=50,Male,Undergraduate,Married,"Income>$100,000",White,Not Donated,0,4,2,1,2,3,5
4190,30<=Age<=39,Male,Undergraduate,Married,"Income<=$50,000",White,Not Donated,0,2,2,1,2,1,5
4191,Age>=50,Female,Undergraduate,Single,"Income<=$50,000",White,Donated,95,4,1,1,1,1,5
4192,30<=Age<=39,Female,Graduate,Single,"Income<=$50,000",White,Donated,65,2,1,2,1,1,5
4193,Age<=29,Female,Undergraduate,Single,"Income>$100,000",White,Not Donated,0,1,1,1,1,3,5
4194,Age<=29,Female,Undergraduate,Single,"Income>$100,000",White,Donated,70,1,1,1,1,3,5
4195,Age<=29,Female,Undergraduate,Married,"Income<=$50,000",Black,Donated,50,1,1,1,2,1,2
4196,30<=Age<=39,Male,Undergraduate,Married,"Income<=$50,000",White,Not Donated,0,2,2,1,2,1,5
4197,40<=Age<=49,Male,Undergraduate,Single,"$50,000<Income<=$100,000",Black,Not Donated,0,3,2,1,1,2,2
4198,40<=Age<=49,Male,Undergraduate,Married,"Income<=$50,000",Other,Not Donated,0,3,2,1,2,1,4
4199,30<=Age<=39,Female,Undergraduate,Single,"Income<=$50,000",Hispanic,Not Donated,0,2,1,1,1,1,3
4200,30<=Age<=39,Female,Undergraduate,Married,"Income<=$50,000",White,Not Donated,0,2,1,1,2,1,5
4201,Age>=50,Female,Undergraduate,Single,"Income<=$50,000",White,Not Donated,0,4,1,1,1,1,5
4202,40<=Age<=49,Male,Undergraduate,Married,"Income<=$50,000",White,Not Donated,0,3,2,1,2,1,5
4203,30<=Age<=39,Female,Undergraduate,Married,"$50,000<Income<=$100,000",White,Not Donated,0,2,1,1,2,2,5
4204,Age<=29,Male,Undergraduate,Single,"$50,000<Income<=$100,000",White,Donated,50,1,2,1,1,2,5
4205,40<=Age<=49,Female,Undergraduate,Single,"Income<=$50,000",Asian,Not Donated,0,3,1,1,1,1,1
4206,Age>=50,Male,Undergraduate,Single,"Income<=$50,000",White,Not Donated,0,4,2,1,1,1,5
4207,30<=Age<=39,Male,Undergraduate,Married,"Income<=$50,000",Hispanic,Donated,50,2,2,1,2,1,3
4208,Age<=29,Male,Undergraduate,Married,"Income<=$50,000",Black,Donated,50,1,2,1,2,1,2
4209,Age<=29,Female,Undergraduate,Married,"Income>$100,000",White,Donated,80,1,1,1,2,3,5
4210,30<=Age<=39,Male,Undergraduate,Single,"$50,000<Income<=$100,000",Hispanic,Donated,75,2,2,1,1,2,3
4211,Age<=29,Male,Undergraduate,Married,"Income<=$50,000",White,Not Donated,0,1,2,1,2,1,5
4212,Age<=29,Female,Undergraduate,Married,"Income<=$50,000",Asian,Not Donated,0,1,1,1,2,1,1
4213,Age>=50,Male,Undergraduate,Married,"Income<=$50,000",White,Not Donated,0,4,2,1,2,1,5
4214,Age<=29,Male,Undergraduate,Married,"$50,000<Income<=$100,000",White,Donated,55,1,2,1,2,2,5
4215,Age>=50,Male,Undergraduate,Single,"Income>$100,000",White,Donated,135,4,2,1,1,3,5
4216,Age<=29,Female,Undergraduate,Married,"Income<=$50,000",White,Donated,30,1,1,1,2,1,5
4217,40<=Age<=49,Female,Undergraduate,Single,"Income<=$50,000",White,Not Donated,0,3,1,1,1,1,5
4218,40<=Age<=49,Male,Undergraduate,Married,"Income<=$50,000",Black,Not Donated,0,3,2,1,2,1,2
4219,Age<=29,Female,Undergraduate,Married,"Income>$100,000",Hispanic,Donated,90,1,1,1,2,3,3
4220,Age<=29,Female,Undergraduate,Married,"$50,000<Income<=$100,000",White,Not Donated,0,1,1,1,2,2,5
4221,Age<=29,Female,Undergraduate,Married,"Income<=$50,000",White,Donated,40,1,1,1,2,1,5
4222,Age<=29,Male,Undergraduate,Married,"Income<=$50,000",White,Not Donated,0,1,2,1,2,1,5
4223,Age>=50,Female,Undergraduate,Single,"Income<=$50,000",White,Donated,85,4,1,1,1,1,5
4224,40<=Age<=49,Male,Undergraduate,Single,"$50,000<Income<=$100,000",Black,Donated,110,3,2,1,1,2,2
4225,Age<=29,Male,Undergraduate,Single,"$50,000<Income<=$100,000",Hispanic,Not Donated,0,1,2,1,1,2,3
4226,30<=Age<=39,Male,Undergraduate,Single,"$50,000<Income<=$100,000",Other,Donated,65,2,2,1,1,2,4
4227,30<=Age<=39,Male,Undergraduate,Married,"Income<=$50,000",Black,Not Donated,0,2,2,1,2,1,2
4228,40<=Age<=49,Male,Undergraduate,Married,"Income>$100,000",Asian,Not Donated,0,3,2,1,2,3,1
4229,40<=Age<=49,Male,Undergraduate,Married,"Income<=$50,000",White,Not Donated,0,3,2,1,2,1,5
4230,Age<=29,Female,Graduate,Single,"$50,000<Income<=$100,000",Asian,Donated,65,1,1,2,1,2,1
4231,Age>=50,Female,Undergraduate,Married,"Income>$100,000",Black,Donated,135,4,1,1,2,3,2
4232,40<=Age<=49,Male,Undergraduate,Married,"$50,000<Income<=$100,000",Hispanic,Not Donated,0,3,2,1,2,2,3
4233,Age<=29,Male,Undergraduate,Single,"Income<=$50,000",Black,Not Donated,0,1,2,1,1,1,2
4234,Age>=50,Female,Undergraduate,Married,"Income<=$50,000",Hispanic,Not Donated,0,4,1,1,2,1,3
4235,Age<=29,Female,Undergraduate,Married,"Income<=$50,000",White,Not Donated,0,1,1,1,2,1,5
4236,30<=Age<=39,Male,Undergraduate,Married,"$50,000<Income<=$100,000",White,Not Donated,0,2,2,1,2,2,5
4237,Age<=29,Female,Undergraduate,Married,"$50,000<Income<=$100,000",White,Donated,80,1,1,1,2,2,5
4238,Age>=50,Female,Undergraduate,Married,"Income>$100,000",Black,Donated,140,4,1,1,2,3,2
4239,40<=Age<=49,Female,Undergraduate,Single,"$50,000<Income<=$100,000",Hispanic,Donated,85,3,1,1,1,2,3
4240,30<=Age<=39,Male,Graduate,Single,"Income<=$50,000",Asian,Donated,55,2,2,2,1,1,1
4241,30<=Age<=39,Male,Graduate,Married,"Income<=$50,000",White,Donated,65,2,2,2,2,1,5
4242,40<=Age<=49,Male,Undergraduate,Married,"Income<=$50,000",Hispanic,Not Donated,0,3,2,1,2,1,3
4243,Age>=50,Female,Undergraduate,Married,"Income<=$50,000",Asian,Not Donated,0,4,1,1,2,1,1
4244,40<=Age<=49,Male,Undergraduate,Married,"Income<=$50,000",White,Not Donated,0,3,2,1,2,1,5
4245,Age>=50,Male,Undergraduate,Single,"$50,000<Income<=$100,000",Asian,Donated,105,4,2,1,1,2,1
4246,Age<=29,Male,Undergraduate,Married,"$50,000<Income<=$100,000",White,Not Donated,0,1,2,1,2,2,5
4247,Age<=29,Male,Undergraduate,Single,"Income<=$50,000",Hispanic,Not Donated,0,1,2,1,1,1,3
4248,Age<=29,Male,Undergraduate,Single,"Income>$100,000",White,Not Donated,0,1,2,1,1,3,5
4249,Age<=29,Male,Undergraduate,Married,"Income>$100,000",Black,Not Donated,0,1,2,1,2,3,2
4250,Age>=50,Female,Undergraduate,Single,"$50,000<Income<=$100,000",Hispanic,Donated,115,4,1,1,1,2,3
4251,Age>=50,Male,Graduate,Single,"$50,000<Income<=$100,000",White,Donated,125,4,2,2,1,2,5
4252,40<=Age<=49,Female,Graduate,Married,"$50,000<Income<=$100,000",Asian,Not Donated,0,3,1,2,2,2,1
4253,30<=Age<=39,Male,Undergraduate,Single,"Income<=$50,000",Black,Not Donated,0,2,2,1,1,1,2
4254,Age<=29,Female,Undergraduate,Married,"Income<=$50,000",White,Not Donated,0,1,1,1,2,1,5
4255,Age<=29,Male,Graduate,Single,"Income<=$50,000",Hispanic,Not Donated,0,1,2,2,1,1,3
4256,40<=Age<=49,Male,Undergraduate,Married,"Income<=$50,000",White,Not Donated,0,3,2,1,2,1,5
4257,30<=Age<=39,Female,Undergraduate,Single,"Income<=$50,000",White,Donated,55,2,1,1,1,1,5
4258,Age<=29,Female,Undergraduate,Single,"Income<=$50,000",Black,Donated,30,1,1,1,1,1,2
4259,40<=Age<=49,Female,Undergraduate,Single,"Income>$100,000",Black,Not Donated,0,3,1,1,1,3,2
4260,30<=Age<=39,Male,Undergraduate,Single,"Income>$100,000",White,Donated,105,2,2,1,1,3,5
4261,Age>=50,Female,Undergraduate,Single,"Income<=$50,000",Hispanic,Not Donated,0,4,1,1,1,1,3
4262,Age>=50,Male,Undergraduate,Single,"Income>$100,000",Hispanic,Not Donated,0,4,2,1,1,3,3
4263,Age>=50,Male,Undergraduate,Single,"$50,000<Income<=$100,000",Asian,Not Donated,0,4,2,1,1,2,1
4264,30<=Age<=39,Female,Undergraduate,Married,"Income<=$50,000",Hispanic,Not Donated,0,2,1,1,2,1,3
4265,Age<=29,Male,Undergraduate,Married,"Income>$100,000",Black,Not Donated,0,1,2,1,2,3,2
4266,Age>=50,Male,Undergraduate,Married,"Income>$100,000",White,Not Donated,0,4,2,1,2,3,5
4267,40<=Age<=49,Female,Undergraduate,Single,"Income>$100,000",White,Not Donated,0,3,1,1,1,3,5
4268,40<=Age<=49,Male,Undergraduate,Single,"$50,000<Income<=$100,000",White,Donated,105,3,2,1,1,2,5
4269,30<=Age<=39,Female,Undergraduate,Married,"Income<=$50,000",Hispanic,Not Donated,0,2,1,1,2,1,3
4270,40<=Age<=49,Male,Undergraduate,Married,"Income<=$50,000",White,Not Donated,0,3,2,1,2,1,5
4271,Age>=50,Male,Undergraduate,Married,"$50,000<Income<=$100,000",White,Not Donated,0,4,2,1,2,2,5
4272,40<=Age<=49,Male,Undergraduate,Single,"$50,000<Income<=$100,000",Asian,Donated,95,3,2,1,1,2,1
4273,30<=Age<=39,Male,Undergraduate,Married,"Income<=$50,000",Black,Not Donated,0,2,2,1,2,1,2
4274,40<=Age<=49,Female,Undergraduate,Married,"Income<=$50,000",Black,Not Donated,0,3,1,1,2,1,2
4275,40<=Age<=49,Male,Undergraduate,Single,"Income<=$50,000",Black,Not Donated,0,3,2,1,1,1,2
4276,Age<=29,Male,Undergraduate,Married,"Income<=$50,000",White,Not Donated,0,1,2,1,2,1,5
4277,40<=Age<=49,Male,Undergraduate,Married,"Income<=$50,000",White,Not Donated,0,3,2,1,2,1,5
4278,Age>=50,Male,Undergraduate,Married,"$50,000<Income<=$100,000",White,Donated,105,4,2,1,2,2,5
4279,30<=Age<=39,Male,Undergraduate,Married,"Income<=$50,000",Hispanic,Not Donated,0,2,2,1,2,1,3
4280,Age<=29,Female,Undergraduate,Married,"$50,000<Income<=$100,000",White,Not Donated,0,1,1,1,2,2,5
4281,Age<=29,Female,Graduate,Married,"Income<=$50,000",Hispanic,Not Donated,0,1,1,2,2,1,3
4282,40<=Age<=49,Female,Undergraduate,Single,"Income<=$50,000",Other,Not Donated,0,3,1,1,1,1,4
4283,30<=Age<=39,Male,Undergraduate,Single,"$50,000<Income<=$100,000",Hispanic,Donated,65,2,2,1,1,2,3
4284,Age<=29,Female,Undergraduate,Single,"Income>$100,000",White,Not Donated,0,1,1,1,1,3,5
4285,40<=Age<=49,Male,Undergraduate,Married,"$50,000<Income<=$100,000",White,Not Donated,0,3,2,1,2,2,5
4286,Age>=50,Female,Undergraduate,Married,"Income>$100,000",White,Not Donated,0,4,1,1,2,3,5
4287,30<=Age<=39,Male,Undergraduate,Married,"$50,000<Income<=$100,000",Asian,Donated,90,2,2,1,2,2,1
4288,30<=Age<=39,Female,Undergraduate,Married,"Income<=$50,000",Other,Not Donated,0,2,1,1,2,1,4
4289,Age<=29,Male,Undergraduate,Single,"$50,000<Income<=$100,000",Black,Not Donated,0,1,2,1,1,2,2
4290,40<=Age<=49,Female,Undergraduate,Married,"Income>$100,000",Other,Donated,135,3,1,1,2,3,4
4291,30<=Age<=39,Male,Undergraduate,Married,"Income<=$50,000",Hispanic,Donated,65,2,2,1,2,1,3
4292,Age>=50,Male,Undergraduate,Single,"Income<=$50,000",White,Donated,80,4,2,1,1,1,5
4293,30<=Age<=39,Male,Undergraduate,Married,"Income<=$50,000",White,Donated,55,2,2,1,2,1,5
4294,40<=Age<=49,Male,Graduate,Single,"$50,000<Income<=$100,000",White,Not Donated,0,3,2,2,1,2,5
4295,30<=Age<=39,Female,Undergraduate,Married,"$50,000<Income<=$100,000",White,Not Donated,0,2,1,1,2,2,5
4296,Age>=50,Male,Undergraduate,Single,"Income<=$50,000",Asian,Donated,85,4,2,1,1,1,1
4297,Age<=29,Male,Undergraduate,Married,"$50,000<Income<=$100,000",White,Not Donated,0,1,2,1,2,2,5
4298,Age>=50,Male,Undergraduate,Single,"Income<=$50,000",White,Donated,80,4,2,1,1,1,5
4299,40<=Age<=49,Male,Graduate,Married,"$50,000<Income<=$100,000",White,Donated,125,3,2,2,2,2,5
4300,Age<=29,Male,Undergraduate,Married,"$50,000<Income<=$100,000",Black,Not Donated,0,1,2,1,2,2,2
4301,30<=Age<=39,Male,Undergraduate,Single,"Income>$100,000",Black,Not Donated,0,2,2,1,1,3,2
4302,Age<=29,Male,Undergraduate,Married,"Income<=$50,000",White,Not Donated,0,1,2,1,2,1,5
4303,Age<=29,Male,Undergraduate,Married,"Income>$100,000",Black,Not Donated,0,1,2,1,2,3,2
4304,40<=Age<=49,Male,Undergraduate,Married,"Income<=$50,000",White,Donated,75,3,2,1,2,1,5
4305,40<=Age<=49,Male,Undergraduate,Married,"$50,000<Income<=$100,000",White,Not Donated,0,3,2,1,2,2,5
4306,Age<=29,Female,Undergraduate,Married,"Income<=$50,000",White,Not Donated,0,1,1,1,2,1,5
4307,40<=Age<=49,Female,Undergraduate,Single,"$50,000<Income<=$100,000",White,Not Donated,0,3,1,1,1,2,5
4308,40<=Age<=49,Male,Undergraduate,Married,"Income>$100,000",Other,Not Donated,0,3,2,1,2,3,4
4309,30<=Age<=39,Male,Undergraduate,Single,"$50,000<Income<=$100,000",White,Donated,75,2,2,1,1,2,5
4310,Age<=29,Male,Undergraduate,Single,"Income<=$50,000",Asian,Donated,30,1,2,1,1,1,1
4311,Age>=50,Female,Undergraduate,Married,"Income<=$50,000",Black,Not Donated,0,4,1,1,2,1,2
4312,Age<=29,Female,Undergraduate,Married,"$50,000<Income<=$100,000",White,Not Donated,0,1,1,1,2,2,5
4313,Age<=29,Male,Graduate,Single,"$50,000<Income<=$100,000",White,Donated,80,1,2,2,1,2,5
4314,30<=Age<=39,Female,Undergraduate,Single,"Income<=$50,000",Other,Not Donated,0,2,1,1,1,1,4
4315,30<=Age<=39,Male,Undergraduate,Married,"$50,000<Income<=$100,000",Asian,Not Donated,0,2,2,1,2,2,1
4316,30<=Age<=39,Male,Undergraduate,Married,"$50,000<Income<=$100,000",Black,Not Donated,0,2,2,1,2,2,2
4317,30<=Age<=39,Male,Undergraduate,Married,"Income<=$50,000",Asian,Not Donated,0,2,2,1,2,1,1
4318,40<=Age<=49,Female,Undergraduate,Single,"Income<=$50,000",Asian,Not Donated,0,3,1,1,1,1,1
4319,40<=Age<=49,Male,Undergraduate,Married,"$50,000<Income<=$100,000",White,Not Donated,0,3,2,1,2,2,5
4320,Age<=29,Female,Undergraduate,Married,"$50,000<Income<=$100,000",Black,Not Donated,0,1,1,1,2,2,2
4321,Age>=50,Male,Undergraduate,Married,"Income<=$50,000",White,Not Donated,0,4,2,1,2,1,5
4322,30<=Age<=39,Male,Undergraduate,Married,"$50,000<Income<=$100,000",White,Donated,85,2,2,1,2,2,5
4323,Age>=50,Female,Undergraduate,Married,"$50,000<Income<=$100,000",Other,Not Donated,0,4,1,1,2,2,4
4324,Age<=29,Female,Undergraduate,Married,"Income>$100,000",White,Donated,80,1,1,1,2,3,5
4325,40<=Age<=49,Female,Undergraduate,Married,"$50,000<Income<=$100,000",Asian,Not Donated,0,3,1,1,2,2,1
4326,40<=Age<=49,Female,Undergraduate,Single,"Income>$100,000",Hispanic,Donated,135,3,1,1,1,3,3
4327,40<=Age<=49,Male,Undergraduate,Married,"Income<=$50,000",Asian,Not Donated,0,3,2,1,2,1,1
4328,Age<=29,Female,Undergraduate,Single,"Income<=$50,000",Black,Donated,30,1,1,1,1,1,2
4329,30<=Age<=39,Male,Undergraduate,Married,"$50,000<Income<=$100,000",White,Donated,85,2,2,1,2,2,5
4330,Age<=29,Male,Graduate,Single,"$50,000<Income<=$100,000",Asian,Not Donated,0,1,2,2,1,2,1
4331,30<=Age<=39,Female,Undergraduate,Married,"Income<=$50,000",White,Not Donated,0,2,1,1,2,1,5
4332,40<=Age<=49,Male,Undergraduate,Married,"Income>$100,000",White,Donated,120,3,2,1,2,3,5
4333,40<=Age<=49,Female,Undergraduate,Married,"Income>$100,000",White,Not Donated,0,3,1,1,2,3,5
4334,Age>=50,Female,Undergraduate,Married,"$50,000<Income<=$100,000",Hispanic,Not Donated,0,4,1,1,2,2,3
4335,40<=Age<=49,Female,Undergraduate,Single,"$50,000<Income<=$100,000",White,Donated,85,3,1,1,1,2,5
4336,40<=Age<=49,Male,Undergraduate,Married,"Income<=$50,000",White,Not Donated,0,3,2,1,2,1,5
4337,40<=Age<=49,Female,Undergraduate,Married,"Income<=$50,000",White,Not Donated,0,3,1,1,2,1,5
4338,30<=Age<=39,Female,Undergraduate,Married,"Income<=$50,000",Asian,Not Donated,0,2,1,1,2,1,1
4339,Age<=29,Female,Undergraduate,Married,"$50,000<Income<=$100,000",Black,Donated,85,1,1,1,2,2,2
4340,Age<=29,Female,Graduate,Single,"Income>$100,000",White,Donated,105,1,1,2,1,3,5
4341,30<=Age<=39,Male,Undergraduate,Single,"Income<=$50,000",White,Not Donated,0,2,2,1,1,1,5
4342,30<=Age<=39,Male,Undergraduate,Married,"Income>$100,000",White,Donated,110,2,2,1,2,3,5
4343,40<=Age<=49,Male,Graduate,Married,"$50,000<Income<=$100,000",Asian,Not Donated,0,3,2,2,2,2,1
4344,Age<=29,Male,Undergraduate,Single,"Income<=$50,000",White,Not Donated,0,1,2,1,1,1,5
4345,30<=Age<=39,Male,Undergraduate,Single,"Income>$100,000",White,Not Donated,0,2,2,1,1,3,5
4346,Age<=29,Female,Undergraduate,Married,"$50,000<Income<=$100,000",White,Donated,70,1,1,1,2,2,5
4347,Age<=29,Female,Undergraduate,Married,"$50,000<Income<=$100,000",Black,Donated,55,1,1,1,2,2,2
4348,Age<=29,Female,Undergraduate,Married,"$50,000<Income<=$100,000",Other,Not Donated,0,1,1,1,2,2,4
4349,30<=Age<=39,Male,Undergraduate,Married,"Income>$100,000",White,Not Donated,0,2,2,1,2,3,5
4350,Age>=50,Male,Undergraduate,Married,"Income<=$50,000",White,Not Donated,0,4,2,1,2,1,5
4351,30<=Age<=39,Female,Undergraduate,Married,"Income<=$50,000",White,Donated,60,2,1,1,2,1,5
4352,Age>=50,Female,Undergraduate,Married,"Income<=$50,000",White,Donated,120,4,1,1,2,1,5
4353,Age>=50,Male,Undergraduate,Married,"$50,000<Income<=$100,000",Black,Not Donated,0,4,2,1,2,2,2
4354,Age<=29,Male,Undergraduate,Married,"Income>$100,000",Black,Not Donated,0,1,2,1,2,3,2
4355,Age<=29,Male,Undergraduate,Single,"Income>$100,000",Black,Not Donated,0,1,2,1,1,3,2
4356,Age<=29,Male,Undergraduate,Married,"$50,000<Income<=$100,000",Black,Not Donated,0,1,2,1,2,2,2
4357,Age>=50,Male,Undergraduate,Married,"Income<=$50,000",Hispanic,Donated,105,4,2,1,2,1,3
4358,40<=Age<=49,Female,Undergraduate,Married,"Income<=$50,000",Black,Donated,95,3,1,1,2,1,2
4359,Age>=50,Female,Undergraduate,Single,"Income<=$50,000",White,Not Donated,0,4,1,1,1,1,5
4360,30<=Age<=39,Male,Undergraduate,Married,"Income<=$50,000",Asian,Not Donated,0,2,2,1,2,1,1
4361,Age>=50,Female,Undergraduate,Single,"Income<=$50,000",Hispanic,Not Donated,0,4,1,1,1,1,3
4362,40<=Age<=49,Male,Undergraduate,Married,"Income<=$50,000",Asian,Not Donated,0,3,2,1,2,1,1
4363,Age>=50,Female,Undergraduate,Single,"Income<=$50,000",White,Not Donated,0,4,1,1,1,1,5
4364,Age<=29,Female,Undergraduate,Single,"Income>$100,000",Other,Not Donated,0,1,1,1,1,3,4
4365,Age<=29,Female,Undergraduate,Married,"Income<=$50,000",White,Not Donated,0,1,1,1,2,1,5
4366,Age>=50,Male,Undergraduate,Married,"$50,000<Income<=$100,000",White,Donated,120,4,2,1,2,2,5
4367,30<=Age<=39,Male,Undergraduate,Married,"$50,000<Income<=$100,000",Other,Not Donated,0,2,2,1,2,2,4
4368,Age>=50,Female,Undergraduate,Married,"$50,000<Income<=$100,000",White,Donated,110,4,1,1,2,2,5
4369,Age>=50,Male,Undergraduate,Single,"Income<=$50,000",Asian,Not Donated,0,4,2,1,1,1,1
4370,40<=Age<=49,Female,Undergraduate,Married,"Income>$100,000",Hispanic,Not Donated,0,3,1,1,2,3,3
4371,30<=Age<=39,Male,Undergraduate,Married,"Income<=$50,000",Hispanic,Not Donated,0,2,2,1,2,1,3
4372,40<=Age<=49,Male,Undergraduate,Single,"$50,000<Income<=$100,000",Black,Not Donated,0,3,2,1,1,2,2
4373,40<=Age<=49,Male,Undergraduate,Single,"Income<=$50,000",Black,Not Donated,0,3,2,1,1,1,2
4374,40<=Age<=49,Male,Undergraduate,Married,"$50,000<Income<=$100,000",White,Not Donated,0,3,2,1,2,2,5
4375,30<=Age<=39,Male,Undergraduate,Married,"Income<=$50,000",Hispanic,Donated,55,2,2,1,2,1,3
4376,Age>=50,Female,Undergraduate,Single,"Income<=$50,000",White,Not Donated,0,4,1,1,1,1,5
4377,30<=Age<=39,Female,Undergraduate,Married,"$50,000<Income<=$100,000",White,Not Donated,0,2,1,1,2,2,5
4378,30<=Age<=39,Female,Undergraduate,Married,"Income<=$50,000",White,Not Donated,0,2,1,1,2,1,5
4379,30<=Age<=39,Female,Undergraduate,Married,"$50,000<Income<=$100,000",Black,Not Donated,0,2,1,1,2,2,2
4380,Age>=50,Female,Undergraduate,Married,"$50,000<Income<=$100,000",Hispanic,Donated,110,4,1,1,2,2,3
4381,Age<=29,Male,Undergraduate,Single,"Income>$100,000",White,Not Donated,0,1,2,1,1,3,5
4382,40<=Age<=49,Female,Undergraduate,Single,"Income>$100,000",White,Donated,105,3,1,1,1,3,5
4383,40<=Age<=49,Male,Undergraduate,Single,"Income>$100,000",Other,Not Donated,0,3,2,1,1,3,4
4384,40<=Age<=49,Male,Undergraduate,Single,"$50,000<Income<=$100,000",Hispanic,Donated,105,3,2,1,1,2,3
4385,30<=Age<=39,Female,Undergraduate,Married,"Income>$100,000",White,Donated,135,2,1,1,2,3,5
4386,30<=Age<=39,Male,Undergraduate,Married,"Income>$100,000",White,Not Donated,0,2,2,1,2,3,5
4387,40<=Age<=49,Female,Undergraduate,Single,"Income<=$50,000",White,Not Donated,0,3,1,1,1,1,5
4388,40<=Age<=49,Female,Undergraduate,Single,"$50,000<Income<=$100,000",Black,Not Donated,0,3,1,1,1,2,2
4389,40<=Age<=49,Female,Undergraduate,Married,"Income>$100,000",White,Not Donated,0,3,1,1,2,3,5
4390,40<=Age<=49,Male,Undergraduate,Single,"Income<=$50,000",White,Not Donated,0,3,2,1,1,1,5
4391,40<=Age<=49,Female,Undergraduate,Married,"$50,000<Income<=$100,000",White,Not Donated,0,3,1,1,2,2,5
4392,30<=Age<=39,Female,Undergraduate,Married,"Income<=$50,000",Hispanic,Donated,65,2,1,1,2,1,3
4393,Age>=50,Male,Undergraduate,Single,"Income<=$50,000",White,Not Donated,0,4,2,1,1,1,5
4394,Age>=50,Male,Graduate,Married,"$50,000<Income<=$100,000",White,Not Donated,0,4,2,2,2,2,5
4395,Age<=29,Female,Undergraduate,Single,"Income>$100,000",White,Donated,85,1,1,1,1,3,5
4396,40<=Age<=49,Male,Undergraduate,Married,"Income<=$50,000",Hispanic,Not Donated,0,3,2,1,2,1,3
4397,Age<=29,Male,Undergraduate,Single,"Income<=$50,000",Black,Not Donated,0,1,2,1,1,1,2
4398,Age<=29,Male,Undergraduate,Married,"Income<=$50,000",Black,Donated,35,1,2,1,2,1,2
4399,30<=Age<=39,Male,Undergraduate,Married,"Income<=$50,000",White,Not Donated,0,2,2,1,2,1,5
4400,30<=Age<=39,Male,Undergraduate,Married,"Income>$100,000",Hispanic,Not Donated,0,2,2,1,2,3,3
4401,Age>=50,Female,Undergraduate,Single,"Income<=$50,000",Asian,Not Donated,0,4,1,1,1,1,1
4402,40<=Age<=49,Male,Undergraduate,Married,"$50,000<Income<=$100,000",White,Donated,100,3,2,1,2,2,5
4403,30<=Age<=39,Male,Undergraduate,Married,"$50,000<Income<=$100,000",White,Donated,90,2,2,1,2,2,5
4404,40<=Age<=49,Female,Undergraduate,Single,"Income>$100,000",Asian,Not Donated,0,3,1,1,1,3,1
4405,30<=Age<=39,Female,Undergraduate,Single,"Income<=$50,000",White,Donated,50,2,1,1,1,1,5
4406,Age<=29,Female,Undergraduate,Married,"$50,000<Income<=$100,000",White,Not Donated,0,1,1,1,2,2,5
4407,Age>=50,Male,Undergraduate,Single,"$50,000<Income<=$100,000",White,Not Donated,0,4,2,1,1,2,5
4408,40<=Age<=49,Male,Undergraduate,Married,"Income<=$50,000",White,Not Donated,0,3,2,1,2,1,5
4409,Age<=29,Male,Undergraduate,Single,"$50,000<Income<=$100,000",White,Donated,65,1,2,1,1,2,5
4410,30<=Age<=39,Female,Undergraduate,Married,"Income<=$50,000",White,Not Donated,0,2,1,1,2,1,5
4411,Age>=50,Female,Undergraduate,Married,"$50,000<Income<=$100,000",Other,Not Donated,0,4,1,1,2,2,4
4412,40<=Age<=49,Female,Undergraduate,Married,"Income<=$50,000",White,Not Donated,0,3,1,1,2,1,5
4413,Age>=50,Male,Undergraduate,Single,"Income>$100,000",White,Not Donated,0,4,2,1,1,3,5
4414,Age>=50,Female,Undergraduate,Married,"Income<=$50,000",White,Not Donated,0,4,1,1,2,1,5
4415,40<=Age<=49,Male,Undergraduate,Married,"Income<=$50,000",Other,Not Donated,0,3,2,1,2,1,4
4416,30<=Age<=39,Female,Undergraduate,Married,"Income>$100,000",White,Donated,135,2,1,1,2,3,5
4417,30<=Age<=39,Female,Undergraduate,Single,"Income<=$50,000",White,Donated,40,2,1,1,1,1,5
4418,Age<=29,Male,Undergraduate,Married,"Income<=$50,000",White,Not Donated,0,1,2,1,2,1,5
4419,30<=Age<=39,Female,Graduate,Single,"Income<=$50,000",Hispanic,Donated,75,2,1,2,1,1,3
4420,Age<=29,Female,Undergraduate,Single,"$50,000<Income<=$100,000",White,Not Donated,0,1,1,1,1,2,5
4421,Age>=50,Male,Undergraduate,Married,"Income<=$50,000",White,Not Donated,0,4,2,1,2,1,5
4422,30<=Age<=39,Male,Undergraduate,Married,"Income<=$50,000",White,Not Donated,0,2,2,1,2,1,5
4423,30<=Age<=39,Male,Undergraduate,Single,"Income<=$50,000",White,Not Donated,0,2,2,1,1,1,5
4424,40<=Age<=49,Female,Undergraduate,Married,"Income<=$50,000",White,Not Donated,0,3,1,1,2,1,5
4425,30<=Age<=39,Female,Undergraduate,Married,"Income>$100,000",Other,Donated,130,2,1,1,2,3,4
4426,Age<=29,Male,Undergraduate,Married,"$50,000<Income<=$100,000",Hispanic,Donated,60,1,2,1,2,2,3
4427,40<=Age<=49,Male,Undergraduate,Married,"Income>$100,000",White,Not Donated,0,3,2,1,2,3,5
4428,Age<=29,Female,Undergraduate,Married,"Income>$100,000",White,Donated,75,1,1,1,2,3,5
4429,40<=Age<=49,Male,Undergraduate,Single,"Income<=$50,000",White,Not Donated,0,3,2,1,1,1,5
4430,Age<=29,Female,Undergraduate,Married,"Income<=$50,000",Hispanic,Donated,20,1,1,1,2,1,3
4431,Age>=50,Male,Undergraduate,Single,"$50,000<Income<=$100,000",White,Not Donated,0,4,2,1,1,2,5
4432,Age<=29,Male,Undergraduate,Married,"$50,000<Income<=$100,000",Black,Not Donated,0,1,2,1,2,2,2
4433,30<=Age<=39,Female,Undergraduate,Single,"Income<=$50,000",White,Not Donated,0,2,1,1,1,1,5
4434,Age<=29,Male,Undergraduate,Single,"Income<=$50,000",Hispanic,Not Donated,0,1,2,1,1,1,3
4435,40<=Age<=49,Female,Undergraduate,Single,"Income>$100,000",White,Not Donated,0,3,1,1,1,3,5
4436,40<=Age<=49,Male,Undergraduate,Married,"$50,000<Income<=$100,000",White,Not Donated,0,3,2,1,2,2,5
4437,Age<=29,Male,Undergraduate,Single,"Income<=$50,000",Hispanic,Not Donated,0,1,2,1,1,1,3
4438,Age>=50,Female,Undergraduate,Single,"$50,000<Income<=$100,000",White,Donated,110,4,1,1,1,2,5
4439,Age>=50,Female,Undergraduate,Single,"Income<=$50,000",White,Donated,85,4,1,1,1,1,5
4440,Age<=29,Male,Undergraduate,Married,"Income<=$50,000",Black,Donated,30,1,2,1,2,1,2
4441,Age<=29,Female,Undergraduate,Single,"$50,000<Income<=$100,000",White,Donated,45,1,1,1,1,2,5
4442,40<=Age<=49,Female,Undergraduate,Married,"Income<=$50,000",White,Not Donated,0,3,1,1,2,1,5
4443,Age>=50,Female,Undergraduate,Married,"Income<=$50,000",White,Not Donated,0,4,1,1,2,1,5
4444,40<=Age<=49,Female,Undergraduate,Single,"$50,000<Income<=$100,000",Hispanic,Donated,80,3,1,1,1,2,3
4445,30<=Age<=39,Male,Undergraduate,Single,"$50,000<Income<=$100,000",Other,Not Donated,0,2,2,1,1,2,4
4446,Age>=50,Male,Undergraduate,Single,"Income<=$50,000",White,Not Donated,0,4,2,1,1,1,5
4447,40<=Age<=49,Male,Undergraduate,Married,"$50,000<Income<=$100,000",White,Not Donated,0,3,2,1,2,2,5
4448,30<=Age<=39,Male,Undergraduate,Married,"$50,000<Income<=$100,000",White,Donated,85,2,2,1,2,2,5
4449,30<=Age<=39,Female,Undergraduate,Single,"Income<=$50,000",White,Donated,50,2,1,1,1,1,5
4450,Age>=50,Female,Undergraduate,Single,"$50,000<Income<=$100,000",Other,Not Donated,0,4,1,1,1,2,4
4451,30<=Age<=39,Male,Undergraduate,Married,"Income<=$50,000",Black,Donated,75,2,2,1,2,1,2
4452,Age>=50,Male,Undergraduate,Single,"Income>$100,000",White,Not Donated,0,4,2,1,1,3,5
4453,30<=Age<=39,Male,Graduate,Single,"Income<=$50,000",White,Donated,60,2,2,2,1,1,5
4454,Age<=29,Female,Undergraduate,Married,"Income<=$50,000",White,Not Donated,0,1,1,1,2,1,5
4455,40<=Age<=49,Female,Undergraduate,Married,"Income>$100,000",White,Not Donated,0,3,1,1,2,3,5
4456,40<=Age<=49,Male,Undergraduate,Married,"Income<=$50,000",White,Donated,80,3,2,1,2,1,5
4457,Age>=50,Female,Undergraduate,Single,"Income<=$50,000",White,Not Donated,0,4,1,1,1,1,5
4458,30<=Age<=39,Male,Undergraduate,Married,"$50,000<Income<=$100,000",White,Donated,80,2,2,1,2,2,5
4459,40<=Age<=49,Female,Graduate,Single,"Income>$100,000",Hispanic,Not Donated,0,3,1,2,1,3,3
4460,40<=Age<=49,Male,Undergraduate,Married,"$50,000<Income<=$100,000",White,Not Donated,0,3,2,1,2,2,5
4461,30<=Age<=39,Male,Undergraduate,Married,"Income<=$50,000",Black,Donated,55,2,2,1,2,1,2
4462,Age<=29,Male,Undergraduate,Single,"$50,000<Income<=$100,000",Hispanic,Not Donated,0,1,2,1,1,2,3
4463,40<=Age<=49,Male,Undergraduate,Married,"Income<=$50,000",White,Not Donated,0,3,2,1,2,1,5
4464,40<=Age<=49,Male,Undergraduate,Single,"$50,000<Income<=$100,000",Hispanic,Donated,80,3,2,1,1,2,3
4465,40<=Age<=49,Male,Undergraduate,Single,"$50,000<Income<=$100,000",White,Not Donated,0,3,2,1,1,2,5
4466,Age<=29,Male,Undergraduate,Married,"Income<=$50,000",White,Not Donated,0,1,2,1,2,1,5
4467,30<=Age<=39,Female,Undergraduate,Married,"$50,000<Income<=$100,000",White,Not Donated,0,2,1,1,2,2,5
4468,30<=Age<=39,Male,Undergraduate,Married,"Income<=$50,000",Other,Not Donated,0,2,2,1,2,1,4
4469,40<=Age<=49,Female,Undergraduate,Single,"Income<=$50,000",White,Not Donated,0,3,1,1,1,1,5
4470,Age>=50,Female,Undergraduate,Married,"Income<=$50,000",White,Not Donated,0,4,1,1,2,1,5
4471,Age>=50,Female,Undergraduate,Married,"$50,000<Income<=$100,000",Asian,Donated,125,4,1,1,2,2,1
4472,Age<=29,Female,Undergraduate,Single,"Income<=$50,000",White,Not Donated,0,1,1,1,1,1,5
4473,Age<=29,Male,Undergraduate,Married,"Income>$100,000",White,Not Donated,0,1,2,1,2,3,5
4474,40<=Age<=49,Male,Undergraduate,Married,"Income<=$50,000",Other,Not Donated,0,3,2,1,2,1,4
4475,Age<=29,Female,Undergraduate,Single,"Income>$100,000",Black,Not Donated,0,1,1,1,1,3,2
4476,Age>=50,Female,Undergraduate,Married,"Income<=$50,000",White,Not Donated,0,4,1,1,2,1,5
4477,40<=Age<=49,Male,Undergraduate,Single,"Income<=$50,000",White,Donated,70,3,2,1,1,1,5
4478,40<=Age<=49,Male,Undergraduate,Single,"$50,000<Income<=$100,000",Hispanic,Not Donated,0,3,2,1,1,2,3
4479,40<=Age<=49,Male,Undergraduate,Single,"Income<=$50,000",Other,Not Donated,0,3,2,1,1,1,4
4480,40<=Age<=49,Female,Undergraduate,Married,"Income>$100,000",Asian,Not Donated,0,3,1,1,2,3,1
4481,40<=Age<=49,Female,Undergraduate,Single,"Income<=$50,000",Black,Not Donated,0,3,1,1,1,1,2
4482,Age<=29,Male,Graduate,Married,"$50,000<Income<=$100,000",Black,Not Donated,0,1,2,2,2,2,2
4483,30<=Age<=39,Female,Undergraduate,Married,"Income>$100,000",White,Donated,130,2,1,1,2,3,5
4484,Age<=29,Male,Graduate,Single,"Income<=$50,000",White,Donated,50,1,2,2,1,1,5
4485,Age<=29,Female,Undergraduate,Single,"Income>$100,000",White,Donated,60,1,1,1,1,3,5
4486,Age<=29,Male,Graduate,Single,"Income<=$50,000",White,Not Donated,0,1,2,2,1,1,5
4487,40<=Age<=49,Female,Undergraduate,Married,"Income<=$50,000",White,Not Donated,0,3,1,1,2,1,5
4488,40<=Age<=49,Female,Undergraduate,Married,"$50,000<Income<=$100,000",Black,Not Donated,0,3,1,1,2,2,2
4489,Age>=50,Female,Undergraduate,Married,"Income<=$50,000",Asian,Not Donated,0,4,1,1,2,1,1
4490,Age<=29,Male,Undergraduate,Married,"Income<=$50,000",White,Not Donated,0,1,2,1,2,1,5
4491,40<=Age<=49,Male,Undergraduate,Married,"Income<=$50,000",Black,Not Donated,0,3,2,1,2,1,2
4492,30<=Age<=39,Male,Undergraduate,Married,"$50,000<Income<=$100,000",White,Not Donated,0,2,2,1,2,2,5
4493,Age<=29,Male,Undergraduate,Married,"Income>$100,000",White,Donated,100,1,2,1,2,3,5
4494,40<=Age<=49,Male,Undergraduate,Married,"$50,000<Income<=$100,000",White,Not Donated,0,3,2,1,2,2,5
4495,40<=Age<=49,Male,Undergraduate,Single,"Income<=$50,000",White,Not Donated,0,3,2,1,1,1,5
4496,30<=Age<=39,Female,Undergraduate,Married,"$50,000<Income<=$100,000",Black,Not Donated,0,2,1,1,2,2,2
4497,30<=Age<=39,Male,Undergraduate,Married,"Income>$100,000",White,Not Donated,0,2,2,1,2,3,5
4498,40<=Age<=49,Female,Undergraduate,Married,"Income<=$50,000",Other,Not Donated,0,3,1,1,2,1,4
4499,30<=Age<=39,Female,Undergraduate,Married,"$50,000<Income<=$100,000",Asian,Not Donated,0,2,1,1,2,2,1
4500,30<=Age<=39,Female,Undergraduate,Married,"Income>$100,000",White,Not Donated,0,2,1,1,2,3,5
4501,40<=Age<=49,Male,Graduate,Single,"Income<=$50,000",White,Not Donated,0,3,2,2,1,1,5
4502,Age>=50,Male,Undergraduate,Single,"$50,000<Income<=$100,000",White,Donated,115,4,2,1,1,2,5
4503,30<=Age<=39,Male,Undergraduate,Married,"$50,000<Income<=$100,000",White,Donated,85,2,2,1,2,2,5
4504,Age<=29,Male,Undergraduate,Married,"Income<=$50,000",Black,Not Donated,0,1,2,1,2,1,2
4505,Age<=29,Male,Graduate,Single,"$50,000<Income<=$100,000",White,Donated,65,1,2,2,1,2,5
4506,30<=Age<=39,Male,Undergraduate,Single,"Income<=$50,000",White,Not Donated,0,2,2,1,1,1,5
4507,Age>=50,Male,Undergraduate,Married,"Income<=$50,000",Black,Not Donated,0,4,2,1,2,1,2
4508,30<=Age<=39,Female,Undergraduate,Single,"Income<=$50,000",White,Not Donated,0,2,1,1,1,1,5
4509,Age<=29,Female,Undergraduate,Married,"$50,000<Income<=$100,000",White,Not Donated,0,1,1,1,2,2,5
4510,30<=Age<=39,Male,Undergraduate,Married,"Income<=$50,000",Black,Not Donated,0,2,2,1,2,1,2
4511,Age>=50,Male,Undergraduate,Married,"Income>$100,000",White,Donated,160,4,2,1,2,3,5
4512,30<=Age<=39,Male,Undergraduate,Married,"$50,000<Income<=$100,000",Hispanic,Not Donated,0,2,2,1,2,2,3
4513,Age>=50,Female,Undergraduate,Married,"Income>$100,000",Other,Not Donated,0,4,1,1,2,3,4
4514,30<=Age<=39,Female,Graduate,Single,"Income>$100,000",Other,Donated,115,2,1,2,1,3,4
4515,40<=Age<=49,Female,Undergraduate,Married,"Income<=$50,000",Hispanic,Not Donated,0,3,1,1,2,1,3
4516,Age<=29,Female,Undergraduate,Married,"$50,000<Income<=$100,000",Asian,Not Donated,0,1,1,1,2,2,1
4517,30<=Age<=39,Female,Undergraduate,Married,"$50,000<Income<=$100,000",White,Not Donated,0,2,1,1,2,2,5
4518,Age<=29,Female,Undergraduate,Single,"$50,000<Income<=$100,000",Asian,Donated,65,1,1,1,1,2,1
4519,Age>=50,Female,Undergraduate,Married,"$50,000<Income<=$100,000",Other,Not Donated,0,4,1,1,2,2,4
4520,30<=Age<=39,Female,Graduate,Single,"Income<=$50,000",White,Not Donated,0,2,1,2,1,1,5
4521,Age<=29,Male,Undergraduate,Married,"Income<=$50,000",Other,Not Donated,0,1,2,1,2,1,4
4522,Age>=50,Male,Undergraduate,Married,"Income>$100,000",Hispanic,Donated,120,4,2,1,2,3,3
4523,30<=Age<=39,Female,Undergraduate,Single,"Income<=$50,000",Hispanic,Not Donated,0,2,1,1,1,1,3
4524,Age<=29,Male,Undergraduate,Married,"Income>$100,000",White,Donated,85,1,2,1,2,3,5
4525,30<=Age<=39,Female,Undergraduate,Single,"Income<=$50,000",Black,Donated,50,2,1,1,1,1,2
4526,Age>=50,Male,Undergraduate,Married,"$50,000<Income<=$100,000",White,Not Donated,0,4,2,1,2,2,5
4527,Age>=50,Female,Undergraduate,Single,"Income<=$50,000",White,Donated,90,4,1,1,1,1,5
4528,30<=Age<=39,Male,Undergraduate,Single,"$50,000<Income<=$100,000",Black,Donated,85,2,2,1,1,2,2
4529,Age>=50,Female,Undergraduate,Single,"Income<=$50,000",White,Not Donated,0,4,1,1,1,1,5
4530,40<=Age<=49,Female,Undergraduate,Single,"Income>$100,000",White,Donated,125,3,1,1,1,3,5
4531,Age<=29,Male,Graduate,Single,"$50,000<Income<=$100,000",Hispanic,Not Donated,0,1,2,2,1,2,3
4532,40<=Age<=49,Male,Undergraduate,Married,"$50,000<Income<=$100,000",Other,Not Donated,0,3,2,1,2,2,4
4533,Age<=29,Female,Undergraduate,Single,"$50,000<Income<=$100,000",Hispanic,Not Donated,0,1,1,1,1,2,3
4534,Age<=29,Female,Undergraduate,Single,"Income<=$50,000",White,Not Donated,0,1,1,1,1,1,5
4535,Age>=50,Male,Undergraduate,Married,"Income<=$50,000",Hispanic,Not Donated,0,4,2,1,2,1,3
4536,40<=Age<=49,Female,Undergraduate,Single,"Income<=$50,000",Hispanic,Not Donated,0,3,1,1,1,1,3
4537,40<=Age<=49,Male,Undergraduate,Single,"Income<=$50,000",White,Not Donated,0,3,2,1,1,1,5
4538,Age>=50,Male,Undergraduate,Married,"$50,000<Income<=$100,000",Other,Not Donated,0,4,2,1,2,2,4
4539,40<=Age<=49,Male,Undergraduate,Single,"$50,000<Income<=$100,000",Black,Donated,90,3,2,1,1,2,2
4540,Age<=29,Female,Undergraduate,Married,"$50,000<Income<=$100,000",White,Not Donated,0,1,1,1,2,2,5
4541,30<=Age<=39,Female,Undergraduate,Single,"$50,000<Income<=$100,000",Hispanic,Donated,60,2,1,1,1,2,3
4542,40<=Age<=49,Female,Undergraduate,Single,"Income<=$50,000",White,Not Donated,0,3,1,1,1,1,5
4543,Age<=29,Female,Undergraduate,Single,"Income<=$50,000",White,Donated,50,1,1,1,1,1,5
4544,Age<=29,Male,Undergraduate,Married,"$50,000<Income<=$100,000",Hispanic,Not Donated,0,1,2,1,2,2,3
4545,30<=Age<=39,Male,Undergraduate,Married,"$50,000<Income<=$100,000",White,Not Donated,0,2,2,1,2,2,5
4546,40<=Age<=49,Female,Undergraduate,Single,"Income<=$50,000",White,Donated,70,3,1,1,1,1,5
4547,Age>=50,Female,Undergraduate,Single,"Income<=$50,000",White,Donated,80,4,1,1,1,1,5
4548,30<=Age<=39,Male,Undergraduate,Married,"Income>$100,000",White,Donated,90,2,2,1,2,3,5
4549,40<=Age<=49,Male,Undergraduate,Married,"Income<=$50,000",White,Not Donated,0,3,2,1,2,1,5
4550,Age<=29,Female,Undergraduate,Married,"Income<=$50,000",White,Donated,25,1,1,1,2,1,5
4551,30<=Age<=39,Female,Undergraduate,Married,"Income>$100,000",White,Not Donated,0,2,1,1,2,3,5
4552,30<=Age<=39,Male,Undergraduate,Married,"$50,000<Income<=$100,000",White,Not Donated,0,2,2,1,2,2,5
4553,30<=Age<=39,Male,Undergraduate,Single,"Income<=$50,000",White,Donated,40,2,2,1,1,1,5
4554,Age<=29,Female,Undergraduate,Married,"Income>$100,000",Hispanic,Donated,100,1,1,1,2,3,3
4555,Age<=29,Male,Undergraduate,Single,"$50,000<Income<=$100,000",White,Donated,65,1,2,1,1,2,5
4556,Age>=50,Female,Undergraduate,Married,"Income>$100,000",Hispanic,Not Donated,0,4,1,1,2,3,3
4557,Age>=50,Female,Undergraduate,Single,"Income>$100,000",Hispanic,Not Donated,0,4,1,1,1,3,3
4558,40<=Age<=49,Male,Undergraduate,Married,"$50,000<Income<=$100,000",Hispanic,Donated,110,3,2,1,2,2,3
4559,30<=Age<=39,Male,Undergraduate,Married,"$50,000<Income<=$100,000",Black,Not Donated,0,2,2,1,2,2,2
4560,30<=Age<=39,Female,Undergraduate,Single,"$50,000<Income<=$100,000",White,Not Donated,0,2,1,1,1,2,5
4561,40<=Age<=49,Female,Undergraduate,Single,"Income>$100,000",Hispanic,Donated,140,3,1,1,1,3,3
4562,30<=Age<=39,Female,Undergraduate,Married,"Income>$100,000",Other,Not Donated,0,2,1,1,2,3,4
4563,30<=Age<=39,Male,Undergraduate,Single,"Income>$100,000",White,Not Donated,0,2,2,1,1,3,5
4564,30<=Age<=39,Female,Undergraduate,Married,"$50,000<Income<=$100,000",Hispanic,Donated,105,2,1,1,2,2,3
4565,Age>=50,Male,Undergraduate,Married,"Income<=$50,000",Black,Not Donated,0,4,2,1,2,1,2
4566,40<=Age<=49,Female,Undergraduate,Single,"Income<=$50,000",White,Donated,75,3,1,1,1,1,5
4567,Age<=29,Male,Undergraduate,Single,"Income<=$50,000",White,Not Donated,0,1,2,1,1,1,5
4568,Age<=29,Female,Graduate,Married,"Income<=$50,000",White,Donated,55,1,1,2,2,1,5
4569,40<=Age<=49,Male,Undergraduate,Single,"Income<=$50,000",White,Donated,90,3,2,1,1,1,5
4570,30<=Age<=39,Female,Undergraduate,Single,"Income<=$50,000",Asian,Not Donated,0,2,1,1,1,1,1
4571,30<=Age<=39,Female,Graduate,Single,"Income<=$50,000",White,Not Donated,0,2,1,2,1,1,5
4572,Age>=50,Female,Undergraduate,Married,"$50,000<Income<=$100,000",Asian,Not Donated,0,4,1,1,2,2,1
4573,30<=Age<=39,Female,Graduate,Married,"Income<=$50,000",Hispanic,Donated,65,2,1,2,2,1,3
4574,Age>=50,Male,Undergraduate,Single,"$50,000<Income<=$100,000",Hispanic,Donated,100,4,2,1,1,2,3
4575,Age>=50,Female,Undergraduate,Married,"Income<=$50,000",White,Not Donated,0,4,1,1,2,1,5
4576,40<=Age<=49,Male,Undergraduate,Single,"Income>$100,000",White,Not Donated,0,3,2,1,1,3,5
4577,Age<=29,Female,Undergraduate,Married,"Income<=$50,000",Hispanic,Not Donated,0,1,1,1,2,1,3
4578,Age<=29,Male,Undergraduate,Single,"$50,000<Income<=$100,000",Asian,Donated,55,1,2,1,1,2,1
4579,Age>=50,Female,Undergraduate,Married,"$50,000<Income<=$100,000",Other,Not Donated,0,4,1,1,2,2,4
4580,30<=Age<=39,Female,Undergraduate,Married,"$50,000<Income<=$100,000",Hispanic,Not Donated,0,2,1,1,2,2,3
4581,Age<=29,Male,Undergraduate,Married,"Income<=$50,000",White,Not Donated,0,1,2,1,2,1,5
4582,Age>=50,Male,Undergraduate,Married,"Income<=$50,000",Black,Not Donated,0,4,2,1,2,1,2
4583,30<=Age<=39,Male,Undergraduate,Single,"Income<=$50,000",Hispanic,Donated,65,2,2,1,1,1,3
4584,Age>=50,Female,Undergraduate,Married,"Income<=$50,000",Black,Not Donated,0,4,1,1,2,1,2
4585,30<=Age<=39,Female,Undergraduate,Married,"$50,000<Income<=$100,000",White,Not Donated,0,2,1,1,2,2,5
4586,30<=Age<=39,Male,Undergraduate,Single,"Income<=$50,000",Hispanic,Not Donated,0,2,2,1,1,1,3
4587,30<=Age<=39,Male,Undergraduate,Single,"Income<=$50,000",Black,Donated,50,2,2,1,1,1,2
4588,30<=Age<=39,Female,Undergraduate,Single,"Income<=$50,000",White,Not Donated,0,2,1,1,1,1,5
4589,40<=Age<=49,Female,Undergraduate,Married,"Income>$100,000",White,Donated,150,3,1,1,2,3,5
4590,30<=Age<=39,Male,Graduate,Married,"Income<=$50,000",Black,Not Donated,0,2,2,2,2,1,2
4591,30<=Age<=39,Female,Undergraduate,Single,"Income<=$50,000",White,Donated,50,2,1,1,1,1,5
4592,40<=Age<=49,Female,Undergraduate,Single,"Income<=$50,000",Other,Donated,75,3,1,1,1,1,4
4593,Age>=50,Female,Undergraduate,Married,"Income>$100,000",Black,Not Donated,0,4,1,1,2,3,2
4594,Age>=50,Female,Undergraduate,Married,"Income<=$50,000",Other,Not Donated,0,4,1,1,2,1,4
4595,Age>=50,Female,Graduate,Married,"Income<=$50,000",Hispanic,Not Donated,0,4,1,2,2,1,3
4596,Age<=29,Male,Graduate,Married,"Income<=$50,000",Hispanic,Not Donated,0,1,2,2,2,1,3
4597,Age<=29,Female,Undergraduate,Single,"Income<=$50,000",Other,Not Donated,0,1,1,1,1,1,4
4598,30<=Age<=39,Female,Undergraduate,Married,"Income<=$50,000",White,Not Donated,0,2,1,1,2,1,5
4599,Age<=29,Female,Undergraduate,Single,"Income<=$50,000",White,Not Donated,0,1,1,1,1,1,5
4600,Age>=50,Male,Undergraduate,Single,"Income<=$50,000",Hispanic,Not Donated,0,4,2,1,1,1,3
4601,Age>=50,Male,Undergraduate,Married,"Income<=$50,000",White,Not Donated,0,4,2,1,2,1,5
4602,Age<=29,Male,Undergraduate,Married,"$50,000<Income<=$100,000",White,Donated,50,1,2,1,2,2,5
4603,Age>=50,Male,Undergraduate,Married,"Income<=$50,000",White,Donated,100,4,2,1,2,1,5
4604,30<=Age<=39,Male,Undergraduate,Single,"$50,000<Income<=$100,000",White,Not Donated,0,2,2,1,1,2,5
4605,Age<=29,Female,Graduate,Married,"Income<=$50,000",White,Donated,35,1,1,2,2,1,5
4606,30<=Age<=39,Male,Undergraduate,Married,"$50,000<Income<=$100,000",White,Donated,70,2,2,1,2,2,5
4607,40<=Age<=49,Female,Undergraduate,Married,"Income>$100,000",White,Donated,130,3,1,1,2,3,5
4608,30<=Age<=39,Male,Graduate,Single,"$50,000<Income<=$100,000",Black,Not Donated,0,2,2,2,1,2,2
4609,30<=Age<=39,Male,Undergraduate,Single,"Income<=$50,000",Asian,Not Donated,0,2,2,1,1,1,1
4610,40<=Age<=49,Male,Undergraduate,Single,"Income<=$50,000",Asian,Not Donated,0,3,2,1,1,1,1
4611,Age>=50,Male,Undergraduate,Married,"Income>$100,000",White,Not Donated,0,4,2,1,2,3,5
4612,40<=Age<=49,Male,Undergraduate,Married,"Income<=$50,000",White,Not Donated,0,3,2,1,2,1,5
4613,Age<=29,Male,Undergraduate,Married,"Income>$100,000",Asian,Not Donated,0,1,2,1,2,3,1
4614,Age<=29,Male,Undergraduate,Single,"Income<=$50,000",White,Not Donated,0,1,2,1,1,1,5
4615,40<=Age<=49,Female,Undergraduate,Married,"Income>$100,000",White,Donated,145,3,1,1,2,3,5
4616,30<=Age<=39,Female,Undergraduate,Single,"Income<=$50,000",White,Donated,65,2,1,1,1,1,5
4617,Age<=29,Female,Undergraduate,Single,"$50,000<Income<=$100,000",Hispanic,Not Donated,0,1,1,1,1,2,3
4618,30<=Age<=39,Male,Undergraduate,Single,"$50,000<Income<=$100,000",Black,Donated,80,2,2,1,1,2,2
4619,40<=Age<=49,Male,Undergraduate,Single,"Income<=$50,000",White,Not Donated,0,3,2,1,1,1,5
4620,30<=Age<=39,Female,Undergraduate,Single,"Income<=$50,000",Black,Donated,45,2,1,1,1,1,2
4621,Age<=29,Female,Graduate,Single,"Income<=$50,000",White,Donated,40,1,1,2,1,1,5
4622,30<=Age<=39,Female,Undergraduate,Married,"Income<=$50,000",White,Donated,65,2,1,1,2,1,5
4623,30<=Age<=39,Male,Undergraduate,Single,"$50,000<Income<=$100,000",Hispanic,Not Donated,0,2,2,1,1,2,3
4624,Age<=29,Female,Undergraduate,Married,"Income<=$50,000",Hispanic,Not Donated,0,1,1,1,2,1,3
4625,30<=Age<=39,Male,Undergraduate,Single,"Income<=$50,000",White,Not Donated,0,2,2,1,1,1,5
4626,Age>=50,Female,Undergraduate,Single,"$50,000<Income<=$100,000",Asian,Not Donated,0,4,1,1,1,2,1
4627,Age<=29,Male,Undergraduate,Married,"Income>$100,000",White,Not Donated,0,1,2,1,2,3,5
4628,30<=Age<=39,Male,Undergraduate,Married,"$50,000<Income<=$100,000",Asian,Not Donated,0,2,2,1,2,2,1
4629,Age<=29,Male,Undergraduate,Married,"Income<=$50,000",Other,Donated,55,1,2,1,2,1,4
4630,Age>=50,Female,Undergraduate,Single,"Income<=$50,000",White,Not Donated,0,4,1,1,1,1,5
4631,Age<=29,Female,Undergraduate,Single,"Income<=$50,000",Hispanic,Not Donated,0,1,1,1,1,1,3
4632,Age>=50,Female,Undergraduate,Married,"Income<=$50,000",Asian,Not Donated,0,4,1,1,2,1,1
4633,Age<=29,Male,Undergraduate,Married,"Income<=$50,000",White,Not Donated,0,1,2,1,2,1,5
4634,Age<=29,Male,Undergraduate,Married,"Income>$100,000",Asian,Not Donated,0,1,2,1,2,3,1
4635,40<=Age<=49,Male,Undergraduate,Married,"Income>$100,000",White,Not Donated,0,3,2,1,2,3,5
4636,40<=Age<=49,Female,Undergraduate,Single,"Income<=$50,000",White,Not Donated,0,3,1,1,1,1,5
4637,Age>=50,Female,Undergraduate,Married,"Income<=$50,000",Black,Not Donated,0,4,1,1,2,1,2
4638,40<=Age<=49,Female,Graduate,Single,"$50,000<Income<=$100,000",Hispanic,Not Donated,0,3,1,2,1,2,3
4639,Age<=29,Female,Undergraduate,Married,"Income<=$50,000",White,Donated,50,1,1,1,2,1,5
4640,40<=Age<=49,Male,Graduate,Single,"$50,000<Income<=$100,000",White,Not Donated,0,3,2,2,1,2,5
4641,Age<=29,Female,Undergraduate,Single,"$50,000<Income<=$100,000",White,Donated,55,1,1,1,1,2,5
4642,40<=Age<=49,Female,Graduate,Single,"Income<=$50,000",Black,Not Donated,0,3,1,2,1,1,2
4643,40<=Age<=49,Female,Undergraduate,Married,"Income>$100,000",White,Not Donated,0,3,1,1,2,3,5
4644,Age<=29,Female,Undergraduate,Married,"Income<=$50,000",White,Not Donated,0,1,1,1,2,1,5
4645,30<=Age<=39,Female,Undergraduate,Married,"Income<=$50,000",White,Not Donated,0,2,1,1,2,1,5
4646,40<=Age<=49,Male,Undergraduate,Single,"Income<=$50,000",White,Not Donated,0,3,2,1,1,1,5
4647,Age<=29,Male,Undergraduate,Married,"$50,000<Income<=$100,000",White,Not Donated,0,1,2,1,2,2,5
4648,Age<=29,Male,Undergraduate,Single,"$50,000<Income<=$100,000",Other,Donated,40,1,2,1,1,2,4
4649,Age<=29,Female,Undergraduate,Single,"Income<=$50,000",Hispanic,Not Donated,0,1,1,1,1,1,3
4650,30<=Age<=39,Female,Undergraduate,Married,"Income<=$50,000",White,Donated,60,2,1,1,2,1,5
4651,30<=Age<=39,Male,Undergraduate,Single,"$50,000<Income<=$100,000",Black,Not Donated,0,2,2,1,1,2,2
4652,Age<=29,Male,Undergraduate,Married,"Income<=$50,000",White,Donated,20,1,2,1,2,1,5
4653,30<=Age<=39,Male,Undergraduate,Single,"$50,000<Income<=$100,000",Asian,Not Donated,0,2,2,1,1,2,1
4654,40<=Age<=49,Male,Undergraduate,Married,"Income<=$50,000",White,Donated,100,3,2,1,2,1,5
4655,Age>=50,Female,Undergraduate,Married,"Income<=$50,000",White,Not Donated,0,4,1,1,2,1,5
4656,30<=Age<=39,Female,Undergraduate,Married,"Income<=$50,000",White,Not Donated,0,2,1,1,2,1,5
4657,30<=Age<=39,Male,Undergraduate,Single,"Income>$100,000",Other,Donated,110,2,2,1,1,3,4
4658,Age<=29,Female,Undergraduate,Single,"Income<=$50,000",Hispanic,Donated,20,1,1,1,1,1,3
4659,Age>=50,Male,Undergraduate,Single,"Income<=$50,000",Hispanic,Not Donated,0,4,2,1,1,1,3
4660,30<=Age<=39,Male,Graduate,Single,"Income<=$50,000",White,Not Donated,0,2,2,2,1,1,5
4661,Age>=50,Male,Undergraduate,Married,"Income<=$50,000",Hispanic,Not Donated,0,4,2,1,2,1,3
4662,Age<=29,Female,Undergraduate,Married,"Income<=$50,000",White,Donated,35,1,1,1,2,1,5
4663,Age>=50,Male,Undergraduate,Married,"Income<=$50,000",White,Not Donated,0,4,2,1,2,1,5
4664,Age<=29,Female,Undergraduate,Single,"Income<=$50,000",Other,Donated,35,1,1,1,1,1,4
4665,30<=Age<=39,Male,Undergraduate,Married,"Income<=$50,000",White,Not Donated,0,2,2,1,2,1,5
4666,Age<=29,Male,Undergraduate,Married,"Income<=$50,000",Asian,Not Donated,0,1,2,1,2,1,1
4667,40<=Age<=49,Female,Undergraduate,Single,"Income<=$50,000",Hispanic,Not Donated,0,3,1,1,1,1,3
4668,Age<=29,Male,Undergraduate,Married,"Income<=$50,000",Black,Not Donated,0,1,2,1,2,1,2
4669,30<=Age<=39,Female,Undergraduate,Single,"Income<=$50,000",White,Donated,55,2,1,1,1,1,5
4670,Age<=29,Male,Undergraduate,Married,"Income<=$50,000",White,Not Donated,0,1,2,1,2,1,5
4671,30<=Age<=39,Male,Undergraduate,Married,"$50,000<Income<=$100,000",White,Not Donated,0,2,2,1,2,2,5
4672,Age>=50,Female,Undergraduate,Married,"$50,000<Income<=$100,000",White,Not Donated,0,4,1,1,2,2,5
4673,30<=Age<=39,Male,Undergraduate,Married,"Income<=$50,000",White,Not Donated,0,2,2,1,2,1,5
4674,Age<=29,Female,Undergraduate,Married,"Income<=$50,000",Other,Not Donated,0,1,1,1,2,1,4
4675,30<=Age<=39,Male,Undergraduate,Married,"$50,000<Income<=$100,000",White,Not Donated,0,2,2,1,2,2,5
4676,40<=Age<=49,Male,Undergraduate,Single,"$50,000<Income<=$100,000",White,Donated,95,3,2,1,1,2,5
4677,Age>=50,Male,Undergraduate,Married,"$50,000<Income<=$100,000",White,Not Donated,0,4,2,1,2,2,5
4678,40<=Age<=49,Male,Undergraduate,Single,"$50,000<Income<=$100,000",White,Not Donated,0,3,2,1,1,2,5
4679,Age<=29,Female,Undergraduate,Married,"Income<=$50,000",White,Not Donated,0,1,1,1,2,1,5
4680,Age>=50,Male,Graduate,Married,"Income<=$50,000",Black,Not Donated,0,4,2,2,2,1,2
4681,30<=Age<=39,Male,Undergraduate,Married,"Income<=$50,000",White,Not Donated,0,2,2,1,2,1,5
4682,Age<=29,Female,Undergraduate,Single,"Income>$100,000",Asian,Donated,80,1,1,1,1,3,1
4683,40<=Age<=49,Female,Undergraduate,Married,"$50,000<Income<=$100,000",Other,Not Donated,0,3,1,1,2,2,4
4684,Age>=50,Female,Undergraduate,Married,"$50,000<Income<=$100,000",White,Not Donated,0,4,1,1,2,2,5
4685,Age>=50,Female,Undergraduate,Married,"$50,000<Income<=$100,000",Asian,Donated,100,4,1,1,2,2,1
4686,Age<=29,Male,Undergraduate,Married,"Income<=$50,000",White,Not Donated,0,1,2,1,2,1,5
4687,40<=Age<=49,Female,Undergraduate,Single,"Income<=$50,000",Hispanic,Not Donated,0,3,1,1,1,1,3
4688,30<=Age<=39,Male,Undergraduate,Single,"$50,000<Income<=$100,000",White,Not Donated,0,2,2,1,1,2,5
4689,Age<=29,Male,Undergraduate,Married,"Income<=$50,000",White,Donated,30,1,2,1,2,1,5
4690,40<=Age<=49,Male,Undergraduate,Single,"Income<=$50,000",White,Donated,80,3,2,1,1,1,5
4691,40<=Age<=49,Female,Undergraduate,Single,"Income<=$50,000",Black,Not Donated,0,3,1,1,1,1,2
4692,30<=Age<=39,Male,Undergraduate,Married,"Income<=$50,000",White,Not Donated,0,2,2,1,2,1,5
4693,40<=Age<=49,Male,Undergraduate,Married,"$50,000<Income<=$100,000",White,Not Donated,0,3,2,1,2,2,5
4694,30<=Age<=39,Male,Undergraduate,Married,"$50,000<Income<=$100,000",Black,Donated,85,2,2,1,2,2,2
4695,40<=Age<=49,Male,Undergraduate,Married,"Income<=$50,000",Asian,Not Donated,0,3,2,1,2,1,1
4696,Age>=50,Male,Undergraduate,Married,"Income<=$50,000",White,Not Donated,0,4,2,1,2,1,5
4697,Age<=29,Male,Undergraduate,Single,"Income>$100,000",Hispanic,Not Donated,0,1,2,1,1,3,3
4698,30<=Age<=39,Female,Undergraduate,Married,"$50,000<Income<=$100,000",White,Donated,95,2,1,1,2,2,5
4699,Age<=29,Female,Undergraduate,Married,"Income<=$50,000",White,Not Donated,0,1,1,1,2,1,5
4700,Age<=29,Male,Undergraduate,Married,"Income<=$50,000",White,Not Donated,0,1,2,1,2,1,5
4701,Age<=29,Male,Graduate,Married,"Income<=$50,000",White,Not Donated,0,1,2,2,2,1,5
4702,40<=Age<=49,Female,Graduate,Single,"Income>$100,000",Hispanic,Not Donated,0,3,1,2,1,3,3
4703,Age<=29,Male,Undergraduate,Married,"Income<=$50,000",Asian,Not Donated,0,1,2,1,2,1,1
4704,Age>=50,Female,Undergraduate,Single,"Income<=$50,000",Asian,Not Donated,0,4,1,1,1,1,1
4705,Age>=50,Male,Undergraduate,Single,"Income<=$50,000",White,Not Donated,0,4,2,1,1,1,5
4706,Age>=50,Male,Graduate,Married,"Income<=$50,000",Hispanic,Not Donated,0,4,2,2,2,1,3
4707,Age<=29,Male,Undergraduate,Married,"$50,000<Income<=$100,000",White,Donated,50,1,2,1,2,2,5
4708,Age<=29,Female,Undergraduate,Married,"$50,000<Income<=$100,000",Hispanic,Donated,35,1,1,1,2,2,3
4709,40<=Age<=49,Male,Graduate,Single,"Income<=$50,000",Asian,Donated,95,3,2,2,1,1,1
4710,30<=Age<=39,Female,Undergraduate,Single,"Income<=$50,000",White,Not Donated,0,2,1,1,1,1,5
4711,30<=Age<=39,Female,Undergraduate,Married,"Income<=$50,000",White,Not Donated,0,2,1,1,2,1,5
4712,Age<=29,Female,Undergraduate,Single,"Income>$100,000",White,Not Donated,0,1,1,1,1,3,5
4713,30<=Age<=39,Female,Undergraduate,Married,"Income<=$50,000",White,Donated,55,2,1,1,2,1,5
4714,Age<=29,Male,Undergraduate,Married,"$50,000<Income<=$100,000",Black,Not Donated,0,1,2,1,2,2,2
4715,Age>=50,Female,Undergraduate,Married,"Income<=$50,000",Black,Not Donated,0,4,1,1,2,1,2
4716,30<=Age<=39,Male,Undergraduate,Single,"Income<=$50,000",White,Not Donated,0,2,2,1,1,1,5
4717,30<=Age<=39,Female,Undergraduate,Single,"$50,000<Income<=$100,000",White,Not Donated,0,2,1,1,1,2,5
4718,30<=Age<=39,Male,Graduate,Single,"Income<=$50,000",Hispanic,Donated,60,2,2,2,1,1,3
4719,Age>=50,Female,Undergraduate,Single,"$50,000<Income<=$100,000",Asian,Not Donated,0,4,1,1,1,2,1
4720,Age<=29,Female,Undergraduate,Single,"$50,000<Income<=$100,000",White,Not Donated,0,1,1,1,1,2,5
4721,40<=Age<=49,Female,Undergraduate,Married,"Income<=$50,000",Asian,Not Donated,0,3,1,1,2,1,1
4722,40<=Age<=49,Male,Undergraduate,Single,"Income>$100,000",White,Not Donated,0,3,2,1,1,3,5
4723,40<=Age<=49,Female,Undergraduate,Single,"$50,000<Income<=$100,000",White,Not Donated,0,3,1,1,1,2,5
4724,40<=Age<=49,Female,Undergraduate,Single,"Income<=$50,000",Black,Donated,75,3,1,1,1,1,2
4725,Age>=50,Female,Undergraduate,Single,"$50,000<Income<=$100,000",White,Not Donated,0,4,1,1,1,2,5
4726,40<=Age<=49,Male,Undergraduate,Single,"Income<=$50,000",Hispanic,Not Donated,0,3,2,1,1,1,3
4727,40<=Age<=49,Male,Undergraduate,Married,"$50,000<Income<=$100,000",Asian,Not Donated,0,3,2,1,2,2,1
4728,Age<=29,Male,Undergraduate,Married,"$50,000<Income<=$100,000",Other,Donated,35,1,2,1,2,2,4
4729,Age<=29,Female,Graduate,Single,"$50,000<Income<=$100,000",Black,Donated,85,1,1,2,1,2,2
4730,Age<=29,Male,Undergraduate,Single,"Income>$100,000",White,Not Donated,0,1,2,1,1,3,5
4731,Age<=29,Female,Undergraduate,Single,"$50,000<Income<=$100,000",White,Donated,55,1,1,1,1,2,5
4732,30<=Age<=39,Male,Undergraduate,Single,"Income>$100,000",White,Donated,90,2,2,1,1,3,5
4733,30<=Age<=39,Male,Undergraduate,Married,"Income>$100,000",Asian,Donated,120,2,2,1,2,3,1
4734,Age<=29,Female,Undergraduate,Married,"Income<=$50,000",Black,Not Donated,0,1,1,1,2,1,2
4735,Age>=50,Male,Undergraduate,Married,"Income<=$50,000",White,Not Donated,0,4,2,1,2,1,5
4736,Age<=29,Female,Graduate,Married,"$50,000<Income<=$100,000",White,Not Donated,0,1,1,2,2,2,5
4737,Age<=29,Male,Undergraduate,Married,"Income>$100,000",Other,Not Donated,0,1,2,1,2,3,4
4738,30<=Age<=39,Male,Undergraduate,Single,"$50,000<Income<=$100,000",White,Donated,65,2,2,1,1,2,5
4739,Age<=29,Male,Undergraduate,Single,"Income>$100,000",Black,Donated,110,1,2,1,1,3,2
4740,40<=Age<=49,Male,Undergraduate,Single,"$50,000<Income<=$100,000",White,Not Donated,0,3,2,1,1,2,5
4741,40<=Age<=49,Female,Undergraduate,Single,"$50,000<Income<=$100,000",Hispanic,Not Donated,0,3,1,1,1,2,3
4742,40<=Age<=49,Female,Undergraduate,Single,"Income<=$50,000",Asian,Donated,75,3,1,1,1,1,1
4743,Age>=50,Male,Undergraduate,Married,"Income>$100,000",Other,Donated,145,4,2,1,2,3,4
4744,30<=Age<=39,Female,Undergraduate,Married,"Income<=$50,000",Black,Not Donated,0,2,1,1,2,1,2
4745,Age>=50,Female,Undergraduate,Single,"Income>$100,000",White,Donated,130,4,1,1,1,3,5
4746,30<=Age<=39,Female,Undergraduate,Married,"$50,000<Income<=$100,000",White,Donated,80,2,1,1,2,2,5
4747,Age>=50,Male,Undergraduate,Married,"Income<=$50,000",Black,Not Donated,0,4,2,1,2,1,2
4748,30<=Age<=39,Male,Undergraduate,Married,"Income<=$50,000",White,Not Donated,0,2,2,1,2,1,5
4749,40<=Age<=49,Female,Undergraduate,Single,"Income<=$50,000",White,Not Donated,0,3,1,1,1,1,5
4750,30<=Age<=39,Female,Undergraduate,Married,"$50,000<Income<=$100,000",White,Not Donated,0,2,1,1,2,2,5
4751,Age<=29,Male,Undergraduate,Married,"Income<=$50,000",Hispanic,Donated,30,1,2,1,2,1,3
4752,30<=Age<=39,Female,Undergraduate,Single,"Income>$100,000",White,Donated,135,2,1,1,1,3,5
4753,Age>=50,Female,Undergraduate,Single,"Income<=$50,000",White,Not Donated,0,4,1,1,1,1,5
4754,Age<=29,Female,Undergraduate,Single,"Income<=$50,000",Asian,Not Donated,0,1,1,1,1,1,1
4755,30<=Age<=39,Female,Undergraduate,Married,"Income<=$50,000",White,Not Donated,0,2,1,1,2,1,5
4756,Age<=29,Female,Undergraduate,Married,"$50,000<Income<=$100,000",Asian,Donated,45,1,1,1,2,2,1
4757,30<=Age<=39,Male,Undergraduate,Single,"Income<=$50,000",White,Not Donated,0,2,2,1,1,1,5
4758,40<=Age<=49,Female,Undergraduate,Married,"$50,000<Income<=$100,000",Asian,Not Donated,0,3,1,1,2,2,1
4759,Age<=29,Female,Undergraduate,Single,"$50,000<Income<=$100,000",White,Donated,70,1,1,1,1,2,5
4760,Age<=29,Male,Undergraduate,Married,"Income<=$50,000",White,Donated,25,1,2,1,2,1,5
4761,30<=Age<=39,Male,Undergraduate,Single,"Income<=$50,000",White,Donated,50,2,2,1,1,1,5
4762,Age>=50,Male,Undergraduate,Single,"Income<=$50,000",White,Donated,90,4,2,1,1,1,5
4763,30<=Age<=39,Female,Undergraduate,Married,"Income<=$50,000",White,Donated,75,2,1,1,2,1,5
4764,Age<=29,Female,Undergraduate,Married,"$50,000<Income<=$100,000",White,Not Donated,0,1,1,1,2,2,5
4765,Age<=29,Male,Undergraduate,Single,"Income>$100,000",Black,Donated,90,1,2,1,1,3,2
4766,30<=Age<=39,Male,Undergraduate,Single,"$50,000<Income<=$100,000",White,Not Donated,0,2,2,1,1,2,5
4767,30<=Age<=39,Male,Graduate,Single,"Income>$100,000",White,Donated,135,2,2,2,1,3,5
4768,30<=Age<=39,Female,Undergraduate,Married,"Income<=$50,000",White,Donated,50,2,1,1,2,1,5
4769,Age<=29,Male,Undergraduate,Married,"$50,000<Income<=$100,000",White,Donated,55,1,2,1,2,2,5
4770,40<=Age<=49,Female,Undergraduate,Married,"Income<=$50,000",Asian,Donated,85,3,1,1,2,1,1
4771,Age<=29,Male,Undergraduate,Married,"$50,000<Income<=$100,000",Asian,Not Donated,0,1,2,1,2,2,1
4772,Age>=50,Male,Undergraduate,Married,"Income>$100,000",Black,Donated,160,4,2,1,2,3,2
4773,Age<=29,Female,Undergraduate,Married,"Income<=$50,000",White,Donated,40,1,1,1,2,1,5
4774,40<=Age<=49,Male,Undergraduate,Single,"Income<=$50,000",White,Donated,70,3,2,1,1,1,5
4775,30<=Age<=39,Female,Undergraduate,Married,"Income>$100,000",White,Donated,105,2,1,1,2,3,5
4776,30<=Age<=39,Male,Undergraduate,Single,"$50,000<Income<=$100,000",Asian,Not Donated,0,2,2,1,1,2,1
4777,40<=Age<=49,Male,Undergraduate,Single,"Income>$100,000",White,Donated,95,3,2,1,1,3,5
4778,30<=Age<=39,Male,Undergraduate,Single,"Income<=$50,000",White,Donated,40,2,2,1,1,1,5
4779,40<=Age<=49,Male,Graduate,Married,"$50,000<Income<=$100,000",White,Donated,125,3,2,2,2,2,5
4780,Age<=29,Male,Undergraduate,Married,"Income<=$50,000",White,Not Donated,0,1,2,1,2,1,5
4781,Age<=29,Male,Undergraduate,Single,"$50,000<Income<=$100,000",White,Donated,75,1,2,1,1,2,5
4782,Age<=29,Female,Undergraduate,Married,"Income<=$50,000",White,Not Donated,0,1,1,1,2,1,5
4783,30<=Age<=39,Female,Undergraduate,Married,"Income<=$50,000",Asian,Not Donated,0,2,1,1,2,1,1
4784,40<=Age<=49,Male,Undergraduate,Single,"Income>$100,000",White,Not Donated,0,3,2,1,1,3,5
4785,Age<=29,Male,Undergraduate,Married,"$50,000<Income<=$100,000",White,Not Donated,0,1,2,1,2,2,5
4786,40<=Age<=49,Female,Undergraduate,Married,"Income<=$50,000",White,Not Donated,0,3,1,1,2,1,5
4787,30<=Age<=39,Male,Undergraduate,Single,"Income<=$50,000",White,Not Donated,0,2,2,1,1,1,5
4788,40<=Age<=49,Female,Undergraduate,Single,"$50,000<Income<=$100,000",White,Not Donated,0,3,1,1,1,2,5
4789,30<=Age<=39,Female,Undergraduate,Single,"$50,000<Income<=$100,000",White,Donated,65,2,1,1,1,2,5
4790,30<=Age<=39,Male,Graduate,Married,"$50,000<Income<=$100,000",Hispanic,Donated,100,2,2,2,2,2,3
4791,Age<=29,Male,Undergraduate,Single,"Income<=$50,000",Black,Not Donated,0,1,2,1,1,1,2
4792,30<=Age<=39,Male,Undergraduate,Single,"$50,000<Income<=$100,000",White,Donated,75,2,2,1,1,2,5
4793,30<=Age<=39,Female,Undergraduate,Married,"$50,000<Income<=$100,000",White,Donated,70,2,1,1,2,2,5
4794,Age<=29,Female,Undergraduate,Single,"$50,000<Income<=$100,000",White,Not Donated,0,1,1,1,1,2,5
4795,Age<=29,Female,Undergraduate,Married,"Income<=$50,000",Black,Not Donated,0,1,1,1,2,1,2
4796,Age>=50,Male,Undergraduate,Married,"Income<=$50,000",Asian,Not Donated,0,4,2,1,2,1,1
4797,Age>=50,Male,Undergraduate,Single,"Income<=$50,000",White,Not Donated,0,4,2,1,1,1,5
4798,Age<=29,Male,Undergraduate,Single,"Income<=$50,000",Black,Not Donated,0,1,2,1,1,1,2
4799,Age>=50,Female,Undergraduate,Single,"Income<=$50,000",White,Not Donated,0,4,1,1,1,1,5
4800,30<=Age<=39,Female,Undergraduate,Single,"Income<=$50,000",Other,Not Donated,0,2,1,1,1,1,4
4801,30<=Age<=39,Male,Undergraduate,Married,"Income<=$50,000",White,Not Donated,0,2,2,1,2,1,5
4802,30<=Age<=39,Female,Undergraduate,Married,"$50,000<Income<=$100,000",Black,Donated,70,2,1,1,2,2,2
4803,Age<=29,Male,Undergraduate,Single,"Income>$100,000",White,Donated,70,1,2,1,1,3,5
4804,Age<=29,Female,Undergraduate,Single,"Income<=$50,000",White,Not Donated,0,1,1,1,1,1,5
4805,30<=Age<=39,Female,Undergraduate,Single,"$50,000<Income<=$100,000",White,Donated,60,2,1,1,1,2,5
4806,Age<=29,Male,Undergraduate,Married,"Income>$100,000",Hispanic,Not Donated,0,1,2,1,2,3,3
4807,30<=Age<=39,Male,Graduate,Married,"$50,000<Income<=$100,000",Asian,Not Donated,0,2,2,2,2,2,1
4808,Age>=50,Male,Undergraduate,Single,"$50,000<Income<=$100,000",Hispanic,Donated,100,4,2,1,1,2,3
4809,40<=Age<=49,Male,Undergraduate,Married,"$50,000<Income<=$100,000",Other,Donated,110,3,2,1,2,2,4
4810,30<=Age<=39,Female,Undergraduate,Married,"$50,000<Income<=$100,000",Other,Not Donated,0,2,1,1,2,2,4
4811,30<=Age<=39,Female,Undergraduate,Single,"Income>$100,000",White,Not Donated,0,2,1,1,1,3,5
4812,Age<=29,Female,Undergraduate,Married,"Income<=$50,000",White,Not Donated,0,1,1,1,2,1,5
4813,40<=Age<=49,Male,Undergraduate,Single,"Income<=$50,000",White,Not Donated,0,3,2,1,1,1,5
4814,Age>=50,Male,Undergraduate,Married,"Income<=$50,000",White,Not Donated,0,4,2,1,2,1,5
4815,40<=Age<=49,Male,Undergraduate,Single,"$50,000<Income<=$100,000",Asian,Not Donated,0,3,2,1,1,2,1
4816,Age<=29,Male,Undergraduate,Single,"$50,000<Income<=$100,000",Black,Not Donated,0,1,2,1,1,2,2
4817,Age>=50,Male,Undergraduate,Single,"$50,000<Income<=$100,000",Black,Not Donated,0,4,2,1,1,2,2
4818,40<=Age<=49,Female,Undergraduate,Single,"Income>$100,000",Hispanic,Donated,110,3,1,1,1,3,3
4819,Age<=29,Male,Undergraduate,Married,"Income>$100,000",Hispanic,Donated,95,1,2,1,2,3,3
4820,Age>=50,Male,Graduate,Married,"Income>$100,000",White,Not Donated,0,4,2,2,2,3,5
4821,30<=Age<=39,Male,Undergraduate,Married,"$50,000<Income<=$100,000",White,Not Donated,0,2,2,1,2,2,5
4822,Age>=50,Female,Undergraduate,Single,"Income<=$50,000",White,Not Donated,0,4,1,1,1,1,5
4823,30<=Age<=39,Female,Graduate,Married,"Income<=$50,000",White,Not Donated,0,2,1,2,2,1,5
4824,30<=Age<=39,Male,Undergraduate,Married,"Income<=$50,000",White,Not Donated,0,2,2,1,2,1,5
4825,40<=Age<=49,Male,Undergraduate,Married,"Income>$100,000",Asian,Not Donated,0,3,2,1,2,3,1
4826,Age<=29,Male,Undergraduate,Married,"$50,000<Income<=$100,000",Asian,Not Donated,0,1,2,1,2,2,1
4827,Age>=50,Female,Graduate,Married,"$50,000<Income<=$100,000",Other,Not Donated,0,4,1,2,2,2,4
4828,30<=Age<=39,Female,Undergraduate,Single,"Income>$100,000",Hispanic,Not Donated,0,2,1,1,1,3,3
4829,Age>=50,Male,Undergraduate,Married,"Income<=$50,000",White,Not Donated,0,4,2,1,2,1,5
4830,40<=Age<=49,Male,Undergraduate,Single,"Income<=$50,000",White,Not Donated,0,3,2,1,1,1,5
4831,30<=Age<=39,Male,Undergraduate,Married,"$50,000<Income<=$100,000",White,Donated,55,2,2,1,2,2,5
4832,Age<=29,Male,Undergraduate,Single,"$50,000<Income<=$100,000",White,Not Donated,0,1,2,1,1,2,5
4833,Age<=29,Female,Undergraduate,Married,"Income<=$50,000",White,Donated,30,1,1,1,2,1,5
4834,Age>=50,Male,Undergraduate,Single,"$50,000<Income<=$100,000",White,Donated,105,4,2,1,1,2,5
4835,40<=Age<=49,Male,Undergraduate,Married,"Income>$100,000",White,Not Donated,0,3,2,1,2,3,5
4836,Age>=50,Female,Undergraduate,Married,"Income<=$50,000",White,Not Donated,0,4,1,1,2,1,5
4837,30<=Age<=39,Female,Undergraduate,Married,"Income<=$50,000",Hispanic,Not Donated,0,2,1,1,2,1,3
4838,30<=Age<=39,Male,Undergraduate,Married,"Income<=$50,000",White,Not Donated,0,2,2,1,2,1,5
4839,Age>=50,Female,Undergraduate,Single,"Income<=$50,000",White,Not Donated,0,4,1,1,1,1,5
4840,30<=Age<=39,Female,Undergraduate,Single,"Income<=$50,000",White,Not Donated,0,2,1,1,1,1,5
4841,Age<=29,Female,Undergraduate,Single,"Income<=$50,000",Asian,Donated,20,1,1,1,1,1,1
4842,Age<=29,Male,Undergraduate,Single,"Income>$100,000",White,Donated,125,1,2,1,1,3,5
4843,30<=Age<=39,Male,Undergraduate,Married,"Income>$100,000",White,Not Donated,0,2,2,1,2,3,5
4844,Age<=29,Male,Undergraduate,Single,"$50,000<Income<=$100,000",Hispanic,Donated,65,1,2,1,1,2,3
4845,Age<=29,Male,Undergraduate,Single,"Income<=$50,000",Asian,Not Donated,0,1,2,1,1,1,1
4846,30<=Age<=39,Female,Graduate,Married,"$50,000<Income<=$100,000",White,Donated,105,2,1,2,2,2,5
4847,Age<=29,Male,Undergraduate,Married,"Income>$100,000",Hispanic,Donated,115,1,2,1,2,3,3
4848,Age>=50,Female,Undergraduate,Married,"Income>$100,000",White,Donated,155,4,1,1,2,3,5
4849,40<=Age<=49,Male,Undergraduate,Single,"Income<=$50,000",White,Donated,80,3,2,1,1,1,5
4850,Age<=29,Male,Undergraduate,Married,"$50,000<Income<=$100,000",White,Not Donated,0,1,2,1,2,2,5
4851,40<=Age<=49,Male,Undergraduate,Single,"Income<=$50,000",Black,Not Donated,0,3,2,1,1,1,2
4852,40<=Age<=49,Female,Undergraduate,Single,"$50,000<Income<=$100,000",Asian,Not Donated,0,3,1,1,1,2,1
4853,Age>=50,Male,Undergraduate,Single,"$50,000<Income<=$100,000",Black,Not Donated,0,4,2,1,1,2,2
4854,40<=Age<=49,Male,Undergraduate,Single,"Income>$100,000",Hispanic,Not Donated,0,3,2,1,1,3,3
4855,40<=Age<=49,Female,Undergraduate,Single,"Income<=$50,000",White,Not Donated,0,3,1,1,1,1,5
4856,40<=Age<=49,Female,Undergraduate,Married,"$50,000<Income<=$100,000",Black,Not Donated,0,3,1,1,2,2,2
4857,Age>=50,Male,Undergraduate,Single,"$50,000<Income<=$100,000",Hispanic,Not Donated,0,4,2,1,1,2,3
4858,Age>=50,Female,Undergraduate,Married,"$50,000<Income<=$100,000",White,Not Donated,0,4,1,1,2,2,5
4859,30<=Age<=39,Female,Undergraduate,Married,"$50,000<Income<=$100,000",White,Donated,100,2,1,1,2,2,5
4860,Age<=29,Male,Undergraduate,Married,"Income<=$50,000",White,Donated,35,1,2,1,2,1,5
4861,30<=Age<=39,Male,Undergraduate,Single,"Income>$100,000",White,Donated,110,2,2,1,1,3,5
4862,30<=Age<=39,Male,Undergraduate,Single,"Income<=$50,000",Hispanic,Not Donated,0,2,2,1,1,1,3
4863,Age<=29,Male,Undergraduate,Married,"Income>$100,000",Hispanic,Donated,70,1,2,1,2,3,3
4864,Age<=29,Male,Undergraduate,Married,"$50,000<Income<=$100,000",White,Not Donated,0,1,2,1,2,2,5
4865,30<=Age<=39,Female,Undergraduate,Married,"Income<=$50,000",White,Not Donated,0,2,1,1,2,1,5
4866,Age<=29,Male,Undergraduate,Married,"$50,000<Income<=$100,000",Hispanic,Not Donated,0,1,2,1,2,2,3
4867,30<=Age<=39,Female,Undergraduate,Married,"Income<=$50,000",White,Not Donated,0,2,1,1,2,1,5
4868,40<=Age<=49,Female,Undergraduate,Single,"$50,000<Income<=$100,000",Hispanic,Not Donated,0,3,1,1,1,2,3
4869,Age<=29,Male,Undergraduate,Married,"Income>$100,000",White,Not Donated,0,1,2,1,2,3,5
4870,Age>=50,Male,Undergraduate,Married,"Income<=$50,000",White,Not Donated,0,4,2,1,2,1,5
4871,40<=Age<=49,Female,Undergraduate,Single,"$50,000<Income<=$100,000",Black,Not Donated,0,3,1,1,1,2,2
4872,40<=Age<=49,Female,Undergraduate,Married,"Income<=$50,000",Hispanic,Not Donated,0,3,1,1,2,1,3
4873,Age<=29,Male,Undergraduate,Married,"$50,000<Income<=$100,000",White,Not Donated,0,1,2,1,2,2,5
4874,30<=Age<=39,Male,Undergraduate,Married,"$50,000<Income<=$100,000",Asian,Donated,100,2,2,1,2,2,1
4875,30<=Age<=39,Female,Undergraduate,Single,"Income<=$50,000",White,Not Donated,0,2,1,1,1,1,5
4876,30<=Age<=39,Male,Undergraduate,Married,"$50,000<Income<=$100,000",White,Not Donated,0,2,2,1,2,2,5
4877,30<=Age<=39,Male,Undergraduate,Single,"Income>$100,000",White,Donated,90,2,2,1,1,3,5
4878,Age>=50,Female,Undergraduate,Married,"$50,000<Income<=$100,000",Hispanic,Not Donated,0,4,1,1,2,2,3
4879,30<=Age<=39,Male,Undergraduate,Married,"Income>$100,000",Asian,Not Donated,0,2,2,1,2,3,1
4880,Age>=50,Male,Undergraduate,Single,"Income<=$50,000",Hispanic,Not Donated,0,4,2,1,1,1,3
4881,30<=Age<=39,Male,Undergraduate,Single,"Income<=$50,000",Hispanic,Not Donated,0,2,2,1,1,1,3
4882,40<=Age<=49,Male,Undergraduate,Married,"Income<=$50,000",Hispanic,Not Donated,0,3,2,1,2,1,3
4883,Age<=29,Male,Undergraduate,Single,"Income<=$50,000",Black,Not Donated,0,1,2,1,1,1,2
4884,Age<=29,Female,Graduate,Married,"Income<=$50,000",White,Donated,20,1,1,2,2,1,5
4885,Age<=29,Male,Undergraduate,Married,"$50,000<Income<=$100,000",White,Not Donated,0,1,2,1,2,2,5
4886,Age<=29,Female,Undergraduate,Married,"$50,000<Income<=$100,000",White,Not Donated,0,1,1,1,2,2,5
4887,30<=Age<=39,Male,Undergraduate,Married,"$50,000<Income<=$100,000",Hispanic,Not Donated,0,2,2,1,2,2,3
4888,40<=Age<=49,Male,Undergraduate,Single,"Income<=$50,000",White,Not Donated,0,3,2,1,1,1,5
4889,Age>=50,Female,Undergraduate,Single,"Income>$100,000",Hispanic,Donated,125,4,1,1,1,3,3
4890,Age<=29,Female,Undergraduate,Married,"$50,000<Income<=$100,000",White,Donated,55,1,1,1,2,2,5
4891,30<=Age<=39,Female,Undergraduate,Married,"Income<=$50,000",White,Not Donated,0,2,1,1,2,1,5
4892,Age>=50,Male,Undergraduate,Single,"$50,000<Income<=$100,000",Black,Not Donated,0,4,2,1,1,2,2
4893,40<=Age<=49,Male,Graduate,Single,"Income>$100,000",White,Donated,140,3,2,2,1,3,5
4894,40<=Age<=49,Female,Undergraduate,Single,"$50,000<Income<=$100,000",White,Not Donated,0,3,1,1,1,2,5
4895,Age<=29,Male,Undergraduate,Single,"Income<=$50,000",Asian,Not Donated,0,1,2,1,1,1,1
4896,40<=Age<=49,Male,Graduate,Married,"Income<=$50,000",White,Not Donated,0,3,2,2,2,1,5
4897,40<=Age<=49,Male,Undergraduate,Married,"Income>$100,000",White,Not Donated,0,3,2,1,2,3,5
4898,30<=Age<=39,Male,Undergraduate,Married,"Income<=$50,000",White,Donated,60,2,2,1,2,1,5
4899,Age<=29,Male,Undergraduate,Single,"$50,000<Income<=$100,000",Black,Not Donated,0,1,2,1,1,2,2
4900,Age<=29,Female,Undergraduate,Single,"Income<=$50,000",Black,Not Donated,0,1,1,1,1,1,2
4901,40<=Age<=49,Male,Undergraduate,Single,"$50,000<Income<=$100,000",Black,Not Donated,0,3,2,1,1,2,2
4902,Age<=29,Male,Undergraduate,Married,"$50,000<Income<=$100,000",Asian,Not Donated,0,1,2,1,2,2,1
4903,30<=Age<=39,Female,Undergraduate,Single,"Income<=$50,000",White,Donated,45,2,1,1,1,1,5
4904,40<=Age<=49,Male,Undergraduate,Single,"$50,000<Income<=$100,000",Black,Donated,80,3,2,1,1,2,2
4905,Age<=29,Male,Undergraduate,Married,"$50,000<Income<=$100,000",White,Donated,50,1,2,1,2,2,5
4906,Age<=29,Female,Undergraduate,Married,"$50,000<Income<=$100,000",White,Donated,45,1,1,1,2,2,5
4907,Age>=50,Female,Undergraduate,Married,"$50,000<Income<=$100,000",Hispanic,Not Donated,0,4,1,1,2,2,3
4908,Age<=29,Female,Undergraduate,Married,"Income<=$50,000",Asian,Not Donated,0,1,1,1,2,1,1
4909,30<=Age<=39,Female,Undergraduate,Single,"$50,000<Income<=$100,000",White,Not Donated,0,2,1,1,1,2,5
4910,40<=Age<=49,Female,Undergraduate,Married,"Income<=$50,000",White,Not Donated,0,3,1,1,2,1,5
4911,30<=Age<=39,Male,Undergraduate,Married,"Income<=$50,000",Asian,Not Donated,0,2,2,1,2,1,1
4912,Age>=50,Male,Undergraduate,Single,"$50,000<Income<=$100,000",White,Donated,105,4,2,1,1,2,5
4913,Age<=29,Male,Undergraduate,Married,"Income>$100,000",Hispanic,Donated,75,1,2,1,2,3,3
4914,30<=Age<=39,Male,Undergraduate,Married,"$50,000<Income<=$100,000",White,Not Donated,0,2,2,1,2,2,5
4915,Age<=29,Male,Undergraduate,Married,"Income<=$50,000",Other,Not Donated,0,1,2,1,2,1,4
4916,40<=Age<=49,Male,Undergraduate,Single,"Income<=$50,000",Black,Not Donated,0,3,2,1,1,1,2
4917,Age<=29,Male,Undergraduate,Single,"Income>$100,000",White,Not Donated,0,1,2,1,1,3,5
4918,30<=Age<=39,Female,Undergraduate,Single,"$50,000<Income<=$100,000",Hispanic,Not Donated,0,2,1,1,1,2,3
4919,30<=Age<=39,Female,Undergraduate,Single,"$50,000<Income<=$100,000",White,Donated,80,2,1,1,1,2,5
4920,Age>=50,Male,Undergraduate,Married,"$50,000<Income<=$100,000",Hispanic,Not Donated,0,4,2,1,2,2,3
4921,30<=Age<=39,Male,Undergraduate,Single,"Income<=$50,000",White,Not Donated,0,2,2,1,1,1,5
4922,30<=Age<=39,Female,Undergraduate,Married,"Income<=$50,000",White,Not Donated,0,2,1,1,2,1,5
4923,Age>=50,Female,Undergraduate,Single,"Income<=$50,000",White,Not Donated,0,4,1,1,1,1,5
4924,30<=Age<=39,Male,Undergraduate,Married,"Income<=$50,000",Black,Donated,60,2,2,1,2,1,2
4925,40<=Age<=49,Female,Undergraduate,Married,"$50,000<Income<=$100,000",White,Donated,95,3,1,1,2,2,5
4926,40<=Age<=49,Male,Undergraduate,Married,"Income<=$50,000",White,Donated,75,3,2,1,2,1,5
4927,40<=Age<=49,Female,Undergraduate,Married,"Income<=$50,000",Black,Not Donated,0,3,1,1,2,1,2
4928,Age<=29,Female,Undergraduate,Single,"$50,000<Income<=$100,000",Hispanic,Not Donated,0,1,1,1,1,2,3
4929,Age>=50,Male,Undergraduate,Married,"Income<=$50,000",Black,Not Donated,0,4,2,1,2,1,2
4930,40<=Age<=49,Male,Undergraduate,Married,"$50,000<Income<=$100,000",White,Donated,95,3,2,1,2,2,5
4931,30<=Age<=39,Female,Undergraduate,Single,"$50,000<Income<=$100,000",Hispanic,Not Donated,0,2,1,1,1,2,3
4932,Age<=29,Female,Undergraduate,Married,"Income>$100,000",Black,Not Donated,0,1,1,1,2,3,2
4933,Age>=50,Male,Undergraduate,Married,"$50,000<Income<=$100,000",Hispanic,Not Donated,0,4,2,1,2,2,3
4934,30<=Age<=39,Female,Undergraduate,Married,"$50,000<Income<=$100,000",White,Donated,70,2,1,1,2,2,5
4935,Age>=50,Female,Undergraduate,Married,"Income>$100,000",White,Donated,130,4,1,1,2,3,5
4936,Age<=29,Female,Undergraduate,Married,"$50,000<Income<=$100,000",White,Not Donated,0,1,1,1,2,2,5
4937,Age<=29,Female,Undergraduate,Married,"Income<=$50,000",White,Not Donated,0,1,1,1,2,1,5
4938,40<=Age<=49,Male,Undergraduate,Married,"$50,000<Income<=$100,000",Asian,Not Donated,0,3,2,1,2,2,1
4939,30<=Age<=39,Male,Undergraduate,Married,"$50,000<Income<=$100,000",White,Not Donated,0,2,2,1,2,2,5
4940,Age>=50,Male,Graduate,Married,"$50,000<Income<=$100,000",Black,Donated,110,4,2,2,2,2,2
4941,Age<=29,Female,Undergraduate,Single,"Income<=$50,000",Other,Not Donated,0,1,1,1,1,1,4
4942,Age>=50,Male,Undergraduate,Single,"Income<=$50,000",Asian,Not Donated,0,4,2,1,1,1,1
4943,Age<=29,Male,Undergraduate,Single,"Income<=$50,000",Black,Not Donated,0,1,2,1,1,1,2
4944,Age<=29,Male,Undergraduate,Single,"$50,000<Income<=$100,000",White,Not Donated,0,1,2,1,1,2,5
4945,Age<=29,Male,Undergraduate,Married,"$50,000<Income<=$100,000",White,Donated,80,1,2,1,2,2,5
4946,Age>=50,Female,Undergraduate,Married,"Income<=$50,000",White,Not Donated,0,4,1,1,2,1,5
4947,40<=Age<=49,Female,Undergraduate,Single,"Income<=$50,000",White,Not Donated,0,3,1,1,1,1,5
4948,40<=Age<=49,Female,Undergraduate,Married,"Income<=$50,000",Asian,Donated,85,3,1,1,2,1,1
4949,30<=Age<=39,Female,Undergraduate,Married,"Income<=$50,000",Black,Not Donated,0,2,1,1,2,1,2
4950,30<=Age<=39,Male,Undergraduate,Single,"$50,000<Income<=$100,000",Black,Donated,65,2,2,1,1,2,2
4951,40<=Age<=49,Male,Undergraduate,Married,"$50,000<Income<=$100,000",White,Donated,85,3,2,1,2,2,5
4952,Age<=29,Male,Undergraduate,Single,"Income<=$50,000",Black,Donated,30,1,2,1,1,1,2
4953,40<=Age<=49,Male,Undergraduate,Married,"$50,000<Income<=$100,000",White,Not Donated,0,3,2,1,2,2,5
4954,40<=Age<=49,Female,Undergraduate,Married,"$50,000<Income<=$100,000",Black,Donated,95,3,1,1,2,2,2
4955,Age<=29,Male,Undergraduate,Married,"Income>$100,000",White,Not Donated,0,1,2,1,2,3,5
4956,40<=Age<=49,Male,Undergraduate,Single,"$50,000<Income<=$100,000",White,Donated,85,3,2,1,1,2,5
4957,30<=Age<=39,Female,Undergraduate,Married,"Income>$100,000",Other,Not Donated,0,2,1,1,2,3,4
4958,Age<=29,Male,Undergraduate,Single,"Income>$100,000",White,Donated,95,1,2,1,1,3,5
4959,40<=Age<=49,Male,Undergraduate,Married,"$50,000<Income<=$100,000",Asian,Not Donated,0,3,2,1,2,2,1
4960,40<=Age<=49,Male,Undergraduate,Single,"Income<=$50,000",Black,Donated,65,3,2,1,1,1,2
4961,30<=Age<=39,Female,Undergraduate,Married,"Income<=$50,000",Black,Donated,80,2,1,1,2,1,2
4962,30<=Age<=39,Male,Undergraduate,Single,"Income>$100,000",White,Donated,90,2,2,1,1,3,5
4963,Age<=29,Female,Undergraduate,Married,"Income>$100,000",Hispanic,Donated,65,1,1,1,2,3,3
4964,Age<=29,Male,Undergraduate,Married,"$50,000<Income<=$100,000",White,Not Donated,0,1,2,1,2,2,5
4965,40<=Age<=49,Male,Undergraduate,Single,"$50,000<Income<=$100,000",Other,Donated,105,3,2,1,1,2,4
4966,30<=Age<=39,Female,Undergraduate,Single,"$50,000<Income<=$100,000",Hispanic,Not Donated,0,2,1,1,1,2,3
4967,Age>=50,Male,Undergraduate,Single,"Income>$100,000",Other,Not Donated,0,4,2,1,1,3,4
4968,30<=Age<=39,Female,Undergraduate,Single,"Income>$100,000",White,Not Donated,0,2,1,1,1,3,5
4969,30<=Age<=39,Male,Undergraduate,Single,"Income<=$50,000",Hispanic,Not Donated,0,2,2,1,1,1,3
4970,30<=Age<=39,Male,Undergraduate,Married,"Income<=$50,000",Other,Not Donated,0,2,2,1,2,1,4
4971,30<=Age<=39,Female,Undergraduate,Married,"Income>$100,000",Hispanic,Not Donated,0,2,1,1,2,3,3
4972,40<=Age<=49,Male,Undergraduate,Married,"Income>$100,000",Asian,Not Donated,0,3,2,1,2,3,1
4973,Age>=50,Female,Undergraduate,Married,"Income>$100,000",White,Donated,165,4,1,1,2,3,5
4974,Age<=29,Male,Undergraduate,Married,"Income>$100,000",White,Not Donated,0,1,2,1,2,3,5
4975,Age<=29,Male,Undergraduate,Single,"Income>$100,000",White,Not Donated,0,1,2,1,1,3,5
4976,40<=Age<=49,Female,Undergraduate,Married,"$50,000<Income<=$100,000",White,Donated,100,3,1,1,2,2,5
4977,40<=Age<=49,Female,Undergraduate,Married,"Income<=$50,000",Black,Donated,85,3,1,1,2,1,2
4978,Age>=50,Female,Graduate,Single,"Income>$100,000",White,Not Donated,0,4,1,2,1,3,5
4979,30<=Age<=39,Female,Graduate,Single,"Income>$100,000",White,Donated,135,2,1,2,1,3,5
4980,40<=Age<=49,Male,Undergraduate,Married,"Income<=$50,000",Hispanic,Donated,80,3,2,1,2,1,3
4981,40<=Age<=49,Female,Undergraduate,Single,"$50,000<Income<=$100,000",Other,Not Donated,0,3,1,1,1,2,4
4982,30<=Age<=39,Male,Undergraduate,Single,"$50,000<Income<=$100,000",White,Donated,60,2,2,1,1,2,5
4983,Age>=50,Male,Graduate,Married,"Income>$100,000",Hispanic,Not Donated,0,4,2,2,2,3,3
4984,30<=Age<=39,Male,Graduate,Married,"Income<=$50,000",Black,Not Donated,0,2,2,2,2,1,2
4985,Age<=29,Male,Undergraduate,Married,"$50,000<Income<=$100,000",Hispanic,Donated,55,1,2,1,2,2,3
4986,30<=Age<=39,Female,Undergraduate,Single,"Income>$100,000",White,Donated,100,2,1,1,1,3,5
4987,30<=Age<=39,Male,Undergraduate,Married,"Income<=$50,000",White,Not Donated,0,2,2,1,2,1,5
4988,Age<=29,Female,Undergraduate,Married,"Income>$100,000",White,Donated,105,1,1,1,2,3,5
4989,40<=Age<=49,Male,Undergraduate,Married,"Income<=$50,000",White,Not Donated,0,3,2,1,2,1,5
4990,Age<=29,Female,Undergraduate,Single,"$50,000<Income<=$100,000",Black,Donated,50,1,1,1,1,2,2
4991,Age>=50,Female,Undergraduate,Single,"$50,000<Income<=$100,000",Black,Not Donated,0,4,1,1,1,2,2
4992,Age<=29,Female,Undergraduate,Married,"$50,000<Income<=$100,000",Other,Not Donated,0,1,1,1,2,2,4
4993,Age<=29,Male,Undergraduate,Married,"Income>$100,000",Hispanic,Not Donated,0,1,2,1,2,3,3
4994,40<=Age<=49,Female,Undergraduate,Married,"Income<=$50,000",Other,Not Donated,0,3,1,1,2,1,4
4995,30<=Age<=39,Male,Undergraduate,Single,"$50,000<Income<=$100,000",White,Not Donated,0,2,2,1,1,2,5
4996,Age>=50,Female,Undergraduate,Single,"Income>$100,000",White,Donated,150,4,1,1,1,3,5
4997,30<=Age<=39,Female,Undergraduate,Married,"$50,000<Income<=$100,000",White,Not Donated,0,2,1,1,2,2,5
4998,30<=Age<=39,Male,Undergraduate,Married,"$50,000<Income<=$100,000",Hispanic,Donated,85,2,2,1,2,2,3
4999,Age<=29,Female,Graduate,Single,"Income<=$50,000",Other,Donated,50,1,1,2,1,1,4
5000,Age>=50,Female,Undergraduate,Married,"Income<=$50,000",White,Not Donated,0,4,1,1,2,1,5
5001,Age<=29,Male,Undergraduate,Married,"Income>$100,000",Asian,Not Donated,0,1,2,1,2,3,1
5002,40<=Age<=49,Male,Undergraduate,Single,"Income<=$50,000",White,Donated,60,3,2,1,1,1,5
5003,Age>=50,Male,Undergraduate,Married,"Income<=$50,000",Asian,Not Donated,0,4,2,1,2,1,1
5004,40<=Age<=49,Male,Undergraduate,Married,"$50,000<Income<=$100,000",Hispanic,Not Donated,0,3,2,1,2,2,3
5005,Age<=29,Female,Undergraduate,Single,"Income<=$50,000",White,Not Donated,0,1,1,1,1,1,5
5006,40<=Age<=49,Male,Undergraduate,Married,"Income>$100,000",White,Not Donated,0,3,2,1,2,3,5
5007,Age<=29,Female,Undergraduate,Married,"Income<=$50,000",Hispanic,Not Donated,0,1,1,1,2,1,3
5008,Age<=29,Female,Undergraduate,Married,"Income<=$50,000",Asian,Not Donated,0,1,1,1,2,1,1
5009,30<=Age<=39,Male,Undergraduate,Married,"$50,000<Income<=$100,000",White,Not Donated,0,2,2,1,2,2,5
5010,40<=Age<=49,Male,Undergraduate,Single,"Income<=$50,000",White,Not Donated,0,3,2,1,1,1,5
5011,30<=Age<=39,Male,Graduate,Single,"$50,000<Income<=$100,000",White,Not Donated,0,2,2,2,1,2,5
5012,Age<=29,Male,Undergraduate,Married,"Income>$100,000",White,Donated,95,1,2,1,2,3,5
5013,40<=Age<=49,Male,Graduate,Single,"Income<=$50,000",White,Donated,90,3,2,2,1,1,5
5014,30<=Age<=39,Male,Undergraduate,Married,"Income>$100,000",Hispanic,Donated,115,2,2,1,2,3,3
5015,Age>=50,Female,Undergraduate,Single,"Income<=$50,000",White,Not Donated,0,4,1,1,1,1,5
5016,30<=Age<=39,Female,Undergraduate,Married,"Income<=$50,000",White,Donated,65,2,1,1,2,1,5
5017,30<=Age<=39,Female,Undergraduate,Single,"$50,000<Income<=$100,000",White,Not Donated,0,2,1,1,1,2,5
5018,Age<=29,Male,Undergraduate,Single,"$50,000<Income<=$100,000",White,Not Donated,0,1,2,1,1,2,5
5019,Age<=29,Male,Undergraduate,Married,"Income<=$50,000",White,Not Donated,0,1,2,1,2,1,5
5020,30<=Age<=39,Female,Undergraduate,Married,"$50,000<Income<=$100,000",White,Not Donated,0,2,1,1,2,2,5
5021,40<=Age<=49,Female,Undergraduate,Married,"$50,000<Income<=$100,000",Asian,Not Donated,0,3,1,1,2,2,1
5022,Age<=29,Female,Undergraduate,Married,"Income>$100,000",White,Not Donated,0,1,1,1,2,3,5
5023,Age>=50,Male,Undergraduate,Single,"Income<=$50,000",White,Not Donated,0,4,2,1,1,1,5
5024,Age<=29,Female,Undergraduate,Single,"Income<=$50,000",White,Not Donated,0,1,1,1,1,1,5
5025,Age<=29,Female,Undergraduate,Married,"Income>$100,000",White,Not Donated,0,1,1,1,2,3,5
5026,30<=Age<=39,Male,Undergraduate,Married,"Income<=$50,000",Black,Donated,55,2,2,1,2,1,2
5027,30<=Age<=39,Female,Undergraduate,Married,"Income<=$50,000",White,Not Donated,0,2,1,1,2,1,5
5028,30<=Age<=39,Female,Undergraduate,Single,"Income<=$50,000",White,Not Donated,0,2,1,1,1,1,5
5029,40<=Age<=49,Female,Undergraduate,Married,"Income<=$50,000",Asian,Not Donated,0,3,1,1,2,1,1
5030,30<=Age<=39,Female,Undergraduate,Married,"Income>$100,000",White,Not Donated,0,2,1,1,2,3,5
5031,40<=Age<=49,Male,Undergraduate,Single,"Income<=$50,000",Black,Not Donated,0,3,2,1,1,1,2
5032,40<=Age<=49,Female,Undergraduate,Married,"Income<=$50,000",White,Not Donated,0,3,1,1,2,1,5
5033,Age>=50,Female,Graduate,Single,"$50,000<Income<=$100,000",White,Not Donated,0,4,1,2,1,2,5
5034,40<=Age<=49,Male,Graduate,Married,"Income>$100,000",Asian,Not Donated,0,3,2,2,2,3,1
5035,40<=Age<=49,Male,Undergraduate,Single,"Income>$100,000",White,Donated,125,3,2,1,1,3,5
5036,Age<=29,Female,Undergraduate,Married,"$50,000<Income<=$100,000",Asian,Not Donated,0,1,1,1,2,2,1
5037,40<=Age<=49,Female,Graduate,Married,"Income>$100,000",Asian,Not Donated,0,3,1,2,2,3,1
5038,Age>=50,Male,Undergraduate,Married,"$50,000<Income<=$100,000",White,Not Donated,0,4,2,1,2,2,5
5039,40<=Age<=49,Male,Undergraduate,Married,"$50,000<Income<=$100,000",White,Not Donated,0,3,2,1,2,2,5
5040,Age<=29,Male,Undergraduate,Married,"Income<=$50,000",White,Not Donated,0,1,2,1,2,1,5
5041,40<=Age<=49,Male,Undergraduate,Married,"$50,000<Income<=$100,000",Asian,Donated,105,3,2,1,2,2,1
5042,30<=Age<=39,Male,Undergraduate,Single,"Income>$100,000",White,Donated,100,2,2,1,1,3,5
5043,Age<=29,Male,Undergraduate,Single,"$50,000<Income<=$100,000",White,Donated,40,1,2,1,1,2,5
5044,Age<=29,Female,Undergraduate,Married,"Income<=$50,000",Asian,Not Donated,0,1,1,1,2,1,1
5045,Age<=29,Male,Undergraduate,Married,"Income<=$50,000",White,Not Donated,0,1,2,1,2,1,5
5046,Age>=50,Male,Undergraduate,Married,"Income<=$50,000",Asian,Not Donated,0,4,2,1,2,1,1
5047,40<=Age<=49,Male,Undergraduate,Married,"$50,000<Income<=$100,000",Black,Not Donated,0,3,2,1,2,2,2
5048,40<=Age<=49,Female,Undergraduate,Single,"$50,000<Income<=$100,000",White,Not Donated,0,3,1,1,1,2,5
5049,30<=Age<=39,Male,Undergraduate,Married,"Income<=$50,000",Hispanic,Not Donated,0,2,2,1,2,1,3
5050,30<=Age<=39,Female,Undergraduate,Single,"$50,000<Income<=$100,000",Black,Not Donated,0,2,1,1,1,2,2
5051,Age>=50,Female,Undergraduate,Married,"Income<=$50,000",Hispanic,Not Donated,0,4,1,1,2,1,3
5052,40<=Age<=49,Female,Undergraduate,Married,"Income<=$50,000",White,Not Donated,0,3,1,1,2,1,5
5053,Age<=29,Female,Undergraduate,Married,"$50,000<Income<=$100,000",Other,Not Donated,0,1,1,1,2,2,4
5054,Age<=29,Female,Undergraduate,Married,"Income>$100,000",White,Not Donated,0,1,1,1,2,3,5
5055,30<=Age<=39,Female,Undergraduate,Single,"Income<=$50,000",Black,Not Donated,0,2,1,1,1,1,2
5056,Age<=29,Female,Graduate,Single,"$50,000<Income<=$100,000",Asian,Donated,65,1,1,2,1,2,1
5057,40<=Age<=49,Male,Undergraduate,Married,"$50,000<Income<=$100,000",Asian,Not Donated,0,3,2,1,2,2,1
5058,Age<=29,Male,Graduate,Single,"Income<=$50,000",Hispanic,Not Donated,0,1,2,2,1,1,3
5059,40<=Age<=49,Male,Undergraduate,Married,"Income<=$50,000",White,Not Donated,0,3,2,1,2,1,5
5060,30<=Age<=39,Male,Undergraduate,Married,"Income<=$50,000",Black,Not Donated,0,2,2,1,2,1,2
5061,Age<=29,Female,Undergraduate,Single,"Income>$100,000",White,Not Donated,0,1,1,1,1,3,5
5062,30<=Age<=39,Female,Undergraduate,Single,"$50,000<Income<=$100,000",Asian,Not Donated,0,2,1,1,1,2,1
5063,40<=Age<=49,Male,Undergraduate,Married,"Income<=$50,000",White,Not Donated,0,3,2,1,2,1,5
5064,Age<=29,Male,Undergraduate,Married,"Income<=$50,000",White,Not Donated,0,1,2,1,2,1,5
5065,Age<=29,Male,Undergraduate,Married,"$50,000<Income<=$100,000",White,Donated,70,1,2,1,2,2,5
5066,Age<=29,Male,Undergraduate,Married,"Income<=$50,000",Asian,Not Donated,0,1,2,1,2,1,1
5067,30<=Age<=39,Female,Graduate,Married,"Income<=$50,000",Hispanic,Not Donated,0,2,1,2,2,1,3
5068,40<=Age<=49,Female,Undergraduate,Married,"$50,000<Income<=$100,000",White,Donated,75,3,1,1,2,2,5
5069,40<=Age<=49,Female,Undergraduate,Single,"Income<=$50,000",White,Not Donated,0,3,1,1,1,1,5
5070,30<=Age<=39,Male,Undergraduate,Single,"$50,000<Income<=$100,000",Hispanic,Donated,85,2,2,1,1,2,3
5071,Age<=29,Male,Undergraduate,Single,"Income<=$50,000",Asian,Donated,35,1,2,1,1,1,1
5072,Age<=29,Female,Undergraduate,Married,"Income<=$50,000",White,Not Donated,0,1,1,1,2,1,5
5073,Age<=29,Male,Undergraduate,Married,"Income>$100,000",Black,Donated,85,1,2,1,2,3,2
5074,40<=Age<=49,Female,Graduate,Married,"$50,000<Income<=$100,000",White,Not Donated,0,3,1,2,2,2,5
5075,Age>=50,Female,Undergraduate,Single,"$50,000<Income<=$100,000",White,Not Donated,0,4,1,1,1,2,5
5076,Age>=50,Male,Undergraduate,Single,"$50,000<Income<=$100,000",White,Donated,110,4,2,1,1,2,5
5077,40<=Age<=49,Male,Undergraduate,Married,"$50,000<Income<=$100,000",Black,Not Donated,0,3,2,1,2,2,2
5078,40<=Age<=49,Female,Undergraduate,Single,"Income<=$50,000",White,Not Donated,0,3,1,1,1,1,5
5079,Age<=29,Female,Undergraduate,Married,"Income>$100,000",Asian,Not Donated,0,1,1,1,2,3,1
5080,Age<=29,Female,Undergraduate,Single,"$50,000<Income<=$100,000",White,Donated,45,1,1,1,1,2,5
5081,Age<=29,Female,Undergraduate,Married,"Income>$100,000",Other,Donated,100,1,1,1,2,3,4
5082,40<=Age<=49,Female,Undergraduate,Married,"Income>$100,000",White,Donated,100,3,1,1,2,3,5
5083,Age<=29,Male,Undergraduate,Single,"Income>$100,000",Asian,Not Donated,0,1,2,1,1,3,1
5084,Age>=50,Female,Graduate,Single,"$50,000<Income<=$100,000",Hispanic,Not Donated,0,4,1,2,1,2,3
5085,Age<=29,Female,Undergraduate,Single,"Income<=$50,000",White,Donated,15,1,1,1,1,1,5
5086,30<=Age<=39,Female,Undergraduate,Single,"Income<=$50,000",White,Donated,55,2,1,1,1,1,5
5087,30<=Age<=39,Male,Undergraduate,Married,"Income<=$50,000",White,Not Donated,0,2,2,1,2,1,5
5088,30<=Age<=39,Female,Undergraduate,Married,"$50,000<Income<=$100,000",Hispanic,Not Donated,0,2,1,1,2,2,3
5089,Age<=29,Male,Undergraduate,Single,"Income<=$50,000",White,Not Donated,0,1,2,1,1,1,5
5090,30<=Age<=39,Male,Graduate,Married,"Income<=$50,000",White,Not Donated,0,2,2,2,2,1,5
5091,Age>=50,Male,Undergraduate,Single,"Income<=$50,000",Other,Donated,95,4,2,1,1,1,4
5092,Age>=50,Male,Undergraduate,Single,"$50,000<Income<=$100,000",White,Not Donated,0,4,2,1,1,2,5
5093,30<=Age<=39,Female,Undergraduate,Married,"Income>$100,000",White,Donated,135,2,1,1,2,3,5
5094,30<=Age<=39,Male,Undergraduate,Married,"$50,000<Income<=$100,000",White,Not Donated,0,2,2,1,2,2,5
5095,Age<=29,Female,Undergraduate,Married,"Income>$100,000",White,Donated,85,1,1,1,2,3,5
5096,30<=Age<=39,Female,Undergraduate,Single,"$50,000<Income<=$100,000",Asian,Not Donated,0,2,1,1,1,2,1
5097,30<=Age<=39,Male,Undergraduate,Married,"Income<=$50,000",White,Not Donated,0,2,2,1,2,1,5
5098,Age<=29,Female,Undergraduate,Single,"Income<=$50,000",Black,Donated,25,1,1,1,1,1,2
5099,Age<=29,Male,Undergraduate,Married,"Income<=$50,000",White,Not Donated,0,1,2,1,2,1,5
5100,40<=Age<=49,Male,Undergraduate,Single,"Income>$100,000",White,Not Donated,0,3,2,1,1,3,5
5101,Age>=50,Female,Undergraduate,Married,"$50,000<Income<=$100,000",White,Donated,115,4,1,1,2,2,5
5102,30<=Age<=39,Male,Undergraduate,Single,"$50,000<Income<=$100,000",Black,Not Donated,0,2,2,1,1,2,2
5103,40<=Age<=49,Male,Undergraduate,Married,"Income>$100,000",White,Not Donated,0,3,2,1,2,3,5
5104,30<=Age<=39,Male,Undergraduate,Married,"Income<=$50,000",Black,Donated,55,2,2,1,2,1,2
5105,40<=Age<=49,Female,Graduate,Single,"Income<=$50,000",Hispanic,Not Donated,0,3,1,2,1,1,3
5106,30<=Age<=39,Male,Undergraduate,Married,"$50,000<Income<=$100,000",Black,Donated,75,2,2,1,2,2,2
5107,30<=Age<=39,Female,Undergraduate,Single,"$50,000<Income<=$100,000",Black,Donated,60,2,1,1,1,2,2
5108,Age<=29,Male,Undergraduate,Single,"Income<=$50,000",White,Donated,15,1,2,1,1,1,5
5109,30<=Age<=39,Male,Undergraduate,Married,"$50,000<Income<=$100,000",White,Not Donated,0,2,2,1,2,2,5
5110,40<=Age<=49,Female,Undergraduate,Married,"Income<=$50,000",White,Not Donated,0,3,1,1,2,1,5
5111,Age<=29,Female,Undergraduate,Married,"Income<=$50,000",White,Donated,30,1,1,1,2,1,5
5112,40<=Age<=49,Female,Undergraduate,Married,"Income<=$50,000",White,Donated,95,3,1,1,2,1,5
5113,30<=Age<=39,Female,Undergraduate,Married,"Income<=$50,000",Hispanic,Donated,65,2,1,1,2,1,3
5114,Age<=29,Female,Undergraduate,Married,"Income<=$50,000",Other,Donated,50,1,1,1,2,1,4
5115,30<=Age<=39,Female,Undergraduate,Married,"Income<=$50,000",Asian,Not Donated,0,2,1,1,2,1,1
5116,40<=Age<=49,Female,Graduate,Single,"Income<=$50,000",White,Donated,90,3,1,2,1,1,5
5117,30<=Age<=39,Male,Graduate,Married,"$50,000<Income<=$100,000",Asian,Donated,95,2,2,2,2,2,1
5118,30<=Age<=39,Female,Undergraduate,Married,"$50,000<Income<=$100,000",White,Donated,70,2,1,1,2,2,5
5119,Age<=29,Female,Undergraduate,Single,"Income>$100,000",White,Donated,105,1,1,1,1,3,5
5120,Age<=29,Male,Undergraduate,Married,"Income<=$50,000",Black,Not Donated,0,1,2,1,2,1,2
5121,Age>=50,Female,Undergraduate,Single,"Income>$100,000",White,Not Donated,0,4,1,1,1,3,5
5122,30<=Age<=39,Female,Undergraduate,Married,"Income<=$50,000",Hispanic,Not Donated,0,2,1,1,2,1,3
5123,Age<=29,Female,Undergraduate,Single,"Income<=$50,000",White,Donated,10,1,1,1,1,1,5
5124,40<=Age<=49,Male,Undergraduate,Single,"Income>$100,000",Hispanic,Donated,100,3,2,1,1,3,3
5125,30<=Age<=39,Female,Undergraduate,Married,"Income<=$50,000",Hispanic,Donated,55,2,1,1,2,1,3
5126,Age>=50,Male,Undergraduate,Married,"Income<=$50,000",White,Not Donated,0,4,2,1,2,1,5
5127,Age<=29,Male,Undergraduate,Single,"Income>$100,000",Hispanic,Donated,65,1,2,1,1,3,3
5128,40<=Age<=49,Male,Graduate,Married,"$50,000<Income<=$100,000",Asian,Not Donated,0,3,2,2,2,2,1
5129,Age<=29,Female,Undergraduate,Married,"Income<=$50,000",Hispanic,Donated,30,1,1,1,2,1,3
5130,40<=Age<=49,Female,Undergraduate,Married,"Income<=$50,000",Black,Not Donated,0,3,1,1,2,1,2
5131,40<=Age<=49,Male,Undergraduate,Single,"Income>$100,000",Black,Not Donated,0,3,2,1,1,3,2
5132,Age>=50,Male,Undergraduate,Married,"Income>$100,000",White,Donated,125,4,2,1,2,3,5
5133,Age>=50,Female,Undergraduate,Married,"$50,000<Income<=$100,000",White,Donated,105,4,1,1,2,2,5
5134,30<=Age<=39,Male,Graduate,Married,"Income<=$50,000",Asian,Not Donated,0,2,2,2,2,1,1
5135,30<=Age<=39,Male,Undergraduate,Married,"Income<=$50,000",Hispanic,Not Donated,0,2,2,1,2,1,3
5136,Age<=29,Female,Undergraduate,Single,"$50,000<Income<=$100,000",White,Not Donated,0,1,1,1,1,2,5
5137,Age<=29,Male,Undergraduate,Single,"$50,000<Income<=$100,000",White,Donated,55,1,2,1,1,2,5
5138,40<=Age<=49,Female,Undergraduate,Single,"Income<=$50,000",Asian,Not Donated,0,3,1,1,1,1,1
5139,40<=Age<=49,Male,Undergraduate,Married,"Income>$100,000",White,Donated,155,3,2,1,2,3,5
5140,Age>=50,Female,Undergraduate,Single,"$50,000<Income<=$100,000",White,Not Donated,0,4,1,1,1,2,5
5141,30<=Age<=39,Male,Undergraduate,Single,"Income<=$50,000",White,Donated,55,2,2,1,1,1,5
5142,Age>=50,Male,Undergraduate,Married,"Income<=$50,000",Other,Not Donated,0,4,2,1,2,1,4
5143,40<=Age<=49,Female,Undergraduate,Married,"Income>$100,000",Hispanic,Donated,150,3,1,1,2,3,3
5144,Age<=29,Male,Undergraduate,Married,"Income<=$50,000",Black,Not Donated,0,1,2,1,2,1,2
5145,30<=Age<=39,Female,Undergraduate,Single,"$50,000<Income<=$100,000",White,Not Donated,0,2,1,1,1,2,5
5146,40<=Age<=49,Male,Undergraduate,Married,"Income<=$50,000",White,Donated,75,3,2,1,2,1,5
5147,Age<=29,Female,Undergraduate,Married,"Income<=$50,000",Hispanic,Not Donated,0,1,1,1,2,1,3
5148,40<=Age<=49,Female,Undergraduate,Married,"$50,000<Income<=$100,000",White,Not Donated,0,3,1,1,2,2,5
5149,40<=Age<=49,Female,Graduate,Single,"Income<=$50,000",Hispanic,Donated,70,3,1,2,1,1,3
5150,Age<=29,Female,Undergraduate,Single,"$50,000<Income<=$100,000",White,Donated,50,1,1,1,1,2,5
5151,Age<=29,Male,Undergraduate,Married,"Income<=$50,000",White,Not Donated,0,1,2,1,2,1,5
5152,Age<=29,Male,Undergraduate,Single,"Income<=$50,000",White,Not Donated,0,1,2,1,1,1,5
5153,30<=Age<=39,Male,Undergraduate,Married,"Income<=$50,000",Hispanic,Not Donated,0,2,2,1,2,1,3
5154,30<=Age<=39,Female,Undergraduate,Married,"Income<=$50,000",White,Not Donated,0,2,1,1,2,1,5
5155,40<=Age<=49,Male,Graduate,Single,"Income<=$50,000",White,Donated,85,3,2,2,1,1,5
5156,40<=Age<=49,Male,Undergraduate,Single,"Income>$100,000",Hispanic,Not Donated,0,3,2,1,1,3,3
5157,30<=Age<=39,Female,Undergraduate,Single,"$50,000<Income<=$100,000",Black,Not Donated,0,2,1,1,1,2,2
5158,40<=Age<=49,Male,Undergraduate,Married,"$50,000<Income<=$100,000",White,Not Donated,0,3,2,1,2,2,5
5159,40<=Age<=49,Male,Undergraduate,Married,"Income>$100,000",Asian,Donated,115,3,2,1,2,3,1
5160,30<=Age<=39,Male,Undergraduate,Married,"$50,000<Income<=$100,000",Black,Donated,90,2,2,1,2,2,2
5161,Age<=29,Female,Graduate,Single,"Income<=$50,000",Hispanic,Not Donated,0,1,1,2,1,1,3
5162,Age<=29,Male,Undergraduate,Married,"Income<=$50,000",Other,Donated,25,1,2,1,2,1,4
5163,40<=Age<=49,Male,Undergraduate,Married,"Income<=$50,000",White,Not Donated,0,3,2,1,2,1,5
5164,Age>=50,Female,Graduate,Married,"Income<=$50,000",Hispanic,Donated,95,4,1,2,2,1,3
5165,Age>=50,Male,Undergraduate,Single,"Income>$100,000",White,Not Donated,0,4,2,1,1,3,5
5166,30<=Age<=39,Male,Undergraduate,Single,"Income>$100,000",Hispanic,Donated,95,2,2,1,1,3,3
5167,40<=Age<=49,Female,Undergraduate,Single,"$50,000<Income<=$100,000",White,Not Donated,0,3,1,1,1,2,5
5168,Age<=29,Male,Undergraduate,Married,"Income>$100,000",White,Not Donated,0,1,2,1,2,3,5
5169,30<=Age<=39,Female,Undergraduate,Married,"Income<=$50,000",White,Not Donated,0,2,1,1,2,1,5
5170,40<=Age<=49,Female,Undergraduate,Married,"Income<=$50,000",White,Not Donated,0,3,1,1,2,1,5
5171,Age<=29,Male,Undergraduate,Married,"Income<=$50,000",Other,Donated,30,1,2,1,2,1,4
5172,Age>=50,Male,Undergraduate,Married,"Income<=$50,000",Black,Not Donated,0,4,2,1,2,1,2
5173,30<=Age<=39,Female,Undergraduate,Married,"$50,000<Income<=$100,000",White,Donated,100,2,1,1,2,2,5
5174,40<=Age<=49,Male,Undergraduate,Married,"$50,000<Income<=$100,000",White,Donated,95,3,2,1,2,2,5
5175,40<=Age<=49,Male,Undergraduate,Married,"Income<=$50,000",White,Not Donated,0,3,2,1,2,1,5
5176,30<=Age<=39,Male,Undergraduate,Single,"Income>$100,000",White,Donated,115,2,2,1,1,3,5
5177,Age>=50,Male,Undergraduate,Single,"Income<=$50,000",White,Not Donated,0,4,2,1,1,1,5
5178,40<=Age<=49,Female,Graduate,Married,"Income<=$50,000",White,Not Donated,0,3,1,2,2,1,5
5179,Age<=29,Male,Undergraduate,Single,"Income<=$50,000",White,Not Donated,0,1,2,1,1,1,5
5180,Age<=29,Male,Undergraduate,Married,"Income>$100,000",Black,Donated,85,1,2,1,2,3,2
5181,Age<=29,Male,Undergraduate,Married,"Income<=$50,000",White,Not Donated,0,1,2,1,2,1,5
5182,Age<=29,Male,Undergraduate,Married,"$50,000<Income<=$100,000",Hispanic,Not Donated,0,1,2,1,2,2,3
5183,40<=Age<=49,Male,Undergraduate,Married,"Income<=$50,000",Black,Donated,80,3,2,1,2,1,2
5184,Age<=29,Female,Undergraduate,Single,"Income<=$50,000",White,Donated,35,1,1,1,1,1,5
5185,40<=Age<=49,Female,Undergraduate,Married,"Income>$100,000",White,Not Donated,0,3,1,1,2,3,5
5186,Age<=29,Male,Undergraduate,Single,"Income<=$50,000",Hispanic,Donated,40,1,2,1,1,1,3
5187,Age<=29,Female,Undergraduate,Married,"Income<=$50,000",Asian,Not Donated,0,1,1,1,2,1,1
5188,40<=Age<=49,Female,Undergraduate,Married,"$50,000<Income<=$100,000",White,Not Donated,0,3,1,1,2,2,5
5189,Age>=50,Female,Undergraduate,Married,"$50,000<Income<=$100,000",White,Donated,120,4,1,1,2,2,5
5190,Age<=29,Female,Undergraduate,Married,"Income<=$50,000",Asian,Not Donated,0,1,1,1,2,1,1
5191,40<=Age<=49,Female,Undergraduate,Married,"Income<=$50,000",White,Not Donated,0,3,1,1,2,1,5
5192,30<=Age<=39,Male,Undergraduate,Single,"$50,000<Income<=$100,000",White,Donated,50,2,2,1,1,2,5
5193,40<=Age<=49,Male,Undergraduate,Married,"Income>$100,000",White,Not Donated,0,3,2,1,2,3,5
5194,Age>=50,Female,Undergraduate,Single,"$50,000<Income<=$100,000",Hispanic,Not Donated,0,4,1,1,1,2,3
5195,30<=Age<=39,Female,Undergraduate,Married,"$50,000<Income<=$100,000",Black,Not Donated,0,2,1,1,2,2,2
5196,40<=Age<=49,Female,Undergraduate,Married,"Income>$100,000",Black,Donated,110,3,1,1,2,3,2
5197,Age<=29,Female,Undergraduate,Single,"Income<=$50,000",Asian,Not Donated,0,1,1,1,1,1,1
5198,30<=Age<=39,Female,Undergraduate,Single,"Income<=$50,000",White,Not Donated,0,2,1,1,1,1,5
5199,30<=Age<=39,Male,Undergraduate,Married,"Income>$100,000",Hispanic,Donated,95,2,2,1,2,3,3
5200,40<=Age<=49,Female,Undergraduate,Single,"Income<=$50,000",White,Not Donated,0,3,1,1,1,1,5
5201,40<=Age<=49,Male,Undergraduate,Married,"Income<=$50,000",Hispanic,Not Donated,0,3,2,1,2,1,3
5202,40<=Age<=49,Male,Undergraduate,Single,"Income<=$50,000",Hispanic,Not Donated,0,3,2,1,1,1,3
5203,Age<=29,Male,Undergraduate,Married,"$50,000<Income<=$100,000",Hispanic,Not Donated,0,1,2,1,2,2,3
5204,40<=Age<=49,Male,Undergraduate,Single,"$50,000<Income<=$100,000",Other,Donated,85,3,2,1,1,2,4
5205,Age<=29,Female,Undergraduate,Single,"$50,000<Income<=$100,000",Black,Not Donated,0,1,1,1,1,2,2
5206,30<=Age<=39,Female,Undergraduate,Married,"$50,000<Income<=$100,000",White,Donated,100,2,1,1,2,2,5
5207,30<=Age<=39,Male,Undergraduate,Married,"Income<=$50,000",White,Not Donated,0,2,2,1,2,1,5
5208,30<=Age<=39,Male,Undergraduate,Married,"$50,000<Income<=$100,000",White,Not Donated,0,2,2,1,2,2,5
5209,40<=Age<=49,Male,Undergraduate,Single,"Income<=$50,000",Other,Donated,75,3,2,1,1,1,4
5210,40<=Age<=49,Female,Undergraduate,Married,"Income<=$50,000",Hispanic,Not Donated,0,3,1,1,2,1,3
5211,Age>=50,Male,Undergraduate,Married,"Income>$100,000",White,Donated,115,4,2,1,2,3,5
5212,40<=Age<=49,Male,Undergraduate,Single,"$50,000<Income<=$100,000",White,Donated,80,3,2,1,1,2,5
5213,40<=Age<=49,Male,Undergraduate,Single,"Income>$100,000",Asian,Donated,150,3,2,1,1,3,1
5214,40<=Age<=49,Female,Undergraduate,Single,"$50,000<Income<=$100,000",Hispanic,Not Donated,0,3,1,1,1,2,3
5215,Age<=29,Male,Undergraduate,Single,"Income>$100,000",White,Not Donated,0,1,2,1,1,3,5
5216,30<=Age<=39,Female,Undergraduate,Single,"$50,000<Income<=$100,000",White,Not Donated,0,2,1,1,1,2,5
5217,40<=Age<=49,Male,Undergraduate,Single,"Income<=$50,000",Black,Not Donated,0,3,2,1,1,1,2
5218,Age>=50,Male,Undergraduate,Single,"$50,000<Income<=$100,000",White,Donated,100,4,2,1,1,2,5
5219,Age<=29,Male,Undergraduate,Single,"Income<=$50,000",White,Not Donated,0,1,2,1,1,1,5
5220,Age<=29,Male,Undergraduate,Single,"Income<=$50,000",White,Donated,15,1,2,1,1,1,5
5221,40<=Age<=49,Male,Graduate,Married,"Income>$100,000",White,Not Donated,0,3,2,2,2,3,5
5222,40<=Age<=49,Female,Undergraduate,Single,"$50,000<Income<=$100,000",Asian,Donated,90,3,1,1,1,2,1
5223,Age>=50,Female,Graduate,Married,"Income<=$50,000",Asian,Not Donated,0,4,1,2,2,1,1
5224,40<=Age<=49,Female,Undergraduate,Married,"Income>$100,000",White,Not Donated,0,3,1,1,2,3,5
5225,40<=Age<=49,Male,Graduate,Single,"$50,000<Income<=$100,000",Asian,Not Donated,0,3,2,2,1,2,1
5226,Age>=50,Female,Undergraduate,Single,"Income>$100,000",White,Not Donated,0,4,1,1,1,3,5
5227,40<=Age<=49,Female,Undergraduate,Single,"$50,000<Income<=$100,000",White,Not Donated,0,3,1,1,1,2,5
5228,Age<=29,Male,Undergraduate,Single,"$50,000<Income<=$100,000",White,Donated,45,1,2,1,1,2,5
5229,30<=Age<=39,Male,Undergraduate,Married,"Income<=$50,000",Asian,Donated,60,2,2,1,2,1,1
5230,40<=Age<=49,Male,Undergraduate,Married,"Income>$100,000",White,Donated,120,3,2,1,2,3,5
5231,Age<=29,Male,Undergraduate,Single,"Income<=$50,000",White,Not Donated,0,1,2,1,1,1,5
5232,40<=Age<=49,Male,Undergraduate,Single,"$50,000<Income<=$100,000",Black,Not Donated,0,3,2,1,1,2,2
5233,30<=Age<=39,Male,Undergraduate,Married,"Income<=$50,000",White,Not Donated,0,2,2,1,2,1,5
5234,40<=Age<=49,Male,Undergraduate,Single,"Income<=$50,000",Black,Donated,65,3,2,1,1,1,2
5235,Age>=50,Female,Undergraduate,Married,"Income<=$50,000",White,Not Donated,0,4,1,1,2,1,5
5236,Age<=29,Female,Undergraduate,Single,"Income<=$50,000",White,Not Donated,0,1,1,1,1,1,5
5237,Age<=29,Female,Undergraduate,Single,"$50,000<Income<=$100,000",White,Not Donated,0,1,1,1,1,2,5
5238,40<=Age<=49,Male,Undergraduate,Single,"Income<=$50,000",White,Donated,65,3,2,1,1,1,5
5239,40<=Age<=49,Female,Graduate,Single,"$50,000<Income<=$100,000",Black,Donated,115,3,1,2,1,2,2
5240,30<=Age<=39,Female,Undergraduate,Married,"Income>$100,000",Black,Donated,100,2,1,1,2,3,2
5241,Age>=50,Female,Undergraduate,Married,"Income>$100,000",White,Not Donated,0,4,1,1,2,3,5
5242,Age<=29,Female,Undergraduate,Married,"$50,000<Income<=$100,000",White,Not Donated,0,1,1,1,2,2,5
5243,40<=Age<=49,Male,Graduate,Single,"Income>$100,000",White,Not Donated,0,3,2,2,1,3,5
5244,Age>=50,Male,Undergraduate,Single,"Income<=$50,000",White,Not Donated,0,4,2,1,1,1,5
5245,Age<=29,Female,Undergraduate,Married,"Income>$100,000",White,Donated,80,1,1,1,2,3,5
5246,30<=Age<=39,Female,Graduate,Single,"Income<=$50,000",Hispanic,Not Donated,0,2,1,2,1,1,3
5247,30<=Age<=39,Female,Undergraduate,Married,"Income<=$50,000",Black,Not Donated,0,2,1,1,2,1,2
5248,30<=Age<=39,Female,Undergraduate,Married,"Income<=$50,000",Hispanic,Donated,45,2,1,1,2,1,3
5249,Age>=50,Male,Undergraduate,Single,"$50,000<Income<=$100,000",White,Not Donated,0,4,2,1,1,2,5
5250,Age<=29,Female,Undergraduate,Married,"$50,000<Income<=$100,000",White,Not Donated,0,1,1,1,2,2,5
5251,30<=Age<=39,Male,Undergraduate,Single,"Income>$100,000",Other,Donated,95,2,2,1,1,3,4
5252,40<=Age<=49,Male,Undergraduate,Married,"Income<=$50,000",White,Not Donated,0,3,2,1,2,1,5
5253,Age<=29,Female,Undergraduate,Single,"$50,000<Income<=$100,000",Asian,Donated,60,1,1,1,1,2,1
5254,Age<=29,Female,Graduate,Married,"$50,000<Income<=$100,000",White,Donated,60,1,1,2,2,2,5
5255,Age>=50,Female,Undergraduate,Single,"Income>$100,000",Black,Not Donated,0,4,1,1,1,3,2
5256,30<=Age<=39,Female,Undergraduate,Married,"Income>$100,000",White,Not Donated,0,2,1,1,2,3,5
5257,Age<=29,Male,Undergraduate,Married,"$50,000<Income<=$100,000",Asian,Donated,45,1,2,1,2,2,1
5258,40<=Age<=49,Male,Undergraduate,Single,"$50,000<Income<=$100,000",White,Donated,80,3,2,1,1,2,5
5259,30<=Age<=39,Male,Graduate,Married,"Income>$100,000",White,Donated,135,2,2,2,2,3,5
5260,40<=Age<=49,Male,Undergraduate,Married,"Income>$100,000",White,Donated,140,3,2,1,2,3,5
5261,40<=Age<=49,Female,Undergraduate,Married,"Income<=$50,000",Hispanic,Donated,90,3,1,1,2,1,3
5262,Age>=50,Male,Undergraduate,Single,"Income<=$50,000",White,Not Donated,0,4,2,1,1,1,5
5263,40<=Age<=49,Female,Undergraduate,Married,"$50,000<Income<=$100,000",White,Donated,120,3,1,1,2,2,5
5264,Age>=50,Female,Undergraduate,Single,"$50,000<Income<=$100,000",Hispanic,Not Donated,0,4,1,1,1,2,3
5265,Age>=50,Female,Undergraduate,Married,"$50,000<Income<=$100,000",White,Donated,115,4,1,1,2,2,5
5266,Age<=29,Male,Undergraduate,Married,"$50,000<Income<=$100,000",White,Donated,70,1,2,1,2,2,5
5267,Age<=29,Male,Undergraduate,Married,"$50,000<Income<=$100,000",Asian,Donated,40,1,2,1,2,2,1
5268,40<=Age<=49,Female,Undergraduate,Single,"$50,000<Income<=$100,000",Black,Not Donated,0,3,1,1,1,2,2
5269,40<=Age<=49,Female,Undergraduate,Married,"$50,000<Income<=$100,000",White,Not Donated,0,3,1,1,2,2,5
5270,Age<=29,Female,Undergraduate,Married,"Income<=$50,000",Hispanic,Not Donated,0,1,1,1,2,1,3
5271,40<=Age<=49,Female,Undergraduate,Single,"Income<=$50,000",Asian,Not Donated,0,3,1,1,1,1,1
5272,Age<=29,Male,Undergraduate,Married,"$50,000<Income<=$100,000",White,Not Donated,0,1,2,1,2,2,5
5273,Age<=29,Female,Undergraduate,Married,"Income>$100,000",White,Not Donated,0,1,1,1,2,3,5
5274,40<=Age<=49,Male,Undergraduate,Single,"Income<=$50,000",White,Not Donated,0,3,2,1,1,1,5
5275,40<=Age<=49,Male,Undergraduate,Single,"$50,000<Income<=$100,000",White,Donated,95,3,2,1,1,2,5
5276,Age>=50,Male,Undergraduate,Married,"Income>$100,000",Hispanic,Not Donated,0,4,2,1,2,3,3
5277,Age<=29,Female,Undergraduate,Single,"Income<=$50,000",White,Not Donated,0,1,1,1,1,1,5
5278,Age<=29,Female,Graduate,Married,"$50,000<Income<=$100,000",White,Donated,75,1,1,2,2,2,5
5279,Age<=29,Female,Undergraduate,Married,"$50,000<Income<=$100,000",Black,Donated,45,1,1,1,2,2,2
5280,30<=Age<=39,Male,Undergraduate,Married,"Income>$100,000",Asian,Donated,125,2,2,1,2,3,1
5281,Age>=50,Female,Undergraduate,Single,"Income<=$50,000",White,Not Donated,0,4,1,1,1,1,5
5282,40<=Age<=49,Male,Undergraduate,Married,"Income<=$50,000",White,Not Donated,0,3,2,1,2,1,5
5283,40<=Age<=49,Male,Undergraduate,Single,"$50,000<Income<=$100,000",White,Donated,85,3,2,1,1,2,5
5284,30<=Age<=39,Female,Undergraduate,Married,"Income>$100,000",Black,Donated,120,2,1,1,2,3,2
5285,Age<=29,Female,Undergraduate,Married,"$50,000<Income<=$100,000",White,Not Donated,0,1,1,1,2,2,5
5286,Age<=29,Female,Graduate,Married,"$50,000<Income<=$100,000",Hispanic,Not Donated,0,1,1,2,2,2,3
5287,30<=Age<=39,Female,Undergraduate,Married,"Income<=$50,000",Asian,Not Donated,0,2,1,1,2,1,1
5288,Age<=29,Female,Undergraduate,Single,"Income>$100,000",Hispanic,Not Donated,0,1,1,1,1,3,3
5289,Age<=29,Male,Undergraduate,Single,"Income<=$50,000",Hispanic,Not Donated,0,1,2,1,1,1,3
5290,30<=Age<=39,Female,Undergraduate,Married,"$50,000<Income<=$100,000",White,Not Donated,0,2,1,1,2,2,5
5291,30<=Age<=39,Male,Undergraduate,Single,"Income<=$50,000",Hispanic,Not Donated,0,2,2,1,1,1,3
5292,Age<=29,Male,Undergraduate,Married,"Income<=$50,000",Black,Donated,30,1,2,1,2,1,2
5293,40<=Age<=49,Male,Undergraduate,Married,"$50,000<Income<=$100,000",White,Not Donated,0,3,2,1,2,2,5
5294,Age<=29,Male,Undergraduate,Married,"$50,000<Income<=$100,000",Other,Not Donated,0,1,2,1,2,2,4
5295,40<=Age<=49,Male,Undergraduate,Single,"Income<=$50,000",Hispanic,Not Donated,0,3,2,1,1,1,3
5296,Age>=50,Female,Graduate,Married,"Income<=$50,000",Hispanic,Not Donated,0,4,1,2,2,1,3
5297,Age<=29,Male,Undergraduate,Single,"$50,000<Income<=$100,000",White,Not Donated,0,1,2,1,1,2,5
5298,40<=Age<=49,Male,Undergraduate,Married,"Income<=$50,000",Black,Donated,70,3,2,1,2,1,2
5299,Age<=29,Male,Undergraduate,Married,"Income<=$50,000",White,Donated,50,1,2,1,2,1,5
5300,30<=Age<=39,Male,Undergraduate,Married,"Income>$100,000",Hispanic,Not Donated,0,2,2,1,2,3,3
5301,Age>=50,Female,Undergraduate,Single,"$50,000<Income<=$100,000",White,Donated,105,4,1,1,1,2,5
5302,40<=Age<=49,Female,Undergraduate,Married,"Income<=$50,000",White,Not Donated,0,3,1,1,2,1,5
5303,40<=Age<=49,Female,Undergraduate,Married,"Income<=$50,000",White,Not Donated,0,3,1,1,2,1,5
5304,Age<=29,Male,Undergraduate,Married,"$50,000<Income<=$100,000",White,Not Donated,0,1,2,1,2,2,5
5305,30<=Age<=39,Female,Undergraduate,Married,"$50,000<Income<=$100,000",Hispanic,Donated,70,2,1,1,2,2,3
5306,Age>=50,Female,Undergraduate,Single,"Income>$100,000",White,Donated,130,4,1,1,1,3,5
5307,40<=Age<=49,Male,Graduate,Single,"$50,000<Income<=$100,000",White,Donated,95,3,2,2,1,2,5
5308,40<=Age<=49,Male,Undergraduate,Married,"Income<=$50,000",White,Donated,80,3,2,1,2,1,5
5309,Age<=29,Female,Undergraduate,Married,"Income<=$50,000",White,Donated,55,1,1,1,2,1,5
5310,30<=Age<=39,Male,Undergraduate,Single,"$50,000<Income<=$100,000",White,Not Donated,0,2,2,1,1,2,5
5311,30<=Age<=39,Female,Undergraduate,Single,"Income<=$50,000",White,Not Donated,0,2,1,1,1,1,5
5312,30<=Age<=39,Male,Undergraduate,Married,"Income<=$50,000",Black,Not Donated,0,2,2,1,2,1,2
5313,40<=Age<=49,Male,Undergraduate,Married,"Income<=$50,000",White,Donated,75,3,2,1,2,1,5
5314,Age<=29,Female,Undergraduate,Single,"Income<=$50,000",Hispanic,Not Donated,0,1,1,1,1,1,3
5315,Age<=29,Male,Undergraduate,Single,"Income<=$50,000",Black,Donated,15,1,2,1,1,1,2
5316,Age<=29,Female,Undergraduate,Married,"Income<=$50,000",White,Donated,25,1,1,1,2,1,5
5317,Age<=29,Female,Undergraduate,Married,"Income<=$50,000",Other,Not Donated,0,1,1,1,2,1,4
5318,Age<=29,Female,Undergraduate,Married,"Income<=$50,000",White,Not Donated,0,1,1,1,2,1,5
5319,Age<=29,Male,Undergraduate,Single,"Income<=$50,000",Hispanic,Not Donated,0,1,2,1,1,1,3
5320,Age<=29,Female,Undergraduate,Married,"$50,000<Income<=$100,000",White,Not Donated,0,1,1,1,2,2,5
5321,Age<=29,Female,Undergraduate,Single,"$50,000<Income<=$100,000",Hispanic,Not Donated,0,1,1,1,1,2,3
5322,30<=Age<=39,Male,Undergraduate,Married,"$50,000<Income<=$100,000",White,Not Donated,0,2,2,1,2,2,5
5323,Age<=29,Female,Undergraduate,Single,"$50,000<Income<=$100,000",White,Donated,65,1,1,1,1,2,5
5324,Age<=29,Male,Undergraduate,Single,"Income<=$50,000",White,Donated,25,1,2,1,1,1,5
5325,30<=Age<=39,Female,Undergraduate,Single,"Income<=$50,000",White,Not Donated,0,2,1,1,1,1,5
5326,30<=Age<=39,Male,Undergraduate,Single,"Income<=$50,000",White,Not Donated,0,2,2,1,1,1,5
5327,40<=Age<=49,Female,Undergraduate,Single,"Income<=$50,000",White,Not Donated,0,3,1,1,1,1,5
5328,Age<=29,Female,Undergraduate,Married,"Income<=$50,000",White,Not Donated,0,1,1,1,2,1,5
5329,Age>=50,Female,Undergraduate,Married,"Income<=$50,000",White,Not Donated,0,4,1,1,2,1,5
5330,30<=Age<=39,Female,Undergraduate,Married,"Income<=$50,000",White,Not Donated,0,2,1,1,2,1,5
5331,40<=Age<=49,Female,Undergraduate,Married,"$50,000<Income<=$100,000",Other,Not Donated,0,3,1,1,2,2,4
5332,40<=Age<=49,Female,Undergraduate,Married,"$50,000<Income<=$100,000",White,Donated,90,3,1,1,2,2,5
5333,Age>=50,Male,Undergraduate,Married,"$50,000<Income<=$100,000",White,Not Donated,0,4,2,1,2,2,5
5334,40<=Age<=49,Female,Undergraduate,Married,"Income<=$50,000",White,Not Donated,0,3,1,1,2,1,5
5335,40<=Age<=49,Female,Undergraduate,Single,"Income>$100,000",Black,Not Donated,0,3,1,1,1,3,2
5336,30<=Age<=39,Male,Undergraduate,Married,"Income<=$50,000",White,Donated,60,2,2,1,2,1,5
5337,40<=Age<=49,Male,Undergraduate,Married,"Income<=$50,000",White,Not Donated,0,3,2,1,2,1,5
5338,Age<=29,Female,Graduate,Single,"Income<=$50,000",White,Not Donated,0,1,1,2,1,1,5
5339,Age>=50,Female,Undergraduate,Single,"$50,000<Income<=$100,000",White,Donated,110,4,1,1,1,2,5
5340,Age<=29,Male,Undergraduate,Single,"Income<=$50,000",White,Donated,30,1,2,1,1,1,5
5341,40<=Age<=49,Female,Undergraduate,Married,"Income>$100,000",Asian,Not Donated,0,3,1,1,2,3,1
5342,30<=Age<=39,Male,Undergraduate,Married,"Income<=$50,000",White,Not Donated,0,2,2,1,2,1,5
5343,Age>=50,Male,Undergraduate,Single,"Income<=$50,000",White,Not Donated,0,4,2,1,1,1,5
5344,40<=Age<=49,Female,Undergraduate,Single,"Income<=$50,000",Hispanic,Donated,60,3,1,1,1,1,3
5345,40<=Age<=49,Female,Undergraduate,Single,"$50,000<Income<=$100,000",White,Donated,85,3,1,1,1,2,5
5346,Age>=50,Female,Undergraduate,Married,"Income<=$50,000",White,Not Donated,0,4,1,1,2,1,5
5347,Age<=29,Female,Undergraduate,Married,"$50,000<Income<=$100,000",White,Not Donated,0,1,1,1,2,2,5
5348,40<=Age<=49,Male,Undergraduate,Married,"Income<=$50,000",Hispanic,Not Donated,0,3,2,1,2,1,3
5349,40<=Age<=49,Male,Undergraduate,Married,"Income<=$50,000",White,Not Donated,0,3,2,1,2,1,5
5350,Age<=29,Male,Undergraduate,Single,"$50,000<Income<=$100,000",Hispanic,Donated,50,1,2,1,1,2,3
5351,Age>=50,Female,Undergraduate,Single,"$50,000<Income<=$100,000",White,Not Donated,0,4,1,1,1,2,5
5352,Age<=29,Female,Undergraduate,Married,"$50,000<Income<=$100,000",White,Donated,40,1,1,1,2,2,5
5353,30<=Age<=39,Male,Undergraduate,Single,"$50,000<Income<=$100,000",White,Donated,80,2,2,1,1,2,5
5354,30<=Age<=39,Female,Undergraduate,Single,"$50,000<Income<=$100,000",Hispanic,Not Donated,0,2,1,1,1,2,3
5355,Age>=50,Male,Undergraduate,Single,"$50,000<Income<=$100,000",Black,Not Donated,0,4,2,1,1,2,2
5356,30<=Age<=39,Female,Undergraduate,Single,"Income<=$50,000",White,Not Donated,0,2,1,1,1,1,5
5357,30<=Age<=39,Female,Undergraduate,Married,"Income>$100,000",White,Not Donated,0,2,1,1,2,3,5
5358,30<=Age<=39,Male,Undergraduate,Married,"$50,000<Income<=$100,000",Black,Not Donated,0,2,2,1,2,2,2
5359,40<=Age<=49,Female,Undergraduate,Married,"Income<=$50,000",Black,Donated,75,3,1,1,2,1,2
5360,Age<=29,Male,Undergraduate,Single,"Income<=$50,000",White,Not Donated,0,1,2,1,1,1,5
5361,40<=Age<=49,Male,Undergraduate,Married,"$50,000<Income<=$100,000",White,Donated,115,3,2,1,2,2,5
5362,Age<=29,Female,Undergraduate,Married,"Income<=$50,000",Other,Donated,30,1,1,1,2,1,4
5363,40<=Age<=49,Female,Undergraduate,Single,"Income<=$50,000",Hispanic,Not Donated,0,3,1,1,1,1,3
5364,40<=Age<=49,Female,Undergraduate,Married,"Income<=$50,000",White,Not Donated,0,3,1,1,2,1,5
5365,30<=Age<=39,Female,Undergraduate,Married,"$50,000<Income<=$100,000",White,Not Donated,0,2,1,1,2,2,5
5366,30<=Age<=39,Male,Undergraduate,Single,"Income<=$50,000",White,Not Donated,0,2,2,1,1,1,5
5367,30<=Age<=39,Female,Undergraduate,Single,"Income<=$50,000",Hispanic,Not Donated,0,2,1,1,1,1,3
5368,30<=Age<=39,Female,Undergraduate,Married,"Income<=$50,000",White,Donated,65,2,1,1,2,1,5
5369,40<=Age<=49,Male,Undergraduate,Single,"Income>$100,000",Hispanic,Donated,105,3,2,1,1,3,3
5370,Age<=29,Male,Graduate,Married,"Income<=$50,000",Asian,Not Donated,0,1,2,2,2,1,1
5371,30<=Age<=39,Male,Undergraduate,Married,"Income<=$50,000",White,Not Donated,0,2,2,1,2,1,5
5372,40<=Age<=49,Male,Undergraduate,Married,"Income<=$50,000",Hispanic,Not Donated,0,3,2,1,2,1,3
5373,40<=Age<=49,Male,Undergraduate,Married,"Income<=$50,000",Other,Not Donated,0,3,2,1,2,1,4
5374,Age>=50,Female,Undergraduate,Single,"Income>$100,000",Asian,Not Donated,0,4,1,1,1,3,1
5375,30<=Age<=39,Female,Undergraduate,Married,"$50,000<Income<=$100,000",White,Not Donated,0,2,1,1,2,2,5
5376,40<=Age<=49,Male,Undergraduate,Single,"$50,000<Income<=$100,000",White,Not Donated,0,3,2,1,1,2,5
5377,Age<=29,Male,Graduate,Married,"$50,000<Income<=$100,000",White,Not Donated,0,1,2,2,2,2,5
5378,40<=Age<=49,Male,Graduate,Married,"$50,000<Income<=$100,000",White,Donated,115,3,2,2,2,2,5
5379,Age<=29,Female,Undergraduate,Married,"Income<=$50,000",White,Not Donated,0,1,1,1,2,1,5
5380,Age>=50,Female,Undergraduate,Married,"$50,000<Income<=$100,000",White,Not Donated,0,4,1,1,2,2,5
5381,Age<=29,Male,Undergraduate,Married,"$50,000<Income<=$100,000",White,Donated,75,1,2,1,2,2,5
5382,Age<=29,Male,Undergraduate,Married,"Income<=$50,000",White,Not Donated,0,1,2,1,2,1,5
5383,Age>=50,Male,Undergraduate,Married,"$50,000<Income<=$100,000",White,Donated,125,4,2,1,2,2,5
5384,40<=Age<=49,Male,Undergraduate,Married,"Income<=$50,000",Other,Not Donated,0,3,2,1,2,1,4
5385,Age<=29,Male,Undergraduate,Single,"Income<=$50,000",Black,Not Donated,0,1,2,1,1,1,2
5386,30<=Age<=39,Female,Undergraduate,Married,"$50,000<Income<=$100,000",Hispanic,Not Donated,0,2,1,1,2,2,3
5387,40<=Age<=49,Female,Undergraduate,Married,"Income<=$50,000",Black,Not Donated,0,3,1,1,2,1,2
5388,Age>=50,Female,Undergraduate,Married,"Income<=$50,000",White,Not Donated,0,4,1,1,2,1,5
5389,Age<=29,Male,Undergraduate,Married,"Income<=$50,000",White,Donated,25,1,2,1,2,1,5
5390,40<=Age<=49,Male,Undergraduate,Single,"$50,000<Income<=$100,000",White,Not Donated,0,3,2,1,1,2,5
5391,Age<=29,Female,Graduate,Single,"Income>$100,000",Hispanic,Donated,105,1,1,2,1,3,3
5392,30<=Age<=39,Female,Undergraduate,Married,"Income<=$50,000",White,Not Donated,0,2,1,1,2,1,5
5393,30<=Age<=39,Male,Undergraduate,Married,"Income>$100,000",White,Not Donated,0,2,2,1,2,3,5
5394,30<=Age<=39,Female,Graduate,Married,"$50,000<Income<=$100,000",White,Not Donated,0,2,1,2,2,2,5
5395,30<=Age<=39,Male,Undergraduate,Married,"Income<=$50,000",White,Not Donated,0,2,2,1,2,1,5
5396,40<=Age<=49,Female,Undergraduate,Single,"Income<=$50,000",Asian,Not Donated,0,3,1,1,1,1,1
5397,30<=Age<=39,Female,Undergraduate,Married,"Income>$100,000",White,Not Donated,0,2,1,1,2,3,5
5398,Age<=29,Male,Graduate,Single,"Income>$100,000",Other,Not Donated,0,1,2,2,1,3,4
5399,30<=Age<=39,Female,Graduate,Single,"Income>$100,000",White,Donated,90,2,1,2,1,3,5
5400,Age<=29,Male,Undergraduate,Married,"Income<=$50,000",White,Not Donated,0,1,2,1,2,1,5
5401,Age>=50,Male,Undergraduate,Single,"$50,000<Income<=$100,000",Hispanic,Donated,100,4,2,1,1,2,3
5402,40<=Age<=49,Male,Undergraduate,Single,"$50,000<Income<=$100,000",White,Not Donated,0,3,2,1,1,2,5
5403,30<=Age<=39,Male,Undergraduate,Single,"Income>$100,000",White,Not Donated,0,2,2,1,1,3,5
5404,Age>=50,Male,Graduate,Married,"$50,000<Income<=$100,000",White,Not Donated,0,4,2,2,2,2,5
5405,Age<=29,Male,Undergraduate,Single,"$50,000<Income<=$100,000",Hispanic,Donated,60,1,2,1,1,2,3
5406,30<=Age<=39,Male,Undergraduate,Married,"Income<=$50,000",Asian,Donated,60,2,2,1,2,1,1
5407,30<=Age<=39,Female,Undergraduate,Married,"Income>$100,000",White,Not Donated,0,2,1,1,2,3,5
5408,Age<=29,Male,Undergraduate,Married,"Income>$100,000",White,Donated,75,1,2,1,2,3,5
5409,40<=Age<=49,Male,Undergraduate,Married,"$50,000<Income<=$100,000",Hispanic,Not Donated,0,3,2,1,2,2,3
5410,Age<=29,Male,Undergraduate,Married,"$50,000<Income<=$100,000",Hispanic,Not Donated,0,1,2,1,2,2,3
5411,Age>=50,Male,Undergraduate,Single,"Income<=$50,000",White,Not Donated,0,4,2,1,1,1,5
5412,30<=Age<=39,Male,Undergraduate,Married,"Income<=$50,000",Other,Not Donated,0,2,2,1,2,1,4
5413,Age<=29,Male,Undergraduate,Single,"$50,000<Income<=$100,000",White,Not Donated,0,1,2,1,1,2,5
5414,40<=Age<=49,Male,Undergraduate,Married,"Income<=$50,000",White,Not Donated,0,3,2,1,2,1,5
5415,40<=Age<=49,Male,Undergraduate,Single,"Income>$100,000",White,Donated,130,3,2,1,1,3,5
5416,30<=Age<=39,Male,Undergraduate,Married,"Income>$100,000",White,Not Donated,0,2,2,1,2,3,5
5417,40<=Age<=49,Female,Undergraduate,Single,"Income>$100,000",White,Not Donated,0,3,1,1,1,3,5
5418,Age>=50,Male,Undergraduate,Single,"Income>$100,000",White,Not Donated,0,4,2,1,1,3,5
5419,30<=Age<=39,Female,Graduate,Married,"Income>$100,000",Black,Not Donated,0,2,1,2,2,3,2
5420,40<=Age<=49,Male,Undergraduate,Single,"Income<=$50,000",White,Not Donated,0,3,2,1,1,1,5
5421,Age<=29,Male,Undergraduate,Married,"Income<=$50,000",Hispanic,Donated,40,1,2,1,2,1,3
5422,Age>=50,Male,Graduate,Married,"Income>$100,000",Hispanic,Not Donated,0,4,2,2,2,3,3
5423,30<=Age<=39,Female,Undergraduate,Married,"$50,000<Income<=$100,000",Black,Not Donated,0,2,1,1,2,2,2
5424,Age<=29,Male,Undergraduate,Single,"$50,000<Income<=$100,000",Hispanic,Not Donated,0,1,2,1,1,2,3
5425,40<=Age<=49,Male,Undergraduate,Married,"Income<=$50,000",White,Not Donated,0,3,2,1,2,1,5
5426,40<=Age<=49,Male,Undergraduate,Single,"Income<=$50,000",White,Not Donated,0,3,2,1,1,1,5
5427,40<=Age<=49,Male,Undergraduate,Single,"$50,000<Income<=$100,000",Hispanic,Not Donated,0,3,2,1,1,2,3
5428,Age>=50,Male,Undergraduate,Married,"Income>$100,000",White,Donated,140,4,2,1,2,3,5
5429,Age>=50,Male,Undergraduate,Married,"Income<=$50,000",White,Donated,105,4,2,1,2,1,5
5430,Age>=50,Female,Undergraduate,Married,"Income<=$50,000",Asian,Not Donated,0,4,1,1,2,1,1
5431,Age<=29,Female,Undergraduate,Married,"Income>$100,000",White,Donated,85,1,1,1,2,3,5
5432,40<=Age<=49,Male,Undergraduate,Married,"Income<=$50,000",Black,Not Donated,0,3,2,1,2,1,2
5433,30<=Age<=39,Female,Undergraduate,Married,"Income<=$50,000",White,Not Donated,0,2,1,1,2,1,5
5434,30<=Age<=39,Female,Undergraduate,Single,"$50,000<Income<=$100,000",Black,Not Donated,0,2,1,1,1,2,2
5435,30<=Age<=39,Male,Undergraduate,Married,"$50,000<Income<=$100,000",Hispanic,Donated,65,2,2,1,2,2,3
5436,Age<=29,Male,Undergraduate,Married,"Income<=$50,000",White,Donated,30,1,2,1,2,1,5
5437,30<=Age<=39,Male,Undergraduate,Married,"$50,000<Income<=$100,000",White,Donated,75,2,2,1,2,2,5
5438,Age>=50,Male,Undergraduate,Single,"Income>$100,000",Other,Not Donated,0,4,2,1,1,3,4
5439,30<=Age<=39,Female,Undergraduate,Married,"$50,000<Income<=$100,000",Other,Donated,90,2,1,1,2,2,4
5440,40<=Age<=49,Female,Undergraduate,Married,"Income<=$50,000",White,Not Donated,0,3,1,1,2,1,5
5441,40<=Age<=49,Female,Undergraduate,Married,"$50,000<Income<=$100,000",Hispanic,Donated,90,3,1,1,2,2,3
5442,Age<=29,Male,Undergraduate,Married,"Income>$100,000",White,Not Donated,0,1,2,1,2,3,5
5443,40<=Age<=49,Male,Undergraduate,Married,"Income>$100,000",Black,Not Donated,0,3,2,1,2,3,2
5444,40<=Age<=49,Female,Undergraduate,Married,"$50,000<Income<=$100,000",White,Donated,125,3,1,1,2,2,5
5445,Age<=29,Female,Undergraduate,Single,"$50,000<Income<=$100,000",Asian,Not Donated,0,1,1,1,1,2,1
5446,30<=Age<=39,Female,Graduate,Married,"Income<=$50,000",White,Donated,70,2,1,2,2,1,5
5447,40<=Age<=49,Female,Undergraduate,Single,"Income<=$50,000",Black,Not Donated,0,3,1,1,1,1,2
5448,Age<=29,Female,Undergraduate,Single,"Income>$100,000",White,Donated,75,1,1,1,1,3,5
5449,Age>=50,Female,Undergraduate,Married,"Income<=$50,000",White,Not Donated,0,4,1,1,2,1,5
5450,Age>=50,Male,Undergraduate,Single,"$50,000<Income<=$100,000",White,Not Donated,0,4,2,1,1,2,5
5451,40<=Age<=49,Male,Undergraduate,Married,"Income<=$50,000",White,Not Donated,0,3,2,1,2,1,5
5452,30<=Age<=39,Female,Undergraduate,Single,"Income<=$50,000",White,Donated,45,2,1,1,1,1,5
5453,Age>=50,Male,Graduate,Married,"Income>$100,000",Asian,Donated,165,4,2,2,2,3,1
5454,40<=Age<=49,Female,Undergraduate,Married,"Income<=$50,000",Hispanic,Not Donated,0,3,1,1,2,1,3
5455,Age<=29,Female,Undergraduate,Married,"Income>$100,000",Black,Donated,115,1,1,1,2,3,2
5456,Age<=29,Male,Undergraduate,Single,"Income<=$50,000",Hispanic,Donated,20,1,2,1,1,1,3
5457,Age<=29,Male,Undergraduate,Married,"Income>$100,000",White,Not Donated,0,1,2,1,2,3,5
5458,40<=Age<=49,Female,Undergraduate,Married,"$50,000<Income<=$100,000",Other,Not Donated,0,3,1,1,2,2,4
5459,Age<=29,Male,Undergraduate,Single,"$50,000<Income<=$100,000",Hispanic,Not Donated,0,1,2,1,1,2,3
5460,Age>=50,Male,Undergraduate,Single,"Income<=$50,000",Other,Not Donated,0,4,2,1,1,1,4
5461,Age<=29,Female,Undergraduate,Married,"Income<=$50,000",Asian,Not Donated,0,1,1,1,2,1,1
5462,30<=Age<=39,Male,Undergraduate,Married,"Income>$100,000",Asian,Not Donated,0,2,2,1,2,3,1
5463,Age<=29,Male,Undergraduate,Single,"Income<=$50,000",White,Not Donated,0,1,2,1,1,1,5
5464,40<=Age<=49,Male,Undergraduate,Married,"Income<=$50,000",White,Not Donated,0,3,2,1,2,1,5
5465,30<=Age<=39,Female,Undergraduate,Married,"$50,000<Income<=$100,000",Black,Not Donated,0,2,1,1,2,2,2
5466,Age<=29,Male,Graduate,Single,"Income<=$50,000",White,Not Donated,0,1,2,2,1,1,5
5467,Age<=29,Male,Undergraduate,Single,"$50,000<Income<=$100,000",Asian,Donated,45,1,2,1,1,2,1
5468,30<=Age<=39,Female,Graduate,Single,"$50,000<Income<=$100,000",White,Not Donated,0,2,1,2,1,2,5
5469,30<=Age<=39,Male,Undergraduate,Married,"$50,000<Income<=$100,000",White,Donated,80,2,2,1,2,2,5
5470,Age>=50,Female,Undergraduate,Married,"Income<=$50,000",White,Not Donated,0,4,1,1,2,1,5
5471,30<=Age<=39,Male,Undergraduate,Married,"$50,000<Income<=$100,000",White,Not Donated,0,2,2,1,2,2,5
5472,Age>=50,Male,Undergraduate,Married,"Income<=$50,000",White,Not Donated,0,4,2,1,2,1,5
5473,Age>=50,Female,Undergraduate,Single,"Income<=$50,000",White,Not Donated,0,4,1,1,1,1,5
5474,30<=Age<=39,Female,Undergraduate,Married,"Income<=$50,000",White,Not Donated,0,2,1,1,2,1,5
5475,40<=Age<=49,Female,Undergraduate,Married,"Income<=$50,000",White,Not Donated,0,3,1,1,2,1,5
5476,40<=Age<=49,Female,Undergraduate,Married,"Income<=$50,000",Black,Donated,70,3,1,1,2,1,2
5477,40<=Age<=49,Female,Undergraduate,Married,"Income<=$50,000",White,Not Donated,0,3,1,1,2,1,5
5478,40<=Age<=49,Male,Undergraduate,Married,"Income<=$50,000",White,Not Donated,0,3,2,1,2,1,5
5479,40<=Age<=49,Male,Undergraduate,Single,"Income<=$50,000",White,Donated,65,3,2,1,1,1,5
5480,Age>=50,Male,Undergraduate,Single,"Income<=$50,000",White,Not Donated,0,4,2,1,1,1,5
5481,30<=Age<=39,Female,Undergraduate,Single,"Income<=$50,000",White,Not Donated,0,2,1,1,1,1,5
5482,Age<=29,Male,Undergraduate,Married,"Income>$100,000",White,Donated,70,1,2,1,2,3,5
5483,30<=Age<=39,Male,Undergraduate,Married,"Income<=$50,000",White,Not Donated,0,2,2,1,2,1,5
5484,40<=Age<=49,Male,Undergraduate,Single,"Income<=$50,000",Black,Not Donated,0,3,2,1,1,1,2
5485,30<=Age<=39,Female,Undergraduate,Single,"Income>$100,000",Asian,Not Donated,0,2,1,1,1,3,1
5486,Age<=29,Male,Undergraduate,Married,"$50,000<Income<=$100,000",White,Donated,35,1,2,1,2,2,5
5487,30<=Age<=39,Male,Undergraduate,Married,"$50,000<Income<=$100,000",Hispanic,Not Donated,0,2,2,1,2,2,3
5488,Age<=29,Male,Undergraduate,Married,"Income>$100,000",White,Not Donated,0,1,2,1,2,3,5
5489,40<=Age<=49,Female,Undergraduate,Married,"Income<=$50,000",Asian,Donated,65,3,1,1,2,1,1
5490,30<=Age<=39,Male,Undergraduate,Single,"Income<=$50,000",Asian,Donated,45,2,2,1,1,1,1
5491,Age>=50,Male,Undergraduate,Single,"Income<=$50,000",White,Not Donated,0,4,2,1,1,1,5
5492,Age<=29,Male,Undergraduate,Single,"Income<=$50,000",White,Donated,35,1,2,1,1,1,5
5493,40<=Age<=49,Female,Undergraduate,Single,"Income<=$50,000",Black,Not Donated,0,3,1,1,1,1,2
5494,Age<=29,Female,Undergraduate,Married,"$50,000<Income<=$100,000",Other,Not Donated,0,1,1,1,2,2,4
5495,Age<=29,Male,Undergraduate,Single,"$50,000<Income<=$100,000",Other,Not Donated,0,1,2,1,1,2,4
5496,40<=Age<=49,Male,Undergraduate,Married,"$50,000<Income<=$100,000",White,Not Donated,0,3,2,1,2,2,5
5497,30<=Age<=39,Male,Undergraduate,Single,"$50,000<Income<=$100,000",White,Not Donated,0,2,2,1,1,2,5
5498,Age<=29,Male,Undergraduate,Married,"Income>$100,000",White,Donated,95,1,2,1,2,3,5
5499,Age<=29,Female,Undergraduate,Single,"$50,000<Income<=$100,000",White,Donated,45,1,1,1,1,2,5
5500,Age<=29,Female,Graduate,Married,"Income<=$50,000",White,Not Donated,0,1,1,2,2,1,5
5501,Age<=29,Female,Undergraduate,Married,"Income<=$50,000",Black,Not Donated,0,1,1,1,2,1,2
5502,30<=Age<=39,Female,Undergraduate,Single,"Income<=$50,000",White,Not Donated,0,2,1,1,1,1,5
5503,40<=Age<=49,Female,Undergraduate,Married,"Income<=$50,000",Other,Not Donated,0,3,1,1,2,1,4
5504,30<=Age<=39,Male,Undergraduate,Married,"$50,000<Income<=$100,000",White,Not Donated,0,2,2,1,2,2,5
5505,Age<=29,Female,Undergraduate,Married,"$50,000<Income<=$100,000",Black,Donated,55,1,1,1,2,2,2
5506,30<=Age<=39,Female,Undergraduate,Married,"Income>$100,000",White,Donated,125,2,1,1,2,3,5
5507,30<=Age<=39,Female,Undergraduate,Married,"$50,000<Income<=$100,000",Hispanic,Donated,80,2,1,1,2,2,3
5508,Age<=29,Female,Undergraduate,Married,"Income>$100,000",Asian,Not Donated,0,1,1,1,2,3,1
5509,30<=Age<=39,Male,Undergraduate,Single,"$50,000<Income<=$100,000",Hispanic,Not Donated,0,2,2,1,1,2,3
5510,Age<=29,Male,Undergraduate,Single,"$50,000<Income<=$100,000",White,Donated,50,1,2,1,1,2,5
5511,40<=Age<=49,Female,Undergraduate,Single,"Income<=$50,000",Black,Not Donated,0,3,1,1,1,1,2
5512,40<=Age<=49,Male,Undergraduate,Single,"Income<=$50,000",White,Donated,75,3,2,1,1,1,5
5513,30<=Age<=39,Female,Graduate,Single,"$50,000<Income<=$100,000",White,Not Donated,0,2,1,2,1,2,5
5514,30<=Age<=39,Female,Undergraduate,Single,"Income<=$50,000",Hispanic,Not Donated,0,2,1,1,1,1,3
5515,30<=Age<=39,Male,Undergraduate,Married,"Income<=$50,000",White,Not Donated,0,2,2,1,2,1,5
5516,30<=Age<=39,Male,Undergraduate,Married,"Income<=$50,000",Black,Not Donated,0,2,2,1,2,1,2
5517,30<=Age<=39,Female,Undergraduate,Single,"Income<=$50,000",White,Donated,40,2,1,1,1,1,5
5518,30<=Age<=39,Male,Undergraduate,Married,"Income<=$50,000",White,Donated,50,2,2,1,2,1,5
5519,Age<=29,Male,Undergraduate,Married,"Income<=$50,000",Hispanic,Donated,40,1,2,1,2,1,3
5520,Age<=29,Female,Undergraduate,Married,"$50,000<Income<=$100,000",White,Not Donated,0,1,1,1,2,2,5
5521,30<=Age<=39,Female,Undergraduate,Married,"Income<=$50,000",Black,Not Donated,0,2,1,1,2,1,2
5522,Age>=50,Female,Undergraduate,Single,"$50,000<Income<=$100,000",White,Not Donated,0,4,1,1,1,2,5
5523,40<=Age<=49,Female,Undergraduate,Single,"Income<=$50,000",Other,Not Donated,0,3,1,1,1,1,4
5524,Age>=50,Male,Undergraduate,Single,"$50,000<Income<=$100,000",Asian,Donated,120,4,2,1,1,2,1
5525,40<=Age<=49,Male,Undergraduate,Married,"Income<=$50,000",White,Not Donated,0,3,2,1,2,1,5
5526,Age>=50,Female,Undergraduate,Single,"$50,000<Income<=$100,000",Asian,Not Donated,0,4,1,1,1,2,1
5527,40<=Age<=49,Female,Undergraduate,Married,"Income<=$50,000",White,Donated,70,3,1,1,2,1,5
5528,40<=Age<=49,Female,Graduate,Married,"Income<=$50,000",White,Donated,90,3,1,2,2,1,5
5529,30<=Age<=39,Male,Undergraduate,Married,"Income<=$50,000",White,Not Donated,0,2,2,1,2,1,5
5530,40<=Age<=49,Female,Undergraduate,Married,"$50,000<Income<=$100,000",Hispanic,Donated,80,3,1,1,2,2,3
5531,Age>=50,Male,Undergraduate,Married,"Income<=$50,000",White,Not Donated,0,4,2,1,2,1,5
5532,40<=Age<=49,Female,Graduate,Married,"Income>$100,000",White,Not Donated,0,3,1,2,2,3,5
5533,Age<=29,Female,Undergraduate,Married,"Income<=$50,000",Black,Not Donated,0,1,1,1,2,1,2
5534,Age<=29,Female,Undergraduate,Single,"$50,000<Income<=$100,000",Black,Not Donated,0,1,1,1,1,2,2
5535,Age<=29,Female,Graduate,Married,"$50,000<Income<=$100,000",White,Not Donated,0,1,1,2,2,2,5
5536,30<=Age<=39,Male,Undergraduate,Single,"Income<=$50,000",White,Donated,60,2,2,1,1,1,5
5537,30<=Age<=39,Female,Undergraduate,Single,"Income<=$50,000",Asian,Not Donated,0,2,1,1,1,1,1
5538,40<=Age<=49,Male,Undergraduate,Married,"$50,000<Income<=$100,000",White,Donated,100,3,2,1,2,2,5
5539,Age<=29,Male,Undergraduate,Married,"Income<=$50,000",Black,Not Donated,0,1,2,1,2,1,2
5540,30<=Age<=39,Female,Undergraduate,Married,"$50,000<Income<=$100,000",White,Donated,85,2,1,1,2,2,5
5541,30<=Age<=39,Male,Undergraduate,Single,"$50,000<Income<=$100,000",Black,Donated,65,2,2,1,1,2,2
5542,40<=Age<=49,Male,Undergraduate,Single,"$50,000<Income<=$100,000",White,Not Donated,0,3,2,1,1,2,5
5543,Age>=50,Female,Undergraduate,Married,"$50,000<Income<=$100,000",White,Donated,125,4,1,1,2,2,5
5544,Age>=50,Female,Undergraduate,Married,"Income<=$50,000",White,Not Donated,0,4,1,1,2,1,5
5545,40<=Age<=49,Male,Undergraduate,Married,"Income<=$50,000",White,Not Donated,0,3,2,1,2,1,5
5546,Age<=29,Male,Graduate,Married,"$50,000<Income<=$100,000",White,Donated,75,1,2,2,2,2,5
5547,40<=Age<=49,Male,Graduate,Single,"Income>$100,000",Black,Not Donated,0,3,2,2,1,3,2
5548,Age<=29,Female,Undergraduate,Single,"Income>$100,000",Hispanic,Not Donated,0,1,1,1,1,3,3
5549,30<=Age<=39,Male,Graduate,Married,"$50,000<Income<=$100,000",Asian,Not Donated,0,2,2,2,2,2,1
5550,Age>=50,Male,Undergraduate,Married,"Income<=$50,000",White,Not Donated,0,4,2,1,2,1,5
5551,40<=Age<=49,Female,Undergraduate,Married,"Income<=$50,000",Black,Not Donated,0,3,1,1,2,1,2
5552,Age<=29,Male,Undergraduate,Married,"$50,000<Income<=$100,000",White,Donated,55,1,2,1,2,2,5
5553,40<=Age<=49,Male,Undergraduate,Married,"Income>$100,000",Black,Donated,170,3,2,1,2,3,2
5554,40<=Age<=49,Female,Undergraduate,Single,"Income<=$50,000",Hispanic,Donated,70,3,1,1,1,1,3
5555,30<=Age<=39,Female,Undergraduate,Married,"Income<=$50,000",White,Not Donated,0,2,1,1,2,1,5
5556,40<=Age<=49,Male,Undergraduate,Single,"Income<=$50,000",White,Not Donated,0,3,2,1,1,1,5
5557,Age>=50,Male,Graduate,Single,"Income>$100,000",White,Donated,170,4,2,2,1,3,5
5558,Age<=29,Male,Undergraduate,Married,"Income<=$50,000",White,Donated,30,1,2,1,2,1,5
5559,40<=Age<=49,Female,Undergraduate,Single,"Income<=$50,000",White,Not Donated,0,3,1,1,1,1,5
5560,Age<=29,Male,Undergraduate,Married,"$50,000<Income<=$100,000",Hispanic,Donated,45,1,2,1,2,2,3
5561,Age<=29,Male,Undergraduate,Married,"$50,000<Income<=$100,000",White,Donated,55,1,2,1,2,2,5
5562,Age<=29,Male,Undergraduate,Married,"$50,000<Income<=$100,000",White,Not Donated,0,1,2,1,2,2,5
5563,40<=Age<=49,Male,Undergraduate,Single,"Income>$100,000",Asian,Not Donated,0,3,2,1,1,3,1
5564,Age<=29,Male,Undergraduate,Single,"Income<=$50,000",Black,Donated,35,1,2,1,1,1,2
5565,Age<=29,Male,Undergraduate,Single,"Income>$100,000",White,Donated,85,1,2,1,1,3,5
5566,40<=Age<=49,Female,Undergraduate,Married,"$50,000<Income<=$100,000",White,Not Donated,0,3,1,1,2,2,5
5567,Age>=50,Male,Undergraduate,Single,"Income<=$50,000",White,Donated,90,4,2,1,1,1,5
5568,30<=Age<=39,Female,Undergraduate,Married,"$50,000<Income<=$100,000",White,Not Donated,0,2,1,1,2,2,5
5569,30<=Age<=39,Male,Undergraduate,Single,"Income<=$50,000",White,Not Donated,0,2,2,1,1,1,5
5570,30<=Age<=39,Female,Undergraduate,Single,"Income>$100,000",White,Not Donated,0,2,1,1,1,3,5
5571,Age<=29,Female,Undergraduate,Single,"Income<=$50,000",White,Not Donated,0,1,1,1,1,1,5
5572,Age<=29,Male,Undergraduate,Married,"$50,000<Income<=$100,000",Black,Not Donated,0,1,2,1,2,2,2
5573,Age<=29,Female,Undergraduate,Single,"$50,000<Income<=$100,000",White,Not Donated,0,1,1,1,1,2,5
5574,30<=Age<=39,Female,Undergraduate,Single,"Income<=$50,000",White,Donated,60,2,1,1,1,1,5
5575,Age>=50,Male,Undergraduate,Single,"Income<=$50,000",White,Donated,85,4,2,1,1,1,5
5576,Age<=29,Male,Undergraduate,Married,"Income<=$50,000",White,Not Donated,0,1,2,1,2,1,5
5577,40<=Age<=49,Female,Undergraduate,Single,"$50,000<Income<=$100,000",White,Not Donated,0,3,1,1,1,2,5
5578,30<=Age<=39,Male,Undergraduate,Married,"$50,000<Income<=$100,000",Hispanic,Donated,60,2,2,1,2,2,3
5579,Age>=50,Male,Undergraduate,Married,"Income>$100,000",Black,Not Donated,0,4,2,1,2,3,2
5580,40<=Age<=49,Male,Undergraduate,Married,"Income<=$50,000",White,Not Donated,0,3,2,1,2,1,5
5581,Age<=29,Male,Graduate,Single,"$50,000<Income<=$100,000",Black,Donated,70,1,2,2,1,2,2
5582,Age>=50,Male,Undergraduate,Married,"Income<=$50,000",White,Not Donated,0,4,2,1,2,1,5
5583,Age>=50,Female,Undergraduate,Married,"$50,000<Income<=$100,000",White,Not Donated,0,4,1,1,2,2,5
5584,Age<=29,Male,Undergraduate,Married,"Income<=$50,000",White,Donated,25,1,2,1,2,1,5
5585,Age>=50,Female,Undergraduate,Single,"Income>$100,000",Other,Not Donated,0,4,1,1,1,3,4
5586,40<=Age<=49,Female,Undergraduate,Married,"Income<=$50,000",White,Donated,75,3,1,1,2,1,5
5587,40<=Age<=49,Female,Undergraduate,Married,"$50,000<Income<=$100,000",Asian,Not Donated,0,3,1,1,2,2,1
5588,30<=Age<=39,Female,Undergraduate,Married,"Income>$100,000",Black,Donated,105,2,1,1,2,3,2
5589,40<=Age<=49,Male,Undergraduate,Married,"Income>$100,000",Other,Not Donated,0,3,2,1,2,3,4
5590,40<=Age<=49,Male,Undergraduate,Single,"Income>$100,000",White,Not Donated,0,3,2,1,1,3,5
5591,40<=Age<=49,Male,Graduate,Married,"$50,000<Income<=$100,000",White,Not Donated,0,3,2,2,2,2,5
5592,Age>=50,Female,Undergraduate,Single,"Income<=$50,000",White,Not Donated,0,4,1,1,1,1,5
5593,Age>=50,Male,Undergraduate,Married,"$50,000<Income<=$100,000",White,Not Donated,0,4,2,1,2,2,5
5594,30<=Age<=39,Female,Undergraduate,Single,"Income<=$50,000",Asian,Not Donated,0,2,1,1,1,1,1
5595,40<=Age<=49,Male,Undergraduate,Married,"$50,000<Income<=$100,000",White,Not Donated,0,3,2,1,2,2,5
5596,40<=Age<=49,Male,Undergraduate,Married,"Income<=$50,000",Black,Not Donated,0,3,2,1,2,1,2
5597,40<=Age<=49,Male,Undergraduate,Married,"$50,000<Income<=$100,000",White,Donated,105,3,2,1,2,2,5
5598,Age<=29,Male,Undergraduate,Married,"Income>$100,000",White,Not Donated,0,1,2,1,2,3,5
5599,40<=Age<=49,Male,Undergraduate,Married,"Income<=$50,000",Asian,Not Donated,0,3,2,1,2,1,1
5600,Age>=50,Female,Undergraduate,Married,"Income<=$50,000",Asian,Not Donated,0,4,1,1,2,1,1
5601,40<=Age<=49,Female,Undergraduate,Married,"Income<=$50,000",White,Not Donated,0,3,1,1,2,1,5
5602,40<=Age<=49,Male,Undergraduate,Married,"$50,000<Income<=$100,000",White,Donated,110,3,2,1,2,2,5
5603,Age<=29,Female,Undergraduate,Married,"Income>$100,000",Hispanic,Not Donated,0,1,1,1,2,3,3
5604,30<=Age<=39,Male,Undergraduate,Married,"Income<=$50,000",Black,Not Donated,0,2,2,1,2,1,2
5605,40<=Age<=49,Female,Undergraduate,Married,"$50,000<Income<=$100,000",Asian,Donated,110,3,1,1,2,2,1
5606,Age<=29,Male,Undergraduate,Married,"Income>$100,000",Black,Donated,70,1,2,1,2,3,2
5607,30<=Age<=39,Female,Undergraduate,Single,"$50,000<Income<=$100,000",Black,Not Donated,0,2,1,1,1,2,2
5608,Age<=29,Male,Graduate,Married,"$50,000<Income<=$100,000",White,Donated,70,1,2,2,2,2,5
5609,Age<=29,Male,Undergraduate,Married,"$50,000<Income<=$100,000",Asian,Donated,65,1,2,1,2,2,1
5610,Age<=29,Male,Undergraduate,Married,"$50,000<Income<=$100,000",White,Not Donated,0,1,2,1,2,2,5
5611,30<=Age<=39,Female,Graduate,Single,"$50,000<Income<=$100,000",White,Not Donated,0,2,1,2,1,2,5
5612,Age<=29,Female,Undergraduate,Married,"Income<=$50,000",Black,Not Donated,0,1,1,1,2,1,2
5613,40<=Age<=49,Female,Graduate,Single,"Income<=$50,000",Black,Not Donated,0,3,1,2,1,1,2
5614,40<=Age<=49,Male,Undergraduate,Married,"$50,000<Income<=$100,000",Hispanic,Not Donated,0,3,2,1,2,2,3
5615,Age>=50,Female,Undergraduate,Married,"Income>$100,000",White,Donated,140,4,1,1,2,3,5
5616,40<=Age<=49,Male,Undergraduate,Married,"Income<=$50,000",Hispanic,Not Donated,0,3,2,1,2,1,3
5617,40<=Age<=49,Female,Undergraduate,Single,"Income<=$50,000",Hispanic,Not Donated,0,3,1,1,1,1,3
5618,Age<=29,Female,Undergraduate,Married,"$50,000<Income<=$100,000",White,Donated,55,1,1,1,2,2,5
5619,Age>=50,Male,Undergraduate,Single,"Income>$100,000",White,Donated,145,4,2,1,1,3,5
5620,40<=Age<=49,Female,Undergraduate,Married,"$50,000<Income<=$100,000",White,Donated,110,3,1,1,2,2,5
5621,40<=Age<=49,Male,Undergraduate,Single,"$50,000<Income<=$100,000",Hispanic,Not Donated,0,3,2,1,1,2,3
5622,Age<=29,Female,Undergraduate,Married,"Income<=$50,000",Other,Donated,50,1,1,1,2,1,4
5623,30<=Age<=39,Female,Undergraduate,Single,"Income<=$50,000",Black,Not Donated,0,2,1,1,1,1,2
5624,Age<=29,Male,Undergraduate,Single,"Income>$100,000",White,Donated,85,1,2,1,1,3,5
5625,Age<=29,Female,Undergraduate,Married,"$50,000<Income<=$100,000",White,Not Donated,0,1,1,1,2,2,5
5626,40<=Age<=49,Male,Undergraduate,Married,"$50,000<Income<=$100,000",Other,Not Donated,0,3,2,1,2,2,4
5627,40<=Age<=49,Female,Undergraduate,Married,"$50,000<Income<=$100,000",Black,Donated,105,3,1,1,2,2,2
5628,Age<=29,Female,Undergraduate,Single,"Income>$100,000",Hispanic,Donated,95,1,1,1,1,3,3
5629,40<=Age<=49,Male,Undergraduate,Married,"Income<=$50,000",White,Not Donated,0,3,2,1,2,1,5
5630,Age<=29,Male,Undergraduate,Single,"$50,000<Income<=$100,000",White,Not Donated,0,1,2,1,1,2,5
5631,Age<=29,Male,Undergraduate,Married,"$50,000<Income<=$100,000",White,Not Donated,0,1,2,1,2,2,5
5632,Age>=50,Female,Undergraduate,Married,"Income<=$50,000",Hispanic,Not Donated,0,4,1,1,2,1,3
5633,40<=Age<=49,Female,Undergraduate,Married,"Income<=$50,000",White,Not Donated,0,3,1,1,2,1,5
5634,30<=Age<=39,Female,Undergraduate,Married,"$50,000<Income<=$100,000",Hispanic,Donated,95,2,1,1,2,2,3
5635,40<=Age<=49,Female,Undergraduate,Married,"Income<=$50,000",Black,Not Donated,0,3,1,1,2,1,2
5636,Age<=29,Male,Undergraduate,Married,"$50,000<Income<=$100,000",White,Not Donated,0,1,2,1,2,2,5
5637,Age<=29,Male,Undergraduate,Single,"$50,000<Income<=$100,000",White,Not Donated,0,1,2,1,1,2,5
5638,40<=Age<=49,Female,Undergraduate,Single,"$50,000<Income<=$100,000",White,Not Donated,0,3,1,1,1,2,5
5639,30<=Age<=39,Male,Graduate,Married,"Income>$100,000",Black,Donated,125,2,2,2,2,3,2
5640,Age>=50,Female,Undergraduate,Married,"Income<=$50,000",Black,Not Donated,0,4,1,1,2,1,2
5641,Age<=29,Female,Graduate,Married,"Income<=$50,000",White,Donated,65,1,1,2,2,1,5
5642,Age<=29,Female,Undergraduate,Married,"Income<=$50,000",White,Donated,40,1,1,1,2,1,5
5643,Age<=29,Female,Undergraduate,Married,"$50,000<Income<=$100,000",Hispanic,Donated,55,1,1,1,2,2,3
5644,30<=Age<=39,Female,Graduate,Single,"$50,000<Income<=$100,000",White,Not Donated,0,2,1,2,1,2,5
5645,30<=Age<=39,Male,Undergraduate,Married,"$50,000<Income<=$100,000",White,Not Donated,0,2,2,1,2,2,5
5646,30<=Age<=39,Female,Undergraduate,Single,"$50,000<Income<=$100,000",White,Donated,70,2,1,1,1,2,5
5647,30<=Age<=39,Female,Undergraduate,Single,"Income<=$50,000",White,Not Donated,0,2,1,1,1,1,5
5648,30<=Age<=39,Female,Undergraduate,Single,"$50,000<Income<=$100,000",Hispanic,Donated,65,2,1,1,1,2,3
5649,40<=Age<=49,Female,Undergraduate,Single,"Income<=$50,000",Hispanic,Not Donated,0,3,1,1,1,1,3
5650,Age>=50,Male,Undergraduate,Married,"Income<=$50,000",Black,Donated,90,4,2,1,2,1,2
5651,Age>=50,Female,Undergraduate,Single,"Income<=$50,000",White,Donated,90,4,1,1,1,1,5
5652,30<=Age<=39,Male,Undergraduate,Married,"Income<=$50,000",Hispanic,Not Donated,0,2,2,1,2,1,3
5653,40<=Age<=49,Female,Undergraduate,Married,"Income<=$50,000",White,Not Donated,0,3,1,1,2,1,5
5654,30<=Age<=39,Male,Undergraduate,Married,"$50,000<Income<=$100,000",White,Donated,80,2,2,1,2,2,5
5655,Age<=29,Female,Undergraduate,Single,"$50,000<Income<=$100,000",White,Not Donated,0,1,1,1,1,2,5
5656,Age>=50,Female,Graduate,Single,"Income<=$50,000",Hispanic,Not Donated,0,4,1,2,1,1,3
5657,Age<=29,Female,Undergraduate,Married,"$50,000<Income<=$100,000",White,Donated,70,1,1,1,2,2,5
5658,40<=Age<=49,Male,Undergraduate,Single,"Income<=$50,000",White,Not Donated,0,3,2,1,1,1,5
5659,Age<=29,Female,Undergraduate,Married,"$50,000<Income<=$100,000",Asian,Donated,65,1,1,1,2,2,1
5660,30<=Age<=39,Female,Undergraduate,Single,"$50,000<Income<=$100,000",White,Donated,70,2,1,1,1,2,5
5661,40<=Age<=49,Male,Undergraduate,Single,"Income<=$50,000",White,Donated,85,3,2,1,1,1,5
5662,30<=Age<=39,Female,Graduate,Single,"Income<=$50,000",White,Donated,80,2,1,2,1,1,5
5663,30<=Age<=39,Female,Undergraduate,Single,"$50,000<Income<=$100,000",Asian,Donated,70,2,1,1,1,2,1
5664,Age<=29,Male,Undergraduate,Married,"Income<=$50,000",Other,Not Donated,0,1,2,1,2,1,4
5665,40<=Age<=49,Male,Undergraduate,Married,"$50,000<Income<=$100,000",White,Not Donated,0,3,2,1,2,2,5
5666,40<=Age<=49,Female,Graduate,Single,"Income<=$50,000",Asian,Not Donated,0,3,1,2,1,1,1
5667,30<=Age<=39,Male,Undergraduate,Married,"Income<=$50,000",Hispanic,Donated,65,2,2,1,2,1,3
5668,Age<=29,Male,Undergraduate,Married,"Income>$100,000",White,Not Donated,0,1,2,1,2,3,5
5669,Age>=50,Female,Undergraduate,Married,"Income<=$50,000",Hispanic,Not Donated,0,4,1,1,2,1,3
5670,Age<=29,Male,Undergraduate,Married,"Income>$100,000",Other,Donated,90,1,2,1,2,3,4
5671,40<=Age<=49,Male,Undergraduate,Married,"Income<=$50,000",Hispanic,Not Donated,0,3,2,1,2,1,3
5672,Age<=29,Female,Undergraduate,Married,"Income<=$50,000",White,Not Donated,0,1,1,1,2,1,5
5673,Age>=50,Male,Undergraduate,Single,"$50,000<Income<=$100,000",White,Donated,115,4,2,1,1,2,5
5674,Age>=50,Male,Undergraduate,Married,"Income<=$50,000",White,Donated,85,4,2,1,2,1,5
5675,Age<=29,Female,Undergraduate,Married,"$50,000<Income<=$100,000",Hispanic,Donated,65,1,1,1,2,2,3
5676,Age<=29,Female,Undergraduate,Single,"$50,000<Income<=$100,000",White,Not Donated,0,1,1,1,1,2,5
5677,Age>=50,Female,Undergraduate,Married,"Income>$100,000",White,Not Donated,0,4,1,1,2,3,5
5678,40<=Age<=49,Female,Undergraduate,Married,"Income<=$50,000",White,Not Donated,0,3,1,1,2,1,5
5679,Age<=29,Male,Undergraduate,Single,"$50,000<Income<=$100,000",White,Not Donated,0,1,2,1,1,2,5
5680,30<=Age<=39,Male,Undergraduate,Single,"$50,000<Income<=$100,000",White,Donated,70,2,2,1,1,2,5
5681,Age<=29,Male,Undergraduate,Married,"$50,000<Income<=$100,000",White,Not Donated,0,1,2,1,2,2,5
5682,Age<=29,Male,Undergraduate,Married,"$50,000<Income<=$100,000",Black,Not Donated,0,1,2,1,2,2,2
5683,40<=Age<=49,Female,Undergraduate,Married,"Income<=$50,000",White,Not Donated,0,3,1,1,2,1,5
5684,40<=Age<=49,Male,Undergraduate,Single,"Income<=$50,000",Black,Not Donated,0,3,2,1,1,1,2
5685,Age>=50,Male,Undergraduate,Married,"Income>$100,000",White,Not Donated,0,4,2,1,2,3,5
5686,Age<=29,Female,Undergraduate,Single,"Income>$100,000",White,Donated,90,1,1,1,1,3,5
5687,Age>=50,Female,Undergraduate,Married,"Income>$100,000",Other,Not Donated,0,4,1,1,2,3,4
5688,Age>=50,Female,Undergraduate,Married,"$50,000<Income<=$100,000",Hispanic,Donated,120,4,1,1,2,2,3
5689,Age<=29,Male,Undergraduate,Married,"Income<=$50,000",White,Not Donated,0,1,2,1,2,1,5
5690,Age<=29,Female,Undergraduate,Single,"Income<=$50,000",White,Not Donated,0,1,1,1,1,1,5
5691,40<=Age<=49,Male,Undergraduate,Single,"$50,000<Income<=$100,000",Hispanic,Not Donated,0,3,2,1,1,2,3
5692,30<=Age<=39,Male,Undergraduate,Married,"Income<=$50,000",Asian,Donated,40,2,2,1,2,1,1
5693,Age<=29,Female,Undergraduate,Married,"$50,000<Income<=$100,000",White,Not Donated,0,1,1,1,2,2,5
5694,Age<=29,Male,Undergraduate,Single,"Income>$100,000",White,Donated,85,1,2,1,1,3,5
5695,40<=Age<=49,Male,Undergraduate,Single,"Income<=$50,000",White,Not Donated,0,3,2,1,1,1,5
5696,40<=Age<=49,Female,Undergraduate,Single,"Income<=$50,000",White,Not Donated,0,3,1,1,1,1,5
5697,Age>=50,Female,Undergraduate,Married,"Income>$100,000",White,Donated,130,4,1,1,2,3,5
5698,Age>=50,Female,Undergraduate,Married,"$50,000<Income<=$100,000",White,Donated,100,4,1,1,2,2,5
5699,Age<=29,Male,Undergraduate,Married,"Income<=$50,000",Asian,Not Donated,0,1,2,1,2,1,1
5700,40<=Age<=49,Female,Undergraduate,Married,"Income<=$50,000",White,Not Donated,0,3,1,1,2,1,5
5701,40<=Age<=49,Male,Undergraduate,Married,"Income<=$50,000",White,Not Donated,0,3,2,1,2,1,5
5702,Age>=50,Male,Undergraduate,Married,"$50,000<Income<=$100,000",White,Not Donated,0,4,2,1,2,2,5
5703,Age<=29,Male,Undergraduate,Married,"Income>$100,000",Black,Donated,85,1,2,1,2,3,2
5704,Age<=29,Female,Undergraduate,Married,"$50,000<Income<=$100,000",Other,Donated,50,1,1,1,2,2,4
5705,Age>=50,Female,Undergraduate,Single,"$50,000<Income<=$100,000",White,Not Donated,0,4,1,1,1,2,5
5706,30<=Age<=39,Male,Undergraduate,Married,"Income<=$50,000",Hispanic,Not Donated,0,2,2,1,2,1,3
5707,Age<=29,Female,Undergraduate,Single,"$50,000<Income<=$100,000",Hispanic,Donated,45,1,1,1,1,2,3
5708,40<=Age<=49,Male,Undergraduate,Single,"Income<=$50,000",White,Not Donated,0,3,2,1,1,1,5
5709,40<=Age<=49,Male,Undergraduate,Single,"Income>$100,000",White,Not Donated,0,3,2,1,1,3,5
5710,30<=Age<=39,Female,Graduate,Single,"$50,000<Income<=$100,000",Asian,Donated,100,2,1,2,1,2,1
5711,Age>=50,Female,Undergraduate,Married,"Income>$100,000",Black,Not Donated,0,4,1,1,2,3,2
5712,Age>=50,Male,Undergraduate,Married,"Income<=$50,000",White,Not Donated,0,4,2,1,2,1,5
5713,Age<=29,Female,Undergraduate,Single,"Income>$100,000",White,Donated,100,1,1,1,1,3,5
5714,Age<=29,Male,Undergraduate,Married,"Income<=$50,000",Hispanic,Donated,35,1,2,1,2,1,3
5715,Age>=50,Female,Graduate,Married,"Income<=$50,000",White,Donated,115,4,1,2,2,1,5
5716,Age>=50,Male,Undergraduate,Married,"Income<=$50,000",Hispanic,Not Donated,0,4,2,1,2,1,3
5717,40<=Age<=49,Female,Graduate,Married,"$50,000<Income<=$100,000",White,Not Donated,0,3,1,2,2,2,5
5718,30<=Age<=39,Male,Undergraduate,Single,"$50,000<Income<=$100,000",White,Not Donated,0,2,2,1,1,2,5
5719,Age<=29,Female,Undergraduate,Married,"$50,000<Income<=$100,000",White,Not Donated,0,1,1,1,2,2,5
5720,30<=Age<=39,Male,Undergraduate,Single,"$50,000<Income<=$100,000",Asian,Donated,75,2,2,1,1,2,1
5721,Age<=29,Male,Undergraduate,Married,"Income<=$50,000",Asian,Not Donated,0,1,2,1,2,1,1
5722,40<=Age<=49,Female,Graduate,Married,"Income<=$50,000",Hispanic,Donated,90,3,1,2,2,1,3
5723,40<=Age<=49,Male,Undergraduate,Single,"Income<=$50,000",Hispanic,Donated,70,3,2,1,1,1,3
5724,Age<=29,Male,Undergraduate,Single,"Income<=$50,000",White,Not Donated,0,1,2,1,1,1,5
5725,40<=Age<=49,Female,Undergraduate,Married,"Income<=$50,000",Hispanic,Not Donated,0,3,1,1,2,1,3
5726,Age<=29,Female,Undergraduate,Single,"Income>$100,000",White,Not Donated,0,1,1,1,1,3,5
5727,30<=Age<=39,Male,Undergraduate,Married,"Income>$100,000",White,Donated,115,2,2,1,2,3,5
5728,30<=Age<=39,Male,Undergraduate,Single,"Income<=$50,000",White,Not Donated,0,2,2,1,1,1,5
5729,30<=Age<=39,Male,Undergraduate,Married,"$50,000<Income<=$100,000",White,Not Donated,0,2,2,1,2,2,5
5730,30<=Age<=39,Female,Graduate,Married,"Income<=$50,000",White,Donated,70,2,1,2,2,1,5
5731,40<=Age<=49,Female,Undergraduate,Single,"Income>$100,000",White,Not Donated,0,3,1,1,1,3,5
5732,Age<=29,Female,Undergraduate,Married,"$50,000<Income<=$100,000",White,Not Donated,0,1,1,1,2,2,5
5733,40<=Age<=49,Female,Undergraduate,Married,"Income<=$50,000",Black,Not Donated,0,3,1,1,2,1,2
5734,30<=Age<=39,Female,Undergraduate,Married,"Income<=$50,000",Black,Not Donated,0,2,1,1,2,1,2
5735,40<=Age<=49,Male,Undergraduate,Married,"Income<=$50,000",White,Not Donated,0,3,2,1,2,1,5
5736,Age>=50,Female,Undergraduate,Single,"$50,000<Income<=$100,000",White,Not Donated,0,4,1,1,1,2,5
5737,30<=Age<=39,Male,Undergraduate,Married,"$50,000<Income<=$100,000",Black,Donated,75,2,2,1,2,2,2
5738,Age<=29,Male,Undergraduate,Married,"Income>$100,000",Other,Donated,105,1,2,1,2,3,4
5739,40<=Age<=49,Male,Undergraduate,Married,"$50,000<Income<=$100,000",White,Not Donated,0,3,2,1,2,2,5
5740,30<=Age<=39,Male,Undergraduate,Married,"Income<=$50,000",White,Not Donated,0,2,2,1,2,1,5
5741,Age<=29,Female,Undergraduate,Single,"Income<=$50,000",Hispanic,Not Donated,0,1,1,1,1,1,3
5742,30<=Age<=39,Male,Undergraduate,Married,"Income<=$50,000",White,Not Donated,0,2,2,1,2,1,5
5743,Age<=29,Female,Undergraduate,Married,"$50,000<Income<=$100,000",Asian,Not Donated,0,1,1,1,2,2,1
5744,30<=Age<=39,Female,Undergraduate,Married,"Income>$100,000",White,Donated,130,2,1,1,2,3,5
5745,40<=Age<=49,Female,Graduate,Single,"$50,000<Income<=$100,000",Black,Not Donated,0,3,1,2,1,2,2
5746,40<=Age<=49,Male,Undergraduate,Married,"Income<=$50,000",Hispanic,Not Donated,0,3,2,1,2,1,3
5747,Age>=50,Male,Undergraduate,Single,"Income<=$50,000",Black,Not Donated,0,4,2,1,1,1,2
5748,Age>=50,Male,Undergraduate,Married,"Income<=$50,000",White,Donated,75,4,2,1,2,1,5
5749,Age>=50,Male,Undergraduate,Single,"Income>$100,000",White,Donated,140,4,2,1,1,3,5
5750,Age>=50,Male,Undergraduate,Single,"$50,000<Income<=$100,000",White,Donated,110,4,2,1,1,2,5
5751,40<=Age<=49,Female,Undergraduate,Married,"Income<=$50,000",White,Not Donated,0,3,1,1,2,1,5
5752,Age<=29,Female,Undergraduate,Married,"Income>$100,000",White,Not Donated,0,1,1,1,2,3,5
5753,Age>=50,Female,Undergraduate,Married,"Income<=$50,000",Asian,Not Donated,0,4,1,1,2,1,1
5754,40<=Age<=49,Male,Undergraduate,Married,"Income>$100,000",White,Not Donated,0,3,2,1,2,3,5
5755,Age<=29,Male,Undergraduate,Married,"$50,000<Income<=$100,000",White,Donated,55,1,2,1,2,2,5
5756,40<=Age<=49,Female,Undergraduate,Single,"Income<=$50,000",Asian,Not Donated,0,3,1,1,1,1,1
5757,30<=Age<=39,Male,Undergraduate,Married,"$50,000<Income<=$100,000",Hispanic,Not Donated,0,2,2,1,2,2,3
5758,40<=Age<=49,Female,Graduate,Single,"$50,000<Income<=$100,000",White,Not Donated,0,3,1,2,1,2,5
5759,40<=Age<=49,Female,Undergraduate,Single,"Income>$100,000",Black,Not Donated,0,3,1,1,1,3,2
5760,Age>=50,Female,Undergraduate,Married,"Income>$100,000",White,Not Donated,0,4,1,1,2,3,5
5761,Age<=29,Male,Undergraduate,Married,"Income<=$50,000",Other,Not Donated,0,1,2,1,2,1,4
5762,30<=Age<=39,Female,Undergraduate,Married,"Income>$100,000",Hispanic,Not Donated,0,2,1,1,2,3,3
5763,Age>=50,Male,Undergraduate,Married,"Income<=$50,000",White,Not Donated,0,4,2,1,2,1,5
5764,40<=Age<=49,Female,Undergraduate,Married,"Income>$100,000",White,Not Donated,0,3,1,1,2,3,5
5765,40<=Age<=49,Female,Undergraduate,Single,"Income>$100,000",White,Not Donated,0,3,1,1,1,3,5
5766,40<=Age<=49,Male,Undergraduate,Married,"Income<=$50,000",Black,Not Donated,0,3,2,1,2,1,2
5767,40<=Age<=49,Female,Undergraduate,Married,"Income<=$50,000",Black,Not Donated,0,3,1,1,2,1,2
5768,Age<=29,Male,Graduate,Married,"Income<=$50,000",Hispanic,Not Donated,0,1,2,2,2,1,3
5769,30<=Age<=39,Female,Undergraduate,Married,"Income<=$50,000",White,Not Donated,0,2,1,1,2,1,5
5770,40<=Age<=49,Male,Undergraduate,Married,"Income<=$50,000",Hispanic,Not Donated,0,3,2,1,2,1,3
5771,Age<=29,Female,Undergraduate,Single,"Income>$100,000",White,Donated,85,1,1,1,1,3,5
5772,Age<=29,Female,Undergraduate,Married,"$50,000<Income<=$100,000",Hispanic,Donated,50,1,1,1,2,2,3
5773,30<=Age<=39,Female,Undergraduate,Married,"$50,000<Income<=$100,000",Black,Not Donated,0,2,1,1,2,2,2
5774,30<=Age<=39,Female,Undergraduate,Married,"Income>$100,000",Black,Not Donated,0,2,1,1,2,3,2
5775,Age>=50,Male,Undergraduate,Married,"$50,000<Income<=$100,000",Hispanic,Donated,105,4,2,1,2,2,3
5776,30<=Age<=39,Female,Undergraduate,Single,"Income<=$50,000",Other,Donated,65,2,1,1,1,1,4
5777,40<=Age<=49,Male,Undergraduate,Single,"Income<=$50,000",Black,Not Donated,0,3,2,1,1,1,2
5778,30<=Age<=39,Male,Undergraduate,Married,"$50,000<Income<=$100,000",White,Not Donated,0,2,2,1,2,2,5
5779,40<=Age<=49,Male,Undergraduate,Married,"Income<=$50,000",Black,Donated,65,3,2,1,2,1,2
5780,30<=Age<=39,Male,Undergraduate,Married,"Income<=$50,000",White,Not Donated,0,2,2,1,2,1,5
5781,30<=Age<=39,Female,Undergraduate,Single,"Income<=$50,000",Black,Not Donated,0,2,1,1,1,1,2
5782,40<=Age<=49,Male,Undergraduate,Single,"Income<=$50,000",Asian,Not Donated,0,3,2,1,1,1,1
5783,30<=Age<=39,Male,Undergraduate,Single,"Income<=$50,000",White,Not Donated,0,2,2,1,1,1,5
5784,Age>=50,Female,Undergraduate,Married,"Income<=$50,000",White,Not Donated,0,4,1,1,2,1,5
5785,Age>=50,Male,Undergraduate,Married,"Income<=$50,000",Hispanic,Not Donated,0,4,2,1,2,1,3
5786,Age<=29,Female,Undergraduate,Married,"Income>$100,000",White,Donated,105,1,1,1,2,3,5
5787,40<=Age<=49,Female,Undergraduate,Married,"$50,000<Income<=$100,000",Other,Donated,115,3,1,1,2,2,4
5788,Age<=29,Female,Undergraduate,Married,"Income<=$50,000",White,Not Donated,0,1,1,1,2,1,5
5789,30<=Age<=39,Female,Undergraduate,Married,"Income<=$50,000",White,Not Donated,0,2,1,1,2,1,5
5790,Age>=50,Male,Undergraduate,Single,"Income<=$50,000",White,Not Donated,0,4,2,1,1,1,5
5791,Age<=29,Male,Undergraduate,Married,"Income<=$50,000",Black,Not Donated,0,1,2,1,2,1,2
5792,Age<=29,Female,Undergraduate,Single,"Income<=$50,000",Black,Donated,20,1,1,1,1,1,2
5793,Age<=29,Male,Undergraduate,Married,"Income>$100,000",White,Not Donated,0,1,2,1,2,3,5
5794,30<=Age<=39,Male,Undergraduate,Single,"$50,000<Income<=$100,000",White,Donated,75,2,2,1,1,2,5
5795,30<=Age<=39,Female,Undergraduate,Single,"Income<=$50,000",Asian,Donated,45,2,1,1,1,1,1
5796,30<=Age<=39,Male,Undergraduate,Married,"Income>$100,000",Black,Not Donated,0,2,2,1,2,3,2
5797,30<=Age<=39,Female,Undergraduate,Single,"Income>$100,000",Black,Not Donated,0,2,1,1,1,3,2
5798,30<=Age<=39,Male,Graduate,Married,"$50,000<Income<=$100,000",White,Not Donated,0,2,2,2,2,2,5
5799,30<=Age<=39,Male,Undergraduate,Single,"$50,000<Income<=$100,000",White,Not Donated,0,2,2,1,1,2,5
5800,Age<=29,Male,Undergraduate,Married,"Income>$100,000",Hispanic,Donated,65,1,2,1,2,3,3
5801,Age>=50,Female,Graduate,Married,"Income<=$50,000",White,Donated,100,4,1,2,2,1,5
5802,Age<=29,Male,Undergraduate,Single,"Income<=$50,000",Other,Not Donated,0,1,2,1,1,1,4
5803,40<=Age<=49,Male,Undergraduate,Single,"Income<=$50,000",Hispanic,Not Donated,0,3,2,1,1,1,3
5804,Age<=29,Male,Undergraduate,Single,"Income>$100,000",Hispanic,Not Donated,0,1,2,1,1,3,3
5805,Age<=29,Male,Undergraduate,Single,"$50,000<Income<=$100,000",White,Donated,60,1,2,1,1,2,5
5806,Age<=29,Male,Undergraduate,Married,"$50,000<Income<=$100,000",White,Not Donated,0,1,2,1,2,2,5
5807,40<=Age<=49,Male,Undergraduate,Single,"$50,000<Income<=$100,000",White,Not Donated,0,3,2,1,1,2,5
5808,30<=Age<=39,Male,Undergraduate,Single,"Income<=$50,000",White,Not Donated,0,2,2,1,1,1,5
5809,Age<=29,Female,Undergraduate,Married,"$50,000<Income<=$100,000",White,Not Donated,0,1,1,1,2,2,5
5810,Age<=29,Female,Undergraduate,Single,"Income>$100,000",White,Donated,70,1,1,1,1,3,5
5811,Age>=50,Male,Undergraduate,Married,"Income>$100,000",White,Not Donated,0,4,2,1,2,3,5
5812,Age<=29,Female,Undergraduate,Married,"Income<=$50,000",White,Not Donated,0,1,1,1,2,1,5
5813,30<=Age<=39,Male,Undergraduate,Single,"Income<=$50,000",White,Not Donated,0,2,2,1,1,1,5
5814,Age<=29,Male,Undergraduate,Married,"Income<=$50,000",White,Not Donated,0,1,2,1,2,1,5
5815,30<=Age<=39,Female,Undergraduate,Married,"$50,000<Income<=$100,000",White,Not Donated,0,2,1,1,2,2,5
5816,30<=Age<=39,Female,Undergraduate,Married,"Income>$100,000",Asian,Donated,135,2,1,1,2,3,1
5817,30<=Age<=39,Male,Undergraduate,Married,"Income<=$50,000",White,Not Donated,0,2,2,1,2,1,5
5818,Age<=29,Male,Undergraduate,Single,"Income>$100,000",White,Not Donated,0,1,2,1,1,3,5
5819,30<=Age<=39,Male,Undergraduate,Married,"Income<=$50,000",Hispanic,Not Donated,0,2,2,1,2,1,3
5820,40<=Age<=49,Female,Undergraduate,Single,"$50,000<Income<=$100,000",White,Not Donated,0,3,1,1,1,2,5
5821,Age>=50,Male,Undergraduate,Married,"Income>$100,000",Asian,Donated,135,4,2,1,2,3,1
5822,Age<=29,Male,Undergraduate,Single,"Income<=$50,000",White,Donated,30,1,2,1,1,1,5
5823,40<=Age<=49,Male,Undergraduate,Married,"Income<=$50,000",Black,Not Donated,0,3,2,1,2,1,2
5824,Age>=50,Male,Undergraduate,Married,"$50,000<Income<=$100,000",Other,Not Donated,0,4,2,1,2,2,4
5825,Age<=29,Male,Undergraduate,Married,"Income<=$50,000",White,Not Donated,0,1,2,1,2,1,5
5826,Age>=50,Male,Undergraduate,Married,"Income>$100,000",White,Not Donated,0,4,2,1,2,3,5
5827,Age<=29,Female,Undergraduate,Married,"$50,000<Income<=$100,000",White,Not Donated,0,1,1,1,2,2,5
5828,30<=Age<=39,Female,Graduate,Single,"Income<=$50,000",White,Donated,55,2,1,2,1,1,5
5829,Age<=29,Male,Undergraduate,Married,"Income<=$50,000",Asian,Donated,30,1,2,1,2,1,1
5830,30<=Age<=39,Female,Undergraduate,Married,"Income<=$50,000",White,Not Donated,0,2,1,1,2,1,5
5831,40<=Age<=49,Female,Graduate,Single,"Income<=$50,000",White,Not Donated,0,3,1,2,1,1,5
5832,30<=Age<=39,Male,Undergraduate,Married,"$50,000<Income<=$100,000",White,Donated,80,2,2,1,2,2,5
5833,30<=Age<=39,Male,Undergraduate,Married,"Income<=$50,000",White,Not Donated,0,2,2,1,2,1,5
5834,Age>=50,Male,Undergraduate,Single,"Income<=$50,000",White,Not Donated,0,4,2,1,1,1,5
5835,40<=Age<=49,Female,Undergraduate,Married,"$50,000<Income<=$100,000",White,Not Donated,0,3,1,1,2,2,5
5836,30<=Age<=39,Female,Undergraduate,Married,"$50,000<Income<=$100,000",White,Not Donated,0,2,1,1,2,2,5
5837,40<=Age<=49,Female,Undergraduate,Single,"Income>$100,000",Other,Donated,110,3,1,1,1,3,4
5838,Age>=50,Female,Undergraduate,Single,"$50,000<Income<=$100,000",Black,Not Donated,0,4,1,1,1,2,2
5839,30<=Age<=39,Female,Undergraduate,Married,"Income<=$50,000",Hispanic,Donated,40,2,1,1,2,1,3
5840,Age<=29,Male,Undergraduate,Married,"Income>$100,000",Hispanic,Not Donated,0,1,2,1,2,3,3
5841,30<=Age<=39,Male,Undergraduate,Married,"Income>$100,000",White,Not Donated,0,2,2,1,2,3,5
5842,30<=Age<=39,Female,Undergraduate,Married,"Income<=$50,000",Black,Not Donated,0,2,1,1,2,1,2
5843,30<=Age<=39,Female,Undergraduate,Married,"Income<=$50,000",White,Not Donated,0,2,1,1,2,1,5
5844,30<=Age<=39,Male,Undergraduate,Married,"Income<=$50,000",White,Not Donated,0,2,2,1,2,1,5
5845,Age<=29,Female,Undergraduate,Married,"Income>$100,000",White,Not Donated,0,1,1,1,2,3,5
5846,40<=Age<=49,Female,Undergraduate,Married,"$50,000<Income<=$100,000",White,Not Donated,0,3,1,1,2,2,5
5847,30<=Age<=39,Female,Undergraduate,Single,"$50,000<Income<=$100,000",Black,Not Donated,0,2,1,1,1,2,2
5848,30<=Age<=39,Female,Undergraduate,Single,"Income<=$50,000",White,Not Donated,0,2,1,1,1,1,5
5849,40<=Age<=49,Female,Undergraduate,Married,"$50,000<Income<=$100,000",White,Not Donated,0,3,1,1,2,2,5
5850,30<=Age<=39,Male,Graduate,Single,"Income<=$50,000",White,Donated,55,2,2,2,1,1,5
5851,40<=Age<=49,Male,Undergraduate,Married,"Income<=$50,000",White,Not Donated,0,3,2,1,2,1,5
5852,40<=Age<=49,Male,Graduate,Single,"Income<=$50,000",Black,Donated,85,3,2,2,1,1,2
5853,30<=Age<=39,Female,Graduate,Married,"Income<=$50,000",Asian,Not Donated,0,2,1,2,2,1,1
5854,30<=Age<=39,Female,Undergraduate,Married,"Income<=$50,000",White,Not Donated,0,2,1,1,2,1,5
5855,40<=Age<=49,Female,Undergraduate,Married,"Income<=$50,000",White,Not Donated,0,3,1,1,2,1,5
5856,Age<=29,Female,Undergraduate,Single,"Income>$100,000",Other,Donated,100,1,1,1,1,3,4
5857,Age<=29,Female,Graduate,Single,"Income<=$50,000",Hispanic,Not Donated,0,1,1,2,1,1,3
5858,30<=Age<=39,Female,Undergraduate,Married,"Income>$100,000",Hispanic,Not Donated,0,2,1,1,2,3,3
5859,40<=Age<=49,Male,Undergraduate,Single,"$50,000<Income<=$100,000",Hispanic,Not Donated,0,3,2,1,1,2,3
5860,40<=Age<=49,Male,Undergraduate,Married,"$50,000<Income<=$100,000",White,Not Donated,0,3,2,1,2,2,5
5861,Age<=29,Female,Graduate,Married,"Income<=$50,000",Black,Donated,50,1,1,2,2,1,2
5862,30<=Age<=39,Male,Undergraduate,Single,"Income<=$50,000",White,Not Donated,0,2,2,1,1,1,5
5863,Age<=29,Female,Undergraduate,Married,"Income>$100,000",White,Donated,75,1,1,1,2,3,5
5864,40<=Age<=49,Male,Undergraduate,Single,"Income<=$50,000",Asian,Not Donated,0,3,2,1,1,1,1
5865,30<=Age<=39,Female,Undergraduate,Single,"$50,000<Income<=$100,000",Black,Not Donated,0,2,1,1,1,2,2
5866,Age<=29,Male,Undergraduate,Married,"$50,000<Income<=$100,000",Black,Not Donated,0,1,2,1,2,2,2
5867,40<=Age<=49,Male,Undergraduate,Single,"Income<=$50,000",White,Donated,75,3,2,1,1,1,5
5868,40<=Age<=49,Female,Undergraduate,Single,"Income<=$50,000",White,Not Donated,0,3,1,1,1,1,5
5869,Age<=29,Male,Undergraduate,Single,"Income>$100,000",White,Not Donated,0,1,2,1,1,3,5
5870,30<=Age<=39,Female,Undergraduate,Married,"Income<=$50,000",White,Not Donated,0,2,1,1,2,1,5
5871,Age>=50,Female,Undergraduate,Single,"Income>$100,000",White,Not Donated,0,4,1,1,1,3,5
5872,Age<=29,Male,Graduate,Single,"Income<=$50,000",White,Donated,25,1,2,2,1,1,5
5873,40<=Age<=49,Female,Undergraduate,Married,"$50,000<Income<=$100,000",Other,Donated,120,3,1,1,2,2,4
5874,Age>=50,Female,Undergraduate,Married,"Income<=$50,000",White,Not Donated,0,4,1,1,2,1,5
5875,30<=Age<=39,Male,Undergraduate,Married,"Income<=$50,000",Black,Not Donated,0,2,2,1,2,1,2
5876,Age>=50,Female,Undergraduate,Single,"Income<=$50,000",White,Not Donated,0,4,1,1,1,1,5
5877,Age<=29,Male,Undergraduate,Single,"$50,000<Income<=$100,000",Black,Donated,50,1,2,1,1,2,2
5878,Age>=50,Male,Graduate,Single,"Income>$100,000",White,Not Donated,0,4,2,2,1,3,5
5879,30<=Age<=39,Male,Undergraduate,Single,"Income<=$50,000",Asian,Donated,45,2,2,1,1,1,1
5880,Age<=29,Female,Undergraduate,Single,"$50,000<Income<=$100,000",White,Donated,55,1,1,1,1,2,5
5881,40<=Age<=49,Female,Undergraduate,Single,"$50,000<Income<=$100,000",White,Donated,90,3,1,1,1,2,5
5882,40<=Age<=49,Female,Undergraduate,Married,"Income<=$50,000",White,Not Donated,0,3,1,1,2,1,5
5883,40<=Age<=49,Male,Undergraduate,Married,"Income<=$50,000",White,Not Donated,0,3,2,1,2,1,5
5884,Age<=29,Male,Undergraduate,Single,"Income<=$50,000",Asian,Not Donated,0,1,2,1,1,1,1
5885,30<=Age<=39,Male,Undergraduate,Married,"Income<=$50,000",Asian,Donated,80,2,2,1,2,1,1
5886,40<=Age<=49,Female,Graduate,Married,"$50,000<Income<=$100,000",White,Not Donated,0,3,1,2,2,2,5
5887,Age<=29,Female,Undergraduate,Single,"Income>$100,000",Black,Donated,100,1,1,1,1,3,2
5888,30<=Age<=39,Male,Undergraduate,Married,"Income<=$50,000",White,Donated,65,2,2,1,2,1,5
5889,30<=Age<=39,Male,Undergraduate,Single,"$50,000<Income<=$100,000",White,Donated,70,2,2,1,1,2,5
5890,40<=Age<=49,Female,Graduate,Married,"Income>$100,000",White,Not Donated,0,3,1,2,2,3,5
5891,40<=Age<=49,Female,Undergraduate,Single,"Income<=$50,000",White,Not Donated,0,3,1,1,1,1,5
5892,30<=Age<=39,Male,Undergraduate,Married,"$50,000<Income<=$100,000",Asian,Not Donated,0,2,2,1,2,2,1
5893,30<=Age<=39,Female,Undergraduate,Single,"Income>$100,000",White,Not Donated,0,2,1,1,1,3,5
5894,40<=Age<=49,Male,Undergraduate,Single,"Income>$100,000",White,Donated,135,3,2,1,1,3,5
5895,Age>=50,Female,Undergraduate,Married,"$50,000<Income<=$100,000",Asian,Not Donated,0,4,1,1,2,2,1
5896,40<=Age<=49,Female,Graduate,Single,"$50,000<Income<=$100,000",White,Donated,120,3,1,2,1,2,5
5897,Age>=50,Male,Undergraduate,Single,"$50,000<Income<=$100,000",White,Not Donated,0,4,2,1,1,2,5
5898,Age>=50,Female,Undergraduate,Single,"Income<=$50,000",White,Not Donated,0,4,1,1,1,1,5
5899,Age<=29,Male,Undergraduate,Married,"Income<=$50,000",Black,Not Donated,0,1,2,1,2,1,2
5900,40<=Age<=49,Male,Undergraduate,Married,"Income<=$50,000",White,Not Donated,0,3,2,1,2,1,5
5901,Age<=29,Female,Undergraduate,Married,"$50,000<Income<=$100,000",Asian,Not Donated,0,1,1,1,2,2,1
5902,30<=Age<=39,Male,Undergraduate,Married,"$50,000<Income<=$100,000",White,Not Donated,0,2,2,1,2,2,5
5903,30<=Age<=39,Female,Undergraduate,Married,"$50,000<Income<=$100,000",Black,Not Donated,0,2,1,1,2,2,2
5904,30<=Age<=39,Female,Undergraduate,Married,"$50,000<Income<=$100,000",White,Not Donated,0,2,1,1,2,2,5
5905,Age>=50,Female,Undergraduate,Single,"Income<=$50,000",White,Not Donated,0,4,1,1,1,1,5
5906,30<=Age<=39,Male,Undergraduate,Married,"Income<=$50,000",White,Not Donated,0,2,2,1,2,1,5
5907,Age<=29,Male,Undergraduate,Single,"$50,000<Income<=$100,000",Hispanic,Donated,50,1,2,1,1,2,3
5908,30<=Age<=39,Female,Undergraduate,Single,"Income<=$50,000",Black,Donated,45,2,1,1,1,1,2
5909,40<=Age<=49,Female,Graduate,Married,"Income<=$50,000",White,Not Donated,0,3,1,2,2,1,5
5910,Age>=50,Female,Undergraduate,Single,"Income<=$50,000",Black,Not Donated,0,4,1,1,1,1,2
5911,40<=Age<=49,Male,Undergraduate,Married,"Income>$100,000",White,Not Donated,0,3,2,1,2,3,5
5912,30<=Age<=39,Female,Graduate,Married,"Income<=$50,000",White,Not Donated,0,2,1,2,2,1,5
5913,40<=Age<=49,Female,Undergraduate,Married,"Income>$100,000",Hispanic,Not Donated,0,3,1,1,2,3,3
5914,Age>=50,Male,Undergraduate,Married,"Income<=$50,000",Asian,Not Donated,0,4,2,1,2,1,1
5915,30<=Age<=39,Female,Undergraduate,Single,"Income<=$50,000",White,Not Donated,0,2,1,1,1,1,5
5916,Age<=29,Male,Graduate,Married,"Income<=$50,000",White,Not Donated,0,1,2,2,2,1,5
5917,40<=Age<=49,Female,Undergraduate,Married,"$50,000<Income<=$100,000",White,Not Donated,0,3,1,1,2,2,5
5918,Age<=29,Female,Graduate,Married,"Income<=$50,000",Other,Not Donated,0,1,1,2,2,1,4
5919,30<=Age<=39,Male,Undergraduate,Married,"Income<=$50,000",Black,Donated,65,2,2,1,2,1,2
5920,Age>=50,Male,Undergraduate,Married,"Income>$100,000",Hispanic,Donated,175,4,2,1,2,3,3
5921,30<=Age<=39,Male,Undergraduate,Single,"Income>$100,000",Hispanic,Donated,95,2,2,1,1,3,3
5922,40<=Age<=49,Male,Graduate,Married,"Income<=$50,000",White,Donated,105,3,2,2,2,1,5
5923,Age<=29,Male,Undergraduate,Married,"$50,000<Income<=$100,000",Hispanic,Not Donated,0,1,2,1,2,2,3
5924,40<=Age<=49,Male,Undergraduate,Single,"Income<=$50,000",White,Not Donated,0,3,2,1,1,1,5
5925,40<=Age<=49,Male,Undergraduate,Single,"$50,000<Income<=$100,000",Hispanic,Not Donated,0,3,2,1,1,2,3
5926,40<=Age<=49,Male,Undergraduate,Married,"Income<=$50,000",White,Not Donated,0,3,2,1,2,1,5
5927,Age>=50,Female,Graduate,Married,"Income<=$50,000",Hispanic,Not Donated,0,4,1,2,2,1,3
5928,40<=Age<=49,Male,Undergraduate,Married,"Income<=$50,000",Black,Not Donated,0,3,2,1,2,1,2
5929,40<=Age<=49,Female,Undergraduate,Married,"Income<=$50,000",White,Donated,65,3,1,1,2,1,5
5930,Age<=29,Male,Undergraduate,Married,"$50,000<Income<=$100,000",White,Donated,55,1,2,1,2,2,5
5931,Age<=29,Male,Undergraduate,Married,"Income<=$50,000",Hispanic,Not Donated,0,1,2,1,2,1,3
5932,40<=Age<=49,Female,Undergraduate,Single,"$50,000<Income<=$100,000",White,Donated,85,3,1,1,1,2,5
5933,30<=Age<=39,Female,Undergraduate,Married,"$50,000<Income<=$100,000",White,Not Donated,0,2,1,1,2,2,5
5934,Age<=29,Male,Undergraduate,Married,"$50,000<Income<=$100,000",White,Donated,65,1,2,1,2,2,5
5935,Age>=50,Male,Undergraduate,Married,"Income<=$50,000",White,Not Donated,0,4,2,1,2,1,5
5936,30<=Age<=39,Male,Undergraduate,Single,"Income<=$50,000",White,Donated,50,2,2,1,1,1,5
5937,Age<=29,Female,Undergraduate,Married,"Income<=$50,000",White,Donated,30,1,1,1,2,1,5
5938,40<=Age<=49,Female,Undergraduate,Single,"Income<=$50,000",White,Not Donated,0,3,1,1,1,1,5
5939,40<=Age<=49,Male,Undergraduate,Single,"Income<=$50,000",White,Not Donated,0,3,2,1,1,1,5
5940,30<=Age<=39,Female,Undergraduate,Married,"$50,000<Income<=$100,000",Black,Not Donated,0,2,1,1,2,2,2
5941,Age<=29,Female,Undergraduate,Single,"Income<=$50,000",White,Not Donated,0,1,1,1,1,1,5
5942,30<=Age<=39,Female,Undergraduate,Married,"Income<=$50,000",White,Not Donated,0,2,1,1,2,1,5
5943,Age<=29,Female,Undergraduate,Single,"$50,000<Income<=$100,000",Hispanic,Not Donated,0,1,1,1,1,2,3
5944,30<=Age<=39,Male,Undergraduate,Married,"Income<=$50,000",White,Donated,50,2,2,1,2,1,5
5945,Age<=29,Female,Undergraduate,Single,"Income>$100,000",Hispanic,Not Donated,0,1,1,1,1,3,3
5946,Age<=29,Female,Undergraduate,Single,"$50,000<Income<=$100,000",White,Not Donated,0,1,1,1,1,2,5
5947,Age>=50,Female,Undergraduate,Single,"Income<=$50,000",Other,Not Donated,0,4,1,1,1,1,4
5948,40<=Age<=49,Female,Undergraduate,Married,"Income<=$50,000",White,Not Donated,0,3,1,1,2,1,5
5949,Age>=50,Male,Undergraduate,Married,"$50,000<Income<=$100,000",White,Donated,115,4,2,1,2,2,5
5950,Age>=50,Female,Undergraduate,Single,"Income<=$50,000",White,Not Donated,0,4,1,1,1,1,5
5951,Age>=50,Female,Undergraduate,Married,"Income>$100,000",White,Not Donated,0,4,1,1,2,3,5
5952,Age<=29,Male,Undergraduate,Single,"Income<=$50,000",Hispanic,Donated,50,1,2,1,1,1,3
5953,40<=Age<=49,Female,Undergraduate,Married,"Income<=$50,000",White,Donated,90,3,1,1,2,1,5
5954,Age<=29,Female,Undergraduate,Single,"Income>$100,000",Asian,Donated,80,1,1,1,1,3,1
5955,Age>=50,Female,Undergraduate,Married,"Income>$100,000",White,Donated,170,4,1,1,2,3,5
5956,Age>=50,Male,Graduate,Single,"Income<=$50,000",Hispanic,Donated,90,4,2,2,1,1,3
5957,40<=Age<=49,Female,Undergraduate,Married,"Income>$100,000",Hispanic,Not Donated,0,3,1,1,2,3,3
5958,Age>=50,Female,Undergraduate,Single,"Income>$100,000",White,Not Donated,0,4,1,1,1,3,5
5959,Age<=29,Male,Undergraduate,Single,"$50,000<Income<=$100,000",Other,Donated,60,1,2,1,1,2,4
5960,30<=Age<=39,Male,Undergraduate,Married,"$50,000<Income<=$100,000",White,Donated,85,2,2,1,2,2,5
5961,40<=Age<=49,Male,Undergraduate,Married,"Income<=$50,000",White,Not Donated,0,3,2,1,2,1,5
5962,Age>=50,Male,Undergraduate,Single,"$50,000<Income<=$100,000",White,Not Donated,0,4,2,1,1,2,5
5963,Age>=50,Male,Undergraduate,Single,"$50,000<Income<=$100,000",White,Donated,105,4,2,1,1,2,5
5964,Age<=29,Female,Undergraduate,Single,"$50,000<Income<=$100,000",White,Donated,40,1,1,1,1,2,5
5965,30<=Age<=39,Female,Graduate,Married,"Income<=$50,000",Other,Not Donated,0,2,1,2,2,1,4
5966,Age<=29,Female,Undergraduate,Married,"$50,000<Income<=$100,000",White,Donated,55,1,1,1,2,2,5
5967,40<=Age<=49,Male,Undergraduate,Married,"Income<=$50,000",White,Donated,75,3,2,1,2,1,5
5968,Age<=29,Male,Undergraduate,Married,"Income<=$50,000",White,Donated,40,1,2,1,2,1,5
5969,40<=Age<=49,Male,Undergraduate,Single,"Income<=$50,000",White,Not Donated,0,3,2,1,1,1,5
5970,Age<=29,Male,Undergraduate,Single,"Income<=$50,000",Hispanic,Donated,15,1,2,1,1,1,3
5971,Age<=29,Female,Undergraduate,Married,"$50,000<Income<=$100,000",Black,Not Donated,0,1,1,1,2,2,2
5972,30<=Age<=39,Male,Undergraduate,Married,"$50,000<Income<=$100,000",Hispanic,Not Donated,0,2,2,1,2,2,3
5973,30<=Age<=39,Male,Undergraduate,Single,"Income<=$50,000",White,Donated,55,2,2,1,1,1,5
5974,Age<=29,Female,Undergraduate,Married,"Income<=$50,000",Asian,Not Donated,0,1,1,1,2,1,1
5975,Age<=29,Male,Undergraduate,Married,"Income<=$50,000",Other,Not Donated,0,1,2,1,2,1,4
5976,30<=Age<=39,Male,Undergraduate,Married,"$50,000<Income<=$100,000",Hispanic,Donated,95,2,2,1,2,2,3
5977,Age>=50,Male,Undergraduate,Married,"Income<=$50,000",Other,Not Donated,0,4,2,1,2,1,4
5978,Age>=50,Male,Graduate,Single,"Income<=$50,000",Hispanic,Not Donated,0,4,2,2,1,1,3
5979,Age>=50,Male,Undergraduate,Married,"Income<=$50,000",White,Donated,90,4,2,1,2,1,5
5980,40<=Age<=49,Male,Undergraduate,Single,"Income<=$50,000",White,Not Donated,0,3,2,1,1,1,5
5981,40<=Age<=49,Female,Undergraduate,Married,"Income>$100,000",Asian,Not Donated,0,3,1,1,2,3,1
5982,40<=Age<=49,Male,Undergraduate,Married,"Income>$100,000",Hispanic,Not Donated,0,3,2,1,2,3,3
5983,30<=Age<=39,Male,Undergraduate,Single,"$50,000<Income<=$100,000",Other,Donated,55,2,2,1,1,2,4
5984,30<=Age<=39,Female,Undergraduate,Married,"$50,000<Income<=$100,000",White,Not Donated,0,2,1,1,2,2,5
5985,Age<=29,Female,Undergraduate,Married,"Income<=$50,000",Hispanic,Not Donated,0,1,1,1,2,1,3
5986,30<=Age<=39,Female,Undergraduate,Single,"Income<=$50,000",Black,Not Donated,0,2,1,1,1,1,2
5987,30<=Age<=39,Female,Undergraduate,Married,"Income>$100,000",White,Donated,110,2,1,1,2,3,5
5988,Age>=50,Female,Undergraduate,Single,"Income<=$50,000",Black,Not Donated,0,4,1,1,1,1,2
5989,Age>=50,Male,Graduate,Married,"Income<=$50,000",Asian,Not Donated,0,4,2,2,2,1,1
5990,Age<=29,Female,Undergraduate,Married,"Income<=$50,000",White,Not Donated,0,1,1,1,2,1,5
5991,40<=Age<=49,Female,Undergraduate,Married,"Income>$100,000",White,Donated,140,3,1,1,2,3,5
5992,Age<=29,Male,Undergraduate,Single,"Income<=$50,000",White,Donated,20,1,2,1,1,1,5
5993,30<=Age<=39,Female,Undergraduate,Married,"Income<=$50,000",White,Donated,70,2,1,1,2,1,5
5994,40<=Age<=49,Female,Undergraduate,Married,"$50,000<Income<=$100,000",Black,Not Donated,0,3,1,1,2,2,2
5995,Age<=29,Male,Undergraduate,Single,"Income>$100,000",White,Not Donated,0,1,2,1,1,3,5
5996,Age<=29,Female,Undergraduate,Married,"$50,000<Income<=$100,000",White,Donated,75,1,1,1,2,2,5
5997,Age>=50,Female,Undergraduate,Married,"$50,000<Income<=$100,000",Asian,Not Donated,0,4,1,1,2,2,1
5998,40<=Age<=49,Male,Undergraduate,Married,"Income>$100,000",Black,Not Donated,0,3,2,1,2,3,2
5999,Age<=29,Female,Undergraduate,Married,"Income>$100,000",White,Not Donated,0,1,1,1,2,3,5
6000,Age>=50,Female,Undergraduate,Single,"Income<=$50,000",White,Not Donated,0,4,1,1,1,1,5
6001,30<=Age<=39,Female,Undergraduate,Single,"Income>$100,000",White,Donated,95,2,1,1,1,3,5
6002,40<=Age<=49,Female,Undergraduate,Single,"Income>$100,000",Asian,Not Donated,0,3,1,1,1,3,1
6003,Age<=29,Male,Undergraduate,Single,"Income<=$50,000",White,Not Donated,0,1,2,1,1,1,5
6004,40<=Age<=49,Male,Undergraduate,Married,"Income<=$50,000",Black,Not Donated,0,3,2,1,2,1,2
6005,40<=Age<=49,Female,Undergraduate,Married,"Income<=$50,000",Hispanic,Not Donated,0,3,1,1,2,1,3
6006,Age<=29,Female,Undergraduate,Single,"Income<=$50,000",Asian,Not Donated,0,1,1,1,1,1,1
6007,30<=Age<=39,Female,Undergraduate,Single,"$50,000<Income<=$100,000",Black,Not Donated,0,2,1,1,1,2,2
6008,30<=Age<=39,Male,Undergraduate,Married,"Income<=$50,000",White,Not Donated,0,2,2,1,2,1,5
6009,Age>=50,Male,Graduate,Married,"Income<=$50,000",Asian,Donated,115,4,2,2,2,1,1
6010,Age<=29,Female,Undergraduate,Married,"Income<=$50,000",White,Not Donated,0,1,1,1,2,1,5
6011,30<=Age<=39,Female,Undergraduate,Married,"$50,000<Income<=$100,000",White,Not Donated,0,2,1,1,2,2,5
6012,30<=Age<=39,Female,Undergraduate,Single,"Income<=$50,000",White,Not Donated,0,2,1,1,1,1,5
6013,40<=Age<=49,Male,Undergraduate,Single,"Income<=$50,000",White,Not Donated,0,3,2,1,1,1,5
6014,40<=Age<=49,Female,Undergraduate,Married,"Income<=$50,000",Asian,Not Donated,0,3,1,1,2,1,1
6015,40<=Age<=49,Male,Undergraduate,Married,"Income<=$50,000",Black,Not Donated,0,3,2,1,2,1,2
6016,30<=Age<=39,Male,Undergraduate,Single,"Income<=$50,000",Other,Not Donated,0,2,2,1,1,1,4
6017,40<=Age<=49,Male,Undergraduate,Married,"$50,000<Income<=$100,000",Hispanic,Donated,90,3,2,1,2,2,3
6018,40<=Age<=49,Female,Undergraduate,Single,"$50,000<Income<=$100,000",White,Donated,80,3,1,1,1,2,5
6019,30<=Age<=39,Female,Undergraduate,Single,"Income<=$50,000",Black,Not Donated,0,2,1,1,1,1,2
6020,Age<=29,Male,Undergraduate,Single,"Income<=$50,000",Hispanic,Donated,20,1,2,1,1,1,3
6021,30<=Age<=39,Male,Undergraduate,Married,"Income<=$50,000",Other,Donated,70,2,2,1,2,1,4
6022,30<=Age<=39,Female,Undergraduate,Single,"$50,000<Income<=$100,000",White,Not Donated,0,2,1,1,1,2,5
6023,40<=Age<=49,Female,Undergraduate,Single,"Income<=$50,000",Black,Not Donated,0,3,1,1,1,1,2
6024,30<=Age<=39,Female,Undergraduate,Married,"Income<=$50,000",White,Not Donated,0,2,1,1,2,1,5
6025,30<=Age<=39,Male,Undergraduate,Married,"Income<=$50,000",Hispanic,Not Donated,0,2,2,1,2,1,3
6026,30<=Age<=39,Male,Undergraduate,Single,"$50,000<Income<=$100,000",Hispanic,Donated,60,2,2,1,1,2,3
6027,30<=Age<=39,Male,Undergraduate,Single,"Income<=$50,000",White,Not Donated,0,2,2,1,1,1,5
6028,40<=Age<=49,Male,Undergraduate,Single,"$50,000<Income<=$100,000",Hispanic,Donated,95,3,2,1,1,2,3
6029,Age<=29,Male,Undergraduate,Single,"Income<=$50,000",White,Not Donated,0,1,2,1,1,1,5
6030,Age<=29,Female,Undergraduate,Single,"Income<=$50,000",White,Donated,25,1,1,1,1,1,5
6031,40<=Age<=49,Female,Undergraduate,Married,"Income<=$50,000",White,Not Donated,0,3,1,1,2,1,5
6032,40<=Age<=49,Male,Undergraduate,Single,"Income<=$50,000",Hispanic,Not Donated,0,3,2,1,1,1,3
6033,40<=Age<=49,Female,Undergraduate,Married,"$50,000<Income<=$100,000",White,Not Donated,0,3,1,1,2,2,5
6034,Age<=29,Male,Undergraduate,Married,"Income>$100,000",White,Donated,95,1,2,1,2,3,5
6035,30<=Age<=39,Female,Undergraduate,Married,"Income<=$50,000",Other,Donated,55,2,1,1,2,1,4
6036,40<=Age<=49,Male,Undergraduate,Married,"$50,000<Income<=$100,000",Other,Donated,90,3,2,1,2,2,4
6037,Age>=50,Female,Undergraduate,Single,"Income>$100,000",White,Donated,130,4,1,1,1,3,5
6038,Age>=50,Male,Undergraduate,Married,"$50,000<Income<=$100,000",White,Not Donated,0,4,2,1,2,2,5
6039,Age>=50,Female,Undergraduate,Married,"Income<=$50,000",Asian,Not Donated,0,4,1,1,2,1,1
6040,Age<=29,Male,Undergraduate,Married,"Income>$100,000",White,Not Donated,0,1,2,1,2,3,5
6041,40<=Age<=49,Female,Undergraduate,Single,"Income<=$50,000",Hispanic,Not Donated,0,3,1,1,1,1,3
6042,Age<=29,Male,Undergraduate,Married,"$50,000<Income<=$100,000",Black,Not Donated,0,1,2,1,2,2,2
6043,Age>=50,Male,Graduate,Single,"Income<=$50,000",Other,Not Donated,0,4,2,2,1,1,4
6044,40<=Age<=49,Male,Undergraduate,Married,"$50,000<Income<=$100,000",White,Not Donated,0,3,2,1,2,2,5
6045,Age<=29,Female,Undergraduate,Single,"Income>$100,000",Asian,Not Donated,0,1,1,1,1,3,1
6046,40<=Age<=49,Female,Undergraduate,Single,"Income<=$50,000",Hispanic,Not Donated,0,3,1,1,1,1,3
6047,30<=Age<=39,Female,Graduate,Married,"Income>$100,000",White,Not Donated,0,2,1,2,2,3,5
6048,Age<=29,Female,Graduate,Single,"$50,000<Income<=$100,000",Black,Donated,80,1,1,2,1,2,2
6049,Age<=29,Female,Undergraduate,Married,"Income>$100,000",White,Donated,100,1,1,1,2,3,5
6050,30<=Age<=39,Female,Undergraduate,Married,"Income<=$50,000",White,Not Donated,0,2,1,1,2,1,5
6051,30<=Age<=39,Male,Undergraduate,Married,"$50,000<Income<=$100,000",Other,Not Donated,0,2,2,1,2,2,4
6052,Age>=50,Female,Undergraduate,Married,"Income<=$50,000",White,Not Donated,0,4,1,1,2,1,5
6053,Age<=29,Female,Undergraduate,Married,"Income<=$50,000",White,Donated,40,1,1,1,2,1,5
6054,40<=Age<=49,Female,Undergraduate,Married,"Income<=$50,000",White,Not Donated,0,3,1,1,2,1,5
6055,30<=Age<=39,Female,Undergraduate,Single,"Income<=$50,000",White,Donated,50,2,1,1,1,1,5
6056,30<=Age<=39,Male,Undergraduate,Single,"Income<=$50,000",White,Not Donated,0,2,2,1,1,1,5
6057,Age<=29,Male,Undergraduate,Single,"Income>$100,000",Black,Donated,95,1,2,1,1,3,2
6058,40<=Age<=49,Female,Undergraduate,Married,"Income<=$50,000",Asian,Not Donated,0,3,1,1,2,1,1
6059,Age<=29,Male,Undergraduate,Married,"Income<=$50,000",Asian,Donated,45,1,2,1,2,1,1
6060,30<=Age<=39,Male,Undergraduate,Married,"$50,000<Income<=$100,000",White,Not Donated,0,2,2,1,2,2,5
6061,40<=Age<=49,Female,Undergraduate,Married,"Income<=$50,000",Other,Not Donated,0,3,1,1,2,1,4
6062,Age<=29,Male,Undergraduate,Married,"$50,000<Income<=$100,000",White,Donated,60,1,2,1,2,2,5
6063,40<=Age<=49,Male,Graduate,Married,"$50,000<Income<=$100,000",Black,Not Donated,0,3,2,2,2,2,2
6064,40<=Age<=49,Female,Undergraduate,Single,"Income<=$50,000",Black,Not Donated,0,3,1,1,1,1,2
6065,Age<=29,Female,Undergraduate,Married,"Income>$100,000",White,Not Donated,0,1,1,1,2,3,5
6066,Age<=29,Female,Undergraduate,Married,"$50,000<Income<=$100,000",Black,Not Donated,0,1,1,1,2,2,2
6067,40<=Age<=49,Female,Undergraduate,Married,"Income<=$50,000",Black,Not Donated,0,3,1,1,2,1,2
6068,Age<=29,Female,Undergraduate,Married,"$50,000<Income<=$100,000",White,Not Donated,0,1,1,1,2,2,5
6069,Age<=29,Female,Undergraduate,Married,"$50,000<Income<=$100,000",White,Donated,80,1,1,1,2,2,5
6070,30<=Age<=39,Male,Undergraduate,Married,"$50,000<Income<=$100,000",White,Donated,70,2,2,1,2,2,5
6071,Age<=29,Male,Undergraduate,Married,"Income>$100,000",White,Not Donated,0,1,2,1,2,3,5
6072,Age>=50,Female,Undergraduate,Married,"$50,000<Income<=$100,000",Hispanic,Donated,140,4,1,1,2,2,3
6073,40<=Age<=49,Female,Undergraduate,Single,"Income>$100,000",Other,Not Donated,0,3,1,1,1,3,4
6074,40<=Age<=49,Male,Undergraduate,Married,"$50,000<Income<=$100,000",White,Not Donated,0,3,2,1,2,2,5
6075,30<=Age<=39,Male,Undergraduate,Married,"Income<=$50,000",White,Not Donated,0,2,2,1,2,1,5
6076,40<=Age<=49,Female,Graduate,Single,"Income<=$50,000",White,Not Donated,0,3,1,2,1,1,5
6077,Age<=29,Female,Graduate,Single,"Income<=$50,000",White,Not Donated,0,1,1,2,1,1,5
6078,40<=Age<=49,Female,Undergraduate,Married,"Income<=$50,000",Black,Not Donated,0,3,1,1,2,1,2
6079,30<=Age<=39,Male,Undergraduate,Married,"Income<=$50,000",Asian,Not Donated,0,2,2,1,2,1,1
6080,40<=Age<=49,Male,Undergraduate,Single,"$50,000<Income<=$100,000",Asian,Not Donated,0,3,2,1,1,2,1
6081,30<=Age<=39,Male,Undergraduate,Married,"Income<=$50,000",Hispanic,Not Donated,0,2,2,1,2,1,3
6082,Age<=29,Male,Undergraduate,Married,"Income>$100,000",White,Not Donated,0,1,2,1,2,3,5
6083,30<=Age<=39,Male,Undergraduate,Married,"Income<=$50,000",White,Not Donated,0,2,2,1,2,1,5
6084,30<=Age<=39,Male,Undergraduate,Married,"Income<=$50,000",White,Not Donated,0,2,2,1,2,1,5
6085,Age<=29,Female,Undergraduate,Single,"$50,000<Income<=$100,000",White,Not Donated,0,1,1,1,1,2,5
6086,Age<=29,Female,Undergraduate,Married,"$50,000<Income<=$100,000",White,Not Donated,0,1,1,1,2,2,5
6087,40<=Age<=49,Male,Undergraduate,Married,"Income<=$50,000",Black,Not Donated,0,3,2,1,2,1,2
6088,Age<=29,Female,Undergraduate,Single,"Income<=$50,000",White,Not Donated,0,1,1,1,1,1,5
6089,Age>=50,Male,Undergraduate,Single,"$50,000<Income<=$100,000",Asian,Not Donated,0,4,2,1,1,2,1
6090,Age>=50,Female,Undergraduate,Single,"Income>$100,000",White,Donated,150,4,1,1,1,3,5
6091,Age>=50,Female,Graduate,Married,"$50,000<Income<=$100,000",Hispanic,Donated,130,4,1,2,2,2,3
6092,30<=Age<=39,Male,Undergraduate,Single,"Income<=$50,000",White,Donated,35,2,2,1,1,1,5
6093,Age>=50,Male,Undergraduate,Married,"$50,000<Income<=$100,000",Asian,Not Donated,0,4,2,1,2,2,1
6094,30<=Age<=39,Male,Undergraduate,Single,"Income<=$50,000",White,Not Donated,0,2,2,1,1,1,5
6095,40<=Age<=49,Female,Undergraduate,Single,"$50,000<Income<=$100,000",White,Not Donated,0,3,1,1,1,2,5
6096,Age<=29,Male,Undergraduate,Single,"$50,000<Income<=$100,000",White,Not Donated,0,1,2,1,1,2,5
6097,30<=Age<=39,Male,Undergraduate,Single,"$50,000<Income<=$100,000",Hispanic,Not Donated,0,2,2,1,1,2,3
6098,40<=Age<=49,Female,Undergraduate,Single,"Income<=$50,000",White,Not Donated,0,3,1,1,1,1,5
6099,Age<=29,Male,Undergraduate,Single,"Income<=$50,000",Asian,Not Donated,0,1,2,1,1,1,1
6100,40<=Age<=49,Male,Graduate,Single,"Income<=$50,000",White,Not Donated,0,3,2,2,1,1,5
6101,Age<=29,Male,Undergraduate,Married,"$50,000<Income<=$100,000",White,Not Donated,0,1,2,1,2,2,5
6102,30<=Age<=39,Male,Undergraduate,Married,"Income<=$50,000",Black,Not Donated,0,2,2,1,2,1,2
6103,Age<=29,Female,Undergraduate,Married,"Income<=$50,000",White,Not Donated,0,1,1,1,2,1,5
6104,30<=Age<=39,Female,Undergraduate,Single,"Income<=$50,000",White,Not Donated,0,2,1,1,1,1,5
6105,Age<=29,Male,Undergraduate,Single,"Income<=$50,000",Asian,Not Donated,0,1,2,1,1,1,1
6106,Age>=50,Male,Undergraduate,Married,"$50,000<Income<=$100,000",Hispanic,Not Donated,0,4,2,1,2,2,3
6107,30<=Age<=39,Male,Undergraduate,Single,"$50,000<Income<=$100,000",Hispanic,Not Donated,0,2,2,1,1,2,3
6108,Age>=50,Male,Undergraduate,Married,"Income<=$50,000",Hispanic,Not Donated,0,4,2,1,2,1,3
6109,Age<=29,Male,Undergraduate,Married,"Income>$100,000",Black,Not Donated,0,1,2,1,2,3,2
6110,Age<=29,Male,Undergraduate,Married,"$50,000<Income<=$100,000",Black,Not Donated,0,1,2,1,2,2,2
6111,30<=Age<=39,Female,Undergraduate,Married,"$50,000<Income<=$100,000",White,Not Donated,0,2,1,1,2,2,5
6112,30<=Age<=39,Female,Undergraduate,Married,"$50,000<Income<=$100,000",White,Not Donated,0,2,1,1,2,2,5
6113,40<=Age<=49,Female,Undergraduate,Married,"Income<=$50,000",White,Donated,70,3,1,1,2,1,5
6114,40<=Age<=49,Female,Undergraduate,Married,"Income<=$50,000",White,Not Donated,0,3,1,1,2,1,5
6115,30<=Age<=39,Male,Undergraduate,Married,"$50,000<Income<=$100,000",White,Not Donated,0,2,2,1,2,2,5
6116,40<=Age<=49,Female,Undergraduate,Single,"$50,000<Income<=$100,000",Hispanic,Donated,90,3,1,1,1,2,3
6117,30<=Age<=39,Female,Undergraduate,Married,"Income>$100,000",Black,Donated,115,2,1,1,2,3,2
6118,Age<=29,Female,Undergraduate,Married,"Income<=$50,000",Hispanic,Not Donated,0,1,1,1,2,1,3
6119,40<=Age<=49,Female,Undergraduate,Single,"Income<=$50,000",White,Not Donated,0,3,1,1,1,1,5
6120,30<=Age<=39,Male,Undergraduate,Single,"$50,000<Income<=$100,000",White,Donated,85,2,2,1,1,2,5
6121,Age<=29,Female,Graduate,Single,"Income>$100,000",Hispanic,Not Donated,0,1,1,2,1,3,3
6122,30<=Age<=39,Female,Undergraduate,Single,"Income<=$50,000",White,Donated,50,2,1,1,1,1,5
6123,Age<=29,Female,Undergraduate,Single,"Income<=$50,000",Hispanic,Donated,20,1,1,1,1,1,3
6124,40<=Age<=49,Male,Undergraduate,Married,"Income<=$50,000",White,Not Donated,0,3,2,1,2,1,5
6125,30<=Age<=39,Female,Undergraduate,Married,"Income<=$50,000",Hispanic,Donated,65,2,1,1,2,1,3
6126,Age>=50,Female,Undergraduate,Single,"Income<=$50,000",White,Not Donated,0,4,1,1,1,1,5
6127,30<=Age<=39,Male,Undergraduate,Married,"Income<=$50,000",Other,Not Donated,0,2,2,1,2,1,4
6128,30<=Age<=39,Female,Undergraduate,Married,"$50,000<Income<=$100,000",Other,Not Donated,0,2,1,1,2,2,4
6129,40<=Age<=49,Male,Undergraduate,Married,"Income<=$50,000",White,Not Donated,0,3,2,1,2,1,5
6130,Age>=50,Male,Undergraduate,Married,"$50,000<Income<=$100,000",Black,Not Donated,0,4,2,1,2,2,2
6131,30<=Age<=39,Female,Undergraduate,Married,"Income>$100,000",White,Not Donated,0,2,1,1,2,3,5
6132,Age<=29,Female,Undergraduate,Married,"Income<=$50,000",White,Not Donated,0,1,1,1,2,1,5
6133,30<=Age<=39,Male,Undergraduate,Married,"Income<=$50,000",Hispanic,Not Donated,0,2,2,1,2,1,3
6134,Age<=29,Male,Undergraduate,Single,"$50,000<Income<=$100,000",White,Not Donated,0,1,2,1,1,2,5
6135,30<=Age<=39,Female,Undergraduate,Married,"Income<=$50,000",White,Not Donated,0,2,1,1,2,1,5
6136,30<=Age<=39,Female,Undergraduate,Married,"Income>$100,000",White,Donated,115,2,1,1,2,3,5
6137,Age<=29,Female,Undergraduate,Married,"Income>$100,000",White,Not Donated,0,1,1,1,2,3,5
6138,40<=Age<=49,Male,Undergraduate,Married,"Income<=$50,000",White,Not Donated,0,3,2,1,2,1,5
6139,Age<=29,Male,Undergraduate,Single,"Income>$100,000",Hispanic,Not Donated,0,1,2,1,1,3,3
6140,30<=Age<=39,Male,Undergraduate,Married,"Income<=$50,000",White,Not Donated,0,2,2,1,2,1,5
6141,Age<=29,Male,Undergraduate,Married,"Income<=$50,000",White,Donated,30,1,2,1,2,1,5
6142,Age>=50,Female,Undergraduate,Married,"$50,000<Income<=$100,000",White,Not Donated,0,4,1,1,2,2,5
6143,Age>=50,Female,Graduate,Married,"Income<=$50,000",White,Not Donated,0,4,1,2,2,1,5
6144,Age<=29,Male,Undergraduate,Married,"$50,000<Income<=$100,000",White,Not Donated,0,1,2,1,2,2,5
6145,40<=Age<=49,Female,Undergraduate,Married,"Income<=$50,000",White,Donated,75,3,1,1,2,1,5
6146,Age>=50,Male,Undergraduate,Married,"Income<=$50,000",White,Not Donated,0,4,2,1,2,1,5
6147,30<=Age<=39,Male,Undergraduate,Married,"Income<=$50,000",White,Donated,80,2,2,1,2,1,5
6148,40<=Age<=49,Male,Undergraduate,Married,"Income<=$50,000",Black,Not Donated,0,3,2,1,2,1,2
6149,30<=Age<=39,Female,Undergraduate,Married,"$50,000<Income<=$100,000",Hispanic,Not Donated,0,2,1,1,2,2,3
6150,Age>=50,Female,Undergraduate,Married,"$50,000<Income<=$100,000",Black,Donated,120,4,1,1,2,2,2
6151,Age<=29,Female,Graduate,Married,"Income<=$50,000",White,Not Donated,0,1,1,2,2,1,5
6152,Age>=50,Female,Undergraduate,Married,"$50,000<Income<=$100,000",Hispanic,Not Donated,0,4,1,1,2,2,3
6153,Age>=50,Female,Undergraduate,Married,"$50,000<Income<=$100,000",Black,Not Donated,0,4,1,1,2,2,2
6154,30<=Age<=39,Female,Undergraduate,Single,"Income<=$50,000",Hispanic,Donated,45,2,1,1,1,1,3
6155,30<=Age<=39,Male,Undergraduate,Married,"Income<=$50,000",Black,Donated,70,2,2,1,2,1,2
6156,40<=Age<=49,Female,Undergraduate,Married,"Income<=$50,000",Asian,Not Donated,0,3,1,1,2,1,1
6157,Age<=29,Male,Undergraduate,Married,"$50,000<Income<=$100,000",Asian,Not Donated,0,1,2,1,2,2,1
6158,40<=Age<=49,Male,Undergraduate,Single,"Income<=$50,000",White,Not Donated,0,3,2,1,1,1,5
6159,Age<=29,Male,Undergraduate,Married,"Income<=$50,000",White,Donated,20,1,2,1,2,1,5
6160,40<=Age<=49,Female,Undergraduate,Single,"$50,000<Income<=$100,000",White,Not Donated,0,3,1,1,1,2,5
6161,Age<=29,Female,Undergraduate,Single,"$50,000<Income<=$100,000",Other,Donated,55,1,1,1,1,2,4
6162,40<=Age<=49,Female,Undergraduate,Married,"$50,000<Income<=$100,000",White,Donated,110,3,1,1,2,2,5
6163,40<=Age<=49,Male,Undergraduate,Married,"Income<=$50,000",Asian,Not Donated,0,3,2,1,2,1,1
6164,40<=Age<=49,Female,Undergraduate,Single,"Income<=$50,000",White,Not Donated,0,3,1,1,1,1,5
6165,30<=Age<=39,Male,Undergraduate,Single,"Income<=$50,000",Hispanic,Not Donated,0,2,2,1,1,1,3
6166,Age<=29,Female,Undergraduate,Single,"$50,000<Income<=$100,000",White,Not Donated,0,1,1,1,1,2,5
6167,Age<=29,Female,Undergraduate,Married,"Income<=$50,000",White,Not Donated,0,1,1,1,2,1,5
6168,30<=Age<=39,Female,Undergraduate,Married,"Income<=$50,000",White,Donated,70,2,1,1,2,1,5
6169,Age>=50,Male,Undergraduate,Single,"Income<=$50,000",Asian,Not Donated,0,4,2,1,1,1,1
6170,Age>=50,Female,Undergraduate,Single,"Income<=$50,000",White,Not Donated,0,4,1,1,1,1,5
6171,Age>=50,Male,Undergraduate,Married,"Income<=$50,000",Hispanic,Donated,90,4,2,1,2,1,3
6172,40<=Age<=49,Male,Undergraduate,Married,"Income<=$50,000",White,Not Donated,0,3,2,1,2,1,5
6173,40<=Age<=49,Male,Undergraduate,Single,"Income>$100,000",Other,Not Donated,0,3,2,1,1,3,4
6174,Age>=50,Female,Undergraduate,Married,"$50,000<Income<=$100,000",White,Not Donated,0,4,1,1,2,2,5
6175,Age<=29,Female,Undergraduate,Single,"$50,000<Income<=$100,000",White,Donated,65,1,1,1,1,2,5
6176,Age<=29,Female,Undergraduate,Single,"Income<=$50,000",Black,Donated,20,1,1,1,1,1,2
6177,Age<=29,Male,Undergraduate,Married,"$50,000<Income<=$100,000",White,Not Donated,0,1,2,1,2,2,5
6178,Age<=29,Female,Undergraduate,Married,"$50,000<Income<=$100,000",Asian,Not Donated,0,1,1,1,2,2,1
6179,30<=Age<=39,Male,Undergraduate,Married,"Income<=$50,000",Hispanic,Not Donated,0,2,2,1,2,1,3
6180,40<=Age<=49,Female,Undergraduate,Single,"Income<=$50,000",Hispanic,Donated,70,3,1,1,1,1,3
6181,Age<=29,Male,Undergraduate,Single,"Income<=$50,000",White,Donated,30,1,2,1,1,1,5
6182,40<=Age<=49,Male,Undergraduate,Married,"$50,000<Income<=$100,000",Other,Not Donated,0,3,2,1,2,2,4
6183,30<=Age<=39,Male,Undergraduate,Single,"$50,000<Income<=$100,000",Asian,Donated,65,2,2,1,1,2,1
6184,30<=Age<=39,Male,Undergraduate,Single,"Income<=$50,000",White,Not Donated,0,2,2,1,1,1,5
6185,Age<=29,Male,Undergraduate,Single,"Income<=$50,000",White,Not Donated,0,1,2,1,1,1,5
6186,Age<=29,Male,Undergraduate,Single,"Income<=$50,000",White,Donated,45,1,2,1,1,1,5
6187,30<=Age<=39,Female,Undergraduate,Married,"Income<=$50,000",Black,Donated,50,2,1,1,2,1,2
6188,30<=Age<=39,Female,Undergraduate,Married,"Income<=$50,000",White,Donated,40,2,1,1,2,1,5
6189,Age<=29,Female,Graduate,Married,"$50,000<Income<=$100,000",White,Donated,80,1,1,2,2,2,5
6190,Age>=50,Female,Undergraduate,Married,"Income>$100,000",White,Not Donated,0,4,1,1,2,3,5
6191,Age<=29,Male,Undergraduate,Single,"Income>$100,000",Black,Donated,80,1,2,1,1,3,2
6192,40<=Age<=49,Male,Undergraduate,Married,"Income<=$50,000",Black,Not Donated,0,3,2,1,2,1,2
6193,40<=Age<=49,Male,Undergraduate,Married,"Income>$100,000",White,Donated,150,3,2,1,2,3,5
6194,Age>=50,Female,Undergraduate,Single,"$50,000<Income<=$100,000",Hispanic,Not Donated,0,4,1,1,1,2,3
6195,Age<=29,Male,Graduate,Single,"Income>$100,000",Asian,Donated,85,1,2,2,1,3,1
6196,40<=Age<=49,Female,Undergraduate,Married,"Income>$100,000",White,Not Donated,0,3,1,1,2,3,5
6197,Age<=29,Female,Undergraduate,Single,"Income<=$50,000",White,Not Donated,0,1,1,1,1,1,5
6198,40<=Age<=49,Female,Undergraduate,Single,"Income>$100,000",Hispanic,Not Donated,0,3,1,1,1,3,3
6199,30<=Age<=39,Male,Undergraduate,Married,"Income<=$50,000",Hispanic,Not Donated,0,2,2,1,2,1,3
6200,40<=Age<=49,Male,Undergraduate,Single,"Income<=$50,000",White,Not Donated,0,3,2,1,1,1,5
6201,Age<=29,Female,Graduate,Married,"Income<=$50,000",Hispanic,Donated,60,1,1,2,2,1,3
6202,Age<=29,Female,Undergraduate,Married,"Income<=$50,000",White,Donated,55,1,1,1,2,1,5
6203,Age>=50,Female,Undergraduate,Married,"Income>$100,000",White,Not Donated,0,4,1,1,2,3,5
6204,Age<=29,Female,Undergraduate,Single,"Income<=$50,000",White,Donated,40,1,1,1,1,1,5
6205,30<=Age<=39,Female,Undergraduate,Married,"Income<=$50,000",White,Donated,70,2,1,1,2,1,5
6206,Age<=29,Male,Undergraduate,Married,"$50,000<Income<=$100,000",Other,Donated,65,1,2,1,2,2,4
6207,Age<=29,Male,Graduate,Single,"Income<=$50,000",Black,Donated,55,1,2,2,1,1,2
6208,Age<=29,Female,Undergraduate,Single,"Income>$100,000",Hispanic,Not Donated,0,1,1,1,1,3,3
6209,30<=Age<=39,Male,Undergraduate,Single,"$50,000<Income<=$100,000",Hispanic,Not Donated,0,2,2,1,1,2,3
6210,Age<=29,Male,Graduate,Married,"Income<=$50,000",White,Not Donated,0,1,2,2,2,1,5
6211,Age<=29,Male,Undergraduate,Single,"Income<=$50,000",Asian,Donated,20,1,2,1,1,1,1
6212,40<=Age<=49,Male,Undergraduate,Married,"$50,000<Income<=$100,000",Hispanic,Not Donated,0,3,2,1,2,2,3
6213,40<=Age<=49,Male,Undergraduate,Single,"Income>$100,000",White,Not Donated,0,3,2,1,1,3,5
6214,40<=Age<=49,Female,Undergraduate,Single,"Income>$100,000",Asian,Donated,145,3,1,1,1,3,1
6215,Age<=29,Female,Undergraduate,Single,"Income>$100,000",Asian,Donated,80,1,1,1,1,3,1
6216,40<=Age<=49,Male,Undergraduate,Single,"Income<=$50,000",White,Not Donated,0,3,2,1,1,1,5
6217,40<=Age<=49,Female,Undergraduate,Married,"Income<=$50,000",Hispanic,Not Donated,0,3,1,1,2,1,3
6218,Age>=50,Male,Undergraduate,Married,"Income<=$50,000",Asian,Not Donated,0,4,2,1,2,1,1
6219,30<=Age<=39,Female,Undergraduate,Single,"Income>$100,000",Asian,Donated,115,2,1,1,1,3,1
6220,Age<=29,Female,Undergraduate,Married,"Income<=$50,000",Hispanic,Donated,40,1,1,1,2,1,3
6221,Age>=50,Male,Graduate,Single,"Income<=$50,000",White,Donated,85,4,2,2,1,1,5
6222,40<=Age<=49,Male,Undergraduate,Married,"Income<=$50,000",White,Not Donated,0,3,2,1,2,1,5
6223,Age>=50,Male,Undergraduate,Single,"Income<=$50,000",Asian,Not Donated,0,4,2,1,1,1,1
6224,Age<=29,Female,Undergraduate,Single,"Income<=$50,000",Black,Not Donated,0,1,1,1,1,1,2
6225,Age<=29,Male,Undergraduate,Married,"Income>$100,000",White,Not Donated,0,1,2,1,2,3,5
6226,30<=Age<=39,Male,Undergraduate,Married,"$50,000<Income<=$100,000",Black,Not Donated,0,2,2,1,2,2,2
6227,30<=Age<=39,Male,Undergraduate,Single,"$50,000<Income<=$100,000",Asian,Donated,65,2,2,1,1,2,1
6228,40<=Age<=49,Female,Undergraduate,Single,"Income<=$50,000",Black,Not Donated,0,3,1,1,1,1,2
6229,Age<=29,Female,Graduate,Married,"Income>$100,000",White,Not Donated,0,1,1,2,2,3,5
6230,30<=Age<=39,Male,Undergraduate,Single,"Income<=$50,000",Asian,Donated,50,2,2,1,1,1,1
6231,Age<=29,Male,Undergraduate,Single,"$50,000<Income<=$100,000",Asian,Not Donated,0,1,2,1,1,2,1
6232,40<=Age<=49,Female,Undergraduate,Married,"Income<=$50,000",White,Donated,80,3,1,1,2,1,5
6233,Age>=50,Female,Undergraduate,Single,"Income<=$50,000",Black,Not Donated,0,4,1,1,1,1,2
6234,30<=Age<=39,Female,Undergraduate,Married,"Income<=$50,000",White,Not Donated,0,2,1,1,2,1,5
6235,Age>=50,Male,Undergraduate,Single,"Income<=$50,000",White,Not Donated,0,4,2,1,1,1,5
6236,Age>=50,Male,Undergraduate,Single,"Income<=$50,000",White,Not Donated,0,4,2,1,1,1,5
6237,40<=Age<=49,Female,Undergraduate,Single,"Income>$100,000",Black,Donated,100,3,1,1,1,3,2
6238,30<=Age<=39,Female,Undergraduate,Married,"Income<=$50,000",White,Not Donated,0,2,1,1,2,1,5
6239,30<=Age<=39,Male,Graduate,Single,"$50,000<Income<=$100,000",White,Not Donated,0,2,2,2,1,2,5
6240,40<=Age<=49,Male,Undergraduate,Married,"$50,000<Income<=$100,000",Asian,Not Donated,0,3,2,1,2,2,1
6241,Age<=29,Female,Undergraduate,Married,"Income<=$50,000",White,Donated,25,1,1,1,2,1,5
6242,30<=Age<=39,Male,Undergraduate,Single,"Income<=$50,000",Other,Not Donated,0,2,2,1,1,1,4
6243,Age>=50,Male,Undergraduate,Married,"Income<=$50,000",White,Not Donated,0,4,2,1,2,1,5
6244,Age>=50,Female,Undergraduate,Married,"Income<=$50,000",White,Not Donated,0,4,1,1,2,1,5
6245,Age<=29,Female,Undergraduate,Married,"Income>$100,000",White,Donated,95,1,1,1,2,3,5
6246,40<=Age<=49,Female,Undergraduate,Married,"Income>$100,000",White,Not Donated,0,3,1,1,2,3,5
6247,30<=Age<=39,Female,Undergraduate,Single,"Income<=$50,000",Hispanic,Donated,50,2,1,1,1,1,3
6248,40<=Age<=49,Male,Undergraduate,Single,"$50,000<Income<=$100,000",White,Not Donated,0,3,2,1,1,2,5
6249,30<=Age<=39,Female,Undergraduate,Married,"Income<=$50,000",White,Not Donated,0,2,1,1,2,1,5
6250,Age>=50,Female,Undergraduate,Single,"$50,000<Income<=$100,000",White,Donated,110,4,1,1,1,2,5
6251,Age>=50,Male,Undergraduate,Single,"Income>$100,000",Other,Not Donated,0,4,2,1,1,3,4
6252,30<=Age<=39,Female,Undergraduate,Married,"Income<=$50,000",Black,Not Donated,0,2,1,1,2,1,2
6253,Age<=29,Female,Undergraduate,Married,"Income<=$50,000",White,Not Donated,0,1,1,1,2,1,5
6254,30<=Age<=39,Male,Undergraduate,Married,"Income<=$50,000",White,Donated,70,2,2,1,2,1,5
6255,30<=Age<=39,Female,Undergraduate,Single,"Income<=$50,000",Hispanic,Not Donated,0,2,1,1,1,1,3
6256,Age<=29,Female,Undergraduate,Married,"$50,000<Income<=$100,000",White,Not Donated,0,1,1,1,2,2,5
6257,Age<=29,Female,Undergraduate,Married,"$50,000<Income<=$100,000",White,Not Donated,0,1,1,1,2,2,5
6258,Age>=50,Male,Undergraduate,Single,"Income<=$50,000",White,Not Donated,0,4,2,1,1,1,5
6259,40<=Age<=49,Male,Undergraduate,Married,"Income<=$50,000",Asian,Not Donated,0,3,2,1,2,1,1
6260,40<=Age<=49,Female,Graduate,Married,"$50,000<Income<=$100,000",White,Not Donated,0,3,1,2,2,2,5
6261,30<=Age<=39,Male,Undergraduate,Married,"Income<=$50,000",White,Not Donated,0,2,2,1,2,1,5
6262,Age>=50,Male,Undergraduate,Single,"Income<=$50,000",White,Not Donated,0,4,2,1,1,1,5
6263,40<=Age<=49,Female,Undergraduate,Single,"Income<=$50,000",White,Not Donated,0,3,1,1,1,1,5
6264,Age<=29,Male,Undergraduate,Married,"Income<=$50,000",White,Not Donated,0,1,2,1,2,1,5
6265,30<=Age<=39,Male,Undergraduate,Single,"Income<=$50,000",White,Donated,45,2,2,1,1,1,5
6266,Age>=50,Male,Undergraduate,Single,"Income<=$50,000",Hispanic,Not Donated,0,4,2,1,1,1,3
6267,Age<=29,Female,Undergraduate,Single,"Income<=$50,000",Other,Not Donated,0,1,1,1,1,1,4
6268,Age<=29,Female,Undergraduate,Married,"Income<=$50,000",Black,Not Donated,0,1,1,1,2,1,2
6269,30<=Age<=39,Female,Undergraduate,Married,"Income>$100,000",White,Not Donated,0,2,1,1,2,3,5
6270,30<=Age<=39,Male,Undergraduate,Married,"Income<=$50,000",White,Not Donated,0,2,2,1,2,1,5
6271,30<=Age<=39,Female,Undergraduate,Single,"$50,000<Income<=$100,000",White,Donated,70,2,1,1,1,2,5
6272,30<=Age<=39,Male,Undergraduate,Single,"Income<=$50,000",White,Not Donated,0,2,2,1,1,1,5
6273,30<=Age<=39,Female,Undergraduate,Single,"$50,000<Income<=$100,000",White,Donated,75,2,1,1,1,2,5
6274,40<=Age<=49,Male,Undergraduate,Single,"$50,000<Income<=$100,000",Other,Donated,85,3,2,1,1,2,4
6275,Age>=50,Male,Undergraduate,Married,"Income<=$50,000",White,Not Donated,0,4,2,1,2,1,5
6276,Age<=29,Male,Graduate,Single,"Income<=$50,000",Black,Donated,55,1,2,2,1,1,2
6277,30<=Age<=39,Male,Undergraduate,Married,"$50,000<Income<=$100,000",White,Not Donated,0,2,2,1,2,2,5
6278,Age<=29,Male,Undergraduate,Married,"Income<=$50,000",Black,Not Donated,0,1,2,1,2,1,2
6279,40<=Age<=49,Female,Graduate,Single,"Income<=$50,000",Asian,Donated,90,3,1,2,1,1,1
6280,40<=Age<=49,Female,Undergraduate,Married,"Income>$100,000",White,Not Donated,0,3,1,1,2,3,5
6281,Age>=50,Male,Undergraduate,Single,"Income<=$50,000",Asian,Not Donated,0,4,2,1,1,1,1
6282,30<=Age<=39,Female,Undergraduate,Married,"Income<=$50,000",White,Not Donated,0,2,1,1,2,1,5
6283,30<=Age<=39,Male,Graduate,Single,"Income>$100,000",Hispanic,Donated,125,2,2,2,1,3,3
6284,Age>=50,Female,Undergraduate,Married,"Income<=$50,000",Hispanic,Not Donated,0,4,1,1,2,1,3
6285,30<=Age<=39,Female,Undergraduate,Single,"Income>$100,000",Asian,Not Donated,0,2,1,1,1,3,1
6286,40<=Age<=49,Male,Undergraduate,Single,"Income<=$50,000",White,Not Donated,0,3,2,1,1,1,5
6287,40<=Age<=49,Male,Undergraduate,Single,"Income>$100,000",White,Not Donated,0,3,2,1,1,3,5
6288,Age<=29,Female,Undergraduate,Married,"Income<=$50,000",Black,Not Donated,0,1,1,1,2,1,2
6289,40<=Age<=49,Male,Undergraduate,Single,"$50,000<Income<=$100,000",White,Not Donated,0,3,2,1,1,2,5
6290,Age<=29,Male,Undergraduate,Married,"Income<=$50,000",White,Donated,35,1,2,1,2,1,5
6291,30<=Age<=39,Male,Undergraduate,Single,"Income<=$50,000",White,Not Donated,0,2,2,1,1,1,5
6292,Age>=50,Female,Undergraduate,Married,"Income<=$50,000",Hispanic,Not Donated,0,4,1,1,2,1,3
6293,Age<=29,Female,Undergraduate,Married,"Income>$100,000",Asian,Donated,70,1,1,1,2,3,1
6294,Age>=50,Female,Undergraduate,Single,"Income<=$50,000",Black,Donated,90,4,1,1,1,1,2
6295,Age<=29,Male,Undergraduate,Married,"$50,000<Income<=$100,000",Asian,Not Donated,0,1,2,1,2,2,1
6296,30<=Age<=39,Male,Undergraduate,Married,"Income<=$50,000",White,Not Donated,0,2,2,1,2,1,5
6297,Age<=29,Female,Undergraduate,Married,"$50,000<Income<=$100,000",White,Donated,55,1,1,1,2,2,5
6298,40<=Age<=49,Female,Undergraduate,Married,"Income<=$50,000",White,Donated,70,3,1,1,2,1,5
6299,30<=Age<=39,Male,Undergraduate,Single,"Income>$100,000",Asian,Not Donated,0,2,2,1,1,3,1
6300,40<=Age<=49,Female,Undergraduate,Single,"Income<=$50,000",White,Donated,75,3,1,1,1,1,5
6301,Age<=29,Female,Undergraduate,Married,"$50,000<Income<=$100,000",White,Not Donated,0,1,1,1,2,2,5
6302,Age<=29,Female,Undergraduate,Married,"Income<=$50,000",Hispanic,Not Donated,0,1,1,1,2,1,3
6303,40<=Age<=49,Female,Undergraduate,Married,"$50,000<Income<=$100,000",White,Not Donated,0,3,1,1,2,2,5
6304,Age<=29,Male,Undergraduate,Married,"Income>$100,000",White,Not Donated,0,1,2,1,2,3,5
6305,Age<=29,Female,Undergraduate,Married,"Income<=$50,000",White,Donated,45,1,1,1,2,1,5
6306,40<=Age<=49,Female,Undergraduate,Single,"Income>$100,000",Hispanic,Donated,125,3,1,1,1,3,3
6307,40<=Age<=49,Female,Undergraduate,Married,"$50,000<Income<=$100,000",Black,Not Donated,0,3,1,1,2,2,2
6308,Age<=29,Male,Undergraduate,Married,"Income<=$50,000",White,Not Donated,0,1,2,1,2,1,5
6309,Age<=29,Male,Undergraduate,Married,"$50,000<Income<=$100,000",White,Donated,75,1,2,1,2,2,5
6310,Age>=50,Male,Undergraduate,Single,"$50,000<Income<=$100,000",White,Not Donated,0,4,2,1,1,2,5
6311,40<=Age<=49,Female,Undergraduate,Single,"Income<=$50,000",White,Donated,70,3,1,1,1,1,5
6312,Age<=29,Female,Undergraduate,Married,"Income>$100,000",White,Not Donated,0,1,1,1,2,3,5
6313,Age<=29,Female,Undergraduate,Married,"$50,000<Income<=$100,000",White,Not Donated,0,1,1,1,2,2,5
6314,30<=Age<=39,Male,Undergraduate,Single,"$50,000<Income<=$100,000",White,Donated,70,2,2,1,1,2,5
6315,Age<=29,Female,Undergraduate,Married,"Income<=$50,000",Hispanic,Not Donated,0,1,1,1,2,1,3
6316,Age<=29,Female,Graduate,Single,"Income<=$50,000",Asian,Donated,55,1,1,2,1,1,1
6317,Age<=29,Female,Undergraduate,Married,"Income<=$50,000",Black,Not Donated,0,1,1,1,2,1,2
6318,Age<=29,Male,Undergraduate,Married,"Income>$100,000",White,Not Donated,0,1,2,1,2,3,5
6319,Age>=50,Male,Undergraduate,Married,"Income>$100,000",Asian,Donated,140,4,2,1,2,3,1
6320,Age<=29,Female,Undergraduate,Married,"Income<=$50,000",White,Not Donated,0,1,1,1,2,1,5
6321,Age>=50,Female,Undergraduate,Married,"Income<=$50,000",Other,Not Donated,0,4,1,1,2,1,4
6322,30<=Age<=39,Male,Undergraduate,Married,"$50,000<Income<=$100,000",Hispanic,Donated,75,2,2,1,2,2,3
6323,30<=Age<=39,Female,Undergraduate,Married,"Income>$100,000",Black,Not Donated,0,2,1,1,2,3,2
6324,30<=Age<=39,Female,Undergraduate,Married,"Income<=$50,000",Hispanic,Not Donated,0,2,1,1,2,1,3
6325,40<=Age<=49,Male,Graduate,Married,"$50,000<Income<=$100,000",White,Not Donated,0,3,2,2,2,2,5
6326,30<=Age<=39,Male,Undergraduate,Married,"Income<=$50,000",Other,Donated,55,2,2,1,2,1,4
6327,Age<=29,Male,Undergraduate,Married,"Income<=$50,000",White,Not Donated,0,1,2,1,2,1,5
6328,40<=Age<=49,Male,Graduate,Married,"Income<=$50,000",Black,Not Donated,0,3,2,2,2,1,2
6329,40<=Age<=49,Male,Undergraduate,Married,"Income>$100,000",White,Not Donated,0,3,2,1,2,3,5
6330,Age<=29,Female,Undergraduate,Married,"Income>$100,000",Black,Donated,80,1,1,1,2,3,2
6331,Age<=29,Male,Undergraduate,Married,"Income<=$50,000",Other,Not Donated,0,1,2,1,2,1,4
6332,30<=Age<=39,Female,Undergraduate,Married,"Income>$100,000",Hispanic,Donated,100,2,1,1,2,3,3
6333,Age>=50,Female,Undergraduate,Married,"Income>$100,000",Other,Not Donated,0,4,1,1,2,3,4
6334,30<=Age<=39,Female,Undergraduate,Single,"Income<=$50,000",White,Not Donated,0,2,1,1,1,1,5
6335,30<=Age<=39,Female,Undergraduate,Married,"Income<=$50,000",White,Donated,65,2,1,1,2,1,5
6336,Age<=29,Male,Graduate,Married,"Income<=$50,000",White,Donated,35,1,2,2,2,1,5
6337,30<=Age<=39,Male,Undergraduate,Single,"Income<=$50,000",Other,Donated,35,2,2,1,1,1,4
6338,Age<=29,Male,Undergraduate,Married,"Income<=$50,000",Other,Not Donated,0,1,2,1,2,1,4
6339,40<=Age<=49,Female,Undergraduate,Single,"Income<=$50,000",White,Donated,70,3,1,1,1,1,5
6340,30<=Age<=39,Male,Undergraduate,Married,"Income<=$50,000",Black,Donated,60,2,2,1,2,1,2
6341,30<=Age<=39,Female,Graduate,Married,"$50,000<Income<=$100,000",Asian,Not Donated,0,2,1,2,2,2,1
6342,Age>=50,Male,Undergraduate,Married,"Income<=$50,000",Asian,Donated,95,4,2,1,2,1,1
6343,Age>=50,Male,Undergraduate,Married,"$50,000<Income<=$100,000",Hispanic,Not Donated,0,4,2,1,2,2,3
6344,Age>=50,Male,Undergraduate,Married,"Income>$100,000",Black,Donated,150,4,2,1,2,3,2
6345,30<=Age<=39,Male,Undergraduate,Married,"$50,000<Income<=$100,000",White,Donated,90,2,2,1,2,2,5
6346,40<=Age<=49,Male,Undergraduate,Married,"$50,000<Income<=$100,000",White,Not Donated,0,3,2,1,2,2,5
6347,30<=Age<=39,Male,Undergraduate,Married,"$50,000<Income<=$100,000",Hispanic,Not Donated,0,2,2,1,2,2,3
6348,30<=Age<=39,Male,Undergraduate,Single,"$50,000<Income<=$100,000",White,Not Donated,0,2,2,1,1,2,5
6349,Age<=29,Female,Undergraduate,Married,"Income>$100,000",Black,Donated,95,1,1,1,2,3,2
6350,Age>=50,Female,Undergraduate,Married,"Income<=$50,000",White,Not Donated,0,4,1,1,2,1,5
6351,Age>=50,Female,Undergraduate,Married,"Income<=$50,000",White,Not Donated,0,4,1,1,2,1,5
6352,30<=Age<=39,Female,Undergraduate,Single,"Income<=$50,000",White,Donated,45,2,1,1,1,1,5
6353,30<=Age<=39,Female,Undergraduate,Married,"Income>$100,000",White,Not Donated,0,2,1,1,2,3,5
6354,Age<=29,Female,Undergraduate,Married,"$50,000<Income<=$100,000",White,Not Donated,0,1,1,1,2,2,5
6355,40<=Age<=49,Female,Undergraduate,Single,"Income<=$50,000",White,Not Donated,0,3,1,1,1,1,5
6356,30<=Age<=39,Male,Undergraduate,Married,"Income>$100,000",White,Donated,105,2,2,1,2,3,5
6357,Age<=29,Female,Undergraduate,Married,"$50,000<Income<=$100,000",White,Donated,60,1,1,1,2,2,5
6358,30<=Age<=39,Male,Undergraduate,Married,"Income<=$50,000",Hispanic,Not Donated,0,2,2,1,2,1,3
6359,30<=Age<=39,Female,Undergraduate,Married,"Income<=$50,000",Hispanic,Donated,45,2,1,1,2,1,3
6360,30<=Age<=39,Female,Undergraduate,Married,"Income<=$50,000",Hispanic,Not Donated,0,2,1,1,2,1,3
6361,30<=Age<=39,Male,Undergraduate,Married,"Income>$100,000",White,Not Donated,0,2,2,1,2,3,5
6362,40<=Age<=49,Male,Undergraduate,Single,"Income<=$50,000",Hispanic,Not Donated,0,3,2,1,1,1,3
6363,30<=Age<=39,Male,Undergraduate,Married,"Income<=$50,000",Asian,Not Donated,0,2,2,1,2,1,1
6364,Age<=29,Male,Undergraduate,Single,"$50,000<Income<=$100,000",White,Not Donated,0,1,2,1,1,2,5
6365,Age>=50,Male,Undergraduate,Married,"$50,000<Income<=$100,000",White,Not Donated,0,4,2,1,2,2,5
6366,Age>=50,Male,Undergraduate,Married,"$50,000<Income<=$100,000",Hispanic,Not Donated,0,4,2,1,2,2,3
6367,40<=Age<=49,Male,Undergraduate,Single,"Income>$100,000",Black,Not Donated,0,3,2,1,1,3,2
6368,40<=Age<=49,Male,Undergraduate,Married,"Income>$100,000",White,Not Donated,0,3,2,1,2,3,5
6369,40<=Age<=49,Female,Undergraduate,Married,"Income<=$50,000",White,Donated,75,3,1,1,2,1,5
6370,Age<=29,Female,Undergraduate,Married,"Income<=$50,000",White,Donated,20,1,1,1,2,1,5
6371,Age>=50,Male,Undergraduate,Single,"$50,000<Income<=$100,000",Asian,Not Donated,0,4,2,1,1,2,1
6372,Age<=29,Female,Undergraduate,Married,"Income<=$50,000",Asian,Not Donated,0,1,1,1,2,1,1
6373,Age>=50,Male,Undergraduate,Single,"$50,000<Income<=$100,000",White,Donated,115,4,2,1,1,2,5
6374,Age>=50,Male,Undergraduate,Single,"Income<=$50,000",White,Not Donated,0,4,2,1,1,1,5
6375,Age<=29,Female,Undergraduate,Married,"Income<=$50,000",White,Not Donated,0,1,1,1,2,1,5
6376,Age>=50,Male,Undergraduate,Married,"$50,000<Income<=$100,000",Asian,Donated,130,4,2,1,2,2,1
6377,Age>=50,Female,Undergraduate,Single,"Income<=$50,000",Asian,Not Donated,0,4,1,1,1,1,1
6378,Age<=29,Male,Undergraduate,Married,"Income<=$50,000",Asian,Not Donated,0,1,2,1,2,1,1
6379,Age<=29,Female,Undergraduate,Married,"$50,000<Income<=$100,000",Hispanic,Not Donated,0,1,1,1,2,2,3
6380,Age>=50,Male,Undergraduate,Married,"Income<=$50,000",White,Not Donated,0,4,2,1,2,1,5
6381,40<=Age<=49,Male,Undergraduate,Married,"Income<=$50,000",White,Not Donated,0,3,2,1,2,1,5
6382,Age<=29,Female,Undergraduate,Married,"Income<=$50,000",White,Not Donated,0,1,1,1,2,1,5
6383,40<=Age<=49,Male,Undergraduate,Single,"$50,000<Income<=$100,000",White,Donated,85,3,2,1,1,2,5
6384,40<=Age<=49,Female,Undergraduate,Married,"$50,000<Income<=$100,000",White,Donated,105,3,1,1,2,2,5
6385,30<=Age<=39,Female,Undergraduate,Single,"$50,000<Income<=$100,000",Hispanic,Donated,85,2,1,1,1,2,3
6386,Age>=50,Male,Undergraduate,Married,"Income<=$50,000",White,Donated,100,4,2,1,2,1,5
6387,40<=Age<=49,Female,Undergraduate,Single,"Income<=$50,000",Black,Donated,90,3,1,1,1,1,2
6388,30<=Age<=39,Male,Undergraduate,Single,"Income<=$50,000",White,Not Donated,0,2,2,1,1,1,5
6389,Age>=50,Male,Undergraduate,Married,"$50,000<Income<=$100,000",Hispanic,Not Donated,0,4,2,1,2,2,3
6390,Age>=50,Male,Undergraduate,Married,"Income>$100,000",Hispanic,Not Donated,0,4,2,1,2,3,3
6391,Age<=29,Female,Undergraduate,Married,"$50,000<Income<=$100,000",White,Donated,70,1,1,1,2,2,5
6392,30<=Age<=39,Female,Undergraduate,Married,"$50,000<Income<=$100,000",Hispanic,Donated,75,2,1,1,2,2,3
6393,30<=Age<=39,Male,Graduate,Married,"Income<=$50,000",White,Donated,70,2,2,2,2,1,5
6394,Age>=50,Male,Undergraduate,Single,"Income>$100,000",White,Not Donated,0,4,2,1,1,3,5
6395,40<=Age<=49,Female,Undergraduate,Married,"Income<=$50,000",White,Not Donated,0,3,1,1,2,1,5
6396,30<=Age<=39,Female,Undergraduate,Married,"Income<=$50,000",White,Donated,75,2,1,1,2,1,5
6397,30<=Age<=39,Female,Undergraduate,Married,"$50,000<Income<=$100,000",White,Donated,60,2,1,1,2,2,5
6398,40<=Age<=49,Male,Undergraduate,Single,"Income<=$50,000",White,Not Donated,0,3,2,1,1,1,5
6399,Age>=50,Female,Graduate,Married,"Income<=$50,000",White,Not Donated,0,4,1,2,2,1,5
6400,Age<=29,Female,Undergraduate,Single,"Income<=$50,000",Black,Not Donated,0,1,1,1,1,1,2
6401,Age>=50,Female,Undergraduate,Single,"Income>$100,000",Hispanic,Donated,150,4,1,1,1,3,3
6402,40<=Age<=49,Male,Undergraduate,Single,"Income<=$50,000",White,Not Donated,0,3,2,1,1,1,5
6403,40<=Age<=49,Male,Undergraduate,Married,"Income<=$50,000",White,Not Donated,0,3,2,1,2,1,5
6404,40<=Age<=49,Male,Graduate,Married,"Income<=$50,000",Black,Donated,95,3,2,2,2,1,2
6405,30<=Age<=39,Female,Undergraduate,Married,"Income<=$50,000",White,Not Donated,0,2,1,1,2,1,5
6406,30<=Age<=39,Female,Undergraduate,Married,"Income>$100,000",White,Donated,125,2,1,1,2,3,5
6407,Age<=29,Female,Undergraduate,Single,"Income>$100,000",White,Donated,105,1,1,1,1,3,5
6408,30<=Age<=39,Female,Undergraduate,Single,"Income>$100,000",White,Donated,115,2,1,1,1,3,5
6409,30<=Age<=39,Female,Undergraduate,Single,"Income<=$50,000",Asian,Donated,45,2,1,1,1,1,1
6410,40<=Age<=49,Female,Graduate,Married,"Income<=$50,000",Hispanic,Donated,70,3,1,2,2,1,3
6411,40<=Age<=49,Female,Undergraduate,Married,"Income>$100,000",Asian,Not Donated,0,3,1,1,2,3,1
6412,Age<=29,Female,Undergraduate,Married,"$50,000<Income<=$100,000",White,Not Donated,0,1,1,1,2,2,5
6413,30<=Age<=39,Male,Undergraduate,Married,"Income<=$50,000",White,Not Donated,0,2,2,1,2,1,5
6414,30<=Age<=39,Male,Undergraduate,Married,"$50,000<Income<=$100,000",White,Not Donated,0,2,2,1,2,2,5
6415,40<=Age<=49,Female,Undergraduate,Married,"Income>$100,000",White,Not Donated,0,3,1,1,2,3,5
6416,30<=Age<=39,Female,Graduate,Married,"Income>$100,000",White,Donated,120,2,1,2,2,3,5
6417,Age<=29,Female,Undergraduate,Single,"$50,000<Income<=$100,000",Asian,Donated,45,1,1,1,1,2,1
6418,40<=Age<=49,Male,Undergraduate,Married,"$50,000<Income<=$100,000",Hispanic,Donated,85,3,2,1,2,2,3
6419,Age>=50,Female,Graduate,Married,"$50,000<Income<=$100,000",Black,Donated,145,4,1,2,2,2,2
6420,30<=Age<=39,Female,Undergraduate,Married,"Income<=$50,000",Black,Not Donated,0,2,1,1,2,1,2
6421,Age<=29,Female,Undergraduate,Married,"$50,000<Income<=$100,000",White,Not Donated,0,1,1,1,2,2,5
6422,40<=Age<=49,Male,Undergraduate,Single,"Income<=$50,000",White,Not Donated,0,3,2,1,1,1,5
6423,30<=Age<=39,Female,Undergraduate,Single,"Income>$100,000",Hispanic,Not Donated,0,2,1,1,1,3,3
6424,Age<=29,Female,Undergraduate,Married,"Income<=$50,000",Black,Not Donated,0,1,1,1,2,1,2
6425,30<=Age<=39,Female,Undergraduate,Single,"$50,000<Income<=$100,000",White,Not Donated,0,2,1,1,1,2,5
6426,Age>=50,Male,Undergraduate,Single,"Income<=$50,000",Asian,Not Donated,0,4,2,1,1,1,1
6427,40<=Age<=49,Female,Undergraduate,Married,"Income<=$50,000",White,Donated,95,3,1,1,2,1,5
6428,Age<=29,Male,Undergraduate,Married,"Income<=$50,000",White,Donated,45,1,2,1,2,1,5
6429,30<=Age<=39,Male,Undergraduate,Married,"Income<=$50,000",White,Not Donated,0,2,2,1,2,1,5
6430,Age<=29,Male,Graduate,Married,"$50,000<Income<=$100,000",White,Not Donated,0,1,2,2,2,2,5
6431,30<=Age<=39,Female,Undergraduate,Married,"Income<=$50,000",White,Not Donated,0,2,1,1,2,1,5
6432,40<=Age<=49,Male,Graduate,Married,"Income<=$50,000",White,Donated,90,3,2,2,2,1,5
6433,40<=Age<=49,Male,Undergraduate,Married,"$50,000<Income<=$100,000",Hispanic,Not Donated,0,3,2,1,2,2,3
6434,40<=Age<=49,Female,Undergraduate,Married,"$50,000<Income<=$100,000",White,Not Donated,0,3,1,1,2,2,5
6435,40<=Age<=49,Male,Undergraduate,Single,"$50,000<Income<=$100,000",Hispanic,Not Donated,0,3,2,1,1,2,3
6436,Age<=29,Female,Undergraduate,Single,"Income<=$50,000",Asian,Not Donated,0,1,1,1,1,1,1
6437,Age>=50,Male,Graduate,Single,"Income>$100,000",White,Not Donated,0,4,2,2,1,3,5
6438,Age<=29,Female,Undergraduate,Single,"Income<=$50,000",White,Not Donated,0,1,1,1,1,1,5
6439,30<=Age<=39,Female,Undergraduate,Married,"$50,000<Income<=$100,000",Other,Donated,70,2,1,1,2,2,4
6440,40<=Age<=49,Female,Undergraduate,Married,"Income<=$50,000",Black,Donated,95,3,1,1,2,1,2
6441,Age>=50,Male,Undergraduate,Married,"Income<=$50,000",White,Not Donated,0,4,2,1,2,1,5
6442,30<=Age<=39,Male,Undergraduate,Married,"$50,000<Income<=$100,000",White,Not Donated,0,2,2,1,2,2,5
6443,Age>=50,Male,Graduate,Married,"Income<=$50,000",White,Not Donated,0,4,2,2,2,1,5
6444,Age<=29,Male,Undergraduate,Single,"Income<=$50,000",Hispanic,Donated,35,1,2,1,1,1,3
6445,Age<=29,Male,Undergraduate,Married,"Income<=$50,000",Black,Not Donated,0,1,2,1,2,1,2
6446,Age<=29,Female,Undergraduate,Married,"Income<=$50,000",White,Donated,35,1,1,1,2,1,5
6447,40<=Age<=49,Female,Undergraduate,Married,"Income<=$50,000",White,Donated,95,3,1,1,2,1,5
6448,40<=Age<=49,Female,Undergraduate,Married,"Income<=$50,000",Hispanic,Donated,65,3,1,1,2,1,3
6449,40<=Age<=49,Male,Undergraduate,Married,"Income>$100,000",White,Not Donated,0,3,2,1,2,3,5
6450,40<=Age<=49,Female,Undergraduate,Married,"$50,000<Income<=$100,000",Hispanic,Not Donated,0,3,1,1,2,2,3
6451,Age>=50,Female,Undergraduate,Married,"Income<=$50,000",White,Donated,100,4,1,1,2,1,5
6452,Age<=29,Male,Undergraduate,Single,"Income<=$50,000",White,Not Donated,0,1,2,1,1,1,5
6453,30<=Age<=39,Female,Undergraduate,Married,"Income<=$50,000",White,Not Donated,0,2,1,1,2,1,5
6454,40<=Age<=49,Female,Undergraduate,Married,"Income>$100,000",White,Donated,120,3,1,1,2,3,5
6455,40<=Age<=49,Female,Undergraduate,Married,"Income<=$50,000",White,Not Donated,0,3,1,1,2,1,5
6456,40<=Age<=49,Male,Undergraduate,Married,"Income<=$50,000",White,Donated,85,3,2,1,2,1,5
6457,Age>=50,Female,Undergraduate,Married,"Income<=$50,000",Black,Not Donated,0,4,1,1,2,1,2
6458,40<=Age<=49,Female,Undergraduate,Single,"$50,000<Income<=$100,000",Black,Not Donated,0,3,1,1,1,2,2
6459,Age>=50,Male,Undergraduate,Single,"$50,000<Income<=$100,000",White,Not Donated,0,4,2,1,1,2,5
6460,40<=Age<=49,Male,Undergraduate,Married,"Income<=$50,000",Black,Donated,95,3,2,1,2,1,2
6461,40<=Age<=49,Female,Undergraduate,Married,"$50,000<Income<=$100,000",Hispanic,Donated,100,3,1,1,2,2,3
6462,30<=Age<=39,Male,Undergraduate,Single,"Income<=$50,000",White,Donated,60,2,2,1,1,1,5
6463,Age>=50,Female,Undergraduate,Single,"$50,000<Income<=$100,000",White,Donated,120,4,1,1,1,2,5
6464,Age>=50,Male,Undergraduate,Married,"$50,000<Income<=$100,000",White,Not Donated,0,4,2,1,2,2,5
6465,Age<=29,Female,Undergraduate,Married,"$50,000<Income<=$100,000",White,Donated,65,1,1,1,2,2,5
6466,30<=Age<=39,Female,Undergraduate,Single,"$50,000<Income<=$100,000",Black,Not Donated,0,2,1,1,1,2,2
6467,40<=Age<=49,Female,Undergraduate,Married,"Income<=$50,000",White,Donated,75,3,1,1,2,1,5
6468,30<=Age<=39,Female,Undergraduate,Single,"Income<=$50,000",Black,Not Donated,0,2,1,1,1,1,2
6469,Age>=50,Female,Undergraduate,Single,"Income>$100,000",Hispanic,Not Donated,0,4,1,1,1,3,3
6470,40<=Age<=49,Male,Undergraduate,Married,"Income<=$50,000",White,Not Donated,0,3,2,1,2,1,5
6471,30<=Age<=39,Male,Undergraduate,Married,"$50,000<Income<=$100,000",Asian,Donated,85,2,2,1,2,2,1
6472,Age>=50,Female,Undergraduate,Married,"Income<=$50,000",White,Donated,110,4,1,1,2,1,5
6473,Age<=29,Male,Graduate,Single,"Income<=$50,000",Black,Not Donated,0,1,2,2,1,1,2
6474,Age<=29,Female,Undergraduate,Single,"Income<=$50,000",White,Donated,35,1,1,1,1,1,5
6475,Age>=50,Male,Undergraduate,Single,"Income<=$50,000",White,Not Donated,0,4,2,1,1,1,5
6476,Age>=50,Male,Undergraduate,Married,"Income>$100,000",White,Not Donated,0,4,2,1,2,3,5
6477,Age<=29,Female,Undergraduate,Married,"Income<=$50,000",White,Not Donated,0,1,1,1,2,1,5
6478,Age>=50,Female,Graduate,Single,"Income<=$50,000",White,Donated,100,4,1,2,1,1,5
6479,Age<=29,Male,Undergraduate,Married,"Income<=$50,000",White,Not Donated,0,1,2,1,2,1,5
6480,30<=Age<=39,Female,Undergraduate,Married,"$50,000<Income<=$100,000",White,Not Donated,0,2,1,1,2,2,5
6481,Age<=29,Female,Undergraduate,Single,"$50,000<Income<=$100,000",Black,Not Donated,0,1,1,1,1,2,2
6482,30<=Age<=39,Female,Undergraduate,Married,"Income<=$50,000",Asian,Donated,75,2,1,1,2,1,1
6483,30<=Age<=39,Male,Undergraduate,Single,"Income<=$50,000",White,Not Donated,0,2,2,1,1,1,5
6484,Age>=50,Male,Undergraduate,Married,"Income>$100,000",Black,Not Donated,0,4,2,1,2,3,2
6485,40<=Age<=49,Male,Undergraduate,Married,"Income>$100,000",White,Donated,120,3,2,1,2,3,5
6486,30<=Age<=39,Female,Undergraduate,Married,"$50,000<Income<=$100,000",White,Not Donated,0,2,1,1,2,2,5
6487,30<=Age<=39,Female,Undergraduate,Single,"Income<=$50,000",Hispanic,Not Donated,0,2,1,1,1,1,3
6488,30<=Age<=39,Female,Graduate,Single,"Income<=$50,000",White,Donated,90,2,1,2,1,1,5
6489,Age<=29,Male,Undergraduate,Single,"Income>$100,000",Hispanic,Donated,80,1,2,1,1,3,3
6490,30<=Age<=39,Male,Undergraduate,Married,"Income<=$50,000",White,Donated,70,2,2,1,2,1,5
6491,Age>=50,Male,Undergraduate,Single,"Income<=$50,000",Hispanic,Donated,90,4,2,1,1,1,3
6492,Age>=50,Female,Undergraduate,Married,"Income<=$50,000",Hispanic,Not Donated,0,4,1,1,2,1,3
6493,40<=Age<=49,Male,Undergraduate,Single,"Income>$100,000",Black,Donated,130,3,2,1,1,3,2
6494,Age>=50,Female,Undergraduate,Married,"Income<=$50,000",Hispanic,Not Donated,0,4,1,1,2,1,3
6495,Age<=29,Male,Undergraduate,Married,"$50,000<Income<=$100,000",White,Donated,65,1,2,1,2,2,5
6496,Age>=50,Female,Undergraduate,Single,"Income<=$50,000",White,Not Donated,0,4,1,1,1,1,5
6497,Age<=29,Male,Undergraduate,Married,"Income>$100,000",Other,Donated,80,1,2,1,2,3,4
6498,Age>=50,Male,Undergraduate,Single,"Income<=$50,000",Other,Not Donated,0,4,2,1,1,1,4
6499,Age<=29,Female,Undergraduate,Married,"Income<=$50,000",White,Not Donated,0,1,1,1,2,1,5
6500,Age<=29,Male,Graduate,Single,"Income>$100,000",White,Donated,100,1,2,2,1,3,5
6501,Age<=29,Female,Undergraduate,Married,"Income>$100,000",Black,Donated,80,1,1,1,2,3,2
6502,30<=Age<=39,Female,Undergraduate,Married,"Income<=$50,000",Black,Not Donated,0,2,1,1,2,1,2
6503,Age<=29,Male,Undergraduate,Married,"Income<=$50,000",White,Not Donated,0,1,2,1,2,1,5
6504,Age>=50,Female,Graduate,Married,"Income<=$50,000",White,Donated,125,4,1,2,2,1,5
6505,Age<=29,Male,Undergraduate,Single,"Income<=$50,000",White,Not Donated,0,1,2,1,1,1,5
6506,Age<=29,Female,Undergraduate,Married,"Income<=$50,000",White,Not Donated,0,1,1,1,2,1,5
6507,Age<=29,Male,Undergraduate,Single,"Income<=$50,000",White,Not Donated,0,1,2,1,1,1,5
6508,40<=Age<=49,Male,Undergraduate,Married,"Income<=$50,000",White,Not Donated,0,3,2,1,2,1,5
6509,Age<=29,Female,Undergraduate,Married,"Income>$100,000",Black,Donated,120,1,1,1,2,3,2
6510,40<=Age<=49,Female,Undergraduate,Married,"Income>$100,000",Hispanic,Not Donated,0,3,1,1,2,3,3
6511,Age>=50,Male,Undergraduate,Married,"Income<=$50,000",Asian,Not Donated,0,4,2,1,2,1,1
6512,30<=Age<=39,Male,Undergraduate,Single,"Income<=$50,000",White,Not Donated,0,2,2,1,1,1,5
6513,Age<=29,Female,Undergraduate,Single,"$50,000<Income<=$100,000",Hispanic,Donated,60,1,1,1,1,2,3
6514,30<=Age<=39,Female,Undergraduate,Married,"Income<=$50,000",White,Not Donated,0,2,1,1,2,1,5
6515,Age<=29,Male,Graduate,Married,"$50,000<Income<=$100,000",Hispanic,Not Donated,0,1,2,2,2,2,3
6516,30<=Age<=39,Male,Undergraduate,Married,"Income>$100,000",White,Not Donated,0,2,2,1,2,3,5
6517,Age<=29,Female,Undergraduate,Single,"Income<=$50,000",White,Not Donated,0,1,1,1,1,1,5
6518,40<=Age<=49,Female,Undergraduate,Married,"Income<=$50,000",Asian,Not Donated,0,3,1,1,2,1,1
6519,30<=Age<=39,Male,Undergraduate,Married,"Income>$100,000",White,Not Donated,0,2,2,1,2,3,5
6520,30<=Age<=39,Female,Graduate,Married,"Income<=$50,000",White,Not Donated,0,2,1,2,2,1,5
6521,40<=Age<=49,Female,Undergraduate,Married,"Income>$100,000",White,Not Donated,0,3,1,1,2,3,5
6522,Age>=50,Male,Undergraduate,Married,"$50,000<Income<=$100,000",Asian,Not Donated,0,4,2,1,2,2,1
6523,40<=Age<=49,Male,Undergraduate,Single,"$50,000<Income<=$100,000",White,Not Donated,0,3,2,1,1,2,5
6524,30<=Age<=39,Male,Undergraduate,Married,"Income>$100,000",White,Not Donated,0,2,2,1,2,3,5
6525,Age<=29,Female,Undergraduate,Single,"$50,000<Income<=$100,000",White,Donated,40,1,1,1,1,2,5
6526,Age<=29,Female,Undergraduate,Single,"$50,000<Income<=$100,000",White,Donated,65,1,1,1,1,2,5
6527,30<=Age<=39,Male,Undergraduate,Married,"Income>$100,000",White,Donated,105,2,2,1,2,3,5
6528,Age<=29,Female,Undergraduate,Married,"$50,000<Income<=$100,000",White,Donated,75,1,1,1,2,2,5
6529,40<=Age<=49,Female,Undergraduate,Married,"Income<=$50,000",White,Not Donated,0,3,1,1,2,1,5
6530,Age<=29,Male,Graduate,Married,"$50,000<Income<=$100,000",Asian,Donated,55,1,2,2,2,2,1
6531,Age<=29,Female,Undergraduate,Married,"Income<=$50,000",White,Not Donated,0,1,1,1,2,1,5
6532,40<=Age<=49,Male,Undergraduate,Single,"Income<=$50,000",White,Donated,80,3,2,1,1,1,5
6533,30<=Age<=39,Female,Undergraduate,Single,"Income<=$50,000",White,Not Donated,0,2,1,1,1,1,5
6534,40<=Age<=49,Male,Undergraduate,Single,"Income<=$50,000",Hispanic,Donated,65,3,2,1,1,1,3
6535,30<=Age<=39,Male,Undergraduate,Married,"$50,000<Income<=$100,000",White,Not Donated,0,2,2,1,2,2,5
6536,30<=Age<=39,Male,Undergraduate,Single,"$50,000<Income<=$100,000",White,Not Donated,0,2,2,1,1,2,5
6537,40<=Age<=49,Male,Undergraduate,Married,"$50,000<Income<=$100,000",White,Donated,105,3,2,1,2,2,5
6538,Age<=29,Female,Undergraduate,Married,"Income<=$50,000",Other,Not Donated,0,1,1,1,2,1,4
6539,Age<=29,Female,Undergraduate,Single,"Income<=$50,000",Black,Donated,30,1,1,1,1,1,2
6540,Age<=29,Male,Undergraduate,Married,"$50,000<Income<=$100,000",Black,Donated,45,1,2,1,2,2,2
6541,Age<=29,Male,Undergraduate,Married,"$50,000<Income<=$100,000",White,Donated,60,1,2,1,2,2,5
6542,Age<=29,Female,Undergraduate,Married,"Income<=$50,000",Asian,Not Donated,0,1,1,1,2,1,1
6543,Age>=50,Female,Undergraduate,Single,"Income>$100,000",White,Not Donated,0,4,1,1,1,3,5
6544,30<=Age<=39,Male,Undergraduate,Married,"Income<=$50,000",White,Not Donated,0,2,2,1,2,1,5
6545,30<=Age<=39,Male,Undergraduate,Single,"$50,000<Income<=$100,000",White,Not Donated,0,2,2,1,1,2,5
6546,40<=Age<=49,Female,Undergraduate,Single,"Income>$100,000",White,Donated,115,3,1,1,1,3,5
6547,Age<=29,Female,Undergraduate,Married,"Income>$100,000",White,Donated,65,1,1,1,2,3,5
6548,30<=Age<=39,Male,Undergraduate,Married,"$50,000<Income<=$100,000",Hispanic,Not Donated,0,2,2,1,2,2,3
6549,40<=Age<=49,Female,Undergraduate,Single,"$50,000<Income<=$100,000",White,Not Donated,0,3,1,1,1,2,5
6550,40<=Age<=49,Female,Undergraduate,Married,"Income>$100,000",White,Donated,145,3,1,1,2,3,5
6551,30<=Age<=39,Female,Undergraduate,Married,"$50,000<Income<=$100,000",White,Not Donated,0,2,1,1,2,2,5
6552,40<=Age<=49,Female,Undergraduate,Single,"Income<=$50,000",Black,Donated,60,3,1,1,1,1,2
6553,Age>=50,Male,Undergraduate,Married,"Income<=$50,000",Asian,Not Donated,0,4,2,1,2,1,1
6554,30<=Age<=39,Female,Undergraduate,Single,"Income<=$50,000",Asian,Not Donated,0,2,1,1,1,1,1
6555,30<=Age<=39,Male,Undergraduate,Married,"Income<=$50,000",White,Not Donated,0,2,2,1,2,1,5
6556,30<=Age<=39,Female,Undergraduate,Single,"Income<=$50,000",Black,Not Donated,0,2,1,1,1,1,2
6557,30<=Age<=39,Male,Undergraduate,Married,"Income<=$50,000",White,Not Donated,0,2,2,1,2,1,5
6558,Age<=29,Female,Undergraduate,Married,"$50,000<Income<=$100,000",White,Donated,45,1,1,1,2,2,5
6559,Age>=50,Male,Undergraduate,Married,"Income<=$50,000",White,Not Donated,0,4,2,1,2,1,5
6560,30<=Age<=39,Male,Undergraduate,Married,"Income<=$50,000",White,Not Donated,0,2,2,1,2,1,5
6561,30<=Age<=39,Female,Undergraduate,Married,"$50,000<Income<=$100,000",Asian,Donated,65,2,1,1,2,2,1
6562,30<=Age<=39,Male,Undergraduate,Single,"Income>$100,000",Hispanic,Donated,120,2,2,1,1,3,3
6563,30<=Age<=39,Female,Undergraduate,Single,"$50,000<Income<=$100,000",Hispanic,Donated,65,2,1,1,1,2,3
6564,40<=Age<=49,Male,Undergraduate,Single,"Income>$100,000",White,Not Donated,0,3,2,1,1,3,5
6565,40<=Age<=49,Male,Undergraduate,Single,"$50,000<Income<=$100,000",Hispanic,Donated,100,3,2,1,1,2,3
6566,30<=Age<=39,Male,Undergraduate,Married,"Income>$100,000",Hispanic,Not Donated,0,2,2,1,2,3,3
6567,30<=Age<=39,Male,Undergraduate,Single,"$50,000<Income<=$100,000",White,Donated,70,2,2,1,1,2,5
6568,30<=Age<=39,Male,Undergraduate,Married,"Income<=$50,000",White,Donated,60,2,2,1,2,1,5
6569,40<=Age<=49,Male,Undergraduate,Single,"$50,000<Income<=$100,000",White,Donated,100,3,2,1,1,2,5
6570,30<=Age<=39,Female,Undergraduate,Married,"$50,000<Income<=$100,000",Hispanic,Not Donated,0,2,1,1,2,2,3
6571,40<=Age<=49,Male,Undergraduate,Married,"Income<=$50,000",White,Not Donated,0,3,2,1,2,1,5
6572,40<=Age<=49,Female,Undergraduate,Married,"Income<=$50,000",White,Not Donated,0,3,1,1,2,1,5
6573,Age>=50,Male,Undergraduate,Single,"Income<=$50,000",White,Donated,80,4,2,1,1,1,5
6574,40<=Age<=49,Female,Undergraduate,Single,"$50,000<Income<=$100,000",Other,Not Donated,0,3,1,1,1,2,4
6575,40<=Age<=49,Female,Undergraduate,Single,"$50,000<Income<=$100,000",Asian,Donated,90,3,1,1,1,2,1
6576,Age>=50,Female,Undergraduate,Married,"Income<=$50,000",White,Not Donated,0,4,1,1,2,1,5
6577,30<=Age<=39,Male,Undergraduate,Married,"Income<=$50,000",White,Donated,50,2,2,1,2,1,5
6578,Age<=29,Male,Undergraduate,Married,"$50,000<Income<=$100,000",White,Not Donated,0,1,2,1,2,2,5
6579,40<=Age<=49,Male,Undergraduate,Single,"Income>$100,000",White,Not Donated,0,3,2,1,1,3,5
6580,40<=Age<=49,Male,Undergraduate,Married,"Income<=$50,000",White,Not Donated,0,3,2,1,2,1,5
6581,Age<=29,Male,Undergraduate,Married,"Income<=$50,000",White,Not Donated,0,1,2,1,2,1,5
6582,Age<=29,Male,Undergraduate,Married,"Income<=$50,000",White,Donated,35,1,2,1,2,1,5
6583,40<=Age<=49,Male,Graduate,Married,"Income<=$50,000",Other,Donated,75,3,2,2,2,1,4
6584,30<=Age<=39,Female,Undergraduate,Married,"Income<=$50,000",White,Donated,65,2,1,1,2,1,5
6585,Age<=29,Male,Undergraduate,Single,"Income>$100,000",Black,Donated,50,1,2,1,1,3,2
6586,Age>=50,Male,Undergraduate,Married,"Income<=$50,000",White,Not Donated,0,4,2,1,2,1,5
6587,30<=Age<=39,Female,Undergraduate,Married,"$50,000<Income<=$100,000",White,Donated,85,2,1,1,2,2,5
6588,30<=Age<=39,Female,Undergraduate,Single,"Income<=$50,000",White,Not Donated,0,2,1,1,1,1,5
6589,30<=Age<=39,Male,Undergraduate,Married,"Income>$100,000",White,Not Donated,0,2,2,1,2,3,5
6590,30<=Age<=39,Male,Undergraduate,Married,"$50,000<Income<=$100,000",Other,Not Donated,0,2,2,1,2,2,4
6591,30<=Age<=39,Male,Graduate,Single,"Income<=$50,000",White,Not Donated,0,2,2,2,1,1,5
6592,30<=Age<=39,Female,Undergraduate,Married,"Income<=$50,000",White,Donated,70,2,1,1,2,1,5
6593,30<=Age<=39,Female,Undergraduate,Married,"$50,000<Income<=$100,000",Asian,Not Donated,0,2,1,1,2,2,1
6594,Age<=29,Male,Undergraduate,Married,"$50,000<Income<=$100,000",White,Donated,50,1,2,1,2,2,5
6595,30<=Age<=39,Female,Undergraduate,Single,"Income<=$50,000",White,Not Donated,0,2,1,1,1,1,5
6596,40<=Age<=49,Female,Undergraduate,Married,"$50,000<Income<=$100,000",White,Donated,95,3,1,1,2,2,5
6597,Age<=29,Male,Undergraduate,Married,"Income>$100,000",Black,Donated,95,1,2,1,2,3,2
6598,Age<=29,Female,Undergraduate,Married,"Income<=$50,000",White,Not Donated,0,1,1,1,2,1,5
6599,Age<=29,Male,Undergraduate,Married,"Income<=$50,000",Other,Not Donated,0,1,2,1,2,1,4
6600,40<=Age<=49,Male,Undergraduate,Married,"$50,000<Income<=$100,000",White,Not Donated,0,3,2,1,2,2,5
6601,40<=Age<=49,Female,Undergraduate,Single,"$50,000<Income<=$100,000",Asian,Donated,75,3,1,1,1,2,1
6602,Age<=29,Female,Undergraduate,Married,"Income<=$50,000",White,Not Donated,0,1,1,1,2,1,5
6603,30<=Age<=39,Male,Undergraduate,Single,"Income<=$50,000",White,Not Donated,0,2,2,1,1,1,5
6604,30<=Age<=39,Male,Undergraduate,Single,"Income>$100,000",Hispanic,Not Donated,0,2,2,1,1,3,3
6605,Age>=50,Female,Undergraduate,Single,"$50,000<Income<=$100,000",White,Not Donated,0,4,1,1,1,2,5
6606,Age<=29,Female,Undergraduate,Married,"Income<=$50,000",White,Donated,30,1,1,1,2,1,5
6607,Age<=29,Female,Undergraduate,Single,"$50,000<Income<=$100,000",Hispanic,Donated,45,1,1,1,1,2,3
6608,30<=Age<=39,Female,Undergraduate,Single,"Income<=$50,000",Black,Not Donated,0,2,1,1,1,1,2
6609,Age<=29,Male,Undergraduate,Married,"Income<=$50,000",White,Not Donated,0,1,2,1,2,1,5
6610,Age<=29,Female,Undergraduate,Married,"$50,000<Income<=$100,000",White,Not Donated,0,1,1,1,2,2,5
6611,Age<=29,Male,Undergraduate,Married,"Income<=$50,000",White,Not Donated,0,1,2,1,2,1,5
6612,Age<=29,Male,Graduate,Married,"Income<=$50,000",White,Donated,65,1,2,2,2,1,5
6613,Age<=29,Male,Undergraduate,Married,"Income<=$50,000",White,Not Donated,0,1,2,1,2,1,5
6614,Age>=50,Female,Undergraduate,Married,"Income<=$50,000",White,Donated,120,4,1,1,2,1,5
6615,30<=Age<=39,Male,Undergraduate,Married,"Income<=$50,000",White,Donated,70,2,2,1,2,1,5
6616,Age<=29,Male,Undergraduate,Single,"Income<=$50,000",Hispanic,Donated,20,1,2,1,1,1,3
6617,Age<=29,Male,Undergraduate,Married,"Income>$100,000",White,Not Donated,0,1,2,1,2,3,5
6618,Age>=50,Female,Undergraduate,Married,"Income<=$50,000",White,Not Donated,0,4,1,1,2,1,5
6619,40<=Age<=49,Female,Undergraduate,Single,"Income>$100,000",Other,Not Donated,0,3,1,1,1,3,4
6620,Age<=29,Female,Undergraduate,Single,"$50,000<Income<=$100,000",White,Donated,45,1,1,1,1,2,5
6621,Age>=50,Male,Undergraduate,Single,"$50,000<Income<=$100,000",White,Not Donated,0,4,2,1,1,2,5
6622,Age<=29,Male,Undergraduate,Single,"$50,000<Income<=$100,000",Hispanic,Not Donated,0,1,2,1,1,2,3
6623,Age<=29,Male,Graduate,Single,"$50,000<Income<=$100,000",Black,Donated,75,1,2,2,1,2,2
6624,30<=Age<=39,Male,Undergraduate,Single,"$50,000<Income<=$100,000",White,Not Donated,0,2,2,1,1,2,5
6625,40<=Age<=49,Female,Undergraduate,Single,"Income>$100,000",White,Donated,130,3,1,1,1,3,5
6626,40<=Age<=49,Male,Undergraduate,Married,"Income<=$50,000",White,Not Donated,0,3,2,1,2,1,5
6627,Age<=29,Female,Undergraduate,Married,"$50,000<Income<=$100,000",Black,Not Donated,0,1,1,1,2,2,2
6628,Age<=29,Male,Undergraduate,Married,"Income>$100,000",White,Not Donated,0,1,2,1,2,3,5
6629,Age<=29,Female,Undergraduate,Single,"Income>$100,000",Black,Not Donated,0,1,1,1,1,3,2
6630,Age<=29,Male,Undergraduate,Single,"Income<=$50,000",White,Not Donated,0,1,2,1,1,1,5
6631,30<=Age<=39,Male,Undergraduate,Married,"Income<=$50,000",White,Donated,75,2,2,1,2,1,5
6632,30<=Age<=39,Female,Undergraduate,Single,"Income<=$50,000",White,Not Donated,0,2,1,1,1,1,5
6633,30<=Age<=39,Male,Undergraduate,Single,"Income<=$50,000",Black,Not Donated,0,2,2,1,1,1,2
6634,40<=Age<=49,Male,Undergraduate,Married,"$50,000<Income<=$100,000",White,Not Donated,0,3,2,1,2,2,5
6635,Age>=50,Male,Graduate,Married,"Income>$100,000",White,Donated,145,4,2,2,2,3,5
6636,Age>=50,Male,Graduate,Married,"Income<=$50,000",Asian,Donated,115,4,2,2,2,1,1
6637,Age<=29,Male,Graduate,Single,"$50,000<Income<=$100,000",White,Donated,60,1,2,2,1,2,5
6638,30<=Age<=39,Male,Undergraduate,Married,"Income<=$50,000",Asian,Donated,55,2,2,1,2,1,1
6639,Age>=50,Female,Undergraduate,Married,"Income<=$50,000",Other,Not Donated,0,4,1,1,2,1,4
6640,Age>=50,Male,Undergraduate,Married,"$50,000<Income<=$100,000",Black,Not Donated,0,4,2,1,2,2,2
6641,40<=Age<=49,Female,Undergraduate,Single,"Income<=$50,000",White,Not Donated,0,3,1,1,1,1,5
6642,Age>=50,Female,Undergraduate,Married,"Income<=$50,000",White,Not Donated,0,4,1,1,2,1,5
6643,Age<=29,Male,Undergraduate,Married,"Income<=$50,000",White,Donated,45,1,2,1,2,1,5
6644,Age<=29,Male,Undergraduate,Married,"Income>$100,000",Hispanic,Not Donated,0,1,2,1,2,3,3
6645,30<=Age<=39,Female,Undergraduate,Single,"Income<=$50,000",Hispanic,Not Donated,0,2,1,1,1,1,3
6646,Age>=50,Male,Undergraduate,Single,"$50,000<Income<=$100,000",Hispanic,Not Donated,0,4,2,1,1,2,3
6647,30<=Age<=39,Male,Undergraduate,Single,"Income>$100,000",White,Not Donated,0,2,2,1,1,3,5
6648,Age<=29,Male,Undergraduate,Married,"$50,000<Income<=$100,000",White,Donated,50,1,2,1,2,2,5
6649,40<=Age<=49,Male,Graduate,Single,"$50,000<Income<=$100,000",White,Not Donated,0,3,2,2,1,2,5
6650,30<=Age<=39,Female,Graduate,Single,"$50,000<Income<=$100,000",White,Not Donated,0,2,1,2,1,2,5
6651,Age<=29,Female,Undergraduate,Married,"Income<=$50,000",Black,Not Donated,0,1,1,1,2,1,2
6652,Age<=29,Female,Undergraduate,Single,"$50,000<Income<=$100,000",White,Donated,40,1,1,1,1,2,5
6653,40<=Age<=49,Male,Graduate,Married,"$50,000<Income<=$100,000",Hispanic,Not Donated,0,3,2,2,2,2,3
6654,30<=Age<=39,Male,Undergraduate,Married,"$50,000<Income<=$100,000",White,Not Donated,0,2,2,1,2,2,5
6655,30<=Age<=39,Female,Undergraduate,Single,"Income<=$50,000",Asian,Donated,60,2,1,1,1,1,1
6656,Age<=29,Male,Undergraduate,Married,"Income<=$50,000",Black,Not Donated,0,1,2,1,2,1,2
6657,30<=Age<=39,Female,Undergraduate,Married,"$50,000<Income<=$100,000",White,Donated,80,2,1,1,2,2,5
6658,40<=Age<=49,Female,Undergraduate,Married,"Income<=$50,000",Asian,Not Donated,0,3,1,1,2,1,1
6659,40<=Age<=49,Female,Undergraduate,Single,"$50,000<Income<=$100,000",Black,Not Donated,0,3,1,1,1,2,2
6660,Age<=29,Female,Undergraduate,Single,"$50,000<Income<=$100,000",White,Donated,55,1,1,1,1,2,5
6661,40<=Age<=49,Male,Undergraduate,Married,"Income>$100,000",White,Not Donated,0,3,2,1,2,3,5
6662,30<=Age<=39,Female,Undergraduate,Single,"Income>$100,000",White,Not Donated,0,2,1,1,1,3,5
6663,Age>=50,Female,Undergraduate,Married,"$50,000<Income<=$100,000",Black,Donated,105,4,1,1,2,2,2
6664,30<=Age<=39,Female,Undergraduate,Married,"Income<=$50,000",Asian,Donated,70,2,1,1,2,1,1
6665,30<=Age<=39,Female,Undergraduate,Married,"$50,000<Income<=$100,000",White,Donated,85,2,1,1,2,2,5
6666,Age<=29,Female,Undergraduate,Single,"Income<=$50,000",White,Not Donated,0,1,1,1,1,1,5
6667,30<=Age<=39,Female,Undergraduate,Married,"Income<=$50,000",Hispanic,Donated,35,2,1,1,2,1,3
6668,Age>=50,Male,Undergraduate,Married,"Income>$100,000",White,Not Donated,0,4,2,1,2,3,5
6669,Age<=29,Male,Undergraduate,Single,"$50,000<Income<=$100,000",Hispanic,Donated,70,1,2,1,1,2,3
6670,Age<=29,Male,Undergraduate,Single,"Income>$100,000",Asian,Not Donated,0,1,2,1,1,3,1
6671,40<=Age<=49,Female,Undergraduate,Single,"Income<=$50,000",Other,Not Donated,0,3,1,1,1,1,4
6672,Age>=50,Male,Undergraduate,Single,"$50,000<Income<=$100,000",Asian,Not Donated,0,4,2,1,1,2,1
6673,Age<=29,Male,Undergraduate,Married,"$50,000<Income<=$100,000",White,Donated,50,1,2,1,2,2,5
6674,Age<=29,Male,Undergraduate,Married,"Income<=$50,000",White,Not Donated,0,1,2,1,2,1,5
6675,Age>=50,Male,Graduate,Single,"Income<=$50,000",Asian,Not Donated,0,4,2,2,1,1,1
6676,Age>=50,Male,Undergraduate,Married,"Income>$100,000",Hispanic,Donated,115,4,2,1,2,3,3
6677,30<=Age<=39,Male,Graduate,Married,"Income<=$50,000",Asian,Not Donated,0,2,2,2,2,1,1
6678,40<=Age<=49,Male,Undergraduate,Married,"Income<=$50,000",Asian,Not Donated,0,3,2,1,2,1,1
6679,40<=Age<=49,Male,Undergraduate,Married,"Income<=$50,000",Hispanic,Donated,70,3,2,1,2,1,3
6680,30<=Age<=39,Male,Undergraduate,Married,"$50,000<Income<=$100,000",White,Not Donated,0,2,2,1,2,2,5
6681,Age<=29,Female,Undergraduate,Married,"Income<=$50,000",White,Not Donated,0,1,1,1,2,1,5
6682,40<=Age<=49,Male,Undergraduate,Single,"Income<=$50,000",White,Not Donated,0,3,2,1,1,1,5
6683,Age<=29,Female,Graduate,Single,"Income>$100,000",Black,Not Donated,0,1,1,2,1,3,2
6684,40<=Age<=49,Female,Undergraduate,Married,"$50,000<Income<=$100,000",White,Not Donated,0,3,1,1,2,2,5
6685,Age<=29,Female,Undergraduate,Single,"Income<=$50,000",Other,Not Donated,0,1,1,1,1,1,4
6686,Age>=50,Female,Undergraduate,Married,"$50,000<Income<=$100,000",White,Not Donated,0,4,1,1,2,2,5
6687,40<=Age<=49,Female,Undergraduate,Single,"Income<=$50,000",Asian,Donated,70,3,1,1,1,1,1
6688,40<=Age<=49,Male,Undergraduate,Married,"$50,000<Income<=$100,000",Hispanic,Not Donated,0,3,2,1,2,2,3
6689,30<=Age<=39,Male,Graduate,Married,"Income<=$50,000",Asian,Donated,50,2,2,2,2,1,1
6690,30<=Age<=39,Male,Undergraduate,Single,"Income<=$50,000",Hispanic,Not Donated,0,2,2,1,1,1,3
6691,Age<=29,Male,Undergraduate,Single,"Income>$100,000",Hispanic,Donated,105,1,2,1,1,3,3
6692,Age>=50,Male,Undergraduate,Married,"Income<=$50,000",Black,Not Donated,0,4,2,1,2,1,2
6693,Age<=29,Male,Undergraduate,Single,"$50,000<Income<=$100,000",Other,Donated,45,1,2,1,1,2,4
6694,Age<=29,Male,Undergraduate,Married,"Income>$100,000",White,Donated,90,1,2,1,2,3,5
6695,Age<=29,Female,Undergraduate,Married,"Income>$100,000",White,Not Donated,0,1,1,1,2,3,5
6696,Age<=29,Male,Undergraduate,Married,"Income>$100,000",White,Donated,95,1,2,1,2,3,5
6697,Age>=50,Female,Undergraduate,Married,"$50,000<Income<=$100,000",Asian,Not Donated,0,4,1,1,2,2,1
6698,40<=Age<=49,Female,Undergraduate,Married,"$50,000<Income<=$100,000",Hispanic,Not Donated,0,3,1,1,2,2,3
6699,40<=Age<=49,Female,Undergraduate,Single,"$50,000<Income<=$100,000",White,Not Donated,0,3,1,1,1,2,5
6700,40<=Age<=49,Male,Undergraduate,Married,"$50,000<Income<=$100,000",Hispanic,Not Donated,0,3,2,1,2,2,3
6701,30<=Age<=39,Female,Undergraduate,Married,"$50,000<Income<=$100,000",White,Donated,105,2,1,1,2,2,5
6702,Age>=50,Male,Undergraduate,Single,"Income<=$50,000",White,Not Donated,0,4,2,1,1,1,5
6703,30<=Age<=39,Female,Undergraduate,Married,"$50,000<Income<=$100,000",Other,Not Donated,0,2,1,1,2,2,4
6704,30<=Age<=39,Male,Undergraduate,Single,"Income<=$50,000",Hispanic,Not Donated,0,2,2,1,1,1,3
6705,Age>=50,Male,Undergraduate,Single,"$50,000<Income<=$100,000",White,Not Donated,0,4,2,1,1,2,5
6706,40<=Age<=49,Female,Undergraduate,Single,"Income>$100,000",Hispanic,Not Donated,0,3,1,1,1,3,3
6707,Age<=29,Female,Undergraduate,Married,"Income>$100,000",Other,Donated,65,1,1,1,2,3,4
6708,Age<=29,Male,Undergraduate,Single,"$50,000<Income<=$100,000",White,Not Donated,0,1,2,1,1,2,5
6709,Age<=29,Male,Undergraduate,Single,"Income>$100,000",White,Not Donated,0,1,2,1,1,3,5
6710,Age>=50,Female,Undergraduate,Married,"$50,000<Income<=$100,000",White,Not Donated,0,4,1,1,2,2,5
6711,30<=Age<=39,Male,Undergraduate,Married,"$50,000<Income<=$100,000",Hispanic,Donated,75,2,2,1,2,2,3
6712,30<=Age<=39,Male,Undergraduate,Married,"$50,000<Income<=$100,000",White,Not Donated,0,2,2,1,2,2,5
6713,Age<=29,Male,Undergraduate,Married,"$50,000<Income<=$100,000",Hispanic,Not Donated,0,1,2,1,2,2,3
6714,Age<=29,Male,Undergraduate,Single,"Income<=$50,000",White,Donated,30,1,2,1,1,1,5
6715,Age<=29,Female,Undergraduate,Married,"Income<=$50,000",White,Donated,45,1,1,1,2,1,5
6716,30<=Age<=39,Male,Undergraduate,Married,"Income<=$50,000",White,Not Donated,0,2,2,1,2,1,5
6717,Age<=29,Male,Undergraduate,Married,"Income<=$50,000",Other,Not Donated,0,1,2,1,2,1,4
6718,30<=Age<=39,Female,Undergraduate,Single,"Income<=$50,000",White,Donated,45,2,1,1,1,1,5
6719,40<=Age<=49,Male,Undergraduate,Married,"Income<=$50,000",White,Not Donated,0,3,2,1,2,1,5
6720,40<=Age<=49,Male,Undergraduate,Married,"Income>$100,000",White,Not Donated,0,3,2,1,2,3,5
6721,Age<=29,Male,Undergraduate,Married,"Income>$100,000",White,Not Donated,0,1,2,1,2,3,5
6722,Age<=29,Female,Undergraduate,Single,"Income>$100,000",White,Donated,75,1,1,1,1,3,5
6723,Age<=29,Female,Undergraduate,Single,"Income>$100,000",Other,Not Donated,0,1,1,1,1,3,4
6724,30<=Age<=39,Male,Undergraduate,Single,"$50,000<Income<=$100,000",White,Not Donated,0,2,2,1,1,2,5
6725,30<=Age<=39,Female,Undergraduate,Single,"Income<=$50,000",White,Not Donated,0,2,1,1,1,1,5
6726,40<=Age<=49,Male,Graduate,Married,"Income<=$50,000",White,Not Donated,0,3,2,2,2,1,5
6727,30<=Age<=39,Male,Graduate,Married,"$50,000<Income<=$100,000",Hispanic,Donated,110,2,2,2,2,2,3
6728,40<=Age<=49,Female,Undergraduate,Single,"$50,000<Income<=$100,000",Black,Donated,90,3,1,1,1,2,2
6729,Age<=29,Female,Graduate,Married,"$50,000<Income<=$100,000",Black,Donated,75,1,1,2,2,2,2
6730,30<=Age<=39,Female,Undergraduate,Married,"Income<=$50,000",Other,Donated,65,2,1,1,2,1,4
6731,30<=Age<=39,Male,Undergraduate,Married,"Income<=$50,000",Hispanic,Not Donated,0,2,2,1,2,1,3
6732,Age<=29,Female,Graduate,Single,"$50,000<Income<=$100,000",White,Donated,80,1,1,2,1,2,5
6733,Age<=29,Female,Undergraduate,Single,"$50,000<Income<=$100,000",Other,Not Donated,0,1,1,1,1,2,4
6734,40<=Age<=49,Female,Undergraduate,Single,"Income<=$50,000",White,Donated,60,3,1,1,1,1,5
6735,40<=Age<=49,Female,Undergraduate,Single,"$50,000<Income<=$100,000",White,Not Donated,0,3,1,1,1,2,5
6736,30<=Age<=39,Male,Undergraduate,Married,"$50,000<Income<=$100,000",White,Not Donated,0,2,2,1,2,2,5
6737,Age<=29,Female,Undergraduate,Married,"Income<=$50,000",White,Not Donated,0,1,1,1,2,1,5
6738,30<=Age<=39,Female,Undergraduate,Single,"Income<=$50,000",White,Donated,45,2,1,1,1,1,5
6739,40<=Age<=49,Male,Undergraduate,Married,"Income<=$50,000",Black,Not Donated,0,3,2,1,2,1,2
6740,Age>=50,Female,Undergraduate,Single,"Income>$100,000",Hispanic,Not Donated,0,4,1,1,1,3,3
6741,Age<=29,Male,Undergraduate,Single,"Income<=$50,000",White,Donated,45,1,2,1,1,1,5
6742,Age<=29,Male,Undergraduate,Married,"Income>$100,000",Other,Not Donated,0,1,2,1,2,3,4
6743,Age<=29,Female,Undergraduate,Married,"$50,000<Income<=$100,000",White,Donated,65,1,1,1,2,2,5
6744,40<=Age<=49,Male,Undergraduate,Single,"Income<=$50,000",White,Donated,75,3,2,1,1,1,5
6745,Age>=50,Female,Undergraduate,Single,"Income<=$50,000",White,Not Donated,0,4,1,1,1,1,5
6746,Age<=29,Male,Undergraduate,Single,"$50,000<Income<=$100,000",White,Not Donated,0,1,2,1,1,2,5
6747,40<=Age<=49,Female,Undergraduate,Married,"$50,000<Income<=$100,000",White,Not Donated,0,3,1,1,2,2,5
6748,40<=Age<=49,Male,Undergraduate,Single,"Income<=$50,000",White,Not Donated,0,3,2,1,1,1,5
6749,40<=Age<=49,Female,Undergraduate,Single,"Income>$100,000",White,Donated,150,3,1,1,1,3,5
6750,30<=Age<=39,Female,Undergraduate,Married,"Income>$100,000",White,Donated,115,2,1,1,2,3,5
6751,30<=Age<=39,Male,Graduate,Single,"Income<=$50,000",White,Donated,65,2,2,2,1,1,5
6752,Age>=50,Male,Undergraduate,Single,"$50,000<Income<=$100,000",White,Not Donated,0,4,2,1,1,2,5
6753,30<=Age<=39,Female,Undergraduate,Married,"$50,000<Income<=$100,000",Black,Not Donated,0,2,1,1,2,2,2
6754,Age>=50,Female,Undergraduate,Single,"Income>$100,000",White,Donated,125,4,1,1,1,3,5
6755,40<=Age<=49,Male,Undergraduate,Married,"Income<=$50,000",Asian,Donated,70,3,2,1,2,1,1
6756,Age<=29,Male,Undergraduate,Single,"$50,000<Income<=$100,000",Hispanic,Not Donated,0,1,2,1,1,2,3
6757,Age<=29,Male,Undergraduate,Married,"Income<=$50,000",Black,Not Donated,0,1,2,1,2,1,2
6758,40<=Age<=49,Female,Undergraduate,Single,"$50,000<Income<=$100,000",Black,Donated,75,3,1,1,1,2,2
6759,Age>=50,Female,Undergraduate,Married,"Income<=$50,000",White,Not Donated,0,4,1,1,2,1,5
6760,40<=Age<=49,Female,Undergraduate,Married,"$50,000<Income<=$100,000",White,Not Donated,0,3,1,1,2,2,5
6761,40<=Age<=49,Male,Undergraduate,Married,"Income<=$50,000",White,Not Donated,0,3,2,1,2,1,5
6762,Age<=29,Female,Undergraduate,Married,"Income<=$50,000",White,Donated,45,1,1,1,2,1,5
6763,40<=Age<=49,Female,Graduate,Married,"Income<=$50,000",White,Not Donated,0,3,1,2,2,1,5
6764,40<=Age<=49,Female,Undergraduate,Married,"$50,000<Income<=$100,000",White,Donated,90,3,1,1,2,2,5
6765,40<=Age<=49,Male,Undergraduate,Single,"Income<=$50,000",White,Not Donated,0,3,2,1,1,1,5
6766,Age>=50,Male,Undergraduate,Single,"Income<=$50,000",White,Not Donated,0,4,2,1,1,1,5
6767,40<=Age<=49,Female,Undergraduate,Single,"Income<=$50,000",White,Not Donated,0,3,1,1,1,1,5
6768,Age<=29,Female,Undergraduate,Married,"$50,000<Income<=$100,000",Other,Donated,65,1,1,1,2,2,4
6769,40<=Age<=49,Female,Undergraduate,Married,"$50,000<Income<=$100,000",Hispanic,Not Donated,0,3,1,1,2,2,3
6770,Age<=29,Female,Undergraduate,Married,"$50,000<Income<=$100,000",Black,Donated,75,1,1,1,2,2,2
6771,30<=Age<=39,Female,Undergraduate,Married,"Income<=$50,000",White,Donated,50,2,1,1,2,1,5
6772,30<=Age<=39,Male,Undergraduate,Married,"$50,000<Income<=$100,000",Asian,Donated,90,2,2,1,2,2,1
6773,40<=Age<=49,Male,Undergraduate,Single,"Income<=$50,000",White,Donated,85,3,2,1,1,1,5
6774,40<=Age<=49,Male,Undergraduate,Single,"Income<=$50,000",White,Donated,70,3,2,1,1,1,5
6775,Age<=29,Female,Undergraduate,Single,"Income<=$50,000",White,Donated,25,1,1,1,1,1,5
6776,30<=Age<=39,Female,Undergraduate,Single,"Income<=$50,000",White,Not Donated,0,2,1,1,1,1,5
6777,40<=Age<=49,Male,Undergraduate,Married,"$50,000<Income<=$100,000",Hispanic,Not Donated,0,3,2,1,2,2,3
6778,30<=Age<=39,Female,Graduate,Married,"$50,000<Income<=$100,000",White,Donated,105,2,1,2,2,2,5
6779,Age<=29,Female,Undergraduate,Married,"Income>$100,000",White,Donated,95,1,1,1,2,3,5
6780,Age<=29,Male,Undergraduate,Single,"$50,000<Income<=$100,000",Hispanic,Donated,45,1,2,1,1,2,3
6781,30<=Age<=39,Female,Undergraduate,Single,"Income<=$50,000",Black,Not Donated,0,2,1,1,1,1,2
6782,Age>=50,Female,Undergraduate,Single,"$50,000<Income<=$100,000",Hispanic,Donated,95,4,1,1,1,2,3
6783,Age>=50,Female,Undergraduate,Single,"Income<=$50,000",White,Not Donated,0,4,1,1,1,1,5
6784,40<=Age<=49,Female,Undergraduate,Single,"Income<=$50,000",Black,Not Donated,0,3,1,1,1,1,2
6785,Age>=50,Male,Undergraduate,Single,"$50,000<Income<=$100,000",Other,Not Donated,0,4,2,1,1,2,4
6786,Age<=29,Male,Undergraduate,Married,"Income<=$50,000",White,Not Donated,0,1,2,1,2,1,5
6787,Age<=29,Male,Undergraduate,Married,"$50,000<Income<=$100,000",Black,Donated,50,1,2,1,2,2,2
6788,40<=Age<=49,Male,Undergraduate,Single,"Income>$100,000",White,Not Donated,0,3,2,1,1,3,5
6789,40<=Age<=49,Male,Undergraduate,Single,"Income<=$50,000",Asian,Not Donated,0,3,2,1,1,1,1
6790,30<=Age<=39,Female,Undergraduate,Married,"$50,000<Income<=$100,000",Other,Donated,65,2,1,1,2,2,4
6791,Age<=29,Male,Undergraduate,Married,"Income<=$50,000",White,Not Donated,0,1,2,1,2,1,5
6792,Age>=50,Female,Undergraduate,Married,"Income<=$50,000",Hispanic,Not Donated,0,4,1,1,2,1,3
6793,30<=Age<=39,Female,Undergraduate,Married,"Income<=$50,000",White,Donated,60,2,1,1,2,1,5
6794,40<=Age<=49,Female,Undergraduate,Single,"$50,000<Income<=$100,000",White,Not Donated,0,3,1,1,1,2,5
6795,40<=Age<=49,Female,Undergraduate,Single,"Income<=$50,000",Other,Donated,60,3,1,1,1,1,4
6796,Age>=50,Female,Undergraduate,Married,"$50,000<Income<=$100,000",Other,Not Donated,0,4,1,1,2,2,4
6797,40<=Age<=49,Female,Undergraduate,Single,"$50,000<Income<=$100,000",Hispanic,Not Donated,0,3,1,1,1,2,3
6798,Age<=29,Female,Graduate,Single,"Income<=$50,000",Black,Not Donated,0,1,1,2,1,1,2
6799,30<=Age<=39,Male,Undergraduate,Married,"$50,000<Income<=$100,000",Other,Donated,85,2,2,1,2,2,4
6800,40<=Age<=49,Male,Undergraduate,Single,"$50,000<Income<=$100,000",White,Not Donated,0,3,2,1,1,2,5
6801,Age>=50,Female,Undergraduate,Married,"$50,000<Income<=$100,000",Other,Not Donated,0,4,1,1,2,2,4
6802,30<=Age<=39,Male,Undergraduate,Married,"Income<=$50,000",White,Not Donated,0,2,2,1,2,1,5
6803,Age<=29,Female,Undergraduate,Married,"$50,000<Income<=$100,000",Other,Not Donated,0,1,1,1,2,2,4
6804,Age>=50,Female,Undergraduate,Married,"Income<=$50,000",White,Not Donated,0,4,1,1,2,1,5
6805,40<=Age<=49,Male,Undergraduate,Married,"$50,000<Income<=$100,000",Other,Not Donated,0,3,2,1,2,2,4
6806,Age<=29,Female,Undergraduate,Single,"Income>$100,000",Other,Donated,75,1,1,1,1,3,4
6807,30<=Age<=39,Male,Undergraduate,Single,"Income<=$50,000",White,Not Donated,0,2,2,1,1,1,5
6808,30<=Age<=39,Female,Graduate,Married,"$50,000<Income<=$100,000",White,Not Donated,0,2,1,2,2,2,5
6809,40<=Age<=49,Female,Undergraduate,Single,"Income<=$50,000",White,Not Donated,0,3,1,1,1,1,5
6810,Age<=29,Male,Undergraduate,Married,"Income>$100,000",Asian,Not Donated,0,1,2,1,2,3,1
6811,Age<=29,Male,Undergraduate,Single,"$50,000<Income<=$100,000",Hispanic,Donated,40,1,2,1,1,2,3
6812,Age>=50,Female,Undergraduate,Single,"$50,000<Income<=$100,000",Black,Donated,105,4,1,1,1,2,2
6813,Age>=50,Female,Undergraduate,Married,"Income<=$50,000",White,Not Donated,0,4,1,1,2,1,5
6814,40<=Age<=49,Female,Undergraduate,Married,"Income>$100,000",White,Not Donated,0,3,1,1,2,3,5
6815,40<=Age<=49,Female,Undergraduate,Married,"$50,000<Income<=$100,000",White,Not Donated,0,3,1,1,2,2,5
6816,40<=Age<=49,Female,Undergraduate,Single,"$50,000<Income<=$100,000",White,Donated,95,3,1,1,1,2,5
6817,30<=Age<=39,Female,Undergraduate,Single,"Income<=$50,000",Hispanic,Donated,50,2,1,1,1,1,3
6818,30<=Age<=39,Male,Undergraduate,Married,"$50,000<Income<=$100,000",White,Donated,85,2,2,1,2,2,5
6819,Age<=29,Male,Undergraduate,Single,"Income>$100,000",White,Not Donated,0,1,2,1,1,3,5
6820,40<=Age<=49,Female,Undergraduate,Married,"$50,000<Income<=$100,000",Black,Not Donated,0,3,1,1,2,2,2
6821,Age>=50,Female,Undergraduate,Single,"Income<=$50,000",Hispanic,Not Donated,0,4,1,1,1,1,3
6822,Age<=29,Male,Undergraduate,Married,"$50,000<Income<=$100,000",Hispanic,Not Donated,0,1,2,1,2,2,3
6823,Age<=29,Male,Graduate,Single,"$50,000<Income<=$100,000",White,Not Donated,0,1,2,2,1,2,5
6824,Age>=50,Male,Undergraduate,Single,"$50,000<Income<=$100,000",White,Not Donated,0,4,2,1,1,2,5
6825,Age<=29,Male,Graduate,Single,"Income<=$50,000",White,Donated,50,1,2,2,1,1,5
6826,40<=Age<=49,Female,Undergraduate,Married,"Income<=$50,000",Asian,Not Donated,0,3,1,1,2,1,1
6827,40<=Age<=49,Female,Undergraduate,Single,"Income<=$50,000",White,Not Donated,0,3,1,1,1,1,5
6828,Age>=50,Female,Undergraduate,Married,"Income>$100,000",White,Not Donated,0,4,1,1,2,3,5
6829,Age>=50,Male,Undergraduate,Married,"Income<=$50,000",White,Not Donated,0,4,2,1,2,1,5
6830,30<=Age<=39,Male,Undergraduate,Married,"Income>$100,000",White,Not Donated,0,2,2,1,2,3,5
6831,Age>=50,Female,Undergraduate,Married,"Income>$100,000",White,Not Donated,0,4,1,1,2,3,5
6832,40<=Age<=49,Male,Undergraduate,Single,"Income>$100,000",Hispanic,Not Donated,0,3,2,1,1,3,3
6833,Age<=29,Male,Undergraduate,Married,"$50,000<Income<=$100,000",White,Donated,60,1,2,1,2,2,5
6834,Age>=50,Male,Undergraduate,Married,"Income>$100,000",Asian,Not Donated,0,4,2,1,2,3,1
6835,30<=Age<=39,Male,Undergraduate,Single,"Income>$100,000",White,Not Donated,0,2,2,1,1,3,5
6836,30<=Age<=39,Male,Undergraduate,Married,"Income<=$50,000",Black,Donated,55,2,2,1,2,1,2
6837,30<=Age<=39,Female,Undergraduate,Married,"$50,000<Income<=$100,000",White,Not Donated,0,2,1,1,2,2,5
6838,Age<=29,Female,Undergraduate,Married,"Income<=$50,000",Black,Not Donated,0,1,1,1,2,1,2
6839,30<=Age<=39,Male,Undergraduate,Married,"$50,000<Income<=$100,000",White,Not Donated,0,2,2,1,2,2,5
6840,Age>=50,Male,Graduate,Married,"Income<=$50,000",White,Not Donated,0,4,2,2,2,1,5
6841,30<=Age<=39,Male,Graduate,Single,"Income<=$50,000",White,Not Donated,0,2,2,2,1,1,5
6842,40<=Age<=49,Female,Undergraduate,Married,"$50,000<Income<=$100,000",Black,Donated,90,3,1,1,2,2,2
6843,Age>=50,Female,Undergraduate,Married,"Income>$100,000",Asian,Not Donated,0,4,1,1,2,3,1
6844,Age>=50,Female,Undergraduate,Single,"$50,000<Income<=$100,000",White,Not Donated,0,4,1,1,1,2,5
6845,40<=Age<=49,Female,Undergraduate,Married,"Income<=$50,000",White,Not Donated,0,3,1,1,2,1,5
6846,40<=Age<=49,Female,Undergraduate,Married,"Income>$100,000",White,Not Donated,0,3,1,1,2,3,5
6847,Age<=29,Male,Undergraduate,Single,"$50,000<Income<=$100,000",White,Donated,75,1,2,1,1,2,5
6848,40<=Age<=49,Female,Undergraduate,Married,"Income<=$50,000",White,Donated,95,3,1,1,2,1,5
6849,Age<=29,Male,Undergraduate,Single,"$50,000<Income<=$100,000",Asian,Donated,40,1,2,1,1,2,1
6850,30<=Age<=39,Female,Undergraduate,Married,"Income<=$50,000",White,Not Donated,0,2,1,1,2,1,5
6851,40<=Age<=49,Female,Undergraduate,Married,"Income<=$50,000",White,Not Donated,0,3,1,1,2,1,5
6852,Age>=50,Male,Undergraduate,Married,"$50,000<Income<=$100,000",Hispanic,Not Donated,0,4,2,1,2,2,3
6853,Age<=29,Male,Undergraduate,Married,"Income<=$50,000",White,Donated,35,1,2,1,2,1,5
6854,Age<=29,Male,Undergraduate,Single,"Income<=$50,000",White,Not Donated,0,1,2,1,1,1,5
6855,40<=Age<=49,Female,Undergraduate,Married,"$50,000<Income<=$100,000",White,Not Donated,0,3,1,1,2,2,5
6856,Age<=29,Male,Undergraduate,Single,"Income<=$50,000",Hispanic,Donated,20,1,2,1,1,1,3
6857,30<=Age<=39,Female,Undergraduate,Married,"Income<=$50,000",White,Not Donated,0,2,1,1,2,1,5
6858,Age<=29,Male,Undergraduate,Single,"Income<=$50,000",Black,Donated,25,1,2,1,1,1,2
6859,Age<=29,Female,Undergraduate,Single,"Income<=$50,000",White,Not Donated,0,1,1,1,1,1,5
6860,Age>=50,Male,Undergraduate,Married,"Income>$100,000",White,Not Donated,0,4,2,1,2,3,5
6861,Age<=29,Male,Undergraduate,Married,"$50,000<Income<=$100,000",Black,Donated,40,1,2,1,2,2,2
6862,40<=Age<=49,Male,Undergraduate,Married,"Income<=$50,000",White,Not Donated,0,3,2,1,2,1,5
6863,Age<=29,Female,Undergraduate,Single,"Income<=$50,000",Asian,Not Donated,0,1,1,1,1,1,1
6864,Age<=29,Female,Graduate,Married,"Income<=$50,000",White,Not Donated,0,1,1,2,2,1,5
6865,30<=Age<=39,Male,Undergraduate,Single,"Income>$100,000",Black,Not Donated,0,2,2,1,1,3,2
6866,Age<=29,Female,Undergraduate,Married,"Income<=$50,000",White,Donated,50,1,1,1,2,1,5
6867,30<=Age<=39,Female,Undergraduate,Married,"Income<=$50,000",Black,Not Donated,0,2,1,1,2,1,2
6868,40<=Age<=49,Female,Undergraduate,Single,"Income<=$50,000",Hispanic,Not Donated,0,3,1,1,1,1,3
6869,Age<=29,Male,Undergraduate,Single,"$50,000<Income<=$100,000",White,Donated,45,1,2,1,1,2,5
6870,30<=Age<=39,Female,Undergraduate,Single,"Income<=$50,000",Other,Donated,50,2,1,1,1,1,4
6871,Age<=29,Male,Undergraduate,Married,"$50,000<Income<=$100,000",White,Donated,40,1,2,1,2,2,5
6872,Age<=29,Male,Undergraduate,Married,"$50,000<Income<=$100,000",White,Not Donated,0,1,2,1,2,2,5
6873,30<=Age<=39,Male,Undergraduate,Married,"$50,000<Income<=$100,000",Hispanic,Not Donated,0,2,2,1,2,2,3
6874,40<=Age<=49,Female,Undergraduate,Single,"Income>$100,000",White,Donated,125,3,1,1,1,3,5
6875,Age<=29,Female,Undergraduate,Single,"$50,000<Income<=$100,000",White,Donated,50,1,1,1,1,2,5
6876,30<=Age<=39,Male,Graduate,Single,"Income<=$50,000",Asian,Donated,60,2,2,2,1,1,1
6877,40<=Age<=49,Female,Undergraduate,Single,"$50,000<Income<=$100,000",White,Donated,80,3,1,1,1,2,5
6878,Age<=29,Male,Undergraduate,Single,"Income<=$50,000",White,Not Donated,0,1,2,1,1,1,5
6879,Age>=50,Female,Undergraduate,Married,"Income<=$50,000",White,Not Donated,0,4,1,1,2,1,5
6880,Age<=29,Female,Undergraduate,Single,"$50,000<Income<=$100,000",White,Donated,55,1,1,1,1,2,5
6881,30<=Age<=39,Male,Undergraduate,Single,"Income<=$50,000",White,Not Donated,0,2,2,1,1,1,5
6882,Age>=50,Male,Undergraduate,Single,"Income<=$50,000",Hispanic,Not Donated,0,4,2,1,1,1,3
6883,Age>=50,Female,Graduate,Single,"Income>$100,000",White,Not Donated,0,4,1,2,1,3,5
6884,Age<=29,Female,Undergraduate,Married,"$50,000<Income<=$100,000",Hispanic,Not Donated,0,1,1,1,2,2,3
6885,Age<=29,Female,Undergraduate,Married,"$50,000<Income<=$100,000",White,Not Donated,0,1,1,1,2,2,5
6886,Age<=29,Female,Undergraduate,Married,"$50,000<Income<=$100,000",White,Donated,55,1,1,1,2,2,5
6887,40<=Age<=49,Female,Undergraduate,Married,"$50,000<Income<=$100,000",White,Not Donated,0,3,1,1,2,2,5
6888,40<=Age<=49,Male,Undergraduate,Married,"$50,000<Income<=$100,000",Black,Donated,85,3,2,1,2,2,2
6889,40<=Age<=49,Female,Undergraduate,Married,"Income>$100,000",Asian,Not Donated,0,3,1,1,2,3,1
6890,30<=Age<=39,Male,Undergraduate,Married,"$50,000<Income<=$100,000",Asian,Donated,80,2,2,1,2,2,1
6891,30<=Age<=39,Male,Undergraduate,Married,"Income<=$50,000",White,Not Donated,0,2,2,1,2,1,5
6892,40<=Age<=49,Female,Undergraduate,Married,"Income>$100,000",White,Not Donated,0,3,1,1,2,3,5
6893,30<=Age<=39,Male,Undergraduate,Single,"Income<=$50,000",White,Not Donated,0,2,2,1,1,1,5
6894,30<=Age<=39,Male,Graduate,Married,"Income<=$50,000",White,Donated,35,2,2,2,2,1,5
6895,Age<=29,Male,Graduate,Single,"Income<=$50,000",White,Donated,45,1,2,2,1,1,5
6896,30<=Age<=39,Female,Undergraduate,Married,"Income<=$50,000",White,Not Donated,0,2,1,1,2,1,5
6897,Age>=50,Male,Undergraduate,Single,"Income<=$50,000",Black,Not Donated,0,4,2,1,1,1,2
6898,30<=Age<=39,Female,Undergraduate,Single,"Income<=$50,000",Other,Donated,45,2,1,1,1,1,4
6899,Age<=29,Female,Undergraduate,Married,"$50,000<Income<=$100,000",White,Donated,60,1,1,1,2,2,5
6900,Age<=29,Male,Graduate,Married,"Income<=$50,000",White,Not Donated,0,1,2,2,2,1,5
6901,Age>=50,Female,Graduate,Single,"Income<=$50,000",White,Not Donated,0,4,1,2,1,1,5
6902,Age>=50,Male,Undergraduate,Married,"Income<=$50,000",Hispanic,Not Donated,0,4,2,1,2,1,3
6903,30<=Age<=39,Female,Undergraduate,Single,"$50,000<Income<=$100,000",White,Not Donated,0,2,1,1,1,2,5
6904,Age<=29,Male,Undergraduate,Married,"Income<=$50,000",White,Donated,40,1,2,1,2,1,5
6905,30<=Age<=39,Male,Undergraduate,Married,"Income<=$50,000",White,Donated,70,2,2,1,2,1,5
6906,Age<=29,Male,Undergraduate,Married,"Income<=$50,000",White,Not Donated,0,1,2,1,2,1,5
6907,Age<=29,Female,Undergraduate,Single,"Income>$100,000",Hispanic,Donated,55,1,1,1,1,3,3
6908,Age>=50,Female,Undergraduate,Married,"Income>$100,000",Black,Donated,150,4,1,1,2,3,2
6909,40<=Age<=49,Female,Undergraduate,Married,"Income>$100,000",White,Not Donated,0,3,1,1,2,3,5
6910,40<=Age<=49,Female,Undergraduate,Married,"Income>$100,000",White,Not Donated,0,3,1,1,2,3,5
6911,Age>=50,Female,Undergraduate,Single,"Income<=$50,000",Asian,Donated,95,4,1,1,1,1,1
6912,Age>=50,Female,Undergraduate,Married,"Income<=$50,000",Hispanic,Donated,90,4,1,1,2,1,3
6913,30<=Age<=39,Female,Undergraduate,Single,"Income>$100,000",Asian,Donated,85,2,1,1,1,3,1
6914,30<=Age<=39,Male,Undergraduate,Married,"Income<=$50,000",White,Not Donated,0,2,2,1,2,1,5
6915,Age<=29,Female,Undergraduate,Single,"Income>$100,000",Hispanic,Not Donated,0,1,1,1,1,3,3
6916,Age<=29,Female,Undergraduate,Single,"$50,000<Income<=$100,000",Hispanic,Not Donated,0,1,1,1,1,2,3
6917,Age>=50,Male,Undergraduate,Married,"Income<=$50,000",Hispanic,Not Donated,0,4,2,1,2,1,3
6918,30<=Age<=39,Male,Undergraduate,Married,"$50,000<Income<=$100,000",Hispanic,Donated,60,2,2,1,2,2,3
6919,40<=Age<=49,Male,Undergraduate,Single,"Income<=$50,000",White,Donated,80,3,2,1,1,1,5
6920,30<=Age<=39,Female,Undergraduate,Married,"$50,000<Income<=$100,000",Hispanic,Not Donated,0,2,1,1,2,2,3
6921,40<=Age<=49,Male,Undergraduate,Married,"$50,000<Income<=$100,000",Hispanic,Not Donated,0,3,2,1,2,2,3
6922,30<=Age<=39,Male,Undergraduate,Married,"Income<=$50,000",Black,Donated,45,2,2,1,2,1,2
6923,40<=Age<=49,Female,Undergraduate,Married,"Income<=$50,000",White,Not Donated,0,3,1,1,2,1,5
6924,Age<=29,Male,Undergraduate,Married,"Income>$100,000",Black,Donated,110,1,2,1,2,3,2
6925,30<=Age<=39,Female,Undergraduate,Married,"Income<=$50,000",White,Not Donated,0,2,1,1,2,1,5
6926,40<=Age<=49,Female,Undergraduate,Married,"$50,000<Income<=$100,000",White,Not Donated,0,3,1,1,2,2,5
6927,Age<=29,Female,Undergraduate,Single,"Income>$100,000",White,Not Donated,0,1,1,1,1,3,5
6928,Age<=29,Female,Undergraduate,Single,"Income<=$50,000",Hispanic,Donated,25,1,1,1,1,1,3
6929,Age>=50,Female,Undergraduate,Married,"Income<=$50,000",Asian,Not Donated,0,4,1,1,2,1,1
6930,40<=Age<=49,Female,Graduate,Single,"Income<=$50,000",Hispanic,Not Donated,0,3,1,2,1,1,3
6931,Age>=50,Female,Undergraduate,Married,"Income<=$50,000",White,Not Donated,0,4,1,1,2,1,5
6932,Age<=29,Male,Undergraduate,Married,"Income<=$50,000",Black,Donated,40,1,2,1,2,1,2
6933,Age<=29,Female,Graduate,Single,"$50,000<Income<=$100,000",White,Not Donated,0,1,1,2,1,2,5
6934,Age<=29,Female,Undergraduate,Single,"Income<=$50,000",White,Not Donated,0,1,1,1,1,1,5
6935,30<=Age<=39,Male,Undergraduate,Married,"$50,000<Income<=$100,000",Asian,Not Donated,0,2,2,1,2,2,1
6936,Age<=29,Female,Undergraduate,Single,"$50,000<Income<=$100,000",Hispanic,Not Donated,0,1,1,1,1,2,3
6937,40<=Age<=49,Male,Undergraduate,Married,"Income>$100,000",White,Donated,115,3,2,1,2,3,5
6938,40<=Age<=49,Male,Undergraduate,Single,"$50,000<Income<=$100,000",Hispanic,Not Donated,0,3,2,1,1,2,3
6939,30<=Age<=39,Male,Undergraduate,Married,"$50,000<Income<=$100,000",Hispanic,Not Donated,0,2,2,1,2,2,3
6940,30<=Age<=39,Male,Undergraduate,Married,"$50,000<Income<=$100,000",White,Donated,65,2,2,1,2,2,5
6941,Age>=50,Female,Undergraduate,Single,"Income<=$50,000",Asian,Not Donated,0,4,1,1,1,1,1
6942,40<=Age<=49,Male,Undergraduate,Married,"Income<=$50,000",Hispanic,Not Donated,0,3,2,1,2,1,3
6943,40<=Age<=49,Male,Undergraduate,Single,"Income<=$50,000",White,Donated,80,3,2,1,1,1,5
6944,Age>=50,Male,Undergraduate,Single,"$50,000<Income<=$100,000",White,Not Donated,0,4,2,1,1,2,5
6945,30<=Age<=39,Female,Undergraduate,Single,"Income<=$50,000",White,Donated,50,2,1,1,1,1,5
6946,40<=Age<=49,Male,Undergraduate,Married,"Income<=$50,000",Hispanic,Not Donated,0,3,2,1,2,1,3
6947,40<=Age<=49,Female,Undergraduate,Married,"Income<=$50,000",White,Not Donated,0,3,1,1,2,1,5
6948,40<=Age<=49,Female,Undergraduate,Married,"Income>$100,000",White,Not Donated,0,3,1,1,2,3,5
6949,Age<=29,Female,Undergraduate,Single,"$50,000<Income<=$100,000",Hispanic,Not Donated,0,1,1,1,1,2,3
6950,40<=Age<=49,Female,Undergraduate,Single,"Income<=$50,000",Asian,Not Donated,0,3,1,1,1,1,1
6951,Age>=50,Male,Undergraduate,Married,"Income>$100,000",Hispanic,Donated,120,4,2,1,2,3,3
6952,Age<=29,Female,Graduate,Married,"$50,000<Income<=$100,000",White,Donated,40,1,1,2,2,2,5
6953,30<=Age<=39,Male,Undergraduate,Single,"$50,000<Income<=$100,000",White,Donated,55,2,2,1,1,2,5
6954,Age>=50,Female,Undergraduate,Married,"$50,000<Income<=$100,000",White,Not Donated,0,4,1,1,2,2,5
6955,30<=Age<=39,Male,Undergraduate,Single,"Income<=$50,000",White,Not Donated,0,2,2,1,1,1,5
6956,Age<=29,Male,Undergraduate,Married,"Income<=$50,000",Black,Not Donated,0,1,2,1,2,1,2
6957,30<=Age<=39,Female,Undergraduate,Single,"Income>$100,000",White,Not Donated,0,2,1,1,1,3,5
6958,Age>=50,Male,Undergraduate,Married,"$50,000<Income<=$100,000",White,Not Donated,0,4,2,1,2,2,5
6959,Age<=29,Female,Undergraduate,Married,"$50,000<Income<=$100,000",Black,Donated,60,1,1,1,2,2,2
6960,40<=Age<=49,Female,Undergraduate,Single,"Income<=$50,000",Other,Not Donated,0,3,1,1,1,1,4
6961,30<=Age<=39,Female,Undergraduate,Married,"Income<=$50,000",White,Not Donated,0,2,1,1,2,1,5
6962,40<=Age<=49,Male,Graduate,Married,"Income<=$50,000",White,Not Donated,0,3,2,2,2,1,5
6963,30<=Age<=39,Male,Undergraduate,Single,"Income<=$50,000",Black,Not Donated,0,2,2,1,1,1,2
6964,Age<=29,Female,Undergraduate,Single,"$50,000<Income<=$100,000",White,Donated,60,1,1,1,1,2,5
6965,Age<=29,Male,Undergraduate,Single,"$50,000<Income<=$100,000",Black,Not Donated,0,1,2,1,1,2,2
6966,Age>=50,Male,Undergraduate,Married,"Income>$100,000",White,Not Donated,0,4,2,1,2,3,5
6967,Age<=29,Male,Undergraduate,Married,"Income<=$50,000",White,Donated,35,1,2,1,2,1,5
6968,Age<=29,Male,Undergraduate,Married,"Income<=$50,000",White,Not Donated,0,1,2,1,2,1,5
6969,Age<=29,Male,Undergraduate,Married,"$50,000<Income<=$100,000",White,Not Donated,0,1,2,1,2,2,5
6970,Age<=29,Male,Graduate,Married,"$50,000<Income<=$100,000",Hispanic,Donated,70,1,2,2,2,2,3
6971,Age<=29,Female,Undergraduate,Single,"Income<=$50,000",Hispanic,Not Donated,0,1,1,1,1,1,3
6972,Age<=29,Male,Undergraduate,Married,"$50,000<Income<=$100,000",Hispanic,Donated,80,1,2,1,2,2,3
6973,30<=Age<=39,Male,Undergraduate,Married,"$50,000<Income<=$100,000",Asian,Donated,60,2,2,1,2,2,1
6974,Age<=29,Male,Undergraduate,Married,"Income<=$50,000",White,Not Donated,0,1,2,1,2,1,5
6975,Age>=50,Female,Undergraduate,Married,"Income>$100,000",Hispanic,Donated,125,4,1,1,2,3,3
6976,Age<=29,Male,Undergraduate,Married,"Income<=$50,000",White,Not Donated,0,1,2,1,2,1,5
6977,Age<=29,Male,Undergraduate,Married,"$50,000<Income<=$100,000",Hispanic,Not Donated,0,1,2,1,2,2,3
6978,Age>=50,Female,Undergraduate,Single,"Income<=$50,000",Black,Not Donated,0,4,1,1,1,1,2
6979,Age<=29,Female,Undergraduate,Single,"$50,000<Income<=$100,000",Hispanic,Donated,55,1,1,1,1,2,3
6980,40<=Age<=49,Female,Undergraduate,Single,"Income>$100,000",White,Not Donated,0,3,1,1,1,3,5
6981,30<=Age<=39,Female,Undergraduate,Married,"Income<=$50,000",Hispanic,Not Donated,0,2,1,1,2,1,3
6982,40<=Age<=49,Female,Undergraduate,Married,"$50,000<Income<=$100,000",Black,Not Donated,0,3,1,1,2,2,2
6983,Age<=29,Male,Undergraduate,Married,"Income<=$50,000",White,Not Donated,0,1,2,1,2,1,5
6984,Age<=29,Female,Undergraduate,Married,"Income<=$50,000",Hispanic,Donated,50,1,1,1,2,1,3
6985,30<=Age<=39,Female,Undergraduate,Single,"$50,000<Income<=$100,000",White,Donated,65,2,1,1,1,2,5
6986,30<=Age<=39,Male,Undergraduate,Single,"$50,000<Income<=$100,000",White,Not Donated,0,2,2,1,1,2,5
6987,30<=Age<=39,Female,Undergraduate,Married,"Income>$100,000",White,Not Donated,0,2,1,1,2,3,5
6988,Age>=50,Female,Undergraduate,Single,"$50,000<Income<=$100,000",Hispanic,Donated,105,4,1,1,1,2,3
6989,40<=Age<=49,Male,Undergraduate,Single,"$50,000<Income<=$100,000",White,Donated,85,3,2,1,1,2,5
6990,30<=Age<=39,Female,Graduate,Married,"Income>$100,000",Black,Donated,130,2,1,2,2,3,2
6991,Age>=50,Male,Undergraduate,Married,"Income<=$50,000",White,Not Donated,0,4,2,1,2,1,5
6992,Age<=29,Male,Undergraduate,Single,"$50,000<Income<=$100,000",Hispanic,Not Donated,0,1,2,1,1,2,3
6993,Age<=29,Male,Undergraduate,Married,"Income>$100,000",White,Donated,120,1,2,1,2,3,5
6994,40<=Age<=49,Male,Undergraduate,Married,"$50,000<Income<=$100,000",White,Not Donated,0,3,2,1,2,2,5
6995,Age<=29,Female,Undergraduate,Married,"$50,000<Income<=$100,000",White,Donated,65,1,1,1,2,2,5
6996,Age<=29,Male,Undergraduate,Married,"Income<=$50,000",Hispanic,Not Donated,0,1,2,1,2,1,3
6997,Age<=29,Female,Undergraduate,Single,"Income<=$50,000",White,Not Donated,0,1,1,1,1,1,5
6998,Age<=29,Male,Undergraduate,Single,"Income<=$50,000",White,Donated,15,1,2,1,1,1,5
6999,30<=Age<=39,Female,Undergraduate,Single,"Income<=$50,000",White,Donated,60,2,1,1,1,1,5
7000,Age>=50,Male,Undergraduate,Married,"$50,000<Income<=$100,000",White,Not Donated,0,4,2,1,2,2,5
7001,Age<=29,Female,Undergraduate,Single,"Income<=$50,000",White,Donated,40,1,1,1,1,1,5
7002,Age>=50,Female,Undergraduate,Single,"Income<=$50,000",Asian,Not Donated,0,4,1,1,1,1,1
7003,40<=Age<=49,Female,Undergraduate,Single,"$50,000<Income<=$100,000",White,Not Donated,0,3,1,1,1,2,5
7004,Age<=29,Male,Undergraduate,Married,"Income>$100,000",White,Not Donated,0,1,2,1,2,3,5
7005,30<=Age<=39,Female,Undergraduate,Married,"Income<=$50,000",White,Donated,40,2,1,1,2,1,5
7006,Age>=50,Female,Undergraduate,Single,"Income<=$50,000",Black,Not Donated,0,4,1,1,1,1,2
7007,40<=Age<=49,Female,Undergraduate,Married,"$50,000<Income<=$100,000",Black,Donated,80,3,1,1,2,2,2
7008,Age<=29,Female,Undergraduate,Married,"Income<=$50,000",Asian,Donated,50,1,1,1,2,1,1
7009,Age<=29,Male,Undergraduate,Single,"$50,000<Income<=$100,000",White,Not Donated,0,1,2,1,1,2,5
7010,Age>=50,Female,Undergraduate,Married,"$50,000<Income<=$100,000",Hispanic,Not Donated,0,4,1,1,2,2,3
7011,Age<=29,Female,Undergraduate,Married,"Income>$100,000",Hispanic,Not Donated,0,1,1,1,2,3,3
7012,Age<=29,Male,Undergraduate,Single,"Income<=$50,000",White,Not Donated,0,1,2,1,1,1,5
7013,Age<=29,Male,Undergraduate,Married,"Income<=$50,000",White,Not Donated,0,1,2,1,2,1,5
7014,30<=Age<=39,Female,Undergraduate,Single,"$50,000<Income<=$100,000",White,Donated,80,2,1,1,1,2,5
7015,Age>=50,Female,Undergraduate,Single,"Income>$100,000",White,Donated,140,4,1,1,1,3,5
7016,40<=Age<=49,Male,Undergraduate,Married,"$50,000<Income<=$100,000",Hispanic,Not Donated,0,3,2,1,2,2,3
7017,30<=Age<=39,Female,Undergraduate,Married,"$50,000<Income<=$100,000",Asian,Donated,75,2,1,1,2,2,1
7018,30<=Age<=39,Female,Undergraduate,Married,"Income>$100,000",Other,Donated,95,2,1,1,2,3,4
7019,Age>=50,Male,Undergraduate,Single,"$50,000<Income<=$100,000",White,Not Donated,0,4,2,1,1,2,5
7020,30<=Age<=39,Male,Undergraduate,Married,"Income<=$50,000",White,Donated,65,2,2,1,2,1,5
7021,30<=Age<=39,Male,Undergraduate,Married,"Income<=$50,000",Black,Donated,55,2,2,1,2,1,2
7022,Age<=29,Male,Undergraduate,Married,"Income<=$50,000",White,Not Donated,0,1,2,1,2,1,5
7023,30<=Age<=39,Female,Undergraduate,Married,"$50,000<Income<=$100,000",Asian,Donated,95,2,1,1,2,2,1
7024,Age<=29,Female,Undergraduate,Single,"Income<=$50,000",Black,Not Donated,0,1,1,1,1,1,2
7025,40<=Age<=49,Female,Undergraduate,Single,"Income<=$50,000",White,Donated,60,3,1,1,1,1,5
7026,40<=Age<=49,Male,Undergraduate,Married,"Income>$100,000",Hispanic,Not Donated,0,3,2,1,2,3,3
7027,Age<=29,Female,Undergraduate,Single,"$50,000<Income<=$100,000",White,Donated,45,1,1,1,1,2,5
7028,40<=Age<=49,Female,Undergraduate,Single,"Income<=$50,000",Hispanic,Donated,60,3,1,1,1,1,3
7029,40<=Age<=49,Male,Undergraduate,Married,"Income>$100,000",White,Donated,130,3,2,1,2,3,5
7030,40<=Age<=49,Female,Undergraduate,Single,"Income<=$50,000",White,Donated,80,3,1,1,1,1,5
7031,Age<=29,Female,Undergraduate,Married,"Income<=$50,000",Black,Not Donated,0,1,1,1,2,1,2
7032,40<=Age<=49,Male,Undergraduate,Married,"$50,000<Income<=$100,000",White,Not Donated,0,3,2,1,2,2,5
7033,30<=Age<=39,Male,Undergraduate,Married,"Income<=$50,000",White,Not Donated,0,2,2,1,2,1,5
7034,Age<=29,Female,Undergraduate,Single,"$50,000<Income<=$100,000",Asian,Donated,45,1,1,1,1,2,1
7035,Age>=50,Male,Undergraduate,Single,"$50,000<Income<=$100,000",White,Not Donated,0,4,2,1,1,2,5
7036,Age<=29,Female,Undergraduate,Married,"Income<=$50,000",White,Not Donated,0,1,1,1,2,1,5
7037,Age<=29,Male,Graduate,Single,"Income>$100,000",Hispanic,Not Donated,0,1,2,2,1,3,3
7038,Age<=29,Female,Undergraduate,Married,"$50,000<Income<=$100,000",Hispanic,Not Donated,0,1,1,1,2,2,3
7039,40<=Age<=49,Male,Undergraduate,Married,"$50,000<Income<=$100,000",Hispanic,Not Donated,0,3,2,1,2,2,3
7040,30<=Age<=39,Male,Undergraduate,Single,"Income<=$50,000",Black,Not Donated,0,2,2,1,1,1,2
7041,30<=Age<=39,Male,Undergraduate,Married,"Income<=$50,000",White,Not Donated,0,2,2,1,2,1,5
7042,30<=Age<=39,Female,Undergraduate,Married,"Income>$100,000",Black,Not Donated,0,2,1,1,2,3,2
7043,30<=Age<=39,Male,Undergraduate,Single,"$50,000<Income<=$100,000",White,Not Donated,0,2,2,1,1,2,5
7044,40<=Age<=49,Female,Undergraduate,Single,"$50,000<Income<=$100,000",White,Donated,100,3,1,1,1,2,5
7045,Age<=29,Female,Undergraduate,Single,"$50,000<Income<=$100,000",Hispanic,Donated,30,1,1,1,1,2,3
7046,Age<=29,Female,Undergraduate,Single,"$50,000<Income<=$100,000",White,Not Donated,0,1,1,1,1,2,5
7047,30<=Age<=39,Female,Undergraduate,Married,"$50,000<Income<=$100,000",Asian,Not Donated,0,2,1,1,2,2,1
7048,Age>=50,Male,Undergraduate,Married,"Income<=$50,000",Hispanic,Not Donated,0,4,2,1,2,1,3
7049,Age>=50,Female,Graduate,Married,"Income<=$50,000",White,Not Donated,0,4,1,2,2,1,5
7050,30<=Age<=39,Male,Undergraduate,Married,"Income<=$50,000",Asian,Not Donated,0,2,2,1,2,1,1
7051,40<=Age<=49,Female,Graduate,Single,"$50,000<Income<=$100,000",White,Not Donated,0,3,1,2,1,2,5
7052,Age<=29,Female,Undergraduate,Single,"$50,000<Income<=$100,000",White,Donated,50,1,1,1,1,2,5
7053,Age<=29,Male,Undergraduate,Single,"Income<=$50,000",Black,Donated,35,1,2,1,1,1,2
7054,Age<=29,Male,Undergraduate,Married,"Income<=$50,000",White,Donated,30,1,2,1,2,1,5
7055,Age<=29,Female,Undergraduate,Single,"$50,000<Income<=$100,000",Hispanic,Donated,45,1,1,1,1,2,3
7056,40<=Age<=49,Male,Undergraduate,Single,"Income<=$50,000",White,Not Donated,0,3,2,1,1,1,5
7057,Age<=29,Male,Undergraduate,Single,"$50,000<Income<=$100,000",White,Donated,45,1,2,1,1,2,5
7058,30<=Age<=39,Male,Undergraduate,Married,"Income>$100,000",Hispanic,Not Donated,0,2,2,1,2,3,3
7059,40<=Age<=49,Male,Undergraduate,Married,"Income<=$50,000",Asian,Not Donated,0,3,2,1,2,1,1
7060,Age>=50,Male,Undergraduate,Married,"$50,000<Income<=$100,000",White,Not Donated,0,4,2,1,2,2,5
7061,30<=Age<=39,Male,Undergraduate,Married,"Income<=$50,000",Hispanic,Donated,65,2,2,1,2,1,3
7062,40<=Age<=49,Female,Undergraduate,Single,"$50,000<Income<=$100,000",White,Not Donated,0,3,1,1,1,2,5
7063,40<=Age<=49,Male,Undergraduate,Married,"Income>$100,000",White,Not Donated,0,3,2,1,2,3,5
7064,30<=Age<=39,Male,Undergraduate,Single,"Income<=$50,000",White,Donated,45,2,2,1,1,1,5
7065,30<=Age<=39,Female,Undergraduate,Married,"$50,000<Income<=$100,000",Hispanic,Not Donated,0,2,1,1,2,2,3
7066,30<=Age<=39,Female,Undergraduate,Single,"Income<=$50,000",Hispanic,Not Donated,0,2,1,1,1,1,3
7067,Age>=50,Female,Graduate,Married,"Income<=$50,000",Hispanic,Not Donated,0,4,1,2,2,1,3
7068,Age<=29,Female,Undergraduate,Married,"$50,000<Income<=$100,000",Asian,Donated,35,1,1,1,2,2,1
7069,Age<=29,Female,Undergraduate,Married,"Income<=$50,000",White,Not Donated,0,1,1,1,2,1,5
7070,Age<=29,Female,Undergraduate,Single,"$50,000<Income<=$100,000",White,Not Donated,0,1,1,1,1,2,5
7071,30<=Age<=39,Male,Undergraduate,Married,"Income<=$50,000",Black,Not Donated,0,2,2,1,2,1,2
7072,40<=Age<=49,Male,Undergraduate,Married,"Income<=$50,000",White,Not Donated,0,3,2,1,2,1,5
7073,Age<=29,Male,Undergraduate,Married,"Income<=$50,000",White,Not Donated,0,1,2,1,2,1,5
7074,40<=Age<=49,Male,Undergraduate,Single,"Income<=$50,000",White,Not Donated,0,3,2,1,1,1,5
7075,Age<=29,Male,Undergraduate,Married,"Income<=$50,000",White,Not Donated,0,1,2,1,2,1,5
7076,30<=Age<=39,Male,Graduate,Married,"$50,000<Income<=$100,000",Hispanic,Donated,110,2,2,2,2,2,3
7077,30<=Age<=39,Female,Graduate,Married,"Income<=$50,000",White,Donated,85,2,1,2,2,1,5
7078,Age>=50,Male,Graduate,Single,"$50,000<Income<=$100,000",White,Donated,130,4,2,2,1,2,5
7079,Age<=29,Female,Undergraduate,Married,"Income<=$50,000",Asian,Donated,25,1,1,1,2,1,1
7080,30<=Age<=39,Female,Undergraduate,Married,"Income<=$50,000",White,Not Donated,0,2,1,1,2,1,5
7081,Age<=29,Male,Graduate,Single,"Income>$100,000",White,Donated,95,1,2,2,1,3,5
7082,Age>=50,Female,Undergraduate,Single,"Income<=$50,000",White,Donated,90,4,1,1,1,1,5
7083,40<=Age<=49,Male,Undergraduate,Single,"Income<=$50,000",White,Donated,65,3,2,1,1,1,5
7084,40<=Age<=49,Female,Undergraduate,Single,"Income<=$50,000",White,Not Donated,0,3,1,1,1,1,5
7085,40<=Age<=49,Male,Undergraduate,Single,"Income<=$50,000",White,Not Donated,0,3,2,1,1,1,5
7086,40<=Age<=49,Male,Undergraduate,Married,"$50,000<Income<=$100,000",Other,Not Donated,0,3,2,1,2,2,4
7087,Age<=29,Female,Undergraduate,Single,"$50,000<Income<=$100,000",White,Donated,85,1,1,1,1,2,5
7088,Age<=29,Female,Undergraduate,Single,"Income<=$50,000",White,Not Donated,0,1,1,1,1,1,5
7089,30<=Age<=39,Female,Undergraduate,Married,"$50,000<Income<=$100,000",Other,Not Donated,0,2,1,1,2,2,4
7090,40<=Age<=49,Female,Undergraduate,Married,"Income<=$50,000",Hispanic,Donated,95,3,1,1,2,1,3
7091,30<=Age<=39,Female,Undergraduate,Married,"Income<=$50,000",Other,Not Donated,0,2,1,1,2,1,4
7092,Age<=29,Male,Undergraduate,Single,"Income<=$50,000",White,Donated,30,1,2,1,1,1,5
7093,Age<=29,Male,Undergraduate,Married,"Income<=$50,000",Hispanic,Not Donated,0,1,2,1,2,1,3
7094,Age<=29,Female,Undergraduate,Married,"Income<=$50,000",White,Not Donated,0,1,1,1,2,1,5
7095,30<=Age<=39,Male,Undergraduate,Married,"$50,000<Income<=$100,000",Black,Donated,75,2,2,1,2,2,2
7096,30<=Age<=39,Male,Undergraduate,Married,"Income<=$50,000",Asian,Not Donated,0,2,2,1,2,1,1
7097,Age>=50,Male,Undergraduate,Single,"$50,000<Income<=$100,000",White,Donated,105,4,2,1,1,2,5
7098,30<=Age<=39,Female,Undergraduate,Married,"$50,000<Income<=$100,000",Other,Donated,75,2,1,1,2,2,4
7099,40<=Age<=49,Male,Undergraduate,Married,"Income>$100,000",White,Donated,135,3,2,1,2,3,5
7100,Age<=29,Male,Undergraduate,Married,"Income>$100,000",White,Donated,75,1,2,1,2,3,5
7101,40<=Age<=49,Male,Undergraduate,Married,"Income<=$50,000",White,Not Donated,0,3,2,1,2,1,5
7102,Age>=50,Male,Undergraduate,Married,"Income<=$50,000",Black,Donated,110,4,2,1,2,1,2
7103,40<=Age<=49,Male,Undergraduate,Single,"$50,000<Income<=$100,000",Asian,Not Donated,0,3,2,1,1,2,1
7104,30<=Age<=39,Male,Undergraduate,Married,"Income<=$50,000",White,Not Donated,0,2,2,1,2,1,5
7105,Age<=29,Male,Graduate,Married,"Income<=$50,000",Hispanic,Not Donated,0,1,2,2,2,1,3
7106,40<=Age<=49,Female,Undergraduate,Married,"Income<=$50,000",Hispanic,Not Donated,0,3,1,1,2,1,3
7107,30<=Age<=39,Male,Undergraduate,Single,"$50,000<Income<=$100,000",White,Donated,65,2,2,1,1,2,5
7108,Age<=29,Male,Undergraduate,Single,"$50,000<Income<=$100,000",White,Donated,40,1,2,1,1,2,5
7109,40<=Age<=49,Male,Undergraduate,Married,"Income<=$50,000",White,Not Donated,0,3,2,1,2,1,5
7110,30<=Age<=39,Female,Undergraduate,Single,"Income<=$50,000",Black,Donated,35,2,1,1,1,1,2
7111,30<=Age<=39,Male,Undergraduate,Married,"$50,000<Income<=$100,000",White,Not Donated,0,2,2,1,2,2,5
7112,Age<=29,Male,Undergraduate,Married,"Income<=$50,000",Hispanic,Not Donated,0,1,2,1,2,1,3
7113,30<=Age<=39,Male,Undergraduate,Married,"Income<=$50,000",Other,Not Donated,0,2,2,1,2,1,4
7114,30<=Age<=39,Female,Undergraduate,Married,"Income<=$50,000",Hispanic,Not Donated,0,2,1,1,2,1,3
7115,30<=Age<=39,Male,Undergraduate,Married,"$50,000<Income<=$100,000",White,Donated,70,2,2,1,2,2,5
7116,Age<=29,Male,Undergraduate,Married,"Income<=$50,000",Hispanic,Donated,50,1,2,1,2,1,3
7117,30<=Age<=39,Male,Undergraduate,Married,"Income<=$50,000",White,Not Donated,0,2,2,1,2,1,5
7118,Age<=29,Male,Undergraduate,Married,"Income<=$50,000",White,Not Donated,0,1,2,1,2,1,5
7119,30<=Age<=39,Female,Undergraduate,Single,"Income<=$50,000",White,Not Donated,0,2,1,1,1,1,5
7120,30<=Age<=39,Female,Undergraduate,Single,"Income<=$50,000",Black,Not Donated,0,2,1,1,1,1,2
7121,Age<=29,Female,Graduate,Single,"Income<=$50,000",Asian,Not Donated,0,1,1,2,1,1,1
7122,30<=Age<=39,Male,Undergraduate,Single,"Income<=$50,000",Asian,Not Donated,0,2,2,1,1,1,1
7123,Age<=29,Female,Undergraduate,Married,"Income>$100,000",Black,Not Donated,0,1,1,1,2,3,2
7124,Age<=29,Male,Graduate,Married,"Income<=$50,000",Hispanic,Not Donated,0,1,2,2,2,1,3
7125,Age<=29,Female,Undergraduate,Married,"$50,000<Income<=$100,000",White,Donated,65,1,1,1,2,2,5
7126,30<=Age<=39,Male,Undergraduate,Married,"$50,000<Income<=$100,000",Asian,Donated,70,2,2,1,2,2,1
7127,30<=Age<=39,Female,Undergraduate,Single,"$50,000<Income<=$100,000",White,Donated,70,2,1,1,1,2,5
7128,40<=Age<=49,Male,Undergraduate,Single,"Income<=$50,000",White,Not Donated,0,3,2,1,1,1,5
7129,30<=Age<=39,Female,Undergraduate,Single,"Income<=$50,000",Asian,Not Donated,0,2,1,1,1,1,1
7130,Age>=50,Male,Undergraduate,Married,"Income<=$50,000",White,Not Donated,0,4,2,1,2,1,5
7131,30<=Age<=39,Male,Undergraduate,Married,"Income<=$50,000",White,Not Donated,0,2,2,1,2,1,5
7132,Age>=50,Female,Undergraduate,Married,"Income>$100,000",Other,Not Donated,0,4,1,1,2,3,4
7133,30<=Age<=39,Female,Graduate,Married,"Income<=$50,000",Hispanic,Not Donated,0,2,1,2,2,1,3
7134,30<=Age<=39,Male,Undergraduate,Single,"Income<=$50,000",Hispanic,Not Donated,0,2,2,1,1,1,3
7135,Age>=50,Male,Undergraduate,Married,"Income>$100,000",White,Donated,135,4,2,1,2,3,5
7136,Age<=29,Female,Undergraduate,Married,"$50,000<Income<=$100,000",White,Not Donated,0,1,1,1,2,2,5
7137,30<=Age<=39,Male,Undergraduate,Married,"$50,000<Income<=$100,000",White,Donated,70,2,2,1,2,2,5
7138,Age<=29,Female,Undergraduate,Single,"Income>$100,000",White,Not Donated,0,1,1,1,1,3,5
7139,40<=Age<=49,Male,Undergraduate,Single,"Income<=$50,000",Other,Not Donated,0,3,2,1,1,1,4
7140,40<=Age<=49,Female,Graduate,Married,"Income<=$50,000",White,Not Donated,0,3,1,2,2,1,5
7141,30<=Age<=39,Male,Undergraduate,Married,"$50,000<Income<=$100,000",White,Not Donated,0,2,2,1,2,2,5
7142,30<=Age<=39,Female,Undergraduate,Single,"$50,000<Income<=$100,000",White,Not Donated,0,2,1,1,1,2,5
7143,Age<=29,Female,Undergraduate,Married,"Income>$100,000",Other,Not Donated,0,1,1,1,2,3,4
7144,40<=Age<=49,Female,Undergraduate,Married,"Income<=$50,000",White,Not Donated,0,3,1,1,2,1,5
7145,40<=Age<=49,Male,Undergraduate,Single,"Income>$100,000",Asian,Not Donated,0,3,2,1,1,3,1
7146,40<=Age<=49,Male,Undergraduate,Single,"$50,000<Income<=$100,000",White,Donated,90,3,2,1,1,2,5
7147,30<=Age<=39,Male,Undergraduate,Single,"Income>$100,000",White,Not Donated,0,2,2,1,1,3,5
7148,40<=Age<=49,Male,Undergraduate,Married,"Income>$100,000",White,Donated,110,3,2,1,2,3,5
7149,30<=Age<=39,Female,Undergraduate,Married,"Income<=$50,000",White,Not Donated,0,2,1,1,2,1,5
7150,Age>=50,Female,Undergraduate,Married,"Income<=$50,000",Hispanic,Not Donated,0,4,1,1,2,1,3
7151,40<=Age<=49,Female,Undergraduate,Married,"Income>$100,000",Hispanic,Donated,135,3,1,1,2,3,3
7152,Age>=50,Female,Undergraduate,Single,"Income>$100,000",White,Not Donated,0,4,1,1,1,3,5
7153,Age>=50,Female,Undergraduate,Single,"$50,000<Income<=$100,000",White,Donated,125,4,1,1,1,2,5
7154,Age>=50,Male,Undergraduate,Single,"$50,000<Income<=$100,000",White,Donated,105,4,2,1,1,2,5
7155,30<=Age<=39,Male,Undergraduate,Married,"Income<=$50,000",White,Donated,50,2,2,1,2,1,5
7156,40<=Age<=49,Female,Undergraduate,Married,"Income>$100,000",Black,Not Donated,0,3,1,1,2,3,2
7157,30<=Age<=39,Female,Graduate,Married,"Income<=$50,000",White,Donated,40,2,1,2,2,1,5
7158,40<=Age<=49,Female,Undergraduate,Married,"Income>$100,000",Hispanic,Donated,140,3,1,1,2,3,3
7159,40<=Age<=49,Female,Undergraduate,Single,"Income>$100,000",White,Not Donated,0,3,1,1,1,3,5
7160,30<=Age<=39,Male,Undergraduate,Single,"$50,000<Income<=$100,000",White,Not Donated,0,2,2,1,1,2,5
7161,40<=Age<=49,Female,Undergraduate,Single,"Income<=$50,000",White,Donated,60,3,1,1,1,1,5
7162,Age<=29,Female,Undergraduate,Married,"Income<=$50,000",Hispanic,Not Donated,0,1,1,1,2,1,3
7163,Age<=29,Female,Undergraduate,Single,"$50,000<Income<=$100,000",White,Donated,60,1,1,1,1,2,5
7164,Age<=29,Male,Undergraduate,Single,"Income<=$50,000",Hispanic,Not Donated,0,1,2,1,1,1,3
7165,40<=Age<=49,Male,Undergraduate,Married,"Income<=$50,000",Black,Not Donated,0,3,2,1,2,1,2
7166,40<=Age<=49,Male,Undergraduate,Single,"$50,000<Income<=$100,000",Black,Donated,80,3,2,1,1,2,2
7167,Age<=29,Male,Graduate,Married,"Income<=$50,000",Hispanic,Not Donated,0,1,2,2,2,1,3
7168,30<=Age<=39,Male,Undergraduate,Single,"Income<=$50,000",White,Not Donated,0,2,2,1,1,1,5
7169,40<=Age<=49,Male,Undergraduate,Married,"Income<=$50,000",Other,Not Donated,0,3,2,1,2,1,4
7170,Age<=29,Male,Undergraduate,Single,"$50,000<Income<=$100,000",White,Donated,55,1,2,1,1,2,5
7171,30<=Age<=39,Male,Undergraduate,Single,"Income>$100,000",White,Not Donated,0,2,2,1,1,3,5
7172,30<=Age<=39,Female,Undergraduate,Married,"Income<=$50,000",White,Not Donated,0,2,1,1,2,1,5
7173,30<=Age<=39,Female,Undergraduate,Single,"$50,000<Income<=$100,000",White,Donated,65,2,1,1,1,2,5
7174,30<=Age<=39,Male,Undergraduate,Single,"$50,000<Income<=$100,000",White,Donated,65,2,2,1,1,2,5
7175,Age<=29,Female,Undergraduate,Married,"$50,000<Income<=$100,000",White,Not Donated,0,1,1,1,2,2,5
7176,40<=Age<=49,Female,Undergraduate,Married,"Income<=$50,000",Black,Not Donated,0,3,1,1,2,1,2
7177,40<=Age<=49,Female,Undergraduate,Married,"$50,000<Income<=$100,000",White,Not Donated,0,3,1,1,2,2,5
7178,30<=Age<=39,Male,Undergraduate,Married,"$50,000<Income<=$100,000",Black,Not Donated,0,2,2,1,2,2,2
7179,30<=Age<=39,Female,Undergraduate,Single,"Income<=$50,000",Hispanic,Not Donated,0,2,1,1,1,1,3
7180,30<=Age<=39,Male,Undergraduate,Single,"Income>$100,000",White,Donated,110,2,2,1,1,3,5
7181,Age>=50,Male,Undergraduate,Married,"Income<=$50,000",Asian,Donated,100,4,2,1,2,1,1
7182,30<=Age<=39,Male,Undergraduate,Married,"Income<=$50,000",White,Donated,55,2,2,1,2,1,5
7183,30<=Age<=39,Female,Undergraduate,Single,"Income<=$50,000",White,Not Donated,0,2,1,1,1,1,5
7184,40<=Age<=49,Male,Undergraduate,Married,"Income<=$50,000",Asian,Not Donated,0,3,2,1,2,1,1
7185,Age<=29,Male,Undergraduate,Single,"Income<=$50,000",White,Donated,35,1,2,1,1,1,5
7186,40<=Age<=49,Male,Undergraduate,Married,"$50,000<Income<=$100,000",Asian,Donated,90,3,2,1,2,2,1
7187,30<=Age<=39,Female,Undergraduate,Married,"Income<=$50,000",Hispanic,Not Donated,0,2,1,1,2,1,3
7188,30<=Age<=39,Male,Undergraduate,Married,"$50,000<Income<=$100,000",Hispanic,Not Donated,0,2,2,1,2,2,3
7189,Age>=50,Male,Undergraduate,Married,"Income<=$50,000",White,Not Donated,0,4,2,1,2,1,5
7190,Age<=29,Female,Graduate,Single,"$50,000<Income<=$100,000",White,Donated,65,1,1,2,1,2,5
7191,Age>=50,Female,Undergraduate,Married,"Income<=$50,000",White,Not Donated,0,4,1,1,2,1,5
7192,Age<=29,Male,Graduate,Married,"$50,000<Income<=$100,000",White,Not Donated,0,1,2,2,2,2,5
7193,40<=Age<=49,Female,Undergraduate,Married,"Income<=$50,000",Other,Not Donated,0,3,1,1,2,1,4
7194,30<=Age<=39,Male,Undergraduate,Married,"Income>$100,000",White,Not Donated,0,2,2,1,2,3,5
7195,Age<=29,Male,Graduate,Married,"Income>$100,000",White,Not Donated,0,1,2,2,2,3,5
7196,40<=Age<=49,Male,Undergraduate,Single,"Income<=$50,000",Asian,Not Donated,0,3,2,1,1,1,1
7197,Age<=29,Female,Undergraduate,Single,"$50,000<Income<=$100,000",White,Not Donated,0,1,1,1,1,2,5
7198,Age<=29,Female,Undergraduate,Married,"Income>$100,000",Asian,Not Donated,0,1,1,1,2,3,1
7199,Age>=50,Male,Undergraduate,Married,"Income<=$50,000",Asian,Not Donated,0,4,2,1,2,1,1
7200,Age<=29,Male,Undergraduate,Single,"Income<=$50,000",White,Not Donated,0,1,2,1,1,1,5
7201,30<=Age<=39,Female,Undergraduate,Married,"$50,000<Income<=$100,000",Hispanic,Not Donated,0,2,1,1,2,2,3
7202,Age<=29,Male,Undergraduate,Single,"Income<=$50,000",White,Not Donated,0,1,2,1,1,1,5
7203,Age<=29,Male,Undergraduate,Single,"Income<=$50,000",Hispanic,Not Donated,0,1,2,1,1,1,3
7204,40<=Age<=49,Female,Undergraduate,Married,"Income<=$50,000",Hispanic,Not Donated,0,3,1,1,2,1,3
7205,40<=Age<=49,Male,Undergraduate,Married,"Income<=$50,000",White,Not Donated,0,3,2,1,2,1,5
7206,Age<=29,Female,Undergraduate,Married,"$50,000<Income<=$100,000",Asian,Donated,70,1,1,1,2,2,1
7207,Age>=50,Male,Undergraduate,Married,"$50,000<Income<=$100,000",White,Not Donated,0,4,2,1,2,2,5
7208,30<=Age<=39,Male,Undergraduate,Married,"$50,000<Income<=$100,000",White,Not Donated,0,2,2,1,2,2,5
7209,30<=Age<=39,Female,Undergraduate,Single,"$50,000<Income<=$100,000",White,Donated,75,2,1,1,1,2,5
7210,40<=Age<=49,Male,Undergraduate,Married,"$50,000<Income<=$100,000",Black,Donated,110,3,2,1,2,2,2
7211,40<=Age<=49,Female,Undergraduate,Married,"Income<=$50,000",White,Not Donated,0,3,1,1,2,1,5
7212,30<=Age<=39,Female,Undergraduate,Married,"Income<=$50,000",White,Donated,70,2,1,1,2,1,5
7213,Age>=50,Male,Undergraduate,Single,"Income<=$50,000",White,Not Donated,0,4,2,1,1,1,5
7214,Age>=50,Female,Undergraduate,Single,"Income>$100,000",Hispanic,Not Donated,0,4,1,1,1,3,3
7215,40<=Age<=49,Male,Undergraduate,Single,"Income<=$50,000",White,Donated,65,3,2,1,1,1,5
7216,Age<=29,Male,Undergraduate,Single,"$50,000<Income<=$100,000",White,Donated,70,1,2,1,1,2,5
7217,40<=Age<=49,Female,Undergraduate,Married,"Income<=$50,000",White,Not Donated,0,3,1,1,2,1,5
7218,Age<=29,Female,Undergraduate,Single,"$50,000<Income<=$100,000",Other,Donated,50,1,1,1,1,2,4
7219,Age<=29,Female,Undergraduate,Married,"$50,000<Income<=$100,000",Asian,Not Donated,0,1,1,1,2,2,1
7220,Age<=29,Female,Undergraduate,Married,"Income<=$50,000",White,Donated,40,1,1,1,2,1,5
7221,30<=Age<=39,Female,Undergraduate,Single,"Income<=$50,000",Black,Not Donated,0,2,1,1,1,1,2
7222,40<=Age<=49,Male,Undergraduate,Married,"Income<=$50,000",White,Not Donated,0,3,2,1,2,1,5
7223,Age<=29,Male,Undergraduate,Single,"Income<=$50,000",Black,Not Donated,0,1,2,1,1,1,2
7224,Age>=50,Male,Undergraduate,Single,"$50,000<Income<=$100,000",White,Not Donated,0,4,2,1,1,2,5
7225,40<=Age<=49,Female,Undergraduate,Married,"$50,000<Income<=$100,000",White,Not Donated,0,3,1,1,2,2,5
7226,Age<=29,Female,Undergraduate,Married,"Income<=$50,000",Hispanic,Not Donated,0,1,1,1,2,1,3
7227,30<=Age<=39,Male,Undergraduate,Single,"Income<=$50,000",White,Donated,45,2,2,1,1,1,5
7228,30<=Age<=39,Female,Graduate,Single,"Income<=$50,000",White,Donated,65,2,1,2,1,1,5
7229,Age<=29,Female,Undergraduate,Married,"Income<=$50,000",Black,Not Donated,0,1,1,1,2,1,2
7230,30<=Age<=39,Female,Undergraduate,Single,"Income>$100,000",White,Donated,80,2,1,1,1,3,5
7231,Age<=29,Male,Undergraduate,Married,"Income>$100,000",Hispanic,Not Donated,0,1,2,1,2,3,3
7232,30<=Age<=39,Female,Undergraduate,Single,"Income<=$50,000",White,Not Donated,0,2,1,1,1,1,5
7233,40<=Age<=49,Female,Undergraduate,Single,"Income<=$50,000",White,Not Donated,0,3,1,1,1,1,5
7234,30<=Age<=39,Male,Undergraduate,Single,"$50,000<Income<=$100,000",White,Not Donated,0,2,2,1,1,2,5
7235,30<=Age<=39,Male,Undergraduate,Single,"Income<=$50,000",White,Donated,50,2,2,1,1,1,5
7236,30<=Age<=39,Male,Undergraduate,Married,"$50,000<Income<=$100,000",White,Donated,75,2,2,1,2,2,5
7237,Age<=29,Female,Undergraduate,Single,"Income<=$50,000",White,Not Donated,0,1,1,1,1,1,5
7238,30<=Age<=39,Female,Undergraduate,Married,"$50,000<Income<=$100,000",White,Donated,85,2,1,1,2,2,5
7239,30<=Age<=39,Male,Undergraduate,Married,"Income<=$50,000",Hispanic,Not Donated,0,2,2,1,2,1,3
7240,30<=Age<=39,Female,Graduate,Single,"Income>$100,000",White,Not Donated,0,2,1,2,1,3,5
7241,Age>=50,Male,Undergraduate,Single,"Income>$100,000",Black,Not Donated,0,4,2,1,1,3,2
7242,Age>=50,Male,Undergraduate,Married,"Income<=$50,000",Black,Not Donated,0,4,2,1,2,1,2
7243,30<=Age<=39,Female,Undergraduate,Married,"Income<=$50,000",Black,Not Donated,0,2,1,1,2,1,2
7244,30<=Age<=39,Female,Undergraduate,Single,"Income<=$50,000",White,Not Donated,0,2,1,1,1,1,5
7245,30<=Age<=39,Male,Undergraduate,Married,"Income<=$50,000",White,Donated,65,2,2,1,2,1,5
7246,Age>=50,Male,Undergraduate,Married,"$50,000<Income<=$100,000",White,Not Donated,0,4,2,1,2,2,5
7247,40<=Age<=49,Female,Undergraduate,Married,"Income<=$50,000",Asian,Not Donated,0,3,1,1,2,1,1
7248,30<=Age<=39,Female,Undergraduate,Single,"Income<=$50,000",White,Donated,45,2,1,1,1,1,5
7249,30<=Age<=39,Female,Undergraduate,Single,"Income<=$50,000",Hispanic,Not Donated,0,2,1,1,1,1,3
7250,40<=Age<=49,Male,Undergraduate,Single,"$50,000<Income<=$100,000",White,Not Donated,0,3,2,1,1,2,5
7251,40<=Age<=49,Male,Undergraduate,Single,"$50,000<Income<=$100,000",Asian,Not Donated,0,3,2,1,1,2,1
7252,30<=Age<=39,Female,Undergraduate,Married,"$50,000<Income<=$100,000",White,Not Donated,0,2,1,1,2,2,5
7253,30<=Age<=39,Female,Undergraduate,Married,"$50,000<Income<=$100,000",Black,Donated,90,2,1,1,2,2,2
7254,30<=Age<=39,Female,Undergraduate,Married,"Income<=$50,000",Hispanic,Not Donated,0,2,1,1,2,1,3
7255,40<=Age<=49,Female,Undergraduate,Married,"Income<=$50,000",Hispanic,Not Donated,0,3,1,1,2,1,3
7256,40<=Age<=49,Female,Undergraduate,Married,"$50,000<Income<=$100,000",Asian,Donated,95,3,1,1,2,2,1
7257,Age<=29,Male,Undergraduate,Married,"Income>$100,000",Other,Donated,70,1,2,1,2,3,4
7258,30<=Age<=39,Male,Undergraduate,Married,"Income<=$50,000",White,Not Donated,0,2,2,1,2,1,5
7259,30<=Age<=39,Male,Undergraduate,Single,"$50,000<Income<=$100,000",White,Not Donated,0,2,2,1,1,2,5
7260,30<=Age<=39,Female,Undergraduate,Married,"$50,000<Income<=$100,000",Hispanic,Donated,75,2,1,1,2,2,3
7261,Age<=29,Female,Undergraduate,Married,"Income<=$50,000",White,Not Donated,0,1,1,1,2,1,5
7262,Age<=29,Male,Undergraduate,Single,"Income<=$50,000",Black,Donated,15,1,2,1,1,1,2
7263,Age>=50,Female,Undergraduate,Married,"$50,000<Income<=$100,000",Hispanic,Not Donated,0,4,1,1,2,2,3
7264,30<=Age<=39,Male,Undergraduate,Married,"Income>$100,000",White,Donated,115,2,2,1,2,3,5
7265,Age<=29,Male,Undergraduate,Married,"$50,000<Income<=$100,000",White,Not Donated,0,1,2,1,2,2,5
7266,40<=Age<=49,Male,Graduate,Married,"$50,000<Income<=$100,000",White,Donated,110,3,2,2,2,2,5
7267,Age>=50,Female,Undergraduate,Married,"$50,000<Income<=$100,000",Hispanic,Not Donated,0,4,1,1,2,2,3
7268,40<=Age<=49,Female,Undergraduate,Married,"$50,000<Income<=$100,000",Asian,Donated,105,3,1,1,2,2,1
7269,30<=Age<=39,Female,Undergraduate,Married,"$50,000<Income<=$100,000",White,Donated,75,2,1,1,2,2,5
7270,40<=Age<=49,Female,Undergraduate,Single,"Income<=$50,000",White,Not Donated,0,3,1,1,1,1,5
7271,30<=Age<=39,Male,Undergraduate,Married,"Income<=$50,000",White,Donated,65,2,2,1,2,1,5
7272,30<=Age<=39,Male,Undergraduate,Married,"Income<=$50,000",Other,Not Donated,0,2,2,1,2,1,4
7273,Age>=50,Female,Undergraduate,Married,"Income<=$50,000",White,Not Donated,0,4,1,1,2,1,5
7274,Age<=29,Male,Undergraduate,Married,"Income>$100,000",Hispanic,Not Donated,0,1,2,1,2,3,3
7275,Age>=50,Male,Undergraduate,Married,"Income<=$50,000",White,Not Donated,0,4,2,1,2,1,5
7276,Age>=50,Female,Undergraduate,Single,"Income<=$50,000",Hispanic,Not Donated,0,4,1,1,1,1,3
7277,40<=Age<=49,Male,Undergraduate,Single,"$50,000<Income<=$100,000",White,Not Donated,0,3,2,1,1,2,5
7278,40<=Age<=49,Male,Undergraduate,Married,"Income<=$50,000",White,Not Donated,0,3,2,1,2,1,5
7279,30<=Age<=39,Male,Undergraduate,Single,"Income<=$50,000",Hispanic,Not Donated,0,2,2,1,1,1,3
7280,30<=Age<=39,Male,Undergraduate,Married,"$50,000<Income<=$100,000",White,Not Donated,0,2,2,1,2,2,5
7281,Age>=50,Female,Undergraduate,Married,"Income>$100,000",Black,Not Donated,0,4,1,1,2,3,2
7282,Age<=29,Male,Undergraduate,Single,"Income<=$50,000",Hispanic,Not Donated,0,1,2,1,1,1,3
7283,Age>=50,Male,Undergraduate,Married,"Income<=$50,000",White,Not Donated,0,4,2,1,2,1,5
7284,40<=Age<=49,Male,Undergraduate,Married,"$50,000<Income<=$100,000",White,Not Donated,0,3,2,1,2,2,5
7285,Age>=50,Female,Undergraduate,Married,"Income>$100,000",White,Donated,135,4,1,1,2,3,5
7286,Age>=50,Male,Undergraduate,Married,"$50,000<Income<=$100,000",White,Not Donated,0,4,2,1,2,2,5
7287,Age>=50,Female,Undergraduate,Single,"$50,000<Income<=$100,000",White,Donated,120,4,1,1,1,2,5
7288,30<=Age<=39,Female,Undergraduate,Married,"Income<=$50,000",Asian,Donated,55,2,1,1,2,1,1
7289,30<=Age<=39,Female,Undergraduate,Single,"Income>$100,000",White,Donated,130,2,1,1,1,3,5
7290,Age<=29,Female,Graduate,Married,"Income<=$50,000",White,Donated,65,1,1,2,2,1,5
7291,30<=Age<=39,Female,Undergraduate,Married,"Income>$100,000",White,Not Donated,0,2,1,1,2,3,5
7292,40<=Age<=49,Female,Undergraduate,Single,"Income<=$50,000",Asian,Not Donated,0,3,1,1,1,1,1
7293,40<=Age<=49,Male,Undergraduate,Single,"$50,000<Income<=$100,000",Hispanic,Donated,90,3,2,1,1,2,3
7294,Age>=50,Female,Undergraduate,Married,"$50,000<Income<=$100,000",Black,Not Donated,0,4,1,1,2,2,2
7295,40<=Age<=49,Male,Undergraduate,Married,"Income<=$50,000",White,Not Donated,0,3,2,1,2,1,5
7296,Age<=29,Female,Undergraduate,Married,"Income>$100,000",Hispanic,Donated,95,1,1,1,2,3,3
7297,Age<=29,Male,Undergraduate,Single,"Income<=$50,000",White,Not Donated,0,1,2,1,1,1,5
7298,Age>=50,Male,Graduate,Married,"Income<=$50,000",White,Not Donated,0,4,2,2,2,1,5
7299,Age<=29,Female,Undergraduate,Married,"$50,000<Income<=$100,000",Hispanic,Donated,50,1,1,1,2,2,3
7300,Age<=29,Female,Undergraduate,Single,"Income>$100,000",Asian,Donated,70,1,1,1,1,3,1
7301,40<=Age<=49,Female,Undergraduate,Single,"$50,000<Income<=$100,000",Black,Not Donated,0,3,1,1,1,2,2
7302,40<=Age<=49,Male,Undergraduate,Single,"$50,000<Income<=$100,000",White,Not Donated,0,3,2,1,1,2,5
7303,Age<=29,Male,Undergraduate,Single,"Income<=$50,000",Hispanic,Not Donated,0,1,2,1,1,1,3
7304,Age<=29,Male,Undergraduate,Single,"$50,000<Income<=$100,000",Asian,Donated,60,1,2,1,1,2,1
7305,40<=Age<=49,Male,Undergraduate,Married,"Income<=$50,000",White,Not Donated,0,3,2,1,2,1,5
7306,40<=Age<=49,Female,Undergraduate,Married,"Income>$100,000",White,Not Donated,0,3,1,1,2,3,5
7307,Age>=50,Female,Undergraduate,Single,"Income<=$50,000",Hispanic,Donated,90,4,1,1,1,1,3
7308,40<=Age<=49,Male,Undergraduate,Single,"$50,000<Income<=$100,000",Hispanic,Not Donated,0,3,2,1,1,2,3
7309,40<=Age<=49,Female,Undergraduate,Married,"$50,000<Income<=$100,000",White,Not Donated,0,3,1,1,2,2,5
7310,Age>=50,Male,Undergraduate,Married,"Income<=$50,000",White,Not Donated,0,4,2,1,2,1,5
7311,Age<=29,Male,Undergraduate,Single,"$50,000<Income<=$100,000",Hispanic,Donated,45,1,2,1,1,2,3
7312,Age>=50,Female,Undergraduate,Single,"Income<=$50,000",Black,Not Donated,0,4,1,1,1,1,2
7313,40<=Age<=49,Female,Undergraduate,Single,"Income>$100,000",Hispanic,Donated,170,3,1,1,1,3,3
7314,Age>=50,Male,Undergraduate,Married,"Income>$100,000",Black,Not Donated,0,4,2,1,2,3,2
7315,30<=Age<=39,Female,Undergraduate,Single,"$50,000<Income<=$100,000",White,Not Donated,0,2,1,1,1,2,5
7316,Age<=29,Female,Undergraduate,Married,"Income<=$50,000",Asian,Not Donated,0,1,1,1,2,1,1
7317,40<=Age<=49,Female,Undergraduate,Single,"Income>$100,000",White,Not Donated,0,3,1,1,1,3,5
7318,30<=Age<=39,Female,Undergraduate,Married,"Income<=$50,000",Hispanic,Not Donated,0,2,1,1,2,1,3
7319,Age<=29,Female,Undergraduate,Single,"$50,000<Income<=$100,000",White,Donated,65,1,1,1,1,2,5
7320,30<=Age<=39,Male,Undergraduate,Single,"$50,000<Income<=$100,000",Hispanic,Not Donated,0,2,2,1,1,2,3
7321,30<=Age<=39,Male,Undergraduate,Single,"Income<=$50,000",White,Not Donated,0,2,2,1,1,1,5
7322,Age<=29,Female,Undergraduate,Single,"Income<=$50,000",White,Not Donated,0,1,1,1,1,1,5
7323,Age>=50,Female,Undergraduate,Single,"Income>$100,000",White,Not Donated,0,4,1,1,1,3,5
7324,Age<=29,Male,Undergraduate,Single,"Income<=$50,000",Black,Donated,40,1,2,1,1,1,2
7325,40<=Age<=49,Male,Undergraduate,Married,"Income<=$50,000",White,Donated,95,3,2,1,2,1,5
7326,40<=Age<=49,Male,Undergraduate,Single,"Income>$100,000",Hispanic,Donated,110,3,2,1,1,3,3
7327,40<=Age<=49,Female,Undergraduate,Single,"Income<=$50,000",White,Not Donated,0,3,1,1,1,1,5
7328,30<=Age<=39,Female,Graduate,Single,"$50,000<Income<=$100,000",Asian,Donated,105,2,1,2,1,2,1
7329,30<=Age<=39,Female,Undergraduate,Married,"$50,000<Income<=$100,000",White,Donated,85,2,1,1,2,2,5
7330,40<=Age<=49,Female,Undergraduate,Married,"Income<=$50,000",White,Not Donated,0,3,1,1,2,1,5
7331,Age<=29,Male,Undergraduate,Single,"Income<=$50,000",White,Not Donated,0,1,2,1,1,1,5
7332,Age<=29,Male,Undergraduate,Single,"Income>$100,000",Hispanic,Not Donated,0,1,2,1,1,3,3
7333,30<=Age<=39,Male,Undergraduate,Married,"Income<=$50,000",White,Donated,40,2,2,1,2,1,5
7334,Age<=29,Male,Undergraduate,Married,"Income<=$50,000",White,Not Donated,0,1,2,1,2,1,5
7335,30<=Age<=39,Male,Undergraduate,Single,"Income<=$50,000",White,Not Donated,0,2,2,1,1,1,5
7336,30<=Age<=39,Female,Undergraduate,Single,"$50,000<Income<=$100,000",White,Donated,70,2,1,1,1,2,5
7337,40<=Age<=49,Male,Undergraduate,Single,"Income<=$50,000",Black,Not Donated,0,3,2,1,1,1,2
7338,Age<=29,Female,Undergraduate,Single,"Income<=$50,000",White,Not Donated,0,1,1,1,1,1,5
7339,30<=Age<=39,Male,Undergraduate,Married,"$50,000<Income<=$100,000",White,Not Donated,0,2,2,1,2,2,5
7340,30<=Age<=39,Male,Undergraduate,Married,"Income<=$50,000",White,Not Donated,0,2,2,1,2,1,5
7341,Age<=29,Male,Graduate,Married,"Income<=$50,000",Asian,Donated,55,1,2,2,2,1,1
7342,Age<=29,Male,Undergraduate,Married,"Income<=$50,000",Asian,Donated,30,1,2,1,2,1,1
7343,Age<=29,Female,Undergraduate,Married,"Income>$100,000",Asian,Donated,95,1,1,1,2,3,1
7344,Age<=29,Male,Undergraduate,Single,"Income>$100,000",White,Not Donated,0,1,2,1,1,3,5
7345,40<=Age<=49,Male,Undergraduate,Single,"Income<=$50,000",White,Not Donated,0,3,2,1,1,1,5
7346,Age<=29,Male,Undergraduate,Married,"Income>$100,000",Hispanic,Not Donated,0,1,2,1,2,3,3
7347,30<=Age<=39,Male,Undergraduate,Married,"Income<=$50,000",White,Not Donated,0,2,2,1,2,1,5
7348,Age>=50,Male,Undergraduate,Single,"$50,000<Income<=$100,000",White,Not Donated,0,4,2,1,1,2,5
7349,30<=Age<=39,Male,Undergraduate,Married,"Income<=$50,000",White,Not Donated,0,2,2,1,2,1,5
7350,30<=Age<=39,Male,Undergraduate,Married,"Income<=$50,000",Black,Not Donated,0,2,2,1,2,1,2
7351,40<=Age<=49,Female,Undergraduate,Married,"Income<=$50,000",Other,Not Donated,0,3,1,1,2,1,4
7352,30<=Age<=39,Female,Undergraduate,Married,"Income<=$50,000",Asian,Donated,55,2,1,1,2,1,1
7353,30<=Age<=39,Male,Undergraduate,Married,"$50,000<Income<=$100,000",White,Donated,80,2,2,1,2,2,5
7354,Age>=50,Male,Undergraduate,Married,"Income>$100,000",Black,Not Donated,0,4,2,1,2,3,2
7355,Age<=29,Female,Undergraduate,Single,"Income<=$50,000",White,Donated,30,1,1,1,1,1,5
7356,30<=Age<=39,Male,Undergraduate,Single,"Income>$100,000",White,Not Donated,0,2,2,1,1,3,5
7357,30<=Age<=39,Male,Undergraduate,Married,"Income>$100,000",White,Not Donated,0,2,2,1,2,3,5
7358,40<=Age<=49,Female,Undergraduate,Married,"$50,000<Income<=$100,000",Hispanic,Donated,115,3,1,1,2,2,3
7359,40<=Age<=49,Female,Undergraduate,Married,"Income<=$50,000",White,Not Donated,0,3,1,1,2,1,5
7360,40<=Age<=49,Male,Undergraduate,Married,"Income<=$50,000",White,Donated,80,3,2,1,2,1,5
7361,40<=Age<=49,Female,Undergraduate,Married,"Income>$100,000",Other,Not Donated,0,3,1,1,2,3,4
7362,40<=Age<=49,Female,Undergraduate,Married,"Income<=$50,000",White,Not Donated,0,3,1,1,2,1,5
7363,Age<=29,Male,Undergraduate,Married,"$50,000<Income<=$100,000",White,Donated,55,1,2,1,2,2,5
7364,Age<=29,Male,Undergraduate,Single,"Income<=$50,000",White,Donated,45,1,2,1,1,1,5
7365,Age<=29,Male,Undergraduate,Married,"Income<=$50,000",White,Not Donated,0,1,2,1,2,1,5
7366,30<=Age<=39,Female,Undergraduate,Married,"Income<=$50,000",Asian,Donated,45,2,1,1,2,1,1
7367,30<=Age<=39,Male,Graduate,Single,"$50,000<Income<=$100,000",White,Donated,120,2,2,2,1,2,5
7368,30<=Age<=39,Female,Undergraduate,Single,"Income>$100,000",White,Donated,115,2,1,1,1,3,5
7369,30<=Age<=39,Female,Graduate,Married,"Income<=$50,000",White,Not Donated,0,2,1,2,2,1,5
7370,Age<=29,Male,Undergraduate,Single,"Income<=$50,000",Black,Not Donated,0,1,2,1,1,1,2
7371,Age>=50,Male,Undergraduate,Single,"Income>$100,000",White,Not Donated,0,4,2,1,1,3,5
7372,Age>=50,Male,Undergraduate,Married,"Income>$100,000",Black,Donated,135,4,2,1,2,3,2
7373,30<=Age<=39,Female,Undergraduate,Single,"Income<=$50,000",White,Not Donated,0,2,1,1,1,1,5
7374,Age<=29,Male,Undergraduate,Single,"$50,000<Income<=$100,000",White,Not Donated,0,1,2,1,1,2,5
7375,30<=Age<=39,Female,Undergraduate,Single,"Income>$100,000",Other,Donated,100,2,1,1,1,3,4
7376,Age>=50,Male,Undergraduate,Single,"Income>$100,000",White,Not Donated,0,4,2,1,1,3,5
7377,Age>=50,Male,Undergraduate,Single,"Income<=$50,000",Black,Not Donated,0,4,2,1,1,1,2
7378,30<=Age<=39,Female,Graduate,Married,"Income<=$50,000",Asian,Donated,70,2,1,2,2,1,1
7379,40<=Age<=49,Male,Graduate,Married,"Income<=$50,000",White,Donated,85,3,2,2,2,1,5
7380,40<=Age<=49,Female,Undergraduate,Married,"$50,000<Income<=$100,000",White,Not Donated,0,3,1,1,2,2,5
7381,40<=Age<=49,Female,Undergraduate,Married,"$50,000<Income<=$100,000",Other,Not Donated,0,3,1,1,2,2,4
7382,30<=Age<=39,Female,Undergraduate,Married,"$50,000<Income<=$100,000",Hispanic,Not Donated,0,2,1,1,2,2,3
7383,Age<=29,Female,Undergraduate,Married,"Income>$100,000",Asian,Donated,80,1,1,1,2,3,1
7384,40<=Age<=49,Female,Undergraduate,Married,"$50,000<Income<=$100,000",Black,Not Donated,0,3,1,1,2,2,2
7385,Age<=29,Female,Undergraduate,Single,"Income>$100,000",White,Donated,75,1,1,1,1,3,5
7386,Age<=29,Female,Undergraduate,Single,"Income<=$50,000",Asian,Donated,40,1,1,1,1,1,1
7387,30<=Age<=39,Male,Undergraduate,Single,"$50,000<Income<=$100,000",Asian,Donated,80,2,2,1,1,2,1
7388,40<=Age<=49,Male,Undergraduate,Married,"Income<=$50,000",Other,Not Donated,0,3,2,1,2,1,4
7389,40<=Age<=49,Male,Undergraduate,Single,"Income<=$50,000",Hispanic,Not Donated,0,3,2,1,1,1,3
7390,40<=Age<=49,Female,Undergraduate,Married,"Income<=$50,000",White,Not Donated,0,3,1,1,2,1,5
7391,40<=Age<=49,Male,Undergraduate,Married,"Income<=$50,000",Asian,Not Donated,0,3,2,1,2,1,1
7392,30<=Age<=39,Male,Undergraduate,Single,"Income<=$50,000",White,Not Donated,0,2,2,1,1,1,5
7393,40<=Age<=49,Female,Undergraduate,Married,"Income>$100,000",White,Not Donated,0,3,1,1,2,3,5
7394,Age<=29,Male,Undergraduate,Married,"Income<=$50,000",White,Not Donated,0,1,2,1,2,1,5
7395,40<=Age<=49,Female,Graduate,Single,"Income<=$50,000",White,Not Donated,0,3,1,2,1,1,5
7396,Age>=50,Male,Undergraduate,Married,"Income<=$50,000",Black,Not Donated,0,4,2,1,2,1,2
7397,30<=Age<=39,Male,Undergraduate,Married,"$50,000<Income<=$100,000",Black,Donated,65,2,2,1,2,2,2
7398,Age<=29,Female,Undergraduate,Married,"$50,000<Income<=$100,000",Other,Not Donated,0,1,1,1,2,2,4
7399,Age>=50,Female,Undergraduate,Married,"Income<=$50,000",Black,Not Donated,0,4,1,1,2,1,2
7400,40<=Age<=49,Female,Undergraduate,Married,"$50,000<Income<=$100,000",White,Donated,85,3,1,1,2,2,5
7401,30<=Age<=39,Male,Undergraduate,Single,"$50,000<Income<=$100,000",Hispanic,Not Donated,0,2,2,1,1,2,3
7402,Age<=29,Male,Undergraduate,Single,"$50,000<Income<=$100,000",Black,Donated,65,1,2,1,1,2,2
7403,40<=Age<=49,Male,Undergraduate,Married,"Income>$100,000",White,Donated,120,3,2,1,2,3,5
7404,Age<=29,Female,Undergraduate,Married,"Income<=$50,000",White,Not Donated,0,1,1,1,2,1,5
7405,Age>=50,Female,Undergraduate,Single,"Income>$100,000",Black,Donated,125,4,1,1,1,3,2
7406,Age>=50,Male,Undergraduate,Single,"Income<=$50,000",Black,Not Donated,0,4,2,1,1,1,2
7407,Age>=50,Male,Undergraduate,Married,"$50,000<Income<=$100,000",White,Not Donated,0,4,2,1,2,2,5
7408,Age<=29,Male,Undergraduate,Single,"$50,000<Income<=$100,000",White,Not Donated,0,1,2,1,1,2,5
7409,Age>=50,Female,Undergraduate,Married,"Income<=$50,000",Asian,Not Donated,0,4,1,1,2,1,1
7410,Age<=29,Female,Graduate,Married,"Income<=$50,000",Asian,Not Donated,0,1,1,2,2,1,1
7411,30<=Age<=39,Male,Undergraduate,Single,"Income<=$50,000",Asian,Not Donated,0,2,2,1,1,1,1
7412,Age>=50,Male,Graduate,Married,"Income<=$50,000",Hispanic,Donated,105,4,2,2,2,1,3
7413,Age>=50,Female,Undergraduate,Married,"Income>$100,000",White,Not Donated,0,4,1,1,2,3,5
7414,40<=Age<=49,Male,Undergraduate,Married,"$50,000<Income<=$100,000",White,Not Donated,0,3,2,1,2,2,5
7415,Age>=50,Male,Undergraduate,Single,"Income<=$50,000",Other,Not Donated,0,4,2,1,1,1,4
7416,40<=Age<=49,Female,Undergraduate,Single,"$50,000<Income<=$100,000",Hispanic,Donated,95,3,1,1,1,2,3
7417,Age>=50,Female,Undergraduate,Single,"Income>$100,000",White,Not Donated,0,4,1,1,1,3,5
7418,Age<=29,Male,Graduate,Married,"Income<=$50,000",White,Not Donated,0,1,2,2,2,1,5
7419,30<=Age<=39,Male,Undergraduate,Single,"Income>$100,000",Black,Not Donated,0,2,2,1,1,3,2
7420,Age<=29,Male,Undergraduate,Married,"Income>$100,000",Black,Not Donated,0,1,2,1,2,3,2
7421,30<=Age<=39,Female,Undergraduate,Single,"$50,000<Income<=$100,000",White,Not Donated,0,2,1,1,1,2,5
7422,40<=Age<=49,Male,Undergraduate,Single,"$50,000<Income<=$100,000",White,Donated,80,3,2,1,1,2,5
7423,40<=Age<=49,Female,Undergraduate,Single,"$50,000<Income<=$100,000",White,Donated,90,3,1,1,1,2,5
7424,Age<=29,Female,Undergraduate,Single,"Income<=$50,000",Asian,Not Donated,0,1,1,1,1,1,1
7425,Age<=29,Male,Undergraduate,Married,"$50,000<Income<=$100,000",Black,Not Donated,0,1,2,1,2,2,2
7426,Age<=29,Female,Undergraduate,Single,"Income>$100,000",Hispanic,Not Donated,0,1,1,1,1,3,3
7427,40<=Age<=49,Female,Undergraduate,Single,"$50,000<Income<=$100,000",Hispanic,Not Donated,0,3,1,1,1,2,3
7428,Age>=50,Male,Undergraduate,Married,"Income<=$50,000",White,Not Donated,0,4,2,1,2,1,5
7429,30<=Age<=39,Male,Undergraduate,Married,"Income<=$50,000",White,Not Donated,0,2,2,1,2,1,5
7430,Age>=50,Female,Undergraduate,Single,"$50,000<Income<=$100,000",White,Not Donated,0,4,1,1,1,2,5
7431,30<=Age<=39,Female,Undergraduate,Single,"$50,000<Income<=$100,000",Hispanic,Donated,80,2,1,1,1,2,3
7432,40<=Age<=49,Male,Undergraduate,Married,"Income<=$50,000",Black,Not Donated,0,3,2,1,2,1,2
7433,Age>=50,Male,Undergraduate,Single,"Income<=$50,000",Hispanic,Not Donated,0,4,2,1,1,1,3
7434,Age>=50,Male,Undergraduate,Single,"Income<=$50,000",Other,Not Donated,0,4,2,1,1,1,4
7435,40<=Age<=49,Male,Undergraduate,Married,"Income>$100,000",White,Donated,115,3,2,1,2,3,5
7436,30<=Age<=39,Female,Undergraduate,Single,"$50,000<Income<=$100,000",Hispanic,Donated,95,2,1,1,1,2,3
7437,Age<=29,Female,Undergraduate,Married,"Income>$100,000",Hispanic,Not Donated,0,1,1,1,2,3,3
7438,Age>=50,Male,Undergraduate,Single,"Income<=$50,000",Other,Not Donated,0,4,2,1,1,1,4
7439,40<=Age<=49,Male,Graduate,Married,"$50,000<Income<=$100,000",Hispanic,Not Donated,0,3,2,2,2,2,3
7440,Age>=50,Male,Undergraduate,Married,"Income<=$50,000",White,Not Donated,0,4,2,1,2,1,5
7441,Age<=29,Male,Undergraduate,Married,"Income<=$50,000",Hispanic,Not Donated,0,1,2,1,2,1,3
7442,30<=Age<=39,Female,Undergraduate,Single,"$50,000<Income<=$100,000",White,Donated,55,2,1,1,1,2,5
7443,40<=Age<=49,Male,Undergraduate,Married,"Income>$100,000",White,Not Donated,0,3,2,1,2,3,5
7444,Age<=29,Female,Undergraduate,Single,"Income<=$50,000",Hispanic,Not Donated,0,1,1,1,1,1,3
7445,40<=Age<=49,Female,Undergraduate,Married,"$50,000<Income<=$100,000",White,Not Donated,0,3,1,1,2,2,5
7446,40<=Age<=49,Female,Undergraduate,Married,"Income<=$50,000",White,Donated,75,3,1,1,2,1,5
7447,30<=Age<=39,Male,Undergraduate,Married,"Income<=$50,000",Hispanic,Not Donated,0,2,2,1,2,1,3
7448,40<=Age<=49,Male,Undergraduate,Single,"Income<=$50,000",White,Donated,70,3,2,1,1,1,5
7449,40<=Age<=49,Male,Graduate,Married,"$50,000<Income<=$100,000",White,Not Donated,0,3,2,2,2,2,5
7450,40<=Age<=49,Male,Undergraduate,Married,"Income<=$50,000",White,Not Donated,0,3,2,1,2,1,5
7451,40<=Age<=49,Female,Undergraduate,Single,"Income>$100,000",White,Donated,125,3,1,1,1,3,5
7452,30<=Age<=39,Male,Undergraduate,Married,"Income<=$50,000",Other,Donated,55,2,2,1,2,1,4
7453,40<=Age<=49,Female,Graduate,Married,"$50,000<Income<=$100,000",Hispanic,Donated,120,3,1,2,2,2,3
7454,30<=Age<=39,Male,Undergraduate,Single,"Income<=$50,000",White,Not Donated,0,2,2,1,1,1,5
7455,Age<=29,Female,Undergraduate,Single,"$50,000<Income<=$100,000",White,Not Donated,0,1,1,1,1,2,5
7456,Age>=50,Male,Graduate,Single,"$50,000<Income<=$100,000",White,Donated,120,4,2,2,1,2,5
7457,40<=Age<=49,Female,Undergraduate,Single,"Income<=$50,000",Asian,Not Donated,0,3,1,1,1,1,1
7458,40<=Age<=49,Female,Undergraduate,Married,"Income<=$50,000",Black,Not Donated,0,3,1,1,2,1,2
7459,30<=Age<=39,Male,Graduate,Married,"Income<=$50,000",White,Donated,70,2,2,2,2,1,5
7460,30<=Age<=39,Female,Undergraduate,Married,"Income>$100,000",Asian,Not Donated,0,2,1,1,2,3,1
7461,30<=Age<=39,Female,Undergraduate,Married,"$50,000<Income<=$100,000",White,Donated,100,2,1,1,2,2,5
7462,Age<=29,Male,Undergraduate,Single,"Income>$100,000",Black,Not Donated,0,1,2,1,1,3,2
7463,40<=Age<=49,Female,Undergraduate,Single,"Income<=$50,000",White,Donated,55,3,1,1,1,1,5
7464,Age<=29,Male,Undergraduate,Married,"Income<=$50,000",Hispanic,Not Donated,0,1,2,1,2,1,3
7465,Age<=29,Male,Undergraduate,Single,"Income<=$50,000",White,Not Donated,0,1,2,1,1,1,5
7466,Age<=29,Female,Undergraduate,Single,"Income<=$50,000",White,Donated,40,1,1,1,1,1,5
7467,Age>=50,Female,Undergraduate,Married,"Income>$100,000",White,Not Donated,0,4,1,1,2,3,5
7468,40<=Age<=49,Female,Undergraduate,Single,"$50,000<Income<=$100,000",White,Not Donated,0,3,1,1,1,2,5
7469,Age<=29,Male,Undergraduate,Married,"Income<=$50,000",White,Not Donated,0,1,2,1,2,1,5
7470,40<=Age<=49,Male,Undergraduate,Single,"Income<=$50,000",Hispanic,Donated,80,3,2,1,1,1,3
7471,Age<=29,Male,Undergraduate,Married,"Income<=$50,000",Black,Not Donated,0,1,2,1,2,1,2
7472,40<=Age<=49,Male,Undergraduate,Single,"Income<=$50,000",White,Not Donated,0,3,2,1,1,1,5
7473,Age<=29,Female,Graduate,Single,"Income>$100,000",White,Donated,100,1,1,2,1,3,5
7474,40<=Age<=49,Female,Undergraduate,Single,"$50,000<Income<=$100,000",White,Donated,85,3,1,1,1,2,5
7475,30<=Age<=39,Male,Undergraduate,Married,"Income<=$50,000",Hispanic,Not Donated,0,2,2,1,2,1,3
7476,Age<=29,Female,Undergraduate,Single,"Income>$100,000",Asian,Not Donated,0,1,1,1,1,3,1
7477,40<=Age<=49,Male,Graduate,Single,"Income<=$50,000",White,Not Donated,0,3,2,2,1,1,5
7478,Age<=29,Male,Undergraduate,Single,"Income<=$50,000",Other,Donated,20,1,2,1,1,1,4
7479,30<=Age<=39,Male,Undergraduate,Single,"Income>$100,000",White,Donated,110,2,2,1,1,3,5
7480,Age<=29,Male,Undergraduate,Single,"$50,000<Income<=$100,000",White,Not Donated,0,1,2,1,1,2,5
7481,Age<=29,Male,Undergraduate,Single,"$50,000<Income<=$100,000",White,Not Donated,0,1,2,1,1,2,5
7482,Age<=29,Male,Undergraduate,Single,"Income<=$50,000",White,Not Donated,0,1,2,1,1,1,5
7483,40<=Age<=49,Male,Undergraduate,Single,"$50,000<Income<=$100,000",Other,Donated,80,3,2,1,1,2,4
7484,40<=Age<=49,Male,Graduate,Single,"Income<=$50,000",Hispanic,Donated,90,3,2,2,1,1,3
7485,40<=Age<=49,Female,Undergraduate,Married,"Income<=$50,000",Asian,Not Donated,0,3,1,1,2,1,1
7486,Age>=50,Male,Undergraduate,Married,"Income<=$50,000",Hispanic,Not Donated,0,4,2,1,2,1,3
7487,Age<=29,Female,Undergraduate,Married,"Income>$100,000",White,Not Donated,0,1,1,1,2,3,5
7488,30<=Age<=39,Male,Undergraduate,Single,"Income<=$50,000",Asian,Donated,40,2,2,1,1,1,1
7489,Age<=29,Male,Undergraduate,Married,"Income>$100,000",Black,Not Donated,0,1,2,1,2,3,2
7490,Age<=29,Male,Undergraduate,Single,"Income<=$50,000",White,Not Donated,0,1,2,1,1,1,5
7491,30<=Age<=39,Male,Undergraduate,Married,"Income<=$50,000",Asian,Donated,60,2,2,1,2,1,1
7492,40<=Age<=49,Male,Undergraduate,Single,"Income<=$50,000",Hispanic,Not Donated,0,3,2,1,1,1,3
7493,30<=Age<=39,Female,Undergraduate,Single,"Income<=$50,000",White,Not Donated,0,2,1,1,1,1,5
7494,40<=Age<=49,Male,Undergraduate,Married,"$50,000<Income<=$100,000",White,Not Donated,0,3,2,1,2,2,5
7495,30<=Age<=39,Male,Undergraduate,Married,"$50,000<Income<=$100,000",Other,Not Donated,0,2,2,1,2,2,4
7496,30<=Age<=39,Female,Undergraduate,Married,"Income<=$50,000",Hispanic,Not Donated,0,2,1,1,2,1,3
7497,30<=Age<=39,Male,Undergraduate,Single,"$50,000<Income<=$100,000",White,Donated,70,2,2,1,1,2,5
7498,Age>=50,Male,Undergraduate,Married,"Income>$100,000",White,Donated,140,4,2,1,2,3,5
7499,40<=Age<=49,Male,Undergraduate,Single,"Income<=$50,000",Asian,Not Donated,0,3,2,1,1,1,1
7500,30<=Age<=39,Female,Undergraduate,Single,"Income<=$50,000",White,Donated,60,2,1,1,1,1,5
7501,Age<=29,Female,Undergraduate,Single,"Income<=$50,000",Black,Not Donated,0,1,1,1,1,1,2
7502,30<=Age<=39,Female,Graduate,Single,"Income<=$50,000",Black,Donated,80,2,1,2,1,1,2
7503,Age>=50,Male,Undergraduate,Married,"Income<=$50,000",White,Not Donated,0,4,2,1,2,1,5
7504,Age<=29,Male,Undergraduate,Married,"Income>$100,000",Asian,Donated,90,1,2,1,2,3,1
7505,40<=Age<=49,Male,Undergraduate,Married,"Income>$100,000",White,Donated,135,3,2,1,2,3,5
7506,40<=Age<=49,Female,Undergraduate,Married,"Income<=$50,000",White,Not Donated,0,3,1,1,2,1,5
7507,Age<=29,Male,Graduate,Single,"$50,000<Income<=$100,000",White,Donated,60,1,2,2,1,2,5
7508,Age<=29,Female,Undergraduate,Married,"Income>$100,000",Black,Not Donated,0,1,1,1,2,3,2
7509,Age<=29,Female,Graduate,Single,"$50,000<Income<=$100,000",White,Donated,100,1,1,2,1,2,5
7510,40<=Age<=49,Female,Undergraduate,Single,"Income<=$50,000",White,Not Donated,0,3,1,1,1,1,5
7511,Age>=50,Female,Undergraduate,Single,"Income<=$50,000",White,Not Donated,0,4,1,1,1,1,5
7512,Age<=29,Male,Undergraduate,Married,"$50,000<Income<=$100,000",White,Not Donated,0,1,2,1,2,2,5
7513,30<=Age<=39,Female,Undergraduate,Married,"Income<=$50,000",White,Not Donated,0,2,1,1,2,1,5
7514,30<=Age<=39,Female,Undergraduate,Married,"Income<=$50,000",White,Donated,65,2,1,1,2,1,5
7515,40<=Age<=49,Male,Undergraduate,Married,"$50,000<Income<=$100,000",Asian,Not Donated,0,3,2,1,2,2,1
7516,30<=Age<=39,Female,Undergraduate,Single,"$50,000<Income<=$100,000",White,Not Donated,0,2,1,1,1,2,5
7517,Age>=50,Female,Undergraduate,Single,"Income<=$50,000",Hispanic,Not Donated,0,4,1,1,1,1,3
7518,Age<=29,Female,Undergraduate,Married,"Income<=$50,000",Other,Not Donated,0,1,1,1,2,1,4
7519,Age>=50,Female,Undergraduate,Married,"$50,000<Income<=$100,000",Hispanic,Not Donated,0,4,1,1,2,2,3
7520,Age<=29,Male,Undergraduate,Single,"Income<=$50,000",White,Not Donated,0,1,2,1,1,1,5
7521,Age>=50,Female,Undergraduate,Married,"Income<=$50,000",Hispanic,Not Donated,0,4,1,1,2,1,3
7522,30<=Age<=39,Male,Undergraduate,Single,"Income<=$50,000",White,Not Donated,0,2,2,1,1,1,5
7523,Age>=50,Female,Undergraduate,Married,"Income<=$50,000",White,Not Donated,0,4,1,1,2,1,5
7524,Age<=29,Male,Undergraduate,Married,"$50,000<Income<=$100,000",White,Not Donated,0,1,2,1,2,2,5
7525,Age<=29,Male,Undergraduate,Married,"$50,000<Income<=$100,000",White,Not Donated,0,1,2,1,2,2,5
7526,30<=Age<=39,Male,Graduate,Single,"$50,000<Income<=$100,000",White,Not Donated,0,2,2,2,1,2,5
7527,30<=Age<=39,Male,Undergraduate,Single,"$50,000<Income<=$100,000",Black,Donated,80,2,2,1,1,2,2
7528,Age>=50,Male,Undergraduate,Married,"Income<=$50,000",Asian,Not Donated,0,4,2,1,2,1,1
7529,40<=Age<=49,Female,Undergraduate,Single,"Income>$100,000",White,Not Donated,0,3,1,1,1,3,5
7530,Age<=29,Male,Undergraduate,Married,"Income<=$50,000",Asian,Not Donated,0,1,2,1,2,1,1
7531,30<=Age<=39,Male,Undergraduate,Single,"$50,000<Income<=$100,000",White,Not Donated,0,2,2,1,1,2,5
7532,30<=Age<=39,Female,Undergraduate,Single,"Income>$100,000",Other,Donated,125,2,1,1,1,3,4
7533,Age<=29,Female,Undergraduate,Married,"Income<=$50,000",White,Donated,30,1,1,1,2,1,5
7534,30<=Age<=39,Female,Undergraduate,Married,"$50,000<Income<=$100,000",White,Donated,80,2,1,1,2,2,5
7535,40<=Age<=49,Female,Undergraduate,Married,"$50,000<Income<=$100,000",Black,Not Donated,0,3,1,1,2,2,2
7536,Age>=50,Male,Undergraduate,Single,"Income>$100,000",White,Not Donated,0,4,2,1,1,3,5
7537,Age<=29,Male,Undergraduate,Married,"Income<=$50,000",Hispanic,Donated,15,1,2,1,2,1,3
7538,Age<=29,Male,Undergraduate,Married,"Income<=$50,000",White,Donated,35,1,2,1,2,1,5
7539,30<=Age<=39,Female,Undergraduate,Single,"Income<=$50,000",Hispanic,Donated,60,2,1,1,1,1,3
7540,Age<=29,Female,Undergraduate,Single,"Income<=$50,000",White,Donated,25,1,1,1,1,1,5
7541,30<=Age<=39,Female,Undergraduate,Married,"Income<=$50,000",Hispanic,Not Donated,0,2,1,1,2,1,3
7542,40<=Age<=49,Female,Undergraduate,Married,"$50,000<Income<=$100,000",White,Not Donated,0,3,1,1,2,2,5
7543,Age>=50,Male,Undergraduate,Married,"Income>$100,000",White,Not Donated,0,4,2,1,2,3,5
7544,Age>=50,Male,Undergraduate,Single,"Income<=$50,000",White,Donated,85,4,2,1,1,1,5
7545,30<=Age<=39,Female,Undergraduate,Single,"Income<=$50,000",White,Donated,55,2,1,1,1,1,5
7546,40<=Age<=49,Female,Undergraduate,Married,"Income>$100,000",White,Donated,130,3,1,1,2,3,5
7547,40<=Age<=49,Female,Graduate,Married,"Income<=$50,000",White,Donated,85,3,1,2,2,1,5
7548,Age>=50,Female,Undergraduate,Married,"$50,000<Income<=$100,000",White,Not Donated,0,4,1,1,2,2,5
7549,Age<=29,Female,Graduate,Married,"$50,000<Income<=$100,000",Black,Donated,80,1,1,2,2,2,2
7550,30<=Age<=39,Male,Undergraduate,Single,"Income>$100,000",Black,Donated,125,2,2,1,1,3,2
7551,Age<=29,Female,Undergraduate,Married,"$50,000<Income<=$100,000",White,Donated,65,1,1,1,2,2,5
7552,30<=Age<=39,Male,Undergraduate,Married,"Income>$100,000",Black,Not Donated,0,2,2,1,2,3,2
7553,Age<=29,Female,Undergraduate,Married,"$50,000<Income<=$100,000",Black,Not Donated,0,1,1,1,2,2,2
7554,30<=Age<=39,Female,Undergraduate,Single,"$50,000<Income<=$100,000",White,Not Donated,0,2,1,1,1,2,5
7555,30<=Age<=39,Female,Undergraduate,Married,"$50,000<Income<=$100,000",White,Not Donated,0,2,1,1,2,2,5
7556,30<=Age<=39,Male,Undergraduate,Single,"Income>$100,000",White,Not Donated,0,2,2,1,1,3,5
7557,40<=Age<=49,Female,Undergraduate,Married,"$50,000<Income<=$100,000",White,Not Donated,0,3,1,1,2,2,5
7558,40<=Age<=49,Female,Undergraduate,Single,"Income<=$50,000",White,Not Donated,0,3,1,1,1,1,5
7559,30<=Age<=39,Male,Graduate,Single,"$50,000<Income<=$100,000",White,Not Donated,0,2,2,2,1,2,5
7560,Age<=29,Female,Undergraduate,Single,"Income<=$50,000",White,Donated,25,1,1,1,1,1,5
7561,30<=Age<=39,Female,Undergraduate,Married,"Income<=$50,000",Asian,Not Donated,0,2,1,1,2,1,1
7562,Age>=50,Male,Undergraduate,Single,"Income<=$50,000",Hispanic,Donated,90,4,2,1,1,1,3
7563,40<=Age<=49,Female,Undergraduate,Married,"Income>$100,000",Black,Donated,115,3,1,1,2,3,2
7564,Age<=29,Male,Undergraduate,Single,"Income<=$50,000",White,Not Donated,0,1,2,1,1,1,5
7565,30<=Age<=39,Male,Undergraduate,Married,"$50,000<Income<=$100,000",Hispanic,Donated,75,2,2,1,2,2,3
7566,30<=Age<=39,Male,Undergraduate,Married,"Income>$100,000",White,Not Donated,0,2,2,1,2,3,5
7567,40<=Age<=49,Female,Graduate,Single,"$50,000<Income<=$100,000",White,Not Donated,0,3,1,2,1,2,5
7568,Age<=29,Male,Undergraduate,Single,"$50,000<Income<=$100,000",White,Not Donated,0,1,2,1,1,2,5
7569,Age<=29,Male,Undergraduate,Married,"Income>$100,000",White,Not Donated,0,1,2,1,2,3,5
7570,40<=Age<=49,Male,Undergraduate,Single,"Income>$100,000",White,Not Donated,0,3,2,1,1,3,5
7571,30<=Age<=39,Female,Undergraduate,Married,"$50,000<Income<=$100,000",Hispanic,Not Donated,0,2,1,1,2,2,3
7572,Age<=29,Male,Graduate,Married,"$50,000<Income<=$100,000",White,Not Donated,0,1,2,2,2,2,5
7573,Age<=29,Male,Graduate,Single,"Income<=$50,000",Asian,Donated,60,1,2,2,1,1,1
7574,Age<=29,Male,Undergraduate,Married,"Income>$100,000",Other,Not Donated,0,1,2,1,2,3,4
7575,30<=Age<=39,Female,Undergraduate,Single,"Income<=$50,000",Other,Donated,55,2,1,1,1,1,4
7576,30<=Age<=39,Female,Undergraduate,Single,"$50,000<Income<=$100,000",White,Not Donated,0,2,1,1,1,2,5
7577,30<=Age<=39,Male,Undergraduate,Married,"Income<=$50,000",White,Not Donated,0,2,2,1,2,1,5
7578,Age<=29,Male,Graduate,Married,"Income<=$50,000",White,Not Donated,0,1,2,2,2,1,5
7579,30<=Age<=39,Female,Undergraduate,Married,"Income<=$50,000",White,Not Donated,0,2,1,1,2,1,5
7580,Age<=29,Male,Undergraduate,Single,"$50,000<Income<=$100,000",Asian,Donated,40,1,2,1,1,2,1
7581,Age>=50,Male,Undergraduate,Single,"$50,000<Income<=$100,000",White,Not Donated,0,4,2,1,1,2,5
7582,Age<=29,Female,Undergraduate,Single,"Income>$100,000",White,Not Donated,0,1,1,1,1,3,5
7583,Age>=50,Male,Undergraduate,Married,"Income<=$50,000",Asian,Not Donated,0,4,2,1,2,1,1
7584,30<=Age<=39,Male,Undergraduate,Married,"$50,000<Income<=$100,000",White,Donated,75,2,2,1,2,2,5
7585,40<=Age<=49,Female,Undergraduate,Married,"$50,000<Income<=$100,000",Black,Not Donated,0,3,1,1,2,2,2
7586,30<=Age<=39,Male,Undergraduate,Married,"Income>$100,000",Asian,Not Donated,0,2,2,1,2,3,1
7587,Age>=50,Male,Graduate,Married,"Income<=$50,000",Asian,Not Donated,0,4,2,2,2,1,1
7588,40<=Age<=49,Male,Graduate,Married,"Income<=$50,000",White,Donated,95,3,2,2,2,1,5
7589,40<=Age<=49,Male,Undergraduate,Single,"Income>$100,000",Hispanic,Donated,135,3,2,1,1,3,3
7590,Age<=29,Female,Undergraduate,Married,"Income<=$50,000",White,Not Donated,0,1,1,1,2,1,5
7591,30<=Age<=39,Male,Undergraduate,Married,"Income<=$50,000",Asian,Not Donated,0,2,2,1,2,1,1
7592,Age<=29,Male,Undergraduate,Single,"Income<=$50,000",White,Donated,25,1,2,1,1,1,5
7593,Age<=29,Male,Undergraduate,Single,"Income>$100,000",White,Donated,60,1,2,1,1,3,5
7594,Age<=29,Male,Undergraduate,Married,"Income<=$50,000",White,Not Donated,0,1,2,1,2,1,5
7595,Age<=29,Male,Undergraduate,Married,"Income<=$50,000",White,Donated,30,1,2,1,2,1,5
7596,30<=Age<=39,Male,Undergraduate,Married,"$50,000<Income<=$100,000",Other,Not Donated,0,2,2,1,2,2,4
7597,30<=Age<=39,Male,Undergraduate,Married,"Income<=$50,000",White,Donated,55,2,2,1,2,1,5
7598,Age>=50,Female,Undergraduate,Married,"Income>$100,000",White,Not Donated,0,4,1,1,2,3,5
7599,30<=Age<=39,Male,Undergraduate,Single,"$50,000<Income<=$100,000",Asian,Not Donated,0,2,2,1,1,2,1
7600,Age>=50,Male,Undergraduate,Married,"Income>$100,000",White,Not Donated,0,4,2,1,2,3,5
7601,Age>=50,Male,Graduate,Married,"Income<=$50,000",Other,Not Donated,0,4,2,2,2,1,4
7602,Age<=29,Female,Undergraduate,Married,"Income<=$50,000",White,Not Donated,0,1,1,1,2,1,5
7603,Age<=29,Male,Undergraduate,Single,"Income<=$50,000",White,Donated,35,1,2,1,1,1,5
7604,40<=Age<=49,Male,Undergraduate,Single,"$50,000<Income<=$100,000",White,Not Donated,0,3,2,1,1,2,5
7605,30<=Age<=39,Female,Undergraduate,Single,"Income<=$50,000",White,Donated,40,2,1,1,1,1,5
7606,30<=Age<=39,Male,Undergraduate,Married,"Income<=$50,000",Black,Not Donated,0,2,2,1,2,1,2
7607,Age>=50,Female,Undergraduate,Married,"Income>$100,000",White,Not Donated,0,4,1,1,2,3,5
7608,40<=Age<=49,Male,Undergraduate,Married,"Income<=$50,000",White,Not Donated,0,3,2,1,2,1,5
7609,Age<=29,Female,Graduate,Single,"Income>$100,000",White,Donated,75,1,1,2,1,3,5
7610,40<=Age<=49,Female,Undergraduate,Single,"$50,000<Income<=$100,000",Hispanic,Not Donated,0,3,1,1,1,2,3
7611,Age>=50,Male,Undergraduate,Single,"Income>$100,000",White,Not Donated,0,4,2,1,1,3,5
7612,Age<=29,Female,Undergraduate,Married,"Income<=$50,000",White,Donated,50,1,1,1,2,1,5
7613,30<=Age<=39,Female,Undergraduate,Single,"$50,000<Income<=$100,000",Hispanic,Not Donated,0,2,1,1,1,2,3
7614,30<=Age<=39,Female,Graduate,Married,"Income<=$50,000",Black,Not Donated,0,2,1,2,2,1,2
7615,Age<=29,Female,Undergraduate,Married,"Income<=$50,000",Asian,Donated,35,1,1,1,2,1,1
7616,Age<=29,Female,Undergraduate,Single,"Income>$100,000",White,Donated,90,1,1,1,1,3,5
7617,30<=Age<=39,Female,Undergraduate,Married,"Income<=$50,000",White,Not Donated,0,2,1,1,2,1,5
7618,30<=Age<=39,Male,Undergraduate,Single,"Income>$100,000",White,Donated,110,2,2,1,1,3,5
7619,30<=Age<=39,Male,Undergraduate,Single,"Income>$100,000",White,Not Donated,0,2,2,1,1,3,5
7620,Age>=50,Male,Undergraduate,Married,"$50,000<Income<=$100,000",White,Donated,125,4,2,1,2,2,5
7621,30<=Age<=39,Male,Undergraduate,Single,"Income<=$50,000",Other,Not Donated,0,2,2,1,1,1,4
7622,40<=Age<=49,Male,Undergraduate,Married,"$50,000<Income<=$100,000",White,Not Donated,0,3,2,1,2,2,5
7623,Age>=50,Female,Undergraduate,Married,"Income<=$50,000",White,Not Donated,0,4,1,1,2,1,5
7624,Age<=29,Male,Undergraduate,Single,"Income>$100,000",Asian,Donated,75,1,2,1,1,3,1
7625,30<=Age<=39,Male,Undergraduate,Single,"$50,000<Income<=$100,000",White,Donated,70,2,2,1,1,2,5
7626,30<=Age<=39,Male,Undergraduate,Single,"$50,000<Income<=$100,000",Asian,Not Donated,0,2,2,1,1,2,1
7627,Age>=50,Male,Undergraduate,Single,"Income<=$50,000",Hispanic,Not Donated,0,4,2,1,1,1,3
7628,Age>=50,Female,Undergraduate,Married,"Income<=$50,000",Asian,Not Donated,0,4,1,1,2,1,1
7629,Age<=29,Female,Undergraduate,Married,"Income>$100,000",White,Not Donated,0,1,1,1,2,3,5
7630,30<=Age<=39,Male,Undergraduate,Married,"Income<=$50,000",White,Not Donated,0,2,2,1,2,1,5
7631,30<=Age<=39,Female,Undergraduate,Married,"$50,000<Income<=$100,000",White,Not Donated,0,2,1,1,2,2,5
7632,Age>=50,Female,Graduate,Married,"$50,000<Income<=$100,000",White,Not Donated,0,4,1,2,2,2,5
7633,Age>=50,Female,Undergraduate,Single,"$50,000<Income<=$100,000",Hispanic,Not Donated,0,4,1,1,1,2,3
7634,30<=Age<=39,Male,Undergraduate,Single,"Income<=$50,000",White,Not Donated,0,2,2,1,1,1,5
7635,Age<=29,Male,Undergraduate,Single,"Income<=$50,000",Hispanic,Donated,20,1,2,1,1,1,3
7636,40<=Age<=49,Male,Undergraduate,Married,"$50,000<Income<=$100,000",White,Not Donated,0,3,2,1,2,2,5
7637,Age>=50,Male,Undergraduate,Married,"Income<=$50,000",Black,Not Donated,0,4,2,1,2,1,2
7638,30<=Age<=39,Male,Undergraduate,Married,"$50,000<Income<=$100,000",White,Not Donated,0,2,2,1,2,2,5
7639,40<=Age<=49,Male,Undergraduate,Married,"$50,000<Income<=$100,000",White,Donated,105,3,2,1,2,2,5
7640,40<=Age<=49,Female,Graduate,Married,"$50,000<Income<=$100,000",White,Not Donated,0,3,1,2,2,2,5
7641,Age>=50,Male,Undergraduate,Married,"Income<=$50,000",Black,Not Donated,0,4,2,1,2,1,2
7642,40<=Age<=49,Female,Graduate,Single,"Income<=$50,000",White,Donated,70,3,1,2,1,1,5
7643,30<=Age<=39,Female,Undergraduate,Single,"Income<=$50,000",White,Donated,65,2,1,1,1,1,5
7644,Age>=50,Male,Undergraduate,Married,"Income<=$50,000",Black,Not Donated,0,4,2,1,2,1,2
7645,30<=Age<=39,Male,Undergraduate,Single,"Income<=$50,000",White,Not Donated,0,2,2,1,1,1,5
7646,Age<=29,Male,Undergraduate,Married,"Income<=$50,000",White,Not Donated,0,1,2,1,2,1,5
7647,30<=Age<=39,Male,Undergraduate,Married,"Income<=$50,000",Hispanic,Not Donated,0,2,2,1,2,1,3
7648,Age<=29,Male,Undergraduate,Single,"Income<=$50,000",Hispanic,Donated,20,1,2,1,1,1,3
7649,Age<=29,Male,Undergraduate,Married,"Income<=$50,000",Other,Donated,15,1,2,1,2,1,4
7650,Age>=50,Male,Undergraduate,Single,"Income<=$50,000",White,Not Donated,0,4,2,1,1,1,5
7651,40<=Age<=49,Male,Undergraduate,Married,"Income>$100,000",White,Not Donated,0,3,2,1,2,3,5
7652,Age<=29,Male,Undergraduate,Single,"Income<=$50,000",White,Not Donated,0,1,2,1,1,1,5
7653,Age<=29,Female,Undergraduate,Married,"$50,000<Income<=$100,000",Black,Donated,70,1,1,1,2,2,2
7654,Age<=29,Female,Undergraduate,Married,"$50,000<Income<=$100,000",Black,Donated,50,1,1,1,2,2,2
7655,Age<=29,Male,Undergraduate,Married,"Income<=$50,000",Other,Not Donated,0,1,2,1,2,1,4
7656,Age<=29,Female,Undergraduate,Married,"Income<=$50,000",White,Donated,45,1,1,1,2,1,5
7657,40<=Age<=49,Female,Undergraduate,Single,"Income<=$50,000",White,Not Donated,0,3,1,1,1,1,5
7658,Age<=29,Female,Undergraduate,Married,"Income>$100,000",Hispanic,Donated,75,1,1,1,2,3,3
7659,Age<=29,Male,Undergraduate,Single,"Income<=$50,000",Other,Donated,50,1,2,1,1,1,4
7660,Age<=29,Female,Undergraduate,Single,"Income<=$50,000",White,Not Donated,0,1,1,1,1,1,5
7661,30<=Age<=39,Male,Graduate,Married,"$50,000<Income<=$100,000",White,Not Donated,0,2,2,2,2,2,5
7662,40<=Age<=49,Female,Graduate,Single,"$50,000<Income<=$100,000",Black,Not Donated,0,3,1,2,1,2,2
7663,40<=Age<=49,Female,Undergraduate,Married,"Income<=$50,000",White,Not Donated,0,3,1,1,2,1,5
7664,Age>=50,Female,Undergraduate,Married,"Income>$100,000",White,Donated,145,4,1,1,2,3,5
7665,Age<=29,Female,Undergraduate,Single,"$50,000<Income<=$100,000",Other,Not Donated,0,1,1,1,1,2,4
7666,30<=Age<=39,Male,Undergraduate,Single,"$50,000<Income<=$100,000",Black,Not Donated,0,2,2,1,1,2,2
7667,30<=Age<=39,Male,Undergraduate,Single,"$50,000<Income<=$100,000",White,Not Donated,0,2,2,1,1,2,5
7668,30<=Age<=39,Male,Undergraduate,Married,"Income<=$50,000",Hispanic,Donated,65,2,2,1,2,1,3
7669,Age<=29,Male,Undergraduate,Married,"Income<=$50,000",Hispanic,Not Donated,0,1,2,1,2,1,3
7670,30<=Age<=39,Female,Graduate,Single,"Income<=$50,000",White,Not Donated,0,2,1,2,1,1,5
7671,40<=Age<=49,Male,Undergraduate,Single,"$50,000<Income<=$100,000",White,Not Donated,0,3,2,1,1,2,5
7672,30<=Age<=39,Female,Graduate,Single,"$50,000<Income<=$100,000",White,Donated,75,2,1,2,1,2,5
7673,Age<=29,Male,Undergraduate,Married,"Income>$100,000",White,Not Donated,0,1,2,1,2,3,5
7674,30<=Age<=39,Female,Undergraduate,Single,"Income<=$50,000",Hispanic,Not Donated,0,2,1,1,1,1,3
7675,30<=Age<=39,Female,Undergraduate,Single,"$50,000<Income<=$100,000",White,Donated,90,2,1,1,1,2,5
7676,Age<=29,Male,Undergraduate,Married,"Income<=$50,000",Black,Not Donated,0,1,2,1,2,1,2
7677,40<=Age<=49,Female,Undergraduate,Married,"Income>$100,000",White,Not Donated,0,3,1,1,2,3,5
7678,40<=Age<=49,Male,Undergraduate,Single,"$50,000<Income<=$100,000",Asian,Donated,95,3,2,1,1,2,1
7679,40<=Age<=49,Male,Undergraduate,Married,"Income<=$50,000",White,Not Donated,0,3,2,1,2,1,5
7680,Age<=29,Male,Graduate,Single,"Income<=$50,000",Hispanic,Donated,40,1,2,2,1,1,3
7681,Age<=29,Male,Undergraduate,Married,"Income>$100,000",Asian,Not Donated,0,1,2,1,2,3,1
7682,Age<=29,Female,Undergraduate,Married,"$50,000<Income<=$100,000",White,Donated,50,1,1,1,2,2,5
7683,40<=Age<=49,Female,Undergraduate,Single,"Income>$100,000",Hispanic,Not Donated,0,3,1,1,1,3,3
7684,40<=Age<=49,Male,Undergraduate,Married,"Income>$100,000",Black,Not Donated,0,3,2,1,2,3,2
7685,30<=Age<=39,Female,Undergraduate,Single,"Income>$100,000",White,Donated,105,2,1,1,1,3,5
7686,40<=Age<=49,Male,Undergraduate,Married,"Income<=$50,000",Black,Not Donated,0,3,2,1,2,1,2
7687,40<=Age<=49,Male,Undergraduate,Single,"$50,000<Income<=$100,000",Black,Donated,80,3,2,1,1,2,2
7688,40<=Age<=49,Male,Undergraduate,Single,"$50,000<Income<=$100,000",Hispanic,Not Donated,0,3,2,1,1,2,3
7689,Age<=29,Male,Undergraduate,Married,"Income<=$50,000",Black,Donated,35,1,2,1,2,1,2
7690,40<=Age<=49,Male,Graduate,Married,"Income<=$50,000",Black,Not Donated,0,3,2,2,2,1,2
7691,30<=Age<=39,Female,Undergraduate,Married,"Income>$100,000",Hispanic,Not Donated,0,2,1,1,2,3,3
7692,Age<=29,Male,Undergraduate,Single,"Income<=$50,000",White,Not Donated,0,1,2,1,1,1,5
7693,40<=Age<=49,Male,Undergraduate,Married,"Income<=$50,000",Hispanic,Donated,80,3,2,1,2,1,3
7694,Age<=29,Male,Undergraduate,Single,"Income<=$50,000",White,Not Donated,0,1,2,1,1,1,5
7695,40<=Age<=49,Male,Undergraduate,Single,"$50,000<Income<=$100,000",White,Not Donated,0,3,2,1,1,2,5
7696,Age<=29,Male,Undergraduate,Single,"$50,000<Income<=$100,000",Black,Donated,40,1,2,1,1,2,2
7697,30<=Age<=39,Male,Graduate,Married,"$50,000<Income<=$100,000",White,Donated,85,2,2,2,2,2,5
7698,30<=Age<=39,Male,Undergraduate,Married,"Income<=$50,000",White,Not Donated,0,2,2,1,2,1,5
7699,Age<=29,Female,Undergraduate,Single,"$50,000<Income<=$100,000",Asian,Donated,60,1,1,1,1,2,1
7700,Age>=50,Male,Undergraduate,Married,"Income>$100,000",White,Donated,165,4,2,1,2,3,5
7701,Age<=29,Male,Undergraduate,Married,"$50,000<Income<=$100,000",White,Not Donated,0,1,2,1,2,2,5
7702,40<=Age<=49,Male,Undergraduate,Single,"Income>$100,000",White,Donated,130,3,2,1,1,3,5
7703,40<=Age<=49,Female,Undergraduate,Married,"$50,000<Income<=$100,000",White,Donated,120,3,1,1,2,2,5
7704,30<=Age<=39,Male,Undergraduate,Single,"Income<=$50,000",White,Not Donated,0,2,2,1,1,1,5
7705,40<=Age<=49,Male,Graduate,Married,"Income<=$50,000",Black,Donated,80,3,2,2,2,1,2
7706,Age<=29,Male,Undergraduate,Single,"Income<=$50,000",White,Donated,30,1,2,1,1,1,5
7707,40<=Age<=49,Male,Undergraduate,Married,"Income<=$50,000",Asian,Not Donated,0,3,2,1,2,1,1
7708,40<=Age<=49,Female,Undergraduate,Married,"Income>$100,000",White,Not Donated,0,3,1,1,2,3,5
7709,30<=Age<=39,Male,Undergraduate,Single,"$50,000<Income<=$100,000",Asian,Not Donated,0,2,2,1,1,2,1
7710,Age<=29,Male,Undergraduate,Married,"$50,000<Income<=$100,000",White,Not Donated,0,1,2,1,2,2,5
7711,40<=Age<=49,Female,Undergraduate,Married,"Income<=$50,000",White,Not Donated,0,3,1,1,2,1,5
7712,40<=Age<=49,Female,Undergraduate,Single,"$50,000<Income<=$100,000",Hispanic,Not Donated,0,3,1,1,1,2,3
7713,40<=Age<=49,Female,Undergraduate,Married,"Income>$100,000",White,Not Donated,0,3,1,1,2,3,5
7714,Age<=29,Male,Undergraduate,Married,"Income<=$50,000",Black,Not Donated,0,1,2,1,2,1,2
7715,30<=Age<=39,Male,Undergraduate,Married,"$50,000<Income<=$100,000",White,Not Donated,0,2,2,1,2,2,5
7716,30<=Age<=39,Female,Undergraduate,Single,"$50,000<Income<=$100,000",Asian,Donated,95,2,1,1,1,2,1
7717,30<=Age<=39,Male,Undergraduate,Married,"Income>$100,000",White,Not Donated,0,2,2,1,2,3,5
7718,Age<=29,Female,Undergraduate,Married,"Income<=$50,000",White,Donated,10,1,1,1,2,1,5
7719,40<=Age<=49,Female,Undergraduate,Single,"Income>$100,000",White,Not Donated,0,3,1,1,1,3,5
7720,30<=Age<=39,Male,Undergraduate,Married,"Income<=$50,000",Other,Donated,60,2,2,1,2,1,4
7721,Age<=29,Male,Undergraduate,Single,"$50,000<Income<=$100,000",White,Not Donated,0,1,2,1,1,2,5
7722,40<=Age<=49,Male,Undergraduate,Married,"Income>$100,000",White,Donated,135,3,2,1,2,3,5
7723,Age<=29,Female,Undergraduate,Married,"$50,000<Income<=$100,000",White,Not Donated,0,1,1,1,2,2,5
7724,Age>=50,Female,Undergraduate,Married,"$50,000<Income<=$100,000",White,Not Donated,0,4,1,1,2,2,5
7725,Age<=29,Male,Undergraduate,Married,"Income>$100,000",Black,Not Donated,0,1,2,1,2,3,2
7726,30<=Age<=39,Male,Undergraduate,Married,"Income<=$50,000",Other,Not Donated,0,2,2,1,2,1,4
7727,30<=Age<=39,Male,Undergraduate,Single,"Income<=$50,000",Other,Not Donated,0,2,2,1,1,1,4
7728,Age<=29,Male,Undergraduate,Married,"Income<=$50,000",White,Donated,30,1,2,1,2,1,5
7729,Age>=50,Male,Undergraduate,Married,"$50,000<Income<=$100,000",Hispanic,Donated,130,4,2,1,2,2,3
7730,40<=Age<=49,Male,Undergraduate,Married,"Income>$100,000",White,Not Donated,0,3,2,1,2,3,5
7731,40<=Age<=49,Male,Undergraduate,Married,"Income>$100,000",White,Donated,110,3,2,1,2,3,5
7732,40<=Age<=49,Female,Undergraduate,Married,"Income<=$50,000",White,Not Donated,0,3,1,1,2,1,5
7733,30<=Age<=39,Male,Undergraduate,Married,"Income<=$50,000",Asian,Not Donated,0,2,2,1,2,1,1
7734,30<=Age<=39,Female,Undergraduate,Married,"$50,000<Income<=$100,000",White,Not Donated,0,2,1,1,2,2,5
7735,40<=Age<=49,Female,Undergraduate,Single,"Income<=$50,000",Hispanic,Not Donated,0,3,1,1,1,1,3
7736,Age>=50,Male,Undergraduate,Single,"$50,000<Income<=$100,000",Other,Donated,110,4,2,1,1,2,4
7737,30<=Age<=39,Male,Undergraduate,Single,"$50,000<Income<=$100,000",Hispanic,Donated,65,2,2,1,1,2,3
7738,30<=Age<=39,Female,Undergraduate,Married,"Income<=$50,000",White,Not Donated,0,2,1,1,2,1,5
7739,40<=Age<=49,Male,Undergraduate,Married,"Income>$100,000",Hispanic,Not Donated,0,3,2,1,2,3,3
7740,40<=Age<=49,Female,Undergraduate,Married,"Income<=$50,000",White,Not Donated,0,3,1,1,2,1,5
7741,Age<=29,Male,Undergraduate,Married,"$50,000<Income<=$100,000",Hispanic,Not Donated,0,1,2,1,2,2,3
7742,Age>=50,Female,Graduate,Married,"Income>$100,000",White,Not Donated,0,4,1,2,2,3,5
7743,Age>=50,Male,Undergraduate,Married,"Income<=$50,000",White,Not Donated,0,4,2,1,2,1,5
7744,Age>=50,Female,Undergraduate,Married,"$50,000<Income<=$100,000",White,Not Donated,0,4,1,1,2,2,5
7745,Age<=29,Female,Undergraduate,Single,"$50,000<Income<=$100,000",White,Not Donated,0,1,1,1,1,2,5
7746,Age<=29,Male,Undergraduate,Single,"Income<=$50,000",Black,Not Donated,0,1,2,1,1,1,2
7747,Age>=50,Male,Undergraduate,Married,"$50,000<Income<=$100,000",White,Not Donated,0,4,2,1,2,2,5
7748,Age>=50,Female,Undergraduate,Single,"Income<=$50,000",Black,Not Donated,0,4,1,1,1,1,2
7749,30<=Age<=39,Female,Undergraduate,Married,"Income>$100,000",Black,Not Donated,0,2,1,1,2,3,2
7750,40<=Age<=49,Female,Undergraduate,Married,"Income>$100,000",Other,Donated,135,3,1,1,2,3,4
7751,30<=Age<=39,Female,Undergraduate,Single,"$50,000<Income<=$100,000",White,Donated,80,2,1,1,1,2,5
7752,40<=Age<=49,Male,Undergraduate,Single,"$50,000<Income<=$100,000",White,Donated,90,3,2,1,1,2,5
7753,Age<=29,Male,Undergraduate,Single,"$50,000<Income<=$100,000",Black,Not Donated,0,1,2,1,1,2,2
7754,40<=Age<=49,Female,Graduate,Single,"Income<=$50,000",Asian,Donated,90,3,1,2,1,1,1
7755,Age<=29,Male,Undergraduate,Single,"Income>$100,000",Hispanic,Not Donated,0,1,2,1,1,3,3
7756,Age<=29,Male,Undergraduate,Married,"Income<=$50,000",White,Donated,50,1,2,1,2,1,5
7757,40<=Age<=49,Female,Undergraduate,Single,"Income<=$50,000",White,Not Donated,0,3,1,1,1,1,5
7758,40<=Age<=49,Male,Undergraduate,Married,"Income>$100,000",White,Donated,115,3,2,1,2,3,5
7759,Age<=29,Female,Undergraduate,Married,"Income<=$50,000",White,Not Donated,0,1,1,1,2,1,5
7760,30<=Age<=39,Female,Undergraduate,Married,"Income<=$50,000",Black,Donated,45,2,1,1,2,1,2
7761,Age<=29,Female,Undergraduate,Married,"$50,000<Income<=$100,000",White,Not Donated,0,1,1,1,2,2,5
7762,30<=Age<=39,Male,Undergraduate,Married,"Income<=$50,000",White,Not Donated,0,2,2,1,2,1,5
7763,Age<=29,Female,Undergraduate,Married,"$50,000<Income<=$100,000",Hispanic,Donated,50,1,1,1,2,2,3
7764,Age<=29,Male,Graduate,Married,"$50,000<Income<=$100,000",Other,Not Donated,0,1,2,2,2,2,4
7765,30<=Age<=39,Male,Undergraduate,Single,"Income<=$50,000",White,Not Donated,0,2,2,1,1,1,5
7766,Age>=50,Female,Undergraduate,Single,"Income<=$50,000",Other,Not Donated,0,4,1,1,1,1,4
7767,40<=Age<=49,Male,Undergraduate,Single,"Income<=$50,000",Black,Not Donated,0,3,2,1,1,1,2
7768,30<=Age<=39,Female,Undergraduate,Single,"Income<=$50,000",White,Not Donated,0,2,1,1,1,1,5
7769,30<=Age<=39,Male,Undergraduate,Married,"Income<=$50,000",White,Donated,60,2,2,1,2,1,5
7770,40<=Age<=49,Male,Undergraduate,Married,"Income<=$50,000",Other,Not Donated,0,3,2,1,2,1,4
7771,30<=Age<=39,Male,Undergraduate,Married,"Income<=$50,000",White,Donated,65,2,2,1,2,1,5
7772,Age<=29,Male,Graduate,Married,"Income>$100,000",Hispanic,Donated,105,1,2,2,2,3,3
7773,40<=Age<=49,Male,Undergraduate,Married,"Income<=$50,000",White,Not Donated,0,3,2,1,2,1,5
7774,Age>=50,Male,Undergraduate,Single,"Income<=$50,000",Black,Not Donated,0,4,2,1,1,1,2
7775,30<=Age<=39,Male,Undergraduate,Married,"Income>$100,000",Other,Not Donated,0,2,2,1,2,3,4
7776,30<=Age<=39,Female,Undergraduate,Married,"Income>$100,000",White,Not Donated,0,2,1,1,2,3,5
7777,Age<=29,Female,Graduate,Married,"Income>$100,000",Asian,Donated,70,1,1,2,2,3,1
7778,40<=Age<=49,Female,Undergraduate,Married,"Income<=$50,000",White,Not Donated,0,3,1,1,2,1,5
7779,30<=Age<=39,Male,Undergraduate,Single,"Income<=$50,000",Asian,Donated,55,2,2,1,1,1,1
7780,Age<=29,Female,Undergraduate,Single,"$50,000<Income<=$100,000",Hispanic,Not Donated,0,1,1,1,1,2,3
7781,Age<=29,Female,Undergraduate,Married,"$50,000<Income<=$100,000",Other,Not Donated,0,1,1,1,2,2,4
7782,40<=Age<=49,Male,Undergraduate,Married,"Income<=$50,000",Asian,Donated,90,3,2,1,2,1,1
7783,Age<=29,Female,Undergraduate,Married,"Income<=$50,000",Hispanic,Not Donated,0,1,1,1,2,1,3
7784,Age>=50,Female,Undergraduate,Married,"$50,000<Income<=$100,000",White,Donated,110,4,1,1,2,2,5
7785,30<=Age<=39,Male,Undergraduate,Married,"Income<=$50,000",White,Not Donated,0,2,2,1,2,1,5
7786,Age<=29,Female,Undergraduate,Married,"Income<=$50,000",Other,Donated,35,1,1,1,2,1,4
7787,40<=Age<=49,Female,Undergraduate,Single,"Income<=$50,000",Black,Donated,65,3,1,1,1,1,2
7788,30<=Age<=39,Male,Undergraduate,Single,"Income>$100,000",White,Not Donated,0,2,2,1,1,3,5
7789,40<=Age<=49,Male,Undergraduate,Married,"Income<=$50,000",White,Not Donated,0,3,2,1,2,1,5
7790,Age<=29,Female,Undergraduate,Married,"Income>$100,000",White,Donated,75,1,1,1,2,3,5
7791,Age>=50,Female,Undergraduate,Single,"$50,000<Income<=$100,000",White,Not Donated,0,4,1,1,1,2,5
7792,40<=Age<=49,Female,Undergraduate,Single,"$50,000<Income<=$100,000",White,Donated,85,3,1,1,1,2,5
7793,Age<=29,Male,Graduate,Married,"Income<=$50,000",Other,Not Donated,0,1,2,2,2,1,4
7794,Age<=29,Female,Undergraduate,Single,"$50,000<Income<=$100,000",White,Not Donated,0,1,1,1,1,2,5
7795,40<=Age<=49,Female,Undergraduate,Married,"Income>$100,000",White,Donated,160,3,1,1,2,3,5
7796,Age<=29,Male,Undergraduate,Single,"Income<=$50,000",White,Donated,40,1,2,1,1,1,5
7797,Age<=29,Male,Graduate,Married,"$50,000<Income<=$100,000",White,Donated,105,1,2,2,2,2,5
7798,30<=Age<=39,Female,Undergraduate,Single,"$50,000<Income<=$100,000",White,Not Donated,0,2,1,1,1,2,5
7799,40<=Age<=49,Female,Undergraduate,Married,"Income>$100,000",Hispanic,Donated,125,3,1,1,2,3,3
7800,40<=Age<=49,Female,Undergraduate,Married,"Income>$100,000",Asian,Donated,115,3,1,1,2,3,1
7801,40<=Age<=49,Female,Undergraduate,Married,"Income>$100,000",White,Donated,120,3,1,1,2,3,5
7802,40<=Age<=49,Female,Undergraduate,Married,"$50,000<Income<=$100,000",Hispanic,Donated,95,3,1,1,2,2,3
7803,Age>=50,Female,Undergraduate,Married,"$50,000<Income<=$100,000",White,Donated,145,4,1,1,2,2,5
7804,Age<=29,Male,Undergraduate,Single,"Income<=$50,000",Hispanic,Not Donated,0,1,2,1,1,1,3
7805,30<=Age<=39,Female,Undergraduate,Married,"$50,000<Income<=$100,000",Hispanic,Not Donated,0,2,1,1,2,2,3
7806,Age<=29,Male,Undergraduate,Married,"Income<=$50,000",White,Donated,45,1,2,1,2,1,5
7807,Age<=29,Female,Undergraduate,Single,"Income<=$50,000",White,Not Donated,0,1,1,1,1,1,5
7808,40<=Age<=49,Female,Undergraduate,Single,"Income<=$50,000",Hispanic,Not Donated,0,3,1,1,1,1,3
7809,30<=Age<=39,Female,Undergraduate,Married,"$50,000<Income<=$100,000",White,Donated,90,2,1,1,2,2,5
7810,40<=Age<=49,Male,Undergraduate,Married,"Income<=$50,000",Black,Not Donated,0,3,2,1,2,1,2
7811,40<=Age<=49,Female,Undergraduate,Single,"Income<=$50,000",Asian,Not Donated,0,3,1,1,1,1,1
7812,40<=Age<=49,Male,Undergraduate,Married,"Income>$100,000",Asian,Donated,135,3,2,1,2,3,1
7813,30<=Age<=39,Female,Undergraduate,Married,"Income<=$50,000",White,Not Donated,0,2,1,1,2,1,5
7814,Age<=29,Male,Undergraduate,Single,"Income<=$50,000",White,Not Donated,0,1,2,1,1,1,5
7815,Age<=29,Female,Undergraduate,Married,"$50,000<Income<=$100,000",White,Not Donated,0,1,1,1,2,2,5
7816,40<=Age<=49,Male,Undergraduate,Married,"$50,000<Income<=$100,000",Asian,Not Donated,0,3,2,1,2,2,1
7817,40<=Age<=49,Male,Undergraduate,Married,"$50,000<Income<=$100,000",White,Not Donated,0,3,2,1,2,2,5
7818,Age>=50,Male,Undergraduate,Single,"Income>$100,000",Other,Not Donated,0,4,2,1,1,3,4
7819,40<=Age<=49,Female,Undergraduate,Married,"Income<=$50,000",White,Not Donated,0,3,1,1,2,1,5
7820,40<=Age<=49,Male,Undergraduate,Single,"Income<=$50,000",Asian,Not Donated,0,3,2,1,1,1,1
7821,30<=Age<=39,Male,Undergraduate,Married,"Income<=$50,000",Other,Not Donated,0,2,2,1,2,1,4
7822,40<=Age<=49,Male,Undergraduate,Married,"$50,000<Income<=$100,000",White,Donated,110,3,2,1,2,2,5
7823,40<=Age<=49,Male,Undergraduate,Single,"Income<=$50,000",White,Not Donated,0,3,2,1,1,1,5
7824,Age>=50,Female,Graduate,Single,"Income<=$50,000",Other,Not Donated,0,4,1,2,1,1,4
7825,Age<=29,Male,Graduate,Married,"Income>$100,000",White,Donated,135,1,2,2,2,3,5
7826,30<=Age<=39,Male,Undergraduate,Single,"Income<=$50,000",White,Donated,35,2,2,1,1,1,5
7827,Age<=29,Male,Undergraduate,Single,"Income>$100,000",Asian,Donated,85,1,2,1,1,3,1
7828,Age>=50,Female,Undergraduate,Married,"Income<=$50,000",White,Not Donated,0,4,1,1,2,1,5
7829,Age>=50,Male,Undergraduate,Married,"Income<=$50,000",White,Not Donated,0,4,2,1,2,1,5
7830,40<=Age<=49,Female,Undergraduate,Married,"$50,000<Income<=$100,000",White,Not Donated,0,3,1,1,2,2,5
7831,30<=Age<=39,Male,Undergraduate,Single,"Income>$100,000",White,Donated,100,2,2,1,1,3,5
7832,Age<=29,Female,Undergraduate,Married,"Income<=$50,000",Hispanic,Not Donated,0,1,1,1,2,1,3
7833,Age>=50,Female,Undergraduate,Single,"$50,000<Income<=$100,000",White,Not Donated,0,4,1,1,1,2,5
7834,30<=Age<=39,Female,Undergraduate,Single,"$50,000<Income<=$100,000",White,Donated,55,2,1,1,1,2,5
7835,Age>=50,Female,Undergraduate,Married,"Income>$100,000",White,Donated,150,4,1,1,2,3,5
7836,30<=Age<=39,Male,Undergraduate,Single,"Income>$100,000",White,Not Donated,0,2,2,1,1,3,5
7837,30<=Age<=39,Female,Undergraduate,Married,"Income<=$50,000",White,Donated,50,2,1,1,2,1,5
7838,30<=Age<=39,Female,Undergraduate,Married,"$50,000<Income<=$100,000",White,Donated,90,2,1,1,2,2,5
7839,Age<=29,Female,Undergraduate,Married,"Income<=$50,000",White,Not Donated,0,1,1,1,2,1,5
7840,40<=Age<=49,Female,Undergraduate,Married,"Income<=$50,000",White,Not Donated,0,3,1,1,2,1,5
7841,40<=Age<=49,Female,Undergraduate,Single,"Income>$100,000",Hispanic,Not Donated,0,3,1,1,1,3,3
7842,Age<=29,Female,Undergraduate,Married,"$50,000<Income<=$100,000",Hispanic,Donated,60,1,1,1,2,2,3
7843,Age>=50,Male,Undergraduate,Married,"Income<=$50,000",Black,Not Donated,0,4,2,1,2,1,2
7844,Age<=29,Female,Undergraduate,Single,"Income>$100,000",White,Not Donated,0,1,1,1,1,3,5
7845,30<=Age<=39,Female,Undergraduate,Married,"Income<=$50,000",White,Not Donated,0,2,1,1,2,1,5
7846,Age>=50,Male,Undergraduate,Married,"Income<=$50,000",Hispanic,Not Donated,0,4,2,1,2,1,3
7847,Age>=50,Male,Undergraduate,Single,"$50,000<Income<=$100,000",Black,Not Donated,0,4,2,1,1,2,2
7848,Age<=29,Female,Undergraduate,Single,"$50,000<Income<=$100,000",Black,Donated,45,1,1,1,1,2,2
7849,40<=Age<=49,Female,Undergraduate,Married,"Income>$100,000",Black,Not Donated,0,3,1,1,2,3,2
7850,40<=Age<=49,Male,Undergraduate,Married,"$50,000<Income<=$100,000",White,Not Donated,0,3,2,1,2,2,5
7851,30<=Age<=39,Female,Graduate,Married,"$50,000<Income<=$100,000",White,Not Donated,0,2,1,2,2,2,5
7852,40<=Age<=49,Male,Undergraduate,Married,"Income<=$50,000",Black,Donated,80,3,2,1,2,1,2
7853,30<=Age<=39,Male,Undergraduate,Single,"$50,000<Income<=$100,000",Hispanic,Not Donated,0,2,2,1,1,2,3
7854,Age<=29,Female,Undergraduate,Single,"Income<=$50,000",White,Donated,30,1,1,1,1,1,5
7855,30<=Age<=39,Female,Undergraduate,Married,"Income<=$50,000",White,Donated,65,2,1,1,2,1,5
7856,Age<=29,Female,Undergraduate,Single,"Income<=$50,000",White,Donated,30,1,1,1,1,1,5
7857,Age<=29,Male,Undergraduate,Single,"$50,000<Income<=$100,000",White,Donated,50,1,2,1,1,2,5
7858,30<=Age<=39,Female,Undergraduate,Single,"Income>$100,000",Other,Donated,80,2,1,1,1,3,4
7859,40<=Age<=49,Male,Undergraduate,Married,"Income>$100,000",White,Donated,105,3,2,1,2,3,5
7860,30<=Age<=39,Female,Undergraduate,Single,"$50,000<Income<=$100,000",White,Donated,75,2,1,1,1,2,5
7861,Age<=29,Female,Undergraduate,Single,"Income<=$50,000",Hispanic,Not Donated,0,1,1,1,1,1,3
7862,30<=Age<=39,Male,Undergraduate,Single,"$50,000<Income<=$100,000",White,Donated,50,2,2,1,1,2,5
7863,Age<=29,Male,Undergraduate,Married,"Income<=$50,000",White,Not Donated,0,1,2,1,2,1,5
7864,30<=Age<=39,Female,Graduate,Single,"$50,000<Income<=$100,000",White,Not Donated,0,2,1,2,1,2,5
7865,40<=Age<=49,Female,Undergraduate,Single,"$50,000<Income<=$100,000",White,Not Donated,0,3,1,1,1,2,5
7866,30<=Age<=39,Male,Undergraduate,Married,"Income<=$50,000",White,Not Donated,0,2,2,1,2,1,5
7867,30<=Age<=39,Male,Undergraduate,Single,"Income<=$50,000",White,Not Donated,0,2,2,1,1,1,5
7868,Age<=29,Female,Undergraduate,Single,"Income<=$50,000",Other,Not Donated,0,1,1,1,1,1,4
7869,Age<=29,Male,Graduate,Single,"Income>$100,000",White,Donated,95,1,2,2,1,3,5
7870,40<=Age<=49,Female,Undergraduate,Married,"Income>$100,000",Hispanic,Donated,125,3,1,1,2,3,3
7871,30<=Age<=39,Female,Undergraduate,Single,"Income<=$50,000",White,Not Donated,0,2,1,1,1,1,5
7872,30<=Age<=39,Female,Undergraduate,Married,"$50,000<Income<=$100,000",White,Not Donated,0,2,1,1,2,2,5
7873,Age<=29,Male,Undergraduate,Married,"Income>$100,000",Asian,Not Donated,0,1,2,1,2,3,1
7874,40<=Age<=49,Female,Undergraduate,Single,"Income<=$50,000",White,Not Donated,0,3,1,1,1,1,5
7875,Age>=50,Male,Undergraduate,Married,"$50,000<Income<=$100,000",Other,Not Donated,0,4,2,1,2,2,4
7876,30<=Age<=39,Male,Undergraduate,Single,"Income<=$50,000",White,Donated,45,2,2,1,1,1,5
7877,40<=Age<=49,Male,Undergraduate,Single,"$50,000<Income<=$100,000",Black,Not Donated,0,3,2,1,1,2,2
7878,Age<=29,Female,Undergraduate,Married,"Income<=$50,000",White,Not Donated,0,1,1,1,2,1,5
7879,Age<=29,Male,Undergraduate,Single,"Income<=$50,000",White,Donated,20,1,2,1,1,1,5
7880,Age<=29,Female,Undergraduate,Single,"Income<=$50,000",Hispanic,Donated,25,1,1,1,1,1,3
7881,30<=Age<=39,Male,Undergraduate,Single,"Income<=$50,000",White,Not Donated,0,2,2,1,1,1,5
7882,Age<=29,Male,Undergraduate,Married,"$50,000<Income<=$100,000",Asian,Donated,55,1,2,1,2,2,1
7883,30<=Age<=39,Male,Undergraduate,Married,"Income<=$50,000",White,Not Donated,0,2,2,1,2,1,5
7884,40<=Age<=49,Female,Undergraduate,Married,"Income<=$50,000",Hispanic,Donated,75,3,1,1,2,1,3
7885,Age>=50,Female,Undergraduate,Married,"Income<=$50,000",Black,Not Donated,0,4,1,1,2,1,2
7886,Age<=29,Female,Undergraduate,Single,"$50,000<Income<=$100,000",Hispanic,Donated,40,1,1,1,1,2,3
7887,30<=Age<=39,Female,Graduate,Married,"Income<=$50,000",White,Not Donated,0,2,1,2,2,1,5
7888,Age<=29,Female,Undergraduate,Single,"$50,000<Income<=$100,000",Hispanic,Donated,35,1,1,1,1,2,3
7889,Age>=50,Female,Undergraduate,Married,"Income<=$50,000",White,Not Donated,0,4,1,1,2,1,5
7890,Age<=29,Male,Undergraduate,Married,"Income<=$50,000",White,Donated,35,1,2,1,2,1,5
7891,Age<=29,Female,Graduate,Single,"$50,000<Income<=$100,000",Asian,Not Donated,0,1,1,2,1,2,1
7892,40<=Age<=49,Male,Undergraduate,Single,"Income<=$50,000",Hispanic,Not Donated,0,3,2,1,1,1,3
7893,Age<=29,Female,Undergraduate,Married,"Income<=$50,000",Asian,Donated,40,1,1,1,2,1,1
7894,Age<=29,Male,Graduate,Single,"Income<=$50,000",Black,Not Donated,0,1,2,2,1,1,2
7895,40<=Age<=49,Female,Undergraduate,Single,"Income<=$50,000",Hispanic,Not Donated,0,3,1,1,1,1,3
7896,40<=Age<=49,Male,Undergraduate,Married,"Income>$100,000",White,Not Donated,0,3,2,1,2,3,5
7897,30<=Age<=39,Male,Undergraduate,Married,"$50,000<Income<=$100,000",Black,Not Donated,0,2,2,1,2,2,2
7898,Age>=50,Female,Undergraduate,Single,"Income<=$50,000",White,Not Donated,0,4,1,1,1,1,5
7899,Age>=50,Female,Undergraduate,Single,"$50,000<Income<=$100,000",White,Not Donated,0,4,1,1,1,2,5
7900,40<=Age<=49,Female,Undergraduate,Single,"$50,000<Income<=$100,000",White,Not Donated,0,3,1,1,1,2,5
7901,30<=Age<=39,Male,Undergraduate,Married,"$50,000<Income<=$100,000",White,Not Donated,0,2,2,1,2,2,5
7902,40<=Age<=49,Male,Undergraduate,Married,"$50,000<Income<=$100,000",Hispanic,Not Donated,0,3,2,1,2,2,3
7903,30<=Age<=39,Female,Undergraduate,Single,"Income<=$50,000",Black,Not Donated,0,2,1,1,1,1,2
7904,Age>=50,Female,Undergraduate,Married,"Income>$100,000",Asian,Not Donated,0,4,1,1,2,3,1
7905,Age<=29,Female,Undergraduate,Married,"$50,000<Income<=$100,000",Asian,Donated,55,1,1,1,2,2,1
7906,30<=Age<=39,Female,Undergraduate,Married,"Income>$100,000",White,Not Donated,0,2,1,1,2,3,5
7907,30<=Age<=39,Female,Undergraduate,Married,"Income<=$50,000",White,Not Donated,0,2,1,1,2,1,5
7908,30<=Age<=39,Female,Graduate,Married,"Income>$100,000",White,Not Donated,0,2,1,2,2,3,5
7909,Age<=29,Female,Undergraduate,Single,"Income>$100,000",Hispanic,Not Donated,0,1,1,1,1,3,3
7910,Age>=50,Male,Undergraduate,Married,"$50,000<Income<=$100,000",White,Not Donated,0,4,2,1,2,2,5
7911,Age<=29,Female,Undergraduate,Single,"Income<=$50,000",White,Not Donated,0,1,1,1,1,1,5
7912,Age>=50,Female,Undergraduate,Married,"Income>$100,000",White,Not Donated,0,4,1,1,2,3,5
7913,40<=Age<=49,Female,Undergraduate,Single,"$50,000<Income<=$100,000",White,Not Donated,0,3,1,1,1,2,5
7914,Age<=29,Male,Undergraduate,Married,"$50,000<Income<=$100,000",Black,Donated,60,1,2,1,2,2,2
7915,40<=Age<=49,Female,Undergraduate,Single,"$50,000<Income<=$100,000",White,Not Donated,0,3,1,1,1,2,5
7916,40<=Age<=49,Male,Undergraduate,Single,"Income<=$50,000",Black,Not Donated,0,3,2,1,1,1,2
7917,40<=Age<=49,Female,Undergraduate,Single,"Income<=$50,000",White,Not Donated,0,3,1,1,1,1,5
7918,Age>=50,Male,Undergraduate,Single,"Income<=$50,000",Hispanic,Not Donated,0,4,2,1,1,1,3
7919,Age<=29,Male,Undergraduate,Single,"Income<=$50,000",White,Not Donated,0,1,2,1,1,1,5
7920,Age<=29,Female,Undergraduate,Single,"Income<=$50,000",Black,Not Donated,0,1,1,1,1,1,2
7921,30<=Age<=39,Male,Undergraduate,Married,"Income<=$50,000",Black,Not Donated,0,2,2,1,2,1,2
7922,Age>=50,Female,Undergraduate,Married,"$50,000<Income<=$100,000",White,Not Donated,0,4,1,1,2,2,5
7923,Age<=29,Female,Undergraduate,Single,"Income<=$50,000",Other,Not Donated,0,1,1,1,1,1,4
7924,Age>=50,Female,Undergraduate,Single,"Income>$100,000",Other,Donated,125,4,1,1,1,3,4
7925,Age<=29,Male,Graduate,Single,"$50,000<Income<=$100,000",White,Not Donated,0,1,2,2,1,2,5
7926,30<=Age<=39,Male,Undergraduate,Single,"$50,000<Income<=$100,000",White,Donated,65,2,2,1,1,2,5
7927,Age<=29,Male,Undergraduate,Married,"Income>$100,000",Asian,Not Donated,0,1,2,1,2,3,1
7928,Age>=50,Male,Undergraduate,Single,"Income<=$50,000",White,Not Donated,0,4,2,1,1,1,5
7929,Age<=29,Female,Undergraduate,Single,"$50,000<Income<=$100,000",Asian,Not Donated,0,1,1,1,1,2,1
7930,40<=Age<=49,Female,Undergraduate,Single,"$50,000<Income<=$100,000",White,Not Donated,0,3,1,1,1,2,5
7931,Age<=29,Female,Undergraduate,Single,"Income<=$50,000",Asian,Donated,35,1,1,1,1,1,1
7932,40<=Age<=49,Male,Graduate,Married,"Income<=$50,000",White,Donated,100,3,2,2,2,1,5
7933,40<=Age<=49,Male,Undergraduate,Married,"Income<=$50,000",Black,Not Donated,0,3,2,1,2,1,2
7934,30<=Age<=39,Male,Graduate,Married,"Income>$100,000",Black,Not Donated,0,2,2,2,2,3,2
7935,40<=Age<=49,Female,Undergraduate,Married,"Income<=$50,000",White,Donated,70,3,1,1,2,1,5
7936,30<=Age<=39,Male,Undergraduate,Married,"$50,000<Income<=$100,000",White,Donated,85,2,2,1,2,2,5
7937,Age>=50,Male,Graduate,Single,"$50,000<Income<=$100,000",White,Donated,125,4,2,2,1,2,5
7938,Age<=29,Male,Undergraduate,Single,"$50,000<Income<=$100,000",White,Not Donated,0,1,2,1,1,2,5
7939,40<=Age<=49,Female,Undergraduate,Married,"$50,000<Income<=$100,000",White,Donated,100,3,1,1,2,2,5
7940,40<=Age<=49,Male,Undergraduate,Single,"$50,000<Income<=$100,000",Black,Donated,105,3,2,1,1,2,2
7941,Age<=29,Female,Undergraduate,Married,"Income<=$50,000",Asian,Not Donated,0,1,1,1,2,1,1
7942,30<=Age<=39,Male,Undergraduate,Single,"Income<=$50,000",Black,Not Donated,0,2,2,1,1,1,2
7943,Age>=50,Female,Undergraduate,Married,"Income<=$50,000",Other,Not Donated,0,4,1,1,2,1,4
7944,Age<=29,Male,Undergraduate,Single,"Income>$100,000",White,Donated,70,1,2,1,1,3,5
7945,Age>=50,Female,Undergraduate,Single,"$50,000<Income<=$100,000",White,Not Donated,0,4,1,1,1,2,5
7946,30<=Age<=39,Female,Graduate,Married,"Income>$100,000",White,Donated,115,2,1,2,2,3,5
7947,40<=Age<=49,Female,Undergraduate,Married,"Income<=$50,000",White,Donated,60,3,1,1,2,1,5
7948,Age<=29,Male,Undergraduate,Single,"Income<=$50,000",Other,Not Donated,0,1,2,1,1,1,4
7949,Age>=50,Male,Undergraduate,Married,"Income>$100,000",Hispanic,Not Donated,0,4,2,1,2,3,3
7950,40<=Age<=49,Male,Undergraduate,Married,"Income>$100,000",White,Not Donated,0,3,2,1,2,3,5
7951,Age>=50,Male,Undergraduate,Married,"Income>$100,000",White,Donated,140,4,2,1,2,3,5
7952,30<=Age<=39,Female,Undergraduate,Single,"Income<=$50,000",Black,Not Donated,0,2,1,1,1,1,2
7953,30<=Age<=39,Female,Undergraduate,Married,"$50,000<Income<=$100,000",Hispanic,Donated,65,2,1,1,2,2,3
7954,30<=Age<=39,Male,Undergraduate,Married,"Income>$100,000",Black,Not Donated,0,2,2,1,2,3,2
7955,40<=Age<=49,Female,Graduate,Married,"Income<=$50,000",White,Not Donated,0,3,1,2,2,1,5
7956,Age>=50,Male,Undergraduate,Single,"Income>$100,000",Asian,Donated,140,4,2,1,1,3,1
7957,Age>=50,Male,Undergraduate,Single,"Income<=$50,000",Hispanic,Donated,90,4,2,1,1,1,3
7958,Age<=29,Male,Undergraduate,Married,"Income>$100,000",White,Not Donated,0,1,2,1,2,3,5
7959,30<=Age<=39,Female,Undergraduate,Single,"$50,000<Income<=$100,000",White,Not Donated,0,2,1,1,1,2,5
7960,Age<=29,Female,Undergraduate,Married,"$50,000<Income<=$100,000",Hispanic,Not Donated,0,1,1,1,2,2,3
7961,Age<=29,Male,Undergraduate,Married,"Income>$100,000",White,Donated,80,1,2,1,2,3,5
7962,30<=Age<=39,Male,Undergraduate,Married,"Income<=$50,000",Hispanic,Not Donated,0,2,2,1,2,1,3
7963,40<=Age<=49,Female,Undergraduate,Married,"$50,000<Income<=$100,000",White,Not Donated,0,3,1,1,2,2,5
7964,30<=Age<=39,Male,Undergraduate,Single,"Income>$100,000",Black,Not Donated,0,2,2,1,1,3,2
7965,30<=Age<=39,Female,Undergraduate,Single,"$50,000<Income<=$100,000",White,Not Donated,0,2,1,1,1,2,5
7966,Age<=29,Female,Undergraduate,Single,"Income>$100,000",Hispanic,Not Donated,0,1,1,1,1,3,3
7967,30<=Age<=39,Female,Undergraduate,Single,"$50,000<Income<=$100,000",Asian,Donated,100,2,1,1,1,2,1
7968,40<=Age<=49,Male,Undergraduate,Married,"Income<=$50,000",White,Donated,95,3,2,1,2,1,5
7969,40<=Age<=49,Female,Undergraduate,Single,"$50,000<Income<=$100,000",White,Donated,100,3,1,1,1,2,5
7970,Age<=29,Female,Graduate,Single,"Income<=$50,000",Hispanic,Donated,60,1,1,2,1,1,3
7971,Age>=50,Male,Undergraduate,Married,"Income<=$50,000",Hispanic,Not Donated,0,4,2,1,2,1,3
7972,40<=Age<=49,Male,Undergraduate,Married,"$50,000<Income<=$100,000",White,Not Donated,0,3,2,1,2,2,5
7973,Age>=50,Male,Undergraduate,Married,"$50,000<Income<=$100,000",White,Donated,140,4,2,1,2,2,5
7974,Age>=50,Female,Graduate,Married,"Income<=$50,000",Hispanic,Not Donated,0,4,1,2,2,1,3
7975,30<=Age<=39,Male,Undergraduate,Married,"Income<=$50,000",White,Not Donated,0,2,2,1,2,1,5
7976,40<=Age<=49,Female,Undergraduate,Married,"Income<=$50,000",White,Not Donated,0,3,1,1,2,1,5
7977,Age<=29,Female,Undergraduate,Married,"$50,000<Income<=$100,000",White,Donated,40,1,1,1,2,2,5
7978,30<=Age<=39,Male,Undergraduate,Married,"Income<=$50,000",Hispanic,Not Donated,0,2,2,1,2,1,3
7979,30<=Age<=39,Male,Graduate,Married,"Income>$100,000",Other,Not Donated,0,2,2,2,2,3,4
7980,Age>=50,Male,Undergraduate,Married,"$50,000<Income<=$100,000",Asian,Not Donated,0,4,2,1,2,2,1
7981,40<=Age<=49,Male,Graduate,Married,"$50,000<Income<=$100,000",Asian,Donated,120,3,2,2,2,2,1
7982,30<=Age<=39,Male,Graduate,Single,"Income<=$50,000",Black,Not Donated,0,2,2,2,1,1,2
7983,40<=Age<=49,Male,Undergraduate,Single,"$50,000<Income<=$100,000",Other,Donated,95,3,2,1,1,2,4
7984,40<=Age<=49,Male,Undergraduate,Married,"Income<=$50,000",White,Donated,75,3,2,1,2,1,5
7985,40<=Age<=49,Male,Undergraduate,Single,"Income<=$50,000",White,Not Donated,0,3,2,1,1,1,5
7986,30<=Age<=39,Male,Undergraduate,Married,"$50,000<Income<=$100,000",White,Donated,60,2,2,1,2,2,5
7987,Age>=50,Female,Undergraduate,Single,"Income<=$50,000",Black,Not Donated,0,4,1,1,1,1,2
7988,40<=Age<=49,Female,Undergraduate,Married,"Income>$100,000",Asian,Not Donated,0,3,1,1,2,3,1
7989,30<=Age<=39,Male,Undergraduate,Single,"Income>$100,000",White,Not Donated,0,2,2,1,1,3,5
7990,Age<=29,Female,Undergraduate,Married,"$50,000<Income<=$100,000",White,Not Donated,0,1,1,1,2,2,5
7991,40<=Age<=49,Female,Undergraduate,Married,"Income<=$50,000",Black,Not Donated,0,3,1,1,2,1,2
7992,30<=Age<=39,Female,Undergraduate,Married,"Income<=$50,000",White,Not Donated,0,2,1,1,2,1,5
7993,30<=Age<=39,Male,Graduate,Single,"Income<=$50,000",Hispanic,Not Donated,0,2,2,2,1,1,3
7994,Age>=50,Male,Undergraduate,Single,"Income>$100,000",Other,Donated,115,4,2,1,1,3,4
7995,Age>=50,Male,Undergraduate,Married,"Income>$100,000",White,Not Donated,0,4,2,1,2,3,5
7996,30<=Age<=39,Male,Undergraduate,Single,"Income<=$50,000",Black,Not Donated,0,2,2,1,1,1,2
7997,Age<=29,Female,Undergraduate,Married,"Income<=$50,000",White,Not Donated,0,1,1,1,2,1,5
7998,40<=Age<=49,Female,Graduate,Married,"Income<=$50,000",White,Not Donated,0,3,1,2,2,1,5
7999,Age<=29,Female,Undergraduate,Married,"$50,000<Income<=$100,000",White,Donated,45,1,1,1,2,2,5
8000,30<=Age<=39,Male,Graduate,Single,"$50,000<Income<=$100,000",White,Not Donated,0,2,2,2,1,2,5
8001,Age<=29,Male,Undergraduate,Single,"Income<=$50,000",Other,Donated,15,1,2,1,1,1,4
8002,40<=Age<=49,Female,Undergraduate,Married,"Income<=$50,000",Black,Not Donated,0,3,1,1,2,1,2
8003,Age>=50,Female,Undergraduate,Married,"Income>$100,000",White,Not Donated,0,4,1,1,2,3,5
8004,Age>=50,Female,Undergraduate,Married,"$50,000<Income<=$100,000",Hispanic,Donated,115,4,1,1,2,2,3
8005,Age<=29,Female,Undergraduate,Married,"Income<=$50,000",White,Not Donated,0,1,1,1,2,1,5
8006,Age<=29,Female,Undergraduate,Married,"Income<=$50,000",Other,Donated,20,1,1,1,2,1,4
8007,30<=Age<=39,Female,Undergraduate,Single,"Income<=$50,000",White,Not Donated,0,2,1,1,1,1,5
8008,Age<=29,Male,Undergraduate,Married,"Income<=$50,000",White,Not Donated,0,1,2,1,2,1,5
8009,40<=Age<=49,Male,Undergraduate,Single,"Income<=$50,000",White,Donated,85,3,2,1,1,1,5
8010,40<=Age<=49,Male,Graduate,Single,"Income<=$50,000",White,Donated,80,3,2,2,1,1,5
8011,30<=Age<=39,Male,Undergraduate,Married,"Income>$100,000",White,Donated,110,2,2,1,2,3,5
8012,40<=Age<=49,Female,Undergraduate,Married,"Income<=$50,000",Black,Not Donated,0,3,1,1,2,1,2
8013,Age<=29,Female,Undergraduate,Married,"$50,000<Income<=$100,000",White,Donated,60,1,1,1,2,2,5
8014,40<=Age<=49,Male,Undergraduate,Married,"Income<=$50,000",Hispanic,Not Donated,0,3,2,1,2,1,3
8015,Age<=29,Male,Undergraduate,Single,"Income<=$50,000",Hispanic,Not Donated,0,1,2,1,1,1,3
8016,30<=Age<=39,Female,Undergraduate,Single,"Income<=$50,000",White,Donated,40,2,1,1,1,1,5
8017,30<=Age<=39,Male,Undergraduate,Married,"Income<=$50,000",White,Not Donated,0,2,2,1,2,1,5
8018,Age<=29,Male,Undergraduate,Single,"Income<=$50,000",Black,Not Donated,0,1,2,1,1,1,2
8019,40<=Age<=49,Female,Undergraduate,Single,"Income<=$50,000",White,Not Donated,0,3,1,1,1,1,5
8020,40<=Age<=49,Female,Undergraduate,Married,"Income<=$50,000",White,Donated,65,3,1,1,2,1,5
8021,40<=Age<=49,Male,Undergraduate,Single,"$50,000<Income<=$100,000",Black,Not Donated,0,3,2,1,1,2,2
8022,30<=Age<=39,Female,Undergraduate,Married,"Income<=$50,000",Hispanic,Not Donated,0,2,1,1,2,1,3
8023,Age>=50,Male,Undergraduate,Married,"Income<=$50,000",White,Not Donated,0,4,2,1,2,1,5
8024,30<=Age<=39,Male,Undergraduate,Married,"Income<=$50,000",Hispanic,Donated,55,2,2,1,2,1,3
8025,40<=Age<=49,Female,Graduate,Married,"Income<=$50,000",Hispanic,Donated,80,3,1,2,2,1,3
8026,Age<=29,Female,Undergraduate,Married,"Income<=$50,000",Other,Not Donated,0,1,1,1,2,1,4
8027,30<=Age<=39,Female,Undergraduate,Married,"Income<=$50,000",Other,Not Donated,0,2,1,1,2,1,4
8028,Age>=50,Male,Undergraduate,Married,"Income<=$50,000",White,Donated,105,4,2,1,2,1,5
8029,Age<=29,Female,Undergraduate,Single,"Income<=$50,000",Hispanic,Donated,30,1,1,1,1,1,3
8030,30<=Age<=39,Female,Undergraduate,Single,"Income>$100,000",White,Not Donated,0,2,1,1,1,3,5
8031,30<=Age<=39,Female,Graduate,Married,"$50,000<Income<=$100,000",Asian,Donated,95,2,1,2,2,2,1
8032,40<=Age<=49,Male,Undergraduate,Married,"Income<=$50,000",White,Not Donated,0,3,2,1,2,1,5
8033,Age<=29,Male,Undergraduate,Married,"Income<=$50,000",White,Not Donated,0,1,2,1,2,1,5
8034,Age<=29,Male,Undergraduate,Single,"Income>$100,000",White,Not Donated,0,1,2,1,1,3,5
8035,40<=Age<=49,Female,Graduate,Married,"Income<=$50,000",White,Not Donated,0,3,1,2,2,1,5
8036,Age<=29,Male,Graduate,Single,"$50,000<Income<=$100,000",White,Donated,60,1,2,2,1,2,5
8037,40<=Age<=49,Female,Undergraduate,Married,"Income>$100,000",Asian,Donated,125,3,1,1,2,3,1
8038,40<=Age<=49,Female,Undergraduate,Single,"Income<=$50,000",White,Donated,85,3,1,1,1,1,5
8039,Age>=50,Female,Undergraduate,Married,"Income>$100,000",White,Not Donated,0,4,1,1,2,3,5
8040,Age>=50,Female,Undergraduate,Married,"Income<=$50,000",White,Not Donated,0,4,1,1,2,1,5
8041,Age<=29,Female,Undergraduate,Single,"Income>$100,000",White,Not Donated,0,1,1,1,1,3,5
8042,40<=Age<=49,Male,Undergraduate,Married,"$50,000<Income<=$100,000",White,Not Donated,0,3,2,1,2,2,5
8043,30<=Age<=39,Female,Undergraduate,Married,"Income<=$50,000",Black,Not Donated,0,2,1,1,2,1,2
8044,Age<=29,Male,Graduate,Single,"$50,000<Income<=$100,000",White,Not Donated,0,1,2,2,1,2,5
8045,30<=Age<=39,Male,Undergraduate,Married,"Income<=$50,000",White,Not Donated,0,2,2,1,2,1,5
8046,Age>=50,Male,Undergraduate,Married,"$50,000<Income<=$100,000",White,Not Donated,0,4,2,1,2,2,5
8047,40<=Age<=49,Male,Undergraduate,Married,"Income<=$50,000",Hispanic,Not Donated,0,3,2,1,2,1,3
8048,30<=Age<=39,Male,Undergraduate,Single,"$50,000<Income<=$100,000",White,Not Donated,0,2,2,1,1,2,5
8049,40<=Age<=49,Male,Undergraduate,Single,"$50,000<Income<=$100,000",Other,Not Donated,0,3,2,1,1,2,4
8050,Age<=29,Female,Undergraduate,Married,"Income>$100,000",Other,Donated,100,1,1,1,2,3,4
8051,Age<=29,Male,Undergraduate,Married,"$50,000<Income<=$100,000",Asian,Not Donated,0,1,2,1,2,2,1
8052,30<=Age<=39,Female,Undergraduate,Married,"Income<=$50,000",Hispanic,Not Donated,0,2,1,1,2,1,3
8053,Age<=29,Male,Undergraduate,Single,"$50,000<Income<=$100,000",White,Donated,55,1,2,1,1,2,5
8054,Age>=50,Female,Undergraduate,Single,"$50,000<Income<=$100,000",White,Not Donated,0,4,1,1,1,2,5
8055,Age<=29,Male,Undergraduate,Married,"Income<=$50,000",Hispanic,Not Donated,0,1,2,1,2,1,3
8056,30<=Age<=39,Male,Undergraduate,Married,"Income<=$50,000",White,Not Donated,0,2,2,1,2,1,5
8057,30<=Age<=39,Female,Undergraduate,Single,"Income<=$50,000",White,Donated,55,2,1,1,1,1,5
8058,30<=Age<=39,Female,Undergraduate,Married,"Income>$100,000",White,Donated,100,2,1,1,2,3,5
8059,40<=Age<=49,Female,Undergraduate,Single,"Income<=$50,000",White,Not Donated,0,3,1,1,1,1,5
8060,40<=Age<=49,Female,Undergraduate,Single,"$50,000<Income<=$100,000",Hispanic,Not Donated,0,3,1,1,1,2,3
8061,30<=Age<=39,Female,Undergraduate,Single,"$50,000<Income<=$100,000",White,Donated,75,2,1,1,1,2,5
8062,Age<=29,Male,Undergraduate,Married,"Income<=$50,000",White,Not Donated,0,1,2,1,2,1,5
8063,Age>=50,Male,Undergraduate,Married,"Income<=$50,000",White,Not Donated,0,4,2,1,2,1,5
8064,Age>=50,Male,Undergraduate,Married,"Income<=$50,000",Black,Not Donated,0,4,2,1,2,1,2
8065,30<=Age<=39,Male,Undergraduate,Single,"Income<=$50,000",White,Not Donated,0,2,2,1,1,1,5
8066,Age<=29,Male,Undergraduate,Single,"Income>$100,000",Black,Donated,75,1,2,1,1,3,2
8067,30<=Age<=39,Male,Graduate,Married,"$50,000<Income<=$100,000",Hispanic,Not Donated,0,2,2,2,2,2,3
8068,Age<=29,Female,Undergraduate,Single,"Income<=$50,000",Other,Donated,20,1,1,1,1,1,4
8069,Age<=29,Female,Undergraduate,Single,"Income<=$50,000",White,Donated,20,1,1,1,1,1,5
8070,40<=Age<=49,Female,Undergraduate,Single,"Income<=$50,000",White,Not Donated,0,3,1,1,1,1,5
8071,30<=Age<=39,Male,Undergraduate,Single,"$50,000<Income<=$100,000",Other,Donated,65,2,2,1,1,2,4
8072,30<=Age<=39,Male,Undergraduate,Single,"Income<=$50,000",White,Not Donated,0,2,2,1,1,1,5
8073,Age>=50,Male,Graduate,Single,"Income<=$50,000",White,Donated,100,4,2,2,1,1,5
8074,Age<=29,Female,Undergraduate,Single,"Income<=$50,000",Hispanic,Donated,20,1,1,1,1,1,3
8075,Age<=29,Male,Undergraduate,Married,"$50,000<Income<=$100,000",White,Not Donated,0,1,2,1,2,2,5
8076,30<=Age<=39,Male,Undergraduate,Married,"Income<=$50,000",Black,Donated,60,2,2,1,2,1,2
8077,40<=Age<=49,Female,Undergraduate,Single,"$50,000<Income<=$100,000",White,Not Donated,0,3,1,1,1,2,5
8078,40<=Age<=49,Female,Undergraduate,Single,"$50,000<Income<=$100,000",Black,Not Donated,0,3,1,1,1,2,2
8079,40<=Age<=49,Male,Undergraduate,Married,"$50,000<Income<=$100,000",Hispanic,Not Donated,0,3,2,1,2,2,3
8080,Age>=50,Female,Undergraduate,Single,"$50,000<Income<=$100,000",White,Not Donated,0,4,1,1,1,2,5
8081,Age<=29,Male,Undergraduate,Married,"Income<=$50,000",Black,Not Donated,0,1,2,1,2,1,2
8082,Age<=29,Female,Graduate,Single,"Income>$100,000",White,Donated,105,1,1,2,1,3,5
8083,30<=Age<=39,Female,Undergraduate,Single,"$50,000<Income<=$100,000",Asian,Donated,75,2,1,1,1,2,1
8084,30<=Age<=39,Female,Undergraduate,Married,"$50,000<Income<=$100,000",Other,Donated,80,2,1,1,2,2,4
8085,Age<=29,Male,Undergraduate,Single,"Income<=$50,000",Hispanic,Donated,20,1,2,1,1,1,3
8086,Age<=29,Female,Undergraduate,Married,"Income<=$50,000",White,Donated,35,1,1,1,2,1,5
8087,Age<=29,Male,Undergraduate,Married,"$50,000<Income<=$100,000",Black,Not Donated,0,1,2,1,2,2,2
8088,30<=Age<=39,Female,Undergraduate,Single,"Income<=$50,000",Other,Not Donated,0,2,1,1,1,1,4
8089,40<=Age<=49,Female,Undergraduate,Married,"Income<=$50,000",Black,Not Donated,0,3,1,1,2,1,2
8090,Age<=29,Male,Undergraduate,Single,"Income>$100,000",Hispanic,Not Donated,0,1,2,1,1,3,3
8091,30<=Age<=39,Male,Undergraduate,Single,"Income<=$50,000",Black,Donated,45,2,2,1,1,1,2
8092,30<=Age<=39,Male,Undergraduate,Single,"Income<=$50,000",Black,Not Donated,0,2,2,1,1,1,2
8093,Age<=29,Female,Undergraduate,Single,"$50,000<Income<=$100,000",White,Not Donated,0,1,1,1,1,2,5
8094,Age<=29,Male,Undergraduate,Single,"$50,000<Income<=$100,000",Hispanic,Donated,40,1,2,1,1,2,3
8095,40<=Age<=49,Male,Undergraduate,Single,"$50,000<Income<=$100,000",Hispanic,Donated,90,3,2,1,1,2,3
8096,40<=Age<=49,Male,Undergraduate,Single,"$50,000<Income<=$100,000",Other,Not Donated,0,3,2,1,1,2,4
8097,Age>=50,Male,Undergraduate,Married,"Income>$100,000",White,Not Donated,0,4,2,1,2,3,5
8098,Age>=50,Male,Undergraduate,Single,"Income>$100,000",White,Donated,150,4,2,1,1,3,5
8099,40<=Age<=49,Male,Undergraduate,Single,"$50,000<Income<=$100,000",White,Not Donated,0,3,2,1,1,2,5
8100,30<=Age<=39,Female,Graduate,Single,"$50,000<Income<=$100,000",Other,Donated,80,2,1,2,1,2,4
8101,Age<=29,Male,Undergraduate,Married,"Income>$100,000",Hispanic,Not Donated,0,1,2,1,2,3,3
8102,Age<=29,Male,Undergraduate,Married,"Income<=$50,000",White,Not Donated,0,1,2,1,2,1,5
8103,40<=Age<=49,Female,Undergraduate,Single,"Income<=$50,000",White,Donated,75,3,1,1,1,1,5
8104,Age>=50,Male,Graduate,Married,"Income>$100,000",White,Not Donated,0,4,2,2,2,3,5
8105,30<=Age<=39,Female,Undergraduate,Married,"$50,000<Income<=$100,000",White,Not Donated,0,2,1,1,2,2,5
8106,Age<=29,Male,Undergraduate,Single,"Income<=$50,000",Hispanic,Donated,35,1,2,1,1,1,3
8107,Age>=50,Male,Undergraduate,Single,"Income>$100,000",White,Donated,155,4,2,1,1,3,5
8108,40<=Age<=49,Male,Undergraduate,Married,"Income>$100,000",White,Not Donated,0,3,2,1,2,3,5
8109,30<=Age<=39,Male,Undergraduate,Married,"$50,000<Income<=$100,000",Hispanic,Donated,100,2,2,1,2,2,3
8110,Age>=50,Female,Undergraduate,Married,"Income<=$50,000",White,Donated,105,4,1,1,2,1,5
8111,30<=Age<=39,Male,Undergraduate,Single,"Income>$100,000",Asian,Not Donated,0,2,2,1,1,3,1
8112,Age>=50,Female,Graduate,Married,"Income<=$50,000",White,Donated,120,4,1,2,2,1,5
8113,Age<=29,Male,Undergraduate,Married,"$50,000<Income<=$100,000",White,Not Donated,0,1,2,1,2,2,5
8114,30<=Age<=39,Male,Undergraduate,Single,"$50,000<Income<=$100,000",Black,Not Donated,0,2,2,1,1,2,2
8115,30<=Age<=39,Male,Undergraduate,Married,"$50,000<Income<=$100,000",White,Not Donated,0,2,2,1,2,2,5
8116,30<=Age<=39,Male,Undergraduate,Married,"$50,000<Income<=$100,000",Black,Not Donated,0,2,2,1,2,2,2
8117,30<=Age<=39,Male,Undergraduate,Married,"Income>$100,000",Black,Donated,105,2,2,1,2,3,2
8118,Age<=29,Female,Undergraduate,Married,"Income<=$50,000",White,Not Donated,0,1,1,1,2,1,5
8119,40<=Age<=49,Male,Undergraduate,Married,"$50,000<Income<=$100,000",White,Donated,95,3,2,1,2,2,5
8120,Age>=50,Female,Undergraduate,Married,"Income<=$50,000",Black,Not Donated,0,4,1,1,2,1,2
8121,30<=Age<=39,Male,Undergraduate,Single,"Income<=$50,000",Asian,Donated,60,2,2,1,1,1,1
8122,40<=Age<=49,Female,Undergraduate,Married,"Income<=$50,000",White,Donated,100,3,1,1,2,1,5
8123,30<=Age<=39,Male,Graduate,Married,"$50,000<Income<=$100,000",White,Not Donated,0,2,2,2,2,2,5
8124,40<=Age<=49,Female,Undergraduate,Single,"$50,000<Income<=$100,000",Other,Donated,85,3,1,1,1,2,4
8125,40<=Age<=49,Female,Undergraduate,Single,"$50,000<Income<=$100,000",White,Donated,90,3,1,1,1,2,5
8126,30<=Age<=39,Male,Undergraduate,Married,"Income<=$50,000",White,Not Donated,0,2,2,1,2,1,5
8127,30<=Age<=39,Male,Undergraduate,Married,"Income<=$50,000",Black,Donated,55,2,2,1,2,1,2
8128,Age<=29,Male,Undergraduate,Single,"$50,000<Income<=$100,000",Black,Donated,30,1,2,1,1,2,2
8129,Age>=50,Female,Undergraduate,Married,"Income<=$50,000",White,Not Donated,0,4,1,1,2,1,5
8130,Age<=29,Female,Graduate,Married,"Income>$100,000",White,Donated,105,1,1,2,2,3,5
8131,Age>=50,Male,Undergraduate,Married,"Income>$100,000",White,Not Donated,0,4,2,1,2,3,5
8132,40<=Age<=49,Female,Undergraduate,Single,"Income<=$50,000",White,Donated,65,3,1,1,1,1,5
8133,30<=Age<=39,Female,Undergraduate,Single,"Income<=$50,000",Hispanic,Not Donated,0,2,1,1,1,1,3
8134,30<=Age<=39,Male,Undergraduate,Married,"$50,000<Income<=$100,000",White,Not Donated,0,2,2,1,2,2,5
8135,Age<=29,Female,Undergraduate,Single,"$50,000<Income<=$100,000",White,Not Donated,0,1,1,1,1,2,5
8136,30<=Age<=39,Male,Undergraduate,Married,"Income<=$50,000",White,Not Donated,0,2,2,1,2,1,5
8137,40<=Age<=49,Male,Undergraduate,Married,"Income>$100,000",White,Not Donated,0,3,2,1,2,3,5
8138,Age>=50,Male,Undergraduate,Married,"Income<=$50,000",White,Not Donated,0,4,2,1,2,1,5
8139,40<=Age<=49,Female,Undergraduate,Married,"Income<=$50,000",Asian,Donated,65,3,1,1,2,1,1
8140,40<=Age<=49,Female,Undergraduate,Single,"$50,000<Income<=$100,000",White,Donated,85,3,1,1,1,2,5
8141,Age<=29,Male,Graduate,Single,"Income<=$50,000",White,Donated,45,1,2,2,1,1,5
8142,40<=Age<=49,Female,Undergraduate,Married,"$50,000<Income<=$100,000",Hispanic,Donated,105,3,1,1,2,2,3
8143,40<=Age<=49,Female,Undergraduate,Married,"Income<=$50,000",Hispanic,Not Donated,0,3,1,1,2,1,3
8144,Age<=29,Female,Undergraduate,Married,"Income<=$50,000",White,Donated,50,1,1,1,2,1,5
8145,Age<=29,Female,Undergraduate,Married,"$50,000<Income<=$100,000",White,Not Donated,0,1,1,1,2,2,5
8146,Age>=50,Female,Undergraduate,Married,"Income<=$50,000",Asian,Not Donated,0,4,1,1,2,1,1
8147,Age>=50,Male,Undergraduate,Married,"$50,000<Income<=$100,000",Asian,Not Donated,0,4,2,1,2,2,1
8148,Age<=29,Female,Undergraduate,Married,"$50,000<Income<=$100,000",Other,Not Donated,0,1,1,1,2,2,4
8149,Age>=50,Female,Undergraduate,Married,"Income<=$50,000",Asian,Not Donated,0,4,1,1,2,1,1
8150,30<=Age<=39,Male,Undergraduate,Married,"Income<=$50,000",Hispanic,Not Donated,0,2,2,1,2,1,3
8151,40<=Age<=49,Male,Undergraduate,Married,"Income<=$50,000",White,Not Donated,0,3,2,1,2,1,5
8152,30<=Age<=39,Female,Undergraduate,Married,"Income>$100,000",Black,Donated,115,2,1,1,2,3,2
8153,40<=Age<=49,Female,Undergraduate,Married,"$50,000<Income<=$100,000",Other,Not Donated,0,3,1,1,2,2,4
8154,Age>=50,Male,Undergraduate,Married,"Income<=$50,000",White,Not Donated,0,4,2,1,2,1,5
8155,Age<=29,Female,Undergraduate,Single,"Income<=$50,000",White,Not Donated,0,1,1,1,1,1,5
8156,Age<=29,Female,Undergraduate,Married,"Income<=$50,000",White,Not Donated,0,1,1,1,2,1,5
8157,30<=Age<=39,Male,Undergraduate,Married,"Income>$100,000",Other,Donated,130,2,2,1,2,3,4
8158,30<=Age<=39,Female,Undergraduate,Married,"$50,000<Income<=$100,000",Hispanic,Not Donated,0,2,1,1,2,2,3
8159,40<=Age<=49,Female,Undergraduate,Married,"Income>$100,000",White,Not Donated,0,3,1,1,2,3,5
8160,30<=Age<=39,Female,Graduate,Single,"$50,000<Income<=$100,000",White,Not Donated,0,2,1,2,1,2,5
8161,40<=Age<=49,Male,Undergraduate,Married,"$50,000<Income<=$100,000",Black,Not Donated,0,3,2,1,2,2,2
8162,Age>=50,Male,Undergraduate,Married,"Income<=$50,000",White,Not Donated,0,4,2,1,2,1,5
8163,40<=Age<=49,Female,Undergraduate,Single,"$50,000<Income<=$100,000",White,Not Donated,0,3,1,1,1,2,5
8164,40<=Age<=49,Male,Undergraduate,Married,"$50,000<Income<=$100,000",White,Donated,95,3,2,1,2,2,5
8165,30<=Age<=39,Female,Undergraduate,Single,"Income>$100,000",White,Not Donated,0,2,1,1,1,3,5
8166,Age>=50,Male,Undergraduate,Married,"Income<=$50,000",Hispanic,Not Donated,0,4,2,1,2,1,3
8167,30<=Age<=39,Male,Undergraduate,Married,"Income<=$50,000",White,Donated,70,2,2,1,2,1,5
8168,30<=Age<=39,Male,Undergraduate,Single,"Income<=$50,000",White,Not Donated,0,2,2,1,1,1,5
8169,Age<=29,Female,Undergraduate,Married,"Income<=$50,000",Asian,Donated,25,1,1,1,2,1,1
8170,Age<=29,Female,Undergraduate,Married,"$50,000<Income<=$100,000",White,Donated,65,1,1,1,2,2,5
8171,Age<=29,Male,Undergraduate,Single,"$50,000<Income<=$100,000",White,Not Donated,0,1,2,1,1,2,5
8172,Age<=29,Male,Undergraduate,Married,"Income<=$50,000",White,Not Donated,0,1,2,1,2,1,5
8173,Age<=29,Male,Undergraduate,Married,"$50,000<Income<=$100,000",Hispanic,Not Donated,0,1,2,1,2,2,3
8174,30<=Age<=39,Male,Undergraduate,Single,"Income>$100,000",White,Donated,110,2,2,1,1,3,5
8175,30<=Age<=39,Male,Undergraduate,Single,"$50,000<Income<=$100,000",White,Not Donated,0,2,2,1,1,2,5
8176,Age<=29,Female,Undergraduate,Married,"$50,000<Income<=$100,000",White,Donated,55,1,1,1,2,2,5
8177,Age>=50,Male,Graduate,Married,"Income<=$50,000",White,Donated,120,4,2,2,2,1,5
8178,30<=Age<=39,Female,Undergraduate,Single,"$50,000<Income<=$100,000",White,Not Donated,0,2,1,1,1,2,5
8179,40<=Age<=49,Male,Undergraduate,Single,"$50,000<Income<=$100,000",White,Not Donated,0,3,2,1,1,2,5
8180,Age>=50,Male,Undergraduate,Single,"Income<=$50,000",White,Donated,90,4,2,1,1,1,5
8181,Age<=29,Female,Undergraduate,Married,"Income<=$50,000",White,Donated,35,1,1,1,2,1,5
8182,30<=Age<=39,Male,Undergraduate,Married,"$50,000<Income<=$100,000",Hispanic,Not Donated,0,2,2,1,2,2,3
8183,40<=Age<=49,Male,Undergraduate,Married,"Income>$100,000",Asian,Not Donated,0,3,2,1,2,3,1
8184,30<=Age<=39,Female,Undergraduate,Single,"Income<=$50,000",White,Not Donated,0,2,1,1,1,1,5
8185,30<=Age<=39,Male,Undergraduate,Single,"Income>$100,000",Hispanic,Donated,105,2,2,1,1,3,3
8186,30<=Age<=39,Female,Undergraduate,Married,"$50,000<Income<=$100,000",Hispanic,Not Donated,0,2,1,1,2,2,3
8187,30<=Age<=39,Female,Undergraduate,Single,"Income<=$50,000",Black,Not Donated,0,2,1,1,1,1,2
8188,Age>=50,Female,Undergraduate,Single,"$50,000<Income<=$100,000",Other,Not Donated,0,4,1,1,1,2,4
8189,Age<=29,Female,Undergraduate,Single,"$50,000<Income<=$100,000",Hispanic,Donated,40,1,1,1,1,2,3
8190,40<=Age<=49,Female,Undergraduate,Single,"Income<=$50,000",Hispanic,Not Donated,0,3,1,1,1,1,3
8191,40<=Age<=49,Female,Graduate,Single,"$50,000<Income<=$100,000",Black,Not Donated,0,3,1,2,1,2,2
8192,40<=Age<=49,Female,Undergraduate,Married,"Income<=$50,000",Other,Not Donated,0,3,1,1,2,1,4
8193,30<=Age<=39,Female,Undergraduate,Married,"$50,000<Income<=$100,000",White,Donated,80,2,1,1,2,2,5
8194,Age<=29,Male,Undergraduate,Married,"$50,000<Income<=$100,000",Black,Not Donated,0,1,2,1,2,2,2
8195,Age>=50,Female,Undergraduate,Married,"Income<=$50,000",White,Not Donated,0,4,1,1,2,1,5
8196,Age<=29,Female,Undergraduate,Single,"Income<=$50,000",White,Not Donated,0,1,1,1,1,1,5
8197,40<=Age<=49,Male,Undergraduate,Single,"Income<=$50,000",Hispanic,Not Donated,0,3,2,1,1,1,3
8198,Age<=29,Male,Undergraduate,Single,"Income<=$50,000",Other,Donated,25,1,2,1,1,1,4
8199,30<=Age<=39,Female,Undergraduate,Married,"Income<=$50,000",White,Not Donated,0,2,1,1,2,1,5
8200,30<=Age<=39,Male,Undergraduate,Single,"$50,000<Income<=$100,000",White,Not Donated,0,2,2,1,1,2,5
8201,40<=Age<=49,Female,Undergraduate,Single,"Income>$100,000",Hispanic,Not Donated,0,3,1,1,1,3,3
8202,Age>=50,Female,Undergraduate,Married,"Income<=$50,000",White,Not Donated,0,4,1,1,2,1,5
8203,Age<=29,Male,Undergraduate,Married,"Income<=$50,000",White,Donated,40,1,2,1,2,1,5
8204,30<=Age<=39,Male,Undergraduate,Married,"Income<=$50,000",Other,Not Donated,0,2,2,1,2,1,4
8205,Age<=29,Female,Undergraduate,Married,"$50,000<Income<=$100,000",White,Donated,85,1,1,1,2,2,5
8206,Age<=29,Male,Undergraduate,Married,"Income<=$50,000",Hispanic,Not Donated,0,1,2,1,2,1,3
8207,40<=Age<=49,Male,Undergraduate,Single,"Income>$100,000",White,Not Donated,0,3,2,1,1,3,5
8208,30<=Age<=39,Female,Undergraduate,Married,"Income<=$50,000",Asian,Donated,75,2,1,1,2,1,1
8209,40<=Age<=49,Female,Undergraduate,Married,"Income>$100,000",Black,Donated,125,3,1,1,2,3,2
8210,30<=Age<=39,Male,Undergraduate,Married,"$50,000<Income<=$100,000",Black,Not Donated,0,2,2,1,2,2,2
8211,40<=Age<=49,Male,Undergraduate,Married,"$50,000<Income<=$100,000",White,Donated,105,3,2,1,2,2,5
8212,40<=Age<=49,Female,Graduate,Single,"Income>$100,000",Black,Not Donated,0,3,1,2,1,3,2
8213,30<=Age<=39,Male,Undergraduate,Single,"$50,000<Income<=$100,000",White,Donated,60,2,2,1,1,2,5
8214,30<=Age<=39,Female,Undergraduate,Single,"Income<=$50,000",Black,Not Donated,0,2,1,1,1,1,2
8215,30<=Age<=39,Female,Undergraduate,Married,"Income>$100,000",White,Donated,120,2,1,1,2,3,5
8216,Age>=50,Male,Graduate,Single,"$50,000<Income<=$100,000",White,Donated,140,4,2,2,1,2,5
8217,30<=Age<=39,Female,Undergraduate,Single,"$50,000<Income<=$100,000",Other,Donated,80,2,1,1,1,2,4
8218,Age>=50,Male,Graduate,Single,"Income<=$50,000",White,Not Donated,0,4,2,2,1,1,5
8219,Age<=29,Female,Undergraduate,Married,"Income<=$50,000",White,Not Donated,0,1,1,1,2,1,5
8220,30<=Age<=39,Female,Undergraduate,Single,"$50,000<Income<=$100,000",Asian,Not Donated,0,2,1,1,1,2,1
8221,40<=Age<=49,Female,Undergraduate,Married,"$50,000<Income<=$100,000",Asian,Not Donated,0,3,1,1,2,2,1
8222,40<=Age<=49,Female,Undergraduate,Married,"Income<=$50,000",White,Not Donated,0,3,1,1,2,1,5
8223,Age<=29,Female,Undergraduate,Married,"Income<=$50,000",Other,Not Donated,0,1,1,1,2,1,4
8224,Age<=29,Female,Undergraduate,Single,"Income<=$50,000",White,Not Donated,0,1,1,1,1,1,5
8225,Age>=50,Male,Undergraduate,Single,"$50,000<Income<=$100,000",Asian,Donated,115,4,2,1,1,2,1
8226,40<=Age<=49,Male,Undergraduate,Married,"$50,000<Income<=$100,000",Hispanic,Donated,90,3,2,1,2,2,3
8227,Age>=50,Female,Undergraduate,Single,"$50,000<Income<=$100,000",White,Not Donated,0,4,1,1,1,2,5
8228,Age<=29,Male,Undergraduate,Single,"Income>$100,000",White,Not Donated,0,1,2,1,1,3,5
8229,30<=Age<=39,Female,Undergraduate,Single,"$50,000<Income<=$100,000",White,Not Donated,0,2,1,1,1,2,5
8230,30<=Age<=39,Female,Undergraduate,Single,"Income<=$50,000",White,Not Donated,0,2,1,1,1,1,5
8231,Age<=29,Female,Undergraduate,Single,"Income>$100,000",White,Donated,80,1,1,1,1,3,5
8232,Age>=50,Male,Undergraduate,Married,"Income<=$50,000",Black,Not Donated,0,4,2,1,2,1,2
8233,30<=Age<=39,Male,Undergraduate,Married,"$50,000<Income<=$100,000",Hispanic,Not Donated,0,2,2,1,2,2,3
8234,Age<=29,Female,Undergraduate,Married,"Income<=$50,000",White,Not Donated,0,1,1,1,2,1,5
8235,40<=Age<=49,Male,Undergraduate,Married,"Income<=$50,000",White,Not Donated,0,3,2,1,2,1,5
8236,30<=Age<=39,Male,Undergraduate,Married,"Income<=$50,000",White,Not Donated,0,2,2,1,2,1,5
8237,40<=Age<=49,Female,Undergraduate,Single,"$50,000<Income<=$100,000",Asian,Not Donated,0,3,1,1,1,2,1
8238,Age>=50,Male,Undergraduate,Married,"$50,000<Income<=$100,000",White,Not Donated,0,4,2,1,2,2,5
8239,Age>=50,Male,Undergraduate,Married,"Income<=$50,000",Black,Not Donated,0,4,2,1,2,1,2
8240,Age<=29,Male,Undergraduate,Married,"$50,000<Income<=$100,000",White,Donated,35,1,2,1,2,2,5
8241,40<=Age<=49,Female,Undergraduate,Married,"Income<=$50,000",White,Not Donated,0,3,1,1,2,1,5
8242,Age<=29,Male,Undergraduate,Single,"$50,000<Income<=$100,000",Black,Not Donated,0,1,2,1,1,2,2
8243,Age>=50,Male,Undergraduate,Married,"Income<=$50,000",Hispanic,Not Donated,0,4,2,1,2,1,3
8244,30<=Age<=39,Female,Undergraduate,Single,"Income<=$50,000",White,Not Donated,0,2,1,1,1,1,5
8245,Age<=29,Male,Undergraduate,Married,"$50,000<Income<=$100,000",White,Donated,60,1,2,1,2,2,5
8246,Age>=50,Female,Graduate,Married,"$50,000<Income<=$100,000",White,Not Donated,0,4,1,2,2,2,5
8247,30<=Age<=39,Male,Undergraduate,Married,"Income<=$50,000",Asian,Donated,45,2,2,1,2,1,1
8248,Age>=50,Male,Undergraduate,Single,"Income<=$50,000",White,Donated,80,4,2,1,1,1,5
8249,Age<=29,Female,Undergraduate,Married,"Income<=$50,000",Asian,Not Donated,0,1,1,1,2,1,1
8250,40<=Age<=49,Male,Undergraduate,Single,"Income>$100,000",Other,Not Donated,0,3,2,1,1,3,4
8251,40<=Age<=49,Male,Undergraduate,Married,"Income<=$50,000",White,Not Donated,0,3,2,1,2,1,5
8252,Age<=29,Female,Undergraduate,Married,"Income<=$50,000",White,Not Donated,0,1,1,1,2,1,5
8253,Age<=29,Male,Undergraduate,Married,"$50,000<Income<=$100,000",Asian,Not Donated,0,1,2,1,2,2,1
8254,30<=Age<=39,Female,Undergraduate,Married,"Income<=$50,000",Hispanic,Not Donated,0,2,1,1,2,1,3
8255,30<=Age<=39,Male,Undergraduate,Married,"$50,000<Income<=$100,000",Black,Not Donated,0,2,2,1,2,2,2
8256,40<=Age<=49,Male,Undergraduate,Single,"$50,000<Income<=$100,000",White,Donated,95,3,2,1,1,2,5
8257,30<=Age<=39,Male,Undergraduate,Married,"$50,000<Income<=$100,000",White,Not Donated,0,2,2,1,2,2,5
8258,30<=Age<=39,Male,Undergraduate,Single,"Income<=$50,000",White,Donated,40,2,2,1,1,1,5
8259,Age>=50,Male,Undergraduate,Single,"Income<=$50,000",White,Not Donated,0,4,2,1,1,1,5
8260,Age<=29,Female,Undergraduate,Married,"Income<=$50,000",White,Donated,55,1,1,1,2,1,5
8261,Age<=29,Female,Undergraduate,Married,"Income<=$50,000",Black,Donated,20,1,1,1,2,1,2
8262,30<=Age<=39,Male,Undergraduate,Married,"Income<=$50,000",White,Not Donated,0,2,2,1,2,1,5
8263,Age>=50,Male,Undergraduate,Single,"Income<=$50,000",White,Not Donated,0,4,2,1,1,1,5
8264,30<=Age<=39,Male,Undergraduate,Married,"Income<=$50,000",White,Not Donated,0,2,2,1,2,1,5
8265,30<=Age<=39,Male,Graduate,Single,"Income<=$50,000",White,Not Donated,0,2,2,2,1,1,5
8266,Age<=29,Female,Graduate,Married,"$50,000<Income<=$100,000",White,Not Donated,0,1,1,2,2,2,5
8267,30<=Age<=39,Female,Undergraduate,Married,"Income>$100,000",Asian,Not Donated,0,2,1,1,2,3,1
8268,Age>=50,Male,Undergraduate,Married,"$50,000<Income<=$100,000",White,Not Donated,0,4,2,1,2,2,5
8269,40<=Age<=49,Male,Undergraduate,Single,"Income<=$50,000",Hispanic,Not Donated,0,3,2,1,1,1,3
8270,30<=Age<=39,Female,Undergraduate,Single,"$50,000<Income<=$100,000",Hispanic,Donated,75,2,1,1,1,2,3
8271,40<=Age<=49,Male,Undergraduate,Single,"Income<=$50,000",Asian,Not Donated,0,3,2,1,1,1,1
8272,Age>=50,Male,Undergraduate,Married,"$50,000<Income<=$100,000",Other,Not Donated,0,4,2,1,2,2,4
8273,Age>=50,Female,Undergraduate,Married,"Income<=$50,000",Black,Not Donated,0,4,1,1,2,1,2
8274,Age<=29,Male,Undergraduate,Married,"Income<=$50,000",Hispanic,Not Donated,0,1,2,1,2,1,3
8275,Age<=29,Female,Undergraduate,Single,"Income>$100,000",Asian,Donated,95,1,1,1,1,3,1
8276,40<=Age<=49,Female,Undergraduate,Single,"Income<=$50,000",Hispanic,Donated,75,3,1,1,1,1,3
8277,40<=Age<=49,Male,Undergraduate,Married,"Income<=$50,000",Hispanic,Not Donated,0,3,2,1,2,1,3
8278,Age>=50,Female,Undergraduate,Married,"$50,000<Income<=$100,000",Black,Not Donated,0,4,1,1,2,2,2
8279,30<=Age<=39,Male,Undergraduate,Married,"Income<=$50,000",White,Not Donated,0,2,2,1,2,1,5
8280,40<=Age<=49,Female,Undergraduate,Single,"Income<=$50,000",White,Donated,65,3,1,1,1,1,5
8281,Age>=50,Female,Graduate,Single,"$50,000<Income<=$100,000",Black,Not Donated,0,4,1,2,1,2,2
8282,30<=Age<=39,Male,Undergraduate,Married,"$50,000<Income<=$100,000",White,Donated,80,2,2,1,2,2,5
8283,Age>=50,Male,Graduate,Single,"$50,000<Income<=$100,000",Black,Not Donated,0,4,2,2,1,2,2
8284,30<=Age<=39,Female,Undergraduate,Married,"Income<=$50,000",White,Not Donated,0,2,1,1,2,1,5
8285,Age<=29,Female,Undergraduate,Married,"Income<=$50,000",White,Not Donated,0,1,1,1,2,1,5
8286,Age<=29,Female,Undergraduate,Married,"$50,000<Income<=$100,000",Other,Not Donated,0,1,1,1,2,2,4
8287,30<=Age<=39,Male,Undergraduate,Single,"Income>$100,000",White,Donated,95,2,2,1,1,3,5
8288,30<=Age<=39,Male,Undergraduate,Single,"Income<=$50,000",White,Not Donated,0,2,2,1,1,1,5
8289,40<=Age<=49,Female,Undergraduate,Single,"$50,000<Income<=$100,000",White,Not Donated,0,3,1,1,1,2,5
8290,30<=Age<=39,Male,Undergraduate,Single,"$50,000<Income<=$100,000",White,Not Donated,0,2,2,1,1,2,5
8291,Age<=29,Male,Undergraduate,Married,"Income<=$50,000",White,Not Donated,0,1,2,1,2,1,5
8292,Age<=29,Male,Undergraduate,Married,"$50,000<Income<=$100,000",Hispanic,Not Donated,0,1,2,1,2,2,3
8293,40<=Age<=49,Female,Undergraduate,Married,"Income<=$50,000",Black,Donated,105,3,1,1,2,1,2
8294,Age<=29,Female,Graduate,Married,"Income>$100,000",White,Not Donated,0,1,1,2,2,3,5
8295,Age<=29,Female,Undergraduate,Single,"Income<=$50,000",White,Not Donated,0,1,1,1,1,1,5
8296,Age<=29,Male,Undergraduate,Single,"Income<=$50,000",White,Donated,20,1,2,1,1,1,5
8297,40<=Age<=49,Male,Graduate,Married,"Income<=$50,000",White,Donated,90,3,2,2,2,1,5
8298,40<=Age<=49,Male,Undergraduate,Married,"Income>$100,000",Black,Donated,120,3,2,1,2,3,2
8299,30<=Age<=39,Male,Undergraduate,Single,"Income>$100,000",White,Not Donated,0,2,2,1,1,3,5
8300,Age>=50,Female,Undergraduate,Married,"Income<=$50,000",Asian,Not Donated,0,4,1,1,2,1,1
8301,40<=Age<=49,Female,Undergraduate,Married,"Income<=$50,000",White,Not Donated,0,3,1,1,2,1,5
8302,Age<=29,Male,Undergraduate,Married,"Income>$100,000",Other,Donated,70,1,2,1,2,3,4
8303,40<=Age<=49,Male,Graduate,Married,"Income<=$50,000",White,Donated,100,3,2,2,2,1,5
8304,Age<=29,Male,Undergraduate,Married,"Income<=$50,000",White,Not Donated,0,1,2,1,2,1,5
8305,30<=Age<=39,Male,Undergraduate,Married,"Income<=$50,000",Asian,Not Donated,0,2,2,1,2,1,1
8306,30<=Age<=39,Female,Undergraduate,Married,"Income<=$50,000",White,Not Donated,0,2,1,1,2,1,5
8307,30<=Age<=39,Female,Undergraduate,Married,"Income>$100,000",White,Donated,100,2,1,1,2,3,5
8308,40<=Age<=49,Male,Undergraduate,Single,"Income<=$50,000",White,Not Donated,0,3,2,1,1,1,5
8309,30<=Age<=39,Male,Graduate,Single,"$50,000<Income<=$100,000",Hispanic,Not Donated,0,2,2,2,1,2,3
8310,Age<=29,Female,Undergraduate,Married,"$50,000<Income<=$100,000",Asian,Not Donated,0,1,1,1,2,2,1
8311,30<=Age<=39,Female,Undergraduate,Married,"Income<=$50,000",White,Not Donated,0,2,1,1,2,1,5
8312,Age<=29,Male,Undergraduate,Single,"Income<=$50,000",White,Donated,15,1,2,1,1,1,5
8313,40<=Age<=49,Female,Undergraduate,Married,"$50,000<Income<=$100,000",Asian,Not Donated,0,3,1,1,2,2,1
8314,Age<=29,Male,Undergraduate,Single,"$50,000<Income<=$100,000",White,Not Donated,0,1,2,1,1,2,5
8315,Age<=29,Female,Undergraduate,Single,"$50,000<Income<=$100,000",White,Donated,55,1,1,1,1,2,5
8316,Age<=29,Male,Undergraduate,Single,"Income<=$50,000",White,Not Donated,0,1,2,1,1,1,5
8317,30<=Age<=39,Male,Undergraduate,Married,"Income<=$50,000",White,Donated,70,2,2,1,2,1,5
8318,Age<=29,Female,Undergraduate,Married,"$50,000<Income<=$100,000",White,Donated,40,1,1,1,2,2,5
8319,30<=Age<=39,Male,Undergraduate,Single,"Income<=$50,000",White,Not Donated,0,2,2,1,1,1,5
8320,Age<=29,Male,Graduate,Single,"Income<=$50,000",White,Donated,55,1,2,2,1,1,5
8321,30<=Age<=39,Female,Undergraduate,Married,"Income<=$50,000",White,Not Donated,0,2,1,1,2,1,5
8322,30<=Age<=39,Male,Undergraduate,Married,"$50,000<Income<=$100,000",Hispanic,Donated,95,2,2,1,2,2,3
8323,Age>=50,Male,Undergraduate,Married,"Income<=$50,000",Hispanic,Donated,95,4,2,1,2,1,3
8324,30<=Age<=39,Male,Undergraduate,Single,"$50,000<Income<=$100,000",White,Donated,70,2,2,1,1,2,5
8325,Age<=29,Female,Undergraduate,Married,"Income<=$50,000",White,Not Donated,0,1,1,1,2,1,5
8326,Age>=50,Male,Undergraduate,Single,"Income<=$50,000",White,Not Donated,0,4,2,1,1,1,5
8327,Age<=29,Female,Undergraduate,Single,"Income<=$50,000",White,Donated,15,1,1,1,1,1,5
8328,40<=Age<=49,Male,Undergraduate,Married,"$50,000<Income<=$100,000",Black,Not Donated,0,3,2,1,2,2,2
8329,40<=Age<=49,Female,Undergraduate,Single,"$50,000<Income<=$100,000",Asian,Not Donated,0,3,1,1,1,2,1
8330,Age<=29,Male,Graduate,Married,"Income<=$50,000",Black,Donated,65,1,2,2,2,1,2
8331,Age<=29,Male,Graduate,Single,"Income>$100,000",Black,Not Donated,0,1,2,2,1,3,2
8332,40<=Age<=49,Male,Undergraduate,Married,"Income<=$50,000",White,Not Donated,0,3,2,1,2,1,5
8333,Age<=29,Female,Undergraduate,Married,"Income<=$50,000",Hispanic,Not Donated,0,1,1,1,2,1,3
8334,Age<=29,Male,Undergraduate,Single,"$50,000<Income<=$100,000",Asian,Not Donated,0,1,2,1,1,2,1
8335,40<=Age<=49,Male,Undergraduate,Married,"Income<=$50,000",Hispanic,Not Donated,0,3,2,1,2,1,3
8336,Age>=50,Male,Undergraduate,Married,"$50,000<Income<=$100,000",White,Not Donated,0,4,2,1,2,2,5
8337,30<=Age<=39,Female,Graduate,Single,"Income<=$50,000",White,Donated,70,2,1,2,1,1,5
8338,30<=Age<=39,Male,Undergraduate,Married,"Income<=$50,000",White,Not Donated,0,2,2,1,2,1,5
8339,30<=Age<=39,Male,Undergraduate,Married,"$50,000<Income<=$100,000",White,Not Donated,0,2,2,1,2,2,5
8340,Age<=29,Male,Undergraduate,Single,"Income<=$50,000",Other,Donated,20,1,2,1,1,1,4
8341,30<=Age<=39,Male,Graduate,Single,"Income<=$50,000",Hispanic,Donated,60,2,2,2,1,1,3
8342,40<=Age<=49,Male,Graduate,Married,"$50,000<Income<=$100,000",White,Donated,120,3,2,2,2,2,5
8343,Age<=29,Female,Undergraduate,Married,"Income<=$50,000",White,Not Donated,0,1,1,1,2,1,5
8344,Age<=29,Male,Undergraduate,Married,"Income>$100,000",Asian,Not Donated,0,1,2,1,2,3,1
8345,Age>=50,Male,Undergraduate,Single,"Income<=$50,000",White,Not Donated,0,4,2,1,1,1,5
8346,40<=Age<=49,Male,Undergraduate,Single,"Income>$100,000",White,Donated,100,3,2,1,1,3,5
8347,40<=Age<=49,Female,Undergraduate,Married,"Income>$100,000",White,Donated,130,3,1,1,2,3,5
8348,Age<=29,Female,Undergraduate,Married,"Income<=$50,000",White,Not Donated,0,1,1,1,2,1,5
8349,40<=Age<=49,Male,Undergraduate,Married,"Income<=$50,000",Asian,Not Donated,0,3,2,1,2,1,1
8350,30<=Age<=39,Female,Undergraduate,Married,"Income<=$50,000",Asian,Not Donated,0,2,1,1,2,1,1
8351,30<=Age<=39,Female,Undergraduate,Single,"Income<=$50,000",White,Donated,40,2,1,1,1,1,5
8352,40<=Age<=49,Female,Undergraduate,Married,"Income<=$50,000",White,Donated,80,3,1,1,2,1,5
8353,Age<=29,Female,Undergraduate,Married,"$50,000<Income<=$100,000",White,Donated,40,1,1,1,2,2,5
8354,30<=Age<=39,Male,Graduate,Single,"$50,000<Income<=$100,000",White,Not Donated,0,2,2,2,1,2,5
8355,Age<=29,Female,Undergraduate,Married,"$50,000<Income<=$100,000",White,Not Donated,0,1,1,1,2,2,5
8356,Age<=29,Female,Undergraduate,Single,"$50,000<Income<=$100,000",Asian,Donated,40,1,1,1,1,2,1
8357,Age>=50,Female,Undergraduate,Single,"$50,000<Income<=$100,000",White,Not Donated,0,4,1,1,1,2,5
8358,40<=Age<=49,Male,Graduate,Married,"$50,000<Income<=$100,000",White,Not Donated,0,3,2,2,2,2,5
8359,40<=Age<=49,Female,Undergraduate,Single,"$50,000<Income<=$100,000",Black,Donated,105,3,1,1,1,2,2
8360,Age<=29,Female,Undergraduate,Married,"$50,000<Income<=$100,000",White,Not Donated,0,1,1,1,2,2,5
8361,40<=Age<=49,Male,Undergraduate,Single,"$50,000<Income<=$100,000",Hispanic,Not Donated,0,3,2,1,1,2,3
8362,Age>=50,Male,Undergraduate,Single,"Income<=$50,000",White,Not Donated,0,4,2,1,1,1,5
8363,30<=Age<=39,Female,Undergraduate,Married,"Income<=$50,000",Hispanic,Donated,65,2,1,1,2,1,3
8364,40<=Age<=49,Female,Undergraduate,Married,"Income<=$50,000",Other,Not Donated,0,3,1,1,2,1,4
8365,40<=Age<=49,Male,Undergraduate,Single,"$50,000<Income<=$100,000",White,Donated,90,3,2,1,1,2,5
8366,Age>=50,Female,Undergraduate,Married,"Income<=$50,000",White,Not Donated,0,4,1,1,2,1,5
8367,Age>=50,Female,Undergraduate,Married,"Income<=$50,000",Other,Not Donated,0,4,1,1,2,1,4
8368,30<=Age<=39,Male,Undergraduate,Single,"Income>$100,000",White,Donated,120,2,2,1,1,3,5
8369,30<=Age<=39,Female,Undergraduate,Single,"Income>$100,000",Asian,Donated,115,2,1,1,1,3,1
8370,Age<=29,Male,Undergraduate,Married,"Income<=$50,000",White,Donated,35,1,2,1,2,1,5
8371,Age<=29,Male,Undergraduate,Married,"Income<=$50,000",White,Not Donated,0,1,2,1,2,1,5
8372,30<=Age<=39,Male,Graduate,Married,"$50,000<Income<=$100,000",Black,Not Donated,0,2,2,2,2,2,2
8373,30<=Age<=39,Female,Undergraduate,Married,"$50,000<Income<=$100,000",White,Not Donated,0,2,1,1,2,2,5
8374,40<=Age<=49,Female,Undergraduate,Single,"$50,000<Income<=$100,000",White,Not Donated,0,3,1,1,1,2,5
8375,30<=Age<=39,Female,Graduate,Married,"Income>$100,000",Hispanic,Not Donated,0,2,1,2,2,3,3
8376,30<=Age<=39,Female,Undergraduate,Married,"Income<=$50,000",White,Donated,55,2,1,1,2,1,5
8377,Age<=29,Male,Undergraduate,Married,"Income>$100,000",White,Not Donated,0,1,2,1,2,3,5
8378,40<=Age<=49,Male,Undergraduate,Married,"$50,000<Income<=$100,000",White,Not Donated,0,3,2,1,2,2,5
8379,Age<=29,Male,Undergraduate,Single,"Income<=$50,000",White,Donated,35,1,2,1,1,1,5
8380,Age<=29,Male,Undergraduate,Married,"Income<=$50,000",White,Donated,30,1,2,1,2,1,5
8381,Age>=50,Male,Undergraduate,Married,"$50,000<Income<=$100,000",Hispanic,Donated,95,4,2,1,2,2,3
8382,40<=Age<=49,Female,Undergraduate,Married,"Income<=$50,000",White,Not Donated,0,3,1,1,2,1,5
8383,30<=Age<=39,Male,Undergraduate,Single,"$50,000<Income<=$100,000",White,Donated,55,2,2,1,1,2,5
8384,Age<=29,Female,Undergraduate,Married,"Income<=$50,000",White,Not Donated,0,1,1,1,2,1,5
8385,Age<=29,Male,Undergraduate,Single,"Income<=$50,000",Black,Not Donated,0,1,2,1,1,1,2
8386,Age>=50,Male,Undergraduate,Married,"$50,000<Income<=$100,000",Hispanic,Not Donated,0,4,2,1,2,2,3
8387,40<=Age<=49,Male,Graduate,Married,"$50,000<Income<=$100,000",Black,Not Donated,0,3,2,2,2,2,2
8388,Age<=29,Male,Undergraduate,Single,"$50,000<Income<=$100,000",Hispanic,Not Donated,0,1,2,1,1,2,3
8389,Age>=50,Female,Graduate,Married,"Income<=$50,000",Asian,Donated,105,4,1,2,2,1,1
8390,40<=Age<=49,Male,Undergraduate,Married,"$50,000<Income<=$100,000",White,Donated,110,3,2,1,2,2,5
8391,40<=Age<=49,Male,Undergraduate,Married,"$50,000<Income<=$100,000",White,Not Donated,0,3,2,1,2,2,5
8392,40<=Age<=49,Female,Undergraduate,Single,"Income<=$50,000",White,Donated,70,3,1,1,1,1,5
8393,30<=Age<=39,Female,Undergraduate,Married,"Income>$100,000",Other,Not Donated,0,2,1,1,2,3,4
8394,Age<=29,Female,Undergraduate,Married,"$50,000<Income<=$100,000",Asian,Donated,65,1,1,1,2,2,1
8395,Age<=29,Female,Undergraduate,Single,"Income<=$50,000",White,Not Donated,0,1,1,1,1,1,5
8396,40<=Age<=49,Male,Undergraduate,Single,"Income<=$50,000",Other,Not Donated,0,3,2,1,1,1,4
8397,Age>=50,Female,Undergraduate,Single,"Income>$100,000",Asian,Not Donated,0,4,1,1,1,3,1
8398,Age<=29,Male,Undergraduate,Married,"$50,000<Income<=$100,000",White,Donated,55,1,2,1,2,2,5
8399,30<=Age<=39,Female,Undergraduate,Single,"Income<=$50,000",Other,Not Donated,0,2,1,1,1,1,4
8400,30<=Age<=39,Female,Undergraduate,Married,"$50,000<Income<=$100,000",Other,Donated,75,2,1,1,2,2,4
8401,30<=Age<=39,Female,Undergraduate,Single,"Income<=$50,000",White,Not Donated,0,2,1,1,1,1,5
8402,Age>=50,Male,Undergraduate,Married,"$50,000<Income<=$100,000",White,Donated,125,4,2,1,2,2,5
8403,Age>=50,Male,Undergraduate,Single,"Income>$100,000",White,Not Donated,0,4,2,1,1,3,5
8404,40<=Age<=49,Male,Undergraduate,Married,"$50,000<Income<=$100,000",Black,Not Donated,0,3,2,1,2,2,2
8405,30<=Age<=39,Female,Undergraduate,Single,"Income<=$50,000",White,Not Donated,0,2,1,1,1,1,5
8406,Age<=29,Male,Undergraduate,Married,"Income<=$50,000",Asian,Not Donated,0,1,2,1,2,1,1
8407,30<=Age<=39,Female,Undergraduate,Single,"$50,000<Income<=$100,000",White,Not Donated,0,2,1,1,1,2,5
8408,30<=Age<=39,Male,Undergraduate,Married,"$50,000<Income<=$100,000",Hispanic,Donated,100,2,2,1,2,2,3
8409,40<=Age<=49,Male,Undergraduate,Single,"Income<=$50,000",White,Not Donated,0,3,2,1,1,1,5
8410,40<=Age<=49,Female,Undergraduate,Single,"Income<=$50,000",White,Not Donated,0,3,1,1,1,1,5
8411,Age>=50,Female,Undergraduate,Single,"$50,000<Income<=$100,000",Asian,Not Donated,0,4,1,1,1,2,1
8412,Age<=29,Female,Undergraduate,Married,"Income<=$50,000",White,Donated,25,1,1,1,2,1,5
8413,Age<=29,Female,Undergraduate,Single,"Income>$100,000",Asian,Donated,65,1,1,1,1,3,1
8414,Age<=29,Female,Undergraduate,Married,"Income<=$50,000",Hispanic,Not Donated,0,1,1,1,2,1,3
8415,40<=Age<=49,Male,Undergraduate,Married,"Income<=$50,000",White,Not Donated,0,3,2,1,2,1,5
8416,40<=Age<=49,Male,Undergraduate,Married,"Income>$100,000",White,Not Donated,0,3,2,1,2,3,5
8417,30<=Age<=39,Male,Undergraduate,Married,"$50,000<Income<=$100,000",White,Donated,95,2,2,1,2,2,5
8418,Age>=50,Female,Graduate,Single,"$50,000<Income<=$100,000",Black,Not Donated,0,4,1,2,1,2,2
8419,40<=Age<=49,Male,Undergraduate,Married,"$50,000<Income<=$100,000",Black,Donated,80,3,2,1,2,2,2
8420,30<=Age<=39,Female,Undergraduate,Married,"Income<=$50,000",Black,Not Donated,0,2,1,1,2,1,2
8421,30<=Age<=39,Male,Undergraduate,Married,"Income<=$50,000",White,Donated,55,2,2,1,2,1,5
8422,Age>=50,Female,Undergraduate,Married,"Income<=$50,000",White,Not Donated,0,4,1,1,2,1,5
8423,40<=Age<=49,Female,Undergraduate,Married,"Income<=$50,000",White,Not Donated,0,3,1,1,2,1,5
8424,40<=Age<=49,Female,Undergraduate,Single,"Income<=$50,000",White,Not Donated,0,3,1,1,1,1,5
8425,30<=Age<=39,Female,Undergraduate,Single,"Income>$100,000",White,Not Donated,0,2,1,1,1,3,5
8426,Age<=29,Female,Undergraduate,Married,"$50,000<Income<=$100,000",Asian,Donated,50,1,1,1,2,2,1
8427,Age>=50,Male,Undergraduate,Married,"Income<=$50,000",White,Not Donated,0,4,2,1,2,1,5
8428,30<=Age<=39,Female,Undergraduate,Married,"Income<=$50,000",White,Not Donated,0,2,1,1,2,1,5
8429,Age<=29,Male,Undergraduate,Single,"Income<=$50,000",White,Not Donated,0,1,2,1,1,1,5
8430,30<=Age<=39,Male,Undergraduate,Single,"Income>$100,000",White,Donated,90,2,2,1,1,3,5
8431,40<=Age<=49,Male,Undergraduate,Single,"Income<=$50,000",White,Not Donated,0,3,2,1,1,1,5
8432,40<=Age<=49,Female,Undergraduate,Married,"$50,000<Income<=$100,000",White,Not Donated,0,3,1,1,2,2,5
8433,30<=Age<=39,Male,Undergraduate,Married,"$50,000<Income<=$100,000",White,Not Donated,0,2,2,1,2,2,5
8434,Age<=29,Female,Graduate,Single,"Income<=$50,000",White,Donated,50,1,1,2,1,1,5
8435,Age<=29,Female,Undergraduate,Married,"Income<=$50,000",White,Donated,45,1,1,1,2,1,5
8436,40<=Age<=49,Female,Undergraduate,Single,"$50,000<Income<=$100,000",White,Donated,90,3,1,1,1,2,5
8437,Age<=29,Female,Undergraduate,Single,"Income>$100,000",White,Not Donated,0,1,1,1,1,3,5
8438,40<=Age<=49,Male,Undergraduate,Married,"Income<=$50,000",White,Donated,85,3,2,1,2,1,5
8439,40<=Age<=49,Male,Undergraduate,Married,"Income>$100,000",White,Not Donated,0,3,2,1,2,3,5
8440,Age<=29,Male,Undergraduate,Married,"$50,000<Income<=$100,000",White,Not Donated,0,1,2,1,2,2,5
8441,30<=Age<=39,Male,Undergraduate,Married,"$50,000<Income<=$100,000",White,Donated,70,2,2,1,2,2,5
8442,Age>=50,Male,Undergraduate,Single,"Income<=$50,000",Black,Not Donated,0,4,2,1,1,1,2
8443,40<=Age<=49,Male,Graduate,Married,"Income<=$50,000",Black,Not Donated,0,3,2,2,2,1,2
8444,40<=Age<=49,Male,Undergraduate,Married,"Income<=$50,000",White,Not Donated,0,3,2,1,2,1,5
8445,Age<=29,Male,Undergraduate,Married,"Income<=$50,000",White,Donated,30,1,2,1,2,1,5
8446,30<=Age<=39,Male,Undergraduate,Single,"Income<=$50,000",White,Not Donated,0,2,2,1,1,1,5
8447,Age>=50,Male,Undergraduate,Married,"$50,000<Income<=$100,000",White,Not Donated,0,4,2,1,2,2,5
8448,30<=Age<=39,Male,Undergraduate,Single,"Income<=$50,000",White,Not Donated,0,2,2,1,1,1,5
8449,30<=Age<=39,Male,Undergraduate,Single,"Income>$100,000",White,Donated,75,2,2,1,1,3,5
8450,40<=Age<=49,Male,Graduate,Married,"$50,000<Income<=$100,000",White,Not Donated,0,3,2,2,2,2,5
8451,Age<=29,Female,Undergraduate,Single,"Income<=$50,000",White,Not Donated,0,1,1,1,1,1,5
8452,Age<=29,Female,Undergraduate,Married,"Income<=$50,000",Black,Not Donated,0,1,1,1,2,1,2
8453,Age<=29,Male,Undergraduate,Married,"$50,000<Income<=$100,000",Hispanic,Donated,55,1,2,1,2,2,3
8454,30<=Age<=39,Female,Undergraduate,Married,"$50,000<Income<=$100,000",Black,Not Donated,0,2,1,1,2,2,2
8455,Age>=50,Male,Undergraduate,Single,"Income<=$50,000",White,Not Donated,0,4,2,1,1,1,5
8456,30<=Age<=39,Male,Undergraduate,Single,"Income>$100,000",Black,Donated,105,2,2,1,1,3,2
8457,30<=Age<=39,Male,Undergraduate,Single,"Income<=$50,000",White,Donated,55,2,2,1,1,1,5
8458,30<=Age<=39,Female,Undergraduate,Married,"Income<=$50,000",White,Donated,65,2,1,1,2,1,5
8459,30<=Age<=39,Female,Undergraduate,Married,"$50,000<Income<=$100,000",White,Not Donated,0,2,1,1,2,2,5
8460,30<=Age<=39,Female,Undergraduate,Married,"Income<=$50,000",White,Donated,45,2,1,1,2,1,5
8461,Age>=50,Male,Undergraduate,Married,"$50,000<Income<=$100,000",Hispanic,Donated,110,4,2,1,2,2,3
8462,30<=Age<=39,Male,Undergraduate,Married,"$50,000<Income<=$100,000",White,Not Donated,0,2,2,1,2,2,5
8463,Age<=29,Female,Undergraduate,Married,"Income<=$50,000",White,Not Donated,0,1,1,1,2,1,5
8464,Age>=50,Female,Undergraduate,Married,"Income<=$50,000",Black,Not Donated,0,4,1,1,2,1,2
8465,30<=Age<=39,Male,Undergraduate,Single,"$50,000<Income<=$100,000",White,Not Donated,0,2,2,1,1,2,5
8466,30<=Age<=39,Male,Undergraduate,Married,"Income<=$50,000",White,Not Donated,0,2,2,1,2,1,5
8467,40<=Age<=49,Female,Undergraduate,Married,"Income>$100,000",Hispanic,Donated,110,3,1,1,2,3,3
8468,40<=Age<=49,Female,Undergraduate,Married,"Income<=$50,000",White,Donated,75,3,1,1,2,1,5
8469,30<=Age<=39,Male,Undergraduate,Married,"Income>$100,000",White,Not Donated,0,2,2,1,2,3,5
8470,30<=Age<=39,Male,Undergraduate,Married,"Income<=$50,000",Black,Not Donated,0,2,2,1,2,1,2
8471,Age<=29,Male,Graduate,Married,"$50,000<Income<=$100,000",Hispanic,Not Donated,0,1,2,2,2,2,3
8472,30<=Age<=39,Male,Undergraduate,Single,"$50,000<Income<=$100,000",White,Not Donated,0,2,2,1,1,2,5
8473,Age<=29,Male,Undergraduate,Single,"Income<=$50,000",Hispanic,Not Donated,0,1,2,1,1,1,3
8474,Age<=29,Female,Undergraduate,Married,"Income>$100,000",Black,Donated,105,1,1,1,2,3,2
8475,Age<=29,Female,Undergraduate,Married,"$50,000<Income<=$100,000",Hispanic,Donated,60,1,1,1,2,2,3
8476,40<=Age<=49,Male,Undergraduate,Married,"Income<=$50,000",White,Not Donated,0,3,2,1,2,1,5
8477,30<=Age<=39,Female,Undergraduate,Married,"Income<=$50,000",White,Donated,50,2,1,1,2,1,5
8478,Age<=29,Male,Graduate,Married,"Income<=$50,000",Hispanic,Not Donated,0,1,2,2,2,1,3
8479,Age<=29,Female,Undergraduate,Married,"Income<=$50,000",White,Not Donated,0,1,1,1,2,1,5
8480,40<=Age<=49,Female,Undergraduate,Single,"Income<=$50,000",White,Not Donated,0,3,1,1,1,1,5
8481,Age>=50,Female,Graduate,Single,"Income<=$50,000",Other,Not Donated,0,4,1,2,1,1,4
8482,30<=Age<=39,Female,Undergraduate,Married,"Income>$100,000",Other,Donated,120,2,1,1,2,3,4
8483,30<=Age<=39,Female,Undergraduate,Single,"Income>$100,000",Hispanic,Donated,120,2,1,1,1,3,3
8484,30<=Age<=39,Male,Undergraduate,Married,"Income>$100,000",White,Not Donated,0,2,2,1,2,3,5
8485,30<=Age<=39,Female,Graduate,Single,"Income>$100,000",White,Donated,100,2,1,2,1,3,5
8486,Age<=29,Male,Undergraduate,Married,"$50,000<Income<=$100,000",White,Donated,80,1,2,1,2,2,5
8487,40<=Age<=49,Female,Undergraduate,Married,"Income<=$50,000",White,Not Donated,0,3,1,1,2,1,5
8488,30<=Age<=39,Female,Undergraduate,Married,"Income<=$50,000",Other,Not Donated,0,2,1,1,2,1,4
8489,Age<=29,Male,Graduate,Single,"Income>$100,000",Asian,Donated,95,1,2,2,1,3,1
8490,Age<=29,Female,Undergraduate,Married,"Income>$100,000",Asian,Not Donated,0,1,1,1,2,3,1
8491,Age>=50,Male,Undergraduate,Married,"Income<=$50,000",Hispanic,Not Donated,0,4,2,1,2,1,3
8492,40<=Age<=49,Male,Undergraduate,Single,"Income<=$50,000",White,Not Donated,0,3,2,1,1,1,5
8493,Age<=29,Male,Undergraduate,Married,"Income<=$50,000",White,Not Donated,0,1,2,1,2,1,5
8494,30<=Age<=39,Male,Undergraduate,Single,"Income>$100,000",Hispanic,Donated,100,2,2,1,1,3,3
8495,40<=Age<=49,Female,Graduate,Married,"Income<=$50,000",Other,Not Donated,0,3,1,2,2,1,4
8496,Age>=50,Male,Graduate,Married,"Income>$100,000",White,Not Donated,0,4,2,2,2,3,5
8497,Age<=29,Male,Undergraduate,Married,"$50,000<Income<=$100,000",Black,Not Donated,0,1,2,1,2,2,2
8498,40<=Age<=49,Female,Undergraduate,Single,"$50,000<Income<=$100,000",Other,Not Donated,0,3,1,1,1,2,4
8499,Age>=50,Female,Undergraduate,Married,"Income>$100,000",Asian,Donated,125,4,1,1,2,3,1
8500,30<=Age<=39,Female,Undergraduate,Married,"$50,000<Income<=$100,000",White,Donated,85,2,1,1,2,2,5
8501,Age<=29,Female,Undergraduate,Married,"Income>$100,000",White,Not Donated,0,1,1,1,2,3,5
8502,30<=Age<=39,Female,Undergraduate,Married,"Income<=$50,000",Other,Not Donated,0,2,1,1,2,1,4
8503,Age>=50,Male,Graduate,Married,"Income<=$50,000",Black,Not Donated,0,4,2,2,2,1,2
8504,30<=Age<=39,Male,Undergraduate,Single,"Income>$100,000",White,Not Donated,0,2,2,1,1,3,5
8505,Age<=29,Male,Graduate,Single,"Income<=$50,000",White,Donated,35,1,2,2,1,1,5
8506,Age>=50,Male,Undergraduate,Single,"Income>$100,000",Asian,Not Donated,0,4,2,1,1,3,1
8507,30<=Age<=39,Male,Graduate,Single,"$50,000<Income<=$100,000",White,Donated,80,2,2,2,1,2,5
8508,Age<=29,Male,Undergraduate,Married,"Income<=$50,000",White,Not Donated,0,1,2,1,2,1,5
8509,Age>=50,Female,Undergraduate,Single,"Income<=$50,000",Asian,Donated,90,4,1,1,1,1,1
8510,40<=Age<=49,Female,Undergraduate,Married,"Income>$100,000",Hispanic,Donated,115,3,1,1,2,3,3
8511,Age>=50,Male,Undergraduate,Married,"Income>$100,000",White,Not Donated,0,4,2,1,2,3,5
8512,Age<=29,Male,Undergraduate,Single,"Income<=$50,000",White,Not Donated,0,1,2,1,1,1,5
8513,Age<=29,Female,Undergraduate,Single,"Income<=$50,000",Black,Not Donated,0,1,1,1,1,1,2
8514,Age>=50,Male,Undergraduate,Single,"Income>$100,000",Hispanic,Donated,140,4,2,1,1,3,3
8515,30<=Age<=39,Male,Graduate,Single,"Income<=$50,000",White,Donated,55,2,2,2,1,1,5
8516,40<=Age<=49,Male,Undergraduate,Married,"Income>$100,000",Hispanic,Not Donated,0,3,2,1,2,3,3
8517,30<=Age<=39,Male,Undergraduate,Married,"Income<=$50,000",White,Donated,55,2,2,1,2,1,5
8518,30<=Age<=39,Female,Undergraduate,Married,"Income<=$50,000",White,Not Donated,0,2,1,1,2,1,5
8519,40<=Age<=49,Male,Undergraduate,Married,"$50,000<Income<=$100,000",Other,Not Donated,0,3,2,1,2,2,4
8520,40<=Age<=49,Female,Undergraduate,Married,"Income>$100,000",Hispanic,Not Donated,0,3,1,1,2,3,3
8521,40<=Age<=49,Female,Undergraduate,Married,"Income<=$50,000",White,Donated,65,3,1,1,2,1,5
8522,Age<=29,Male,Undergraduate,Single,"Income>$100,000",Asian,Not Donated,0,1,2,1,1,3,1
8523,Age>=50,Female,Undergraduate,Single,"Income<=$50,000",White,Donated,85,4,1,1,1,1,5
8524,40<=Age<=49,Male,Undergraduate,Married,"Income<=$50,000",White,Donated,75,3,2,1,2,1,5
8525,30<=Age<=39,Male,Undergraduate,Single,"$50,000<Income<=$100,000",White,Not Donated,0,2,2,1,1,2,5
8526,30<=Age<=39,Male,Undergraduate,Married,"Income<=$50,000",White,Not Donated,0,2,2,1,2,1,5
8527,Age<=29,Male,Undergraduate,Single,"Income>$100,000",Hispanic,Not Donated,0,1,2,1,1,3,3
8528,30<=Age<=39,Male,Undergraduate,Single,"Income<=$50,000",White,Not Donated,0,2,2,1,1,1,5
8529,Age<=29,Male,Undergraduate,Single,"Income<=$50,000",White,Donated,30,1,2,1,1,1,5
8530,Age<=29,Female,Undergraduate,Single,"Income<=$50,000",Hispanic,Not Donated,0,1,1,1,1,1,3
8531,40<=Age<=49,Male,Undergraduate,Married,"Income>$100,000",White,Not Donated,0,3,2,1,2,3,5
8532,Age<=29,Male,Undergraduate,Single,"$50,000<Income<=$100,000",White,Donated,65,1,2,1,1,2,5
8533,30<=Age<=39,Female,Undergraduate,Single,"$50,000<Income<=$100,000",White,Donated,75,2,1,1,1,2,5
8534,Age>=50,Male,Undergraduate,Married,"Income<=$50,000",Asian,Not Donated,0,4,2,1,2,1,1
8535,30<=Age<=39,Female,Undergraduate,Married,"Income>$100,000",Asian,Donated,115,2,1,1,2,3,1
8536,40<=Age<=49,Male,Undergraduate,Married,"$50,000<Income<=$100,000",White,Donated,105,3,2,1,2,2,5
8537,30<=Age<=39,Male,Graduate,Married,"$50,000<Income<=$100,000",White,Donated,100,2,2,2,2,2,5
8538,Age<=29,Female,Undergraduate,Married,"Income<=$50,000",White,Donated,50,1,1,1,2,1,5
8539,30<=Age<=39,Female,Undergraduate,Single,"Income<=$50,000",White,Not Donated,0,2,1,1,1,1,5
8540,Age<=29,Male,Undergraduate,Single,"Income>$100,000",White,Donated,90,1,2,1,1,3,5
8541,Age<=29,Male,Undergraduate,Married,"Income>$100,000",Asian,Not Donated,0,1,2,1,2,3,1
8542,Age>=50,Female,Undergraduate,Married,"Income<=$50,000",White,Donated,90,4,1,1,2,1,5
8543,Age<=29,Female,Undergraduate,Single,"$50,000<Income<=$100,000",White,Not Donated,0,1,1,1,1,2,5
8544,40<=Age<=49,Male,Undergraduate,Married,"Income<=$50,000",White,Not Donated,0,3,2,1,2,1,5
8545,Age<=29,Female,Undergraduate,Single,"Income>$100,000",White,Donated,60,1,1,1,1,3,5
8546,30<=Age<=39,Female,Graduate,Single,"Income<=$50,000",White,Donated,65,2,1,2,1,1,5
8547,30<=Age<=39,Male,Undergraduate,Single,"Income>$100,000",Asian,Not Donated,0,2,2,1,1,3,1
8548,40<=Age<=49,Male,Undergraduate,Single,"Income<=$50,000",Other,Not Donated,0,3,2,1,1,1,4
8549,40<=Age<=49,Male,Undergraduate,Single,"Income<=$50,000",Asian,Not Donated,0,3,2,1,1,1,1
8550,Age<=29,Female,Undergraduate,Single,"$50,000<Income<=$100,000",White,Donated,50,1,1,1,1,2,5
8551,30<=Age<=39,Female,Undergraduate,Single,"$50,000<Income<=$100,000",Hispanic,Not Donated,0,2,1,1,1,2,3
8552,30<=Age<=39,Female,Undergraduate,Married,"Income<=$50,000",White,Donated,55,2,1,1,2,1,5
8553,Age<=29,Male,Undergraduate,Married,"Income>$100,000",White,Donated,115,1,2,1,2,3,5
8554,40<=Age<=49,Male,Undergraduate,Single,"$50,000<Income<=$100,000",White,Not Donated,0,3,2,1,1,2,5
8555,Age<=29,Male,Undergraduate,Married,"Income<=$50,000",White,Not Donated,0,1,2,1,2,1,5
8556,Age>=50,Male,Undergraduate,Single,"Income<=$50,000",White,Donated,85,4,2,1,1,1,5
8557,40<=Age<=49,Male,Undergraduate,Single,"Income>$100,000",Asian,Not Donated,0,3,2,1,1,3,1
8558,40<=Age<=49,Female,Undergraduate,Single,"$50,000<Income<=$100,000",White,Not Donated,0,3,1,1,1,2,5
8559,Age<=29,Female,Graduate,Married,"Income<=$50,000",White,Donated,65,1,1,2,2,1,5
8560,Age>=50,Female,Undergraduate,Single,"$50,000<Income<=$100,000",Black,Not Donated,0,4,1,1,1,2,2
8561,Age>=50,Female,Undergraduate,Married,"Income<=$50,000",Black,Not Donated,0,4,1,1,2,1,2
8562,30<=Age<=39,Male,Undergraduate,Married,"$50,000<Income<=$100,000",White,Not Donated,0,2,2,1,2,2,5
8563,40<=Age<=49,Male,Undergraduate,Married,"Income<=$50,000",White,Not Donated,0,3,2,1,2,1,5
8564,40<=Age<=49,Male,Graduate,Married,"$50,000<Income<=$100,000",White,Donated,105,3,2,2,2,2,5
8565,30<=Age<=39,Female,Undergraduate,Single,"$50,000<Income<=$100,000",Black,Not Donated,0,2,1,1,1,2,2
8566,Age<=29,Female,Undergraduate,Married,"$50,000<Income<=$100,000",White,Donated,55,1,1,1,2,2,5
8567,40<=Age<=49,Female,Graduate,Married,"Income<=$50,000",White,Not Donated,0,3,1,2,2,1,5
8568,Age<=29,Male,Undergraduate,Married,"Income<=$50,000",Asian,Not Donated,0,1,2,1,2,1,1
8569,30<=Age<=39,Male,Undergraduate,Married,"Income<=$50,000",Black,Donated,50,2,2,1,2,1,2
8570,30<=Age<=39,Female,Undergraduate,Married,"Income>$100,000",White,Donated,90,2,1,1,2,3,5
8571,30<=Age<=39,Female,Undergraduate,Single,"Income<=$50,000",Hispanic,Not Donated,0,2,1,1,1,1,3
8572,Age<=29,Male,Undergraduate,Married,"Income<=$50,000",Asian,Not Donated,0,1,2,1,2,1,1
8573,Age>=50,Male,Undergraduate,Married,"$50,000<Income<=$100,000",White,Donated,125,4,2,1,2,2,5
8574,30<=Age<=39,Male,Undergraduate,Single,"$50,000<Income<=$100,000",White,Not Donated,0,2,2,1,1,2,5
8575,30<=Age<=39,Female,Undergraduate,Married,"Income>$100,000",White,Not Donated,0,2,1,1,2,3,5
8576,30<=Age<=39,Female,Undergraduate,Married,"Income<=$50,000",White,Not Donated,0,2,1,1,2,1,5
8577,30<=Age<=39,Female,Undergraduate,Single,"$50,000<Income<=$100,000",Other,Not Donated,0,2,1,1,1,2,4
8578,Age>=50,Female,Undergraduate,Married,"$50,000<Income<=$100,000",White,Not Donated,0,4,1,1,2,2,5
8579,40<=Age<=49,Male,Undergraduate,Single,"Income<=$50,000",White,Not Donated,0,3,2,1,1,1,5
8580,30<=Age<=39,Male,Undergraduate,Single,"Income<=$50,000",White,Not Donated,0,2,2,1,1,1,5
8581,Age<=29,Male,Undergraduate,Married,"Income<=$50,000",Black,Not Donated,0,1,2,1,2,1,2
8582,Age>=50,Male,Undergraduate,Single,"$50,000<Income<=$100,000",White,Not Donated,0,4,2,1,1,2,5
8583,Age>=50,Female,Undergraduate,Married,"Income<=$50,000",White,Not Donated,0,4,1,1,2,1,5
8584,30<=Age<=39,Female,Undergraduate,Single,"Income<=$50,000",White,Not Donated,0,2,1,1,1,1,5
8585,Age>=50,Female,Undergraduate,Married,"$50,000<Income<=$100,000",Hispanic,Not Donated,0,4,1,1,2,2,3
8586,30<=Age<=39,Male,Undergraduate,Single,"Income<=$50,000",White,Donated,40,2,2,1,1,1,5
8587,40<=Age<=49,Male,Undergraduate,Married,"Income<=$50,000",Asian,Donated,75,3,2,1,2,1,1
8588,40<=Age<=49,Male,Graduate,Married,"Income<=$50,000",Asian,Donated,85,3,2,2,2,1,1
8589,Age<=29,Male,Undergraduate,Married,"Income>$100,000",Asian,Donated,90,1,2,1,2,3,1
8590,Age<=29,Female,Undergraduate,Married,"$50,000<Income<=$100,000",Black,Donated,75,1,1,1,2,2,2
8591,40<=Age<=49,Male,Undergraduate,Single,"Income>$100,000",Black,Donated,125,3,2,1,1,3,2
8592,40<=Age<=49,Female,Undergraduate,Married,"Income>$100,000",White,Not Donated,0,3,1,1,2,3,5
8593,30<=Age<=39,Female,Undergraduate,Married,"Income<=$50,000",White,Not Donated,0,2,1,1,2,1,5
8594,Age<=29,Male,Undergraduate,Single,"Income<=$50,000",Asian,Donated,20,1,2,1,1,1,1
8595,Age>=50,Female,Undergraduate,Married,"$50,000<Income<=$100,000",White,Not Donated,0,4,1,1,2,2,5
8596,Age<=29,Male,Undergraduate,Married,"$50,000<Income<=$100,000",Other,Not Donated,0,1,2,1,2,2,4
8597,Age>=50,Female,Undergraduate,Married,"$50,000<Income<=$100,000",Other,Not Donated,0,4,1,1,2,2,4
8598,Age>=50,Male,Undergraduate,Married,"$50,000<Income<=$100,000",White,Not Donated,0,4,2,1,2,2,5
8599,Age>=50,Male,Undergraduate,Married,"$50,000<Income<=$100,000",White,Not Donated,0,4,2,1,2,2,5
8600,Age<=29,Male,Undergraduate,Married,"Income<=$50,000",White,Not Donated,0,1,2,1,2,1,5
8601,Age<=29,Female,Undergraduate,Married,"Income<=$50,000",Asian,Not Donated,0,1,1,1,2,1,1
8602,Age<=29,Male,Undergraduate,Married,"$50,000<Income<=$100,000",Other,Not Donated,0,1,2,1,2,2,4
8603,30<=Age<=39,Male,Graduate,Single,"Income<=$50,000",White,Donated,70,2,2,2,1,1,5
8604,40<=Age<=49,Female,Undergraduate,Married,"$50,000<Income<=$100,000",White,Not Donated,0,3,1,1,2,2,5
8605,40<=Age<=49,Female,Graduate,Single,"Income<=$50,000",Black,Not Donated,0,3,1,2,1,1,2
8606,Age>=50,Male,Undergraduate,Married,"Income<=$50,000",White,Not Donated,0,4,2,1,2,1,5
8607,Age<=29,Female,Undergraduate,Single,"Income>$100,000",Asian,Donated,95,1,1,1,1,3,1
8608,Age>=50,Male,Undergraduate,Married,"Income>$100,000",White,Not Donated,0,4,2,1,2,3,5
8609,Age<=29,Male,Graduate,Married,"Income>$100,000",Hispanic,Not Donated,0,1,2,2,2,3,3
8610,40<=Age<=49,Male,Undergraduate,Married,"Income<=$50,000",White,Not Donated,0,3,2,1,2,1,5
8611,40<=Age<=49,Female,Undergraduate,Single,"Income<=$50,000",White,Not Donated,0,3,1,1,1,1,5
8612,30<=Age<=39,Male,Undergraduate,Single,"$50,000<Income<=$100,000",White,Not Donated,0,2,2,1,1,2,5
8613,Age<=29,Male,Undergraduate,Married,"Income<=$50,000",White,Donated,35,1,2,1,2,1,5
8614,30<=Age<=39,Female,Graduate,Married,"Income<=$50,000",Hispanic,Not Donated,0,2,1,2,2,1,3
8615,30<=Age<=39,Male,Undergraduate,Single,"Income<=$50,000",White,Not Donated,0,2,2,1,1,1,5
8616,30<=Age<=39,Female,Undergraduate,Married,"Income<=$50,000",White,Not Donated,0,2,1,1,2,1,5
8617,Age>=50,Male,Undergraduate,Married,"Income>$100,000",White,Not Donated,0,4,2,1,2,3,5
8618,Age>=50,Female,Graduate,Single,"Income>$100,000",White,Not Donated,0,4,1,2,1,3,5
8619,Age<=29,Male,Undergraduate,Married,"$50,000<Income<=$100,000",White,Not Donated,0,1,2,1,2,2,5
8620,Age<=29,Male,Undergraduate,Married,"$50,000<Income<=$100,000",White,Donated,85,1,2,1,2,2,5
8621,Age<=29,Male,Graduate,Married,"Income<=$50,000",Asian,Not Donated,0,1,2,2,2,1,1
8622,Age<=29,Male,Undergraduate,Married,"Income>$100,000",White,Not Donated,0,1,2,1,2,3,5
8623,Age<=29,Male,Graduate,Married,"Income<=$50,000",Hispanic,Not Donated,0,1,2,2,2,1,3
8624,Age>=50,Male,Undergraduate,Single,"Income<=$50,000",White,Not Donated,0,4,2,1,1,1,5
8625,30<=Age<=39,Male,Undergraduate,Married,"Income<=$50,000",White,Not Donated,0,2,2,1,2,1,5
8626,Age>=50,Female,Graduate,Married,"$50,000<Income<=$100,000",Hispanic,Not Donated,0,4,1,2,2,2,3
8627,30<=Age<=39,Male,Undergraduate,Married,"Income>$100,000",White,Not Donated,0,2,2,1,2,3,5
8628,30<=Age<=39,Female,Undergraduate,Single,"Income<=$50,000",White,Not Donated,0,2,1,1,1,1,5
8629,Age>=50,Male,Undergraduate,Married,"Income>$100,000",White,Donated,135,4,2,1,2,3,5
8630,30<=Age<=39,Female,Undergraduate,Married,"$50,000<Income<=$100,000",White,Not Donated,0,2,1,1,2,2,5
8631,30<=Age<=39,Male,Undergraduate,Married,"Income<=$50,000",White,Not Donated,0,2,2,1,2,1,5
8632,Age<=29,Male,Graduate,Single,"Income>$100,000",White,Donated,95,1,2,2,1,3,5
8633,Age<=29,Male,Undergraduate,Married,"Income>$100,000",Hispanic,Not Donated,0,1,2,1,2,3,3
8634,Age<=29,Female,Undergraduate,Married,"Income>$100,000",White,Not Donated,0,1,1,1,2,3,5
8635,30<=Age<=39,Female,Undergraduate,Married,"Income<=$50,000",White,Not Donated,0,2,1,1,2,1,5
8636,Age<=29,Male,Undergraduate,Single,"Income<=$50,000",White,Donated,40,1,2,1,1,1,5
8637,30<=Age<=39,Male,Undergraduate,Single,"$50,000<Income<=$100,000",White,Donated,65,2,2,1,1,2,5
8638,Age<=29,Male,Undergraduate,Married,"Income<=$50,000",White,Donated,40,1,2,1,2,1,5
8639,Age<=29,Male,Undergraduate,Single,"Income>$100,000",White,Not Donated,0,1,2,1,1,3,5
8640,30<=Age<=39,Male,Undergraduate,Married,"Income<=$50,000",Other,Not Donated,0,2,2,1,2,1,4
8641,Age>=50,Male,Undergraduate,Married,"$50,000<Income<=$100,000",White,Donated,105,4,2,1,2,2,5
8642,Age>=50,Female,Undergraduate,Single,"$50,000<Income<=$100,000",Other,Not Donated,0,4,1,1,1,2,4
8643,30<=Age<=39,Female,Undergraduate,Married,"Income>$100,000",White,Not Donated,0,2,1,1,2,3,5
8644,Age>=50,Male,Undergraduate,Married,"Income<=$50,000",White,Not Donated,0,4,2,1,2,1,5
8645,30<=Age<=39,Male,Undergraduate,Married,"Income<=$50,000",White,Not Donated,0,2,2,1,2,1,5
8646,30<=Age<=39,Male,Graduate,Single,"Income<=$50,000",Other,Not Donated,0,2,2,2,1,1,4
8647,30<=Age<=39,Male,Undergraduate,Married,"Income>$100,000",White,Not Donated,0,2,2,1,2,3,5
8648,40<=Age<=49,Female,Undergraduate,Married,"$50,000<Income<=$100,000",White,Not Donated,0,3,1,1,2,2,5
8649,30<=Age<=39,Male,Graduate,Married,"Income>$100,000",Black,Not Donated,0,2,2,2,2,3,2
8650,Age>=50,Female,Undergraduate,Married,"$50,000<Income<=$100,000",White,Not Donated,0,4,1,1,2,2,5
8651,30<=Age<=39,Male,Undergraduate,Single,"Income<=$50,000",White,Not Donated,0,2,2,1,1,1,5
8652,30<=Age<=39,Male,Undergraduate,Single,"Income<=$50,000",White,Not Donated,0,2,2,1,1,1,5
8653,Age>=50,Female,Undergraduate,Married,"Income<=$50,000",Asian,Not Donated,0,4,1,1,2,1,1
8654,30<=Age<=39,Male,Undergraduate,Single,"$50,000<Income<=$100,000",White,Not Donated,0,2,2,1,1,2,5
8655,Age<=29,Female,Undergraduate,Single,"Income<=$50,000",White,Not Donated,0,1,1,1,1,1,5
8656,Age<=29,Female,Undergraduate,Married,"Income<=$50,000",Hispanic,Donated,20,1,1,1,2,1,3
8657,Age<=29,Male,Undergraduate,Married,"Income<=$50,000",White,Donated,45,1,2,1,2,1,5
8658,Age<=29,Male,Undergraduate,Single,"$50,000<Income<=$100,000",White,Not Donated,0,1,2,1,1,2,5
8659,Age<=29,Male,Undergraduate,Married,"Income>$100,000",White,Donated,75,1,2,1,2,3,5
8660,Age<=29,Male,Undergraduate,Married,"Income<=$50,000",White,Donated,35,1,2,1,2,1,5
8661,Age<=29,Male,Undergraduate,Married,"Income<=$50,000",White,Donated,25,1,2,1,2,1,5
8662,30<=Age<=39,Female,Undergraduate,Married,"Income<=$50,000",Black,Not Donated,0,2,1,1,2,1,2
8663,Age<=29,Male,Undergraduate,Single,"Income>$100,000",White,Not Donated,0,1,2,1,1,3,5
8664,40<=Age<=49,Male,Undergraduate,Married,"Income<=$50,000",White,Not Donated,0,3,2,1,2,1,5
8665,40<=Age<=49,Female,Undergraduate,Married,"$50,000<Income<=$100,000",Black,Not Donated,0,3,1,1,2,2,2
8666,30<=Age<=39,Male,Undergraduate,Single,"Income<=$50,000",White,Not Donated,0,2,2,1,1,1,5
8667,Age<=29,Female,Undergraduate,Married,"Income>$100,000",White,Not Donated,0,1,1,1,2,3,5
8668,Age<=29,Male,Graduate,Married,"Income>$100,000",Hispanic,Donated,90,1,2,2,2,3,3
8669,Age<=29,Male,Undergraduate,Single,"Income<=$50,000",White,Donated,35,1,2,1,1,1,5
8670,30<=Age<=39,Female,Graduate,Married,"$50,000<Income<=$100,000",White,Not Donated,0,2,1,2,2,2,5
8671,40<=Age<=49,Male,Undergraduate,Single,"Income<=$50,000",White,Not Donated,0,3,2,1,1,1,5
8672,Age>=50,Female,Undergraduate,Married,"$50,000<Income<=$100,000",White,Not Donated,0,4,1,1,2,2,5
8673,40<=Age<=49,Female,Undergraduate,Married,"Income<=$50,000",White,Not Donated,0,3,1,1,2,1,5
8674,Age<=29,Male,Undergraduate,Married,"Income>$100,000",White,Donated,95,1,2,1,2,3,5
8675,Age>=50,Female,Undergraduate,Single,"Income<=$50,000",White,Not Donated,0,4,1,1,1,1,5
8676,Age<=29,Male,Undergraduate,Married,"Income>$100,000",White,Not Donated,0,1,2,1,2,3,5
8677,Age>=50,Male,Undergraduate,Married,"$50,000<Income<=$100,000",White,Not Donated,0,4,2,1,2,2,5
8678,Age<=29,Female,Undergraduate,Single,"Income>$100,000",White,Donated,75,1,1,1,1,3,5
8679,Age>=50,Female,Undergraduate,Married,"$50,000<Income<=$100,000",White,Not Donated,0,4,1,1,2,2,5
8680,Age<=29,Male,Undergraduate,Married,"$50,000<Income<=$100,000",White,Donated,65,1,2,1,2,2,5
8681,Age<=29,Male,Undergraduate,Married,"Income<=$50,000",White,Donated,35,1,2,1,2,1,5
8682,30<=Age<=39,Male,Undergraduate,Married,"Income<=$50,000",Hispanic,Not Donated,0,2,2,1,2,1,3
8683,40<=Age<=49,Female,Undergraduate,Married,"Income<=$50,000",White,Not Donated,0,3,1,1,2,1,5
8684,Age>=50,Female,Undergraduate,Married,"$50,000<Income<=$100,000",White,Not Donated,0,4,1,1,2,2,5
8685,Age>=50,Female,Undergraduate,Single,"Income<=$50,000",White,Donated,85,4,1,1,1,1,5
8686,Age>=50,Male,Undergraduate,Single,"Income<=$50,000",White,Not Donated,0,4,2,1,1,1,5
8687,30<=Age<=39,Male,Undergraduate,Married,"$50,000<Income<=$100,000",White,Donated,75,2,2,1,2,2,5
8688,Age<=29,Male,Undergraduate,Married,"Income>$100,000",White,Donated,120,1,2,1,2,3,5
8689,Age<=29,Male,Undergraduate,Married,"$50,000<Income<=$100,000",Black,Not Donated,0,1,2,1,2,2,2
8690,Age>=50,Female,Undergraduate,Single,"Income<=$50,000",Black,Not Donated,0,4,1,1,1,1,2
8691,Age<=29,Male,Undergraduate,Married,"Income<=$50,000",White,Not Donated,0,1,2,1,2,1,5
8692,30<=Age<=39,Female,Undergraduate,Single,"Income<=$50,000",White,Not Donated,0,2,1,1,1,1,5
8693,30<=Age<=39,Female,Undergraduate,Single,"Income<=$50,000",White,Not Donated,0,2,1,1,1,1,5
8694,Age<=29,Female,Undergraduate,Single,"Income>$100,000",Hispanic,Not Donated,0,1,1,1,1,3,3
8695,Age>=50,Female,Undergraduate,Married,"$50,000<Income<=$100,000",Black,Not Donated,0,4,1,1,2,2,2
8696,40<=Age<=49,Male,Undergraduate,Married,"Income<=$50,000",White,Not Donated,0,3,2,1,2,1,5
8697,40<=Age<=49,Female,Undergraduate,Single,"Income<=$50,000",White,Not Donated,0,3,1,1,1,1,5
8698,40<=Age<=49,Male,Undergraduate,Married,"Income<=$50,000",White,Not Donated,0,3,2,1,2,1,5
8699,Age<=29,Female,Undergraduate,Single,"Income<=$50,000",Black,Not Donated,0,1,1,1,1,1,2
8700,40<=Age<=49,Male,Undergraduate,Married,"$50,000<Income<=$100,000",White,Not Donated,0,3,2,1,2,2,5
8701,30<=Age<=39,Male,Undergraduate,Married,"$50,000<Income<=$100,000",White,Donated,85,2,2,1,2,2,5
8702,30<=Age<=39,Female,Undergraduate,Married,"Income<=$50,000",Asian,Not Donated,0,2,1,1,2,1,1
8703,30<=Age<=39,Male,Undergraduate,Single,"Income>$100,000",White,Donated,115,2,2,1,1,3,5
8704,40<=Age<=49,Male,Undergraduate,Single,"Income<=$50,000",White,Not Donated,0,3,2,1,1,1,5
8705,Age<=29,Female,Undergraduate,Married,"Income>$100,000",Black,Not Donated,0,1,1,1,2,3,2
8706,40<=Age<=49,Male,Undergraduate,Single,"Income>$100,000",Black,Not Donated,0,3,2,1,1,3,2
8707,40<=Age<=49,Female,Graduate,Married,"Income<=$50,000",White,Not Donated,0,3,1,2,2,1,5
8708,40<=Age<=49,Female,Undergraduate,Single,"$50,000<Income<=$100,000",Other,Not Donated,0,3,1,1,1,2,4
8709,30<=Age<=39,Female,Undergraduate,Married,"$50,000<Income<=$100,000",White,Not Donated,0,2,1,1,2,2,5
8710,Age<=29,Female,Undergraduate,Married,"Income<=$50,000",White,Not Donated,0,1,1,1,2,1,5
8711,Age<=29,Female,Undergraduate,Married,"$50,000<Income<=$100,000",White,Not Donated,0,1,1,1,2,2,5
8712,30<=Age<=39,Male,Graduate,Married,"$50,000<Income<=$100,000",White,Not Donated,0,2,2,2,2,2,5
8713,Age<=29,Male,Undergraduate,Single,"Income<=$50,000",White,Not Donated,0,1,2,1,1,1,5
8714,30<=Age<=39,Male,Undergraduate,Married,"Income<=$50,000",Black,Not Donated,0,2,2,1,2,1,2
8715,Age>=50,Female,Undergraduate,Single,"Income>$100,000",Asian,Donated,140,4,1,1,1,3,1
8716,Age<=29,Female,Undergraduate,Single,"Income<=$50,000",White,Donated,40,1,1,1,1,1,5
8717,Age>=50,Male,Undergraduate,Married,"Income<=$50,000",White,Not Donated,0,4,2,1,2,1,5
8718,Age<=29,Male,Undergraduate,Single,"$50,000<Income<=$100,000",White,Donated,35,1,2,1,1,2,5
8719,Age>=50,Male,Undergraduate,Married,"$50,000<Income<=$100,000",White,Not Donated,0,4,2,1,2,2,5
8720,30<=Age<=39,Female,Undergraduate,Married,"$50,000<Income<=$100,000",White,Not Donated,0,2,1,1,2,2,5
8721,30<=Age<=39,Female,Undergraduate,Single,"Income<=$50,000",White,Not Donated,0,2,1,1,1,1,5
8722,Age<=29,Female,Undergraduate,Single,"$50,000<Income<=$100,000",White,Donated,35,1,1,1,1,2,5
8723,Age<=29,Male,Undergraduate,Married,"Income<=$50,000",White,Donated,35,1,2,1,2,1,5
8724,Age<=29,Male,Undergraduate,Single,"Income<=$50,000",Asian,Not Donated,0,1,2,1,1,1,1
8725,40<=Age<=49,Female,Undergraduate,Married,"Income<=$50,000",Hispanic,Not Donated,0,3,1,1,2,1,3
8726,40<=Age<=49,Male,Undergraduate,Single,"Income>$100,000",White,Not Donated,0,3,2,1,1,3,5
8727,40<=Age<=49,Female,Undergraduate,Married,"Income<=$50,000",White,Donated,90,3,1,1,2,1,5
8728,Age<=29,Male,Graduate,Married,"Income<=$50,000",White,Not Donated,0,1,2,2,2,1,5
8729,40<=Age<=49,Male,Undergraduate,Married,"$50,000<Income<=$100,000",White,Not Donated,0,3,2,1,2,2,5
8730,30<=Age<=39,Male,Undergraduate,Married,"Income<=$50,000",Black,Not Donated,0,2,2,1,2,1,2
8731,Age<=29,Female,Undergraduate,Single,"Income<=$50,000",White,Donated,45,1,1,1,1,1,5
8732,30<=Age<=39,Male,Undergraduate,Married,"Income<=$50,000",White,Not Donated,0,2,2,1,2,1,5
8733,30<=Age<=39,Female,Undergraduate,Married,"Income<=$50,000",Hispanic,Donated,55,2,1,1,2,1,3
8734,40<=Age<=49,Female,Undergraduate,Single,"$50,000<Income<=$100,000",White,Not Donated,0,3,1,1,1,2,5
8735,Age<=29,Male,Undergraduate,Married,"Income<=$50,000",Other,Donated,55,1,2,1,2,1,4
8736,30<=Age<=39,Female,Undergraduate,Single,"Income>$100,000",White,Donated,130,2,1,1,1,3,5
8737,Age<=29,Female,Undergraduate,Single,"$50,000<Income<=$100,000",Black,Not Donated,0,1,1,1,1,2,2
8738,Age>=50,Male,Graduate,Married,"Income<=$50,000",White,Donated,110,4,2,2,2,1,5
8739,40<=Age<=49,Male,Undergraduate,Single,"Income>$100,000",White,Not Donated,0,3,2,1,1,3,5
8740,40<=Age<=49,Female,Undergraduate,Married,"Income>$100,000",Hispanic,Not Donated,0,3,1,1,2,3,3
8741,Age<=29,Male,Undergraduate,Single,"Income<=$50,000",Other,Not Donated,0,1,2,1,1,1,4
8742,30<=Age<=39,Female,Undergraduate,Single,"Income<=$50,000",Hispanic,Donated,50,2,1,1,1,1,3
8743,Age<=29,Male,Undergraduate,Married,"$50,000<Income<=$100,000",White,Not Donated,0,1,2,1,2,2,5
8744,40<=Age<=49,Male,Undergraduate,Married,"$50,000<Income<=$100,000",Hispanic,Not Donated,0,3,2,1,2,2,3
8745,30<=Age<=39,Male,Undergraduate,Single,"$50,000<Income<=$100,000",Asian,Not Donated,0,2,2,1,1,2,1
8746,30<=Age<=39,Female,Undergraduate,Single,"Income<=$50,000",White,Not Donated,0,2,1,1,1,1,5
8747,Age>=50,Male,Undergraduate,Married,"Income>$100,000",White,Not Donated,0,4,2,1,2,3,5
8748,Age<=29,Female,Undergraduate,Married,"Income<=$50,000",Hispanic,Not Donated,0,1,1,1,2,1,3
8749,Age>=50,Female,Undergraduate,Married,"Income>$100,000",Black,Donated,150,4,1,1,2,3,2
8750,40<=Age<=49,Male,Undergraduate,Married,"Income<=$50,000",White,Not Donated,0,3,2,1,2,1,5
8751,30<=Age<=39,Male,Undergraduate,Married,"$50,000<Income<=$100,000",Hispanic,Not Donated,0,2,2,1,2,2,3
8752,Age>=50,Male,Undergraduate,Single,"Income<=$50,000",White,Not Donated,0,4,2,1,1,1,5
8753,Age>=50,Male,Undergraduate,Married,"$50,000<Income<=$100,000",White,Not Donated,0,4,2,1,2,2,5
8754,Age>=50,Female,Undergraduate,Married,"Income<=$50,000",Other,Donated,105,4,1,1,2,1,4
8755,Age>=50,Female,Undergraduate,Single,"Income<=$50,000",Asian,Not Donated,0,4,1,1,1,1,1
8756,Age<=29,Male,Undergraduate,Married,"Income<=$50,000",White,Not Donated,0,1,2,1,2,1,5
8757,40<=Age<=49,Female,Undergraduate,Single,"Income<=$50,000",White,Not Donated,0,3,1,1,1,1,5
8758,Age>=50,Female,Undergraduate,Married,"$50,000<Income<=$100,000",White,Not Donated,0,4,1,1,2,2,5
8759,Age>=50,Female,Undergraduate,Single,"Income<=$50,000",White,Not Donated,0,4,1,1,1,1,5
8760,Age<=29,Female,Graduate,Married,"Income<=$50,000",White,Donated,50,1,1,2,2,1,5
8761,Age>=50,Female,Undergraduate,Married,"Income<=$50,000",Hispanic,Not Donated,0,4,1,1,2,1,3
8762,Age<=29,Male,Undergraduate,Married,"$50,000<Income<=$100,000",Hispanic,Not Donated,0,1,2,1,2,2,3
8763,40<=Age<=49,Male,Undergraduate,Single,"Income<=$50,000",White,Not Donated,0,3,2,1,1,1,5
8764,Age<=29,Male,Undergraduate,Married,"Income<=$50,000",Black,Donated,35,1,2,1,2,1,2
8765,Age>=50,Male,Graduate,Married,"$50,000<Income<=$100,000",Other,Not Donated,0,4,2,2,2,2,4
8766,40<=Age<=49,Male,Undergraduate,Single,"Income>$100,000",White,Donated,125,3,2,1,1,3,5
8767,40<=Age<=49,Female,Undergraduate,Married,"$50,000<Income<=$100,000",White,Not Donated,0,3,1,1,2,2,5
8768,30<=Age<=39,Male,Undergraduate,Single,"Income<=$50,000",White,Donated,60,2,2,1,1,1,5
8769,30<=Age<=39,Male,Undergraduate,Single,"Income<=$50,000",White,Not Donated,0,2,2,1,1,1,5
8770,Age>=50,Male,Undergraduate,Married,"Income<=$50,000",Asian,Donated,95,4,2,1,2,1,1
8771,Age>=50,Female,Undergraduate,Married,"Income<=$50,000",White,Not Donated,0,4,1,1,2,1,5
8772,Age<=29,Female,Undergraduate,Single,"$50,000<Income<=$100,000",Hispanic,Not Donated,0,1,1,1,1,2,3
8773,Age>=50,Male,Undergraduate,Married,"Income<=$50,000",Black,Not Donated,0,4,2,1,2,1,2
8774,40<=Age<=49,Female,Undergraduate,Married,"Income>$100,000",White,Not Donated,0,3,1,1,2,3,5
8775,Age<=29,Female,Undergraduate,Single,"$50,000<Income<=$100,000",White,Not Donated,0,1,1,1,1,2,5
8776,30<=Age<=39,Female,Undergraduate,Single,"Income<=$50,000",White,Not Donated,0,2,1,1,1,1,5
8777,40<=Age<=49,Male,Graduate,Single,"Income<=$50,000",White,Not Donated,0,3,2,2,1,1,5
8778,30<=Age<=39,Female,Undergraduate,Married,"Income<=$50,000",White,Not Donated,0,2,1,1,2,1,5
8779,40<=Age<=49,Male,Undergraduate,Married,"Income<=$50,000",Hispanic,Not Donated,0,3,2,1,2,1,3
8780,Age>=50,Female,Undergraduate,Married,"Income<=$50,000",White,Donated,95,4,1,1,2,1,5
8781,Age>=50,Male,Undergraduate,Married,"Income<=$50,000",White,Not Donated,0,4,2,1,2,1,5
8782,40<=Age<=49,Male,Undergraduate,Married,"Income<=$50,000",White,Not Donated,0,3,2,1,2,1,5
8783,40<=Age<=49,Male,Undergraduate,Married,"Income<=$50,000",White,Not Donated,0,3,2,1,2,1,5
8784,40<=Age<=49,Male,Undergraduate,Married,"Income<=$50,000",White,Not Donated,0,3,2,1,2,1,5
8785,Age>=50,Female,Undergraduate,Married,"Income<=$50,000",White,Not Donated,0,4,1,1,2,1,5
8786,40<=Age<=49,Male,Undergraduate,Single,"$50,000<Income<=$100,000",White,Donated,70,3,2,1,1,2,5
8787,Age<=29,Female,Undergraduate,Single,"Income>$100,000",White,Not Donated,0,1,1,1,1,3,5
8788,40<=Age<=49,Male,Undergraduate,Married,"$50,000<Income<=$100,000",Black,Not Donated,0,3,2,1,2,2,2
8789,40<=Age<=49,Male,Undergraduate,Single,"$50,000<Income<=$100,000",Asian,Not Donated,0,3,2,1,1,2,1
8790,Age<=29,Male,Undergraduate,Married,"Income<=$50,000",Hispanic,Donated,35,1,2,1,2,1,3
8791,Age>=50,Female,Graduate,Single,"Income<=$50,000",White,Donated,120,4,1,2,1,1,5
8792,40<=Age<=49,Female,Undergraduate,Single,"Income<=$50,000",Hispanic,Not Donated,0,3,1,1,1,1,3
8793,Age>=50,Female,Undergraduate,Single,"Income>$100,000",Hispanic,Not Donated,0,4,1,1,1,3,3
8794,30<=Age<=39,Female,Undergraduate,Single,"Income<=$50,000",White,Donated,55,2,1,1,1,1,5
8795,30<=Age<=39,Male,Undergraduate,Single,"Income<=$50,000",Hispanic,Not Donated,0,2,2,1,1,1,3
8796,Age<=29,Female,Undergraduate,Married,"Income>$100,000",Hispanic,Donated,115,1,1,1,2,3,3
8797,Age<=29,Female,Undergraduate,Single,"Income<=$50,000",White,Not Donated,0,1,1,1,1,1,5
8798,Age<=29,Female,Undergraduate,Single,"Income<=$50,000",Hispanic,Not Donated,0,1,1,1,1,1,3
8799,30<=Age<=39,Male,Undergraduate,Married,"$50,000<Income<=$100,000",White,Not Donated,0,2,2,1,2,2,5
8800,40<=Age<=49,Female,Undergraduate,Single,"Income<=$50,000",White,Not Donated,0,3,1,1,1,1,5
8801,Age<=29,Female,Undergraduate,Single,"Income<=$50,000",Black,Donated,20,1,1,1,1,1,2
8802,40<=Age<=49,Female,Undergraduate,Married,"Income>$100,000",Asian,Not Donated,0,3,1,1,2,3,1
8803,40<=Age<=49,Female,Graduate,Single,"$50,000<Income<=$100,000",White,Not Donated,0,3,1,2,1,2,5
8804,40<=Age<=49,Male,Undergraduate,Married,"Income<=$50,000",White,Not Donated,0,3,2,1,2,1,5
8805,Age<=29,Male,Graduate,Single,"Income<=$50,000",Black,Donated,35,1,2,2,1,1,2
8806,30<=Age<=39,Female,Undergraduate,Married,"Income<=$50,000",Asian,Not Donated,0,2,1,1,2,1,1
8807,Age<=29,Female,Graduate,Married,"Income<=$50,000",White,Not Donated,0,1,1,2,2,1,5
8808,Age<=29,Female,Undergraduate,Married,"$50,000<Income<=$100,000",Black,Not Donated,0,1,1,1,2,2,2
8809,30<=Age<=39,Female,Undergraduate,Married,"Income<=$50,000",Other,Not Donated,0,2,1,1,2,1,4
8810,Age<=29,Female,Undergraduate,Single,"$50,000<Income<=$100,000",White,Not Donated,0,1,1,1,1,2,5
8811,Age<=29,Female,Undergraduate,Married,"Income>$100,000",Black,Not Donated,0,1,1,1,2,3,2
8812,30<=Age<=39,Female,Undergraduate,Single,"Income<=$50,000",White,Not Donated,0,2,1,1,1,1,5
8813,Age<=29,Male,Undergraduate,Single,"$50,000<Income<=$100,000",White,Not Donated,0,1,2,1,1,2,5
8814,30<=Age<=39,Male,Undergraduate,Married,"Income>$100,000",Hispanic,Not Donated,0,2,2,1,2,3,3
8815,40<=Age<=49,Male,Graduate,Married,"Income<=$50,000",White,Donated,90,3,2,2,2,1,5
8816,30<=Age<=39,Male,Undergraduate,Married,"Income<=$50,000",White,Not Donated,0,2,2,1,2,1,5
8817,40<=Age<=49,Female,Undergraduate,Married,"Income<=$50,000",Other,Not Donated,0,3,1,1,2,1,4
8818,Age<=29,Male,Undergraduate,Married,"$50,000<Income<=$100,000",Black,Not Donated,0,1,2,1,2,2,2
8819,Age<=29,Male,Graduate,Single,"Income>$100,000",White,Not Donated,0,1,2,2,1,3,5
8820,40<=Age<=49,Female,Undergraduate,Married,"Income>$100,000",Other,Not Donated,0,3,1,1,2,3,4
8821,Age>=50,Female,Undergraduate,Single,"Income<=$50,000",White,Donated,90,4,1,1,1,1,5
8822,30<=Age<=39,Male,Undergraduate,Married,"Income<=$50,000",White,Not Donated,0,2,2,1,2,1,5
8823,Age>=50,Male,Graduate,Single,"$50,000<Income<=$100,000",White,Not Donated,0,4,2,2,1,2,5
8824,Age>=50,Female,Undergraduate,Single,"$50,000<Income<=$100,000",Black,Donated,110,4,1,1,1,2,2
8825,30<=Age<=39,Female,Undergraduate,Married,"Income<=$50,000",Other,Not Donated,0,2,1,1,2,1,4
8826,40<=Age<=49,Male,Undergraduate,Married,"Income>$100,000",White,Donated,125,3,2,1,2,3,5
8827,Age>=50,Male,Undergraduate,Single,"Income>$100,000",Other,Not Donated,0,4,2,1,1,3,4
8828,40<=Age<=49,Male,Undergraduate,Single,"Income<=$50,000",White,Not Donated,0,3,2,1,1,1,5
8829,30<=Age<=39,Male,Undergraduate,Single,"$50,000<Income<=$100,000",Hispanic,Donated,85,2,2,1,1,2,3
8830,Age>=50,Female,Undergraduate,Married,"Income<=$50,000",White,Not Donated,0,4,1,1,2,1,5
8831,Age<=29,Male,Undergraduate,Married,"Income>$100,000",White,Not Donated,0,1,2,1,2,3,5
8832,40<=Age<=49,Female,Undergraduate,Married,"Income<=$50,000",Hispanic,Not Donated,0,3,1,1,2,1,3
8833,40<=Age<=49,Female,Undergraduate,Married,"Income<=$50,000",White,Not Donated,0,3,1,1,2,1,5
8834,30<=Age<=39,Male,Undergraduate,Single,"$50,000<Income<=$100,000",White,Not Donated,0,2,2,1,1,2,5
8835,40<=Age<=49,Male,Undergraduate,Married,"Income<=$50,000",Hispanic,Not Donated,0,3,2,1,2,1,3
8836,Age>=50,Male,Undergraduate,Single,"Income<=$50,000",White,Not Donated,0,4,2,1,1,1,5
8837,30<=Age<=39,Female,Undergraduate,Married,"$50,000<Income<=$100,000",White,Not Donated,0,2,1,1,2,2,5
8838,Age>=50,Female,Undergraduate,Single,"$50,000<Income<=$100,000",White,Donated,110,4,1,1,1,2,5
8839,30<=Age<=39,Female,Undergraduate,Married,"Income>$100,000",Black,Not Donated,0,2,1,1,2,3,2
8840,Age<=29,Female,Undergraduate,Married,"$50,000<Income<=$100,000",White,Not Donated,0,1,1,1,2,2,5
8841,Age<=29,Male,Undergraduate,Married,"Income<=$50,000",White,Donated,35,1,2,1,2,1,5
8842,Age<=29,Male,Undergraduate,Married,"$50,000<Income<=$100,000",White,Not Donated,0,1,2,1,2,2,5
8843,Age<=29,Male,Undergraduate,Married,"Income<=$50,000",White,Donated,30,1,2,1,2,1,5
8844,40<=Age<=49,Male,Graduate,Married,"Income>$100,000",White,Donated,165,3,2,2,2,3,5
8845,40<=Age<=49,Female,Undergraduate,Single,"Income<=$50,000",White,Not Donated,0,3,1,1,1,1,5
8846,Age>=50,Male,Undergraduate,Single,"Income<=$50,000",Black,Not Donated,0,4,2,1,1,1,2
8847,Age>=50,Male,Undergraduate,Married,"Income>$100,000",White,Not Donated,0,4,2,1,2,3,5
8848,Age<=29,Male,Undergraduate,Married,"$50,000<Income<=$100,000",White,Donated,75,1,2,1,2,2,5
8849,30<=Age<=39,Female,Undergraduate,Married,"$50,000<Income<=$100,000",White,Not Donated,0,2,1,1,2,2,5
8850,Age<=29,Male,Undergraduate,Married,"Income<=$50,000",Other,Donated,30,1,2,1,2,1,4
8851,40<=Age<=49,Female,Undergraduate,Single,"Income<=$50,000",White,Donated,80,3,1,1,1,1,5
8852,Age<=29,Female,Undergraduate,Married,"Income<=$50,000",White,Not Donated,0,1,1,1,2,1,5
8853,Age<=29,Female,Undergraduate,Single,"Income>$100,000",Black,Donated,65,1,1,1,1,3,2
8854,30<=Age<=39,Female,Undergraduate,Married,"Income<=$50,000",White,Not Donated,0,2,1,1,2,1,5
8855,30<=Age<=39,Male,Undergraduate,Single,"Income>$100,000",Other,Not Donated,0,2,2,1,1,3,4
8856,Age<=29,Female,Undergraduate,Married,"Income<=$50,000",White,Donated,40,1,1,1,2,1,5
8857,Age>=50,Male,Undergraduate,Married,"Income<=$50,000",White,Not Donated,0,4,2,1,2,1,5
8858,40<=Age<=49,Female,Undergraduate,Single,"$50,000<Income<=$100,000",White,Donated,85,3,1,1,1,2,5
8859,40<=Age<=49,Female,Undergraduate,Married,"Income<=$50,000",Black,Not Donated,0,3,1,1,2,1,2
8860,30<=Age<=39,Female,Undergraduate,Married,"$50,000<Income<=$100,000",White,Not Donated,0,2,1,1,2,2,5
8861,Age>=50,Female,Graduate,Single,"Income<=$50,000",Black,Donated,100,4,1,2,1,1,2
8862,40<=Age<=49,Female,Graduate,Single,"Income<=$50,000",White,Donated,105,3,1,2,1,1,5
8863,Age<=29,Female,Undergraduate,Married,"$50,000<Income<=$100,000",White,Donated,40,1,1,1,2,2,5
8864,40<=Age<=49,Female,Undergraduate,Married,"Income>$100,000",White,Not Donated,0,3,1,1,2,3,5
8865,30<=Age<=39,Female,Undergraduate,Single,"$50,000<Income<=$100,000",White,Not Donated,0,2,1,1,1,2,5
8866,30<=Age<=39,Male,Undergraduate,Single,"$50,000<Income<=$100,000",Asian,Donated,65,2,2,1,1,2,1
8867,40<=Age<=49,Female,Undergraduate,Single,"Income<=$50,000",White,Not Donated,0,3,1,1,1,1,5
8868,Age<=29,Male,Undergraduate,Married,"$50,000<Income<=$100,000",White,Donated,40,1,2,1,2,2,5
8869,Age<=29,Male,Undergraduate,Married,"$50,000<Income<=$100,000",Hispanic,Donated,60,1,2,1,2,2,3
8870,30<=Age<=39,Male,Undergraduate,Married,"Income<=$50,000",Hispanic,Not Donated,0,2,2,1,2,1,3
8871,Age<=29,Male,Undergraduate,Single,"Income<=$50,000",Black,Not Donated,0,1,2,1,1,1,2
8872,30<=Age<=39,Male,Undergraduate,Single,"Income<=$50,000",White,Not Donated,0,2,2,1,1,1,5
8873,Age>=50,Female,Undergraduate,Single,"Income>$100,000",Hispanic,Donated,130,4,1,1,1,3,3
8874,30<=Age<=39,Male,Undergraduate,Married,"Income<=$50,000",White,Donated,65,2,2,1,2,1,5
8875,40<=Age<=49,Male,Undergraduate,Single,"Income>$100,000",White,Not Donated,0,3,2,1,1,3,5
8876,Age>=50,Female,Undergraduate,Married,"$50,000<Income<=$100,000",White,Not Donated,0,4,1,1,2,2,5
8877,30<=Age<=39,Male,Undergraduate,Single,"Income<=$50,000",White,Not Donated,0,2,2,1,1,1,5
8878,30<=Age<=39,Male,Undergraduate,Married,"$50,000<Income<=$100,000",White,Not Donated,0,2,2,1,2,2,5
8879,30<=Age<=39,Female,Undergraduate,Married,"$50,000<Income<=$100,000",White,Not Donated,0,2,1,1,2,2,5
8880,40<=Age<=49,Female,Undergraduate,Married,"Income<=$50,000",Black,Donated,80,3,1,1,2,1,2
8881,40<=Age<=49,Female,Undergraduate,Married,"$50,000<Income<=$100,000",White,Not Donated,0,3,1,1,2,2,5
8882,Age<=29,Female,Undergraduate,Single,"$50,000<Income<=$100,000",Hispanic,Donated,55,1,1,1,1,2,3
8883,30<=Age<=39,Female,Undergraduate,Married,"$50,000<Income<=$100,000",White,Not Donated,0,2,1,1,2,2,5
8884,40<=Age<=49,Male,Undergraduate,Single,"Income<=$50,000",White,Donated,85,3,2,1,1,1,5
8885,Age<=29,Male,Undergraduate,Single,"Income<=$50,000",Hispanic,Not Donated,0,1,2,1,1,1,3
8886,Age<=29,Female,Undergraduate,Married,"Income<=$50,000",Black,Not Donated,0,1,1,1,2,1,2
8887,Age<=29,Female,Undergraduate,Single,"Income<=$50,000",Hispanic,Not Donated,0,1,1,1,1,1,3
8888,30<=Age<=39,Female,Undergraduate,Single,"$50,000<Income<=$100,000",Black,Not Donated,0,2,1,1,1,2,2
8889,40<=Age<=49,Female,Undergraduate,Single,"Income<=$50,000",White,Not Donated,0,3,1,1,1,1,5
8890,40<=Age<=49,Male,Undergraduate,Married,"Income<=$50,000",Hispanic,Not Donated,0,3,2,1,2,1,3
8891,40<=Age<=49,Female,Undergraduate,Married,"Income<=$50,000",White,Donated,75,3,1,1,2,1,5
8892,30<=Age<=39,Female,Undergraduate,Single,"Income<=$50,000",White,Not Donated,0,2,1,1,1,1,5
8893,Age>=50,Female,Undergraduate,Married,"Income<=$50,000",White,Donated,100,4,1,1,2,1,5
8894,Age<=29,Male,Graduate,Single,"Income<=$50,000",White,Donated,40,1,2,2,1,1,5
8895,40<=Age<=49,Female,Undergraduate,Married,"Income<=$50,000",White,Not Donated,0,3,1,1,2,1,5
8896,30<=Age<=39,Female,Undergraduate,Married,"Income<=$50,000",White,Donated,80,2,1,1,2,1,5
8897,Age<=29,Female,Undergraduate,Married,"$50,000<Income<=$100,000",Asian,Donated,55,1,1,1,2,2,1
8898,Age<=29,Male,Undergraduate,Single,"Income<=$50,000",Hispanic,Not Donated,0,1,2,1,1,1,3
8899,40<=Age<=49,Female,Undergraduate,Married,"Income<=$50,000",Other,Not Donated,0,3,1,1,2,1,4
8900,Age>=50,Male,Undergraduate,Single,"Income<=$50,000",White,Not Donated,0,4,2,1,1,1,5
8901,40<=Age<=49,Male,Undergraduate,Married,"Income<=$50,000",White,Not Donated,0,3,2,1,2,1,5
8902,Age<=29,Male,Undergraduate,Single,"Income>$100,000",White,Not Donated,0,1,2,1,1,3,5
8903,Age>=50,Male,Undergraduate,Single,"$50,000<Income<=$100,000",Black,Not Donated,0,4,2,1,1,2,2
8904,Age<=29,Male,Undergraduate,Married,"Income>$100,000",Other,Donated,95,1,2,1,2,3,4
8905,30<=Age<=39,Male,Undergraduate,Single,"$50,000<Income<=$100,000",White,Not Donated,0,2,2,1,1,2,5
8906,40<=Age<=49,Male,Graduate,Single,"Income<=$50,000",White,Donated,80,3,2,2,1,1,5
8907,30<=Age<=39,Male,Undergraduate,Married,"Income>$100,000",White,Not Donated,0,2,2,1,2,3,5
8908,Age<=29,Male,Undergraduate,Married,"$50,000<Income<=$100,000",Black,Donated,70,1,2,1,2,2,2
8909,Age<=29,Female,Undergraduate,Married,"Income<=$50,000",Asian,Not Donated,0,1,1,1,2,1,1
8910,Age<=29,Female,Undergraduate,Single,"Income>$100,000",White,Not Donated,0,1,1,1,1,3,5
8911,30<=Age<=39,Male,Undergraduate,Single,"Income<=$50,000",White,Donated,40,2,2,1,1,1,5
8912,Age<=29,Male,Undergraduate,Single,"Income<=$50,000",Hispanic,Donated,25,1,2,1,1,1,3
8913,Age<=29,Female,Undergraduate,Married,"Income<=$50,000",White,Not Donated,0,1,1,1,2,1,5
8914,Age<=29,Male,Undergraduate,Married,"Income<=$50,000",White,Not Donated,0,1,2,1,2,1,5
8915,Age>=50,Male,Undergraduate,Married,"Income<=$50,000",White,Not Donated,0,4,2,1,2,1,5
8916,40<=Age<=49,Male,Undergraduate,Married,"Income>$100,000",Hispanic,Donated,110,3,2,1,2,3,3
8917,40<=Age<=49,Male,Undergraduate,Single,"$50,000<Income<=$100,000",White,Not Donated,0,3,2,1,1,2,5
8918,Age>=50,Male,Undergraduate,Single,"Income<=$50,000",White,Not Donated,0,4,2,1,1,1,5
8919,30<=Age<=39,Male,Undergraduate,Married,"Income<=$50,000",Asian,Not Donated,0,2,2,1,2,1,1
8920,Age>=50,Male,Undergraduate,Single,"Income>$100,000",Black,Not Donated,0,4,2,1,1,3,2
8921,30<=Age<=39,Male,Undergraduate,Single,"$50,000<Income<=$100,000",White,Not Donated,0,2,2,1,1,2,5
8922,40<=Age<=49,Male,Undergraduate,Married,"Income<=$50,000",White,Not Donated,0,3,2,1,2,1,5
8923,30<=Age<=39,Female,Undergraduate,Married,"Income<=$50,000",White,Donated,65,2,1,1,2,1,5
8924,Age<=29,Male,Graduate,Married,"Income>$100,000",White,Not Donated,0,1,2,2,2,3,5
8925,40<=Age<=49,Female,Undergraduate,Married,"Income<=$50,000",White,Not Donated,0,3,1,1,2,1,5
8926,Age<=29,Female,Undergraduate,Married,"$50,000<Income<=$100,000",Asian,Not Donated,0,1,1,1,2,2,1
8927,30<=Age<=39,Female,Undergraduate,Married,"Income<=$50,000",White,Not Donated,0,2,1,1,2,1,5
8928,Age>=50,Male,Undergraduate,Single,"Income<=$50,000",Hispanic,Not Donated,0,4,2,1,1,1,3
8929,40<=Age<=49,Female,Undergraduate,Single,"Income>$100,000",White,Not Donated,0,3,1,1,1,3,5
8930,40<=Age<=49,Male,Undergraduate,Married,"$50,000<Income<=$100,000",Other,Not Donated,0,3,2,1,2,2,4
8931,Age<=29,Male,Undergraduate,Single,"Income>$100,000",White,Not Donated,0,1,2,1,1,3,5
8932,40<=Age<=49,Female,Undergraduate,Married,"Income>$100,000",Black,Donated,115,3,1,1,2,3,2
8933,40<=Age<=49,Male,Undergraduate,Single,"Income<=$50,000",White,Not Donated,0,3,2,1,1,1,5
8934,30<=Age<=39,Female,Graduate,Single,"Income<=$50,000",White,Not Donated,0,2,1,2,1,1,5
8935,40<=Age<=49,Female,Undergraduate,Single,"Income>$100,000",White,Not Donated,0,3,1,1,1,3,5
8936,Age<=29,Female,Undergraduate,Married,"Income>$100,000",Asian,Donated,85,1,1,1,2,3,1
8937,30<=Age<=39,Male,Undergraduate,Single,"$50,000<Income<=$100,000",White,Not Donated,0,2,2,1,1,2,5
8938,30<=Age<=39,Male,Undergraduate,Married,"Income<=$50,000",White,Donated,60,2,2,1,2,1,5
8939,40<=Age<=49,Male,Undergraduate,Single,"Income<=$50,000",White,Not Donated,0,3,2,1,1,1,5
8940,30<=Age<=39,Female,Undergraduate,Married,"Income<=$50,000",White,Donated,65,2,1,1,2,1,5
8941,30<=Age<=39,Male,Undergraduate,Married,"Income>$100,000",White,Not Donated,0,2,2,1,2,3,5
8942,40<=Age<=49,Male,Undergraduate,Single,"Income<=$50,000",Hispanic,Not Donated,0,3,2,1,1,1,3
8943,Age<=29,Female,Undergraduate,Married,"Income<=$50,000",White,Not Donated,0,1,1,1,2,1,5
8944,30<=Age<=39,Female,Undergraduate,Married,"Income<=$50,000",White,Not Donated,0,2,1,1,2,1,5
8945,Age<=29,Female,Undergraduate,Married,"Income<=$50,000",Other,Donated,35,1,1,1,2,1,4
8946,30<=Age<=39,Male,Undergraduate,Single,"Income<=$50,000",Black,Donated,45,2,2,1,1,1,2
8947,Age<=29,Male,Undergraduate,Married,"Income<=$50,000",Hispanic,Not Donated,0,1,2,1,2,1,3
8948,Age<=29,Male,Graduate,Single,"Income<=$50,000",White,Donated,45,1,2,2,1,1,5
8949,Age<=29,Female,Undergraduate,Single,"Income<=$50,000",White,Not Donated,0,1,1,1,1,1,5
8950,40<=Age<=49,Female,Undergraduate,Single,"$50,000<Income<=$100,000",White,Not Donated,0,3,1,1,1,2,5
8951,30<=Age<=39,Female,Undergraduate,Single,"$50,000<Income<=$100,000",White,Not Donated,0,2,1,1,1,2,5
8952,30<=Age<=39,Female,Undergraduate,Married,"Income<=$50,000",Hispanic,Not Donated,0,2,1,1,2,1,3
8953,Age>=50,Female,Undergraduate,Single,"Income>$100,000",White,Not Donated,0,4,1,1,1,3,5
8954,Age<=29,Female,Undergraduate,Married,"Income>$100,000",Hispanic,Donated,90,1,1,1,2,3,3
8955,30<=Age<=39,Male,Undergraduate,Married,"$50,000<Income<=$100,000",Black,Not Donated,0,2,2,1,2,2,2
8956,Age>=50,Female,Undergraduate,Single,"$50,000<Income<=$100,000",White,Not Donated,0,4,1,1,1,2,5
8957,Age>=50,Female,Graduate,Single,"$50,000<Income<=$100,000",Hispanic,Not Donated,0,4,1,2,1,2,3
8958,40<=Age<=49,Male,Undergraduate,Married,"Income<=$50,000",White,Not Donated,0,3,2,1,2,1,5
8959,Age>=50,Female,Undergraduate,Single,"$50,000<Income<=$100,000",White,Not Donated,0,4,1,1,1,2,5
8960,40<=Age<=49,Female,Undergraduate,Married,"Income<=$50,000",Hispanic,Not Donated,0,3,1,1,2,1,3
8961,Age<=29,Male,Undergraduate,Married,"$50,000<Income<=$100,000",White,Donated,60,1,2,1,2,2,5
8962,30<=Age<=39,Male,Undergraduate,Married,"Income<=$50,000",White,Not Donated,0,2,2,1,2,1,5
8963,40<=Age<=49,Male,Undergraduate,Married,"$50,000<Income<=$100,000",White,Donated,100,3,2,1,2,2,5
8964,Age>=50,Male,Undergraduate,Married,"$50,000<Income<=$100,000",White,Not Donated,0,4,2,1,2,2,5
8965,30<=Age<=39,Female,Graduate,Single,"Income<=$50,000",Asian,Not Donated,0,2,1,2,1,1,1
8966,Age<=29,Male,Undergraduate,Married,"Income<=$50,000",White,Not Donated,0,1,2,1,2,1,5
8967,Age>=50,Male,Undergraduate,Married,"Income<=$50,000",Asian,Not Donated,0,4,2,1,2,1,1
8968,30<=Age<=39,Male,Undergraduate,Married,"Income<=$50,000",White,Not Donated,0,2,2,1,2,1,5
8969,40<=Age<=49,Female,Undergraduate,Single,"Income>$100,000",Black,Not Donated,0,3,1,1,1,3,2
8970,Age>=50,Female,Undergraduate,Married,"$50,000<Income<=$100,000",White,Donated,110,4,1,1,2,2,5
8971,30<=Age<=39,Male,Graduate,Married,"Income<=$50,000",White,Not Donated,0,2,2,2,2,1,5
8972,Age<=29,Male,Graduate,Single,"Income<=$50,000",White,Donated,40,1,2,2,1,1,5
8973,30<=Age<=39,Male,Undergraduate,Married,"$50,000<Income<=$100,000",White,Donated,85,2,2,1,2,2,5
8974,Age>=50,Female,Undergraduate,Married,"Income<=$50,000",White,Not Donated,0,4,1,1,2,1,5
8975,30<=Age<=39,Female,Undergraduate,Single,"Income>$100,000",White,Donated,75,2,1,1,1,3,5
8976,30<=Age<=39,Male,Undergraduate,Single,"$50,000<Income<=$100,000",Asian,Not Donated,0,2,2,1,1,2,1
8977,Age<=29,Male,Undergraduate,Single,"$50,000<Income<=$100,000",Black,Donated,35,1,2,1,1,2,2
8978,Age<=29,Male,Graduate,Married,"Income<=$50,000",White,Donated,55,1,2,2,2,1,5
8979,Age<=29,Female,Undergraduate,Single,"Income<=$50,000",Black,Donated,25,1,1,1,1,1,2
8980,40<=Age<=49,Female,Undergraduate,Single,"Income>$100,000",White,Not Donated,0,3,1,1,1,3,5
8981,30<=Age<=39,Female,Undergraduate,Married,"$50,000<Income<=$100,000",White,Not Donated,0,2,1,1,2,2,5
8982,40<=Age<=49,Male,Graduate,Married,"Income<=$50,000",Black,Not Donated,0,3,2,2,2,1,2
8983,40<=Age<=49,Male,Undergraduate,Married,"Income<=$50,000",White,Not Donated,0,3,2,1,2,1,5
8984,40<=Age<=49,Male,Undergraduate,Married,"$50,000<Income<=$100,000",White,Not Donated,0,3,2,1,2,2,5
8985,30<=Age<=39,Female,Undergraduate,Single,"Income<=$50,000",White,Not Donated,0,2,1,1,1,1,5
8986,Age>=50,Male,Undergraduate,Married,"Income>$100,000",White,Donated,155,4,2,1,2,3,5
8987,Age<=29,Male,Undergraduate,Married,"$50,000<Income<=$100,000",White,Not Donated,0,1,2,1,2,2,5
8988,30<=Age<=39,Male,Undergraduate,Married,"Income<=$50,000",White,Not Donated,0,2,2,1,2,1,5
8989,30<=Age<=39,Male,Undergraduate,Married,"$50,000<Income<=$100,000",White,Not Donated,0,2,2,1,2,2,5
8990,30<=Age<=39,Male,Undergraduate,Married,"Income>$100,000",White,Donated,135,2,2,1,2,3,5
8991,40<=Age<=49,Male,Undergraduate,Married,"Income>$100,000",White,Donated,115,3,2,1,2,3,5
8992,30<=Age<=39,Female,Undergraduate,Married,"Income<=$50,000",White,Donated,60,2,1,1,2,1,5
8993,30<=Age<=39,Male,Undergraduate,Married,"Income<=$50,000",Black,Donated,75,2,2,1,2,1,2
8994,30<=Age<=39,Male,Undergraduate,Married,"Income<=$50,000",White,Not Donated,0,2,2,1,2,1,5
8995,30<=Age<=39,Male,Undergraduate,Married,"Income<=$50,000",White,Not Donated,0,2,2,1,2,1,5
8996,Age>=50,Male,Undergraduate,Married,"Income<=$50,000",Asian,Not Donated,0,4,2,1,2,1,1
8997,30<=Age<=39,Female,Undergraduate,Single,"Income<=$50,000",Hispanic,Donated,55,2,1,1,1,1,3
8998,Age<=29,Male,Undergraduate,Married,"$50,000<Income<=$100,000",Hispanic,Not Donated,0,1,2,1,2,2,3
8999,Age<=29,Male,Undergraduate,Married,"Income<=$50,000",Other,Not Donated,0,1,2,1,2,1,4
9000,Age<=29,Female,Undergraduate,Married,"$50,000<Income<=$100,000",Hispanic,Donated,35,1,1,1,2,2,3
9001,Age<=29,Male,Undergraduate,Single,"Income<=$50,000",White,Not Donated,0,1,2,1,1,1,5
9002,40<=Age<=49,Female,Undergraduate,Married,"Income<=$50,000",White,Not Donated,0,3,1,1,2,1,5
9003,40<=Age<=49,Female,Undergraduate,Single,"$50,000<Income<=$100,000",Black,Not Donated,0,3,1,1,1,2,2
9004,Age<=29,Female,Undergraduate,Married,"Income<=$50,000",White,Donated,30,1,1,1,2,1,5
9005,Age<=29,Female,Undergraduate,Married,"Income<=$50,000",Other,Donated,40,1,1,1,2,1,4
9006,40<=Age<=49,Female,Undergraduate,Married,"$50,000<Income<=$100,000",Asian,Not Donated,0,3,1,1,2,2,1
9007,Age>=50,Female,Graduate,Single,"Income<=$50,000",White,Not Donated,0,4,1,2,1,1,5
9008,Age>=50,Male,Undergraduate,Single,"Income<=$50,000",Asian,Not Donated,0,4,2,1,1,1,1
9009,40<=Age<=49,Male,Undergraduate,Married,"$50,000<Income<=$100,000",White,Not Donated,0,3,2,1,2,2,5
9010,Age>=50,Female,Undergraduate,Married,"$50,000<Income<=$100,000",Black,Not Donated,0,4,1,1,2,2,2
9011,40<=Age<=49,Male,Undergraduate,Married,"Income<=$50,000",Asian,Donated,85,3,2,1,2,1,1
9012,Age<=29,Female,Undergraduate,Single,"Income<=$50,000",White,Donated,40,1,1,1,1,1,5
9013,40<=Age<=49,Male,Undergraduate,Married,"Income<=$50,000",White,Not Donated,0,3,2,1,2,1,5
9014,Age>=50,Male,Undergraduate,Single,"Income<=$50,000",Hispanic,Not Donated,0,4,2,1,1,1,3
9015,Age<=29,Male,Undergraduate,Single,"$50,000<Income<=$100,000",White,Donated,45,1,2,1,1,2,5
9016,40<=Age<=49,Male,Graduate,Single,"Income>$100,000",White,Donated,145,3,2,2,1,3,5
9017,Age>=50,Female,Undergraduate,Single,"Income<=$50,000",Black,Donated,100,4,1,1,1,1,2
9018,Age<=29,Male,Undergraduate,Married,"Income<=$50,000",White,Not Donated,0,1,2,1,2,1,5
9019,30<=Age<=39,Male,Undergraduate,Single,"Income<=$50,000",White,Not Donated,0,2,2,1,1,1,5
9020,30<=Age<=39,Female,Graduate,Single,"Income<=$50,000",Hispanic,Not Donated,0,2,1,2,1,1,3
9021,30<=Age<=39,Male,Undergraduate,Single,"Income<=$50,000",White,Donated,45,2,2,1,1,1,5
9022,Age<=29,Female,Undergraduate,Married,"Income<=$50,000",Hispanic,Donated,45,1,1,1,2,1,3
9023,30<=Age<=39,Male,Undergraduate,Married,"Income<=$50,000",White,Not Donated,0,2,2,1,2,1,5
9024,Age<=29,Female,Undergraduate,Married,"$50,000<Income<=$100,000",Hispanic,Not Donated,0,1,1,1,2,2,3
9025,30<=Age<=39,Male,Undergraduate,Married,"Income<=$50,000",White,Not Donated,0,2,2,1,2,1,5
9026,Age<=29,Female,Graduate,Married,"$50,000<Income<=$100,000",Hispanic,Not Donated,0,1,1,2,2,2,3
9027,40<=Age<=49,Male,Undergraduate,Married,"$50,000<Income<=$100,000",Black,Not Donated,0,3,2,1,2,2,2
9028,40<=Age<=49,Female,Undergraduate,Single,"Income<=$50,000",Asian,Donated,70,3,1,1,1,1,1
9029,Age<=29,Male,Undergraduate,Single,"Income<=$50,000",Other,Donated,20,1,2,1,1,1,4
9030,30<=Age<=39,Male,Undergraduate,Married,"Income<=$50,000",White,Not Donated,0,2,2,1,2,1,5
9031,30<=Age<=39,Female,Undergraduate,Married,"Income<=$50,000",Black,Not Donated,0,2,1,1,2,1,2
9032,40<=Age<=49,Male,Undergraduate,Single,"$50,000<Income<=$100,000",Hispanic,Not Donated,0,3,2,1,1,2,3
9033,Age>=50,Male,Undergraduate,Married,"Income<=$50,000",White,Not Donated,0,4,2,1,2,1,5
9034,30<=Age<=39,Male,Undergraduate,Married,"$50,000<Income<=$100,000",White,Not Donated,0,2,2,1,2,2,5
9035,Age>=50,Male,Undergraduate,Single,"Income>$100,000",White,Not Donated,0,4,2,1,1,3,5
9036,Age<=29,Female,Undergraduate,Single,"$50,000<Income<=$100,000",White,Donated,55,1,1,1,1,2,5
9037,Age<=29,Female,Undergraduate,Married,"Income<=$50,000",White,Not Donated,0,1,1,1,2,1,5
9038,30<=Age<=39,Female,Undergraduate,Single,"Income>$100,000",White,Donated,80,2,1,1,1,3,5
9039,40<=Age<=49,Male,Undergraduate,Married,"Income<=$50,000",White,Not Donated,0,3,2,1,2,1,5
9040,30<=Age<=39,Male,Undergraduate,Married,"Income<=$50,000",Asian,Not Donated,0,2,2,1,2,1,1
9041,Age>=50,Female,Undergraduate,Single,"Income<=$50,000",Hispanic,Donated,80,4,1,1,1,1,3
9042,40<=Age<=49,Female,Graduate,Married,"Income<=$50,000",White,Donated,90,3,1,2,2,1,5
9043,40<=Age<=49,Female,Undergraduate,Single,"Income<=$50,000",Hispanic,Not Donated,0,3,1,1,1,1,3
9044,Age>=50,Male,Undergraduate,Married,"$50,000<Income<=$100,000",White,Not Donated,0,4,2,1,2,2,5
9045,Age<=29,Male,Undergraduate,Married,"Income<=$50,000",White,Donated,30,1,2,1,2,1,5
9046,Age<=29,Female,Undergraduate,Married,"Income<=$50,000",White,Not Donated,0,1,1,1,2,1,5
9047,Age>=50,Male,Undergraduate,Single,"$50,000<Income<=$100,000",White,Not Donated,0,4,2,1,1,2,5
9048,Age<=29,Female,Undergraduate,Married,"Income>$100,000",White,Not Donated,0,1,1,1,2,3,5
9049,40<=Age<=49,Male,Undergraduate,Single,"$50,000<Income<=$100,000",Black,Donated,85,3,2,1,1,2,2
9050,Age<=29,Male,Undergraduate,Married,"Income<=$50,000",White,Not Donated,0,1,2,1,2,1,5
9051,30<=Age<=39,Male,Undergraduate,Single,"Income<=$50,000",Black,Not Donated,0,2,2,1,1,1,2
9052,Age<=29,Female,Undergraduate,Married,"Income>$100,000",White,Not Donated,0,1,1,1,2,3,5
9053,40<=Age<=49,Female,Undergraduate,Single,"Income<=$50,000",Black,Not Donated,0,3,1,1,1,1,2
9054,40<=Age<=49,Male,Undergraduate,Single,"Income<=$50,000",White,Not Donated,0,3,2,1,1,1,5
9055,40<=Age<=49,Male,Graduate,Single,"Income<=$50,000",Black,Donated,85,3,2,2,1,1,2
9056,30<=Age<=39,Male,Undergraduate,Married,"Income<=$50,000",White,Donated,55,2,2,1,2,1,5
9057,30<=Age<=39,Female,Undergraduate,Married,"Income<=$50,000",Asian,Donated,45,2,1,1,2,1,1
9058,Age<=29,Female,Undergraduate,Married,"Income>$100,000",White,Donated,115,1,1,1,2,3,5
9059,40<=Age<=49,Female,Undergraduate,Single,"Income<=$50,000",Other,Not Donated,0,3,1,1,1,1,4
9060,Age<=29,Female,Undergraduate,Married,"Income<=$50,000",White,Donated,40,1,1,1,2,1,5
9061,30<=Age<=39,Male,Undergraduate,Married,"$50,000<Income<=$100,000",Asian,Not Donated,0,2,2,1,2,2,1
9062,Age<=29,Female,Undergraduate,Married,"Income<=$50,000",Hispanic,Not Donated,0,1,1,1,2,1,3
9063,30<=Age<=39,Female,Undergraduate,Married,"Income>$100,000",Black,Donated,115,2,1,1,2,3,2
9064,Age<=29,Female,Undergraduate,Single,"$50,000<Income<=$100,000",White,Not Donated,0,1,1,1,1,2,5
9065,40<=Age<=49,Male,Undergraduate,Single,"$50,000<Income<=$100,000",White,Not Donated,0,3,2,1,1,2,5
9066,Age<=29,Male,Undergraduate,Married,"Income>$100,000",Asian,Donated,90,1,2,1,2,3,1
9067,40<=Age<=49,Female,Undergraduate,Married,"Income>$100,000",Other,Not Donated,0,3,1,1,2,3,4
9068,40<=Age<=49,Female,Undergraduate,Single,"$50,000<Income<=$100,000",White,Not Donated,0,3,1,1,1,2,5
9069,40<=Age<=49,Male,Undergraduate,Married,"$50,000<Income<=$100,000",White,Donated,85,3,2,1,2,2,5
9070,30<=Age<=39,Female,Undergraduate,Single,"Income<=$50,000",White,Donated,45,2,1,1,1,1,5
9071,Age>=50,Female,Undergraduate,Married,"$50,000<Income<=$100,000",Black,Not Donated,0,4,1,1,2,2,2
9072,Age<=29,Female,Undergraduate,Single,"$50,000<Income<=$100,000",White,Not Donated,0,1,1,1,1,2,5
9073,Age>=50,Male,Undergraduate,Married,"Income>$100,000",White,Donated,175,4,2,1,2,3,5
9074,30<=Age<=39,Female,Undergraduate,Married,"Income<=$50,000",White,Not Donated,0,2,1,1,2,1,5
9075,Age<=29,Male,Undergraduate,Married,"Income<=$50,000",White,Donated,20,1,2,1,2,1,5
9076,Age>=50,Male,Undergraduate,Single,"Income<=$50,000",White,Not Donated,0,4,2,1,1,1,5
9077,Age>=50,Male,Undergraduate,Single,"Income>$100,000",White,Not Donated,0,4,2,1,1,3,5
9078,Age<=29,Female,Undergraduate,Married,"$50,000<Income<=$100,000",Black,Donated,70,1,1,1,2,2,2
9079,Age>=50,Male,Undergraduate,Married,"Income<=$50,000",White,Not Donated,0,4,2,1,2,1,5
9080,Age<=29,Female,Undergraduate,Married,"Income<=$50,000",Hispanic,Not Donated,0,1,1,1,2,1,3
9081,30<=Age<=39,Female,Undergraduate,Married,"Income>$100,000",White,Donated,115,2,1,1,2,3,5
9082,Age<=29,Female,Undergraduate,Single,"Income>$100,000",White,Donated,90,1,1,1,1,3,5
9083,30<=Age<=39,Male,Undergraduate,Single,"$50,000<Income<=$100,000",White,Donated,70,2,2,1,1,2,5
9084,30<=Age<=39,Female,Undergraduate,Married,"Income<=$50,000",White,Not Donated,0,2,1,1,2,1,5
9085,Age<=29,Male,Undergraduate,Single,"Income<=$50,000",White,Donated,40,1,2,1,1,1,5
9086,Age>=50,Female,Undergraduate,Married,"Income<=$50,000",White,Not Donated,0,4,1,1,2,1,5
9087,Age<=29,Male,Undergraduate,Single,"Income>$100,000",White,Donated,70,1,2,1,1,3,5
9088,Age>=50,Male,Undergraduate,Married,"Income>$100,000",White,Not Donated,0,4,2,1,2,3,5
9089,30<=Age<=39,Female,Graduate,Married,"Income<=$50,000",White,Donated,90,2,1,2,2,1,5
9090,30<=Age<=39,Male,Undergraduate,Single,"Income<=$50,000",White,Not Donated,0,2,2,1,1,1,5
9091,Age<=29,Male,Undergraduate,Married,"Income<=$50,000",Black,Not Donated,0,1,2,1,2,1,2
9092,Age>=50,Female,Undergraduate,Married,"$50,000<Income<=$100,000",White,Not Donated,0,4,1,1,2,2,5
9093,Age<=29,Female,Undergraduate,Single,"Income<=$50,000",White,Not Donated,0,1,1,1,1,1,5
9094,Age<=29,Female,Undergraduate,Single,"Income>$100,000",Black,Donated,80,1,1,1,1,3,2
9095,40<=Age<=49,Female,Undergraduate,Single,"$50,000<Income<=$100,000",White,Not Donated,0,3,1,1,1,2,5
9096,40<=Age<=49,Female,Graduate,Married,"Income<=$50,000",Hispanic,Not Donated,0,3,1,2,2,1,3
9097,30<=Age<=39,Male,Undergraduate,Married,"Income<=$50,000",White,Not Donated,0,2,2,1,2,1,5
9098,Age>=50,Male,Undergraduate,Married,"Income<=$50,000",White,Not Donated,0,4,2,1,2,1,5
9099,30<=Age<=39,Female,Undergraduate,Single,"Income<=$50,000",White,Not Donated,0,2,1,1,1,1,5
9100,40<=Age<=49,Female,Undergraduate,Married,"Income<=$50,000",Asian,Not Donated,0,3,1,1,2,1,1
9101,40<=Age<=49,Male,Undergraduate,Single,"$50,000<Income<=$100,000",Asian,Not Donated,0,3,2,1,1,2,1
9102,Age<=29,Male,Undergraduate,Married,"$50,000<Income<=$100,000",Black,Not Donated,0,1,2,1,2,2,2
9103,30<=Age<=39,Female,Undergraduate,Single,"$50,000<Income<=$100,000",White,Donated,80,2,1,1,1,2,5
9104,Age<=29,Female,Undergraduate,Married,"Income<=$50,000",Other,Not Donated,0,1,1,1,2,1,4
9105,30<=Age<=39,Male,Undergraduate,Single,"Income<=$50,000",White,Not Donated,0,2,2,1,1,1,5
9106,40<=Age<=49,Female,Undergraduate,Married,"Income>$100,000",White,Not Donated,0,3,1,1,2,3,5
9107,40<=Age<=49,Female,Undergraduate,Single,"Income<=$50,000",Black,Donated,70,3,1,1,1,1,2
9108,40<=Age<=49,Male,Undergraduate,Married,"Income<=$50,000",Hispanic,Not Donated,0,3,2,1,2,1,3
9109,Age<=29,Female,Undergraduate,Married,"$50,000<Income<=$100,000",White,Not Donated,0,1,1,1,2,2,5
9110,Age<=29,Male,Undergraduate,Married,"Income<=$50,000",Hispanic,Not Donated,0,1,2,1,2,1,3
9111,30<=Age<=39,Male,Undergraduate,Single,"Income<=$50,000",Black,Not Donated,0,2,2,1,1,1,2
9112,Age<=29,Male,Undergraduate,Married,"$50,000<Income<=$100,000",Black,Not Donated,0,1,2,1,2,2,2
9113,Age>=50,Male,Undergraduate,Married,"Income<=$50,000",Asian,Not Donated,0,4,2,1,2,1,1
9114,40<=Age<=49,Female,Undergraduate,Single,"Income<=$50,000",Asian,Not Donated,0,3,1,1,1,1,1
9115,30<=Age<=39,Male,Graduate,Married,"Income>$100,000",Hispanic,Not Donated,0,2,2,2,2,3,3
9116,40<=Age<=49,Female,Undergraduate,Single,"Income<=$50,000",Hispanic,Not Donated,0,3,1,1,1,1,3
9117,40<=Age<=49,Female,Undergraduate,Married,"Income>$100,000",White,Donated,130,3,1,1,2,3,5
9118,Age<=29,Female,Graduate,Single,"Income<=$50,000",White,Donated,45,1,1,2,1,1,5
9119,Age>=50,Female,Undergraduate,Married,"Income>$100,000",White,Not Donated,0,4,1,1,2,3,5
9120,30<=Age<=39,Male,Undergraduate,Single,"$50,000<Income<=$100,000",White,Donated,70,2,2,1,1,2,5
9121,30<=Age<=39,Female,Undergraduate,Married,"$50,000<Income<=$100,000",Black,Not Donated,0,2,1,1,2,2,2
9122,40<=Age<=49,Female,Undergraduate,Married,"$50,000<Income<=$100,000",White,Not Donated,0,3,1,1,2,2,5
9123,30<=Age<=39,Female,Undergraduate,Single,"Income<=$50,000",White,Donated,40,2,1,1,1,1,5
9124,40<=Age<=49,Female,Undergraduate,Married,"Income<=$50,000",Black,Not Donated,0,3,1,1,2,1,2
9125,40<=Age<=49,Male,Undergraduate,Married,"Income<=$50,000",White,Not Donated,0,3,2,1,2,1,5
9126,Age>=50,Female,Undergraduate,Married,"$50,000<Income<=$100,000",Hispanic,Not Donated,0,4,1,1,2,2,3
9127,Age<=29,Male,Undergraduate,Married,"Income>$100,000",Other,Not Donated,0,1,2,1,2,3,4
9128,Age<=29,Male,Undergraduate,Single,"Income<=$50,000",White,Not Donated,0,1,2,1,1,1,5
9129,Age>=50,Male,Graduate,Single,"$50,000<Income<=$100,000",Hispanic,Donated,130,4,2,2,1,2,3
9130,40<=Age<=49,Female,Undergraduate,Single,"Income>$100,000",White,Donated,110,3,1,1,1,3,5
9131,40<=Age<=49,Female,Undergraduate,Single,"$50,000<Income<=$100,000",Black,Not Donated,0,3,1,1,1,2,2
9132,40<=Age<=49,Male,Undergraduate,Single,"Income<=$50,000",Black,Not Donated,0,3,2,1,1,1,2
9133,Age<=29,Female,Undergraduate,Married,"Income>$100,000",White,Donated,90,1,1,1,2,3,5
9134,Age<=29,Male,Undergraduate,Married,"$50,000<Income<=$100,000",White,Not Donated,0,1,2,1,2,2,5
9135,30<=Age<=39,Female,Undergraduate,Married,"Income>$100,000",White,Donated,95,2,1,1,2,3,5
9136,30<=Age<=39,Male,Graduate,Single,"$50,000<Income<=$100,000",White,Not Donated,0,2,2,2,1,2,5
9137,40<=Age<=49,Female,Undergraduate,Married,"Income<=$50,000",White,Not Donated,0,3,1,1,2,1,5
9138,Age<=29,Male,Undergraduate,Single,"Income>$100,000",White,Donated,80,1,2,1,1,3,5
9139,40<=Age<=49,Female,Undergraduate,Married,"$50,000<Income<=$100,000",Hispanic,Not Donated,0,3,1,1,2,2,3
9140,40<=Age<=49,Female,Undergraduate,Single,"Income<=$50,000",White,Not Donated,0,3,1,1,1,1,5
9141,Age>=50,Female,Undergraduate,Married,"Income<=$50,000",White,Donated,110,4,1,1,2,1,5
9142,Age<=29,Female,Undergraduate,Married,"Income>$100,000",Hispanic,Not Donated,0,1,1,1,2,3,3
9143,Age<=29,Male,Undergraduate,Married,"Income<=$50,000",White,Not Donated,0,1,2,1,2,1,5
9144,Age>=50,Female,Undergraduate,Single,"$50,000<Income<=$100,000",White,Not Donated,0,4,1,1,1,2,5
9145,Age<=29,Male,Undergraduate,Single,"Income>$100,000",Other,Donated,95,1,2,1,1,3,4
9146,40<=Age<=49,Male,Undergraduate,Single,"Income<=$50,000",Hispanic,Not Donated,0,3,2,1,1,1,3
9147,30<=Age<=39,Female,Undergraduate,Single,"Income<=$50,000",White,Not Donated,0,2,1,1,1,1,5
9148,40<=Age<=49,Female,Undergraduate,Married,"$50,000<Income<=$100,000",Hispanic,Donated,85,3,1,1,2,2,3
9149,40<=Age<=49,Male,Undergraduate,Single,"Income>$100,000",White,Donated,110,3,2,1,1,3,5
9150,40<=Age<=49,Male,Undergraduate,Married,"Income>$100,000",Asian,Not Donated,0,3,2,1,2,3,1
9151,30<=Age<=39,Male,Undergraduate,Single,"Income<=$50,000",Asian,Donated,40,2,2,1,1,1,1
9152,Age<=29,Male,Undergraduate,Married,"$50,000<Income<=$100,000",White,Not Donated,0,1,2,1,2,2,5
9153,40<=Age<=49,Male,Undergraduate,Married,"$50,000<Income<=$100,000",Other,Donated,100,3,2,1,2,2,4
9154,30<=Age<=39,Male,Undergraduate,Married,"Income>$100,000",White,Donated,80,2,2,1,2,3,5
9155,Age<=29,Female,Undergraduate,Married,"Income<=$50,000",White,Not Donated,0,1,1,1,2,1,5
9156,Age>=50,Female,Undergraduate,Married,"Income<=$50,000",White,Not Donated,0,4,1,1,2,1,5
9157,30<=Age<=39,Male,Undergraduate,Married,"Income<=$50,000",Black,Donated,50,2,2,1,2,1,2
9158,30<=Age<=39,Male,Undergraduate,Married,"Income>$100,000",White,Not Donated,0,2,2,1,2,3,5
9159,Age>=50,Male,Undergraduate,Single,"Income<=$50,000",White,Not Donated,0,4,2,1,1,1,5
9160,30<=Age<=39,Female,Undergraduate,Single,"$50,000<Income<=$100,000",White,Donated,75,2,1,1,1,2,5
9161,Age<=29,Male,Undergraduate,Single,"Income<=$50,000",Other,Not Donated,0,1,2,1,1,1,4
9162,30<=Age<=39,Female,Undergraduate,Married,"Income<=$50,000",Asian,Not Donated,0,2,1,1,2,1,1
9163,Age>=50,Male,Undergraduate,Married,"Income>$100,000",Asian,Not Donated,0,4,2,1,2,3,1
9164,Age>=50,Female,Undergraduate,Single,"Income>$100,000",Hispanic,Not Donated,0,4,1,1,1,3,3
9165,Age<=29,Female,Undergraduate,Married,"Income>$100,000",Black,Not Donated,0,1,1,1,2,3,2
9166,40<=Age<=49,Female,Undergraduate,Married,"Income<=$50,000",White,Not Donated,0,3,1,1,2,1,5
9167,30<=Age<=39,Male,Undergraduate,Single,"$50,000<Income<=$100,000",Asian,Donated,75,2,2,1,1,2,1
9168,Age>=50,Female,Undergraduate,Married,"$50,000<Income<=$100,000",Black,Not Donated,0,4,1,1,2,2,2
9169,40<=Age<=49,Female,Undergraduate,Married,"Income<=$50,000",Hispanic,Not Donated,0,3,1,1,2,1,3
9170,Age<=29,Female,Undergraduate,Married,"Income<=$50,000",White,Not Donated,0,1,1,1,2,1,5
9171,Age>=50,Female,Undergraduate,Married,"Income<=$50,000",White,Not Donated,0,4,1,1,2,1,5
9172,30<=Age<=39,Male,Undergraduate,Married,"Income<=$50,000",White,Not Donated,0,2,2,1,2,1,5
9173,Age<=29,Male,Undergraduate,Married,"Income>$100,000",White,Donated,95,1,2,1,2,3,5
9174,Age>=50,Male,Undergraduate,Married,"Income<=$50,000",Black,Not Donated,0,4,2,1,2,1,2
9175,Age<=29,Male,Undergraduate,Married,"Income<=$50,000",White,Not Donated,0,1,2,1,2,1,5
9176,Age<=29,Male,Undergraduate,Married,"$50,000<Income<=$100,000",Other,Not Donated,0,1,2,1,2,2,4
9177,30<=Age<=39,Male,Undergraduate,Married,"$50,000<Income<=$100,000",Asian,Not Donated,0,2,2,1,2,2,1
9178,Age>=50,Male,Undergraduate,Married,"Income<=$50,000",Asian,Not Donated,0,4,2,1,2,1,1
9179,30<=Age<=39,Female,Undergraduate,Married,"Income<=$50,000",Other,Not Donated,0,2,1,1,2,1,4
9180,Age>=50,Male,Undergraduate,Married,"Income<=$50,000",White,Not Donated,0,4,2,1,2,1,5
9181,30<=Age<=39,Male,Undergraduate,Single,"Income<=$50,000",Hispanic,Not Donated,0,2,2,1,1,1,3
9182,40<=Age<=49,Male,Undergraduate,Married,"Income<=$50,000",Asian,Donated,75,3,2,1,2,1,1
9183,Age<=29,Female,Undergraduate,Single,"$50,000<Income<=$100,000",Hispanic,Not Donated,0,1,1,1,1,2,3
9184,Age<=29,Female,Undergraduate,Single,"Income<=$50,000",Black,Not Donated,0,1,1,1,1,1,2
9185,30<=Age<=39,Female,Undergraduate,Married,"Income<=$50,000",Asian,Donated,55,2,1,1,2,1,1
9186,Age<=29,Female,Undergraduate,Married,"Income<=$50,000",Black,Donated,35,1,1,1,2,1,2
9187,30<=Age<=39,Female,Undergraduate,Married,"Income<=$50,000",Hispanic,Not Donated,0,2,1,1,2,1,3
9188,40<=Age<=49,Male,Graduate,Married,"$50,000<Income<=$100,000",White,Not Donated,0,3,2,2,2,2,5
9189,Age>=50,Male,Undergraduate,Married,"Income>$100,000",White,Not Donated,0,4,2,1,2,3,5
9190,40<=Age<=49,Male,Undergraduate,Married,"Income>$100,000",White,Donated,140,3,2,1,2,3,5
9191,Age>=50,Female,Undergraduate,Married,"Income<=$50,000",White,Donated,110,4,1,1,2,1,5
9192,30<=Age<=39,Female,Undergraduate,Single,"Income>$100,000",White,Donated,105,2,1,1,1,3,5
9193,Age>=50,Male,Undergraduate,Married,"$50,000<Income<=$100,000",White,Not Donated,0,4,2,1,2,2,5
9194,Age<=29,Male,Undergraduate,Married,"Income<=$50,000",Black,Donated,50,1,2,1,2,1,2
9195,Age<=29,Female,Undergraduate,Married,"$50,000<Income<=$100,000",Asian,Not Donated,0,1,1,1,2,2,1
9196,30<=Age<=39,Male,Undergraduate,Married,"$50,000<Income<=$100,000",White,Not Donated,0,2,2,1,2,2,5
9197,Age>=50,Female,Undergraduate,Married,"$50,000<Income<=$100,000",Hispanic,Not Donated,0,4,1,1,2,2,3
9198,40<=Age<=49,Female,Graduate,Married,"$50,000<Income<=$100,000",White,Not Donated,0,3,1,2,2,2,5
9199,Age<=29,Male,Undergraduate,Single,"$50,000<Income<=$100,000",White,Donated,40,1,2,1,1,2,5
9200,40<=Age<=49,Male,Undergraduate,Married,"$50,000<Income<=$100,000",White,Donated,105,3,2,1,2,2,5
9201,40<=Age<=49,Female,Undergraduate,Married,"$50,000<Income<=$100,000",White,Not Donated,0,3,1,1,2,2,5
9202,Age>=50,Male,Undergraduate,Married,"$50,000<Income<=$100,000",White,Not Donated,0,4,2,1,2,2,5
9203,40<=Age<=49,Male,Graduate,Married,"Income<=$50,000",White,Donated,100,3,2,2,2,1,5
9204,40<=Age<=49,Male,Graduate,Married,"Income<=$50,000",Black,Donated,85,3,2,2,2,1,2
9205,Age>=50,Female,Undergraduate,Married,"$50,000<Income<=$100,000",Black,Not Donated,0,4,1,1,2,2,2
9206,Age>=50,Female,Undergraduate,Married,"$50,000<Income<=$100,000",White,Not Donated,0,4,1,1,2,2,5
9207,30<=Age<=39,Female,Undergraduate,Married,"Income<=$50,000",Black,Not Donated,0,2,1,1,2,1,2
9208,40<=Age<=49,Male,Undergraduate,Married,"$50,000<Income<=$100,000",Asian,Donated,110,3,2,1,2,2,1
9209,Age<=29,Male,Undergraduate,Single,"Income<=$50,000",White,Donated,25,1,2,1,1,1,5
9210,Age>=50,Male,Undergraduate,Married,"Income<=$50,000",White,Not Donated,0,4,2,1,2,1,5
9211,30<=Age<=39,Female,Undergraduate,Married,"Income<=$50,000",Hispanic,Not Donated,0,2,1,1,2,1,3
9212,30<=Age<=39,Female,Undergraduate,Married,"Income>$100,000",White,Not Donated,0,2,1,1,2,3,5
9213,40<=Age<=49,Female,Undergraduate,Married,"Income>$100,000",Asian,Donated,115,3,1,1,2,3,1
9214,30<=Age<=39,Male,Undergraduate,Married,"$50,000<Income<=$100,000",White,Not Donated,0,2,2,1,2,2,5
9215,Age>=50,Male,Undergraduate,Married,"Income<=$50,000",Other,Not Donated,0,4,2,1,2,1,4
9216,40<=Age<=49,Female,Undergraduate,Single,"Income>$100,000",Hispanic,Not Donated,0,3,1,1,1,3,3
9217,Age<=29,Male,Undergraduate,Single,"$50,000<Income<=$100,000",White,Not Donated,0,1,2,1,1,2,5
9218,Age>=50,Female,Undergraduate,Married,"Income<=$50,000",White,Not Donated,0,4,1,1,2,1,5
9219,30<=Age<=39,Male,Undergraduate,Married,"Income<=$50,000",Black,Not Donated,0,2,2,1,2,1,2
9220,Age>=50,Male,Undergraduate,Single,"$50,000<Income<=$100,000",Asian,Not Donated,0,4,2,1,1,2,1
9221,Age>=50,Female,Undergraduate,Married,"Income<=$50,000",White,Not Donated,0,4,1,1,2,1,5
9222,Age<=29,Female,Undergraduate,Married,"Income<=$50,000",Asian,Donated,35,1,1,1,2,1,1
9223,Age>=50,Female,Undergraduate,Married,"Income<=$50,000",Other,Not Donated,0,4,1,1,2,1,4
9224,40<=Age<=49,Male,Undergraduate,Single,"Income>$100,000",Hispanic,Not Donated,0,3,2,1,1,3,3
9225,Age>=50,Male,Undergraduate,Single,"Income>$100,000",White,Not Donated,0,4,2,1,1,3,5
9226,30<=Age<=39,Female,Graduate,Single,"Income>$100,000",White,Not Donated,0,2,1,2,1,3,5
9227,40<=Age<=49,Female,Undergraduate,Single,"$50,000<Income<=$100,000",White,Not Donated,0,3,1,1,1,2,5
9228,Age>=50,Male,Undergraduate,Single,"$50,000<Income<=$100,000",Asian,Not Donated,0,4,2,1,1,2,1
9229,30<=Age<=39,Male,Undergraduate,Married,"$50,000<Income<=$100,000",White,Not Donated,0,2,2,1,2,2,5
9230,Age>=50,Male,Undergraduate,Single,"$50,000<Income<=$100,000",White,Not Donated,0,4,2,1,1,2,5
9231,Age>=50,Male,Undergraduate,Married,"Income<=$50,000",Hispanic,Not Donated,0,4,2,1,2,1,3
9232,Age<=29,Female,Undergraduate,Single,"Income<=$50,000",Hispanic,Not Donated,0,1,1,1,1,1,3
9233,30<=Age<=39,Female,Undergraduate,Married,"Income>$100,000",White,Not Donated,0,2,1,1,2,3,5
9234,40<=Age<=49,Female,Undergraduate,Single,"Income<=$50,000",White,Not Donated,0,3,1,1,1,1,5
9235,40<=Age<=49,Female,Undergraduate,Single,"Income<=$50,000",White,Donated,75,3,1,1,1,1,5
9236,Age<=29,Male,Undergraduate,Married,"$50,000<Income<=$100,000",White,Not Donated,0,1,2,1,2,2,5
9237,30<=Age<=39,Female,Undergraduate,Single,"Income<=$50,000",White,Not Donated,0,2,1,1,1,1,5
9238,30<=Age<=39,Female,Graduate,Married,"$50,000<Income<=$100,000",Other,Donated,85,2,1,2,2,2,4
9239,Age>=50,Male,Undergraduate,Married,"Income>$100,000",White,Not Donated,0,4,2,1,2,3,5
9240,Age<=29,Male,Undergraduate,Married,"Income>$100,000",Hispanic,Not Donated,0,1,2,1,2,3,3
9241,40<=Age<=49,Male,Undergraduate,Married,"Income<=$50,000",White,Donated,75,3,2,1,2,1,5
9242,40<=Age<=49,Male,Undergraduate,Married,"$50,000<Income<=$100,000",White,Not Donated,0,3,2,1,2,2,5
9243,Age<=29,Male,Undergraduate,Married,"Income>$100,000",Other,Not Donated,0,1,2,1,2,3,4
9244,Age>=50,Male,Graduate,Married,"Income<=$50,000",White,Not Donated,0,4,2,2,2,1,5
9245,Age>=50,Male,Undergraduate,Single,"$50,000<Income<=$100,000",Black,Donated,100,4,2,1,1,2,2
9246,Age<=29,Male,Graduate,Married,"Income<=$50,000",White,Not Donated,0,1,2,2,2,1,5
9247,Age<=29,Female,Undergraduate,Single,"Income<=$50,000",White,Not Donated,0,1,1,1,1,1,5
9248,Age<=29,Female,Undergraduate,Single,"Income<=$50,000",White,Donated,30,1,1,1,1,1,5
9249,40<=Age<=49,Male,Undergraduate,Single,"$50,000<Income<=$100,000",Hispanic,Not Donated,0,3,2,1,1,2,3
9250,Age<=29,Male,Undergraduate,Married,"$50,000<Income<=$100,000",Asian,Donated,70,1,2,1,2,2,1
9251,30<=Age<=39,Female,Undergraduate,Single,"$50,000<Income<=$100,000",Hispanic,Donated,70,2,1,1,1,2,3
9252,30<=Age<=39,Female,Undergraduate,Single,"Income<=$50,000",Black,Not Donated,0,2,1,1,1,1,2
9253,30<=Age<=39,Male,Undergraduate,Married,"Income<=$50,000",White,Not Donated,0,2,2,1,2,1,5
9254,Age>=50,Female,Undergraduate,Married,"Income>$100,000",White,Not Donated,0,4,1,1,2,3,5
9255,40<=Age<=49,Male,Undergraduate,Single,"Income<=$50,000",White,Not Donated,0,3,2,1,1,1,5
9256,Age<=29,Male,Undergraduate,Married,"Income<=$50,000",White,Not Donated,0,1,2,1,2,1,5
9257,Age<=29,Male,Undergraduate,Married,"$50,000<Income<=$100,000",White,Not Donated,0,1,2,1,2,2,5
9258,Age<=29,Male,Undergraduate,Married,"Income>$100,000",White,Not Donated,0,1,2,1,2,3,5
9259,30<=Age<=39,Female,Undergraduate,Single,"$50,000<Income<=$100,000",White,Donated,65,2,1,1,1,2,5
9260,Age>=50,Male,Undergraduate,Single,"Income>$100,000",White,Donated,125,4,2,1,1,3,5
9261,40<=Age<=49,Male,Undergraduate,Married,"$50,000<Income<=$100,000",Hispanic,Not Donated,0,3,2,1,2,2,3
9262,30<=Age<=39,Female,Undergraduate,Married,"Income<=$50,000",Black,Donated,65,2,1,1,2,1,2
9263,Age<=29,Male,Undergraduate,Single,"Income<=$50,000",Asian,Donated,20,1,2,1,1,1,1
9264,40<=Age<=49,Male,Undergraduate,Single,"$50,000<Income<=$100,000",White,Not Donated,0,3,2,1,1,2,5
9265,30<=Age<=39,Female,Undergraduate,Married,"Income<=$50,000",White,Not Donated,0,2,1,1,2,1,5
9266,40<=Age<=49,Male,Undergraduate,Married,"Income<=$50,000",White,Not Donated,0,3,2,1,2,1,5
9267,40<=Age<=49,Male,Undergraduate,Married,"$50,000<Income<=$100,000",White,Not Donated,0,3,2,1,2,2,5
9268,30<=Age<=39,Male,Undergraduate,Single,"Income<=$50,000",White,Donated,45,2,2,1,1,1,5
9269,Age<=29,Male,Undergraduate,Married,"Income>$100,000",White,Not Donated,0,1,2,1,2,3,5
9270,40<=Age<=49,Female,Undergraduate,Single,"Income<=$50,000",White,Not Donated,0,3,1,1,1,1,5
9271,40<=Age<=49,Female,Undergraduate,Single,"Income<=$50,000",Asian,Not Donated,0,3,1,1,1,1,1
9272,40<=Age<=49,Female,Undergraduate,Married,"$50,000<Income<=$100,000",White,Donated,80,3,1,1,2,2,5
9273,30<=Age<=39,Female,Undergraduate,Single,"$50,000<Income<=$100,000",White,Not Donated,0,2,1,1,1,2,5
9274,Age>=50,Male,Undergraduate,Married,"Income<=$50,000",White,Not Donated,0,4,2,1,2,1,5
9275,30<=Age<=39,Female,Undergraduate,Married,"$50,000<Income<=$100,000",White,Not Donated,0,2,1,1,2,2,5
9276,40<=Age<=49,Female,Undergraduate,Married,"$50,000<Income<=$100,000",Other,Donated,85,3,1,1,2,2,4
9277,Age>=50,Male,Undergraduate,Single,"$50,000<Income<=$100,000",Black,Not Donated,0,4,2,1,1,2,2
9278,30<=Age<=39,Male,Undergraduate,Single,"Income>$100,000",White,Donated,110,2,2,1,1,3,5
9279,40<=Age<=49,Female,Undergraduate,Single,"$50,000<Income<=$100,000",Other,Donated,100,3,1,1,1,2,4
9280,Age<=29,Female,Undergraduate,Married,"Income<=$50,000",White,Donated,35,1,1,1,2,1,5
9281,Age<=29,Male,Undergraduate,Single,"Income<=$50,000",White,Donated,20,1,2,1,1,1,5
9282,Age<=29,Male,Undergraduate,Married,"$50,000<Income<=$100,000",White,Not Donated,0,1,2,1,2,2,5
9283,Age<=29,Female,Undergraduate,Married,"Income<=$50,000",Black,Donated,35,1,1,1,2,1,2
9284,Age<=29,Female,Undergraduate,Single,"Income<=$50,000",Hispanic,Not Donated,0,1,1,1,1,1,3
9285,Age<=29,Female,Undergraduate,Single,"$50,000<Income<=$100,000",Hispanic,Not Donated,0,1,1,1,1,2,3
9286,Age>=50,Male,Undergraduate,Married,"Income>$100,000",White,Not Donated,0,4,2,1,2,3,5
9287,Age<=29,Male,Graduate,Married,"Income<=$50,000",Hispanic,Donated,60,1,2,2,2,1,3
9288,Age<=29,Male,Undergraduate,Married,"Income<=$50,000",Asian,Donated,25,1,2,1,2,1,1
9289,Age<=29,Female,Undergraduate,Married,"$50,000<Income<=$100,000",Hispanic,Donated,55,1,1,1,2,2,3
9290,30<=Age<=39,Male,Graduate,Married,"Income<=$50,000",White,Not Donated,0,2,2,2,2,1,5
9291,30<=Age<=39,Male,Undergraduate,Single,"Income<=$50,000",White,Donated,45,2,2,1,1,1,5
9292,Age<=29,Female,Graduate,Married,"$50,000<Income<=$100,000",White,Not Donated,0,1,1,2,2,2,5
9293,Age>=50,Female,Undergraduate,Single,"Income<=$50,000",White,Not Donated,0,4,1,1,1,1,5
9294,40<=Age<=49,Male,Undergraduate,Married,"$50,000<Income<=$100,000",White,Donated,100,3,2,1,2,2,5
9295,30<=Age<=39,Female,Undergraduate,Single,"$50,000<Income<=$100,000",Other,Donated,65,2,1,1,1,2,4
9296,Age>=50,Male,Undergraduate,Single,"$50,000<Income<=$100,000",Asian,Not Donated,0,4,2,1,1,2,1
9297,Age<=29,Male,Undergraduate,Married,"Income>$100,000",White,Donated,75,1,2,1,2,3,5
9298,Age>=50,Female,Undergraduate,Married,"Income<=$50,000",Other,Not Donated,0,4,1,1,2,1,4
9299,30<=Age<=39,Female,Undergraduate,Single,"Income<=$50,000",White,Not Donated,0,2,1,1,1,1,5
9300,30<=Age<=39,Female,Graduate,Married,"Income>$100,000",Hispanic,Not Donated,0,2,1,2,2,3,3
9301,Age<=29,Male,Undergraduate,Single,"$50,000<Income<=$100,000",Asian,Donated,40,1,2,1,1,2,1
9302,Age<=29,Female,Undergraduate,Married,"Income<=$50,000",White,Not Donated,0,1,1,1,2,1,5
9303,30<=Age<=39,Male,Undergraduate,Single,"$50,000<Income<=$100,000",White,Not Donated,0,2,2,1,1,2,5
9304,40<=Age<=49,Male,Graduate,Married,"Income<=$50,000",White,Donated,95,3,2,2,2,1,5
9305,Age>=50,Female,Undergraduate,Single,"$50,000<Income<=$100,000",Hispanic,Not Donated,0,4,1,1,1,2,3
9306,30<=Age<=39,Male,Undergraduate,Single,"Income>$100,000",Asian,Not Donated,0,2,2,1,1,3,1
9307,30<=Age<=39,Male,Graduate,Married,"Income<=$50,000",Asian,Not Donated,0,2,2,2,2,1,1
9308,40<=Age<=49,Female,Undergraduate,Married,"Income>$100,000",White,Not Donated,0,3,1,1,2,3,5
9309,30<=Age<=39,Female,Undergraduate,Married,"$50,000<Income<=$100,000",White,Not Donated,0,2,1,1,2,2,5
9310,30<=Age<=39,Male,Undergraduate,Married,"Income>$100,000",Other,Donated,110,2,2,1,2,3,4
9311,Age<=29,Male,Undergraduate,Married,"Income>$100,000",White,Not Donated,0,1,2,1,2,3,5
9312,30<=Age<=39,Male,Undergraduate,Married,"Income<=$50,000",White,Not Donated,0,2,2,1,2,1,5
9313,40<=Age<=49,Female,Undergraduate,Married,"Income<=$50,000",Hispanic,Not Donated,0,3,1,1,2,1,3
9314,30<=Age<=39,Female,Undergraduate,Married,"$50,000<Income<=$100,000",Hispanic,Not Donated,0,2,1,1,2,2,3
9315,40<=Age<=49,Male,Undergraduate,Single,"Income>$100,000",Black,Not Donated,0,3,2,1,1,3,2
9316,30<=Age<=39,Male,Undergraduate,Married,"Income<=$50,000",White,Not Donated,0,2,2,1,2,1,5
9317,30<=Age<=39,Female,Undergraduate,Married,"Income<=$50,000",White,Not Donated,0,2,1,1,2,1,5
9318,Age>=50,Female,Undergraduate,Married,"Income<=$50,000",White,Not Donated,0,4,1,1,2,1,5
9319,40<=Age<=49,Female,Undergraduate,Single,"$50,000<Income<=$100,000",White,Not Donated,0,3,1,1,1,2,5
9320,40<=Age<=49,Female,Undergraduate,Married,"Income<=$50,000",White,Donated,75,3,1,1,2,1,5
9321,30<=Age<=39,Female,Undergraduate,Married,"Income>$100,000",White,Not Donated,0,2,1,1,2,3,5
9322,30<=Age<=39,Male,Undergraduate,Single,"$50,000<Income<=$100,000",Hispanic,Not Donated,0,2,2,1,1,2,3
9323,30<=Age<=39,Female,Undergraduate,Single,"Income<=$50,000",White,Not Donated,0,2,1,1,1,1,5
9324,30<=Age<=39,Male,Undergraduate,Single,"$50,000<Income<=$100,000",Asian,Not Donated,0,2,2,1,1,2,1
9325,40<=Age<=49,Female,Undergraduate,Married,"Income<=$50,000",White,Donated,85,3,1,1,2,1,5
9326,Age<=29,Male,Undergraduate,Single,"$50,000<Income<=$100,000",Hispanic,Donated,40,1,2,1,1,2,3
9327,Age<=29,Male,Undergraduate,Married,"$50,000<Income<=$100,000",White,Donated,55,1,2,1,2,2,5
9328,30<=Age<=39,Female,Undergraduate,Married,"Income<=$50,000",White,Donated,75,2,1,1,2,1,5
9329,30<=Age<=39,Male,Undergraduate,Single,"$50,000<Income<=$100,000",Hispanic,Not Donated,0,2,2,1,1,2,3
9330,30<=Age<=39,Male,Undergraduate,Married,"Income<=$50,000",Black,Donated,60,2,2,1,2,1,2
9331,40<=Age<=49,Male,Undergraduate,Married,"Income<=$50,000",Asian,Not Donated,0,3,2,1,2,1,1
9332,30<=Age<=39,Female,Undergraduate,Married,"Income<=$50,000",Other,Not Donated,0,2,1,1,2,1,4
9333,Age<=29,Male,Undergraduate,Married,"Income<=$50,000",Black,Not Donated,0,1,2,1,2,1,2
9334,Age>=50,Male,Undergraduate,Married,"$50,000<Income<=$100,000",Black,Not Donated,0,4,2,1,2,2,2
9335,30<=Age<=39,Female,Undergraduate,Single,"Income<=$50,000",Asian,Not Donated,0,2,1,1,1,1,1
9336,Age>=50,Female,Undergraduate,Married,"Income<=$50,000",White,Not Donated,0,4,1,1,2,1,5
9337,30<=Age<=39,Male,Undergraduate,Married,"Income>$100,000",Black,Not Donated,0,2,2,1,2,3,2
9338,Age<=29,Female,Undergraduate,Single,"Income>$100,000",Hispanic,Donated,110,1,1,1,1,3,3
9339,40<=Age<=49,Female,Undergraduate,Married,"Income<=$50,000",White,Not Donated,0,3,1,1,2,1,5
9340,40<=Age<=49,Female,Undergraduate,Single,"Income>$100,000",White,Not Donated,0,3,1,1,1,3,5
9341,40<=Age<=49,Male,Graduate,Married,"Income<=$50,000",White,Donated,95,3,2,2,2,1,5
9342,40<=Age<=49,Female,Undergraduate,Single,"$50,000<Income<=$100,000",Hispanic,Not Donated,0,3,1,1,1,2,3
9343,Age>=50,Female,Undergraduate,Married,"Income>$100,000",White,Not Donated,0,4,1,1,2,3,5
9344,30<=Age<=39,Female,Undergraduate,Married,"Income<=$50,000",White,Not Donated,0,2,1,1,2,1,5
9345,Age>=50,Female,Undergraduate,Married,"Income>$100,000",Black,Not Donated,0,4,1,1,2,3,2
9346,Age<=29,Female,Undergraduate,Single,"$50,000<Income<=$100,000",Asian,Not Donated,0,1,1,1,1,2,1
9347,30<=Age<=39,Female,Undergraduate,Married,"$50,000<Income<=$100,000",White,Not Donated,0,2,1,1,2,2,5
9348,Age<=29,Male,Undergraduate,Married,"Income<=$50,000",White,Donated,30,1,2,1,2,1,5
9349,40<=Age<=49,Male,Graduate,Single,"Income>$100,000",White,Not Donated,0,3,2,2,1,3,5
9350,40<=Age<=49,Male,Graduate,Single,"$50,000<Income<=$100,000",Asian,Donated,100,3,2,2,1,2,1
9351,30<=Age<=39,Female,Undergraduate,Married,"$50,000<Income<=$100,000",Other,Donated,100,2,1,1,2,2,4
9352,40<=Age<=49,Male,Undergraduate,Single,"Income>$100,000",White,Donated,135,3,2,1,1,3,5
9353,40<=Age<=49,Female,Undergraduate,Married,"Income<=$50,000",White,Donated,70,3,1,1,2,1,5
9354,30<=Age<=39,Female,Undergraduate,Single,"Income<=$50,000",White,Not Donated,0,2,1,1,1,1,5
9355,Age<=29,Female,Undergraduate,Single,"Income>$100,000",White,Donated,50,1,1,1,1,3,5
9356,40<=Age<=49,Male,Undergraduate,Married,"$50,000<Income<=$100,000",White,Not Donated,0,3,2,1,2,2,5
9357,30<=Age<=39,Male,Undergraduate,Single,"Income<=$50,000",White,Not Donated,0,2,2,1,1,1,5
9358,Age<=29,Male,Undergraduate,Married,"Income<=$50,000",White,Not Donated,0,1,2,1,2,1,5
9359,30<=Age<=39,Female,Undergraduate,Married,"$50,000<Income<=$100,000",Hispanic,Not Donated,0,2,1,1,2,2,3
9360,Age>=50,Male,Undergraduate,Single,"$50,000<Income<=$100,000",White,Not Donated,0,4,2,1,1,2,5
9361,40<=Age<=49,Male,Undergraduate,Married,"Income>$100,000",Black,Donated,145,3,2,1,2,3,2
9362,Age<=29,Male,Undergraduate,Single,"Income<=$50,000",Hispanic,Not Donated,0,1,2,1,1,1,3
9363,40<=Age<=49,Male,Undergraduate,Single,"$50,000<Income<=$100,000",White,Not Donated,0,3,2,1,1,2,5
9364,30<=Age<=39,Female,Undergraduate,Married,"$50,000<Income<=$100,000",White,Donated,80,2,1,1,2,2,5
9365,40<=Age<=49,Male,Undergraduate,Married,"$50,000<Income<=$100,000",Hispanic,Donated,100,3,2,1,2,2,3
9366,40<=Age<=49,Female,Undergraduate,Single,"$50,000<Income<=$100,000",Black,Donated,90,3,1,1,1,2,2
9367,Age<=29,Male,Undergraduate,Married,"Income<=$50,000",White,Not Donated,0,1,2,1,2,1,5
9368,40<=Age<=49,Male,Undergraduate,Married,"Income<=$50,000",Black,Not Donated,0,3,2,1,2,1,2
9369,30<=Age<=39,Female,Undergraduate,Married,"$50,000<Income<=$100,000",White,Not Donated,0,2,1,1,2,2,5
9370,Age>=50,Male,Graduate,Single,"Income>$100,000",Hispanic,Donated,150,4,2,2,1,3,3
9371,30<=Age<=39,Female,Undergraduate,Single,"Income<=$50,000",Other,Donated,55,2,1,1,1,1,4
9372,40<=Age<=49,Female,Undergraduate,Married,"Income<=$50,000",Black,Not Donated,0,3,1,1,2,1,2
9373,40<=Age<=49,Male,Undergraduate,Married,"$50,000<Income<=$100,000",Black,Donated,110,3,2,1,2,2,2
9374,30<=Age<=39,Female,Undergraduate,Single,"Income<=$50,000",White,Not Donated,0,2,1,1,1,1,5
9375,Age>=50,Female,Undergraduate,Married,"Income<=$50,000",Asian,Not Donated,0,4,1,1,2,1,1
9376,40<=Age<=49,Male,Graduate,Married,"Income>$100,000",White,Not Donated,0,3,2,2,2,3,5
9377,Age>=50,Female,Undergraduate,Married,"Income<=$50,000",Hispanic,Not Donated,0,4,1,1,2,1,3
9378,Age<=29,Male,Undergraduate,Married,"Income>$100,000",Other,Not Donated,0,1,2,1,2,3,4
9379,Age<=29,Male,Undergraduate,Single,"Income<=$50,000",White,Not Donated,0,1,2,1,1,1,5
9380,Age<=29,Male,Undergraduate,Married,"Income<=$50,000",White,Not Donated,0,1,2,1,2,1,5
9381,Age>=50,Female,Undergraduate,Married,"$50,000<Income<=$100,000",White,Not Donated,0,4,1,1,2,2,5
9382,Age<=29,Male,Undergraduate,Married,"Income<=$50,000",White,Donated,50,1,2,1,2,1,5
9383,Age<=29,Female,Undergraduate,Single,"$50,000<Income<=$100,000",White,Donated,50,1,1,1,1,2,5
9384,Age>=50,Male,Undergraduate,Married,"Income<=$50,000",White,Not Donated,0,4,2,1,2,1,5
9385,40<=Age<=49,Male,Undergraduate,Married,"$50,000<Income<=$100,000",White,Donated,105,3,2,1,2,2,5
9386,40<=Age<=49,Female,Undergraduate,Single,"$50,000<Income<=$100,000",Hispanic,Not Donated,0,3,1,1,1,2,3
9387,30<=Age<=39,Male,Undergraduate,Married,"Income<=$50,000",Other,Not Donated,0,2,2,1,2,1,4
9388,Age<=29,Female,Undergraduate,Married,"$50,000<Income<=$100,000",White,Donated,50,1,1,1,2,2,5
9389,30<=Age<=39,Female,Undergraduate,Single,"$50,000<Income<=$100,000",White,Not Donated,0,2,1,1,1,2,5
9390,Age<=29,Female,Undergraduate,Married,"Income<=$50,000",White,Not Donated,0,1,1,1,2,1,5
9391,40<=Age<=49,Male,Undergraduate,Married,"Income<=$50,000",Asian,Not Donated,0,3,2,1,2,1,1
9392,Age<=29,Female,Undergraduate,Married,"$50,000<Income<=$100,000",White,Donated,45,1,1,1,2,2,5
9393,40<=Age<=49,Male,Undergraduate,Single,"Income<=$50,000",White,Donated,80,3,2,1,1,1,5
9394,Age<=29,Male,Graduate,Married,"Income<=$50,000",Other,Not Donated,0,1,2,2,2,1,4
9395,30<=Age<=39,Male,Undergraduate,Married,"Income<=$50,000",White,Not Donated,0,2,2,1,2,1,5
9396,Age<=29,Male,Undergraduate,Married,"Income<=$50,000",Asian,Not Donated,0,1,2,1,2,1,1
9397,40<=Age<=49,Male,Undergraduate,Single,"Income>$100,000",White,Donated,130,3,2,1,1,3,5
9398,30<=Age<=39,Male,Undergraduate,Married,"Income>$100,000",White,Donated,90,2,2,1,2,3,5
9399,Age>=50,Female,Undergraduate,Married,"Income<=$50,000",Other,Not Donated,0,4,1,1,2,1,4
9400,40<=Age<=49,Male,Undergraduate,Single,"Income<=$50,000",White,Not Donated,0,3,2,1,1,1,5
9401,30<=Age<=39,Male,Undergraduate,Married,"$50,000<Income<=$100,000",Black,Donated,75,2,2,1,2,2,2
9402,Age<=29,Male,Undergraduate,Single,"Income<=$50,000",White,Not Donated,0,1,2,1,1,1,5
9403,30<=Age<=39,Male,Undergraduate,Married,"$50,000<Income<=$100,000",Asian,Donated,80,2,2,1,2,2,1
9404,Age>=50,Female,Undergraduate,Single,"$50,000<Income<=$100,000",White,Not Donated,0,4,1,1,1,2,5
9405,30<=Age<=39,Male,Undergraduate,Married,"Income<=$50,000",Hispanic,Not Donated,0,2,2,1,2,1,3
9406,40<=Age<=49,Female,Undergraduate,Single,"Income<=$50,000",White,Not Donated,0,3,1,1,1,1,5
9407,Age<=29,Female,Undergraduate,Single,"$50,000<Income<=$100,000",White,Not Donated,0,1,1,1,1,2,5
9408,Age>=50,Male,Undergraduate,Single,"Income<=$50,000",White,Not Donated,0,4,2,1,1,1,5
9409,Age<=29,Male,Graduate,Single,"Income<=$50,000",White,Donated,25,1,2,2,1,1,5
9410,Age>=50,Female,Undergraduate,Married,"Income<=$50,000",Hispanic,Not Donated,0,4,1,1,2,1,3
9411,Age<=29,Male,Undergraduate,Single,"Income<=$50,000",Asian,Not Donated,0,1,2,1,1,1,1
9412,Age>=50,Male,Undergraduate,Single,"$50,000<Income<=$100,000",White,Not Donated,0,4,2,1,1,2,5
9413,Age>=50,Male,Undergraduate,Married,"Income>$100,000",White,Not Donated,0,4,2,1,2,3,5
9414,40<=Age<=49,Male,Graduate,Married,"Income<=$50,000",White,Not Donated,0,3,2,2,2,1,5
9415,40<=Age<=49,Female,Undergraduate,Married,"Income>$100,000",White,Donated,120,3,1,1,2,3,5
9416,30<=Age<=39,Female,Undergraduate,Single,"Income<=$50,000",Asian,Not Donated,0,2,1,1,1,1,1
9417,30<=Age<=39,Male,Undergraduate,Single,"$50,000<Income<=$100,000",White,Donated,80,2,2,1,1,2,5
9418,Age<=29,Female,Undergraduate,Married,"Income<=$50,000",White,Not Donated,0,1,1,1,2,1,5
9419,30<=Age<=39,Female,Undergraduate,Married,"Income<=$50,000",White,Not Donated,0,2,1,1,2,1,5
9420,40<=Age<=49,Female,Undergraduate,Married,"$50,000<Income<=$100,000",White,Not Donated,0,3,1,1,2,2,5
9421,30<=Age<=39,Male,Undergraduate,Married,"$50,000<Income<=$100,000",Asian,Donated,80,2,2,1,2,2,1
9422,40<=Age<=49,Female,Undergraduate,Single,"Income<=$50,000",White,Donated,75,3,1,1,1,1,5
9423,30<=Age<=39,Male,Undergraduate,Single,"$50,000<Income<=$100,000",White,Not Donated,0,2,2,1,1,2,5
9424,Age<=29,Male,Undergraduate,Single,"Income<=$50,000",Hispanic,Not Donated,0,1,2,1,1,1,3
9425,Age<=29,Male,Undergraduate,Single,"Income<=$50,000",Asian,Not Donated,0,1,2,1,1,1,1
9426,Age<=29,Female,Undergraduate,Single,"Income<=$50,000",Asian,Not Donated,0,1,1,1,1,1,1
9427,30<=Age<=39,Female,Undergraduate,Married,"Income>$100,000",Black,Not Donated,0,2,1,1,2,3,2
9428,Age>=50,Male,Graduate,Married,"Income<=$50,000",Hispanic,Not Donated,0,4,2,2,2,1,3
9429,Age>=50,Male,Graduate,Married,"Income<=$50,000",Other,Not Donated,0,4,2,2,2,1,4
9430,Age<=29,Female,Undergraduate,Single,"Income<=$50,000",White,Not Donated,0,1,1,1,1,1,5
9431,30<=Age<=39,Female,Undergraduate,Single,"Income>$100,000",White,Not Donated,0,2,1,1,1,3,5
9432,30<=Age<=39,Female,Undergraduate,Married,"Income<=$50,000",Black,Not Donated,0,2,1,1,2,1,2
9433,Age>=50,Male,Undergraduate,Married,"$50,000<Income<=$100,000",White,Not Donated,0,4,2,1,2,2,5
9434,30<=Age<=39,Male,Graduate,Married,"Income>$100,000",White,Not Donated,0,2,2,2,2,3,5
9435,Age<=29,Male,Graduate,Married,"Income>$100,000",Black,Donated,115,1,2,2,2,3,2
9436,30<=Age<=39,Female,Undergraduate,Single,"Income<=$50,000",White,Not Donated,0,2,1,1,1,1,5
9437,30<=Age<=39,Male,Undergraduate,Married,"$50,000<Income<=$100,000",White,Donated,75,2,2,1,2,2,5
9438,40<=Age<=49,Female,Undergraduate,Married,"Income<=$50,000",White,Not Donated,0,3,1,1,2,1,5
9439,40<=Age<=49,Female,Undergraduate,Single,"Income>$100,000",White,Donated,140,3,1,1,1,3,5
9440,Age>=50,Male,Undergraduate,Married,"Income<=$50,000",White,Donated,115,4,2,1,2,1,5
9441,Age>=50,Male,Undergraduate,Married,"$50,000<Income<=$100,000",Asian,Not Donated,0,4,2,1,2,2,1
9442,Age>=50,Female,Undergraduate,Married,"Income<=$50,000",White,Not Donated,0,4,1,1,2,1,5
9443,Age<=29,Male,Undergraduate,Married,"$50,000<Income<=$100,000",Black,Donated,65,1,2,1,2,2,2
9444,40<=Age<=49,Female,Undergraduate,Single,"Income<=$50,000",White,Not Donated,0,3,1,1,1,1,5
9445,Age<=29,Female,Undergraduate,Married,"Income<=$50,000",White,Not Donated,0,1,1,1,2,1,5
9446,Age<=29,Male,Undergraduate,Married,"Income<=$50,000",White,Not Donated,0,1,2,1,2,1,5
9447,30<=Age<=39,Male,Undergraduate,Married,"Income<=$50,000",White,Not Donated,0,2,2,1,2,1,5
9448,Age<=29,Female,Undergraduate,Single,"Income<=$50,000",White,Donated,25,1,1,1,1,1,5
9449,30<=Age<=39,Male,Undergraduate,Married,"$50,000<Income<=$100,000",Black,Not Donated,0,2,2,1,2,2,2
9450,30<=Age<=39,Male,Undergraduate,Single,"Income>$100,000",White,Donated,110,2,2,1,1,3,5
9451,40<=Age<=49,Female,Undergraduate,Married,"Income<=$50,000",White,Not Donated,0,3,1,1,2,1,5
9452,Age<=29,Female,Undergraduate,Married,"Income<=$50,000",Asian,Not Donated,0,1,1,1,2,1,1
9453,30<=Age<=39,Female,Undergraduate,Single,"Income<=$50,000",Black,Not Donated,0,2,1,1,1,1,2
9454,Age<=29,Male,Undergraduate,Single,"Income<=$50,000",Asian,Not Donated,0,1,2,1,1,1,1
9455,30<=Age<=39,Female,Undergraduate,Single,"$50,000<Income<=$100,000",Hispanic,Not Donated,0,2,1,1,1,2,3
9456,40<=Age<=49,Male,Undergraduate,Married,"Income<=$50,000",Asian,Not Donated,0,3,2,1,2,1,1
9457,Age>=50,Male,Undergraduate,Single,"Income<=$50,000",White,Not Donated,0,4,2,1,1,1,5
9458,Age<=29,Female,Undergraduate,Married,"$50,000<Income<=$100,000",White,Not Donated,0,1,1,1,2,2,5
9459,40<=Age<=49,Female,Undergraduate,Single,"$50,000<Income<=$100,000",White,Not Donated,0,3,1,1,1,2,5
9460,40<=Age<=49,Male,Undergraduate,Married,"Income<=$50,000",Other,Not Donated,0,3,2,1,2,1,4
9461,Age<=29,Male,Undergraduate,Married,"$50,000<Income<=$100,000",White,Not Donated,0,1,2,1,2,2,5
9462,40<=Age<=49,Female,Undergraduate,Single,"Income>$100,000",White,Not Donated,0,3,1,1,1,3,5
9463,Age<=29,Male,Undergraduate,Married,"Income>$100,000",White,Donated,75,1,2,1,2,3,5
9464,30<=Age<=39,Male,Undergraduate,Single,"Income<=$50,000",Black,Not Donated,0,2,2,1,1,1,2
9465,30<=Age<=39,Male,Undergraduate,Married,"Income<=$50,000",Hispanic,Donated,65,2,2,1,2,1,3
9466,Age<=29,Female,Undergraduate,Married,"Income<=$50,000",White,Donated,45,1,1,1,2,1,5
9467,30<=Age<=39,Female,Undergraduate,Single,"Income<=$50,000",Hispanic,Not Donated,0,2,1,1,1,1,3
9468,Age<=29,Male,Undergraduate,Single,"Income<=$50,000",White,Not Donated,0,1,2,1,1,1,5
9469,Age<=29,Female,Undergraduate,Married,"Income<=$50,000",White,Not Donated,0,1,1,1,2,1,5
9470,Age<=29,Female,Undergraduate,Single,"Income<=$50,000",White,Not Donated,0,1,1,1,1,1,5
9471,40<=Age<=49,Female,Graduate,Single,"Income>$100,000",White,Not Donated,0,3,1,2,1,3,5
9472,40<=Age<=49,Male,Undergraduate,Single,"$50,000<Income<=$100,000",White,Not Donated,0,3,2,1,1,2,5
9473,Age>=50,Female,Graduate,Single,"$50,000<Income<=$100,000",White,Not Donated,0,4,1,2,1,2,5
9474,30<=Age<=39,Female,Undergraduate,Married,"Income<=$50,000",Asian,Donated,65,2,1,1,2,1,1
9475,40<=Age<=49,Male,Graduate,Married,"Income<=$50,000",White,Not Donated,0,3,2,2,2,1,5
9476,40<=Age<=49,Male,Undergraduate,Single,"Income>$100,000",Black,Donated,120,3,2,1,1,3,2
9477,Age<=29,Male,Undergraduate,Single,"$50,000<Income<=$100,000",White,Donated,60,1,2,1,1,2,5
9478,Age<=29,Female,Undergraduate,Married,"Income<=$50,000",White,Not Donated,0,1,1,1,2,1,5
9479,Age<=29,Male,Undergraduate,Single,"Income<=$50,000",Hispanic,Not Donated,0,1,2,1,1,1,3
9480,Age>=50,Male,Undergraduate,Married,"Income<=$50,000",White,Not Donated,0,4,2,1,2,1,5
9481,40<=Age<=49,Male,Undergraduate,Married,"Income>$100,000",Hispanic,Not Donated,0,3,2,1,2,3,3
9482,40<=Age<=49,Male,Undergraduate,Married,"$50,000<Income<=$100,000",Asian,Donated,105,3,2,1,2,2,1
9483,30<=Age<=39,Male,Undergraduate,Single,"$50,000<Income<=$100,000",Hispanic,Donated,90,2,2,1,1,2,3
9484,40<=Age<=49,Female,Undergraduate,Married,"$50,000<Income<=$100,000",White,Not Donated,0,3,1,1,2,2,5
9485,Age<=29,Female,Undergraduate,Married,"Income<=$50,000",White,Donated,55,1,1,1,2,1,5
9486,Age<=29,Female,Undergraduate,Married,"$50,000<Income<=$100,000",Black,Not Donated,0,1,1,1,2,2,2
9487,40<=Age<=49,Female,Graduate,Single,"Income<=$50,000",Black,Donated,75,3,1,2,1,1,2
9488,Age<=29,Male,Undergraduate,Single,"Income<=$50,000",White,Not Donated,0,1,2,1,1,1,5
9489,40<=Age<=49,Male,Graduate,Married,"Income<=$50,000",White,Not Donated,0,3,2,2,2,1,5
9490,Age<=29,Male,Undergraduate,Married,"Income<=$50,000",Asian,Not Donated,0,1,2,1,2,1,1
9491,Age<=29,Female,Undergraduate,Married,"Income<=$50,000",White,Donated,30,1,1,1,2,1,5
9492,40<=Age<=49,Male,Undergraduate,Single,"$50,000<Income<=$100,000",White,Donated,90,3,2,1,1,2,5
9493,Age>=50,Male,Undergraduate,Single,"Income<=$50,000",White,Not Donated,0,4,2,1,1,1,5
9494,Age<=29,Male,Undergraduate,Single,"$50,000<Income<=$100,000",White,Not Donated,0,1,2,1,1,2,5
9495,30<=Age<=39,Male,Undergraduate,Married,"Income<=$50,000",Black,Not Donated,0,2,2,1,2,1,2
9496,Age<=29,Male,Graduate,Single,"Income>$100,000",Asian,Donated,70,1,2,2,1,3,1
9497,40<=Age<=49,Female,Undergraduate,Married,"Income<=$50,000",White,Not Donated,0,3,1,1,2,1,5
9498,Age<=29,Male,Graduate,Single,"$50,000<Income<=$100,000",White,Donated,70,1,2,2,1,2,5
9499,30<=Age<=39,Male,Undergraduate,Single,"Income>$100,000",Hispanic,Not Donated,0,2,2,1,1,3,3
9500,40<=Age<=49,Female,Undergraduate,Married,"Income<=$50,000",Hispanic,Not Donated,0,3,1,1,2,1,3
9501,40<=Age<=49,Male,Undergraduate,Single,"Income<=$50,000",White,Not Donated,0,3,2,1,1,1,5
9502,Age<=29,Male,Undergraduate,Single,"Income>$100,000",Other,Donated,80,1,2,1,1,3,4
9503,30<=Age<=39,Female,Graduate,Single,"Income<=$50,000",White,Donated,85,2,1,2,1,1,5
9504,Age>=50,Male,Undergraduate,Single,"Income<=$50,000",White,Not Donated,0,4,2,1,1,1,5
9505,40<=Age<=49,Female,Undergraduate,Single,"Income<=$50,000",Black,Donated,70,3,1,1,1,1,2
9506,Age<=29,Male,Undergraduate,Married,"Income>$100,000",Other,Not Donated,0,1,2,1,2,3,4
9507,Age>=50,Male,Undergraduate,Married,"Income<=$50,000",White,Not Donated,0,4,2,1,2,1,5
9508,Age>=50,Female,Undergraduate,Married,"Income<=$50,000",White,Not Donated,0,4,1,1,2,1,5
9509,Age<=29,Female,Undergraduate,Married,"Income>$100,000",White,Donated,85,1,1,1,2,3,5
9510,Age>=50,Female,Undergraduate,Married,"$50,000<Income<=$100,000",White,Not Donated,0,4,1,1,2,2,5
9511,40<=Age<=49,Female,Undergraduate,Single,"Income<=$50,000",White,Donated,70,3,1,1,1,1,5
9512,30<=Age<=39,Male,Undergraduate,Married,"$50,000<Income<=$100,000",Hispanic,Donated,65,2,2,1,2,2,3
9513,Age<=29,Female,Undergraduate,Married,"$50,000<Income<=$100,000",Asian,Donated,60,1,1,1,2,2,1
9514,Age>=50,Male,Undergraduate,Single,"Income<=$50,000",White,Not Donated,0,4,2,1,1,1,5
9515,40<=Age<=49,Female,Undergraduate,Single,"Income<=$50,000",White,Not Donated,0,3,1,1,1,1,5
9516,40<=Age<=49,Male,Undergraduate,Married,"Income<=$50,000",White,Not Donated,0,3,2,1,2,1,5
9517,30<=Age<=39,Female,Undergraduate,Single,"$50,000<Income<=$100,000",White,Not Donated,0,2,1,1,1,2,5
9518,40<=Age<=49,Male,Undergraduate,Married,"Income>$100,000",White,Not Donated,0,3,2,1,2,3,5
9519,30<=Age<=39,Female,Undergraduate,Single,"Income>$100,000",White,Donated,85,2,1,1,1,3,5
9520,Age<=29,Male,Undergraduate,Single,"$50,000<Income<=$100,000",White,Not Donated,0,1,2,1,1,2,5
9521,40<=Age<=49,Male,Undergraduate,Married,"Income<=$50,000",Asian,Not Donated,0,3,2,1,2,1,1
9522,30<=Age<=39,Female,Undergraduate,Married,"Income<=$50,000",Asian,Not Donated,0,2,1,1,2,1,1
9523,40<=Age<=49,Male,Undergraduate,Married,"Income<=$50,000",Black,Not Donated,0,3,2,1,2,1,2
9524,30<=Age<=39,Female,Undergraduate,Married,"Income<=$50,000",White,Not Donated,0,2,1,1,2,1,5
9525,Age<=29,Male,Undergraduate,Single,"Income<=$50,000",White,Not Donated,0,1,2,1,1,1,5
9526,Age<=29,Male,Undergraduate,Single,"Income<=$50,000",Black,Donated,20,1,2,1,1,1,2
9527,40<=Age<=49,Female,Undergraduate,Single,"Income<=$50,000",White,Not Donated,0,3,1,1,1,1,5
9528,40<=Age<=49,Female,Undergraduate,Married,"Income<=$50,000",White,Donated,60,3,1,1,2,1,5
9529,40<=Age<=49,Female,Undergraduate,Married,"Income<=$50,000",White,Not Donated,0,3,1,1,2,1,5
9530,Age<=29,Female,Undergraduate,Married,"$50,000<Income<=$100,000",Other,Donated,85,1,1,1,2,2,4
9531,30<=Age<=39,Male,Undergraduate,Married,"$50,000<Income<=$100,000",Asian,Donated,90,2,2,1,2,2,1
9532,Age>=50,Female,Undergraduate,Married,"$50,000<Income<=$100,000",White,Not Donated,0,4,1,1,2,2,5
9533,Age<=29,Female,Undergraduate,Married,"Income<=$50,000",White,Donated,45,1,1,1,2,1,5
9534,30<=Age<=39,Female,Undergraduate,Married,"$50,000<Income<=$100,000",White,Not Donated,0,2,1,1,2,2,5
9535,40<=Age<=49,Male,Undergraduate,Married,"$50,000<Income<=$100,000",White,Not Donated,0,3,2,1,2,2,5
9536,Age<=29,Female,Undergraduate,Married,"$50,000<Income<=$100,000",White,Not Donated,0,1,1,1,2,2,5
9537,30<=Age<=39,Female,Undergraduate,Single,"$50,000<Income<=$100,000",White,Not Donated,0,2,1,1,1,2,5
9538,Age<=29,Male,Undergraduate,Married,"Income<=$50,000",Black,Not Donated,0,1,2,1,2,1,2
9539,Age>=50,Male,Undergraduate,Single,"$50,000<Income<=$100,000",Asian,Not Donated,0,4,2,1,1,2,1
9540,30<=Age<=39,Female,Undergraduate,Single,"$50,000<Income<=$100,000",White,Not Donated,0,2,1,1,1,2,5
9541,30<=Age<=39,Female,Undergraduate,Single,"Income<=$50,000",Hispanic,Not Donated,0,2,1,1,1,1,3
9542,Age>=50,Male,Undergraduate,Single,"Income<=$50,000",White,Not Donated,0,4,2,1,1,1,5
9543,Age<=29,Male,Undergraduate,Single,"$50,000<Income<=$100,000",White,Not Donated,0,1,2,1,1,2,5
9544,Age<=29,Female,Undergraduate,Single,"$50,000<Income<=$100,000",White,Donated,40,1,1,1,1,2,5
9545,Age>=50,Female,Undergraduate,Married,"$50,000<Income<=$100,000",White,Not Donated,0,4,1,1,2,2,5
9546,30<=Age<=39,Male,Undergraduate,Single,"$50,000<Income<=$100,000",White,Donated,90,2,2,1,1,2,5
9547,Age>=50,Male,Graduate,Single,"Income<=$50,000",Black,Donated,95,4,2,2,1,1,2
9548,Age<=29,Male,Undergraduate,Married,"Income<=$50,000",Black,Not Donated,0,1,2,1,2,1,2
9549,30<=Age<=39,Male,Undergraduate,Married,"$50,000<Income<=$100,000",White,Not Donated,0,2,2,1,2,2,5
9550,Age<=29,Male,Undergraduate,Married,"Income<=$50,000",White,Donated,40,1,2,1,2,1,5
9551,Age<=29,Female,Undergraduate,Married,"Income<=$50,000",White,Donated,50,1,1,1,2,1,5
9552,Age>=50,Male,Undergraduate,Married,"$50,000<Income<=$100,000",White,Not Donated,0,4,2,1,2,2,5
9553,Age<=29,Male,Undergraduate,Married,"Income>$100,000",White,Donated,90,1,2,1,2,3,5
9554,Age<=29,Male,Graduate,Married,"Income<=$50,000",Asian,Donated,55,1,2,2,2,1,1
9555,Age<=29,Female,Undergraduate,Single,"Income<=$50,000",White,Donated,15,1,1,1,1,1,5
9556,30<=Age<=39,Female,Undergraduate,Married,"Income<=$50,000",Asian,Not Donated,0,2,1,1,2,1,1
9557,40<=Age<=49,Male,Graduate,Single,"Income<=$50,000",White,Not Donated,0,3,2,2,1,1,5
9558,Age<=29,Male,Undergraduate,Single,"Income<=$50,000",Asian,Donated,30,1,2,1,1,1,1
9559,30<=Age<=39,Male,Undergraduate,Single,"$50,000<Income<=$100,000",White,Donated,60,2,2,1,1,2,5
9560,30<=Age<=39,Female,Undergraduate,Married,"$50,000<Income<=$100,000",White,Not Donated,0,2,1,1,2,2,5
9561,30<=Age<=39,Female,Graduate,Married,"$50,000<Income<=$100,000",White,Not Donated,0,2,1,2,2,2,5
9562,Age>=50,Male,Graduate,Married,"$50,000<Income<=$100,000",White,Not Donated,0,4,2,2,2,2,5
9563,Age>=50,Male,Graduate,Married,"Income<=$50,000",Asian,Not Donated,0,4,2,2,2,1,1
9564,40<=Age<=49,Female,Undergraduate,Married,"Income<=$50,000",Asian,Not Donated,0,3,1,1,2,1,1
9565,Age<=29,Female,Undergraduate,Single,"Income>$100,000",White,Donated,70,1,1,1,1,3,5
9566,Age>=50,Male,Undergraduate,Married,"Income<=$50,000",Hispanic,Not Donated,0,4,2,1,2,1,3
9567,30<=Age<=39,Male,Undergraduate,Married,"Income<=$50,000",White,Not Donated,0,2,2,1,2,1,5
9568,30<=Age<=39,Female,Undergraduate,Married,"Income<=$50,000",White,Not Donated,0,2,1,1,2,1,5
9569,30<=Age<=39,Female,Undergraduate,Single,"Income>$100,000",White,Donated,100,2,1,1,1,3,5
9570,Age<=29,Male,Undergraduate,Married,"Income>$100,000",White,Not Donated,0,1,2,1,2,3,5
9571,30<=Age<=39,Male,Undergraduate,Married,"Income<=$50,000",Black,Not Donated,0,2,2,1,2,1,2
9572,Age<=29,Male,Undergraduate,Married,"Income>$100,000",White,Donated,85,1,2,1,2,3,5
9573,Age<=29,Male,Undergraduate,Single,"Income>$100,000",Other,Not Donated,0,1,2,1,1,3,4
9574,30<=Age<=39,Male,Undergraduate,Single,"Income<=$50,000",Hispanic,Not Donated,0,2,2,1,1,1,3
9575,Age<=29,Female,Undergraduate,Single,"Income<=$50,000",White,Not Donated,0,1,1,1,1,1,5
9576,Age<=29,Male,Undergraduate,Single,"Income>$100,000",Hispanic,Donated,95,1,2,1,1,3,3
9577,Age>=50,Male,Undergraduate,Married,"Income<=$50,000",Black,Not Donated,0,4,2,1,2,1,2
9578,40<=Age<=49,Male,Undergraduate,Single,"Income<=$50,000",White,Donated,60,3,2,1,1,1,5
9579,30<=Age<=39,Male,Undergraduate,Single,"$50,000<Income<=$100,000",Other,Not Donated,0,2,2,1,1,2,4
9580,30<=Age<=39,Male,Undergraduate,Single,"Income<=$50,000",Hispanic,Not Donated,0,2,2,1,1,1,3
9581,Age>=50,Male,Undergraduate,Single,"Income>$100,000",White,Not Donated,0,4,2,1,1,3,5
9582,30<=Age<=39,Male,Undergraduate,Single,"$50,000<Income<=$100,000",Asian,Not Donated,0,2,2,1,1,2,1
9583,40<=Age<=49,Female,Undergraduate,Single,"$50,000<Income<=$100,000",Black,Not Donated,0,3,1,1,1,2,2
9584,Age>=50,Female,Undergraduate,Married,"Income<=$50,000",Hispanic,Not Donated,0,4,1,1,2,1,3
9585,30<=Age<=39,Female,Undergraduate,Married,"Income<=$50,000",Hispanic,Not Donated,0,2,1,1,2,1,3
9586,Age<=29,Female,Undergraduate,Married,"Income<=$50,000",Other,Donated,30,1,1,1,2,1,4
9587,Age<=29,Male,Undergraduate,Married,"Income<=$50,000",Black,Not Donated,0,1,2,1,2,1,2
9588,30<=Age<=39,Female,Undergraduate,Married,"Income<=$50,000",White,Not Donated,0,2,1,1,2,1,5
9589,30<=Age<=39,Male,Undergraduate,Married,"Income<=$50,000",Asian,Donated,50,2,2,1,2,1,1
9590,30<=Age<=39,Male,Undergraduate,Single,"Income>$100,000",White,Donated,90,2,2,1,1,3,5
9591,Age<=29,Male,Undergraduate,Married,"Income>$100,000",Black,Not Donated,0,1,2,1,2,3,2
9592,30<=Age<=39,Male,Undergraduate,Single,"Income<=$50,000",Black,Not Donated,0,2,2,1,1,1,2
9593,30<=Age<=39,Female,Undergraduate,Married,"Income<=$50,000",White,Not Donated,0,2,1,1,2,1,5
9594,30<=Age<=39,Female,Undergraduate,Single,"Income<=$50,000",White,Not Donated,0,2,1,1,1,1,5
9595,Age<=29,Male,Undergraduate,Married,"Income<=$50,000",White,Not Donated,0,1,2,1,2,1,5
9596,40<=Age<=49,Female,Undergraduate,Married,"$50,000<Income<=$100,000",White,Not Donated,0,3,1,1,2,2,5
9597,Age<=29,Male,Undergraduate,Married,"$50,000<Income<=$100,000",White,Not Donated,0,1,2,1,2,2,5
9598,Age>=50,Female,Undergraduate,Single,"$50,000<Income<=$100,000",White,Not Donated,0,4,1,1,1,2,5
9599,30<=Age<=39,Female,Undergraduate,Single,"Income<=$50,000",Black,Not Donated,0,2,1,1,1,1,2
9600,40<=Age<=49,Male,Graduate,Married,"Income<=$50,000",White,Not Donated,0,3,2,2,2,1,5
9601,Age<=29,Male,Undergraduate,Single,"Income<=$50,000",White,Not Donated,0,1,2,1,1,1,5
9602,Age<=29,Female,Undergraduate,Married,"Income>$100,000",White,Not Donated,0,1,1,1,2,3,5
9603,40<=Age<=49,Male,Undergraduate,Single,"Income>$100,000",Other,Donated,145,3,2,1,1,3,4
9604,Age<=29,Male,Graduate,Married,"Income<=$50,000",White,Donated,45,1,2,2,2,1,5
9605,Age<=29,Male,Undergraduate,Married,"Income<=$50,000",Black,Not Donated,0,1,2,1,2,1,2
9606,30<=Age<=39,Male,Undergraduate,Single,"Income<=$50,000",White,Donated,50,2,2,1,1,1,5
9607,30<=Age<=39,Female,Undergraduate,Single,"Income>$100,000",White,Donated,125,2,1,1,1,3,5
9608,30<=Age<=39,Male,Undergraduate,Single,"Income<=$50,000",White,Not Donated,0,2,2,1,1,1,5
9609,30<=Age<=39,Female,Undergraduate,Single,"Income<=$50,000",Other,Not Donated,0,2,1,1,1,1,4
9610,30<=Age<=39,Male,Undergraduate,Married,"Income<=$50,000",Black,Not Donated,0,2,2,1,2,1,2
9611,40<=Age<=49,Female,Undergraduate,Single,"Income<=$50,000",White,Donated,65,3,1,1,1,1,5
9612,Age<=29,Female,Undergraduate,Single,"$50,000<Income<=$100,000",Other,Donated,45,1,1,1,1,2,4
9613,Age<=29,Male,Graduate,Married,"Income<=$50,000",White,Not Donated,0,1,2,2,2,1,5
9614,40<=Age<=49,Male,Undergraduate,Single,"Income<=$50,000",White,Not Donated,0,3,2,1,1,1,5
9615,Age>=50,Female,Undergraduate,Married,"Income<=$50,000",Black,Not Donated,0,4,1,1,2,1,2
9616,40<=Age<=49,Male,Undergraduate,Married,"Income<=$50,000",Other,Not Donated,0,3,2,1,2,1,4
9617,30<=Age<=39,Female,Undergraduate,Single,"Income>$100,000",White,Not Donated,0,2,1,1,1,3,5
9618,Age<=29,Male,Undergraduate,Married,"Income<=$50,000",White,Not Donated,0,1,2,1,2,1,5
9619,40<=Age<=49,Male,Undergraduate,Single,"Income>$100,000",Hispanic,Donated,100,3,2,1,1,3,3
9620,30<=Age<=39,Male,Undergraduate,Married,"Income<=$50,000",White,Donated,75,2,2,1,2,1,5
9621,Age<=29,Male,Undergraduate,Married,"Income>$100,000",Black,Donated,65,1,2,1,2,3,2
9622,Age<=29,Female,Undergraduate,Married,"$50,000<Income<=$100,000",White,Not Donated,0,1,1,1,2,2,5
9623,40<=Age<=49,Female,Undergraduate,Single,"Income<=$50,000",White,Not Donated,0,3,1,1,1,1,5
9624,30<=Age<=39,Male,Undergraduate,Married,"$50,000<Income<=$100,000",White,Donated,80,2,2,1,2,2,5
9625,Age>=50,Male,Undergraduate,Married,"Income<=$50,000",White,Not Donated,0,4,2,1,2,1,5
9626,40<=Age<=49,Female,Undergraduate,Married,"$50,000<Income<=$100,000",White,Donated,115,3,1,1,2,2,5
9627,Age<=29,Male,Undergraduate,Single,"Income<=$50,000",Other,Donated,20,1,2,1,1,1,4
9628,30<=Age<=39,Female,Undergraduate,Single,"Income<=$50,000",White,Not Donated,0,2,1,1,1,1,5
9629,30<=Age<=39,Female,Undergraduate,Single,"Income<=$50,000",Other,Not Donated,0,2,1,1,1,1,4
9630,Age<=29,Female,Undergraduate,Married,"$50,000<Income<=$100,000",Black,Not Donated,0,1,1,1,2,2,2
9631,40<=Age<=49,Female,Undergraduate,Single,"Income>$100,000",White,Donated,125,3,1,1,1,3,5
9632,40<=Age<=49,Male,Undergraduate,Married,"$50,000<Income<=$100,000",Hispanic,Not Donated,0,3,2,1,2,2,3
9633,Age>=50,Male,Undergraduate,Single,"Income<=$50,000",White,Not Donated,0,4,2,1,1,1,5
9634,Age<=29,Female,Undergraduate,Single,"Income>$100,000",Other,Not Donated,0,1,1,1,1,3,4
9635,Age>=50,Male,Undergraduate,Single,"Income<=$50,000",White,Not Donated,0,4,2,1,1,1,5
9636,Age<=29,Male,Undergraduate,Married,"Income<=$50,000",White,Not Donated,0,1,2,1,2,1,5
9637,Age<=29,Female,Undergraduate,Married,"Income<=$50,000",Hispanic,Donated,35,1,1,1,2,1,3
9638,40<=Age<=49,Female,Undergraduate,Single,"Income<=$50,000",Hispanic,Not Donated,0,3,1,1,1,1,3
9639,Age<=29,Male,Undergraduate,Single,"$50,000<Income<=$100,000",White,Not Donated,0,1,2,1,1,2,5
9640,Age<=29,Female,Undergraduate,Single,"$50,000<Income<=$100,000",White,Donated,45,1,1,1,1,2,5
9641,Age<=29,Female,Undergraduate,Single,"Income<=$50,000",Black,Not Donated,0,1,1,1,1,1,2
9642,40<=Age<=49,Female,Undergraduate,Single,"$50,000<Income<=$100,000",Hispanic,Not Donated,0,3,1,1,1,2,3
9643,Age<=29,Female,Undergraduate,Single,"Income>$100,000",White,Not Donated,0,1,1,1,1,3,5
9644,Age>=50,Male,Undergraduate,Married,"$50,000<Income<=$100,000",White,Donated,115,4,2,1,2,2,5
9645,Age<=29,Female,Undergraduate,Married,"Income<=$50,000",White,Not Donated,0,1,1,1,2,1,5
9646,Age>=50,Male,Undergraduate,Married,"$50,000<Income<=$100,000",White,Donated,130,4,2,1,2,2,5
9647,40<=Age<=49,Male,Undergraduate,Single,"Income<=$50,000",Hispanic,Not Donated,0,3,2,1,1,1,3
9648,30<=Age<=39,Male,Undergraduate,Married,"Income<=$50,000",Hispanic,Not Donated,0,2,2,1,2,1,3
9649,Age<=29,Female,Graduate,Single,"$50,000<Income<=$100,000",Asian,Donated,55,1,1,2,1,2,1
9650,Age>=50,Female,Undergraduate,Married,"Income<=$50,000",White,Not Donated,0,4,1,1,2,1,5
9651,Age>=50,Female,Undergraduate,Married,"Income<=$50,000",White,Not Donated,0,4,1,1,2,1,5
9652,30<=Age<=39,Male,Undergraduate,Single,"$50,000<Income<=$100,000",White,Not Donated,0,2,2,1,1,2,5
9653,Age<=29,Female,Undergraduate,Single,"Income<=$50,000",Asian,Donated,20,1,1,1,1,1,1
9654,30<=Age<=39,Female,Graduate,Single,"Income>$100,000",Hispanic,Donated,135,2,1,2,1,3,3
9655,40<=Age<=49,Male,Undergraduate,Married,"Income<=$50,000",White,Not Donated,0,3,2,1,2,1,5
9656,30<=Age<=39,Female,Undergraduate,Married,"$50,000<Income<=$100,000",Asian,Not Donated,0,2,1,1,2,2,1
9657,40<=Age<=49,Female,Undergraduate,Married,"$50,000<Income<=$100,000",White,Not Donated,0,3,1,1,2,2,5
9658,30<=Age<=39,Male,Graduate,Married,"Income<=$50,000",Asian,Not Donated,0,2,2,2,2,1,1
9659,Age<=29,Female,Undergraduate,Married,"$50,000<Income<=$100,000",White,Not Donated,0,1,1,1,2,2,5
9660,30<=Age<=39,Male,Undergraduate,Married,"Income<=$50,000",White,Donated,50,2,2,1,2,1,5
9661,40<=Age<=49,Male,Undergraduate,Married,"Income<=$50,000",White,Donated,75,3,2,1,2,1,5
9662,30<=Age<=39,Female,Undergraduate,Single,"Income<=$50,000",Hispanic,Donated,50,2,1,1,1,1,3
9663,40<=Age<=49,Female,Undergraduate,Single,"Income>$100,000",White,Donated,120,3,1,1,1,3,5
9664,40<=Age<=49,Male,Undergraduate,Married,"$50,000<Income<=$100,000",White,Not Donated,0,3,2,1,2,2,5
9665,40<=Age<=49,Male,Undergraduate,Married,"Income<=$50,000",White,Donated,90,3,2,1,2,1,5
9666,40<=Age<=49,Male,Undergraduate,Single,"$50,000<Income<=$100,000",Hispanic,Not Donated,0,3,2,1,1,2,3
9667,Age<=29,Female,Undergraduate,Single,"Income<=$50,000",White,Not Donated,0,1,1,1,1,1,5
9668,30<=Age<=39,Male,Undergraduate,Single,"$50,000<Income<=$100,000",White,Not Donated,0,2,2,1,1,2,5
9669,40<=Age<=49,Female,Undergraduate,Single,"Income>$100,000",White,Not Donated,0,3,1,1,1,3,5
9670,Age>=50,Male,Undergraduate,Married,"Income<=$50,000",White,Not Donated,0,4,2,1,2,1,5
9671,40<=Age<=49,Female,Undergraduate,Single,"Income<=$50,000",White,Donated,75,3,1,1,1,1,5
9672,Age>=50,Female,Undergraduate,Married,"Income>$100,000",White,Not Donated,0,4,1,1,2,3,5
9673,30<=Age<=39,Male,Undergraduate,Married,"$50,000<Income<=$100,000",Black,Not Donated,0,2,2,1,2,2,2
9674,Age<=29,Male,Undergraduate,Single,"Income>$100,000",Asian,Donated,80,1,2,1,1,3,1
9675,Age>=50,Male,Undergraduate,Single,"Income<=$50,000",White,Not Donated,0,4,2,1,1,1,5
9676,Age<=29,Male,Undergraduate,Single,"Income<=$50,000",Black,Donated,25,1,2,1,1,1,2
9677,40<=Age<=49,Male,Undergraduate,Single,"Income>$100,000",Other,Donated,105,3,2,1,1,3,4
9678,Age<=29,Female,Undergraduate,Married,"Income<=$50,000",White,Not Donated,0,1,1,1,2,1,5
9679,30<=Age<=39,Male,Graduate,Single,"Income<=$50,000",Hispanic,Not Donated,0,2,2,2,1,1,3
9680,40<=Age<=49,Male,Undergraduate,Married,"Income<=$50,000",White,Donated,85,3,2,1,2,1,5
9681,30<=Age<=39,Male,Undergraduate,Married,"Income<=$50,000",White,Not Donated,0,2,2,1,2,1,5
9682,30<=Age<=39,Female,Undergraduate,Married,"Income>$100,000",White,Not Donated,0,2,1,1,2,3,5
9683,30<=Age<=39,Male,Undergraduate,Married,"Income<=$50,000",White,Not Donated,0,2,2,1,2,1,5
9684,30<=Age<=39,Male,Undergraduate,Married,"$50,000<Income<=$100,000",White,Donated,70,2,2,1,2,2,5
9685,Age>=50,Male,Undergraduate,Married,"$50,000<Income<=$100,000",White,Not Donated,0,4,2,1,2,2,5
9686,40<=Age<=49,Male,Undergraduate,Single,"Income<=$50,000",White,Not Donated,0,3,2,1,1,1,5
9687,Age<=29,Female,Undergraduate,Single,"$50,000<Income<=$100,000",White,Not Donated,0,1,1,1,1,2,5
9688,Age>=50,Male,Undergraduate,Married,"Income>$100,000",Black,Not Donated,0,4,2,1,2,3,2
9689,Age<=29,Male,Graduate,Married,"Income>$100,000",Other,Donated,95,1,2,2,2,3,4
9690,Age>=50,Male,Undergraduate,Married,"Income>$100,000",White,Not Donated,0,4,2,1,2,3,5
9691,Age<=29,Female,Undergraduate,Married,"Income>$100,000",White,Not Donated,0,1,1,1,2,3,5
9692,30<=Age<=39,Female,Undergraduate,Single,"$50,000<Income<=$100,000",White,Not Donated,0,2,1,1,1,2,5
9693,Age>=50,Female,Undergraduate,Single,"Income<=$50,000",White,Donated,85,4,1,1,1,1,5
9694,Age<=29,Female,Undergraduate,Married,"$50,000<Income<=$100,000",Black,Not Donated,0,1,1,1,2,2,2
9695,30<=Age<=39,Female,Undergraduate,Married,"$50,000<Income<=$100,000",Hispanic,Donated,75,2,1,1,2,2,3
9696,30<=Age<=39,Male,Undergraduate,Married,"Income>$100,000",White,Not Donated,0,2,2,1,2,3,5
9697,Age>=50,Male,Undergraduate,Married,"$50,000<Income<=$100,000",Asian,Not Donated,0,4,2,1,2,2,1
9698,Age>=50,Female,Undergraduate,Married,"Income<=$50,000",Black,Not Donated,0,4,1,1,2,1,2
9699,30<=Age<=39,Male,Graduate,Single,"Income<=$50,000",White,Donated,75,2,2,2,1,1,5
9700,40<=Age<=49,Male,Undergraduate,Married,"$50,000<Income<=$100,000",White,Not Donated,0,3,2,1,2,2,5
9701,40<=Age<=49,Female,Undergraduate,Single,"Income<=$50,000",White,Not Donated,0,3,1,1,1,1,5
9702,Age<=29,Male,Undergraduate,Single,"Income<=$50,000",Black,Donated,20,1,2,1,1,1,2
9703,Age<=29,Female,Undergraduate,Married,"Income>$100,000",White,Not Donated,0,1,1,1,2,3,5
9704,40<=Age<=49,Female,Undergraduate,Single,"$50,000<Income<=$100,000",White,Not Donated,0,3,1,1,1,2,5
9705,40<=Age<=49,Male,Undergraduate,Single,"Income>$100,000",White,Not Donated,0,3,2,1,1,3,5
9706,40<=Age<=49,Female,Graduate,Married,"$50,000<Income<=$100,000",Asian,Not Donated,0,3,1,2,2,2,1
9707,30<=Age<=39,Female,Undergraduate,Single,"Income<=$50,000",White,Donated,45,2,1,1,1,1,5
9708,Age<=29,Male,Undergraduate,Married,"Income<=$50,000",Hispanic,Not Donated,0,1,2,1,2,1,3
9709,Age>=50,Female,Undergraduate,Married,"Income>$100,000",Black,Not Donated,0,4,1,1,2,3,2
9710,Age<=29,Male,Graduate,Single,"Income>$100,000",White,Donated,115,1,2,2,1,3,5
9711,30<=Age<=39,Male,Undergraduate,Single,"Income>$100,000",Other,Not Donated,0,2,2,1,1,3,4
9712,Age<=29,Female,Undergraduate,Single,"Income<=$50,000",Black,Not Donated,0,1,1,1,1,1,2
9713,Age<=29,Male,Undergraduate,Married,"Income>$100,000",White,Donated,80,1,2,1,2,3,5
9714,30<=Age<=39,Male,Undergraduate,Married,"Income<=$50,000",White,Not Donated,0,2,2,1,2,1,5
9715,40<=Age<=49,Female,Undergraduate,Married,"Income>$100,000",White,Donated,160,3,1,1,2,3,5
9716,Age<=29,Female,Undergraduate,Married,"Income<=$50,000",Other,Not Donated,0,1,1,1,2,1,4
9717,Age<=29,Male,Graduate,Single,"Income>$100,000",White,Donated,115,1,2,2,1,3,5
9718,30<=Age<=39,Male,Undergraduate,Single,"Income<=$50,000",White,Donated,60,2,2,1,1,1,5
9719,40<=Age<=49,Female,Undergraduate,Single,"Income<=$50,000",Hispanic,Not Donated,0,3,1,1,1,1,3
9720,Age<=29,Female,Undergraduate,Single,"$50,000<Income<=$100,000",Black,Not Donated,0,1,1,1,1,2,2
9721,Age<=29,Male,Undergraduate,Married,"Income>$100,000",White,Donated,85,1,2,1,2,3,5
9722,Age<=29,Male,Undergraduate,Single,"Income>$100,000",White,Not Donated,0,1,2,1,1,3,5
9723,Age>=50,Male,Graduate,Single,"Income<=$50,000",Asian,Donated,90,4,2,2,1,1,1
9724,30<=Age<=39,Male,Undergraduate,Married,"Income>$100,000",Other,Donated,135,2,2,1,2,3,4
9725,30<=Age<=39,Male,Undergraduate,Married,"Income<=$50,000",White,Donated,45,2,2,1,2,1,5
9726,Age>=50,Female,Graduate,Single,"Income>$100,000",Other,Donated,160,4,1,2,1,3,4
9727,40<=Age<=49,Female,Undergraduate,Single,"Income<=$50,000",White,Not Donated,0,3,1,1,1,1,5
9728,30<=Age<=39,Female,Graduate,Married,"Income>$100,000",White,Donated,125,2,1,2,2,3,5
9729,Age<=29,Male,Undergraduate,Married,"Income<=$50,000",Asian,Donated,35,1,2,1,2,1,1
9730,Age<=29,Male,Undergraduate,Married,"Income>$100,000",Hispanic,Donated,105,1,2,1,2,3,3
9731,40<=Age<=49,Male,Undergraduate,Single,"Income>$100,000",White,Not Donated,0,3,2,1,1,3,5
9732,Age>=50,Female,Undergraduate,Single,"$50,000<Income<=$100,000",Hispanic,Not Donated,0,4,1,1,1,2,3
9733,40<=Age<=49,Female,Undergraduate,Single,"$50,000<Income<=$100,000",White,Not Donated,0,3,1,1,1,2,5
9734,Age>=50,Male,Undergraduate,Married,"Income<=$50,000",Asian,Donated,100,4,2,1,2,1,1
9735,40<=Age<=49,Female,Undergraduate,Married,"Income<=$50,000",White,Not Donated,0,3,1,1,2,1,5
9736,30<=Age<=39,Female,Undergraduate,Single,"Income>$100,000",White,Not Donated,0,2,1,1,1,3,5
9737,30<=Age<=39,Female,Undergraduate,Single,"Income<=$50,000",White,Donated,45,2,1,1,1,1,5
9738,30<=Age<=39,Female,Undergraduate,Single,"Income<=$50,000",White,Not Donated,0,2,1,1,1,1,5
9739,Age<=29,Female,Undergraduate,Single,"Income>$100,000",White,Not Donated,0,1,1,1,1,3,5
9740,Age<=29,Male,Undergraduate,Single,"Income>$100,000",Hispanic,Not Donated,0,1,2,1,1,3,3
9741,30<=Age<=39,Male,Undergraduate,Married,"Income<=$50,000",Asian,Not Donated,0,2,2,1,2,1,1
9742,Age>=50,Female,Undergraduate,Married,"$50,000<Income<=$100,000",White,Not Donated,0,4,1,1,2,2,5
9743,Age>=50,Male,Undergraduate,Single,"Income<=$50,000",White,Donated,95,4,2,1,1,1,5
9744,30<=Age<=39,Female,Undergraduate,Married,"Income<=$50,000",Asian,Donated,60,2,1,1,2,1,1
9745,40<=Age<=49,Male,Undergraduate,Married,"Income<=$50,000",Other,Not Donated,0,3,2,1,2,1,4
9746,40<=Age<=49,Female,Undergraduate,Married,"Income<=$50,000",Black,Not Donated,0,3,1,1,2,1,2
9747,Age>=50,Male,Undergraduate,Single,"Income>$100,000",White,Donated,170,4,2,1,1,3,5
9748,30<=Age<=39,Male,Undergraduate,Married,"Income<=$50,000",Asian,Donated,55,2,2,1,2,1,1
9749,30<=Age<=39,Male,Undergraduate,Married,"Income<=$50,000",White,Not Donated,0,2,2,1,2,1,5
9750,Age<=29,Female,Undergraduate,Married,"$50,000<Income<=$100,000",Asian,Not Donated,0,1,1,1,2,2,1
9751,30<=Age<=39,Male,Undergraduate,Married,"$50,000<Income<=$100,000",Hispanic,Not Donated,0,2,2,1,2,2,3
9752,Age>=50,Female,Undergraduate,Married,"Income<=$50,000",White,Not Donated,0,4,1,1,2,1,5
9753,40<=Age<=49,Male,Undergraduate,Married,"Income<=$50,000",White,Not Donated,0,3,2,1,2,1,5
9754,30<=Age<=39,Male,Undergraduate,Single,"Income<=$50,000",White,Donated,60,2,2,1,1,1,5
9755,30<=Age<=39,Male,Undergraduate,Married,"Income<=$50,000",White,Not Donated,0,2,2,1,2,1,5
9756,40<=Age<=49,Male,Undergraduate,Married,"Income<=$50,000",White,Not Donated,0,3,2,1,2,1,5
9757,Age<=29,Female,Undergraduate,Married,"Income>$100,000",Black,Donated,90,1,1,1,2,3,2
9758,Age>=50,Female,Undergraduate,Single,"Income<=$50,000",White,Not Donated,0,4,1,1,1,1,5
9759,30<=Age<=39,Male,Undergraduate,Single,"Income<=$50,000",White,Not Donated,0,2,2,1,1,1,5
9760,30<=Age<=39,Male,Undergraduate,Married,"Income>$100,000",Black,Not Donated,0,2,2,1,2,3,2
9761,40<=Age<=49,Female,Graduate,Single,"Income<=$50,000",White,Donated,90,3,1,2,1,1,5
9762,Age>=50,Male,Undergraduate,Married,"$50,000<Income<=$100,000",White,Donated,115,4,2,1,2,2,5
9763,30<=Age<=39,Female,Undergraduate,Single,"Income>$100,000",Hispanic,Donated,100,2,1,1,1,3,3
9764,Age<=29,Male,Undergraduate,Single,"Income<=$50,000",White,Donated,40,1,2,1,1,1,5
9765,Age<=29,Female,Undergraduate,Married,"$50,000<Income<=$100,000",Hispanic,Donated,65,1,1,1,2,2,3
9766,Age>=50,Male,Undergraduate,Single,"Income>$100,000",White,Donated,130,4,2,1,1,3,5
9767,30<=Age<=39,Female,Graduate,Married,"Income<=$50,000",White,Not Donated,0,2,1,2,2,1,5
9768,40<=Age<=49,Female,Undergraduate,Single,"Income<=$50,000",White,Not Donated,0,3,1,1,1,1,5
9769,Age>=50,Male,Undergraduate,Married,"Income<=$50,000",White,Donated,85,4,2,1,2,1,5
9770,Age<=29,Male,Undergraduate,Married,"Income>$100,000",Black,Donated,95,1,2,1,2,3,2
9771,Age>=50,Male,Undergraduate,Married,"$50,000<Income<=$100,000",White,Not Donated,0,4,2,1,2,2,5
9772,40<=Age<=49,Male,Graduate,Single,"$50,000<Income<=$100,000",White,Not Donated,0,3,2,2,1,2,5
9773,30<=Age<=39,Male,Undergraduate,Single,"Income>$100,000",Hispanic,Donated,105,2,2,1,1,3,3
9774,40<=Age<=49,Female,Graduate,Single,"$50,000<Income<=$100,000",Hispanic,Not Donated,0,3,1,2,1,2,3
9775,30<=Age<=39,Male,Undergraduate,Married,"Income>$100,000",Hispanic,Not Donated,0,2,2,1,2,3,3
9776,40<=Age<=49,Male,Undergraduate,Single,"Income>$100,000",Black,Not Donated,0,3,2,1,1,3,2
9777,40<=Age<=49,Female,Undergraduate,Married,"Income>$100,000",White,Not Donated,0,3,1,1,2,3,5
9778,Age<=29,Female,Undergraduate,Single,"Income<=$50,000",White,Not Donated,0,1,1,1,1,1,5
9779,40<=Age<=49,Male,Undergraduate,Married,"Income<=$50,000",Hispanic,Not Donated,0,3,2,1,2,1,3
9780,40<=Age<=49,Female,Undergraduate,Single,"$50,000<Income<=$100,000",White,Donated,95,3,1,1,1,2,5
9781,30<=Age<=39,Female,Undergraduate,Single,"Income<=$50,000",White,Not Donated,0,2,1,1,1,1,5
9782,40<=Age<=49,Male,Undergraduate,Married,"$50,000<Income<=$100,000",White,Not Donated,0,3,2,1,2,2,5
9783,40<=Age<=49,Female,Undergraduate,Single,"Income<=$50,000",Hispanic,Not Donated,0,3,1,1,1,1,3
9784,30<=Age<=39,Male,Undergraduate,Single,"Income>$100,000",Hispanic,Not Donated,0,2,2,1,1,3,3
9785,40<=Age<=49,Female,Undergraduate,Married,"$50,000<Income<=$100,000",Black,Donated,100,3,1,1,2,2,2
9786,Age<=29,Female,Undergraduate,Single,"Income<=$50,000",White,Donated,40,1,1,1,1,1,5
9787,Age>=50,Female,Undergraduate,Single,"Income<=$50,000",White,Not Donated,0,4,1,1,1,1,5
9788,30<=Age<=39,Male,Undergraduate,Married,"Income<=$50,000",Hispanic,Not Donated,0,2,2,1,2,1,3
9789,40<=Age<=49,Female,Undergraduate,Married,"$50,000<Income<=$100,000",Hispanic,Donated,100,3,1,1,2,2,3
9790,30<=Age<=39,Female,Undergraduate,Married,"Income<=$50,000",White,Not Donated,0,2,1,1,2,1,5
9791,30<=Age<=39,Female,Undergraduate,Married,"Income<=$50,000",White,Not Donated,0,2,1,1,2,1,5
9792,Age>=50,Male,Graduate,Single,"Income>$100,000",Asian,Donated,145,4,2,2,1,3,1
9793,40<=Age<=49,Female,Undergraduate,Single,"Income>$100,000",White,Donated,130,3,1,1,1,3,5
9794,40<=Age<=49,Male,Undergraduate,Single,"Income<=$50,000",White,Not Donated,0,3,2,1,1,1,5
9795,Age<=29,Male,Undergraduate,Married,"Income>$100,000",White,Donated,85,1,2,1,2,3,5
9796,40<=Age<=49,Female,Undergraduate,Married,"Income<=$50,000",White,Not Donated,0,3,1,1,2,1,5
9797,30<=Age<=39,Male,Undergraduate,Single,"$50,000<Income<=$100,000",Black,Not Donated,0,2,2,1,1,2,2
9798,40<=Age<=49,Female,Undergraduate,Married,"Income<=$50,000",Black,Not Donated,0,3,1,1,2,1,2
9799,40<=Age<=49,Female,Undergraduate,Single,"Income<=$50,000",White,Not Donated,0,3,1,1,1,1,5
9800,Age<=29,Female,Undergraduate,Single,"Income<=$50,000",White,Donated,15,1,1,1,1,1,5
9801,40<=Age<=49,Female,Undergraduate,Married,"$50,000<Income<=$100,000",White,Donated,95,3,1,1,2,2,5
9802,Age<=29,Male,Undergraduate,Married,"Income<=$50,000",Asian,Not Donated,0,1,2,1,2,1,1
9803,Age<=29,Male,Undergraduate,Married,"$50,000<Income<=$100,000",Asian,Not Donated,0,1,2,1,2,2,1
9804,Age<=29,Male,Undergraduate,Single,"$50,000<Income<=$100,000",White,Donated,45,1,2,1,1,2,5
9805,Age<=29,Female,Undergraduate,Single,"$50,000<Income<=$100,000",White,Not Donated,0,1,1,1,1,2,5
9806,30<=Age<=39,Male,Undergraduate,Married,"Income>$100,000",Asian,Donated,130,2,2,1,2,3,1
9807,40<=Age<=49,Male,Undergraduate,Married,"Income>$100,000",White,Donated,130,3,2,1,2,3,5
9808,Age<=29,Female,Undergraduate,Married,"$50,000<Income<=$100,000",White,Not Donated,0,1,1,1,2,2,5
9809,Age<=29,Female,Undergraduate,Married,"Income<=$50,000",Black,Donated,35,1,1,1,2,1,2
9810,30<=Age<=39,Female,Undergraduate,Single,"$50,000<Income<=$100,000",Other,Donated,65,2,1,1,1,2,4
9811,Age<=29,Female,Graduate,Married,"Income<=$50,000",White,Not Donated,0,1,1,2,2,1,5
9812,40<=Age<=49,Male,Undergraduate,Single,"$50,000<Income<=$100,000",Asian,Not Donated,0,3,2,1,1,2,1
9813,Age>=50,Female,Undergraduate,Married,"Income>$100,000",Black,Not Donated,0,4,1,1,2,3,2
9814,Age<=29,Female,Undergraduate,Married,"Income<=$50,000",Black,Donated,35,1,1,1,2,1,2
9815,40<=Age<=49,Female,Undergraduate,Single,"Income<=$50,000",Other,Not Donated,0,3,1,1,1,1,4
9816,Age<=29,Female,Undergraduate,Married,"$50,000<Income<=$100,000",White,Not Donated,0,1,1,1,2,2,5
9817,30<=Age<=39,Male,Undergraduate,Married,"Income<=$50,000",White,Donated,45,2,2,1,2,1,5
9818,40<=Age<=49,Male,Undergraduate,Married,"Income<=$50,000",White,Not Donated,0,3,2,1,2,1,5
9819,40<=Age<=49,Female,Undergraduate,Married,"Income<=$50,000",Black,Not Donated,0,3,1,1,2,1,2
9820,40<=Age<=49,Male,Undergraduate,Single,"Income<=$50,000",White,Not Donated,0,3,2,1,1,1,5
9821,Age>=50,Female,Graduate,Married,"Income<=$50,000",White,Donated,100,4,1,2,2,1,5
9822,Age>=50,Male,Undergraduate,Married,"Income>$100,000",White,Not Donated,0,4,2,1,2,3,5
9823,40<=Age<=49,Male,Undergraduate,Single,"Income>$100,000",Black,Donated,115,3,2,1,1,3,2
9824,Age>=50,Male,Graduate,Single,"Income>$100,000",White,Not Donated,0,4,2,2,1,3,5
9825,30<=Age<=39,Male,Undergraduate,Married,"Income<=$50,000",White,Donated,55,2,2,1,2,1,5
9826,Age<=29,Female,Graduate,Married,"Income>$100,000",White,Donated,110,1,1,2,2,3,5
9827,Age<=29,Male,Undergraduate,Married,"$50,000<Income<=$100,000",White,Donated,65,1,2,1,2,2,5
9828,30<=Age<=39,Male,Undergraduate,Single,"$50,000<Income<=$100,000",White,Donated,70,2,2,1,1,2,5
9829,40<=Age<=49,Female,Undergraduate,Married,"Income>$100,000",White,Not Donated,0,3,1,1,2,3,5
9830,30<=Age<=39,Female,Undergraduate,Married,"Income<=$50,000",Black,Not Donated,0,2,1,1,2,1,2
9831,Age>=50,Female,Undergraduate,Married,"Income<=$50,000",Hispanic,Not Donated,0,4,1,1,2,1,3
9832,Age<=29,Male,Undergraduate,Married,"Income<=$50,000",White,Not Donated,0,1,2,1,2,1,5
9833,40<=Age<=49,Female,Undergraduate,Single,"Income<=$50,000",White,Donated,60,3,1,1,1,1,5
9834,Age<=29,Male,Undergraduate,Married,"Income<=$50,000",Black,Not Donated,0,1,2,1,2,1,2
9835,40<=Age<=49,Male,Undergraduate,Married,"$50,000<Income<=$100,000",Black,Not Donated,0,3,2,1,2,2,2
9836,Age>=50,Female,Undergraduate,Single,"$50,000<Income<=$100,000",White,Not Donated,0,4,1,1,1,2,5
9837,Age>=50,Female,Undergraduate,Single,"$50,000<Income<=$100,000",White,Not Donated,0,4,1,1,1,2,5
9838,40<=Age<=49,Male,Undergraduate,Single,"Income<=$50,000",Hispanic,Donated,75,3,2,1,1,1,3
9839,30<=Age<=39,Male,Undergraduate,Married,"Income<=$50,000",White,Not Donated,0,2,2,1,2,1,5
9840,40<=Age<=49,Male,Undergraduate,Single,"Income>$100,000",Black,Not Donated,0,3,2,1,1,3,2
9841,40<=Age<=49,Female,Undergraduate,Single,"Income<=$50,000",Hispanic,Not Donated,0,3,1,1,1,1,3
9842,30<=Age<=39,Female,Undergraduate,Married,"$50,000<Income<=$100,000",White,Not Donated,0,2,1,1,2,2,5
9843,Age>=50,Female,Undergraduate,Married,"Income<=$50,000",White,Not Donated,0,4,1,1,2,1,5
9844,40<=Age<=49,Male,Undergraduate,Married,"$50,000<Income<=$100,000",White,Donated,80,3,2,1,2,2,5
9845,30<=Age<=39,Male,Undergraduate,Single,"$50,000<Income<=$100,000",White,Donated,85,2,2,1,1,2,5
9846,30<=Age<=39,Male,Undergraduate,Married,"Income<=$50,000",White,Donated,55,2,2,1,2,1,5
9847,Age>=50,Male,Undergraduate,Single,"Income<=$50,000",White,Not Donated,0,4,2,1,1,1,5
9848,Age<=29,Female,Undergraduate,Married,"Income<=$50,000",Other,Not Donated,0,1,1,1,2,1,4
9849,Age>=50,Female,Graduate,Single,"$50,000<Income<=$100,000",White,Donated,110,4,1,2,1,2,5
9850,30<=Age<=39,Male,Undergraduate,Single,"Income>$100,000",White,Donated,85,2,2,1,1,3,5
9851,Age<=29,Male,Undergraduate,Married,"Income>$100,000",White,Donated,95,1,2,1,2,3,5
9852,40<=Age<=49,Male,Graduate,Single,"Income<=$50,000",Hispanic,Donated,75,3,2,2,1,1,3
9853,30<=Age<=39,Female,Undergraduate,Married,"Income<=$50,000",Hispanic,Not Donated,0,2,1,1,2,1,3
9854,Age>=50,Male,Graduate,Single,"Income<=$50,000",White,Not Donated,0,4,2,2,1,1,5
9855,40<=Age<=49,Female,Undergraduate,Single,"Income<=$50,000",Black,Donated,75,3,1,1,1,1,2
9856,30<=Age<=39,Male,Undergraduate,Married,"Income<=$50,000",White,Not Donated,0,2,2,1,2,1,5
9857,Age<=29,Female,Undergraduate,Married,"$50,000<Income<=$100,000",White,Donated,50,1,1,1,2,2,5
9858,40<=Age<=49,Female,Undergraduate,Married,"Income<=$50,000",White,Not Donated,0,3,1,1,2,1,5
9859,30<=Age<=39,Male,Undergraduate,Single,"Income<=$50,000",White,Donated,45,2,2,1,1,1,5
9860,40<=Age<=49,Male,Undergraduate,Married,"Income>$100,000",White,Donated,120,3,2,1,2,3,5
9861,Age<=29,Female,Graduate,Married,"Income<=$50,000",White,Not Donated,0,1,1,2,2,1,5
9862,Age>=50,Male,Undergraduate,Married,"Income<=$50,000",Other,Not Donated,0,4,2,1,2,1,4
9863,Age>=50,Female,Undergraduate,Married,"$50,000<Income<=$100,000",White,Not Donated,0,4,1,1,2,2,5
9864,40<=Age<=49,Female,Undergraduate,Married,"Income<=$50,000",White,Donated,70,3,1,1,2,1,5
9865,Age<=29,Female,Undergraduate,Married,"Income>$100,000",Hispanic,Not Donated,0,1,1,1,2,3,3
9866,40<=Age<=49,Male,Undergraduate,Single,"Income<=$50,000",White,Not Donated,0,3,2,1,1,1,5
9867,Age<=29,Male,Graduate,Single,"Income>$100,000",White,Not Donated,0,1,2,2,1,3,5
9868,40<=Age<=49,Male,Undergraduate,Married,"Income<=$50,000",White,Not Donated,0,3,2,1,2,1,5
9869,40<=Age<=49,Female,Undergraduate,Single,"$50,000<Income<=$100,000",White,Not Donated,0,3,1,1,1,2,5
9870,Age<=29,Male,Graduate,Single,"$50,000<Income<=$100,000",Asian,Not Donated,0,1,2,2,1,2,1
9871,Age>=50,Male,Undergraduate,Married,"Income<=$50,000",Hispanic,Not Donated,0,4,2,1,2,1,3
9872,30<=Age<=39,Female,Undergraduate,Single,"Income<=$50,000",Hispanic,Donated,60,2,1,1,1,1,3
9873,40<=Age<=49,Male,Undergraduate,Single,"Income<=$50,000",Other,Donated,65,3,2,1,1,1,4
9874,40<=Age<=49,Female,Undergraduate,Married,"Income<=$50,000",White,Not Donated,0,3,1,1,2,1,5
9875,Age<=29,Female,Undergraduate,Married,"Income>$100,000",White,Not Donated,0,1,1,1,2,3,5
9876,40<=Age<=49,Female,Undergraduate,Married,"Income<=$50,000",White,Not Donated,0,3,1,1,2,1,5
9877,40<=Age<=49,Male,Undergraduate,Single,"Income<=$50,000",Black,Donated,85,3,2,1,1,1,2
9878,30<=Age<=39,Female,Undergraduate,Married,"$50,000<Income<=$100,000",Hispanic,Not Donated,0,2,1,1,2,2,3
9879,40<=Age<=49,Female,Undergraduate,Married,"Income<=$50,000",Asian,Not Donated,0,3,1,1,2,1,1
9880,30<=Age<=39,Female,Undergraduate,Married,"Income<=$50,000",White,Donated,50,2,1,1,2,1,5
9881,40<=Age<=49,Male,Undergraduate,Married,"Income>$100,000",White,Not Donated,0,3,2,1,2,3,5
9882,Age>=50,Male,Undergraduate,Single,"Income<=$50,000",White,Not Donated,0,4,2,1,1,1,5
9883,Age<=29,Male,Undergraduate,Married,"$50,000<Income<=$100,000",Hispanic,Donated,40,1,2,1,2,2,3
9884,40<=Age<=49,Female,Undergraduate,Married,"Income<=$50,000",Hispanic,Not Donated,0,3,1,1,2,1,3
9885,40<=Age<=49,Female,Undergraduate,Single,"Income>$100,000",Hispanic,Donated,140,3,1,1,1,3,3
9886,40<=Age<=49,Female,Graduate,Single,"Income<=$50,000",White,Donated,80,3,1,2,1,1,5
9887,Age<=29,Male,Undergraduate,Single,"Income<=$50,000",Asian,Not Donated,0,1,2,1,1,1,1
9888,40<=Age<=49,Female,Undergraduate,Single,"$50,000<Income<=$100,000",White,Donated,100,3,1,1,1,2,5
9889,30<=Age<=39,Female,Undergraduate,Single,"$50,000<Income<=$100,000",Other,Not Donated,0,2,1,1,1,2,4
9890,Age>=50,Female,Undergraduate,Single,"Income>$100,000",White,Not Donated,0,4,1,1,1,3,5
9891,40<=Age<=49,Female,Undergraduate,Single,"$50,000<Income<=$100,000",White,Not Donated,0,3,1,1,1,2,5
9892,40<=Age<=49,Male,Undergraduate,Married,"Income<=$50,000",Other,Not Donated,0,3,2,1,2,1,4
9893,Age<=29,Female,Undergraduate,Married,"Income<=$50,000",Hispanic,Not Donated,0,1,1,1,2,1,3
9894,30<=Age<=39,Male,Undergraduate,Married,"Income<=$50,000",Hispanic,Not Donated,0,2,2,1,2,1,3
9895,Age<=29,Male,Undergraduate,Single,"$50,000<Income<=$100,000",Hispanic,Donated,55,1,2,1,1,2,3
9896,30<=Age<=39,Female,Graduate,Single,"Income<=$50,000",White,Donated,60,2,1,2,1,1,5
9897,40<=Age<=49,Female,Undergraduate,Married,"$50,000<Income<=$100,000",White,Donated,105,3,1,1,2,2,5
9898,Age<=29,Female,Undergraduate,Married,"Income<=$50,000",White,Not Donated,0,1,1,1,2,1,5
9899,40<=Age<=49,Male,Undergraduate,Single,"$50,000<Income<=$100,000",Hispanic,Donated,85,3,2,1,1,2,3
9900,Age>=50,Male,Undergraduate,Married,"Income<=$50,000",White,Not Donated,0,4,2,1,2,1,5
9901,30<=Age<=39,Male,Undergraduate,Married,"Income<=$50,000",Black,Not Donated,0,2,2,1,2,1,2
9902,Age<=29,Male,Undergraduate,Single,"Income<=$50,000",White,Not Donated,0,1,2,1,1,1,5
9903,Age<=29,Male,Undergraduate,Married,"Income<=$50,000",Asian,Donated,40,1,2,1,2,1,1
9904,Age>=50,Female,Undergraduate,Married,"$50,000<Income<=$100,000",Other,Not Donated,0,4,1,1,2,2,4
9905,40<=Age<=49,Male,Graduate,Married,"Income<=$50,000",White,Not Donated,0,3,2,2,2,1,5
9906,30<=Age<=39,Female,Undergraduate,Married,"$50,000<Income<=$100,000",White,Not Donated,0,2,1,1,2,2,5
9907,40<=Age<=49,Female,Graduate,Single,"Income<=$50,000",White,Not Donated,0,3,1,2,1,1,5
9908,40<=Age<=49,Male,Undergraduate,Married,"$50,000<Income<=$100,000",Black,Not Donated,0,3,2,1,2,2,2
9909,30<=Age<=39,Female,Undergraduate,Single,"Income<=$50,000",White,Donated,40,2,1,1,1,1,5
9910,Age<=29,Male,Undergraduate,Married,"Income<=$50,000",Asian,Donated,30,1,2,1,2,1,1
9911,30<=Age<=39,Female,Undergraduate,Married,"$50,000<Income<=$100,000",White,Not Donated,0,2,1,1,2,2,5
9912,30<=Age<=39,Male,Undergraduate,Married,"Income<=$50,000",White,Not Donated,0,2,2,1,2,1,5
9913,30<=Age<=39,Male,Undergraduate,Married,"Income>$100,000",White,Not Donated,0,2,2,1,2,3,5
9914,Age<=29,Female,Graduate,Single,"$50,000<Income<=$100,000",Hispanic,Not Donated,0,1,1,2,1,2,3
9915,Age<=29,Male,Undergraduate,Single,"Income<=$50,000",Hispanic,Not Donated,0,1,2,1,1,1,3
9916,30<=Age<=39,Male,Undergraduate,Single,"$50,000<Income<=$100,000",White,Donated,70,2,2,1,1,2,5
9917,40<=Age<=49,Male,Graduate,Married,"Income>$100,000",White,Not Donated,0,3,2,2,2,3,5
9918,Age<=29,Female,Undergraduate,Single,"$50,000<Income<=$100,000",White,Donated,40,1,1,1,1,2,5
9919,Age>=50,Male,Undergraduate,Married,"Income>$100,000",Asian,Donated,135,4,2,1,2,3,1
9920,Age<=29,Male,Undergraduate,Married,"Income<=$50,000",White,Donated,45,1,2,1,2,1,5
9921,Age<=29,Male,Graduate,Married,"Income<=$50,000",White,Not Donated,0,1,2,2,2,1,5
9922,Age<=29,Female,Undergraduate,Married,"Income>$100,000",Asian,Not Donated,0,1,1,1,2,3,1
9923,40<=Age<=49,Female,Undergraduate,Married,"$50,000<Income<=$100,000",White,Not Donated,0,3,1,1,2,2,5
9924,40<=Age<=49,Male,Undergraduate,Single,"Income<=$50,000",White,Donated,80,3,2,1,1,1,5
9925,Age>=50,Female,Graduate,Single,"$50,000<Income<=$100,000",Other,Donated,135,4,1,2,1,2,4
9926,40<=Age<=49,Female,Undergraduate,Single,"$50,000<Income<=$100,000",White,Not Donated,0,3,1,1,1,2,5
9927,Age<=29,Male,Undergraduate,Single,"Income<=$50,000",White,Not Donated,0,1,2,1,1,1,5
9928,40<=Age<=49,Male,Undergraduate,Married,"Income<=$50,000",Hispanic,Not Donated,0,3,2,1,2,1,3
9929,Age<=29,Female,Undergraduate,Married,"$50,000<Income<=$100,000",White,Not Donated,0,1,1,1,2,2,5
9930,40<=Age<=49,Male,Undergraduate,Single,"$50,000<Income<=$100,000",Other,Not Donated,0,3,2,1,1,2,4
9931,40<=Age<=49,Female,Graduate,Married,"Income<=$50,000",White,Not Donated,0,3,1,2,2,1,5
9932,30<=Age<=39,Female,Undergraduate,Married,"Income<=$50,000",White,Not Donated,0,2,1,1,2,1,5
9933,Age>=50,Male,Graduate,Single,"Income<=$50,000",White,Donated,95,4,2,2,1,1,5
9934,30<=Age<=39,Male,Undergraduate,Married,"Income<=$50,000",Hispanic,Not Donated,0,2,2,1,2,1,3
9935,40<=Age<=49,Female,Graduate,Married,"Income<=$50,000",White,Donated,85,3,1,2,2,1,5
9936,Age>=50,Female,Undergraduate,Married,"Income<=$50,000",Hispanic,Not Donated,0,4,1,1,2,1,3
9937,Age<=29,Male,Undergraduate,Married,"Income>$100,000",Black,Not Donated,0,1,2,1,2,3,2
9938,Age<=29,Female,Undergraduate,Married,"Income<=$50,000",Asian,Donated,35,1,1,1,2,1,1
9939,30<=Age<=39,Female,Undergraduate,Married,"$50,000<Income<=$100,000",Asian,Donated,75,2,1,1,2,2,1
9940,30<=Age<=39,Female,Undergraduate,Married,"$50,000<Income<=$100,000",Asian,Not Donated,0,2,1,1,2,2,1
9941,Age<=29,Female,Undergraduate,Married,"$50,000<Income<=$100,000",Hispanic,Not Donated,0,1,1,1,2,2,3
9942,30<=Age<=39,Female,Undergraduate,Married,"Income>$100,000",Asian,Donated,95,2,1,1,2,3,1
9943,30<=Age<=39,Male,Undergraduate,Single,"$50,000<Income<=$100,000",White,Not Donated,0,2,2,1,1,2,5
9944,30<=Age<=39,Male,Undergraduate,Married,"Income<=$50,000",Hispanic,Donated,45,2,2,1,2,1,3
9945,Age>=50,Female,Undergraduate,Single,"Income<=$50,000",White,Not Donated,0,4,1,1,1,1,5
9946,40<=Age<=49,Female,Undergraduate,Married,"Income>$100,000",Other,Donated,145,3,1,1,2,3,4
9947,30<=Age<=39,Male,Undergraduate,Single,"$50,000<Income<=$100,000",Black,Not Donated,0,2,2,1,1,2,2
9948,Age>=50,Male,Undergraduate,Single,"Income>$100,000",White,Not Donated,0,4,2,1,1,3,5
9949,Age<=29,Female,Graduate,Married,"Income<=$50,000",Asian,Not Donated,0,1,1,2,2,1,1
9950,40<=Age<=49,Male,Undergraduate,Single,"$50,000<Income<=$100,000",White,Donated,100,3,2,1,1,2,5
9951,Age<=29,Female,Undergraduate,Single,"$50,000<Income<=$100,000",White,Donated,75,1,1,1,1,2,5
9952,Age>=50,Male,Undergraduate,Single,"Income<=$50,000",White,Not Donated,0,4,2,1,1,1,5
9953,30<=Age<=39,Male,Undergraduate,Single,"Income>$100,000",White,Donated,105,2,2,1,1,3,5
9954,30<=Age<=39,Female,Undergraduate,Married,"Income<=$50,000",White,Not Donated,0,2,1,1,2,1,5
9955,40<=Age<=49,Male,Undergraduate,Married,"Income<=$50,000",White,Donated,85,3,2,1,2,1,5
9956,Age<=29,Female,Undergraduate,Married,"Income<=$50,000",Asian,Not Donated,0,1,1,1,2,1,1
9957,40<=Age<=49,Male,Undergraduate,Single,"Income<=$50,000",White,Donated,60,3,2,1,1,1,5
9958,Age>=50,Male,Undergraduate,Single,"Income<=$50,000",Hispanic,Not Donated,0,4,2,1,1,1,3
9959,30<=Age<=39,Male,Undergraduate,Married,"Income<=$50,000",White,Donated,65,2,2,1,2,1,5
9960,40<=Age<=49,Male,Undergraduate,Single,"$50,000<Income<=$100,000",White,Donated,90,3,2,1,1,2,5
9961,30<=Age<=39,Female,Undergraduate,Single,"Income<=$50,000",White,Donated,40,2,1,1,1,1,5
9962,40<=Age<=49,Female,Undergraduate,Married,"$50,000<Income<=$100,000",White,Donated,75,3,1,1,2,2,5
9963,Age<=29,Male,Undergraduate,Married,"Income<=$50,000",White,Donated,25,1,2,1,2,1,5
9964,40<=Age<=49,Female,Undergraduate,Married,"$50,000<Income<=$100,000",Hispanic,Not Donated,0,3,1,1,2,2,3
9965,40<=Age<=49,Male,Undergraduate,Single,"$50,000<Income<=$100,000",White,Donated,85,3,2,1,1,2,5
9966,Age>=50,Male,Undergraduate,Married,"Income<=$50,000",White,Not Donated,0,4,2,1,2,1,5
9967,30<=Age<=39,Male,Undergraduate,Single,"$50,000<Income<=$100,000",White,Not Donated,0,2,2,1,1,2,5
9968,30<=Age<=39,Male,Undergraduate,Married,"Income<=$50,000",Hispanic,Donated,65,2,2,1,2,1,3
9969,Age<=29,Male,Undergraduate,Married,"Income<=$50,000",White,Not Donated,0,1,2,1,2,1,5
9970,Age>=50,Male,Undergraduate,Married,"Income>$100,000",White,Donated,160,4,2,1,2,3,5
9971,Age>=50,Female,Undergraduate,Married,"Income<=$50,000",Hispanic,Donated,75,4,1,1,2,1,3
9972,30<=Age<=39,Female,Undergraduate,Married,"Income>$100,000",Other,Not Donated,0,2,1,1,2,3,4
9973,40<=Age<=49,Male,Undergraduate,Married,"Income<=$50,000",White,Not Donated,0,3,2,1,2,1,5
9974,30<=Age<=39,Female,Undergraduate,Single,"$50,000<Income<=$100,000",White,Not Donated,0,2,1,1,1,2,5
9975,Age>=50,Male,Graduate,Married,"Income<=$50,000",Other,Donated,105,4,2,2,2,1,4
9976,Age>=50,Female,Undergraduate,Married,"Income>$100,000",Hispanic,Not Donated,0,4,1,1,2,3,3
9977,Age<=29,Male,Undergraduate,Single,"Income>$100,000",Black,Not Donated,0,1,2,1,1,3,2
9978,Age>=50,Male,Undergraduate,Single,"Income<=$50,000",White,Not Donated,0,4,2,1,1,1,5
9979,40<=Age<=49,Female,Graduate,Single,"Income<=$50,000",Black,Donated,80,3,1,2,1,1,2
9980,Age<=29,Male,Undergraduate,Married,"Income<=$50,000",Other,Not Donated,0,1,2,1,2,1,4
9981,Age<=29,Female,Undergraduate,Married,"Income<=$50,000",Black,Donated,50,1,1,1,2,1,2
9982,Age<=29,Female,Undergraduate,Single,"$50,000<Income<=$100,000",Black,Not Donated,0,1,1,1,1,2,2
9983,Age<=29,Female,Undergraduate,Single,"Income<=$50,000",Black,Not Donated,0,1,1,1,1,1,2
9984,30<=Age<=39,Male,Graduate,Married,"Income>$100,000",White,Not Donated,0,2,2,2,2,3,5
9985,Age>=50,Female,Undergraduate,Single,"Income<=$50,000",Hispanic,Donated,85,4,1,1,1,1,3
9986,30<=Age<=39,Male,Undergraduate,Married,"Income<=$50,000",Other,Donated,60,2,2,1,2,1,4
9987,30<=Age<=39,Male,Undergraduate,Single,"Income>$100,000",White,Not Donated,0,2,2,1,1,3,5
9988,Age>=50,Male,Undergraduate,Married,"$50,000<Income<=$100,000",White,Donated,115,4,2,1,2,2,5
9989,40<=Age<=49,Female,Graduate,Married,"Income<=$50,000",Hispanic,Donated,90,3,1,2,2,1,3
9990,30<=Age<=39,Male,Undergraduate,Married,"Income<=$50,000",Hispanic,Not Donated,0,2,2,1,2,1,3
9991,Age<=29,Male,Undergraduate,Married,"$50,000<Income<=$100,000",White,Donated,55,1,2,1,2,2,5
9992,Age>=50,Female,Undergraduate,Single,"Income<=$50,000",White,Donated,85,4,1,1,1,1,5
9993,30<=Age<=39,Female,Undergraduate,Married,"Income>$100,000",White,Not Donated,0,2,1,1,2,3,5
9994,30<=Age<=39,Female,Undergraduate,Married,"Income<=$50,000",White,Donated,40,2,1,1,2,1,5
9995,40<=Age<=49,Male,Graduate,Single,"Income<=$50,000",White,Not Donated,0,3,2,2,1,1,5
9996,Age>=50,Female,Undergraduate,Married,"Income>$100,000",White,Not Donated,0,4,1,1,2,3,5
9997,Age>=50,Male,Undergraduate,Married,"Income<=$50,000",White,Donated,100,4,2,1,2,1,5
9998,30<=Age<=39,Male,Undergraduate,Married,"Income>$100,000",White,Not Donated,0,2,2,1,2,3,5
9999,40<=Age<=49,Female,Undergraduate,Married,"$50,000<Income<=$100,000",Asian,Not Donated,0,3,1,1,2,2,1
10000,Age>=50,Female,Undergraduate,Married,"Income<=$50,000",Other,Not Donated,0,4,1,1,2,1,4
