individual_id,month,discount,visit,numofcategories,prediscountpercategoryrevenue,prediscounttotalrevenue
1,1,0,0,0,0,0
1,2,0,0,0,0,0
1,3,0,0,0,0,0
1,4,10,0,0,0,0
1,5,0,0,0,0,0
1,6,15,0,0,0,0
1,7,0,0,0,0,0
1,8,10,0,0,0,0
1,9,0,0,0,0,0
1,10,20,0,0,0,0
1,11,0,0,0,0,0
1,12,0,0,0,0,0
1,13,5,0,0,0,0
1,14,0,0,0,0,0
1,15,0,0,0,0,0
1,16,0,0,0,0,0
1,17,0,0,0,0,0
1,18,10,0,0,0,0
1,19,0,0,0,0,0
1,20,0,0,0,0,0
1,21,20,0,0,0,0
1,22,0,0,0,0,0
1,23,0,0,0,0,0
1,24,0,0,0,0,0
1,25,20,0,0,0,0
2,1,0,0,0,0,0
2,2,0,0,0,0,0
2,3,0,0,0,0,0
2,4,10,0,0,0,0
2,5,0,0,0,0,0
2,6,15,1,1,48.17,48.17
2,7,0,0,0,0,0
2,8,10,0,0,0,0
2,9,0,0,0,0,0
2,10,20,0,0,0,0
2,11,0,0,0,0,0
2,12,0,0,0,0,0
2,13,5,0,0,0,0
2,14,0,0,0,0,0
2,15,0,0,0,0,0
2,16,0,0,0,0,0
2,17,0,0,0,0,0
2,18,10,0,0,0,0
2,19,0,0,0,0,0
2,20,0,0,0,0,0
2,21,20,0,0,0,0
2,22,0,0,0,0,0
2,23,0,0,0,0,0
2,24,0,0,0,0,0
2,25,20,0,0,0,0
3,1,0,0,0,0,0
3,2,0,0,0,0,0
3,3,0,0,0,0,0
3,4,10,0,0,0,0
3,5,0,0,0,0,0
3,6,15,1,0,0,0
3,7,0,0,0,0,0
3,8,10,0,0,0,0
3,9,0,0,0,0,0
3,10,20,0,0,0,0
3,11,0,0,0,0,0
3,12,0,0,0,0,0
3,13,5,0,0,0,0
3,14,0,0,0,0,0
3,15,0,0,0,0,0
3,16,0,0,0,0,0
3,17,0,0,0,0,0
3,18,10,0,0,0,0
3,19,0,0,0,0,0
3,20,0,0,0,0,0
3,21,20,0,0,0,0
3,22,0,0,0,0,0
3,23,0,0,0,0,0
3,24,0,0,0,0,0
3,25,20,0,0,0,0
4,1,0,0,0,0,0
4,2,0,0,0,0,0
4,3,0,0,0,0,0
4,4,10,0,0,0,0
4,5,0,0,0,0,0
4,6,15,0,0,0,0
4,7,0,0,0,0,0
4,8,10,0,0,0,0
4,9,0,0,0,0,0
4,10,20,0,0,0,0
4,11,0,0,0,0,0
4,12,0,0,0,0,0
4,13,5,0,0,0,0
4,14,0,0,0,0,0
4,15,0,0,0,0,0
4,16,0,0,0,0,0
4,17,0,1,0,0,0
4,18,10,0,0,0,0
4,19,0,0,0,0,0
4,20,0,0,0,0,0
4,21,20,0,0,0,0
4,22,0,0,0,0,0
4,23,0,0,0,0,0
4,24,0,0,0,0,0
4,25,20,0,0,0,0
5,1,0,0,0,0,0
5,2,0,0,0,0,0
5,3,0,0,0,0,0
5,4,10,0,0,0,0
5,5,0,0,0,0,0
5,6,15,0,0,0,0
5,7,0,0,0,0,0
5,8,10,0,0,0,0
5,9,0,0,0,0,0
5,10,20,0,0,0,0
5,11,0,0,0,0,0
5,12,0,0,0,0,0
5,13,5,0,0,0,0
5,14,0,0,0,0,0
5,15,0,0,0,0,0
5,16,0,0,0,0,0
5,17,0,0,0,0,0
5,18,10,0,0,0,0
5,19,0,0,0,0,0
5,20,0,0,0,0,0
5,21,20,0,0,0,0
5,22,0,0,0,0,0
5,23,0,0,0,0,0
5,24,0,0,0,0,0
5,25,20,1,0,0,0
6,1,0,0,0,0,0
6,2,0,0,0,0,0
6,3,0,0,0,0,0
6,4,10,0,0,0,0
6,5,0,0,0,0,0
6,6,15,0,0,0,0
6,7,0,0,0,0,0
6,8,10,0,0,0,0
6,9,0,0,0,0,0
6,10,20,0,0,0,0
6,11,0,0,0,0,0
6,12,0,0,0,0,0
6,13,5,0,0,0,0
6,14,0,0,0,0,0
6,15,0,0,0,0,0
6,16,0,0,0,0,0
6,17,0,0,0,0,0
6,18,10,0,0,0,0
6,19,0,0,0,0,0
6,20,0,0,0,0,0
6,21,20,0,0,0,0
6,22,0,0,0,0,0
6,23,0,0,0,0,0
6,24,0,0,0,0,0
6,25,20,0,0,0,0
7,1,0,0,0,0,0
7,2,0,0,0,0,0
7,3,0,0,0,0,0
7,4,10,0,0,0,0
7,5,0,0,0,0,0
7,6,15,0,0,0,0
7,7,0,0,0,0,0
7,8,10,0,0,0,0
7,9,0,0,0,0,0
7,10,20,0,0,0,0
7,11,0,0,0,0,0
7,12,0,0,0,0,0
7,13,5,0,0,0,0
7,14,0,0,0,0,0
7,15,0,0,0,0,0
7,16,0,0,0,0,0
7,17,0,0,0,0,0
7,18,10,0,0,0,0
7,19,0,0,0,0,0
7,20,0,0,0,0,0
7,21,20,0,0,0,0
7,22,0,0,0,0,0
7,23,0,0,0,0,0
7,24,0,0,0,0,0
7,25,20,0,0,0,0
8,1,0,0,0,0,0
8,2,0,0,0,0,0
8,3,0,0,0,0,0
8,4,10,0,0,0,0
8,5,0,0,0,0,0
8,6,15,0,0,0,0
8,7,0,0,0,0,0
8,8,10,0,0,0,0
8,9,0,0,0,0,0
8,10,20,1,2,29.05,58.1
8,11,0,0,0,0,0
8,12,0,0,0,0,0
8,13,5,0,0,0,0
8,14,0,0,0,0,0
8,15,0,0,0,0,0
8,16,0,0,0,0,0
8,17,0,0,0,0,0
8,18,10,0,0,0,0
8,19,0,0,0,0,0
8,20,0,0,0,0,0
8,21,20,0,0,0,0
8,22,0,0,0,0,0
8,23,0,0,0,0,0
8,24,0,0,0,0,0
8,25,20,0,0,0,0
9,1,0,0,0,0,0
9,2,0,0,0,0,0
9,3,0,0,0,0,0
9,4,10,0,0,0,0
9,5,0,0,0,0,0
9,6,15,0,0,0,0
9,7,0,0,0,0,0
9,8,10,0,0,0,0
9,9,0,0,0,0,0
9,10,20,0,0,0,0
9,11,0,0,0,0,0
9,12,0,0,0,0,0
9,13,5,0,0,0,0
9,14,0,0,0,0,0
9,15,0,0,0,0,0
9,16,0,0,0,0,0
9,17,0,0,0,0,0
9,18,10,0,0,0,0
9,19,0,0,0,0,0
9,20,0,0,0,0,0
9,21,20,0,0,0,0
9,22,0,0,0,0,0
9,23,0,0,0,0,0
9,24,0,0,0,0,0
9,25,20,0,0,0,0
10,1,0,0,0,0,0
10,2,0,0,0,0,0
10,3,0,0,0,0,0
10,4,10,0,0,0,0
10,5,0,0,0,0,0
10,6,15,1,1,44.97,44.97
10,7,0,0,0,0,0
10,8,10,0,0,0,0
10,9,0,0,0,0,0
10,10,20,0,0,0,0
10,11,0,0,0,0,0
10,12,0,0,0,0,0
10,13,5,0,0,0,0
10,14,0,0,0,0,0
10,15,0,0,0,0,0
10,16,0,0,0,0,0
10,17,0,0,0,0,0
10,18,10,0,0,0,0
10,19,0,0,0,0,0
10,20,0,0,0,0,0
10,21,20,0,0,0,0
10,22,0,0,0,0,0
10,23,0,0,0,0,0
10,24,0,0,0,0,0
10,25,20,0,0,0,0
11,1,0,0,0,0,0
11,2,0,0,0,0,0
11,3,0,0,0,0,0
11,4,10,0,0,0,0
11,5,0,0,0,0,0
11,6,15,0,0,0,0
11,7,0,0,0,0,0
11,8,10,0,0,0,0
11,9,0,0,0,0,0
11,10,20,0,0,0,0
11,11,0,0,0,0,0
11,12,0,0,0,0,0
11,13,5,0,0,0,0
11,14,0,0,0,0,0
11,15,0,1,0,0,0
11,16,0,0,0,0,0
11,17,0,0,0,0,0
11,18,10,0,0,0,0
11,19,0,0,0,0,0
11,20,0,0,0,0,0
11,21,20,1,0,0,0
11,22,0,0,0,0,0
11,23,0,0,0,0,0
11,24,0,0,0,0,0
11,25,20,1,2,49.15,98.3
12,1,0,0,0,0,0
12,2,0,0,0,0,0
12,3,0,0,0,0,0
12,4,10,0,0,0,0
12,5,0,0,0,0,0
12,6,15,0,0,0,0
12,7,0,0,0,0,0
12,8,10,0,0,0,0
12,9,0,0,0,0,0
12,10,20,0,0,0,0
12,11,0,0,0,0,0
12,12,0,0,0,0,0
12,13,5,0,0,0,0
12,14,0,0,0,0,0
12,15,0,1,1,46.84,46.84
12,16,0,0,0,0,0
12,17,0,0,0,0,0
12,18,10,0,0,0,0
12,19,0,0,0,0,0
12,20,0,0,0,0,0
12,21,20,0,0,0,0
12,22,0,0,0,0,0
12,23,0,0,0,0,0
12,24,0,0,0,0,0
12,25,20,1,0,0,0
13,1,0,0,0,0,0
13,2,0,0,0,0,0
13,3,0,0,0,0,0
13,4,10,0,0,0,0
13,5,0,0,0,0,0
13,6,15,0,0,0,0
13,7,0,0,0,0,0
13,8,10,0,0,0,0
13,9,0,0,0,0,0
13,10,20,0,0,0,0
13,11,0,0,0,0,0
13,12,0,0,0,0,0
13,13,5,0,0,0,0
13,14,0,0,0,0,0
13,15,0,0,0,0,0
13,16,0,0,0,0,0
13,17,0,0,0,0,0
13,18,10,0,0,0,0
13,19,0,0,0,0,0
13,20,0,0,0,0,0
13,21,20,0,0,0,0
13,22,0,0,0,0,0
13,23,0,0,0,0,0
13,24,0,0,0,0,0
13,25,20,0,0,0,0
14,1,0,0,0,0,0
14,2,0,0,0,0,0
14,3,0,1,1,27.24,27.24
14,4,10,0,0,0,0
14,5,0,0,0,0,0
14,6,15,0,0,0,0
14,7,0,0,0,0,0
14,8,10,0,0,0,0
14,9,0,0,0,0,0
14,10,20,0,0,0,0
14,11,0,0,0,0,0
14,12,0,0,0,0,0
14,13,5,0,0,0,0
14,14,0,0,0,0,0
14,15,0,0,0,0,0
14,16,0,0,0,0,0
14,17,0,0,0,0,0
14,18,10,0,0,0,0
14,19,0,0,0,0,0
14,20,0,0,0,0,0
14,21,20,0,0,0,0
14,22,0,0,0,0,0
14,23,0,0,0,0,0
14,24,0,0,0,0,0
14,25,20,0,0,0,0
15,1,0,0,0,0,0
15,2,0,0,0,0,0
15,3,0,0,0,0,0
15,4,10,0,0,0,0
15,5,0,0,0,0,0
15,6,15,1,0,0,0
15,7,0,0,0,0,0
15,8,10,0,0,0,0
15,9,0,0,0,0,0
15,10,20,0,0,0,0
15,11,0,0,0,0,0
15,12,0,0,0,0,0
15,13,5,0,0,0,0
15,14,0,0,0,0,0
15,15,0,0,0,0,0
15,16,0,0,0,0,0
15,17,0,1,1,47.27,47.27
15,18,10,0,0,0,0
15,19,0,0,0,0,0
15,20,0,0,0,0,0
15,21,20,1,3,65.76,197.28
15,22,0,0,0,0,0
15,23,0,0,0,0,0
15,24,0,0,0,0,0
15,25,20,0,0,0,0
16,1,0,0,0,0,0
16,2,0,0,0,0,0
16,3,0,0,0,0,0
16,4,10,0,0,0,0
16,5,0,0,0,0,0
16,6,15,0,0,0,0
16,7,0,0,0,0,0
16,8,10,0,0,0,0
16,9,0,0,0,0,0
16,10,20,1,7,46,322
16,11,0,0,0,0,0
16,12,0,0,0,0,0
16,13,5,0,0,0,0
16,14,0,0,0,0,0
16,15,0,0,0,0,0
16,16,0,0,0,0,0
16,17,0,0,0,0,0
16,18,10,0,0,0,0
16,19,0,0,0,0,0
16,20,0,0,0,0,0
16,21,20,1,0,0,0
16,22,0,0,0,0,0
16,23,0,0,0,0,0
16,24,0,0,0,0,0
16,25,20,0,0,0,0
17,1,0,0,0,0,0
17,2,0,0,0,0,0
17,3,0,0,0,0,0
17,4,10,0,0,0,0
17,5,0,0,0,0,0
17,6,15,0,0,0,0
17,7,0,0,0,0,0
17,8,10,0,0,0,0
17,9,0,0,0,0,0
17,10,20,1,2,44.74,89.48
17,11,0,0,0,0,0
17,12,0,0,0,0,0
17,13,5,0,0,0,0
17,14,0,0,0,0,0
17,15,0,0,0,0,0
17,16,0,0,0,0,0
17,17,0,0,0,0,0
17,18,10,0,0,0,0
17,19,0,0,0,0,0
17,20,0,0,0,0,0
17,21,20,0,0,0,0
17,22,0,0,0,0,0
17,23,0,0,0,0,0
17,24,0,0,0,0,0
17,25,20,0,0,0,0
18,1,0,0,0,0,0
18,2,0,0,0,0,0
18,3,0,0,0,0,0
18,4,10,0,0,0,0
18,5,0,0,0,0,0
18,6,15,0,0,0,0
18,7,0,0,0,0,0
18,8,10,0,0,0,0
18,9,0,0,0,0,0
18,10,20,0,0,0,0
18,11,0,0,0,0,0
18,12,0,0,0,0,0
18,13,5,0,0,0,0
18,14,0,0,0,0,0
18,15,0,0,0,0,0
18,16,0,0,0,0,0
18,17,0,0,0,0,0
18,18,10,0,0,0,0
18,19,0,0,0,0,0
18,20,0,0,0,0,0
18,21,20,0,0,0,0
18,22,0,0,0,0,0
18,23,0,0,0,0,0
18,24,0,0,0,0,0
18,25,20,0,0,0,0
19,1,0,0,0,0,0
19,2,0,0,0,0,0
19,3,0,0,0,0,0
19,4,10,0,0,0,0
19,5,0,0,0,0,0
19,6,15,0,0,0,0
19,7,0,0,0,0,0
19,8,10,0,0,0,0
19,9,0,0,0,0,0
19,10,20,0,0,0,0
19,11,0,0,0,0,0
19,12,0,0,0,0,0
19,13,5,0,0,0,0
19,14,0,0,0,0,0
19,15,0,0,0,0,0
19,16,0,0,0,0,0
19,17,0,0,0,0,0
19,18,10,0,0,0,0
19,19,0,0,0,0,0
19,20,0,0,0,0,0
19,21,20,1,0,0,0
19,22,0,0,0,0,0
19,23,0,0,0,0,0
19,24,0,0,0,0,0
19,25,20,0,0,0,0
20,1,0,0,0,0,0
20,2,0,1,1,25.69,25.69
20,3,0,0,0,0,0
20,4,10,0,0,0,0
20,5,0,0,0,0,0
20,6,15,0,0,0,0
20,7,0,0,0,0,0
20,8,10,0,0,0,0
20,9,0,0,0,0,0
20,10,20,1,0,0,0
20,11,0,0,0,0,0
20,12,0,0,0,0,0
20,13,5,0,0,0,0
20,14,0,0,0,0,0
20,15,0,0,0,0,0
20,16,0,0,0,0,0
20,17,0,0,0,0,0
20,18,10,1,2,34.45,68.9
20,19,0,0,0,0,0
20,20,0,0,0,0,0
20,21,20,0,0,0,0
20,22,0,0,0,0,0
20,23,0,0,0,0,0
20,24,0,0,0,0,0
20,25,20,0,0,0,0
21,1,0,0,0,0,0
21,2,0,0,0,0,0
21,3,0,0,0,0,0
21,4,10,0,0,0,0
21,5,0,0,0,0,0
21,6,15,0,0,0,0
21,7,0,0,0,0,0
21,8,10,0,0,0,0
21,9,0,0,0,0,0
21,10,20,0,0,0,0
21,11,0,0,0,0,0
21,12,0,0,0,0,0
21,13,5,1,0,0,0
21,14,0,0,0,0,0
21,15,0,0,0,0,0
21,16,0,0,0,0,0
21,17,0,0,0,0,0
21,18,10,1,0,0,0
21,19,0,0,0,0,0
21,20,0,0,0,0,0
21,21,20,0,0,0,0
21,22,0,0,0,0,0
21,23,0,0,0,0,0
21,24,0,0,0,0,0
21,25,20,0,0,0,0
22,1,0,0,0,0,0
22,2,0,0,0,0,0
22,3,0,0,0,0,0
22,4,10,0,0,0,0
22,5,0,0,0,0,0
22,6,15,0,0,0,0
22,7,0,0,0,0,0
22,8,10,0,0,0,0
22,9,0,0,0,0,0
22,10,20,0,0,0,0
22,11,0,0,0,0,0
22,12,0,0,0,0,0
22,13,5,0,0,0,0
22,14,0,0,0,0,0
22,15,0,0,0,0,0
22,16,0,0,0,0,0
22,17,0,0,0,0,0
22,18,10,0,0,0,0
22,19,0,0,0,0,0
22,20,0,0,0,0,0
22,21,20,0,0,0,0
22,22,0,0,0,0,0
22,23,0,0,0,0,0
22,24,0,0,0,0,0
22,25,20,0,0,0,0
23,1,0,0,0,0,0
23,2,0,0,0,0,0
23,3,0,0,0,0,0
23,4,10,0,0,0,0
23,5,0,0,0,0,0
23,6,15,0,0,0,0
23,7,0,0,0,0,0
23,8,10,0,0,0,0
23,9,0,0,0,0,0
23,10,20,0,0,0,0
23,11,0,0,0,0,0
23,12,0,0,0,0,0
23,13,5,0,0,0,0
23,14,0,0,0,0,0
23,15,0,0,0,0,0
23,16,0,0,0,0,0
23,17,0,0,0,0,0
23,18,10,0,0,0,0
23,19,0,0,0,0,0
23,20,0,0,0,0,0
23,21,20,1,4,53.39,213.56
23,22,0,0,0,0,0
23,23,0,0,0,0,0
23,24,0,0,0,0,0
23,25,20,0,0,0,0
24,1,0,0,0,0,0
24,2,0,0,0,0,0
24,3,0,0,0,0,0
24,4,10,0,0,0,0
24,5,0,0,0,0,0
24,6,15,0,0,0,0
24,7,0,0,0,0,0
24,8,10,0,0,0,0
24,9,0,0,0,0,0
24,10,20,0,0,0,0
24,11,0,0,0,0,0
24,12,0,0,0,0,0
24,13,5,0,0,0,0
24,14,0,0,0,0,0
24,15,0,0,0,0,0
24,16,0,0,0,0,0
24,17,0,0,0,0,0
24,18,10,0,0,0,0
24,19,0,0,0,0,0
24,20,0,0,0,0,0
24,21,20,0,0,0,0
24,22,0,0,0,0,0
24,23,0,0,0,0,0
24,24,0,0,0,0,0
24,25,20,0,0,0,0
25,1,0,0,0,0,0
25,2,0,0,0,0,0
25,3,0,0,0,0,0
25,4,10,0,0,0,0
25,5,0,0,0,0,0
25,6,15,0,0,0,0
25,7,0,0,0,0,0
25,8,10,0,0,0,0
25,9,0,0,0,0,0
25,10,20,0,0,0,0
25,11,0,0,0,0,0
25,12,0,0,0,0,0
25,13,5,0,0,0,0
25,14,0,0,0,0,0
25,15,0,0,0,0,0
25,16,0,0,0,0,0
25,17,0,0,0,0,0
25,18,10,0,0,0,0
25,19,0,0,0,0,0
25,20,0,0,0,0,0
25,21,20,0,0,0,0
25,22,0,0,0,0,0
25,23,0,0,0,0,0
25,24,0,0,0,0,0
25,25,20,0,0,0,0
26,1,0,0,0,0,0
26,2,0,0,0,0,0
26,3,0,0,0,0,0
26,4,10,0,0,0,0
26,5,0,0,0,0,0
26,6,15,0,0,0,0
26,7,0,0,0,0,0
26,8,10,0,0,0,0
26,9,0,0,0,0,0
26,10,20,0,0,0,0
26,11,0,0,0,0,0
26,12,0,0,0,0,0
26,13,5,0,0,0,0
26,14,0,0,0,0,0
26,15,0,0,0,0,0
26,16,0,0,0,0,0
26,17,0,0,0,0,0
26,18,10,0,0,0,0
26,19,0,0,0,0,0
26,20,0,0,0,0,0
26,21,20,0,0,0,0
26,22,0,0,0,0,0
26,23,0,0,0,0,0
26,24,0,0,0,0,0
26,25,20,0,0,0,0
27,1,0,0,0,0,0
27,2,0,0,0,0,0
27,3,0,0,0,0,0
27,4,10,0,0,0,0
27,5,0,0,0,0,0
27,6,15,0,0,0,0
27,7,0,0,0,0,0
27,8,10,0,0,0,0
27,9,0,0,0,0,0
27,10,20,0,0,0,0
27,11,0,0,0,0,0
27,12,0,1,6,21.03,126.18
27,13,5,0,0,0,0
27,14,0,0,0,0,0
27,15,0,0,0,0,0
27,16,0,0,0,0,0
27,17,0,0,0,0,0
27,18,10,0,0,0,0
27,19,0,0,0,0,0
27,20,0,0,0,0,0
27,21,20,0,0,0,0
27,22,0,0,0,0,0
27,23,0,0,0,0,0
27,24,0,0,0,0,0
27,25,20,0,0,0,0
28,1,0,0,0,0,0
28,2,0,0,0,0,0
28,3,0,0,0,0,0
28,4,10,1,3,84.51,253.53
28,5,0,0,0,0,0
28,6,15,0,0,0,0
28,7,0,0,0,0,0
28,8,10,0,0,0,0
28,9,0,0,0,0,0
28,10,20,0,0,0,0
28,11,0,0,0,0,0
28,12,0,0,0,0,0
28,13,5,0,0,0,0
28,14,0,0,0,0,0
28,15,0,0,0,0,0
28,16,0,0,0,0,0
28,17,0,0,0,0,0
28,18,10,0,0,0,0
28,19,0,0,0,0,0
28,20,0,0,0,0,0
28,21,20,1,0,0,0
28,22,0,0,0,0,0
28,23,0,0,0,0,0
28,24,0,0,0,0,0
28,25,20,0,0,0,0
29,1,0,0,0,0,0
29,2,0,0,0,0,0
29,3,0,0,0,0,0
29,4,10,0,0,0,0
29,5,0,0,0,0,0
29,6,15,0,0,0,0
29,7,0,0,0,0,0
29,8,10,0,0,0,0
29,9,0,0,0,0,0
29,10,20,1,1,71.73,71.73
29,11,0,0,0,0,0
29,12,0,0,0,0,0
29,13,5,0,0,0,0
29,14,0,0,0,0,0
29,15,0,0,0,0,0
29,16,0,0,0,0,0
29,17,0,0,0,0,0
29,18,10,0,0,0,0
29,19,0,0,0,0,0
29,20,0,0,0,0,0
29,21,20,0,0,0,0
29,22,0,0,0,0,0
29,23,0,0,0,0,0
29,24,0,0,0,0,0
29,25,20,0,0,0,0
30,1,0,0,0,0,0
30,2,0,0,0,0,0
30,3,0,0,0,0,0
30,4,10,0,0,0,0
30,5,0,0,0,0,0
30,6,15,0,0,0,0
30,7,0,0,0,0,0
30,8,10,0,0,0,0
30,9,0,0,0,0,0
30,10,20,0,0,0,0
30,11,0,0,0,0,0
30,12,0,0,0,0,0
30,13,5,0,0,0,0
30,14,0,0,0,0,0
30,15,0,0,0,0,0
30,16,0,0,0,0,0
30,17,0,0,0,0,0
30,18,10,0,0,0,0
30,19,0,0,0,0,0
30,20,0,0,0,0,0
30,21,20,0,0,0,0
30,22,0,0,0,0,0
30,23,0,0,0,0,0
30,24,0,0,0,0,0
30,25,20,0,0,0,0
31,1,0,0,0,0,0
31,2,0,0,0,0,0
31,3,0,0,0,0,0
31,4,10,0,0,0,0
31,5,0,0,0,0,0
31,6,15,0,0,0,0
31,7,0,0,0,0,0
31,8,10,0,0,0,0
31,9,0,0,0,0,0
31,10,20,0,0,0,0
31,11,0,0,0,0,0
31,12,0,0,0,0,0
31,13,5,0,0,0,0
31,14,0,0,0,0,0
31,15,0,0,0,0,0
31,16,0,0,0,0,0
31,17,0,0,0,0,0
31,18,10,0,0,0,0
31,19,0,0,0,0,0
31,20,0,0,0,0,0
31,21,20,0,0,0,0
31,22,0,0,0,0,0
31,23,0,0,0,0,0
31,24,0,0,0,0,0
31,25,20,0,0,0,0
32,1,0,0,0,0,0
32,2,0,0,0,0,0
32,3,0,0,0,0,0
32,4,10,0,0,0,0
32,5,0,0,0,0,0
32,6,15,0,0,0,0
32,7,0,1,1,49.62,49.62
32,8,10,0,0,0,0
32,9,0,0,0,0,0
32,10,20,0,0,0,0
32,11,0,0,0,0,0
32,12,0,0,0,0,0
32,13,5,0,0,0,0
32,14,0,0,0,0,0
32,15,0,0,0,0,0
32,16,0,0,0,0,0
32,17,0,0,0,0,0
32,18,10,0,0,0,0
32,19,0,0,0,0,0
32,20,0,0,0,0,0
32,21,20,1,2,47.83,95.66
32,22,0,0,0,0,0
32,23,0,0,0,0,0
32,24,0,0,0,0,0
32,25,20,1,1,64.86,64.86
33,1,0,0,0,0,0
33,2,0,0,0,0,0
33,3,0,0,0,0,0
33,4,10,0,0,0,0
33,5,0,0,0,0,0
33,6,15,0,0,0,0
33,7,0,0,0,0,0
33,8,10,0,0,0,0
33,9,0,0,0,0,0
33,10,20,0,0,0,0
33,11,0,0,0,0,0
33,12,0,0,0,0,0
33,13,5,0,0,0,0
33,14,0,0,0,0,0
33,15,0,0,0,0,0
33,16,0,0,0,0,0
33,17,0,0,0,0,0
33,18,10,0,0,0,0
33,19,0,0,0,0,0
33,20,0,0,0,0,0
33,21,20,0,0,0,0
33,22,0,0,0,0,0
33,23,0,0,0,0,0
33,24,0,0,0,0,0
33,25,20,0,0,0,0
34,1,0,0,0,0,0
34,2,0,0,0,0,0
34,3,0,0,0,0,0
34,4,10,0,0,0,0
34,5,0,0,0,0,0
34,6,15,0,0,0,0
34,7,0,0,0,0,0
34,8,10,1,0,0,0
34,9,0,0,0,0,0
34,10,20,0,0,0,0
34,11,0,0,0,0,0
34,12,0,0,0,0,0
34,13,5,0,0,0,0
34,14,0,0,0,0,0
34,15,0,0,0,0,0
34,16,0,0,0,0,0
34,17,0,0,0,0,0
34,18,10,0,0,0,0
34,19,0,0,0,0,0
34,20,0,0,0,0,0
34,21,20,1,2,45.38,90.76
34,22,0,0,0,0,0
34,23,0,0,0,0,0
34,24,0,0,0,0,0
34,25,20,0,0,0,0
35,1,0,0,0,0,0
35,2,0,0,0,0,0
35,3,0,1,0,0,0
35,4,10,0,0,0,0
35,5,0,0,0,0,0
35,6,15,0,0,0,0
35,7,0,0,0,0,0
35,8,10,0,0,0,0
35,9,0,0,0,0,0
35,10,20,0,0,0,0
35,11,0,0,0,0,0
35,12,0,0,0,0,0
35,13,5,0,0,0,0
35,14,0,0,0,0,0
35,15,0,0,0,0,0
35,16,0,1,0,0,0
35,17,0,0,0,0,0
35,18,10,0,0,0,0
35,19,0,0,0,0,0
35,20,0,0,0,0,0
35,21,20,0,0,0,0
35,22,0,0,0,0,0
35,23,0,0,0,0,0
35,24,0,0,0,0,0
35,25,20,1,0,0,0
36,1,0,0,0,0,0
36,2,0,0,0,0,0
36,3,0,0,0,0,0
36,4,10,0,0,0,0
36,5,0,0,0,0,0
36,6,15,0,0,0,0
36,7,0,0,0,0,0
36,8,10,0,0,0,0
36,9,0,0,0,0,0
36,10,20,0,0,0,0
36,11,0,0,0,0,0
36,12,0,0,0,0,0
36,13,5,0,0,0,0
36,14,0,0,0,0,0
36,15,0,0,0,0,0
36,16,0,0,0,0,0
36,17,0,0,0,0,0
36,18,10,0,0,0,0
36,19,0,0,0,0,0
36,20,0,0,0,0,0
36,21,20,0,0,0,0
36,22,0,0,0,0,0
36,23,0,0,0,0,0
36,24,0,0,0,0,0
36,25,20,0,0,0,0
37,1,0,0,0,0,0
37,2,0,0,0,0,0
37,3,0,0,0,0,0
37,4,10,0,0,0,0
37,5,0,0,0,0,0
37,6,15,0,0,0,0
37,7,0,0,0,0,0
37,8,10,0,0,0,0
37,9,0,0,0,0,0
37,10,20,1,2,80.23,160.46
37,11,0,0,0,0,0
37,12,0,0,0,0,0
37,13,5,0,0,0,0
37,14,0,0,0,0,0
37,15,0,0,0,0,0
37,16,0,0,0,0,0
37,17,0,0,0,0,0
37,18,10,0,0,0,0
37,19,0,0,0,0,0
37,20,0,0,0,0,0
37,21,20,0,0,0,0
37,22,0,0,0,0,0
37,23,0,0,0,0,0
37,24,0,0,0,0,0
37,25,20,0,0,0,0
38,1,0,0,0,0,0
38,2,0,0,0,0,0
38,3,0,0,0,0,0
38,4,10,0,0,0,0
38,5,0,0,0,0,0
38,6,15,0,0,0,0
38,7,0,0,0,0,0
38,8,10,0,0,0,0
38,9,0,0,0,0,0
38,10,20,0,0,0,0
38,11,0,0,0,0,0
38,12,0,0,0,0,0
38,13,5,0,0,0,0
38,14,0,0,0,0,0
38,15,0,0,0,0,0
38,16,0,0,0,0,0
38,17,0,0,0,0,0
38,18,10,0,0,0,0
38,19,0,0,0,0,0
38,20,0,0,0,0,0
38,21,20,1,1,37.48,37.48
38,22,0,0,0,0,0
38,23,0,0,0,0,0
38,24,0,0,0,0,0
38,25,20,0,0,0,0
39,1,0,0,0,0,0
39,2,0,0,0,0,0
39,3,0,0,0,0,0
39,4,10,0,0,0,0
39,5,0,0,0,0,0
39,6,15,0,0,0,0
39,7,0,0,0,0,0
39,8,10,0,0,0,0
39,9,0,0,0,0,0
39,10,20,0,0,0,0
39,11,0,0,0,0,0
39,12,0,0,0,0,0
39,13,5,0,0,0,0
39,14,0,0,0,0,0
39,15,0,0,0,0,0
39,16,0,0,0,0,0
39,17,0,0,0,0,0
39,18,10,0,0,0,0
39,19,0,0,0,0,0
39,20,0,0,0,0,0
39,21,20,1,0,0,0
39,22,0,0,0,0,0
39,23,0,0,0,0,0
39,24,0,0,0,0,0
39,25,20,0,0,0,0
40,1,0,0,0,0,0
40,2,0,0,0,0,0
40,3,0,0,0,0,0
40,4,10,0,0,0,0
40,5,0,0,0,0,0
40,6,15,0,0,0,0
40,7,0,0,0,0,0
40,8,10,0,0,0,0
40,9,0,0,0,0,0
40,10,20,0,0,0,0
40,11,0,0,0,0,0
40,12,0,0,0,0,0
40,13,5,0,0,0,0
40,14,0,0,0,0,0
40,15,0,0,0,0,0
40,16,0,0,0,0,0
40,17,0,0,0,0,0
40,18,10,0,0,0,0
40,19,0,0,0,0,0
40,20,0,0,0,0,0
40,21,20,0,0,0,0
40,22,0,0,0,0,0
40,23,0,0,0,0,0
40,24,0,0,0,0,0
40,25,20,0,0,0,0
41,1,0,0,0,0,0
41,2,0,0,0,0,0
41,3,0,0,0,0,0
41,4,10,0,0,0,0
41,5,0,0,0,0,0
41,6,15,0,0,0,0
41,7,0,0,0,0,0
41,8,10,1,2,58.5,117
41,9,0,0,0,0,0
41,10,20,0,0,0,0
41,11,0,0,0,0,0
41,12,0,0,0,0,0
41,13,5,0,0,0,0
41,14,0,0,0,0,0
41,15,0,0,0,0,0
41,16,0,0,0,0,0
41,17,0,0,0,0,0
41,18,10,0,0,0,0
41,19,0,0,0,0,0
41,20,0,0,0,0,0
41,21,20,0,0,0,0
41,22,0,0,0,0,0
41,23,0,0,0,0,0
41,24,0,0,0,0,0
41,25,20,0,0,0,0
42,1,0,0,0,0,0
42,2,0,0,0,0,0
42,3,0,0,0,0,0
42,4,10,0,0,0,0
42,5,0,0,0,0,0
42,6,15,0,0,0,0
42,7,0,0,0,0,0
42,8,10,0,0,0,0
42,9,0,0,0,0,0
42,10,20,0,0,0,0
42,11,0,0,0,0,0
42,12,0,0,0,0,0
42,13,5,0,0,0,0
42,14,0,0,0,0,0
42,15,0,0,0,0,0
42,16,0,0,0,0,0
42,17,0,0,0,0,0
42,18,10,0,0,0,0
42,19,0,0,0,0,0
42,20,0,0,0,0,0
42,21,20,0,0,0,0
42,22,0,0,0,0,0
42,23,0,0,0,0,0
42,24,0,0,0,0,0
42,25,20,0,0,0,0
43,1,0,0,0,0,0
43,2,0,0,0,0,0
43,3,0,0,0,0,0
43,4,10,0,0,0,0
43,5,0,0,0,0,0
43,6,15,0,0,0,0
43,7,0,0,0,0,0
43,8,10,0,0,0,0
43,9,0,0,0,0,0
43,10,20,0,0,0,0
43,11,0,0,0,0,0
43,12,0,0,0,0,0
43,13,5,0,0,0,0
43,14,0,0,0,0,0
43,15,0,0,0,0,0
43,16,0,0,0,0,0
43,17,0,0,0,0,0
43,18,10,0,0,0,0
43,19,0,0,0,0,0
43,20,0,0,0,0,0
43,21,20,0,0,0,0
43,22,0,0,0,0,0
43,23,0,0,0,0,0
43,24,0,0,0,0,0
43,25,20,0,0,0,0
44,1,0,0,0,0,0
44,2,0,0,0,0,0
44,3,0,0,0,0,0
44,4,10,0,0,0,0
44,5,0,0,0,0,0
44,6,15,0,0,0,0
44,7,0,0,0,0,0
44,8,10,0,0,0,0
44,9,0,0,0,0,0
44,10,20,0,0,0,0
44,11,0,0,0,0,0
44,12,0,0,0,0,0
44,13,5,0,0,0,0
44,14,0,0,0,0,0
44,15,0,0,0,0,0
44,16,0,0,0,0,0
44,17,0,0,0,0,0
44,18,10,0,0,0,0
44,19,0,0,0,0,0
44,20,0,1,1,31.21,31.21
44,21,20,0,0,0,0
44,22,0,0,0,0,0
44,23,0,0,0,0,0
44,24,0,0,0,0,0
44,25,20,0,0,0,0
45,1,0,0,0,0,0
45,2,0,0,0,0,0
45,3,0,0,0,0,0
45,4,10,0,0,0,0
45,5,0,0,0,0,0
45,6,15,0,0,0,0
45,7,0,0,0,0,0
45,8,10,0,0,0,0
45,9,0,0,0,0,0
45,10,20,0,0,0,0
45,11,0,0,0,0,0
45,12,0,0,0,0,0
45,13,5,0,0,0,0
45,14,0,0,0,0,0
45,15,0,0,0,0,0
45,16,0,0,0,0,0
45,17,0,0,0,0,0
45,18,10,0,0,0,0
45,19,0,0,0,0,0
45,20,0,0,0,0,0
45,21,20,1,2,9.73,19.46
45,22,0,0,0,0,0
45,23,0,0,0,0,0
45,24,0,0,0,0,0
45,25,20,0,0,0,0
46,1,0,0,0,0,0
46,2,0,0,0,0,0
46,3,0,0,0,0,0
46,4,10,0,0,0,0
46,5,0,0,0,0,0
46,6,15,0,0,0,0
46,7,0,0,0,0,0
46,8,10,0,0,0,0
46,9,0,0,0,0,0
46,10,20,0,0,0,0
46,11,0,0,0,0,0
46,12,0,0,0,0,0
46,13,5,0,0,0,0
46,14,0,0,0,0,0
46,15,0,0,0,0,0
46,16,0,0,0,0,0
46,17,0,0,0,0,0
46,18,10,0,0,0,0
46,19,0,0,0,0,0
46,20,0,0,0,0,0
46,21,20,0,0,0,0
46,22,0,0,0,0,0
46,23,0,0,0,0,0
46,24,0,0,0,0,0
46,25,20,0,0,0,0
47,1,0,0,0,0,0
47,2,0,0,0,0,0
47,3,0,0,0,0,0
47,4,10,0,0,0,0
47,5,0,0,0,0,0
47,6,15,0,0,0,0
47,7,0,0,0,0,0
47,8,10,0,0,0,0
47,9,0,0,0,0,0
47,10,20,0,0,0,0
47,11,0,0,0,0,0
47,12,0,0,0,0,0
47,13,5,0,0,0,0
47,14,0,0,0,0,0
47,15,0,0,0,0,0
47,16,0,0,0,0,0
47,17,0,0,0,0,0
47,18,10,0,0,0,0
47,19,0,0,0,0,0
47,20,0,0,0,0,0
47,21,20,0,0,0,0
47,22,0,0,0,0,0
47,23,0,0,0,0,0
47,24,0,0,0,0,0
47,25,20,0,0,0,0
48,1,0,0,0,0,0
48,2,0,0,0,0,0
48,3,0,0,0,0,0
48,4,10,0,0,0,0
48,5,0,0,0,0,0
48,6,15,0,0,0,0
48,7,0,0,0,0,0
48,8,10,0,0,0,0
48,9,0,0,0,0,0
48,10,20,1,2,31.11,62.22
48,11,0,0,0,0,0
48,12,0,0,0,0,0
48,13,5,0,0,0,0
48,14,0,0,0,0,0
48,15,0,0,0,0,0
48,16,0,0,0,0,0
48,17,0,0,0,0,0
48,18,10,0,0,0,0
48,19,0,0,0,0,0
48,20,0,0,0,0,0
48,21,20,0,0,0,0
48,22,0,0,0,0,0
48,23,0,0,0,0,0
48,24,0,0,0,0,0
48,25,20,0,0,0,0
49,1,0,0,0,0,0
49,2,0,0,0,0,0
49,3,0,0,0,0,0
49,4,10,0,0,0,0
49,5,0,0,0,0,0
49,6,15,0,0,0,0
49,7,0,0,0,0,0
49,8,10,0,0,0,0
49,9,0,0,0,0,0
49,10,20,0,0,0,0
49,11,0,0,0,0,0
49,12,0,0,0,0,0
49,13,5,0,0,0,0
49,14,0,0,0,0,0
49,15,0,0,0,0,0
49,16,0,0,0,0,0
49,17,0,0,0,0,0
49,18,10,0,0,0,0
49,19,0,0,0,0,0
49,20,0,0,0,0,0
49,21,20,0,0,0,0
49,22,0,0,0,0,0
49,23,0,0,0,0,0
49,24,0,0,0,0,0
49,25,20,0,0,0,0
50,1,0,0,0,0,0
50,2,0,0,0,0,0
50,3,0,0,0,0,0
50,4,10,0,0,0,0
50,5,0,0,0,0,0
50,6,15,0,0,0,0
50,7,0,0,0,0,0
50,8,10,0,0,0,0
50,9,0,0,0,0,0
50,10,20,0,0,0,0
50,11,0,0,0,0,0
50,12,0,0,0,0,0
50,13,5,0,0,0,0
50,14,0,0,0,0,0
50,15,0,0,0,0,0
50,16,0,0,0,0,0
50,17,0,0,0,0,0
50,18,10,0,0,0,0
50,19,0,0,0,0,0
50,20,0,0,0,0,0
50,21,20,1,3,57.59,172.77
50,22,0,0,0,0,0
50,23,0,0,0,0,0
50,24,0,0,0,0,0
50,25,20,0,0,0,0
51,1,0,0,0,0,0
51,2,0,0,0,0,0
51,3,0,0,0,0,0
51,4,10,0,0,0,0
51,5,0,0,0,0,0
51,6,15,1,0,0,0
51,7,0,0,0,0,0
51,8,10,0,0,0,0
51,9,0,0,0,0,0
51,10,20,0,0,0,0
51,11,0,0,0,0,0
51,12,0,0,0,0,0
51,13,5,0,0,0,0
51,14,0,0,0,0,0
51,15,0,0,0,0,0
51,16,0,0,0,0,0
51,17,0,0,0,0,0
51,18,10,0,0,0,0
51,19,0,0,0,0,0
51,20,0,0,0,0,0
51,21,20,1,0,0,0
51,22,0,0,0,0,0
51,23,0,0,0,0,0
51,24,0,0,0,0,0
51,25,20,0,0,0,0
52,1,0,0,0,0,0
52,2,0,0,0,0,0
52,3,0,0,0,0,0
52,4,10,0,0,0,0
52,5,0,0,0,0,0
52,6,15,0,0,0,0
52,7,0,0,0,0,0
52,8,10,0,0,0,0
52,9,0,0,0,0,0
52,10,20,0,0,0,0
52,11,0,0,0,0,0
52,12,0,0,0,0,0
52,13,5,0,0,0,0
52,14,0,0,0,0,0
52,15,0,0,0,0,0
52,16,0,0,0,0,0
52,17,0,0,0,0,0
52,18,10,0,0,0,0
52,19,0,0,0,0,0
52,20,0,0,0,0,0
52,21,20,0,0,0,0
52,22,0,0,0,0,0
52,23,0,0,0,0,0
52,24,0,0,0,0,0
52,25,20,0,0,0,0
53,1,0,0,0,0,0
53,2,0,0,0,0,0
53,3,0,0,0,0,0
53,4,10,0,0,0,0
53,5,0,0,0,0,0
53,6,15,0,0,0,0
53,7,0,0,0,0,0
53,8,10,0,0,0,0
53,9,0,0,0,0,0
53,10,20,1,1,39.19,39.19
53,11,0,0,0,0,0
53,12,0,0,0,0,0
53,13,5,0,0,0,0
53,14,0,0,0,0,0
53,15,0,0,0,0,0
53,16,0,0,0,0,0
53,17,0,0,0,0,0
53,18,10,0,0,0,0
53,19,0,0,0,0,0
53,20,0,0,0,0,0
53,21,20,0,0,0,0
53,22,0,0,0,0,0
53,23,0,0,0,0,0
53,24,0,1,18,66,1188
53,25,20,0,0,0,0
54,1,0,0,0,0,0
54,2,0,0,0,0,0
54,3,0,0,0,0,0
54,4,10,0,0,0,0
54,5,0,0,0,0,0
54,6,15,0,0,0,0
54,7,0,0,0,0,0
54,8,10,0,0,0,0
54,9,0,0,0,0,0
54,10,20,0,0,0,0
54,11,0,0,0,0,0
54,12,0,0,0,0,0
54,13,5,0,0,0,0
54,14,0,0,0,0,0
54,15,0,0,0,0,0
54,16,0,0,0,0,0
54,17,0,0,0,0,0
54,18,10,0,0,0,0
54,19,0,0,0,0,0
54,20,0,0,0,0,0
54,21,20,0,0,0,0
54,22,0,0,0,0,0
54,23,0,0,0,0,0
54,24,0,0,0,0,0
54,25,20,1,1,33.91,33.91
55,1,0,0,0,0,0
55,2,0,0,0,0,0
55,3,0,0,0,0,0
55,4,10,0,0,0,0
55,5,0,0,0,0,0
55,6,15,1,2,60.12,120.24
55,7,0,0,0,0,0
55,8,10,0,0,0,0
55,9,0,0,0,0,0
55,10,20,0,0,0,0
55,11,0,0,0,0,0
55,12,0,0,0,0,0
55,13,5,0,0,0,0
55,14,0,0,0,0,0
55,15,0,0,0,0,0
55,16,0,0,0,0,0
55,17,0,0,0,0,0
55,18,10,0,0,0,0
55,19,0,0,0,0,0
55,20,0,0,0,0,0
55,21,20,0,0,0,0
55,22,0,0,0,0,0
55,23,0,0,0,0,0
55,24,0,0,0,0,0
55,25,20,0,0,0,0
56,1,0,0,0,0,0
56,2,0,0,0,0,0
56,3,0,0,0,0,0
56,4,10,0,0,0,0
56,5,0,0,0,0,0
56,6,15,0,0,0,0
56,7,0,0,0,0,0
56,8,10,0,0,0,0
56,9,0,0,0,0,0
56,10,20,0,0,0,0
56,11,0,0,0,0,0
56,12,0,0,0,0,0
56,13,5,0,0,0,0
56,14,0,0,0,0,0
56,15,0,0,0,0,0
56,16,0,0,0,0,0
56,17,0,0,0,0,0
56,18,10,0,0,0,0
56,19,0,0,0,0,0
56,20,0,0,0,0,0
56,21,20,0,0,0,0
56,22,0,0,0,0,0
56,23,0,0,0,0,0
56,24,0,0,0,0,0
56,25,20,0,0,0,0
57,1,0,0,0,0,0
57,2,0,0,0,0,0
57,3,0,0,0,0,0
57,4,10,0,0,0,0
57,5,0,0,0,0,0
57,6,15,0,0,0,0
57,7,0,0,0,0,0
57,8,10,0,0,0,0
57,9,0,0,0,0,0
57,10,20,0,0,0,0
57,11,0,0,0,0,0
57,12,0,0,0,0,0
57,13,5,0,0,0,0
57,14,0,0,0,0,0
57,15,0,0,0,0,0
57,16,0,0,0,0,0
57,17,0,0,0,0,0
57,18,10,0,0,0,0
57,19,0,0,0,0,0
57,20,0,0,0,0,0
57,21,20,1,0,0,0
57,22,0,0,0,0,0
57,23,0,0,0,0,0
57,24,0,0,0,0,0
57,25,20,0,0,0,0
58,1,0,0,0,0,0
58,2,0,0,0,0,0
58,3,0,0,0,0,0
58,4,10,0,0,0,0
58,5,0,0,0,0,0
58,6,15,0,0,0,0
58,7,0,0,0,0,0
58,8,10,0,0,0,0
58,9,0,0,0,0,0
58,10,20,0,0,0,0
58,11,0,0,0,0,0
58,12,0,0,0,0,0
58,13,5,0,0,0,0
58,14,0,0,0,0,0
58,15,0,0,0,0,0
58,16,0,0,0,0,0
58,17,0,0,0,0,0
58,18,10,0,0,0,0
58,19,0,0,0,0,0
58,20,0,0,0,0,0
58,21,20,0,0,0,0
58,22,0,0,0,0,0
58,23,0,0,0,0,0
58,24,0,0,0,0,0
58,25,20,0,0,0,0
59,1,0,0,0,0,0
59,2,0,0,0,0,0
59,3,0,0,0,0,0
59,4,10,0,0,0,0
59,5,0,0,0,0,0
59,6,15,0,0,0,0
59,7,0,0,0,0,0
59,8,10,0,0,0,0
59,9,0,0,0,0,0
59,10,20,1,2,72.79,145.58
59,11,0,0,0,0,0
59,12,0,0,0,0,0
59,13,5,0,0,0,0
59,14,0,0,0,0,0
59,15,0,0,0,0,0
59,16,0,0,0,0,0
59,17,0,0,0,0,0
59,18,10,0,0,0,0
59,19,0,0,0,0,0
59,20,0,0,0,0,0
59,21,20,1,4,73.14,292.56
59,22,0,0,0,0,0
59,23,0,0,0,0,0
59,24,0,0,0,0,0
59,25,20,0,0,0,0
60,1,0,0,0,0,0
60,2,0,0,0,0,0
60,3,0,0,0,0,0
60,4,10,0,0,0,0
60,5,0,0,0,0,0
60,6,15,1,1,62.73,62.73
60,7,0,0,0,0,0
60,8,10,0,0,0,0
60,9,0,0,0,0,0
60,10,20,0,0,0,0
60,11,0,0,0,0,0
60,12,0,0,0,0,0
60,13,5,0,0,0,0
60,14,0,0,0,0,0
60,15,0,0,0,0,0
60,16,0,0,0,0,0
60,17,0,0,0,0,0
60,18,10,0,0,0,0
60,19,0,0,0,0,0
60,20,0,0,0,0,0
60,21,20,0,0,0,0
60,22,0,0,0,0,0
60,23,0,1,0,0,0
60,24,0,1,1,35.84,35.84
60,25,20,0,0,0,0
61,1,0,0,0,0,0
61,2,0,0,0,0,0
61,3,0,0,0,0,0
61,4,10,0,0,0,0
61,5,0,0,0,0,0
61,6,15,0,0,0,0
61,7,0,0,0,0,0
61,8,10,0,0,0,0
61,9,0,0,0,0,0
61,10,20,0,0,0,0
61,11,0,0,0,0,0
61,12,0,0,0,0,0
61,13,5,0,0,0,0
61,14,0,0,0,0,0
61,15,0,0,0,0,0
61,16,0,0,0,0,0
61,17,0,0,0,0,0
61,18,10,0,0,0,0
61,19,0,0,0,0,0
61,20,0,0,0,0,0
61,21,20,0,0,0,0
61,22,0,0,0,0,0
61,23,0,0,0,0,0
61,24,0,0,0,0,0
61,25,20,0,0,0,0
62,1,0,0,0,0,0
62,2,0,0,0,0,0
62,3,0,0,0,0,0
62,4,10,0,0,0,0
62,5,0,0,0,0,0
62,6,15,1,2,60.11,120.22
62,7,0,0,0,0,0
62,8,10,0,0,0,0
62,9,0,0,0,0,0
62,10,20,0,0,0,0
62,11,0,0,0,0,0
62,12,0,0,0,0,0
62,13,5,0,0,0,0
62,14,0,0,0,0,0
62,15,0,0,0,0,0
62,16,0,0,0,0,0
62,17,0,0,0,0,0
62,18,10,0,0,0,0
62,19,0,0,0,0,0
62,20,0,0,0,0,0
62,21,20,0,0,0,0
62,22,0,0,0,0,0
62,23,0,0,0,0,0
62,24,0,0,0,0,0
62,25,20,0,0,0,0
63,1,0,0,0,0,0
63,2,0,0,0,0,0
63,3,0,0,0,0,0
63,4,10,0,0,0,0
63,5,0,0,0,0,0
63,6,15,0,0,0,0
63,7,0,0,0,0,0
63,8,10,0,0,0,0
63,9,0,0,0,0,0
63,10,20,1,2,30.67,61.34
63,11,0,0,0,0,0
63,12,0,0,0,0,0
63,13,5,0,0,0,0
63,14,0,0,0,0,0
63,15,0,0,0,0,0
63,16,0,0,0,0,0
63,17,0,0,0,0,0
63,18,10,0,0,0,0
63,19,0,0,0,0,0
63,20,0,0,0,0,0
63,21,20,1,0,0,0
63,22,0,0,0,0,0
63,23,0,0,0,0,0
63,24,0,0,0,0,0
63,25,20,0,0,0,0
64,1,0,0,0,0,0
64,2,0,0,0,0,0
64,3,0,0,0,0,0
64,4,10,0,0,0,0
64,5,0,0,0,0,0
64,6,15,0,0,0,0
64,7,0,0,0,0,0
64,8,10,0,0,0,0
64,9,0,0,0,0,0
64,10,20,0,0,0,0
64,11,0,0,0,0,0
64,12,0,0,0,0,0
64,13,5,0,0,0,0
64,14,0,0,0,0,0
64,15,0,0,0,0,0
64,16,0,0,0,0,0
64,17,0,0,0,0,0
64,18,10,0,0,0,0
64,19,0,0,0,0,0
64,20,0,0,0,0,0
64,21,20,0,0,0,0
64,22,0,0,0,0,0
64,23,0,0,0,0,0
64,24,0,0,0,0,0
64,25,20,0,0,0,0
65,1,0,0,0,0,0
65,2,0,0,0,0,0
65,3,0,0,0,0,0
65,4,10,0,0,0,0
65,5,0,0,0,0,0
65,6,15,0,0,0,0
65,7,0,0,0,0,0
65,8,10,0,0,0,0
65,9,0,0,0,0,0
65,10,20,0,0,0,0
65,11,0,0,0,0,0
65,12,0,0,0,0,0
65,13,5,0,0,0,0
65,14,0,0,0,0,0
65,15,0,0,0,0,0
65,16,0,0,0,0,0
65,17,0,0,0,0,0
65,18,10,0,0,0,0
65,19,0,0,0,0,0
65,20,0,0,0,0,0
65,21,20,0,0,0,0
65,22,0,0,0,0,0
65,23,0,0,0,0,0
65,24,0,0,0,0,0
65,25,20,1,1,41.56,41.56
66,1,0,0,0,0,0
66,2,0,0,0,0,0
66,3,0,0,0,0,0
66,4,10,0,0,0,0
66,5,0,0,0,0,0
66,6,15,0,0,0,0
66,7,0,0,0,0,0
66,8,10,0,0,0,0
66,9,0,0,0,0,0
66,10,20,0,0,0,0
66,11,0,0,0,0,0
66,12,0,0,0,0,0
66,13,5,0,0,0,0
66,14,0,0,0,0,0
66,15,0,0,0,0,0
66,16,0,0,0,0,0
66,17,0,0,0,0,0
66,18,10,0,0,0,0
66,19,0,0,0,0,0
66,20,0,0,0,0,0
66,21,20,0,0,0,0
66,22,0,0,0,0,0
66,23,0,0,0,0,0
66,24,0,0,0,0,0
66,25,20,0,0,0,0
67,1,0,0,0,0,0
67,2,0,0,0,0,0
67,3,0,0,0,0,0
67,4,10,0,0,0,0
67,5,0,0,0,0,0
67,6,15,0,0,0,0
67,7,0,0,0,0,0
67,8,10,0,0,0,0
67,9,0,0,0,0,0
67,10,20,0,0,0,0
67,11,0,0,0,0,0
67,12,0,0,0,0,0
67,13,5,1,7,59.45,416.15
67,14,0,0,0,0,0
67,15,0,0,0,0,0
67,16,0,0,0,0,0
67,17,0,0,0,0,0
67,18,10,1,2,39.46,78.92
67,19,0,0,0,0,0
67,20,0,0,0,0,0
67,21,20,0,0,0,0
67,22,0,0,0,0,0
67,23,0,0,0,0,0
67,24,0,0,0,0,0
67,25,20,0,0,0,0
68,1,0,0,0,0,0
68,2,0,0,0,0,0
68,3,0,0,0,0,0
68,4,10,0,0,0,0
68,5,0,0,0,0,0
68,6,15,0,0,0,0
68,7,0,0,0,0,0
68,8,10,0,0,0,0
68,9,0,0,0,0,0
68,10,20,0,0,0,0
68,11,0,0,0,0,0
68,12,0,0,0,0,0
68,13,5,0,0,0,0
68,14,0,0,0,0,0
68,15,0,0,0,0,0
68,16,0,0,0,0,0
68,17,0,0,0,0,0
68,18,10,0,0,0,0
68,19,0,0,0,0,0
68,20,0,0,0,0,0
68,21,20,0,0,0,0
68,22,0,0,0,0,0
68,23,0,0,0,0,0
68,24,0,0,0,0,0
68,25,20,0,0,0,0
69,1,0,0,0,0,0
69,2,0,0,0,0,0
69,3,0,0,0,0,0
69,4,10,0,0,0,0
69,5,0,0,0,0,0
69,6,15,0,0,0,0
69,7,0,0,0,0,0
69,8,10,0,0,0,0
69,9,0,0,0,0,0
69,10,20,1,0,0,0
69,11,0,0,0,0,0
69,12,0,0,0,0,0
69,13,5,0,0,0,0
69,14,0,0,0,0,0
69,15,0,0,0,0,0
69,16,0,0,0,0,0
69,17,0,0,0,0,0
69,18,10,0,0,0,0
69,19,0,0,0,0,0
69,20,0,0,0,0,0
69,21,20,0,0,0,0
69,22,0,0,0,0,0
69,23,0,0,0,0,0
69,24,0,0,0,0,0
69,25,20,0,0,0,0
70,1,0,0,0,0,0
70,2,0,0,0,0,0
70,3,0,0,0,0,0
70,4,10,0,0,0,0
70,5,0,0,0,0,0
70,6,15,1,0,0,0
70,7,0,0,0,0,0
70,8,10,0,0,0,0
70,9,0,0,0,0,0
70,10,20,0,0,0,0
70,11,0,0,0,0,0
70,12,0,0,0,0,0
70,13,5,0,0,0,0
70,14,0,0,0,0,0
70,15,0,0,0,0,0
70,16,0,0,0,0,0
70,17,0,0,0,0,0
70,18,10,0,0,0,0
70,19,0,0,0,0,0
70,20,0,0,0,0,0
70,21,20,0,0,0,0
70,22,0,0,0,0,0
70,23,0,0,0,0,0
70,24,0,0,0,0,0
70,25,20,0,0,0,0
71,1,0,0,0,0,0
71,2,0,0,0,0,0
71,3,0,0,0,0,0
71,4,10,0,0,0,0
71,5,0,0,0,0,0
71,6,15,0,0,0,0
71,7,0,0,0,0,0
71,8,10,0,0,0,0
71,9,0,0,0,0,0
71,10,20,0,0,0,0
71,11,0,0,0,0,0
71,12,0,0,0,0,0
71,13,5,0,0,0,0
71,14,0,0,0,0,0
71,15,0,0,0,0,0
71,16,0,0,0,0,0
71,17,0,0,0,0,0
71,18,10,0,0,0,0
71,19,0,0,0,0,0
71,20,0,0,0,0,0
71,21,20,0,0,0,0
71,22,0,0,0,0,0
71,23,0,0,0,0,0
71,24,0,0,0,0,0
71,25,20,0,0,0,0
72,1,0,0,0,0,0
72,2,0,0,0,0,0
72,3,0,0,0,0,0
72,4,10,0,0,0,0
72,5,0,0,0,0,0
72,6,15,0,0,0,0
72,7,0,0,0,0,0
72,8,10,0,0,0,0
72,9,0,0,0,0,0
72,10,20,1,3,66.18,198.54
72,11,0,0,0,0,0
72,12,0,0,0,0,0
72,13,5,0,0,0,0
72,14,0,0,0,0,0
72,15,0,0,0,0,0
72,16,0,0,0,0,0
72,17,0,0,0,0,0
72,18,10,0,0,0,0
72,19,0,0,0,0,0
72,20,0,0,0,0,0
72,21,20,1,0,0,0
72,22,0,0,0,0,0
72,23,0,0,0,0,0
72,24,0,0,0,0,0
72,25,20,0,0,0,0
73,1,0,0,0,0,0
73,2,0,0,0,0,0
73,3,0,0,0,0,0
73,4,10,0,0,0,0
73,5,0,0,0,0,0
73,6,15,0,0,0,0
73,7,0,0,0,0,0
73,8,10,0,0,0,0
73,9,0,0,0,0,0
73,10,20,0,0,0,0
73,11,0,0,0,0,0
73,12,0,0,0,0,0
73,13,5,0,0,0,0
73,14,0,0,0,0,0
73,15,0,0,0,0,0
73,16,0,0,0,0,0
73,17,0,0,0,0,0
73,18,10,1,0,0,0
73,19,0,0,0,0,0
73,20,0,0,0,0,0
73,21,20,0,0,0,0
73,22,0,0,0,0,0
73,23,0,0,0,0,0
73,24,0,0,0,0,0
73,25,20,0,0,0,0
74,1,0,0,0,0,0
74,2,0,0,0,0,0
74,3,0,0,0,0,0
74,4,10,0,0,0,0
74,5,0,0,0,0,0
74,6,15,0,0,0,0
74,7,0,0,0,0,0
74,8,10,0,0,0,0
74,9,0,0,0,0,0
74,10,20,1,2,42.81,85.62
74,11,0,0,0,0,0
74,12,0,0,0,0,0
74,13,5,0,0,0,0
74,14,0,1,0,0,0
74,15,0,0,0,0,0
74,16,0,0,0,0,0
74,17,0,0,0,0,0
74,18,10,0,0,0,0
74,19,0,0,0,0,0
74,20,0,0,0,0,0
74,21,20,0,0,0,0
74,22,0,0,0,0,0
74,23,0,0,0,0,0
74,24,0,0,0,0,0
74,25,20,0,0,0,0
75,1,0,0,0,0,0
75,2,0,0,0,0,0
75,3,0,0,0,0,0
75,4,10,0,0,0,0
75,5,0,0,0,0,0
75,6,15,0,0,0,0
75,7,0,0,0,0,0
75,8,10,0,0,0,0
75,9,0,0,0,0,0
75,10,20,0,0,0,0
75,11,0,0,0,0,0
75,12,0,0,0,0,0
75,13,5,0,0,0,0
75,14,0,0,0,0,0
75,15,0,0,0,0,0
75,16,0,0,0,0,0
75,17,0,0,0,0,0
75,18,10,0,0,0,0
75,19,0,0,0,0,0
75,20,0,0,0,0,0
75,21,20,0,0,0,0
75,22,0,1,1,42.53,42.53
75,23,0,0,0,0,0
75,24,0,0,0,0,0
75,25,20,0,0,0,0
76,1,0,0,0,0,0
76,2,0,0,0,0,0
76,3,0,0,0,0,0
76,4,10,0,0,0,0
76,5,0,0,0,0,0
76,6,15,0,0,0,0
76,7,0,0,0,0,0
76,8,10,1,0,0,0
76,9,0,0,0,0,0
76,10,20,0,0,0,0
76,11,0,0,0,0,0
76,12,0,0,0,0,0
76,13,5,0,0,0,0
76,14,0,0,0,0,0
76,15,0,0,0,0,0
76,16,0,0,0,0,0
76,17,0,0,0,0,0
76,18,10,0,0,0,0
76,19,0,0,0,0,0
76,20,0,0,0,0,0
76,21,20,0,0,0,0
76,22,0,0,0,0,0
76,23,0,0,0,0,0
76,24,0,0,0,0,0
76,25,20,0,0,0,0
77,1,0,0,0,0,0
77,2,0,0,0,0,0
77,3,0,0,0,0,0
77,4,10,0,0,0,0
77,5,0,0,0,0,0
77,6,15,0,0,0,0
77,7,0,0,0,0,0
77,8,10,0,0,0,0
77,9,0,0,0,0,0
77,10,20,0,0,0,0
77,11,0,0,0,0,0
77,12,0,0,0,0,0
77,13,5,0,0,0,0
77,14,0,0,0,0,0
77,15,0,0,0,0,0
77,16,0,0,0,0,0
77,17,0,0,0,0,0
77,18,10,0,0,0,0
77,19,0,0,0,0,0
77,20,0,0,0,0,0
77,21,20,0,0,0,0
77,22,0,0,0,0,0
77,23,0,0,0,0,0
77,24,0,0,0,0,0
77,25,20,0,0,0,0
78,1,0,0,0,0,0
78,2,0,0,0,0,0
78,3,0,0,0,0,0
78,4,10,0,0,0,0
78,5,0,0,0,0,0
78,6,15,0,0,0,0
78,7,0,0,0,0,0
78,8,10,0,0,0,0
78,9,0,0,0,0,0
78,10,20,0,0,0,0
78,11,0,0,0,0,0
78,12,0,0,0,0,0
78,13,5,0,0,0,0
78,14,0,0,0,0,0
78,15,0,0,0,0,0
78,16,0,0,0,0,0
78,17,0,0,0,0,0
78,18,10,0,0,0,0
78,19,0,0,0,0,0
78,20,0,0,0,0,0
78,21,20,0,0,0,0
78,22,0,0,0,0,0
78,23,0,0,0,0,0
78,24,0,0,0,0,0
78,25,20,1,0,0,0
79,1,0,0,0,0,0
79,2,0,0,0,0,0
79,3,0,0,0,0,0
79,4,10,0,0,0,0
79,5,0,0,0,0,0
79,6,15,0,0,0,0
79,7,0,0,0,0,0
79,8,10,0,0,0,0
79,9,0,0,0,0,0
79,10,20,1,4,48.92,195.68
79,11,0,0,0,0,0
79,12,0,0,0,0,0
79,13,5,0,0,0,0
79,14,0,0,0,0,0
79,15,0,0,0,0,0
79,16,0,0,0,0,0
79,17,0,0,0,0,0
79,18,10,0,0,0,0
79,19,0,0,0,0,0
79,20,0,0,0,0,0
79,21,20,0,0,0,0
79,22,0,0,0,0,0
79,23,0,0,0,0,0
79,24,0,0,0,0,0
79,25,20,0,0,0,0
80,1,0,0,0,0,0
80,2,0,0,0,0,0
80,3,0,0,0,0,0
80,4,10,0,0,0,0
80,5,0,0,0,0,0
80,6,15,0,0,0,0
80,7,0,0,0,0,0
80,8,10,0,0,0,0
80,9,0,0,0,0,0
80,10,20,1,0,0,0
80,11,0,0,0,0,0
80,12,0,0,0,0,0
80,13,5,0,0,0,0
80,14,0,0,0,0,0
80,15,0,0,0,0,0
80,16,0,0,0,0,0
80,17,0,0,0,0,0
80,18,10,0,0,0,0
80,19,0,0,0,0,0
80,20,0,0,0,0,0
80,21,20,0,0,0,0
80,22,0,0,0,0,0
80,23,0,0,0,0,0
80,24,0,0,0,0,0
80,25,20,0,0,0,0
81,1,0,0,0,0,0
81,2,0,0,0,0,0
81,3,0,1,1,45.16,45.16
81,4,10,0,0,0,0
81,5,0,0,0,0,0
81,6,15,0,0,0,0
81,7,0,0,0,0,0
81,8,10,0,0,0,0
81,9,0,0,0,0,0
81,10,20,0,0,0,0
81,11,0,0,0,0,0
81,12,0,0,0,0,0
81,13,5,0,0,0,0
81,14,0,0,0,0,0
81,15,0,0,0,0,0
81,16,0,0,0,0,0
81,17,0,0,0,0,0
81,18,10,0,0,0,0
81,19,0,0,0,0,0
81,20,0,0,0,0,0
81,21,20,0,0,0,0
81,22,0,0,0,0,0
81,23,0,0,0,0,0
81,24,0,0,0,0,0
81,25,20,0,0,0,0
82,1,0,0,0,0,0
82,2,0,0,0,0,0
82,3,0,0,0,0,0
82,4,10,0,0,0,0
82,5,0,0,0,0,0
82,6,15,0,0,0,0
82,7,0,0,0,0,0
82,8,10,0,0,0,0
82,9,0,0,0,0,0
82,10,20,0,0,0,0
82,11,0,0,0,0,0
82,12,0,0,0,0,0
82,13,5,0,0,0,0
82,14,0,0,0,0,0
82,15,0,0,0,0,0
82,16,0,0,0,0,0
82,17,0,0,0,0,0
82,18,10,0,0,0,0
82,19,0,0,0,0,0
82,20,0,0,0,0,0
82,21,20,0,0,0,0
82,22,0,1,0,0,0
82,23,0,0,0,0,0
82,24,0,0,0,0,0
82,25,20,0,0,0,0
83,1,0,0,0,0,0
83,2,0,0,0,0,0
83,3,0,0,0,0,0
83,4,10,0,0,0,0
83,5,0,0,0,0,0
83,6,15,0,0,0,0
83,7,0,0,0,0,0
83,8,10,0,0,0,0
83,9,0,0,0,0,0
83,10,20,0,0,0,0
83,11,0,0,0,0,0
83,12,0,0,0,0,0
83,13,5,0,0,0,0
83,14,0,0,0,0,0
83,15,0,0,0,0,0
83,16,0,0,0,0,0
83,17,0,0,0,0,0
83,18,10,0,0,0,0
83,19,0,0,0,0,0
83,20,0,0,0,0,0
83,21,20,0,0,0,0
83,22,0,0,0,0,0
83,23,0,0,0,0,0
83,24,0,0,0,0,0
83,25,20,0,0,0,0
84,1,0,0,0,0,0
84,2,0,0,0,0,0
84,3,0,0,0,0,0
84,4,10,0,0,0,0
84,5,0,0,0,0,0
84,6,15,0,0,0,0
84,7,0,0,0,0,0
84,8,10,0,0,0,0
84,9,0,0,0,0,0
84,10,20,0,0,0,0
84,11,0,0,0,0,0
84,12,0,0,0,0,0
84,13,5,0,0,0,0
84,14,0,0,0,0,0
84,15,0,0,0,0,0
84,16,0,0,0,0,0
84,17,0,0,0,0,0
84,18,10,0,0,0,0
84,19,0,0,0,0,0
84,20,0,0,0,0,0
84,21,20,0,0,0,0
84,22,0,0,0,0,0
84,23,0,0,0,0,0
84,24,0,0,0,0,0
84,25,20,0,0,0,0
85,1,0,0,0,0,0
85,2,0,0,0,0,0
85,3,0,0,0,0,0
85,4,10,0,0,0,0
85,5,0,0,0,0,0
85,6,15,0,0,0,0
85,7,0,0,0,0,0
85,8,10,0,0,0,0
85,9,0,0,0,0,0
85,10,20,0,0,0,0
85,11,0,0,0,0,0
85,12,0,0,0,0,0
85,13,5,0,0,0,0
85,14,0,0,0,0,0
85,15,0,0,0,0,0
85,16,0,0,0,0,0
85,17,0,0,0,0,0
85,18,10,0,0,0,0
85,19,0,0,0,0,0
85,20,0,0,0,0,0
85,21,20,0,0,0,0
85,22,0,0,0,0,0
85,23,0,0,0,0,0
85,24,0,0,0,0,0
85,25,20,0,0,0,0
86,1,0,0,0,0,0
86,2,0,0,0,0,0
86,3,0,0,0,0,0
86,4,10,0,0,0,0
86,5,0,0,0,0,0
86,6,15,0,0,0,0
86,7,0,0,0,0,0
86,8,10,0,0,0,0
86,9,0,0,0,0,0
86,10,20,0,0,0,0
86,11,0,0,0,0,0
86,12,0,0,0,0,0
86,13,5,0,0,0,0
86,14,0,0,0,0,0
86,15,0,0,0,0,0
86,16,0,0,0,0,0
86,17,0,0,0,0,0
86,18,10,0,0,0,0
86,19,0,0,0,0,0
86,20,0,0,0,0,0
86,21,20,0,0,0,0
86,22,0,0,0,0,0
86,23,0,0,0,0,0
86,24,0,0,0,0,0
86,25,20,0,0,0,0
87,1,0,0,0,0,0
87,2,0,0,0,0,0
87,3,0,0,0,0,0
87,4,10,0,0,0,0
87,5,0,0,0,0,0
87,6,15,0,0,0,0
87,7,0,0,0,0,0
87,8,10,0,0,0,0
87,9,0,0,0,0,0
87,10,20,0,0,0,0
87,11,0,0,0,0,0
87,12,0,0,0,0,0
87,13,5,0,0,0,0
87,14,0,0,0,0,0
87,15,0,0,0,0,0
87,16,0,0,0,0,0
87,17,0,0,0,0,0
87,18,10,0,0,0,0
87,19,0,0,0,0,0
87,20,0,0,0,0,0
87,21,20,0,0,0,0
87,22,0,0,0,0,0
87,23,0,0,0,0,0
87,24,0,0,0,0,0
87,25,20,0,0,0,0
88,1,0,0,0,0,0
88,2,0,0,0,0,0
88,3,0,0,0,0,0
88,4,10,0,0,0,0
88,5,0,0,0,0,0
88,6,15,0,0,0,0
88,7,0,0,0,0,0
88,8,10,0,0,0,0
88,9,0,0,0,0,0
88,10,20,0,0,0,0
88,11,0,0,0,0,0
88,12,0,0,0,0,0
88,13,5,0,0,0,0
88,14,0,0,0,0,0
88,15,0,0,0,0,0
88,16,0,0,0,0,0
88,17,0,0,0,0,0
88,18,10,0,0,0,0
88,19,0,0,0,0,0
88,20,0,0,0,0,0
88,21,20,0,0,0,0
88,22,0,0,0,0,0
88,23,0,0,0,0,0
88,24,0,0,0,0,0
88,25,20,0,0,0,0
89,1,0,0,0,0,0
89,2,0,0,0,0,0
89,3,0,0,0,0,0
89,4,10,0,0,0,0
89,5,0,0,0,0,0
89,6,15,0,0,0,0
89,7,0,0,0,0,0
89,8,10,0,0,0,0
89,9,0,0,0,0,0
89,10,20,0,0,0,0
89,11,0,0,0,0,0
89,12,0,0,0,0,0
89,13,5,0,0,0,0
89,14,0,0,0,0,0
89,15,0,0,0,0,0
89,16,0,0,0,0,0
89,17,0,0,0,0,0
89,18,10,0,0,0,0
89,19,0,0,0,0,0
89,20,0,0,0,0,0
89,21,20,0,0,0,0
89,22,0,0,0,0,0
89,23,0,0,0,0,0
89,24,0,0,0,0,0
89,25,20,0,0,0,0
90,1,0,0,0,0,0
90,2,0,0,0,0,0
90,3,0,0,0,0,0
90,4,10,0,0,0,0
90,5,0,0,0,0,0
90,6,15,0,0,0,0
90,7,0,0,0,0,0
90,8,10,1,3,70.5,211.5
90,9,0,0,0,0,0
90,10,20,1,1,48,48
90,11,0,0,0,0,0
90,12,0,0,0,0,0
90,13,5,0,0,0,0
90,14,0,0,0,0,0
90,15,0,0,0,0,0
90,16,0,0,0,0,0
90,17,0,0,0,0,0
90,18,10,0,0,0,0
90,19,0,0,0,0,0
90,20,0,0,0,0,0
90,21,20,0,0,0,0
90,22,0,0,0,0,0
90,23,0,0,0,0,0
90,24,0,0,0,0,0
90,25,20,0,0,0,0
91,1,0,0,0,0,0
91,2,0,0,0,0,0
91,3,0,0,0,0,0
91,4,10,0,0,0,0
91,5,0,0,0,0,0
91,6,15,0,0,0,0
91,7,0,0,0,0,0
91,8,10,0,0,0,0
91,9,0,0,0,0,0
91,10,20,1,2,98.63,197.26
91,11,0,0,0,0,0
91,12,0,0,0,0,0
91,13,5,0,0,0,0
91,14,0,0,0,0,0
91,15,0,0,0,0,0
91,16,0,0,0,0,0
91,17,0,0,0,0,0
91,18,10,0,0,0,0
91,19,0,0,0,0,0
91,20,0,0,0,0,0
91,21,20,0,0,0,0
91,22,0,0,0,0,0
91,23,0,0,0,0,0
91,24,0,0,0,0,0
91,25,20,1,0,0,0
92,1,0,0,0,0,0
92,2,0,0,0,0,0
92,3,0,0,0,0,0
92,4,10,0,0,0,0
92,5,0,0,0,0,0
92,6,15,0,0,0,0
92,7,0,0,0,0,0
92,8,10,0,0,0,0
92,9,0,0,0,0,0
92,10,20,1,0,0,0
92,11,0,0,0,0,0
92,12,0,0,0,0,0
92,13,5,0,0,0,0
92,14,0,0,0,0,0
92,15,0,0,0,0,0
92,16,0,0,0,0,0
92,17,0,0,0,0,0
92,18,10,0,0,0,0
92,19,0,0,0,0,0
92,20,0,0,0,0,0
92,21,20,0,0,0,0
92,22,0,0,0,0,0
92,23,0,0,0,0,0
92,24,0,0,0,0,0
92,25,20,0,0,0,0
93,1,0,0,0,0,0
93,2,0,0,0,0,0
93,3,0,0,0,0,0
93,4,10,0,0,0,0
93,5,0,0,0,0,0
93,6,15,0,0,0,0
93,7,0,0,0,0,0
93,8,10,0,0,0,0
93,9,0,0,0,0,0
93,10,20,0,0,0,0
93,11,0,0,0,0,0
93,12,0,0,0,0,0
93,13,5,0,0,0,0
93,14,0,0,0,0,0
93,15,0,0,0,0,0
93,16,0,0,0,0,0
93,17,0,0,0,0,0
93,18,10,0,0,0,0
93,19,0,0,0,0,0
93,20,0,0,0,0,0
93,21,20,0,0,0,0
93,22,0,0,0,0,0
93,23,0,0,0,0,0
93,24,0,0,0,0,0
93,25,20,0,0,0,0
94,1,0,0,0,0,0
94,2,0,0,0,0,0
94,3,0,0,0,0,0
94,4,10,0,0,0,0
94,5,0,0,0,0,0
94,6,15,1,1,22.63,22.63
94,7,0,0,0,0,0
94,8,10,0,0,0,0
94,9,0,0,0,0,0
94,10,20,0,0,0,0
94,11,0,0,0,0,0
94,12,0,0,0,0,0
94,13,5,0,0,0,0
94,14,0,0,0,0,0
94,15,0,0,0,0,0
94,16,0,0,0,0,0
94,17,0,0,0,0,0
94,18,10,0,0,0,0
94,19,0,0,0,0,0
94,20,0,0,0,0,0
94,21,20,0,0,0,0
94,22,0,0,0,0,0
94,23,0,0,0,0,0
94,24,0,0,0,0,0
94,25,20,0,0,0,0
95,1,0,0,0,0,0
95,2,0,0,0,0,0
95,3,0,0,0,0,0
95,4,10,0,0,0,0
95,5,0,0,0,0,0
95,6,15,1,32,46.91,1501.12
95,7,0,0,0,0,0
95,8,10,0,0,0,0
95,9,0,0,0,0,0
95,10,20,0,0,0,0
95,11,0,0,0,0,0
95,12,0,0,0,0,0
95,13,5,0,0,0,0
95,14,0,0,0,0,0
95,15,0,0,0,0,0
95,16,0,0,0,0,0
95,17,0,0,0,0,0
95,18,10,0,0,0,0
95,19,0,0,0,0,0
95,20,0,0,0,0,0
95,21,20,0,0,0,0
95,22,0,0,0,0,0
95,23,0,0,0,0,0
95,24,0,0,0,0,0
95,25,20,0,0,0,0
96,1,0,0,0,0,0
96,2,0,0,0,0,0
96,3,0,0,0,0,0
96,4,10,0,0,0,0
96,5,0,0,0,0,0
96,6,15,0,0,0,0
96,7,0,0,0,0,0
96,8,10,0,0,0,0
96,9,0,0,0,0,0
96,10,20,0,0,0,0
96,11,0,0,0,0,0
96,12,0,0,0,0,0
96,13,5,0,0,0,0
96,14,0,0,0,0,0
96,15,0,0,0,0,0
96,16,0,0,0,0,0
96,17,0,0,0,0,0
96,18,10,0,0,0,0
96,19,0,0,0,0,0
96,20,0,0,0,0,0
96,21,20,0,0,0,0
96,22,0,0,0,0,0
96,23,0,0,0,0,0
96,24,0,0,0,0,0
96,25,20,0,0,0,0
97,1,0,0,0,0,0
97,2,0,0,0,0,0
97,3,0,0,0,0,0
97,4,10,0,0,0,0
97,5,0,0,0,0,0
97,6,15,0,0,0,0
97,7,0,0,0,0,0
97,8,10,0,0,0,0
97,9,0,0,0,0,0
97,10,20,0,0,0,0
97,11,0,0,0,0,0
97,12,0,0,0,0,0
97,13,5,0,0,0,0
97,14,0,0,0,0,0
97,15,0,0,0,0,0
97,16,0,0,0,0,0
97,17,0,0,0,0,0
97,18,10,0,0,0,0
97,19,0,0,0,0,0
97,20,0,0,0,0,0
97,21,20,0,0,0,0
97,22,0,0,0,0,0
97,23,0,0,0,0,0
97,24,0,0,0,0,0
97,25,20,1,1,39.34,39.34
98,1,0,0,0,0,0
98,2,0,0,0,0,0
98,3,0,0,0,0,0
98,4,10,0,0,0,0
98,5,0,0,0,0,0
98,6,15,0,0,0,0
98,7,0,0,0,0,0
98,8,10,0,0,0,0
98,9,0,0,0,0,0
98,10,20,0,0,0,0
98,11,0,0,0,0,0
98,12,0,0,0,0,0
98,13,5,0,0,0,0
98,14,0,0,0,0,0
98,15,0,0,0,0,0
98,16,0,0,0,0,0
98,17,0,0,0,0,0
98,18,10,0,0,0,0
98,19,0,0,0,0,0
98,20,0,0,0,0,0
98,21,20,0,0,0,0
98,22,0,0,0,0,0
98,23,0,0,0,0,0
98,24,0,0,0,0,0
98,25,20,0,0,0,0
99,1,0,0,0,0,0
99,2,0,0,0,0,0
99,3,0,0,0,0,0
99,4,10,0,0,0,0
99,5,0,0,0,0,0
99,6,15,0,0,0,0
99,7,0,0,0,0,0
99,8,10,0,0,0,0
99,9,0,0,0,0,0
99,10,20,0,0,0,0
99,11,0,0,0,0,0
99,12,0,0,0,0,0
99,13,5,0,0,0,0
99,14,0,0,0,0,0
99,15,0,0,0,0,0
99,16,0,0,0,0,0
99,17,0,0,0,0,0
99,18,10,0,0,0,0
99,19,0,0,0,0,0
99,20,0,0,0,0,0
99,21,20,0,0,0,0
99,22,0,0,0,0,0
99,23,0,0,0,0,0
99,24,0,0,0,0,0
99,25,20,0,0,0,0
100,1,0,0,0,0,0
100,2,0,0,0,0,0
100,3,0,0,0,0,0
100,4,10,0,0,0,0
100,5,0,0,0,0,0
100,6,15,0,0,0,0
100,7,0,0,0,0,0
100,8,10,0,0,0,0
100,9,0,0,0,0,0
100,10,20,0,0,0,0
100,11,0,0,0,0,0
100,12,0,0,0,0,0
100,13,5,0,0,0,0
100,14,0,0,0,0,0
100,15,0,0,0,0,0
100,16,0,0,0,0,0
100,17,0,0,0,0,0
100,18,10,0,0,0,0
100,19,0,0,0,0,0
100,20,0,0,0,0,0
100,21,20,0,0,0,0
100,22,0,0,0,0,0
100,23,0,0,0,0,0
100,24,0,0,0,0,0
100,25,20,0,0,0,0
101,1,0,0,0,0,0
101,2,0,0,0,0,0
101,3,0,0,0,0,0
101,4,10,0,0,0,0
101,5,0,0,0,0,0
101,6,15,0,0,0,0
101,7,0,0,0,0,0
101,8,10,0,0,0,0
101,9,0,0,0,0,0
101,10,20,1,0,0,0
101,11,0,0,0,0,0
101,12,0,0,0,0,0
101,13,5,0,0,0,0
101,14,0,0,0,0,0
101,15,0,0,0,0,0
101,16,0,0,0,0,0
101,17,0,0,0,0,0
101,18,10,0,0,0,0
101,19,0,0,0,0,0
101,20,0,0,0,0,0
101,21,20,0,0,0,0
101,22,0,0,0,0,0
101,23,0,0,0,0,0
101,24,0,0,0,0,0
101,25,20,0,0,0,0
102,1,0,0,0,0,0
102,2,0,0,0,0,0
102,3,0,0,0,0,0
102,4,10,0,0,0,0
102,5,0,0,0,0,0
102,6,15,0,0,0,0
102,7,0,0,0,0,0
102,8,10,0,0,0,0
102,9,0,0,0,0,0
102,10,20,0,0,0,0
102,11,0,0,0,0,0
102,12,0,0,0,0,0
102,13,5,0,0,0,0
102,14,0,0,0,0,0
102,15,0,0,0,0,0
102,16,0,0,0,0,0
102,17,0,0,0,0,0
102,18,10,0,0,0,0
102,19,0,0,0,0,0
102,20,0,0,0,0,0
102,21,20,0,0,0,0
102,22,0,0,0,0,0
102,23,0,0,0,0,0
102,24,0,0,0,0,0
102,25,20,0,0,0,0
103,1,0,0,0,0,0
103,2,0,0,0,0,0
103,3,0,0,0,0,0
103,4,10,0,0,0,0
103,5,0,0,0,0,0
103,6,15,0,0,0,0
103,7,0,0,0,0,0
103,8,10,0,0,0,0
103,9,0,0,0,0,0
103,10,20,0,0,0,0
103,11,0,0,0,0,0
103,12,0,0,0,0,0
103,13,5,0,0,0,0
103,14,0,0,0,0,0
103,15,0,0,0,0,0
103,16,0,0,0,0,0
103,17,0,0,0,0,0
103,18,10,0,0,0,0
103,19,0,0,0,0,0
103,20,0,0,0,0,0
103,21,20,0,0,0,0
103,22,0,1,0,0,0
103,23,0,0,0,0,0
103,24,0,0,0,0,0
103,25,20,0,0,0,0
104,1,0,0,0,0,0
104,2,0,0,0,0,0
104,3,0,0,0,0,0
104,4,10,0,0,0,0
104,5,0,0,0,0,0
104,6,15,0,0,0,0
104,7,0,0,0,0,0
104,8,10,0,0,0,0
104,9,0,0,0,0,0
104,10,20,0,0,0,0
104,11,0,0,0,0,0
104,12,0,0,0,0,0
104,13,5,0,0,0,0
104,14,0,0,0,0,0
104,15,0,0,0,0,0
104,16,0,0,0,0,0
104,17,0,0,0,0,0
104,18,10,0,0,0,0
104,19,0,0,0,0,0
104,20,0,0,0,0,0
104,21,20,0,0,0,0
104,22,0,0,0,0,0
104,23,0,0,0,0,0
104,24,0,0,0,0,0
104,25,20,0,0,0,0
105,1,0,0,0,0,0
105,2,0,0,0,0,0
105,3,0,0,0,0,0
105,4,10,0,0,0,0
105,5,0,0,0,0,0
105,6,15,0,0,0,0
105,7,0,0,0,0,0
105,8,10,0,0,0,0
105,9,0,0,0,0,0
105,10,20,0,0,0,0
105,11,0,0,0,0,0
105,12,0,0,0,0,0
105,13,5,0,0,0,0
105,14,0,0,0,0,0
105,15,0,0,0,0,0
105,16,0,0,0,0,0
105,17,0,0,0,0,0
105,18,10,0,0,0,0
105,19,0,0,0,0,0
105,20,0,0,0,0,0
105,21,20,0,0,0,0
105,22,0,0,0,0,0
105,23,0,0,0,0,0
105,24,0,0,0,0,0
105,25,20,1,2,34.61,69.22
106,1,0,0,0,0,0
106,2,0,0,0,0,0
106,3,0,0,0,0,0
106,4,10,0,0,0,0
106,5,0,0,0,0,0
106,6,15,0,0,0,0
106,7,0,0,0,0,0
106,8,10,0,0,0,0
106,9,0,0,0,0,0
106,10,20,0,0,0,0
106,11,0,0,0,0,0
106,12,0,0,0,0,0
106,13,5,0,0,0,0
106,14,0,0,0,0,0
106,15,0,0,0,0,0
106,16,0,0,0,0,0
106,17,0,0,0,0,0
106,18,10,0,0,0,0
106,19,0,0,0,0,0
106,20,0,0,0,0,0
106,21,20,1,1,53.16,53.16
106,22,0,0,0,0,0
106,23,0,0,0,0,0
106,24,0,0,0,0,0
106,25,20,0,0,0,0
107,1,0,0,0,0,0
107,2,0,0,0,0,0
107,3,0,0,0,0,0
107,4,10,0,0,0,0
107,5,0,0,0,0,0
107,6,15,0,0,0,0
107,7,0,0,0,0,0
107,8,10,0,0,0,0
107,9,0,0,0,0,0
107,10,20,0,0,0,0
107,11,0,0,0,0,0
107,12,0,0,0,0,0
107,13,5,0,0,0,0
107,14,0,0,0,0,0
107,15,0,0,0,0,0
107,16,0,0,0,0,0
107,17,0,0,0,0,0
107,18,10,0,0,0,0
107,19,0,0,0,0,0
107,20,0,0,0,0,0
107,21,20,0,0,0,0
107,22,0,0,0,0,0
107,23,0,0,0,0,0
107,24,0,0,0,0,0
107,25,20,0,0,0,0
108,1,0,0,0,0,0
108,2,0,0,0,0,0
108,3,0,0,0,0,0
108,4,10,0,0,0,0
108,5,0,0,0,0,0
108,6,15,0,0,0,0
108,7,0,0,0,0,0
108,8,10,0,0,0,0
108,9,0,0,0,0,0
108,10,20,0,0,0,0
108,11,0,0,0,0,0
108,12,0,0,0,0,0
108,13,5,0,0,0,0
108,14,0,0,0,0,0
108,15,0,0,0,0,0
108,16,0,0,0,0,0
108,17,0,0,0,0,0
108,18,10,0,0,0,0
108,19,0,0,0,0,0
108,20,0,0,0,0,0
108,21,20,0,0,0,0
108,22,0,0,0,0,0
108,23,0,0,0,0,0
108,24,0,0,0,0,0
108,25,20,0,0,0,0
109,1,0,0,0,0,0
109,2,0,0,0,0,0
109,3,0,0,0,0,0
109,4,10,0,0,0,0
109,5,0,0,0,0,0
109,6,15,0,0,0,0
109,7,0,0,0,0,0
109,8,10,0,0,0,0
109,9,0,0,0,0,0
109,10,20,0,0,0,0
109,11,0,0,0,0,0
109,12,0,0,0,0,0
109,13,5,0,0,0,0
109,14,0,0,0,0,0
109,15,0,0,0,0,0
109,16,0,0,0,0,0
109,17,0,0,0,0,0
109,18,10,0,0,0,0
109,19,0,1,3,52.39,157.17
109,20,0,0,0,0,0
109,21,20,0,0,0,0
109,22,0,0,0,0,0
109,23,0,0,0,0,0
109,24,0,0,0,0,0
109,25,20,0,0,0,0
110,1,0,0,0,0,0
110,2,0,0,0,0,0
110,3,0,0,0,0,0
110,4,10,0,0,0,0
110,5,0,0,0,0,0
110,6,15,0,0,0,0
110,7,0,0,0,0,0
110,8,10,0,0,0,0
110,9,0,0,0,0,0
110,10,20,0,0,0,0
110,11,0,0,0,0,0
110,12,0,0,0,0,0
110,13,5,0,0,0,0
110,14,0,0,0,0,0
110,15,0,0,0,0,0
110,16,0,0,0,0,0
110,17,0,0,0,0,0
110,18,10,0,0,0,0
110,19,0,0,0,0,0
110,20,0,0,0,0,0
110,21,20,0,0,0,0
110,22,0,0,0,0,0
110,23,0,0,0,0,0
110,24,0,0,0,0,0
110,25,20,0,0,0,0
111,1,0,0,0,0,0
111,2,0,0,0,0,0
111,3,0,0,0,0,0
111,4,10,0,0,0,0
111,5,0,0,0,0,0
111,6,15,0,0,0,0
111,7,0,0,0,0,0
111,8,10,0,0,0,0
111,9,0,0,0,0,0
111,10,20,0,0,0,0
111,11,0,0,0,0,0
111,12,0,0,0,0,0
111,13,5,0,0,0,0
111,14,0,0,0,0,0
111,15,0,0,0,0,0
111,16,0,0,0,0,0
111,17,0,0,0,0,0
111,18,10,1,0,0,0
111,19,0,0,0,0,0
111,20,0,0,0,0,0
111,21,20,0,0,0,0
111,22,0,0,0,0,0
111,23,0,0,0,0,0
111,24,0,0,0,0,0
111,25,20,0,0,0,0
112,1,0,0,0,0,0
112,2,0,0,0,0,0
112,3,0,0,0,0,0
112,4,10,0,0,0,0
112,5,0,0,0,0,0
112,6,15,0,0,0,0
112,7,0,0,0,0,0
112,8,10,0,0,0,0
112,9,0,0,0,0,0
112,10,20,0,0,0,0
112,11,0,0,0,0,0
112,12,0,0,0,0,0
112,13,5,0,0,0,0
112,14,0,0,0,0,0
112,15,0,0,0,0,0
112,16,0,0,0,0,0
112,17,0,0,0,0,0
112,18,10,0,0,0,0
112,19,0,0,0,0,0
112,20,0,0,0,0,0
112,21,20,0,0,0,0
112,22,0,0,0,0,0
112,23,0,0,0,0,0
112,24,0,0,0,0,0
112,25,20,0,0,0,0
113,1,0,0,0,0,0
113,2,0,0,0,0,0
113,3,0,0,0,0,0
113,4,10,0,0,0,0
113,5,0,0,0,0,0
113,6,15,1,1,66.78,66.78
113,7,0,0,0,0,0
113,8,10,0,0,0,0
113,9,0,0,0,0,0
113,10,20,0,0,0,0
113,11,0,0,0,0,0
113,12,0,0,0,0,0
113,13,5,0,0,0,0
113,14,0,0,0,0,0
113,15,0,0,0,0,0
113,16,0,0,0,0,0
113,17,0,0,0,0,0
113,18,10,0,0,0,0
113,19,0,0,0,0,0
113,20,0,0,0,0,0
113,21,20,1,3,100.38,301.14
113,22,0,0,0,0,0
113,23,0,0,0,0,0
113,24,0,0,0,0,0
113,25,20,1,0,0,0
114,1,0,0,0,0,0
114,2,0,0,0,0,0
114,3,0,0,0,0,0
114,4,10,0,0,0,0
114,5,0,0,0,0,0
114,6,15,0,0,0,0
114,7,0,0,0,0,0
114,8,10,0,0,0,0
114,9,0,0,0,0,0
114,10,20,1,2,80.63,161.26
114,11,0,0,0,0,0
114,12,0,0,0,0,0
114,13,5,0,0,0,0
114,14,0,0,0,0,0
114,15,0,0,0,0,0
114,16,0,0,0,0,0
114,17,0,0,0,0,0
114,18,10,1,3,80.18,240.54
114,19,0,0,0,0,0
114,20,0,0,0,0,0
114,21,20,0,0,0,0
114,22,0,0,0,0,0
114,23,0,0,0,0,0
114,24,0,0,0,0,0
114,25,20,0,0,0,0
115,1,0,0,0,0,0
115,2,0,0,0,0,0
115,3,0,0,0,0,0
115,4,10,0,0,0,0
115,5,0,0,0,0,0
115,6,15,0,0,0,0
115,7,0,0,0,0,0
115,8,10,0,0,0,0
115,9,0,0,0,0,0
115,10,20,0,0,0,0
115,11,0,0,0,0,0
115,12,0,0,0,0,0
115,13,5,0,0,0,0
115,14,0,1,0,0,0
115,15,0,0,0,0,0
115,16,0,0,0,0,0
115,17,0,0,0,0,0
115,18,10,0,0,0,0
115,19,0,0,0,0,0
115,20,0,0,0,0,0
115,21,20,1,0,0,0
115,22,0,0,0,0,0
115,23,0,0,0,0,0
115,24,0,0,0,0,0
115,25,20,0,0,0,0
116,1,0,0,0,0,0
116,2,0,0,0,0,0
116,3,0,0,0,0,0
116,4,10,1,1,46.67,46.67
116,5,0,0,0,0,0
116,6,15,0,0,0,0
116,7,0,0,0,0,0
116,8,10,0,0,0,0
116,9,0,0,0,0,0
116,10,20,0,0,0,0
116,11,0,0,0,0,0
116,12,0,0,0,0,0
116,13,5,0,0,0,0
116,14,0,0,0,0,0
116,15,0,0,0,0,0
116,16,0,0,0,0,0
116,17,0,0,0,0,0
116,18,10,0,0,0,0
116,19,0,0,0,0,0
116,20,0,0,0,0,0
116,21,20,0,0,0,0
116,22,0,0,0,0,0
116,23,0,0,0,0,0
116,24,0,0,0,0,0
116,25,20,0,0,0,0
117,1,0,0,0,0,0
117,2,0,0,0,0,0
117,3,0,0,0,0,0
117,4,10,1,0,0,0
117,5,0,0,0,0,0
117,6,15,0,0,0,0
117,7,0,0,0,0,0
117,8,10,0,0,0,0
117,9,0,0,0,0,0
117,10,20,0,0,0,0
117,11,0,0,0,0,0
117,12,0,0,0,0,0
117,13,5,0,0,0,0
117,14,0,0,0,0,0
117,15,0,0,0,0,0
117,16,0,0,0,0,0
117,17,0,0,0,0,0
117,18,10,0,0,0,0
117,19,0,0,0,0,0
117,20,0,0,0,0,0
117,21,20,0,0,0,0
117,22,0,0,0,0,0
117,23,0,0,0,0,0
117,24,0,0,0,0,0
117,25,20,0,0,0,0
118,1,0,0,0,0,0
118,2,0,0,0,0,0
118,3,0,0,0,0,0
118,4,10,0,0,0,0
118,5,0,0,0,0,0
118,6,15,0,0,0,0
118,7,0,0,0,0,0
118,8,10,0,0,0,0
118,9,0,0,0,0,0
118,10,20,0,0,0,0
118,11,0,0,0,0,0
118,12,0,0,0,0,0
118,13,5,0,0,0,0
118,14,0,0,0,0,0
118,15,0,0,0,0,0
118,16,0,0,0,0,0
118,17,0,0,0,0,0
118,18,10,0,0,0,0
118,19,0,0,0,0,0
118,20,0,0,0,0,0
118,21,20,0,0,0,0
118,22,0,0,0,0,0
118,23,0,0,0,0,0
118,24,0,0,0,0,0
118,25,20,0,0,0,0
119,1,0,0,0,0,0
119,2,0,0,0,0,0
119,3,0,0,0,0,0
119,4,10,0,0,0,0
119,5,0,0,0,0,0
119,6,15,0,0,0,0
119,7,0,0,0,0,0
119,8,10,0,0,0,0
119,9,0,0,0,0,0
119,10,20,0,0,0,0
119,11,0,0,0,0,0
119,12,0,0,0,0,0
119,13,5,0,0,0,0
119,14,0,0,0,0,0
119,15,0,0,0,0,0
119,16,0,0,0,0,0
119,17,0,0,0,0,0
119,18,10,0,0,0,0
119,19,0,0,0,0,0
119,20,0,0,0,0,0
119,21,20,0,0,0,0
119,22,0,0,0,0,0
119,23,0,0,0,0,0
119,24,0,0,0,0,0
119,25,20,0,0,0,0
120,1,0,0,0,0,0
120,2,0,0,0,0,0
120,3,0,0,0,0,0
120,4,10,0,0,0,0
120,5,0,0,0,0,0
120,6,15,0,0,0,0
120,7,0,0,0,0,0
120,8,10,0,0,0,0
120,9,0,0,0,0,0
120,10,20,0,0,0,0
120,11,0,0,0,0,0
120,12,0,0,0,0,0
120,13,5,0,0,0,0
120,14,0,0,0,0,0
120,15,0,0,0,0,0
120,16,0,0,0,0,0
120,17,0,0,0,0,0
120,18,10,0,0,0,0
120,19,0,0,0,0,0
120,20,0,0,0,0,0
120,21,20,0,0,0,0
120,22,0,0,0,0,0
120,23,0,0,0,0,0
120,24,0,0,0,0,0
120,25,20,0,0,0,0
121,1,0,0,0,0,0
121,2,0,0,0,0,0
121,3,0,0,0,0,0
121,4,10,0,0,0,0
121,5,0,0,0,0,0
121,6,15,0,0,0,0
121,7,0,0,0,0,0
121,8,10,0,0,0,0
121,9,0,0,0,0,0
121,10,20,0,0,0,0
121,11,0,0,0,0,0
121,12,0,0,0,0,0
121,13,5,0,0,0,0
121,14,0,0,0,0,0
121,15,0,0,0,0,0
121,16,0,0,0,0,0
121,17,0,0,0,0,0
121,18,10,0,0,0,0
121,19,0,0,0,0,0
121,20,0,0,0,0,0
121,21,20,1,0,0,0
121,22,0,0,0,0,0
121,23,0,0,0,0,0
121,24,0,0,0,0,0
121,25,20,0,0,0,0
122,1,0,0,0,0,0
122,2,0,0,0,0,0
122,3,0,0,0,0,0
122,4,10,0,0,0,0
122,5,0,0,0,0,0
122,6,15,0,0,0,0
122,7,0,0,0,0,0
122,8,10,0,0,0,0
122,9,0,0,0,0,0
122,10,20,0,0,0,0
122,11,0,0,0,0,0
122,12,0,0,0,0,0
122,13,5,0,0,0,0
122,14,0,0,0,0,0
122,15,0,0,0,0,0
122,16,0,0,0,0,0
122,17,0,0,0,0,0
122,18,10,0,0,0,0
122,19,0,0,0,0,0
122,20,0,1,0,0,0
122,21,20,0,0,0,0
122,22,0,0,0,0,0
122,23,0,0,0,0,0
122,24,0,0,0,0,0
122,25,20,0,0,0,0
123,1,0,0,0,0,0
123,2,0,0,0,0,0
123,3,0,0,0,0,0
123,4,10,0,0,0,0
123,5,0,0,0,0,0
123,6,15,0,0,0,0
123,7,0,0,0,0,0
123,8,10,0,0,0,0
123,9,0,0,0,0,0
123,10,20,0,0,0,0
123,11,0,0,0,0,0
123,12,0,0,0,0,0
123,13,5,0,0,0,0
123,14,0,0,0,0,0
123,15,0,0,0,0,0
123,16,0,0,0,0,0
123,17,0,0,0,0,0
123,18,10,0,0,0,0
123,19,0,0,0,0,0
123,20,0,0,0,0,0
123,21,20,0,0,0,0
123,22,0,0,0,0,0
123,23,0,0,0,0,0
123,24,0,0,0,0,0
123,25,20,1,1,30.71,30.71
124,1,0,0,0,0,0
124,2,0,0,0,0,0
124,3,0,0,0,0,0
124,4,10,1,2,74.24,148.48
124,5,0,0,0,0,0
124,6,15,0,0,0,0
124,7,0,0,0,0,0
124,8,10,0,0,0,0
124,9,0,0,0,0,0
124,10,20,0,0,0,0
124,11,0,0,0,0,0
124,12,0,0,0,0,0
124,13,5,0,0,0,0
124,14,0,0,0,0,0
124,15,0,0,0,0,0
124,16,0,0,0,0,0
124,17,0,0,0,0,0
124,18,10,0,0,0,0
124,19,0,0,0,0,0
124,20,0,0,0,0,0
124,21,20,1,0,0,0
124,22,0,0,0,0,0
124,23,0,0,0,0,0
124,24,0,0,0,0,0
124,25,20,1,0,0,0
125,1,0,0,0,0,0
125,2,0,0,0,0,0
125,3,0,0,0,0,0
125,4,10,0,0,0,0
125,5,0,0,0,0,0
125,6,15,0,0,0,0
125,7,0,0,0,0,0
125,8,10,0,0,0,0
125,9,0,0,0,0,0
125,10,20,0,0,0,0
125,11,0,0,0,0,0
125,12,0,0,0,0,0
125,13,5,0,0,0,0
125,14,0,0,0,0,0
125,15,0,1,1,43.73,43.73
125,16,0,0,0,0,0
125,17,0,0,0,0,0
125,18,10,0,0,0,0
125,19,0,0,0,0,0
125,20,0,0,0,0,0
125,21,20,0,0,0,0
125,22,0,0,0,0,0
125,23,0,0,0,0,0
125,24,0,0,0,0,0
125,25,20,0,0,0,0
126,1,0,0,0,0,0
126,2,0,0,0,0,0
126,3,0,0,0,0,0
126,4,10,0,0,0,0
126,5,0,0,0,0,0
126,6,15,0,0,0,0
126,7,0,0,0,0,0
126,8,10,0,0,0,0
126,9,0,0,0,0,0
126,10,20,0,0,0,0
126,11,0,0,0,0,0
126,12,0,0,0,0,0
126,13,5,0,0,0,0
126,14,0,0,0,0,0
126,15,0,0,0,0,0
126,16,0,0,0,0,0
126,17,0,0,0,0,0
126,18,10,0,0,0,0
126,19,0,0,0,0,0
126,20,0,0,0,0,0
126,21,20,0,0,0,0
126,22,0,0,0,0,0
126,23,0,0,0,0,0
126,24,0,0,0,0,0
126,25,20,0,0,0,0
127,1,0,0,0,0,0
127,2,0,0,0,0,0
127,3,0,0,0,0,0
127,4,10,0,0,0,0
127,5,0,0,0,0,0
127,6,15,0,0,0,0
127,7,0,0,0,0,0
127,8,10,0,0,0,0
127,9,0,0,0,0,0
127,10,20,1,1,28.47,28.47
127,11,0,0,0,0,0
127,12,0,0,0,0,0
127,13,5,0,0,0,0
127,14,0,0,0,0,0
127,15,0,0,0,0,0
127,16,0,0,0,0,0
127,17,0,0,0,0,0
127,18,10,0,0,0,0
127,19,0,0,0,0,0
127,20,0,0,0,0,0
127,21,20,0,0,0,0
127,22,0,0,0,0,0
127,23,0,0,0,0,0
127,24,0,0,0,0,0
127,25,20,0,0,0,0
128,1,0,0,0,0,0
128,2,0,0,0,0,0
128,3,0,0,0,0,0
128,4,10,1,3,73.26,219.78
128,5,0,0,0,0,0
128,6,15,0,0,0,0
128,7,0,0,0,0,0
128,8,10,1,3,37.69,113.07
128,9,0,0,0,0,0
128,10,20,0,0,0,0
128,11,0,0,0,0,0
128,12,0,0,0,0,0
128,13,5,0,0,0,0
128,14,0,0,0,0,0
128,15,0,0,0,0,0
128,16,0,0,0,0,0
128,17,0,0,0,0,0
128,18,10,0,0,0,0
128,19,0,0,0,0,0
128,20,0,0,0,0,0
128,21,20,0,0,0,0
128,22,0,0,0,0,0
128,23,0,0,0,0,0
128,24,0,0,0,0,0
128,25,20,0,0,0,0
129,1,0,0,0,0,0
129,2,0,0,0,0,0
129,3,0,0,0,0,0
129,4,10,0,0,0,0
129,5,0,0,0,0,0
129,6,15,1,0,0,0
129,7,0,0,0,0,0
129,8,10,0,0,0,0
129,9,0,0,0,0,0
129,10,20,0,0,0,0
129,11,0,0,0,0,0
129,12,0,0,0,0,0
129,13,5,0,0,0,0
129,14,0,0,0,0,0
129,15,0,0,0,0,0
129,16,0,0,0,0,0
129,17,0,0,0,0,0
129,18,10,0,0,0,0
129,19,0,0,0,0,0
129,20,0,0,0,0,0
129,21,20,0,0,0,0
129,22,0,0,0,0,0
129,23,0,0,0,0,0
129,24,0,0,0,0,0
129,25,20,0,0,0,0
130,1,0,0,0,0,0
130,2,0,0,0,0,0
130,3,0,0,0,0,0
130,4,10,0,0,0,0
130,5,0,0,0,0,0
130,6,15,0,0,0,0
130,7,0,0,0,0,0
130,8,10,0,0,0,0
130,9,0,0,0,0,0
130,10,20,0,0,0,0
130,11,0,0,0,0,0
130,12,0,0,0,0,0
130,13,5,0,0,0,0
130,14,0,0,0,0,0
130,15,0,0,0,0,0
130,16,0,0,0,0,0
130,17,0,0,0,0,0
130,18,10,0,0,0,0
130,19,0,0,0,0,0
130,20,0,0,0,0,0
130,21,20,0,0,0,0
130,22,0,0,0,0,0
130,23,0,0,0,0,0
130,24,0,0,0,0,0
130,25,20,0,0,0,0
131,1,0,0,0,0,0
131,2,0,0,0,0,0
131,3,0,0,0,0,0
131,4,10,0,0,0,0
131,5,0,0,0,0,0
131,6,15,0,0,0,0
131,7,0,0,0,0,0
131,8,10,1,0,0,0
131,9,0,0,0,0,0
131,10,20,0,0,0,0
131,11,0,0,0,0,0
131,12,0,0,0,0,0
131,13,5,0,0,0,0
131,14,0,0,0,0,0
131,15,0,0,0,0,0
131,16,0,0,0,0,0
131,17,0,0,0,0,0
131,18,10,0,0,0,0
131,19,0,0,0,0,0
131,20,0,0,0,0,0
131,21,20,0,0,0,0
131,22,0,0,0,0,0
131,23,0,0,0,0,0
131,24,0,0,0,0,0
131,25,20,0,0,0,0
132,1,0,0,0,0,0
132,2,0,0,0,0,0
132,3,0,0,0,0,0
132,4,10,0,0,0,0
132,5,0,0,0,0,0
132,6,15,0,0,0,0
132,7,0,0,0,0,0
132,8,10,0,0,0,0
132,9,0,0,0,0,0
132,10,20,0,0,0,0
132,11,0,0,0,0,0
132,12,0,0,0,0,0
132,13,5,1,0,0,0
132,14,0,0,0,0,0
132,15,0,0,0,0,0
132,16,0,0,0,0,0
132,17,0,0,0,0,0
132,18,10,0,0,0,0
132,19,0,0,0,0,0
132,20,0,0,0,0,0
132,21,20,0,0,0,0
132,22,0,0,0,0,0
132,23,0,0,0,0,0
132,24,0,0,0,0,0
132,25,20,0,0,0,0
133,1,0,0,0,0,0
133,2,0,0,0,0,0
133,3,0,0,0,0,0
133,4,10,0,0,0,0
133,5,0,0,0,0,0
133,6,15,0,0,0,0
133,7,0,0,0,0,0
133,8,10,0,0,0,0
133,9,0,0,0,0,0
133,10,20,0,0,0,0
133,11,0,0,0,0,0
133,12,0,0,0,0,0
133,13,5,0,0,0,0
133,14,0,0,0,0,0
133,15,0,0,0,0,0
133,16,0,0,0,0,0
133,17,0,0,0,0,0
133,18,10,0,0,0,0
133,19,0,0,0,0,0
133,20,0,0,0,0,0
133,21,20,0,0,0,0
133,22,0,0,0,0,0
133,23,0,0,0,0,0
133,24,0,0,0,0,0
133,25,20,0,0,0,0
134,1,0,0,0,0,0
134,2,0,0,0,0,0
134,3,0,0,0,0,0
134,4,10,0,0,0,0
134,5,0,0,0,0,0
134,6,15,0,0,0,0
134,7,0,0,0,0,0
134,8,10,0,0,0,0
134,9,0,0,0,0,0
134,10,20,0,0,0,0
134,11,0,0,0,0,0
134,12,0,0,0,0,0
134,13,5,0,0,0,0
134,14,0,0,0,0,0
134,15,0,0,0,0,0
134,16,0,0,0,0,0
134,17,0,0,0,0,0
134,18,10,0,0,0,0
134,19,0,0,0,0,0
134,20,0,0,0,0,0
134,21,20,0,0,0,0
134,22,0,0,0,0,0
134,23,0,0,0,0,0
134,24,0,1,0,0,0
134,25,20,0,0,0,0
135,1,0,0,0,0,0
135,2,0,0,0,0,0
135,3,0,0,0,0,0
135,4,10,0,0,0,0
135,5,0,0,0,0,0
135,6,15,0,0,0,0
135,7,0,0,0,0,0
135,8,10,0,0,0,0
135,9,0,0,0,0,0
135,10,20,0,0,0,0
135,11,0,0,0,0,0
135,12,0,0,0,0,0
135,13,5,0,0,0,0
135,14,0,0,0,0,0
135,15,0,0,0,0,0
135,16,0,0,0,0,0
135,17,0,0,0,0,0
135,18,10,0,0,0,0
135,19,0,0,0,0,0
135,20,0,0,0,0,0
135,21,20,0,0,0,0
135,22,0,0,0,0,0
135,23,0,0,0,0,0
135,24,0,0,0,0,0
135,25,20,0,0,0,0
136,1,0,0,0,0,0
136,2,0,0,0,0,0
136,3,0,0,0,0,0
136,4,10,0,0,0,0
136,5,0,0,0,0,0
136,6,15,0,0,0,0
136,7,0,0,0,0,0
136,8,10,0,0,0,0
136,9,0,0,0,0,0
136,10,20,0,0,0,0
136,11,0,0,0,0,0
136,12,0,0,0,0,0
136,13,5,0,0,0,0
136,14,0,0,0,0,0
136,15,0,0,0,0,0
136,16,0,0,0,0,0
136,17,0,0,0,0,0
136,18,10,0,0,0,0
136,19,0,0,0,0,0
136,20,0,0,0,0,0
136,21,20,0,0,0,0
136,22,0,0,0,0,0
136,23,0,0,0,0,0
136,24,0,0,0,0,0
136,25,20,0,0,0,0
137,1,0,0,0,0,0
137,2,0,0,0,0,0
137,3,0,0,0,0,0
137,4,10,0,0,0,0
137,5,0,0,0,0,0
137,6,15,0,0,0,0
137,7,0,0,0,0,0
137,8,10,0,0,0,0
137,9,0,0,0,0,0
137,10,20,0,0,0,0
137,11,0,0,0,0,0
137,12,0,0,0,0,0
137,13,5,1,0,0,0
137,14,0,0,0,0,0
137,15,0,0,0,0,0
137,16,0,0,0,0,0
137,17,0,0,0,0,0
137,18,10,0,0,0,0
137,19,0,0,0,0,0
137,20,0,0,0,0,0
137,21,20,0,0,0,0
137,22,0,0,0,0,0
137,23,0,0,0,0,0
137,24,0,0,0,0,0
137,25,20,0,0,0,0
138,1,0,0,0,0,0
138,2,0,0,0,0,0
138,3,0,0,0,0,0
138,4,10,0,0,0,0
138,5,0,0,0,0,0
138,6,15,0,0,0,0
138,7,0,0,0,0,0
138,8,10,0,0,0,0
138,9,0,0,0,0,0
138,10,20,0,0,0,0
138,11,0,0,0,0,0
138,12,0,0,0,0,0
138,13,5,0,0,0,0
138,14,0,0,0,0,0
138,15,0,0,0,0,0
138,16,0,0,0,0,0
138,17,0,0,0,0,0
138,18,10,0,0,0,0
138,19,0,0,0,0,0
138,20,0,0,0,0,0
138,21,20,0,0,0,0
138,22,0,0,0,0,0
138,23,0,0,0,0,0
138,24,0,0,0,0,0
138,25,20,0,0,0,0
139,1,0,0,0,0,0
139,2,0,0,0,0,0
139,3,0,0,0,0,0
139,4,10,0,0,0,0
139,5,0,1,2,43.89,87.78
139,6,15,0,0,0,0
139,7,0,0,0,0,0
139,8,10,0,0,0,0
139,9,0,0,0,0,0
139,10,20,0,0,0,0
139,11,0,0,0,0,0
139,12,0,0,0,0,0
139,13,5,0,0,0,0
139,14,0,0,0,0,0
139,15,0,0,0,0,0
139,16,0,0,0,0,0
139,17,0,0,0,0,0
139,18,10,0,0,0,0
139,19,0,0,0,0,0
139,20,0,0,0,0,0
139,21,20,0,0,0,0
139,22,0,0,0,0,0
139,23,0,0,0,0,0
139,24,0,0,0,0,0
139,25,20,0,0,0,0
140,1,0,0,0,0,0
140,2,0,0,0,0,0
140,3,0,0,0,0,0
140,4,10,0,0,0,0
140,5,0,0,0,0,0
140,6,15,0,0,0,0
140,7,0,0,0,0,0
140,8,10,0,0,0,0
140,9,0,0,0,0,0
140,10,20,0,0,0,0
140,11,0,0,0,0,0
140,12,0,0,0,0,0
140,13,5,0,0,0,0
140,14,0,0,0,0,0
140,15,0,0,0,0,0
140,16,0,0,0,0,0
140,17,0,0,0,0,0
140,18,10,0,0,0,0
140,19,0,0,0,0,0
140,20,0,0,0,0,0
140,21,20,0,0,0,0
140,22,0,0,0,0,0
140,23,0,0,0,0,0
140,24,0,0,0,0,0
140,25,20,0,0,0,0
141,1,0,0,0,0,0
141,2,0,0,0,0,0
141,3,0,0,0,0,0
141,4,10,0,0,0,0
141,5,0,0,0,0,0
141,6,15,1,1,34.56,34.56
141,7,0,0,0,0,0
141,8,10,0,0,0,0
141,9,0,0,0,0,0
141,10,20,1,0,0,0
141,11,0,0,0,0,0
141,12,0,0,0,0,0
141,13,5,0,0,0,0
141,14,0,0,0,0,0
141,15,0,0,0,0,0
141,16,0,0,0,0,0
141,17,0,0,0,0,0
141,18,10,0,0,0,0
141,19,0,0,0,0,0
141,20,0,0,0,0,0
141,21,20,0,0,0,0
141,22,0,0,0,0,0
141,23,0,0,0,0,0
141,24,0,0,0,0,0
141,25,20,0,0,0,0
142,1,0,0,0,0,0
142,2,0,0,0,0,0
142,3,0,0,0,0,0
142,4,10,0,0,0,0
142,5,0,0,0,0,0
142,6,15,0,0,0,0
142,7,0,0,0,0,0
142,8,10,0,0,0,0
142,9,0,0,0,0,0
142,10,20,0,0,0,0
142,11,0,0,0,0,0
142,12,0,0,0,0,0
142,13,5,0,0,0,0
142,14,0,0,0,0,0
142,15,0,0,0,0,0
142,16,0,0,0,0,0
142,17,0,0,0,0,0
142,18,10,0,0,0,0
142,19,0,0,0,0,0
142,20,0,0,0,0,0
142,21,20,0,0,0,0
142,22,0,0,0,0,0
142,23,0,0,0,0,0
142,24,0,0,0,0,0
142,25,20,0,0,0,0
143,1,0,0,0,0,0
143,2,0,0,0,0,0
143,3,0,0,0,0,0
143,4,10,0,0,0,0
143,5,0,0,0,0,0
143,6,15,0,0,0,0
143,7,0,0,0,0,0
143,8,10,0,0,0,0
143,9,0,0,0,0,0
143,10,20,0,0,0,0
143,11,0,0,0,0,0
143,12,0,0,0,0,0
143,13,5,0,0,0,0
143,14,0,0,0,0,0
143,15,0,0,0,0,0
143,16,0,0,0,0,0
143,17,0,0,0,0,0
143,18,10,0,0,0,0
143,19,0,0,0,0,0
143,20,0,0,0,0,0
143,21,20,0,0,0,0
143,22,0,0,0,0,0
143,23,0,0,0,0,0
143,24,0,0,0,0,0
143,25,20,0,0,0,0
144,1,0,1,0,0,0
144,2,0,0,0,0,0
144,3,0,0,0,0,0
144,4,10,0,0,0,0
144,5,0,0,0,0,0
144,6,15,0,0,0,0
144,7,0,0,0,0,0
144,8,10,0,0,0,0
144,9,0,0,0,0,0
144,10,20,0,0,0,0
144,11,0,0,0,0,0
144,12,0,0,0,0,0
144,13,5,0,0,0,0
144,14,0,0,0,0,0
144,15,0,0,0,0,0
144,16,0,0,0,0,0
144,17,0,0,0,0,0
144,18,10,0,0,0,0
144,19,0,0,0,0,0
144,20,0,0,0,0,0
144,21,20,0,0,0,0
144,22,0,0,0,0,0
144,23,0,0,0,0,0
144,24,0,0,0,0,0
144,25,20,0,0,0,0
145,1,0,0,0,0,0
145,2,0,0,0,0,0
145,3,0,0,0,0,0
145,4,10,0,0,0,0
145,5,0,0,0,0,0
145,6,15,0,0,0,0
145,7,0,0,0,0,0
145,8,10,0,0,0,0
145,9,0,0,0,0,0
145,10,20,0,0,0,0
145,11,0,0,0,0,0
145,12,0,0,0,0,0
145,13,5,0,0,0,0
145,14,0,0,0,0,0
145,15,0,0,0,0,0
145,16,0,0,0,0,0
145,17,0,0,0,0,0
145,18,10,0,0,0,0
145,19,0,0,0,0,0
145,20,0,0,0,0,0
145,21,20,0,0,0,0
145,22,0,0,0,0,0
145,23,0,0,0,0,0
145,24,0,0,0,0,0
145,25,20,0,0,0,0
146,1,0,0,0,0,0
146,2,0,0,0,0,0
146,3,0,0,0,0,0
146,4,10,0,0,0,0
146,5,0,0,0,0,0
146,6,15,1,0,0,0
146,7,0,0,0,0,0
146,8,10,0,0,0,0
146,9,0,0,0,0,0
146,10,20,0,0,0,0
146,11,0,0,0,0,0
146,12,0,0,0,0,0
146,13,5,0,0,0,0
146,14,0,0,0,0,0
146,15,0,0,0,0,0
146,16,0,0,0,0,0
146,17,0,0,0,0,0
146,18,10,0,0,0,0
146,19,0,0,0,0,0
146,20,0,0,0,0,0
146,21,20,0,0,0,0
146,22,0,0,0,0,0
146,23,0,0,0,0,0
146,24,0,0,0,0,0
146,25,20,0,0,0,0
147,1,0,0,0,0,0
147,2,0,0,0,0,0
147,3,0,0,0,0,0
147,4,10,0,0,0,0
147,5,0,0,0,0,0
147,6,15,0,0,0,0
147,7,0,0,0,0,0
147,8,10,0,0,0,0
147,9,0,0,0,0,0
147,10,20,0,0,0,0
147,11,0,0,0,0,0
147,12,0,0,0,0,0
147,13,5,0,0,0,0
147,14,0,0,0,0,0
147,15,0,0,0,0,0
147,16,0,0,0,0,0
147,17,0,0,0,0,0
147,18,10,0,0,0,0
147,19,0,0,0,0,0
147,20,0,0,0,0,0
147,21,20,0,0,0,0
147,22,0,0,0,0,0
147,23,0,0,0,0,0
147,24,0,0,0,0,0
147,25,20,1,0,0,0
148,1,0,0,0,0,0
148,2,0,0,0,0,0
148,3,0,0,0,0,0
148,4,10,0,0,0,0
148,5,0,0,0,0,0
148,6,15,1,0,0,0
148,7,0,0,0,0,0
148,8,10,0,0,0,0
148,9,0,0,0,0,0
148,10,20,1,0,0,0
148,11,0,0,0,0,0
148,12,0,0,0,0,0
148,13,5,0,0,0,0
148,14,0,0,0,0,0
148,15,0,0,0,0,0
148,16,0,0,0,0,0
148,17,0,0,0,0,0
148,18,10,0,0,0,0
148,19,0,0,0,0,0
148,20,0,0,0,0,0
148,21,20,0,0,0,0
148,22,0,0,0,0,0
148,23,0,0,0,0,0
148,24,0,0,0,0,0
148,25,20,0,0,0,0
149,1,0,0,0,0,0
149,2,0,0,0,0,0
149,3,0,0,0,0,0
149,4,10,0,0,0,0
149,5,0,0,0,0,0
149,6,15,0,0,0,0
149,7,0,0,0,0,0
149,8,10,0,0,0,0
149,9,0,0,0,0,0
149,10,20,0,0,0,0
149,11,0,0,0,0,0
149,12,0,0,0,0,0
149,13,5,0,0,0,0
149,14,0,0,0,0,0
149,15,0,0,0,0,0
149,16,0,0,0,0,0
149,17,0,0,0,0,0
149,18,10,0,0,0,0
149,19,0,0,0,0,0
149,20,0,0,0,0,0
149,21,20,0,0,0,0
149,22,0,0,0,0,0
149,23,0,0,0,0,0
149,24,0,0,0,0,0
149,25,20,0,0,0,0
150,1,0,0,0,0,0
150,2,0,0,0,0,0
150,3,0,0,0,0,0
150,4,10,0,0,0,0
150,5,0,0,0,0,0
150,6,15,0,0,0,0
150,7,0,0,0,0,0
150,8,10,0,0,0,0
150,9,0,0,0,0,0
150,10,20,0,0,0,0
150,11,0,0,0,0,0
150,12,0,0,0,0,0
150,13,5,0,0,0,0
150,14,0,0,0,0,0
150,15,0,0,0,0,0
150,16,0,0,0,0,0
150,17,0,0,0,0,0
150,18,10,0,0,0,0
150,19,0,0,0,0,0
150,20,0,0,0,0,0
150,21,20,0,0,0,0
150,22,0,0,0,0,0
150,23,0,0,0,0,0
150,24,0,0,0,0,0
150,25,20,0,0,0,0
151,1,0,0,0,0,0
151,2,0,1,0,0,0
151,3,0,0,0,0,0
151,4,10,0,0,0,0
151,5,0,0,0,0,0
151,6,15,0,0,0,0
151,7,0,0,0,0,0
151,8,10,0,0,0,0
151,9,0,0,0,0,0
151,10,20,0,0,0,0
151,11,0,0,0,0,0
151,12,0,0,0,0,0
151,13,5,0,0,0,0
151,14,0,0,0,0,0
151,15,0,0,0,0,0
151,16,0,0,0,0,0
151,17,0,0,0,0,0
151,18,10,0,0,0,0
151,19,0,0,0,0,0
151,20,0,0,0,0,0
151,21,20,0,0,0,0
151,22,0,0,0,0,0
151,23,0,0,0,0,0
151,24,0,0,0,0,0
151,25,20,0,0,0,0
152,1,0,0,0,0,0
152,2,0,0,0,0,0
152,3,0,0,0,0,0
152,4,10,0,0,0,0
152,5,0,0,0,0,0
152,6,15,0,0,0,0
152,7,0,0,0,0,0
152,8,10,0,0,0,0
152,9,0,0,0,0,0
152,10,20,0,0,0,0
152,11,0,0,0,0,0
152,12,0,0,0,0,0
152,13,5,0,0,0,0
152,14,0,0,0,0,0
152,15,0,0,0,0,0
152,16,0,0,0,0,0
152,17,0,0,0,0,0
152,18,10,0,0,0,0
152,19,0,0,0,0,0
152,20,0,0,0,0,0
152,21,20,0,0,0,0
152,22,0,0,0,0,0
152,23,0,0,0,0,0
152,24,0,0,0,0,0
152,25,20,0,0,0,0
153,1,0,0,0,0,0
153,2,0,0,0,0,0
153,3,0,0,0,0,0
153,4,10,0,0,0,0
153,5,0,0,0,0,0
153,6,15,0,0,0,0
153,7,0,0,0,0,0
153,8,10,0,0,0,0
153,9,0,0,0,0,0
153,10,20,0,0,0,0
153,11,0,0,0,0,0
153,12,0,0,0,0,0
153,13,5,0,0,0,0
153,14,0,0,0,0,0
153,15,0,0,0,0,0
153,16,0,0,0,0,0
153,17,0,0,0,0,0
153,18,10,0,0,0,0
153,19,0,0,0,0,0
153,20,0,0,0,0,0
153,21,20,0,0,0,0
153,22,0,0,0,0,0
153,23,0,0,0,0,0
153,24,0,0,0,0,0
153,25,20,0,0,0,0
154,1,0,0,0,0,0
154,2,0,0,0,0,0
154,3,0,0,0,0,0
154,4,10,0,0,0,0
154,5,0,0,0,0,0
154,6,15,1,3,53.31,159.93
154,7,0,0,0,0,0
154,8,10,0,0,0,0
154,9,0,0,0,0,0
154,10,20,0,0,0,0
154,11,0,0,0,0,0
154,12,0,0,0,0,0
154,13,5,0,0,0,0
154,14,0,0,0,0,0
154,15,0,0,0,0,0
154,16,0,0,0,0,0
154,17,0,0,0,0,0
154,18,10,0,0,0,0
154,19,0,1,0,0,0
154,20,0,0,0,0,0
154,21,20,0,0,0,0
154,22,0,0,0,0,0
154,23,0,0,0,0,0
154,24,0,0,0,0,0
154,25,20,0,0,0,0
155,1,0,0,0,0,0
155,2,0,0,0,0,0
155,3,0,0,0,0,0
155,4,10,0,0,0,0
155,5,0,0,0,0,0
155,6,15,0,0,0,0
155,7,0,0,0,0,0
155,8,10,0,0,0,0
155,9,0,0,0,0,0
155,10,20,0,0,0,0
155,11,0,0,0,0,0
155,12,0,0,0,0,0
155,13,5,0,0,0,0
155,14,0,0,0,0,0
155,15,0,0,0,0,0
155,16,0,0,0,0,0
155,17,0,0,0,0,0
155,18,10,0,0,0,0
155,19,0,0,0,0,0
155,20,0,0,0,0,0
155,21,20,0,0,0,0
155,22,0,0,0,0,0
155,23,0,0,0,0,0
155,24,0,0,0,0,0
155,25,20,0,0,0,0
156,1,0,0,0,0,0
156,2,0,0,0,0,0
156,3,0,0,0,0,0
156,4,10,0,0,0,0
156,5,0,0,0,0,0
156,6,15,0,0,0,0
156,7,0,0,0,0,0
156,8,10,0,0,0,0
156,9,0,0,0,0,0
156,10,20,0,0,0,0
156,11,0,0,0,0,0
156,12,0,0,0,0,0
156,13,5,0,0,0,0
156,14,0,0,0,0,0
156,15,0,0,0,0,0
156,16,0,0,0,0,0
156,17,0,0,0,0,0
156,18,10,0,0,0,0
156,19,0,0,0,0,0
156,20,0,0,0,0,0
156,21,20,0,0,0,0
156,22,0,0,0,0,0
156,23,0,0,0,0,0
156,24,0,0,0,0,0
156,25,20,0,0,0,0
157,1,0,0,0,0,0
157,2,0,0,0,0,0
157,3,0,0,0,0,0
157,4,10,0,0,0,0
157,5,0,0,0,0,0
157,6,15,0,0,0,0
157,7,0,0,0,0,0
157,8,10,0,0,0,0
157,9,0,0,0,0,0
157,10,20,0,0,0,0
157,11,0,0,0,0,0
157,12,0,0,0,0,0
157,13,5,0,0,0,0
157,14,0,0,0,0,0
157,15,0,0,0,0,0
157,16,0,0,0,0,0
157,17,0,0,0,0,0
157,18,10,0,0,0,0
157,19,0,0,0,0,0
157,20,0,0,0,0,0
157,21,20,0,0,0,0
157,22,0,0,0,0,0
157,23,0,0,0,0,0
157,24,0,0,0,0,0
157,25,20,0,0,0,0
158,1,0,0,0,0,0
158,2,0,0,0,0,0
158,3,0,0,0,0,0
158,4,10,0,0,0,0
158,5,0,0,0,0,0
158,6,15,1,2,48.93,97.86
158,7,0,0,0,0,0
158,8,10,0,0,0,0
158,9,0,0,0,0,0
158,10,20,0,0,0,0
158,11,0,0,0,0,0
158,12,0,0,0,0,0
158,13,5,0,0,0,0
158,14,0,0,0,0,0
158,15,0,0,0,0,0
158,16,0,0,0,0,0
158,17,0,0,0,0,0
158,18,10,0,0,0,0
158,19,0,0,0,0,0
158,20,0,0,0,0,0
158,21,20,0,0,0,0
158,22,0,0,0,0,0
158,23,0,0,0,0,0
158,24,0,0,0,0,0
158,25,20,0,0,0,0
159,1,0,0,0,0,0
159,2,0,0,0,0,0
159,3,0,0,0,0,0
159,4,10,0,0,0,0
159,5,0,0,0,0,0
159,6,15,0,0,0,0
159,7,0,0,0,0,0
159,8,10,0,0,0,0
159,9,0,0,0,0,0
159,10,20,1,0,0,0
159,11,0,0,0,0,0
159,12,0,0,0,0,0
159,13,5,0,0,0,0
159,14,0,0,0,0,0
159,15,0,0,0,0,0
159,16,0,0,0,0,0
159,17,0,0,0,0,0
159,18,10,0,0,0,0
159,19,0,0,0,0,0
159,20,0,0,0,0,0
159,21,20,0,0,0,0
159,22,0,0,0,0,0
159,23,0,0,0,0,0
159,24,0,0,0,0,0
159,25,20,0,0,0,0
160,1,0,0,0,0,0
160,2,0,0,0,0,0
160,3,0,0,0,0,0
160,4,10,0,0,0,0
160,5,0,0,0,0,0
160,6,15,0,0,0,0
160,7,0,0,0,0,0
160,8,10,1,0,0,0
160,9,0,0,0,0,0
160,10,20,0,0,0,0
160,11,0,0,0,0,0
160,12,0,0,0,0,0
160,13,5,0,0,0,0
160,14,0,0,0,0,0
160,15,0,0,0,0,0
160,16,0,0,0,0,0
160,17,0,0,0,0,0
160,18,10,0,0,0,0
160,19,0,0,0,0,0
160,20,0,0,0,0,0
160,21,20,0,0,0,0
160,22,0,0,0,0,0
160,23,0,1,2,42.05,84.1
160,24,0,0,0,0,0
160,25,20,0,0,0,0
161,1,0,0,0,0,0
161,2,0,0,0,0,0
161,3,0,0,0,0,0
161,4,10,0,0,0,0
161,5,0,0,0,0,0
161,6,15,0,0,0,0
161,7,0,0,0,0,0
161,8,10,0,0,0,0
161,9,0,0,0,0,0
161,10,20,0,0,0,0
161,11,0,0,0,0,0
161,12,0,0,0,0,0
161,13,5,0,0,0,0
161,14,0,0,0,0,0
161,15,0,0,0,0,0
161,16,0,0,0,0,0
161,17,0,0,0,0,0
161,18,10,0,0,0,0
161,19,0,0,0,0,0
161,20,0,0,0,0,0
161,21,20,1,0,0,0
161,22,0,0,0,0,0
161,23,0,0,0,0,0
161,24,0,0,0,0,0
161,25,20,0,0,0,0
162,1,0,0,0,0,0
162,2,0,0,0,0,0
162,3,0,0,0,0,0
162,4,10,0,0,0,0
162,5,0,0,0,0,0
162,6,15,0,0,0,0
162,7,0,0,0,0,0
162,8,10,0,0,0,0
162,9,0,0,0,0,0
162,10,20,0,0,0,0
162,11,0,0,0,0,0
162,12,0,0,0,0,0
162,13,5,0,0,0,0
162,14,0,0,0,0,0
162,15,0,0,0,0,0
162,16,0,0,0,0,0
162,17,0,0,0,0,0
162,18,10,0,0,0,0
162,19,0,0,0,0,0
162,20,0,0,0,0,0
162,21,20,0,0,0,0
162,22,0,0,0,0,0
162,23,0,0,0,0,0
162,24,0,0,0,0,0
162,25,20,0,0,0,0
163,1,0,0,0,0,0
163,2,0,0,0,0,0
163,3,0,0,0,0,0
163,4,10,0,0,0,0
163,5,0,0,0,0,0
163,6,15,0,0,0,0
163,7,0,0,0,0,0
163,8,10,0,0,0,0
163,9,0,0,0,0,0
163,10,20,0,0,0,0
163,11,0,0,0,0,0
163,12,0,0,0,0,0
163,13,5,0,0,0,0
163,14,0,0,0,0,0
163,15,0,0,0,0,0
163,16,0,0,0,0,0
163,17,0,0,0,0,0
163,18,10,0,0,0,0
163,19,0,0,0,0,0
163,20,0,0,0,0,0
163,21,20,0,0,0,0
163,22,0,0,0,0,0
163,23,0,0,0,0,0
163,24,0,0,0,0,0
163,25,20,0,0,0,0
164,1,0,0,0,0,0
164,2,0,0,0,0,0
164,3,0,0,0,0,0
164,4,10,0,0,0,0
164,5,0,0,0,0,0
164,6,15,0,0,0,0
164,7,0,0,0,0,0
164,8,10,1,4,46.09,184.36
164,9,0,0,0,0,0
164,10,20,0,0,0,0
164,11,0,0,0,0,0
164,12,0,0,0,0,0
164,13,5,1,4,59.56,238.24
164,14,0,0,0,0,0
164,15,0,0,0,0,0
164,16,0,0,0,0,0
164,17,0,0,0,0,0
164,18,10,0,0,0,0
164,19,0,0,0,0,0
164,20,0,0,0,0,0
164,21,20,0,0,0,0
164,22,0,0,0,0,0
164,23,0,0,0,0,0
164,24,0,0,0,0,0
164,25,20,0,0,0,0
165,1,0,0,0,0,0
165,2,0,0,0,0,0
165,3,0,0,0,0,0
165,4,10,0,0,0,0
165,5,0,0,0,0,0
165,6,15,0,0,0,0
165,7,0,0,0,0,0
165,8,10,0,0,0,0
165,9,0,0,0,0,0
165,10,20,0,0,0,0
165,11,0,0,0,0,0
165,12,0,0,0,0,0
165,13,5,0,0,0,0
165,14,0,0,0,0,0
165,15,0,0,0,0,0
165,16,0,0,0,0,0
165,17,0,0,0,0,0
165,18,10,0,0,0,0
165,19,0,0,0,0,0
165,20,0,0,0,0,0
165,21,20,0,0,0,0
165,22,0,0,0,0,0
165,23,0,0,0,0,0
165,24,0,0,0,0,0
165,25,20,0,0,0,0
166,1,0,0,0,0,0
166,2,0,0,0,0,0
166,3,0,0,0,0,0
166,4,10,0,0,0,0
166,5,0,0,0,0,0
166,6,15,1,0,0,0
166,7,0,0,0,0,0
166,8,10,0,0,0,0
166,9,0,0,0,0,0
166,10,20,0,0,0,0
166,11,0,0,0,0,0
166,12,0,0,0,0,0
166,13,5,0,0,0,0
166,14,0,0,0,0,0
166,15,0,0,0,0,0
166,16,0,0,0,0,0
166,17,0,0,0,0,0
166,18,10,0,0,0,0
166,19,0,0,0,0,0
166,20,0,0,0,0,0
166,21,20,1,0,0,0
166,22,0,0,0,0,0
166,23,0,0,0,0,0
166,24,0,0,0,0,0
166,25,20,1,0,0,0
167,1,0,0,0,0,0
167,2,0,0,0,0,0
167,3,0,0,0,0,0
167,4,10,0,0,0,0
167,5,0,0,0,0,0
167,6,15,0,0,0,0
167,7,0,0,0,0,0
167,8,10,1,1,49.14,49.14
167,9,0,0,0,0,0
167,10,20,0,0,0,0
167,11,0,0,0,0,0
167,12,0,0,0,0,0
167,13,5,0,0,0,0
167,14,0,0,0,0,0
167,15,0,0,0,0,0
167,16,0,0,0,0,0
167,17,0,0,0,0,0
167,18,10,0,0,0,0
167,19,0,0,0,0,0
167,20,0,0,0,0,0
167,21,20,0,0,0,0
167,22,0,0,0,0,0
167,23,0,0,0,0,0
167,24,0,0,0,0,0
167,25,20,0,0,0,0
168,1,0,0,0,0,0
168,2,0,0,0,0,0
168,3,0,0,0,0,0
168,4,10,0,0,0,0
168,5,0,0,0,0,0
168,6,15,1,2,52.58,105.16
168,7,0,0,0,0,0
168,8,10,0,0,0,0
168,9,0,0,0,0,0
168,10,20,1,1,77.16,77.16
168,11,0,0,0,0,0
168,12,0,0,0,0,0
168,13,5,0,0,0,0
168,14,0,1,1,6.22,6.22
168,15,0,0,0,0,0
168,16,0,0,0,0,0
168,17,0,0,0,0,0
168,18,10,0,0,0,0
168,19,0,0,0,0,0
168,20,0,0,0,0,0
168,21,20,0,0,0,0
168,22,0,0,0,0,0
168,23,0,0,0,0,0
168,24,0,0,0,0,0
168,25,20,0,0,0,0
169,1,0,0,0,0,0
169,2,0,0,0,0,0
169,3,0,0,0,0,0
169,4,10,0,0,0,0
169,5,0,0,0,0,0
169,6,15,0,0,0,0
169,7,0,0,0,0,0
169,8,10,0,0,0,0
169,9,0,0,0,0,0
169,10,20,0,0,0,0
169,11,0,0,0,0,0
169,12,0,0,0,0,0
169,13,5,0,0,0,0
169,14,0,0,0,0,0
169,15,0,0,0,0,0
169,16,0,0,0,0,0
169,17,0,0,0,0,0
169,18,10,0,0,0,0
169,19,0,0,0,0,0
169,20,0,0,0,0,0
169,21,20,0,0,0,0
169,22,0,0,0,0,0
169,23,0,0,0,0,0
169,24,0,0,0,0,0
169,25,20,0,0,0,0
170,1,0,0,0,0,0
170,2,0,0,0,0,0
170,3,0,0,0,0,0
170,4,10,0,0,0,0
170,5,0,0,0,0,0
170,6,15,0,0,0,0
170,7,0,0,0,0,0
170,8,10,0,0,0,0
170,9,0,0,0,0,0
170,10,20,0,0,0,0
170,11,0,0,0,0,0
170,12,0,0,0,0,0
170,13,5,0,0,0,0
170,14,0,0,0,0,0
170,15,0,0,0,0,0
170,16,0,0,0,0,0
170,17,0,0,0,0,0
170,18,10,0,0,0,0
170,19,0,0,0,0,0
170,20,0,0,0,0,0
170,21,20,1,1,54.43,54.43
170,22,0,0,0,0,0
170,23,0,0,0,0,0
170,24,0,0,0,0,0
170,25,20,0,0,0,0
171,1,0,0,0,0,0
171,2,0,0,0,0,0
171,3,0,0,0,0,0
171,4,10,0,0,0,0
171,5,0,0,0,0,0
171,6,15,0,0,0,0
171,7,0,0,0,0,0
171,8,10,0,0,0,0
171,9,0,0,0,0,0
171,10,20,0,0,0,0
171,11,0,0,0,0,0
171,12,0,0,0,0,0
171,13,5,0,0,0,0
171,14,0,0,0,0,0
171,15,0,0,0,0,0
171,16,0,0,0,0,0
171,17,0,0,0,0,0
171,18,10,0,0,0,0
171,19,0,0,0,0,0
171,20,0,0,0,0,0
171,21,20,0,0,0,0
171,22,0,0,0,0,0
171,23,0,0,0,0,0
171,24,0,0,0,0,0
171,25,20,0,0,0,0
172,1,0,0,0,0,0
172,2,0,0,0,0,0
172,3,0,0,0,0,0
172,4,10,0,0,0,0
172,5,0,0,0,0,0
172,6,15,1,1,55.76,55.76
172,7,0,0,0,0,0
172,8,10,0,0,0,0
172,9,0,0,0,0,0
172,10,20,0,0,0,0
172,11,0,0,0,0,0
172,12,0,0,0,0,0
172,13,5,0,0,0,0
172,14,0,0,0,0,0
172,15,0,0,0,0,0
172,16,0,0,0,0,0
172,17,0,0,0,0,0
172,18,10,0,0,0,0
172,19,0,0,0,0,0
172,20,0,0,0,0,0
172,21,20,0,0,0,0
172,22,0,0,0,0,0
172,23,0,0,0,0,0
172,24,0,0,0,0,0
172,25,20,1,0,0,0
173,1,0,0,0,0,0
173,2,0,0,0,0,0
173,3,0,0,0,0,0
173,4,10,0,0,0,0
173,5,0,0,0,0,0
173,6,15,0,0,0,0
173,7,0,0,0,0,0
173,8,10,0,0,0,0
173,9,0,0,0,0,0
173,10,20,0,0,0,0
173,11,0,0,0,0,0
173,12,0,0,0,0,0
173,13,5,0,0,0,0
173,14,0,0,0,0,0
173,15,0,0,0,0,0
173,16,0,0,0,0,0
173,17,0,0,0,0,0
173,18,10,0,0,0,0
173,19,0,0,0,0,0
173,20,0,0,0,0,0
173,21,20,0,0,0,0
173,22,0,0,0,0,0
173,23,0,0,0,0,0
173,24,0,0,0,0,0
173,25,20,0,0,0,0
174,1,0,0,0,0,0
174,2,0,0,0,0,0
174,3,0,0,0,0,0
174,4,10,0,0,0,0
174,5,0,0,0,0,0
174,6,15,0,0,0,0
174,7,0,0,0,0,0
174,8,10,0,0,0,0
174,9,0,0,0,0,0
174,10,20,0,0,0,0
174,11,0,0,0,0,0
174,12,0,0,0,0,0
174,13,5,0,0,0,0
174,14,0,0,0,0,0
174,15,0,0,0,0,0
174,16,0,0,0,0,0
174,17,0,0,0,0,0
174,18,10,0,0,0,0
174,19,0,0,0,0,0
174,20,0,0,0,0,0
174,21,20,0,0,0,0
174,22,0,0,0,0,0
174,23,0,0,0,0,0
174,24,0,0,0,0,0
174,25,20,0,0,0,0
175,1,0,0,0,0,0
175,2,0,0,0,0,0
175,3,0,0,0,0,0
175,4,10,1,0,0,0
175,5,0,0,0,0,0
175,6,15,0,0,0,0
175,7,0,0,0,0,0
175,8,10,0,0,0,0
175,9,0,0,0,0,0
175,10,20,0,0,0,0
175,11,0,0,0,0,0
175,12,0,0,0,0,0
175,13,5,0,0,0,0
175,14,0,0,0,0,0
175,15,0,0,0,0,0
175,16,0,0,0,0,0
175,17,0,0,0,0,0
175,18,10,0,0,0,0
175,19,0,0,0,0,0
175,20,0,0,0,0,0
175,21,20,1,0,0,0
175,22,0,0,0,0,0
175,23,0,0,0,0,0
175,24,0,0,0,0,0
175,25,20,0,0,0,0
176,1,0,0,0,0,0
176,2,0,0,0,0,0
176,3,0,0,0,0,0
176,4,10,0,0,0,0
176,5,0,0,0,0,0
176,6,15,0,0,0,0
176,7,0,0,0,0,0
176,8,10,0,0,0,0
176,9,0,0,0,0,0
176,10,20,1,2,55.58,111.16
176,11,0,0,0,0,0
176,12,0,0,0,0,0
176,13,5,0,0,0,0
176,14,0,0,0,0,0
176,15,0,0,0,0,0
176,16,0,0,0,0,0
176,17,0,0,0,0,0
176,18,10,1,0,0,0
176,19,0,0,0,0,0
176,20,0,0,0,0,0
176,21,20,0,0,0,0
176,22,0,0,0,0,0
176,23,0,0,0,0,0
176,24,0,0,0,0,0
176,25,20,0,0,0,0
177,1,0,0,0,0,0
177,2,0,0,0,0,0
177,3,0,0,0,0,0
177,4,10,0,0,0,0
177,5,0,0,0,0,0
177,6,15,0,0,0,0
177,7,0,0,0,0,0
177,8,10,0,0,0,0
177,9,0,0,0,0,0
177,10,20,1,0,0,0
177,11,0,0,0,0,0
177,12,0,0,0,0,0
177,13,5,0,0,0,0
177,14,0,0,0,0,0
177,15,0,0,0,0,0
177,16,0,0,0,0,0
177,17,0,0,0,0,0
177,18,10,0,0,0,0
177,19,0,0,0,0,0
177,20,0,0,0,0,0
177,21,20,0,0,0,0
177,22,0,0,0,0,0
177,23,0,0,0,0,0
177,24,0,0,0,0,0
177,25,20,0,0,0,0
178,1,0,0,0,0,0
178,2,0,0,0,0,0
178,3,0,0,0,0,0
178,4,10,0,0,0,0
178,5,0,0,0,0,0
178,6,15,0,0,0,0
178,7,0,0,0,0,0
178,8,10,0,0,0,0
178,9,0,0,0,0,0
178,10,20,0,0,0,0
178,11,0,0,0,0,0
178,12,0,0,0,0,0
178,13,5,0,0,0,0
178,14,0,0,0,0,0
178,15,0,0,0,0,0
178,16,0,0,0,0,0
178,17,0,0,0,0,0
178,18,10,0,0,0,0
178,19,0,0,0,0,0
178,20,0,0,0,0,0
178,21,20,0,0,0,0
178,22,0,0,0,0,0
178,23,0,0,0,0,0
178,24,0,0,0,0,0
178,25,20,0,0,0,0
179,1,0,0,0,0,0
179,2,0,0,0,0,0
179,3,0,0,0,0,0
179,4,10,0,0,0,0
179,5,0,0,0,0,0
179,6,15,0,0,0,0
179,7,0,0,0,0,0
179,8,10,0,0,0,0
179,9,0,0,0,0,0
179,10,20,0,0,0,0
179,11,0,0,0,0,0
179,12,0,0,0,0,0
179,13,5,0,0,0,0
179,14,0,0,0,0,0
179,15,0,0,0,0,0
179,16,0,0,0,0,0
179,17,0,0,0,0,0
179,18,10,0,0,0,0
179,19,0,0,0,0,0
179,20,0,0,0,0,0
179,21,20,0,0,0,0
179,22,0,0,0,0,0
179,23,0,0,0,0,0
179,24,0,0,0,0,0
179,25,20,0,0,0,0
180,1,0,0,0,0,0
180,2,0,0,0,0,0
180,3,0,0,0,0,0
180,4,10,0,0,0,0
180,5,0,0,0,0,0
180,6,15,0,0,0,0
180,7,0,0,0,0,0
180,8,10,0,0,0,0
180,9,0,0,0,0,0
180,10,20,0,0,0,0
180,11,0,0,0,0,0
180,12,0,0,0,0,0
180,13,5,0,0,0,0
180,14,0,0,0,0,0
180,15,0,0,0,0,0
180,16,0,0,0,0,0
180,17,0,0,0,0,0
180,18,10,0,0,0,0
180,19,0,0,0,0,0
180,20,0,0,0,0,0
180,21,20,0,0,0,0
180,22,0,0,0,0,0
180,23,0,0,0,0,0
180,24,0,0,0,0,0
180,25,20,0,0,0,0
181,1,0,0,0,0,0
181,2,0,0,0,0,0
181,3,0,0,0,0,0
181,4,10,0,0,0,0
181,5,0,0,0,0,0
181,6,15,0,0,0,0
181,7,0,0,0,0,0
181,8,10,0,0,0,0
181,9,0,0,0,0,0
181,10,20,0,0,0,0
181,11,0,0,0,0,0
181,12,0,0,0,0,0
181,13,5,0,0,0,0
181,14,0,0,0,0,0
181,15,0,0,0,0,0
181,16,0,0,0,0,0
181,17,0,0,0,0,0
181,18,10,0,0,0,0
181,19,0,0,0,0,0
181,20,0,0,0,0,0
181,21,20,0,0,0,0
181,22,0,0,0,0,0
181,23,0,0,0,0,0
181,24,0,0,0,0,0
181,25,20,0,0,0,0
182,1,0,0,0,0,0
182,2,0,0,0,0,0
182,3,0,0,0,0,0
182,4,10,0,0,0,0
182,5,0,0,0,0,0
182,6,15,0,0,0,0
182,7,0,0,0,0,0
182,8,10,0,0,0,0
182,9,0,0,0,0,0
182,10,20,1,3,29.51,88.53
182,11,0,0,0,0,0
182,12,0,0,0,0,0
182,13,5,0,0,0,0
182,14,0,0,0,0,0
182,15,0,0,0,0,0
182,16,0,0,0,0,0
182,17,0,0,0,0,0
182,18,10,0,0,0,0
182,19,0,0,0,0,0
182,20,0,0,0,0,0
182,21,20,1,0,0,0
182,22,0,0,0,0,0
182,23,0,0,0,0,0
182,24,0,0,0,0,0
182,25,20,0,0,0,0
183,1,0,0,0,0,0
183,2,0,0,0,0,0
183,3,0,0,0,0,0
183,4,10,0,0,0,0
183,5,0,0,0,0,0
183,6,15,0,0,0,0
183,7,0,0,0,0,0
183,8,10,0,0,0,0
183,9,0,0,0,0,0
183,10,20,0,0,0,0
183,11,0,0,0,0,0
183,12,0,0,0,0,0
183,13,5,0,0,0,0
183,14,0,0,0,0,0
183,15,0,0,0,0,0
183,16,0,0,0,0,0
183,17,0,0,0,0,0
183,18,10,0,0,0,0
183,19,0,0,0,0,0
183,20,0,0,0,0,0
183,21,20,1,0,0,0
183,22,0,0,0,0,0
183,23,0,0,0,0,0
183,24,0,0,0,0,0
183,25,20,1,0,0,0
184,1,0,0,0,0,0
184,2,0,0,0,0,0
184,3,0,0,0,0,0
184,4,10,0,0,0,0
184,5,0,0,0,0,0
184,6,15,1,0,0,0
184,7,0,0,0,0,0
184,8,10,0,0,0,0
184,9,0,0,0,0,0
184,10,20,1,0,0,0
184,11,0,0,0,0,0
184,12,0,0,0,0,0
184,13,5,0,0,0,0
184,14,0,0,0,0,0
184,15,0,0,0,0,0
184,16,0,0,0,0,0
184,17,0,0,0,0,0
184,18,10,0,0,0,0
184,19,0,0,0,0,0
184,20,0,0,0,0,0
184,21,20,0,0,0,0
184,22,0,0,0,0,0
184,23,0,0,0,0,0
184,24,0,0,0,0,0
184,25,20,0,0,0,0
185,1,0,0,0,0,0
185,2,0,0,0,0,0
185,3,0,0,0,0,0
185,4,10,0,0,0,0
185,5,0,0,0,0,0
185,6,15,0,0,0,0
185,7,0,0,0,0,0
185,8,10,0,0,0,0
185,9,0,0,0,0,0
185,10,20,0,0,0,0
185,11,0,0,0,0,0
185,12,0,0,0,0,0
185,13,5,0,0,0,0
185,14,0,0,0,0,0
185,15,0,0,0,0,0
185,16,0,0,0,0,0
185,17,0,0,0,0,0
185,18,10,0,0,0,0
185,19,0,0,0,0,0
185,20,0,0,0,0,0
185,21,20,1,1,67.25,67.25
185,22,0,0,0,0,0
185,23,0,0,0,0,0
185,24,0,0,0,0,0
185,25,20,0,0,0,0
186,1,0,0,0,0,0
186,2,0,0,0,0,0
186,3,0,0,0,0,0
186,4,10,0,0,0,0
186,5,0,0,0,0,0
186,6,15,0,0,0,0
186,7,0,0,0,0,0
186,8,10,0,0,0,0
186,9,0,0,0,0,0
186,10,20,0,0,0,0
186,11,0,0,0,0,0
186,12,0,0,0,0,0
186,13,5,0,0,0,0
186,14,0,0,0,0,0
186,15,0,0,0,0,0
186,16,0,0,0,0,0
186,17,0,0,0,0,0
186,18,10,0,0,0,0
186,19,0,0,0,0,0
186,20,0,0,0,0,0
186,21,20,0,0,0,0
186,22,0,0,0,0,0
186,23,0,0,0,0,0
186,24,0,0,0,0,0
186,25,20,0,0,0,0
187,1,0,0,0,0,0
187,2,0,0,0,0,0
187,3,0,0,0,0,0
187,4,10,0,0,0,0
187,5,0,0,0,0,0
187,6,15,1,0,0,0
187,7,0,0,0,0,0
187,8,10,0,0,0,0
187,9,0,0,0,0,0
187,10,20,1,1,0,0
187,11,0,0,0,0,0
187,12,0,0,0,0,0
187,13,5,0,0,0,0
187,14,0,0,0,0,0
187,15,0,0,0,0,0
187,16,0,0,0,0,0
187,17,0,0,0,0,0
187,18,10,0,0,0,0
187,19,0,0,0,0,0
187,20,0,0,0,0,0
187,21,20,0,0,0,0
187,22,0,0,0,0,0
187,23,0,0,0,0,0
187,24,0,0,0,0,0
187,25,20,0,0,0,0
188,1,0,0,0,0,0
188,2,0,0,0,0,0
188,3,0,0,0,0,0
188,4,10,0,0,0,0
188,5,0,0,0,0,0
188,6,15,0,0,0,0
188,7,0,0,0,0,0
188,8,10,0,0,0,0
188,9,0,0,0,0,0
188,10,20,1,1,47.64,47.64
188,11,0,0,0,0,0
188,12,0,0,0,0,0
188,13,5,0,0,0,0
188,14,0,0,0,0,0
188,15,0,0,0,0,0
188,16,0,0,0,0,0
188,17,0,0,0,0,0
188,18,10,0,0,0,0
188,19,0,0,0,0,0
188,20,0,0,0,0,0
188,21,20,0,0,0,0
188,22,0,0,0,0,0
188,23,0,0,0,0,0
188,24,0,0,0,0,0
188,25,20,0,0,0,0
189,1,0,0,0,0,0
189,2,0,0,0,0,0
189,3,0,0,0,0,0
189,4,10,0,0,0,0
189,5,0,0,0,0,0
189,6,15,0,0,0,0
189,7,0,0,0,0,0
189,8,10,0,0,0,0
189,9,0,0,0,0,0
189,10,20,0,0,0,0
189,11,0,0,0,0,0
189,12,0,0,0,0,0
189,13,5,0,0,0,0
189,14,0,0,0,0,0
189,15,0,0,0,0,0
189,16,0,0,0,0,0
189,17,0,0,0,0,0
189,18,10,0,0,0,0
189,19,0,0,0,0,0
189,20,0,0,0,0,0
189,21,20,0,0,0,0
189,22,0,0,0,0,0
189,23,0,0,0,0,0
189,24,0,0,0,0,0
189,25,20,0,0,0,0
190,1,0,0,0,0,0
190,2,0,0,0,0,0
190,3,0,0,0,0,0
190,4,10,0,0,0,0
190,5,0,0,0,0,0
190,6,15,0,0,0,0
190,7,0,0,0,0,0
190,8,10,0,0,0,0
190,9,0,0,0,0,0
190,10,20,0,0,0,0
190,11,0,0,0,0,0
190,12,0,0,0,0,0
190,13,5,0,0,0,0
190,14,0,0,0,0,0
190,15,0,0,0,0,0
190,16,0,0,0,0,0
190,17,0,0,0,0,0
190,18,10,0,0,0,0
190,19,0,0,0,0,0
190,20,0,0,0,0,0
190,21,20,1,1,35.89,35.89
190,22,0,0,0,0,0
190,23,0,1,0,0,0
190,24,0,0,0,0,0
190,25,20,0,0,0,0
191,1,0,0,0,0,0
191,2,0,0,0,0,0
191,3,0,0,0,0,0
191,4,10,0,0,0,0
191,5,0,0,0,0,0
191,6,15,0,0,0,0
191,7,0,0,0,0,0
191,8,10,0,0,0,0
191,9,0,0,0,0,0
191,10,20,1,0,0,0
191,11,0,0,0,0,0
191,12,0,0,0,0,0
191,13,5,0,0,0,0
191,14,0,0,0,0,0
191,15,0,0,0,0,0
191,16,0,0,0,0,0
191,17,0,0,0,0,0
191,18,10,0,0,0,0
191,19,0,0,0,0,0
191,20,0,0,0,0,0
191,21,20,1,0,0,0
191,22,0,0,0,0,0
191,23,0,0,0,0,0
191,24,0,0,0,0,0
191,25,20,0,0,0,0
192,1,0,0,0,0,0
192,2,0,0,0,0,0
192,3,0,0,0,0,0
192,4,10,0,0,0,0
192,5,0,0,0,0,0
192,6,15,0,0,0,0
192,7,0,0,0,0,0
192,8,10,0,0,0,0
192,9,0,0,0,0,0
192,10,20,0,0,0,0
192,11,0,0,0,0,0
192,12,0,0,0,0,0
192,13,5,0,0,0,0
192,14,0,0,0,0,0
192,15,0,0,0,0,0
192,16,0,0,0,0,0
192,17,0,0,0,0,0
192,18,10,0,0,0,0
192,19,0,0,0,0,0
192,20,0,0,0,0,0
192,21,20,0,0,0,0
192,22,0,0,0,0,0
192,23,0,0,0,0,0
192,24,0,0,0,0,0
192,25,20,0,0,0,0
193,1,0,0,0,0,0
193,2,0,0,0,0,0
193,3,0,0,0,0,0
193,4,10,0,0,0,0
193,5,0,0,0,0,0
193,6,15,0,0,0,0
193,7,0,0,0,0,0
193,8,10,1,7,38.47,269.29
193,9,0,0,0,0,0
193,10,20,0,0,0,0
193,11,0,0,0,0,0
193,12,0,0,0,0,0
193,13,5,0,0,0,0
193,14,0,0,0,0,0
193,15,0,0,0,0,0
193,16,0,0,0,0,0
193,17,0,0,0,0,0
193,18,10,0,0,0,0
193,19,0,0,0,0,0
193,20,0,0,0,0,0
193,21,20,0,0,0,0
193,22,0,0,0,0,0
193,23,0,0,0,0,0
193,24,0,0,0,0,0
193,25,20,0,0,0,0
194,1,0,0,0,0,0
194,2,0,0,0,0,0
194,3,0,0,0,0,0
194,4,10,0,0,0,0
194,5,0,0,0,0,0
194,6,15,0,0,0,0
194,7,0,0,0,0,0
194,8,10,0,0,0,0
194,9,0,0,0,0,0
194,10,20,0,0,0,0
194,11,0,0,0,0,0
194,12,0,0,0,0,0
194,13,5,0,0,0,0
194,14,0,0,0,0,0
194,15,0,0,0,0,0
194,16,0,0,0,0,0
194,17,0,0,0,0,0
194,18,10,0,0,0,0
194,19,0,0,0,0,0
194,20,0,0,0,0,0
194,21,20,0,0,0,0
194,22,0,0,0,0,0
194,23,0,0,0,0,0
194,24,0,0,0,0,0
194,25,20,0,0,0,0
195,1,0,0,0,0,0
195,2,0,0,0,0,0
195,3,0,0,0,0,0
195,4,10,0,0,0,0
195,5,0,0,0,0,0
195,6,15,0,0,0,0
195,7,0,0,0,0,0
195,8,10,0,0,0,0
195,9,0,0,0,0,0
195,10,20,0,0,0,0
195,11,0,1,1,20.55,20.55
195,12,0,0,0,0,0
195,13,5,0,0,0,0
195,14,0,0,0,0,0
195,15,0,0,0,0,0
195,16,0,0,0,0,0
195,17,0,0,0,0,0
195,18,10,0,0,0,0
195,19,0,0,0,0,0
195,20,0,0,0,0,0
195,21,20,0,0,0,0
195,22,0,0,0,0,0
195,23,0,0,0,0,0
195,24,0,0,0,0,0
195,25,20,0,0,0,0
196,1,0,0,0,0,0
196,2,0,0,0,0,0
196,3,0,0,0,0,0
196,4,10,0,0,0,0
196,5,0,0,0,0,0
196,6,15,0,0,0,0
196,7,0,0,0,0,0
196,8,10,0,0,0,0
196,9,0,0,0,0,0
196,10,20,0,0,0,0
196,11,0,0,0,0,0
196,12,0,0,0,0,0
196,13,5,0,0,0,0
196,14,0,0,0,0,0
196,15,0,0,0,0,0
196,16,0,0,0,0,0
196,17,0,0,0,0,0
196,18,10,0,0,0,0
196,19,0,0,0,0,0
196,20,0,0,0,0,0
196,21,20,0,0,0,0
196,22,0,0,0,0,0
196,23,0,1,1,56,56
196,24,0,0,0,0,0
196,25,20,0,0,0,0
197,1,0,0,0,0,0
197,2,0,0,0,0,0
197,3,0,0,0,0,0
197,4,10,0,0,0,0
197,5,0,0,0,0,0
197,6,15,0,0,0,0
197,7,0,0,0,0,0
197,8,10,0,0,0,0
197,9,0,0,0,0,0
197,10,20,0,0,0,0
197,11,0,0,0,0,0
197,12,0,0,0,0,0
197,13,5,0,0,0,0
197,14,0,0,0,0,0
197,15,0,0,0,0,0
197,16,0,0,0,0,0
197,17,0,0,0,0,0
197,18,10,1,1,45.93,45.93
197,19,0,0,0,0,0
197,20,0,0,0,0,0
197,21,20,0,0,0,0
197,22,0,0,0,0,0
197,23,0,0,0,0,0
197,24,0,0,0,0,0
197,25,20,0,0,0,0
198,1,0,0,0,0,0
198,2,0,0,0,0,0
198,3,0,0,0,0,0
198,4,10,0,0,0,0
198,5,0,0,0,0,0
198,6,15,1,1,61.95,61.95
198,7,0,0,0,0,0
198,8,10,0,0,0,0
198,9,0,0,0,0,0
198,10,20,0,0,0,0
198,11,0,0,0,0,0
198,12,0,0,0,0,0
198,13,5,0,0,0,0
198,14,0,0,0,0,0
198,15,0,0,0,0,0
198,16,0,0,0,0,0
198,17,0,0,0,0,0
198,18,10,0,0,0,0
198,19,0,0,0,0,0
198,20,0,0,0,0,0
198,21,20,0,0,0,0
198,22,0,0,0,0,0
198,23,0,0,0,0,0
198,24,0,0,0,0,0
198,25,20,0,0,0,0
199,1,0,0,0,0,0
199,2,0,0,0,0,0
199,3,0,0,0,0,0
199,4,10,0,0,0,0
199,5,0,0,0,0,0
199,6,15,0,0,0,0
199,7,0,0,0,0,0
199,8,10,0,0,0,0
199,9,0,0,0,0,0
199,10,20,0,0,0,0
199,11,0,0,0,0,0
199,12,0,0,0,0,0
199,13,5,0,0,0,0
199,14,0,0,0,0,0
199,15,0,0,0,0,0
199,16,0,0,0,0,0
199,17,0,0,0,0,0
199,18,10,0,0,0,0
199,19,0,0,0,0,0
199,20,0,0,0,0,0
199,21,20,0,0,0,0
199,22,0,0,0,0,0
199,23,0,0,0,0,0
199,24,0,0,0,0,0
199,25,20,0,0,0,0
200,1,0,0,0,0,0
200,2,0,0,0,0,0
200,3,0,0,0,0,0
200,4,10,0,0,0,0
200,5,0,0,0,0,0
200,6,15,0,0,0,0
200,7,0,0,0,0,0
200,8,10,1,4,16.49,65.96
200,9,0,0,0,0,0
200,10,20,0,0,0,0
200,11,0,0,0,0,0
200,12,0,0,0,0,0
200,13,5,0,0,0,0
200,14,0,0,0,0,0
200,15,0,0,0,0,0
200,16,0,0,0,0,0
200,17,0,0,0,0,0
200,18,10,0,0,0,0
200,19,0,0,0,0,0
200,20,0,0,0,0,0
200,21,20,0,0,0,0
200,22,0,0,0,0,0
200,23,0,0,0,0,0
200,24,0,0,0,0,0
200,25,20,0,0,0,0
201,1,0,0,0,0,0
201,2,0,0,0,0,0
201,3,0,0,0,0,0
201,4,10,0,0,0,0
201,5,0,0,0,0,0
201,6,15,0,0,0,0
201,7,0,0,0,0,0
201,8,10,0,0,0,0
201,9,0,0,0,0,0
201,10,20,0,0,0,0
201,11,0,0,0,0,0
201,12,0,0,0,0,0
201,13,5,0,0,0,0
201,14,0,0,0,0,0
201,15,0,0,0,0,0
201,16,0,0,0,0,0
201,17,0,0,0,0,0
201,18,10,0,0,0,0
201,19,0,0,0,0,0
201,20,0,0,0,0,0
201,21,20,0,0,0,0
201,22,0,0,0,0,0
201,23,0,0,0,0,0
201,24,0,0,0,0,0
201,25,20,0,0,0,0
202,1,0,0,0,0,0
202,2,0,0,0,0,0
202,3,0,0,0,0,0
202,4,10,0,0,0,0
202,5,0,0,0,0,0
202,6,15,0,0,0,0
202,7,0,0,0,0,0
202,8,10,0,0,0,0
202,9,0,0,0,0,0
202,10,20,0,0,0,0
202,11,0,0,0,0,0
202,12,0,0,0,0,0
202,13,5,0,0,0,0
202,14,0,0,0,0,0
202,15,0,0,0,0,0
202,16,0,0,0,0,0
202,17,0,0,0,0,0
202,18,10,0,0,0,0
202,19,0,0,0,0,0
202,20,0,0,0,0,0
202,21,20,0,0,0,0
202,22,0,0,0,0,0
202,23,0,0,0,0,0
202,24,0,0,0,0,0
202,25,20,0,0,0,0
203,1,0,0,0,0,0
203,2,0,0,0,0,0
203,3,0,0,0,0,0
203,4,10,0,0,0,0
203,5,0,0,0,0,0
203,6,15,0,0,0,0
203,7,0,0,0,0,0
203,8,10,0,0,0,0
203,9,0,0,0,0,0
203,10,20,0,0,0,0
203,11,0,0,0,0,0
203,12,0,0,0,0,0
203,13,5,0,0,0,0
203,14,0,0,0,0,0
203,15,0,0,0,0,0
203,16,0,0,0,0,0
203,17,0,0,0,0,0
203,18,10,0,0,0,0
203,19,0,0,0,0,0
203,20,0,0,0,0,0
203,21,20,1,4,53.73,214.92
203,22,0,0,0,0,0
203,23,0,0,0,0,0
203,24,0,0,0,0,0
203,25,20,0,0,0,0
204,1,0,0,0,0,0
204,2,0,0,0,0,0
204,3,0,0,0,0,0
204,4,10,0,0,0,0
204,5,0,0,0,0,0
204,6,15,0,0,0,0
204,7,0,0,0,0,0
204,8,10,0,0,0,0
204,9,0,0,0,0,0
204,10,20,0,0,0,0
204,11,0,0,0,0,0
204,12,0,0,0,0,0
204,13,5,0,0,0,0
204,14,0,0,0,0,0
204,15,0,0,0,0,0
204,16,0,0,0,0,0
204,17,0,0,0,0,0
204,18,10,0,0,0,0
204,19,0,0,0,0,0
204,20,0,0,0,0,0
204,21,20,1,0,0,0
204,22,0,0,0,0,0
204,23,0,0,0,0,0
204,24,0,0,0,0,0
204,25,20,0,0,0,0
205,1,0,0,0,0,0
205,2,0,0,0,0,0
205,3,0,0,0,0,0
205,4,10,0,0,0,0
205,5,0,0,0,0,0
205,6,15,0,0,0,0
205,7,0,0,0,0,0
205,8,10,0,0,0,0
205,9,0,0,0,0,0
205,10,20,0,0,0,0
205,11,0,0,0,0,0
205,12,0,0,0,0,0
205,13,5,0,0,0,0
205,14,0,0,0,0,0
205,15,0,0,0,0,0
205,16,0,0,0,0,0
205,17,0,0,0,0,0
205,18,10,0,0,0,0
205,19,0,0,0,0,0
205,20,0,0,0,0,0
205,21,20,0,0,0,0
205,22,0,0,0,0,0
205,23,0,0,0,0,0
205,24,0,0,0,0,0
205,25,20,0,0,0,0
206,1,0,0,0,0,0
206,2,0,0,0,0,0
206,3,0,0,0,0,0
206,4,10,0,0,0,0
206,5,0,0,0,0,0
206,6,15,0,0,0,0
206,7,0,0,0,0,0
206,8,10,0,0,0,0
206,9,0,0,0,0,0
206,10,20,0,0,0,0
206,11,0,0,0,0,0
206,12,0,0,0,0,0
206,13,5,0,0,0,0
206,14,0,0,0,0,0
206,15,0,0,0,0,0
206,16,0,0,0,0,0
206,17,0,0,0,0,0
206,18,10,0,0,0,0
206,19,0,0,0,0,0
206,20,0,0,0,0,0
206,21,20,0,0,0,0
206,22,0,0,0,0,0
206,23,0,0,0,0,0
206,24,0,0,0,0,0
206,25,20,0,0,0,0
207,1,0,0,0,0,0
207,2,0,0,0,0,0
207,3,0,0,0,0,0
207,4,10,0,0,0,0
207,5,0,0,0,0,0
207,6,15,0,0,0,0
207,7,0,0,0,0,0
207,8,10,0,0,0,0
207,9,0,0,0,0,0
207,10,20,0,0,0,0
207,11,0,0,0,0,0
207,12,0,0,0,0,0
207,13,5,0,0,0,0
207,14,0,0,0,0,0
207,15,0,0,0,0,0
207,16,0,0,0,0,0
207,17,0,0,0,0,0
207,18,10,0,0,0,0
207,19,0,0,0,0,0
207,20,0,0,0,0,0
207,21,20,0,0,0,0
207,22,0,0,0,0,0
207,23,0,0,0,0,0
207,24,0,0,0,0,0
207,25,20,0,0,0,0
208,1,0,0,0,0,0
208,2,0,0,0,0,0
208,3,0,0,0,0,0
208,4,10,0,0,0,0
208,5,0,0,0,0,0
208,6,15,0,0,0,0
208,7,0,0,0,0,0
208,8,10,0,0,0,0
208,9,0,0,0,0,0
208,10,20,0,0,0,0
208,11,0,0,0,0,0
208,12,0,0,0,0,0
208,13,5,0,0,0,0
208,14,0,0,0,0,0
208,15,0,0,0,0,0
208,16,0,0,0,0,0
208,17,0,0,0,0,0
208,18,10,1,1,70.24,70.24
208,19,0,0,0,0,0
208,20,0,0,0,0,0
208,21,20,0,0,0,0
208,22,0,0,0,0,0
208,23,0,0,0,0,0
208,24,0,0,0,0,0
208,25,20,0,0,0,0
209,1,0,0,0,0,0
209,2,0,0,0,0,0
209,3,0,0,0,0,0
209,4,10,0,0,0,0
209,5,0,0,0,0,0
209,6,15,0,0,0,0
209,7,0,0,0,0,0
209,8,10,0,0,0,0
209,9,0,0,0,0,0
209,10,20,1,0,0,0
209,11,0,0,0,0,0
209,12,0,0,0,0,0
209,13,5,0,0,0,0
209,14,0,0,0,0,0
209,15,0,0,0,0,0
209,16,0,0,0,0,0
209,17,0,0,0,0,0
209,18,10,0,0,0,0
209,19,0,0,0,0,0
209,20,0,0,0,0,0
209,21,20,0,0,0,0
209,22,0,0,0,0,0
209,23,0,0,0,0,0
209,24,0,0,0,0,0
209,25,20,0,0,0,0
210,1,0,0,0,0,0
210,2,0,0,0,0,0
210,3,0,0,0,0,0
210,4,10,0,0,0,0
210,5,0,0,0,0,0
210,6,15,0,0,0,0
210,7,0,0,0,0,0
210,8,10,1,0,0,0
210,9,0,0,0,0,0
210,10,20,0,0,0,0
210,11,0,0,0,0,0
210,12,0,0,0,0,0
210,13,5,0,0,0,0
210,14,0,0,0,0,0
210,15,0,0,0,0,0
210,16,0,0,0,0,0
210,17,0,0,0,0,0
210,18,10,0,0,0,0
210,19,0,0,0,0,0
210,20,0,0,0,0,0
210,21,20,0,0,0,0
210,22,0,0,0,0,0
210,23,0,0,0,0,0
210,24,0,0,0,0,0
210,25,20,0,0,0,0
211,1,0,0,0,0,0
211,2,0,0,0,0,0
211,3,0,0,0,0,0
211,4,10,0,0,0,0
211,5,0,0,0,0,0
211,6,15,1,0,0,0
211,7,0,0,0,0,0
211,8,10,0,0,0,0
211,9,0,0,0,0,0
211,10,20,0,0,0,0
211,11,0,0,0,0,0
211,12,0,0,0,0,0
211,13,5,0,0,0,0
211,14,0,0,0,0,0
211,15,0,0,0,0,0
211,16,0,0,0,0,0
211,17,0,0,0,0,0
211,18,10,0,0,0,0
211,19,0,0,0,0,0
211,20,0,0,0,0,0
211,21,20,0,0,0,0
211,22,0,0,0,0,0
211,23,0,0,0,0,0
211,24,0,0,0,0,0
211,25,20,0,0,0,0
212,1,0,0,0,0,0
212,2,0,0,0,0,0
212,3,0,0,0,0,0
212,4,10,0,0,0,0
212,5,0,0,0,0,0
212,6,15,0,0,0,0
212,7,0,0,0,0,0
212,8,10,0,0,0,0
212,9,0,0,0,0,0
212,10,20,0,0,0,0
212,11,0,0,0,0,0
212,12,0,0,0,0,0
212,13,5,0,0,0,0
212,14,0,0,0,0,0
212,15,0,0,0,0,0
212,16,0,0,0,0,0
212,17,0,0,0,0,0
212,18,10,0,0,0,0
212,19,0,0,0,0,0
212,20,0,0,0,0,0
212,21,20,0,0,0,0
212,22,0,0,0,0,0
212,23,0,0,0,0,0
212,24,0,0,0,0,0
212,25,20,0,0,0,0
213,1,0,0,0,0,0
213,2,0,0,0,0,0
213,3,0,0,0,0,0
213,4,10,0,0,0,0
213,5,0,0,0,0,0
213,6,15,1,0,0,0
213,7,0,0,0,0,0
213,8,10,0,0,0,0
213,9,0,0,0,0,0
213,10,20,0,0,0,0
213,11,0,0,0,0,0
213,12,0,0,0,0,0
213,13,5,0,0,0,0
213,14,0,0,0,0,0
213,15,0,0,0,0,0
213,16,0,0,0,0,0
213,17,0,0,0,0,0
213,18,10,0,0,0,0
213,19,0,0,0,0,0
213,20,0,0,0,0,0
213,21,20,0,0,0,0
213,22,0,0,0,0,0
213,23,0,0,0,0,0
213,24,0,0,0,0,0
213,25,20,0,0,0,0
214,1,0,0,0,0,0
214,2,0,0,0,0,0
214,3,0,0,0,0,0
214,4,10,0,0,0,0
214,5,0,0,0,0,0
214,6,15,0,0,0,0
214,7,0,0,0,0,0
214,8,10,0,0,0,0
214,9,0,0,0,0,0
214,10,20,0,0,0,0
214,11,0,0,0,0,0
214,12,0,0,0,0,0
214,13,5,0,0,0,0
214,14,0,0,0,0,0
214,15,0,0,0,0,0
214,16,0,0,0,0,0
214,17,0,0,0,0,0
214,18,10,1,1,34.83,34.83
214,19,0,0,0,0,0
214,20,0,0,0,0,0
214,21,20,0,0,0,0
214,22,0,0,0,0,0
214,23,0,0,0,0,0
214,24,0,0,0,0,0
214,25,20,0,0,0,0
215,1,0,0,0,0,0
215,2,0,0,0,0,0
215,3,0,0,0,0,0
215,4,10,0,0,0,0
215,5,0,0,0,0,0
215,6,15,0,0,0,0
215,7,0,0,0,0,0
215,8,10,0,0,0,0
215,9,0,0,0,0,0
215,10,20,0,0,0,0
215,11,0,0,0,0,0
215,12,0,0,0,0,0
215,13,5,0,0,0,0
215,14,0,0,0,0,0
215,15,0,0,0,0,0
215,16,0,0,0,0,0
215,17,0,0,0,0,0
215,18,10,0,0,0,0
215,19,0,0,0,0,0
215,20,0,0,0,0,0
215,21,20,0,0,0,0
215,22,0,0,0,0,0
215,23,0,0,0,0,0
215,24,0,0,0,0,0
215,25,20,1,1,102.82,102.82
216,1,0,0,0,0,0
216,2,0,0,0,0,0
216,3,0,0,0,0,0
216,4,10,0,0,0,0
216,5,0,0,0,0,0
216,6,15,0,0,0,0
216,7,0,0,0,0,0
216,8,10,0,0,0,0
216,9,0,0,0,0,0
216,10,20,0,0,0,0
216,11,0,0,0,0,0
216,12,0,0,0,0,0
216,13,5,0,0,0,0
216,14,0,0,0,0,0
216,15,0,0,0,0,0
216,16,0,0,0,0,0
216,17,0,0,0,0,0
216,18,10,1,0,0,0
216,19,0,0,0,0,0
216,20,0,0,0,0,0
216,21,20,0,0,0,0
216,22,0,0,0,0,0
216,23,0,0,0,0,0
216,24,0,0,0,0,0
216,25,20,0,0,0,0
217,1,0,0,0,0,0
217,2,0,0,0,0,0
217,3,0,0,0,0,0
217,4,10,0,0,0,0
217,5,0,0,0,0,0
217,6,15,0,0,0,0
217,7,0,0,0,0,0
217,8,10,0,0,0,0
217,9,0,0,0,0,0
217,10,20,1,2,80.33,160.66
217,11,0,0,0,0,0
217,12,0,0,0,0,0
217,13,5,0,0,0,0
217,14,0,0,0,0,0
217,15,0,0,0,0,0
217,16,0,0,0,0,0
217,17,0,0,0,0,0
217,18,10,0,0,0,0
217,19,0,0,0,0,0
217,20,0,0,0,0,0
217,21,20,0,0,0,0
217,22,0,0,0,0,0
217,23,0,0,0,0,0
217,24,0,0,0,0,0
217,25,20,0,0,0,0
218,1,0,0,0,0,0
218,2,0,0,0,0,0
218,3,0,0,0,0,0
218,4,10,0,0,0,0
218,5,0,0,0,0,0
218,6,15,0,0,0,0
218,7,0,0,0,0,0
218,8,10,1,4,32.07,128.28
218,9,0,0,0,0,0
218,10,20,0,0,0,0
218,11,0,0,0,0,0
218,12,0,0,0,0,0
218,13,5,0,0,0,0
218,14,0,0,0,0,0
218,15,0,0,0,0,0
218,16,0,0,0,0,0
218,17,0,0,0,0,0
218,18,10,0,0,0,0
218,19,0,0,0,0,0
218,20,0,0,0,0,0
218,21,20,0,0,0,0
218,22,0,0,0,0,0
218,23,0,0,0,0,0
218,24,0,0,0,0,0
218,25,20,0,0,0,0
219,1,0,0,0,0,0
219,2,0,0,0,0,0
219,3,0,0,0,0,0
219,4,10,0,0,0,0
219,5,0,0,0,0,0
219,6,15,0,0,0,0
219,7,0,0,0,0,0
219,8,10,0,0,0,0
219,9,0,0,0,0,0
219,10,20,0,0,0,0
219,11,0,0,0,0,0
219,12,0,0,0,0,0
219,13,5,0,0,0,0
219,14,0,0,0,0,0
219,15,0,0,0,0,0
219,16,0,0,0,0,0
219,17,0,0,0,0,0
219,18,10,0,0,0,0
219,19,0,0,0,0,0
219,20,0,0,0,0,0
219,21,20,0,0,0,0
219,22,0,0,0,0,0
219,23,0,0,0,0,0
219,24,0,0,0,0,0
219,25,20,1,0,0,0
220,1,0,0,0,0,0
220,2,0,0,0,0,0
220,3,0,0,0,0,0
220,4,10,0,0,0,0
220,5,0,0,0,0,0
220,6,15,0,0,0,0
220,7,0,0,0,0,0
220,8,10,1,0,0,0
220,9,0,0,0,0,0
220,10,20,0,0,0,0
220,11,0,0,0,0,0
220,12,0,0,0,0,0
220,13,5,0,0,0,0
220,14,0,0,0,0,0
220,15,0,0,0,0,0
220,16,0,0,0,0,0
220,17,0,0,0,0,0
220,18,10,0,0,0,0
220,19,0,0,0,0,0
220,20,0,0,0,0,0
220,21,20,0,0,0,0
220,22,0,0,0,0,0
220,23,0,0,0,0,0
220,24,0,0,0,0,0
220,25,20,0,0,0,0
221,1,0,0,0,0,0
221,2,0,0,0,0,0
221,3,0,0,0,0,0
221,4,10,0,0,0,0
221,5,0,0,0,0,0
221,6,15,0,0,0,0
221,7,0,0,0,0,0
221,8,10,0,0,0,0
221,9,0,0,0,0,0
221,10,20,1,2,20.93,41.86
221,11,0,0,0,0,0
221,12,0,0,0,0,0
221,13,5,0,0,0,0
221,14,0,0,0,0,0
221,15,0,0,0,0,0
221,16,0,0,0,0,0
221,17,0,0,0,0,0
221,18,10,0,0,0,0
221,19,0,0,0,0,0
221,20,0,0,0,0,0
221,21,20,0,0,0,0
221,22,0,0,0,0,0
221,23,0,0,0,0,0
221,24,0,0,0,0,0
221,25,20,1,2,53.34,106.68
222,1,0,0,0,0,0
222,2,0,0,0,0,0
222,3,0,0,0,0,0
222,4,10,0,0,0,0
222,5,0,0,0,0,0
222,6,15,0,0,0,0
222,7,0,0,0,0,0
222,8,10,0,0,0,0
222,9,0,0,0,0,0
222,10,20,0,0,0,0
222,11,0,0,0,0,0
222,12,0,0,0,0,0
222,13,5,0,0,0,0
222,14,0,0,0,0,0
222,15,0,0,0,0,0
222,16,0,0,0,0,0
222,17,0,0,0,0,0
222,18,10,0,0,0,0
222,19,0,0,0,0,0
222,20,0,0,0,0,0
222,21,20,0,0,0,0
222,22,0,0,0,0,0
222,23,0,0,0,0,0
222,24,0,0,0,0,0
222,25,20,0,0,0,0
223,1,0,0,0,0,0
223,2,0,0,0,0,0
223,3,0,0,0,0,0
223,4,10,0,0,0,0
223,5,0,0,0,0,0
223,6,15,1,1,60.19,60.19
223,7,0,0,0,0,0
223,8,10,0,0,0,0
223,9,0,0,0,0,0
223,10,20,0,0,0,0
223,11,0,0,0,0,0
223,12,0,0,0,0,0
223,13,5,0,0,0,0
223,14,0,0,0,0,0
223,15,0,0,0,0,0
223,16,0,0,0,0,0
223,17,0,0,0,0,0
223,18,10,0,0,0,0
223,19,0,0,0,0,0
223,20,0,0,0,0,0
223,21,20,1,0,0,0
223,22,0,0,0,0,0
223,23,0,0,0,0,0
223,24,0,0,0,0,0
223,25,20,0,0,0,0
224,1,0,0,0,0,0
224,2,0,0,0,0,0
224,3,0,0,0,0,0
224,4,10,0,0,0,0
224,5,0,0,0,0,0
224,6,15,1,2,57.05,114.1
224,7,0,0,0,0,0
224,8,10,0,0,0,0
224,9,0,0,0,0,0
224,10,20,0,0,0,0
224,11,0,0,0,0,0
224,12,0,0,0,0,0
224,13,5,0,0,0,0
224,14,0,0,0,0,0
224,15,0,0,0,0,0
224,16,0,0,0,0,0
224,17,0,0,0,0,0
224,18,10,0,0,0,0
224,19,0,0,0,0,0
224,20,0,0,0,0,0
224,21,20,0,0,0,0
224,22,0,0,0,0,0
224,23,0,0,0,0,0
224,24,0,0,0,0,0
224,25,20,0,0,0,0
225,1,0,0,0,0,0
225,2,0,0,0,0,0
225,3,0,0,0,0,0
225,4,10,0,0,0,0
225,5,0,0,0,0,0
225,6,15,0,0,0,0
225,7,0,0,0,0,0
225,8,10,0,0,0,0
225,9,0,0,0,0,0
225,10,20,1,0,0,0
225,11,0,0,0,0,0
225,12,0,0,0,0,0
225,13,5,1,1,32.35,32.35
225,14,0,0,0,0,0
225,15,0,0,0,0,0
225,16,0,0,0,0,0
225,17,0,0,0,0,0
225,18,10,0,0,0,0
225,19,0,0,0,0,0
225,20,0,0,0,0,0
225,21,20,0,0,0,0
225,22,0,0,0,0,0
225,23,0,0,0,0,0
225,24,0,0,0,0,0
225,25,20,0,0,0,0
226,1,0,0,0,0,0
226,2,0,0,0,0,0
226,3,0,1,3,69.25,207.75
226,4,10,0,0,0,0
226,5,0,0,0,0,0
226,6,15,0,0,0,0
226,7,0,0,0,0,0
226,8,10,0,0,0,0
226,9,0,0,0,0,0
226,10,20,1,1,77.12,77.12
226,11,0,0,0,0,0
226,12,0,0,0,0,0
226,13,5,0,0,0,0
226,14,0,0,0,0,0
226,15,0,0,0,0,0
226,16,0,0,0,0,0
226,17,0,0,0,0,0
226,18,10,0,0,0,0
226,19,0,0,0,0,0
226,20,0,0,0,0,0
226,21,20,0,0,0,0
226,22,0,0,0,0,0
226,23,0,0,0,0,0
226,24,0,0,0,0,0
226,25,20,1,3,54.88,164.64
227,1,0,0,0,0,0
227,2,0,0,0,0,0
227,3,0,0,0,0,0
227,4,10,1,0,0,0
227,5,0,0,0,0,0
227,6,15,0,0,0,0
227,7,0,0,0,0,0
227,8,10,0,0,0,0
227,9,0,0,0,0,0
227,10,20,0,0,0,0
227,11,0,0,0,0,0
227,12,0,0,0,0,0
227,13,5,0,0,0,0
227,14,0,0,0,0,0
227,15,0,0,0,0,0
227,16,0,0,0,0,0
227,17,0,0,0,0,0
227,18,10,0,0,0,0
227,19,0,0,0,0,0
227,20,0,0,0,0,0
227,21,20,0,0,0,0
227,22,0,0,0,0,0
227,23,0,0,0,0,0
227,24,0,0,0,0,0
227,25,20,0,0,0,0
228,1,0,0,0,0,0
228,2,0,0,0,0,0
228,3,0,0,0,0,0
228,4,10,0,0,0,0
228,5,0,0,0,0,0
228,6,15,0,0,0,0
228,7,0,0,0,0,0
228,8,10,0,0,0,0
228,9,0,0,0,0,0
228,10,20,1,0,0,0
228,11,0,0,0,0,0
228,12,0,0,0,0,0
228,13,5,0,0,0,0
228,14,0,0,0,0,0
228,15,0,0,0,0,0
228,16,0,0,0,0,0
228,17,0,0,0,0,0
228,18,10,0,0,0,0
228,19,0,0,0,0,0
228,20,0,0,0,0,0
228,21,20,0,0,0,0
228,22,0,0,0,0,0
228,23,0,0,0,0,0
228,24,0,0,0,0,0
228,25,20,0,0,0,0
229,1,0,0,0,0,0
229,2,0,0,0,0,0
229,3,0,0,0,0,0
229,4,10,0,0,0,0
229,5,0,0,0,0,0
229,6,15,0,0,0,0
229,7,0,0,0,0,0
229,8,10,0,0,0,0
229,9,0,0,0,0,0
229,10,20,0,0,0,0
229,11,0,0,0,0,0
229,12,0,0,0,0,0
229,13,5,0,0,0,0
229,14,0,0,0,0,0
229,15,0,0,0,0,0
229,16,0,0,0,0,0
229,17,0,0,0,0,0
229,18,10,1,1,63.81,63.81
229,19,0,0,0,0,0
229,20,0,0,0,0,0
229,21,20,0,0,0,0
229,22,0,0,0,0,0
229,23,0,0,0,0,0
229,24,0,0,0,0,0
229,25,20,0,0,0,0
230,1,0,0,0,0,0
230,2,0,0,0,0,0
230,3,0,0,0,0,0
230,4,10,0,0,0,0
230,5,0,0,0,0,0
230,6,15,0,0,0,0
230,7,0,0,0,0,0
230,8,10,0,0,0,0
230,9,0,0,0,0,0
230,10,20,0,0,0,0
230,11,0,0,0,0,0
230,12,0,0,0,0,0
230,13,5,0,0,0,0
230,14,0,0,0,0,0
230,15,0,0,0,0,0
230,16,0,0,0,0,0
230,17,0,0,0,0,0
230,18,10,0,0,0,0
230,19,0,0,0,0,0
230,20,0,0,0,0,0
230,21,20,0,0,0,0
230,22,0,0,0,0,0
230,23,0,0,0,0,0
230,24,0,0,0,0,0
230,25,20,0,0,0,0
231,1,0,0,0,0,0
231,2,0,0,0,0,0
231,3,0,0,0,0,0
231,4,10,0,0,0,0
231,5,0,0,0,0,0
231,6,15,0,0,0,0
231,7,0,0,0,0,0
231,8,10,0,0,0,0
231,9,0,0,0,0,0
231,10,20,1,1,68.57,68.57
231,11,0,0,0,0,0
231,12,0,0,0,0,0
231,13,5,0,0,0,0
231,14,0,0,0,0,0
231,15,0,0,0,0,0
231,16,0,0,0,0,0
231,17,0,0,0,0,0
231,18,10,0,0,0,0
231,19,0,0,0,0,0
231,20,0,0,0,0,0
231,21,20,0,0,0,0
231,22,0,0,0,0,0
231,23,0,0,0,0,0
231,24,0,0,0,0,0
231,25,20,0,0,0,0
232,1,0,0,0,0,0
232,2,0,0,0,0,0
232,3,0,0,0,0,0
232,4,10,0,0,0,0
232,5,0,0,0,0,0
232,6,15,0,0,0,0
232,7,0,0,0,0,0
232,8,10,0,0,0,0
232,9,0,0,0,0,0
232,10,20,1,1,44.56,44.56
232,11,0,0,0,0,0
232,12,0,0,0,0,0
232,13,5,0,0,0,0
232,14,0,0,0,0,0
232,15,0,0,0,0,0
232,16,0,0,0,0,0
232,17,0,0,0,0,0
232,18,10,0,0,0,0
232,19,0,0,0,0,0
232,20,0,0,0,0,0
232,21,20,1,0,0,0
232,22,0,1,0,0,0
232,23,0,0,0,0,0
232,24,0,0,0,0,0
232,25,20,0,0,0,0
233,1,0,0,0,0,0
233,2,0,0,0,0,0
233,3,0,0,0,0,0
233,4,10,0,0,0,0
233,5,0,0,0,0,0
233,6,15,0,0,0,0
233,7,0,0,0,0,0
233,8,10,0,0,0,0
233,9,0,0,0,0,0
233,10,20,0,0,0,0
233,11,0,0,0,0,0
233,12,0,0,0,0,0
233,13,5,0,0,0,0
233,14,0,0,0,0,0
233,15,0,0,0,0,0
233,16,0,0,0,0,0
233,17,0,1,2,39.87,79.74
233,18,10,0,0,0,0
233,19,0,0,0,0,0
233,20,0,0,0,0,0
233,21,20,0,0,0,0
233,22,0,0,0,0,0
233,23,0,0,0,0,0
233,24,0,0,0,0,0
233,25,20,0,0,0,0
234,1,0,0,0,0,0
234,2,0,0,0,0,0
234,3,0,0,0,0,0
234,4,10,0,0,0,0
234,5,0,0,0,0,0
234,6,15,0,0,0,0
234,7,0,0,0,0,0
234,8,10,0,0,0,0
234,9,0,0,0,0,0
234,10,20,0,0,0,0
234,11,0,0,0,0,0
234,12,0,0,0,0,0
234,13,5,0,0,0,0
234,14,0,0,0,0,0
234,15,0,0,0,0,0
234,16,0,0,0,0,0
234,17,0,0,0,0,0
234,18,10,0,0,0,0
234,19,0,0,0,0,0
234,20,0,0,0,0,0
234,21,20,0,0,0,0
234,22,0,0,0,0,0
234,23,0,0,0,0,0
234,24,0,0,0,0,0
234,25,20,0,0,0,0
235,1,0,0,0,0,0
235,2,0,0,0,0,0
235,3,0,0,0,0,0
235,4,10,0,0,0,0
235,5,0,0,0,0,0
235,6,15,0,0,0,0
235,7,0,0,0,0,0
235,8,10,0,0,0,0
235,9,0,0,0,0,0
235,10,20,0,0,0,0
235,11,0,0,0,0,0
235,12,0,0,0,0,0
235,13,5,1,4,17.28,69.12
235,14,0,0,0,0,0
235,15,0,0,0,0,0
235,16,0,0,0,0,0
235,17,0,0,0,0,0
235,18,10,0,0,0,0
235,19,0,0,0,0,0
235,20,0,0,0,0,0
235,21,20,0,0,0,0
235,22,0,0,0,0,0
235,23,0,0,0,0,0
235,24,0,0,0,0,0
235,25,20,0,0,0,0
236,1,0,0,0,0,0
236,2,0,0,0,0,0
236,3,0,0,0,0,0
236,4,10,0,0,0,0
236,5,0,0,0,0,0
236,6,15,0,0,0,0
236,7,0,0,0,0,0
236,8,10,0,0,0,0
236,9,0,0,0,0,0
236,10,20,0,0,0,0
236,11,0,0,0,0,0
236,12,0,0,0,0,0
236,13,5,0,0,0,0
236,14,0,0,0,0,0
236,15,0,0,0,0,0
236,16,0,0,0,0,0
236,17,0,0,0,0,0
236,18,10,0,0,0,0
236,19,0,0,0,0,0
236,20,0,0,0,0,0
236,21,20,1,0,0,0
236,22,0,0,0,0,0
236,23,0,0,0,0,0
236,24,0,0,0,0,0
236,25,20,0,0,0,0
237,1,0,0,0,0,0
237,2,0,0,0,0,0
237,3,0,0,0,0,0
237,4,10,0,0,0,0
237,5,0,0,0,0,0
237,6,15,0,0,0,0
237,7,0,0,0,0,0
237,8,10,0,0,0,0
237,9,0,0,0,0,0
237,10,20,0,0,0,0
237,11,0,0,0,0,0
237,12,0,0,0,0,0
237,13,5,0,0,0,0
237,14,0,0,0,0,0
237,15,0,0,0,0,0
237,16,0,0,0,0,0
237,17,0,0,0,0,0
237,18,10,0,0,0,0
237,19,0,0,0,0,0
237,20,0,0,0,0,0
237,21,20,0,0,0,0
237,22,0,0,0,0,0
237,23,0,0,0,0,0
237,24,0,0,0,0,0
237,25,20,0,0,0,0
238,1,0,0,0,0,0
238,2,0,0,0,0,0
238,3,0,0,0,0,0
238,4,10,0,0,0,0
238,5,0,0,0,0,0
238,6,15,0,0,0,0
238,7,0,0,0,0,0
238,8,10,0,0,0,0
238,9,0,0,0,0,0
238,10,20,0,0,0,0
238,11,0,0,0,0,0
238,12,0,0,0,0,0
238,13,5,0,0,0,0
238,14,0,0,0,0,0
238,15,0,0,0,0,0
238,16,0,0,0,0,0
238,17,0,0,0,0,0
238,18,10,0,0,0,0
238,19,0,0,0,0,0
238,20,0,0,0,0,0
238,21,20,0,0,0,0
238,22,0,0,0,0,0
238,23,0,0,0,0,0
238,24,0,0,0,0,0
238,25,20,0,0,0,0
239,1,0,0,0,0,0
239,2,0,0,0,0,0
239,3,0,0,0,0,0
239,4,10,0,0,0,0
239,5,0,0,0,0,0
239,6,15,0,0,0,0
239,7,0,0,0,0,0
239,8,10,0,0,0,0
239,9,0,0,0,0,0
239,10,20,0,0,0,0
239,11,0,0,0,0,0
239,12,0,0,0,0,0
239,13,5,0,0,0,0
239,14,0,0,0,0,0
239,15,0,0,0,0,0
239,16,0,0,0,0,0
239,17,0,0,0,0,0
239,18,10,0,0,0,0
239,19,0,0,0,0,0
239,20,0,0,0,0,0
239,21,20,0,0,0,0
239,22,0,0,0,0,0
239,23,0,0,0,0,0
239,24,0,0,0,0,0
239,25,20,1,0,0,0
240,1,0,0,0,0,0
240,2,0,0,0,0,0
240,3,0,0,0,0,0
240,4,10,0,0,0,0
240,5,0,0,0,0,0
240,6,15,1,1,26.89,26.89
240,7,0,0,0,0,0
240,8,10,0,0,0,0
240,9,0,0,0,0,0
240,10,20,1,0,0,0
240,11,0,0,0,0,0
240,12,0,0,0,0,0
240,13,5,0,0,0,0
240,14,0,0,0,0,0
240,15,0,0,0,0,0
240,16,0,0,0,0,0
240,17,0,0,0,0,0
240,18,10,0,0,0,0
240,19,0,0,0,0,0
240,20,0,0,0,0,0
240,21,20,0,0,0,0
240,22,0,0,0,0,0
240,23,0,0,0,0,0
240,24,0,0,0,0,0
240,25,20,0,0,0,0
241,1,0,0,0,0,0
241,2,0,0,0,0,0
241,3,0,0,0,0,0
241,4,10,0,0,0,0
241,5,0,0,0,0,0
241,6,15,0,0,0,0
241,7,0,0,0,0,0
241,8,10,0,0,0,0
241,9,0,0,0,0,0
241,10,20,0,0,0,0
241,11,0,0,0,0,0
241,12,0,0,0,0,0
241,13,5,0,0,0,0
241,14,0,0,0,0,0
241,15,0,0,0,0,0
241,16,0,0,0,0,0
241,17,0,0,0,0,0
241,18,10,0,0,0,0
241,19,0,0,0,0,0
241,20,0,0,0,0,0
241,21,20,1,11,65.9,724.9
241,22,0,0,0,0,0
241,23,0,0,0,0,0
241,24,0,0,0,0,0
241,25,20,0,0,0,0
242,1,0,0,0,0,0
242,2,0,0,0,0,0
242,3,0,0,0,0,0
242,4,10,0,0,0,0
242,5,0,0,0,0,0
242,6,15,0,0,0,0
242,7,0,0,0,0,0
242,8,10,0,0,0,0
242,9,0,0,0,0,0
242,10,20,0,0,0,0
242,11,0,0,0,0,0
242,12,0,0,0,0,0
242,13,5,0,0,0,0
242,14,0,0,0,0,0
242,15,0,0,0,0,0
242,16,0,0,0,0,0
242,17,0,0,0,0,0
242,18,10,0,0,0,0
242,19,0,0,0,0,0
242,20,0,0,0,0,0
242,21,20,1,0,0,0
242,22,0,0,0,0,0
242,23,0,0,0,0,0
242,24,0,0,0,0,0
242,25,20,0,0,0,0
243,1,0,0,0,0,0
243,2,0,0,0,0,0
243,3,0,0,0,0,0
243,4,10,0,0,0,0
243,5,0,0,0,0,0
243,6,15,0,0,0,0
243,7,0,0,0,0,0
243,8,10,0,0,0,0
243,9,0,0,0,0,0
243,10,20,0,0,0,0
243,11,0,0,0,0,0
243,12,0,0,0,0,0
243,13,5,1,1,52.26,52.26
243,14,0,1,2,26.26,52.52
243,15,0,0,0,0,0
243,16,0,0,0,0,0
243,17,0,0,0,0,0
243,18,10,0,0,0,0
243,19,0,0,0,0,0
243,20,0,0,0,0,0
243,21,20,0,0,0,0
243,22,0,0,0,0,0
243,23,0,0,0,0,0
243,24,0,0,0,0,0
243,25,20,0,0,0,0
244,1,0,0,0,0,0
244,2,0,0,0,0,0
244,3,0,0,0,0,0
244,4,10,0,0,0,0
244,5,0,0,0,0,0
244,6,15,0,0,0,0
244,7,0,0,0,0,0
244,8,10,0,0,0,0
244,9,0,0,0,0,0
244,10,20,0,0,0,0
244,11,0,0,0,0,0
244,12,0,0,0,0,0
244,13,5,0,0,0,0
244,14,0,0,0,0,0
244,15,0,0,0,0,0
244,16,0,0,0,0,0
244,17,0,0,0,0,0
244,18,10,1,0,0,0
244,19,0,0,0,0,0
244,20,0,0,0,0,0
244,21,20,1,0,0,0
244,22,0,0,0,0,0
244,23,0,0,0,0,0
244,24,0,0,0,0,0
244,25,20,0,0,0,0
245,1,0,0,0,0,0
245,2,0,0,0,0,0
245,3,0,0,0,0,0
245,4,10,0,0,0,0
245,5,0,0,0,0,0
245,6,15,0,0,0,0
245,7,0,0,0,0,0
245,8,10,0,0,0,0
245,9,0,0,0,0,0
245,10,20,0,0,0,0
245,11,0,0,0,0,0
245,12,0,0,0,0,0
245,13,5,0,0,0,0
245,14,0,0,0,0,0
245,15,0,0,0,0,0
245,16,0,0,0,0,0
245,17,0,0,0,0,0
245,18,10,0,0,0,0
245,19,0,0,0,0,0
245,20,0,0,0,0,0
245,21,20,0,0,0,0
245,22,0,0,0,0,0
245,23,0,0,0,0,0
245,24,0,0,0,0,0
245,25,20,0,0,0,0
246,1,0,0,0,0,0
246,2,0,0,0,0,0
246,3,0,0,0,0,0
246,4,10,0,0,0,0
246,5,0,0,0,0,0
246,6,15,0,0,0,0
246,7,0,0,0,0,0
246,8,10,0,0,0,0
246,9,0,0,0,0,0
246,10,20,0,0,0,0
246,11,0,0,0,0,0
246,12,0,0,0,0,0
246,13,5,0,0,0,0
246,14,0,0,0,0,0
246,15,0,0,0,0,0
246,16,0,0,0,0,0
246,17,0,0,0,0,0
246,18,10,0,0,0,0
246,19,0,0,0,0,0
246,20,0,0,0,0,0
246,21,20,0,0,0,0
246,22,0,0,0,0,0
246,23,0,0,0,0,0
246,24,0,0,0,0,0
246,25,20,0,0,0,0
247,1,0,0,0,0,0
247,2,0,0,0,0,0
247,3,0,0,0,0,0
247,4,10,0,0,0,0
247,5,0,0,0,0,0
247,6,15,0,0,0,0
247,7,0,0,0,0,0
247,8,10,0,0,0,0
247,9,0,0,0,0,0
247,10,20,0,0,0,0
247,11,0,0,0,0,0
247,12,0,0,0,0,0
247,13,5,0,0,0,0
247,14,0,0,0,0,0
247,15,0,0,0,0,0
247,16,0,0,0,0,0
247,17,0,0,0,0,0
247,18,10,0,0,0,0
247,19,0,0,0,0,0
247,20,0,0,0,0,0
247,21,20,0,0,0,0
247,22,0,0,0,0,0
247,23,0,0,0,0,0
247,24,0,0,0,0,0
247,25,20,1,0,0,0
248,1,0,0,0,0,0
248,2,0,0,0,0,0
248,3,0,0,0,0,0
248,4,10,0,0,0,0
248,5,0,0,0,0,0
248,6,15,0,0,0,0
248,7,0,0,0,0,0
248,8,10,0,0,0,0
248,9,0,0,0,0,0
248,10,20,0,0,0,0
248,11,0,0,0,0,0
248,12,0,0,0,0,0
248,13,5,0,0,0,0
248,14,0,0,0,0,0
248,15,0,0,0,0,0
248,16,0,0,0,0,0
248,17,0,0,0,0,0
248,18,10,0,0,0,0
248,19,0,0,0,0,0
248,20,0,0,0,0,0
248,21,20,0,0,0,0
248,22,0,0,0,0,0
248,23,0,0,0,0,0
248,24,0,0,0,0,0
248,25,20,0,0,0,0
249,1,0,0,0,0,0
249,2,0,0,0,0,0
249,3,0,0,0,0,0
249,4,10,0,0,0,0
249,5,0,0,0,0,0
249,6,15,0,0,0,0
249,7,0,0,0,0,0
249,8,10,0,0,0,0
249,9,0,0,0,0,0
249,10,20,0,0,0,0
249,11,0,0,0,0,0
249,12,0,0,0,0,0
249,13,5,0,0,0,0
249,14,0,0,0,0,0
249,15,0,0,0,0,0
249,16,0,0,0,0,0
249,17,0,0,0,0,0
249,18,10,0,0,0,0
249,19,0,1,0,0,0
249,20,0,0,0,0,0
249,21,20,0,0,0,0
249,22,0,0,0,0,0
249,23,0,0,0,0,0
249,24,0,0,0,0,0
249,25,20,0,0,0,0
250,1,0,0,0,0,0
250,2,0,0,0,0,0
250,3,0,0,0,0,0
250,4,10,0,0,0,0
250,5,0,0,0,0,0
250,6,15,0,0,0,0
250,7,0,0,0,0,0
250,8,10,0,0,0,0
250,9,0,0,0,0,0
250,10,20,0,0,0,0
250,11,0,0,0,0,0
250,12,0,0,0,0,0
250,13,5,0,0,0,0
250,14,0,0,0,0,0
250,15,0,0,0,0,0
250,16,0,0,0,0,0
250,17,0,0,0,0,0
250,18,10,0,0,0,0
250,19,0,0,0,0,0
250,20,0,0,0,0,0
250,21,20,0,0,0,0
250,22,0,0,0,0,0
250,23,0,0,0,0,0
250,24,0,0,0,0,0
250,25,20,0,0,0,0
251,1,0,0,0,0,0
251,2,0,0,0,0,0
251,3,0,0,0,0,0
251,4,10,0,0,0,0
251,5,0,0,0,0,0
251,6,15,0,0,0,0
251,7,0,0,0,0,0
251,8,10,0,0,0,0
251,9,0,0,0,0,0
251,10,20,0,0,0,0
251,11,0,0,0,0,0
251,12,0,0,0,0,0
251,13,5,0,0,0,0
251,14,0,0,0,0,0
251,15,0,0,0,0,0
251,16,0,0,0,0,0
251,17,0,0,0,0,0
251,18,10,0,0,0,0
251,19,0,0,0,0,0
251,20,0,0,0,0,0
251,21,20,0,0,0,0
251,22,0,0,0,0,0
251,23,0,0,0,0,0
251,24,0,0,0,0,0
251,25,20,0,0,0,0
252,1,0,0,0,0,0
252,2,0,0,0,0,0
252,3,0,0,0,0,0
252,4,10,0,0,0,0
252,5,0,0,0,0,0
252,6,15,0,0,0,0
252,7,0,0,0,0,0
252,8,10,0,0,0,0
252,9,0,0,0,0,0
252,10,20,0,0,0,0
252,11,0,0,0,0,0
252,12,0,0,0,0,0
252,13,5,0,0,0,0
252,14,0,0,0,0,0
252,15,0,0,0,0,0
252,16,0,0,0,0,0
252,17,0,0,0,0,0
252,18,10,0,0,0,0
252,19,0,0,0,0,0
252,20,0,0,0,0,0
252,21,20,0,0,0,0
252,22,0,1,0,0,0
252,23,0,0,0,0,0
252,24,0,0,0,0,0
252,25,20,0,0,0,0
253,1,0,0,0,0,0
253,2,0,0,0,0,0
253,3,0,0,0,0,0
253,4,10,0,0,0,0
253,5,0,0,0,0,0
253,6,15,0,0,0,0
253,7,0,0,0,0,0
253,8,10,0,0,0,0
253,9,0,0,0,0,0
253,10,20,0,0,0,0
253,11,0,0,0,0,0
253,12,0,0,0,0,0
253,13,5,0,0,0,0
253,14,0,0,0,0,0
253,15,0,0,0,0,0
253,16,0,0,0,0,0
253,17,0,0,0,0,0
253,18,10,0,0,0,0
253,19,0,0,0,0,0
253,20,0,0,0,0,0
253,21,20,0,0,0,0
253,22,0,0,0,0,0
253,23,0,0,0,0,0
253,24,0,0,0,0,0
253,25,20,1,0,0,0
254,1,0,0,0,0,0
254,2,0,0,0,0,0
254,3,0,0,0,0,0
254,4,10,0,0,0,0
254,5,0,0,0,0,0
254,6,15,0,0,0,0
254,7,0,0,0,0,0
254,8,10,0,0,0,0
254,9,0,0,0,0,0
254,10,20,1,1,7.66,7.66
254,11,0,0,0,0,0
254,12,0,0,0,0,0
254,13,5,0,0,0,0
254,14,0,0,0,0,0
254,15,0,0,0,0,0
254,16,0,0,0,0,0
254,17,0,0,0,0,0
254,18,10,0,0,0,0
254,19,0,0,0,0,0
254,20,0,0,0,0,0
254,21,20,0,0,0,0
254,22,0,0,0,0,0
254,23,0,0,0,0,0
254,24,0,0,0,0,0
254,25,20,0,0,0,0
255,1,0,0,0,0,0
255,2,0,0,0,0,0
255,3,0,0,0,0,0
255,4,10,0,0,0,0
255,5,0,0,0,0,0
255,6,15,0,0,0,0
255,7,0,0,0,0,0
255,8,10,0,0,0,0
255,9,0,0,0,0,0
255,10,20,0,0,0,0
255,11,0,0,0,0,0
255,12,0,0,0,0,0
255,13,5,0,0,0,0
255,14,0,0,0,0,0
255,15,0,0,0,0,0
255,16,0,0,0,0,0
255,17,0,0,0,0,0
255,18,10,0,0,0,0
255,19,0,0,0,0,0
255,20,0,0,0,0,0
255,21,20,0,0,0,0
255,22,0,0,0,0,0
255,23,0,0,0,0,0
255,24,0,0,0,0,0
255,25,20,0,0,0,0
256,1,0,0,0,0,0
256,2,0,0,0,0,0
256,3,0,0,0,0,0
256,4,10,0,0,0,0
256,5,0,0,0,0,0
256,6,15,1,0,0,0
256,7,0,0,0,0,0
256,8,10,0,0,0,0
256,9,0,0,0,0,0
256,10,20,1,0,0,0
256,11,0,0,0,0,0
256,12,0,0,0,0,0
256,13,5,0,0,0,0
256,14,0,0,0,0,0
256,15,0,0,0,0,0
256,16,0,0,0,0,0
256,17,0,0,0,0,0
256,18,10,1,2,58.39,116.78
256,19,0,0,0,0,0
256,20,0,0,0,0,0
256,21,20,0,0,0,0
256,22,0,0,0,0,0
256,23,0,0,0,0,0
256,24,0,0,0,0,0
256,25,20,0,0,0,0
257,1,0,0,0,0,0
257,2,0,0,0,0,0
257,3,0,0,0,0,0
257,4,10,0,0,0,0
257,5,0,0,0,0,0
257,6,15,0,0,0,0
257,7,0,0,0,0,0
257,8,10,0,0,0,0
257,9,0,0,0,0,0
257,10,20,0,0,0,0
257,11,0,0,0,0,0
257,12,0,0,0,0,0
257,13,5,0,0,0,0
257,14,0,0,0,0,0
257,15,0,0,0,0,0
257,16,0,0,0,0,0
257,17,0,0,0,0,0
257,18,10,0,0,0,0
257,19,0,0,0,0,0
257,20,0,0,0,0,0
257,21,20,0,0,0,0
257,22,0,0,0,0,0
257,23,0,0,0,0,0
257,24,0,0,0,0,0
257,25,20,1,1,54.56,54.56
258,1,0,0,0,0,0
258,2,0,0,0,0,0
258,3,0,0,0,0,0
258,4,10,0,0,0,0
258,5,0,0,0,0,0
258,6,15,0,0,0,0
258,7,0,0,0,0,0
258,8,10,0,0,0,0
258,9,0,0,0,0,0
258,10,20,0,0,0,0
258,11,0,0,0,0,0
258,12,0,0,0,0,0
258,13,5,0,0,0,0
258,14,0,0,0,0,0
258,15,0,0,0,0,0
258,16,0,0,0,0,0
258,17,0,0,0,0,0
258,18,10,0,0,0,0
258,19,0,0,0,0,0
258,20,0,0,0,0,0
258,21,20,1,0,0,0
258,22,0,0,0,0,0
258,23,0,0,0,0,0
258,24,0,0,0,0,0
258,25,20,1,0,0,0
259,1,0,0,0,0,0
259,2,0,0,0,0,0
259,3,0,0,0,0,0
259,4,10,0,0,0,0
259,5,0,0,0,0,0
259,6,15,0,0,0,0
259,7,0,0,0,0,0
259,8,10,0,0,0,0
259,9,0,0,0,0,0
259,10,20,0,0,0,0
259,11,0,0,0,0,0
259,12,0,0,0,0,0
259,13,5,0,0,0,0
259,14,0,1,1,41.24,41.24
259,15,0,0,0,0,0
259,16,0,0,0,0,0
259,17,0,0,0,0,0
259,18,10,0,0,0,0
259,19,0,0,0,0,0
259,20,0,0,0,0,0
259,21,20,0,0,0,0
259,22,0,0,0,0,0
259,23,0,0,0,0,0
259,24,0,0,0,0,0
259,25,20,1,2,24.93,49.86
260,1,0,0,0,0,0
260,2,0,0,0,0,0
260,3,0,0,0,0,0
260,4,10,1,1,53.99,53.99
260,5,0,0,0,0,0
260,6,15,0,0,0,0
260,7,0,1,0,0,0
260,8,10,0,0,0,0
260,9,0,0,0,0,0
260,10,20,0,0,0,0
260,11,0,0,0,0,0
260,12,0,0,0,0,0
260,13,5,0,0,0,0
260,14,0,0,0,0,0
260,15,0,0,0,0,0
260,16,0,0,0,0,0
260,17,0,0,0,0,0
260,18,10,0,0,0,0
260,19,0,0,0,0,0
260,20,0,0,0,0,0
260,21,20,0,0,0,0
260,22,0,0,0,0,0
260,23,0,0,0,0,0
260,24,0,0,0,0,0
260,25,20,1,0,0,0
261,1,0,0,0,0,0
261,2,0,0,0,0,0
261,3,0,0,0,0,0
261,4,10,0,0,0,0
261,5,0,0,0,0,0
261,6,15,1,0,0,0
261,7,0,0,0,0,0
261,8,10,0,0,0,0
261,9,0,0,0,0,0
261,10,20,0,0,0,0
261,11,0,0,0,0,0
261,12,0,0,0,0,0
261,13,5,0,0,0,0
261,14,0,0,0,0,0
261,15,0,0,0,0,0
261,16,0,0,0,0,0
261,17,0,0,0,0,0
261,18,10,0,0,0,0
261,19,0,0,0,0,0
261,20,0,0,0,0,0
261,21,20,0,0,0,0
261,22,0,0,0,0,0
261,23,0,0,0,0,0
261,24,0,0,0,0,0
261,25,20,0,0,0,0
262,1,0,1,0,0,0
262,2,0,0,0,0,0
262,3,0,0,0,0,0
262,4,10,0,0,0,0
262,5,0,0,0,0,0
262,6,15,0,0,0,0
262,7,0,0,0,0,0
262,8,10,0,0,0,0
262,9,0,0,0,0,0
262,10,20,1,2,29.63,59.26
262,11,0,0,0,0,0
262,12,0,0,0,0,0
262,13,5,0,0,0,0
262,14,0,0,0,0,0
262,15,0,0,0,0,0
262,16,0,0,0,0,0
262,17,0,0,0,0,0
262,18,10,0,0,0,0
262,19,0,0,0,0,0
262,20,0,0,0,0,0
262,21,20,0,0,0,0
262,22,0,0,0,0,0
262,23,0,0,0,0,0
262,24,0,0,0,0,0
262,25,20,1,0,0,0
263,1,0,0,0,0,0
263,2,0,0,0,0,0
263,3,0,0,0,0,0
263,4,10,0,0,0,0
263,5,0,0,0,0,0
263,6,15,1,0,0,0
263,7,0,0,0,0,0
263,8,10,0,0,0,0
263,9,0,0,0,0,0
263,10,20,0,0,0,0
263,11,0,0,0,0,0
263,12,0,0,0,0,0
263,13,5,0,0,0,0
263,14,0,0,0,0,0
263,15,0,0,0,0,0
263,16,0,0,0,0,0
263,17,0,0,0,0,0
263,18,10,0,0,0,0
263,19,0,0,0,0,0
263,20,0,0,0,0,0
263,21,20,0,0,0,0
263,22,0,0,0,0,0
263,23,0,0,0,0,0
263,24,0,0,0,0,0
263,25,20,0,0,0,0
264,1,0,0,0,0,0
264,2,0,0,0,0,0
264,3,0,0,0,0,0
264,4,10,0,0,0,0
264,5,0,0,0,0,0
264,6,15,0,0,0,0
264,7,0,0,0,0,0
264,8,10,0,0,0,0
264,9,0,1,0,0,0
264,10,20,1,0,0,0
264,11,0,0,0,0,0
264,12,0,0,0,0,0
264,13,5,0,0,0,0
264,14,0,0,0,0,0
264,15,0,0,0,0,0
264,16,0,0,0,0,0
264,17,0,0,0,0,0
264,18,10,0,0,0,0
264,19,0,0,0,0,0
264,20,0,0,0,0,0
264,21,20,0,0,0,0
264,22,0,0,0,0,0
264,23,0,0,0,0,0
264,24,0,0,0,0,0
264,25,20,1,0,0,0
265,1,0,0,0,0,0
265,2,0,0,0,0,0
265,3,0,0,0,0,0
265,4,10,0,0,0,0
265,5,0,0,0,0,0
265,6,15,0,0,0,0
265,7,0,0,0,0,0
265,8,10,0,0,0,0
265,9,0,0,0,0,0
265,10,20,1,0,0,0
265,11,0,0,0,0,0
265,12,0,0,0,0,0
265,13,5,0,0,0,0
265,14,0,0,0,0,0
265,15,0,0,0,0,0
265,16,0,0,0,0,0
265,17,0,0,0,0,0
265,18,10,0,0,0,0
265,19,0,0,0,0,0
265,20,0,0,0,0,0
265,21,20,1,1,8.5,8.5
265,22,0,0,0,0,0
265,23,0,0,0,0,0
265,24,0,0,0,0,0
265,25,20,1,1,47.15,47.15
266,1,0,0,0,0,0
266,2,0,0,0,0,0
266,3,0,0,0,0,0
266,4,10,0,0,0,0
266,5,0,0,0,0,0
266,6,15,0,0,0,0
266,7,0,0,0,0,0
266,8,10,0,0,0,0
266,9,0,0,0,0,0
266,10,20,0,0,0,0
266,11,0,0,0,0,0
266,12,0,0,0,0,0
266,13,5,0,0,0,0
266,14,0,0,0,0,0
266,15,0,0,0,0,0
266,16,0,0,0,0,0
266,17,0,0,0,0,0
266,18,10,0,0,0,0
266,19,0,0,0,0,0
266,20,0,0,0,0,0
266,21,20,0,0,0,0
266,22,0,0,0,0,0
266,23,0,0,0,0,0
266,24,0,0,0,0,0
266,25,20,0,0,0,0
267,1,0,0,0,0,0
267,2,0,0,0,0,0
267,3,0,0,0,0,0
267,4,10,0,0,0,0
267,5,0,0,0,0,0
267,6,15,1,2,54.24,108.48
267,7,0,0,0,0,0
267,8,10,0,0,0,0
267,9,0,0,0,0,0
267,10,20,0,0,0,0
267,11,0,0,0,0,0
267,12,0,0,0,0,0
267,13,5,0,0,0,0
267,14,0,0,0,0,0
267,15,0,0,0,0,0
267,16,0,0,0,0,0
267,17,0,0,0,0,0
267,18,10,1,1,62.16,62.16
267,19,0,0,0,0,0
267,20,0,0,0,0,0
267,21,20,0,0,0,0
267,22,0,0,0,0,0
267,23,0,0,0,0,0
267,24,0,0,0,0,0
267,25,20,0,0,0,0
268,1,0,0,0,0,0
268,2,0,0,0,0,0
268,3,0,0,0,0,0
268,4,10,0,0,0,0
268,5,0,0,0,0,0
268,6,15,0,0,0,0
268,7,0,0,0,0,0
268,8,10,0,0,0,0
268,9,0,0,0,0,0
268,10,20,0,0,0,0
268,11,0,0,0,0,0
268,12,0,0,0,0,0
268,13,5,0,0,0,0
268,14,0,0,0,0,0
268,15,0,0,0,0,0
268,16,0,0,0,0,0
268,17,0,0,0,0,0
268,18,10,1,3,47.57,142.71
268,19,0,0,0,0,0
268,20,0,0,0,0,0
268,21,20,0,0,0,0
268,22,0,0,0,0,0
268,23,0,0,0,0,0
268,24,0,0,0,0,0
268,25,20,0,0,0,0
269,1,0,0,0,0,0
269,2,0,0,0,0,0
269,3,0,0,0,0,0
269,4,10,0,0,0,0
269,5,0,0,0,0,0
269,6,15,0,0,0,0
269,7,0,0,0,0,0
269,8,10,0,0,0,0
269,9,0,0,0,0,0
269,10,20,0,0,0,0
269,11,0,0,0,0,0
269,12,0,0,0,0,0
269,13,5,0,0,0,0
269,14,0,0,0,0,0
269,15,0,0,0,0,0
269,16,0,0,0,0,0
269,17,0,0,0,0,0
269,18,10,0,0,0,0
269,19,0,0,0,0,0
269,20,0,0,0,0,0
269,21,20,0,0,0,0
269,22,0,0,0,0,0
269,23,0,0,0,0,0
269,24,0,0,0,0,0
269,25,20,0,0,0,0
270,1,0,0,0,0,0
270,2,0,0,0,0,0
270,3,0,0,0,0,0
270,4,10,0,0,0,0
270,5,0,0,0,0,0
270,6,15,0,0,0,0
270,7,0,0,0,0,0
270,8,10,0,0,0,0
270,9,0,0,0,0,0
270,10,20,0,0,0,0
270,11,0,0,0,0,0
270,12,0,0,0,0,0
270,13,5,0,0,0,0
270,14,0,0,0,0,0
270,15,0,0,0,0,0
270,16,0,0,0,0,0
270,17,0,0,0,0,0
270,18,10,1,0,0,0
270,19,0,0,0,0,0
270,20,0,0,0,0,0
270,21,20,1,2,41.86,83.72
270,22,0,0,0,0,0
270,23,0,0,0,0,0
270,24,0,0,0,0,0
270,25,20,0,0,0,0
271,1,0,0,0,0,0
271,2,0,0,0,0,0
271,3,0,0,0,0,0
271,4,10,0,0,0,0
271,5,0,0,0,0,0
271,6,15,0,0,0,0
271,7,0,0,0,0,0
271,8,10,0,0,0,0
271,9,0,0,0,0,0
271,10,20,0,0,0,0
271,11,0,0,0,0,0
271,12,0,0,0,0,0
271,13,5,1,7,40.35,282.45
271,14,0,0,0,0,0
271,15,0,0,0,0,0
271,16,0,0,0,0,0
271,17,0,0,0,0,0
271,18,10,0,0,0,0
271,19,0,0,0,0,0
271,20,0,0,0,0,0
271,21,20,0,0,0,0
271,22,0,0,0,0,0
271,23,0,0,0,0,0
271,24,0,0,0,0,0
271,25,20,0,0,0,0
272,1,0,0,0,0,0
272,2,0,0,0,0,0
272,3,0,0,0,0,0
272,4,10,0,0,0,0
272,5,0,0,0,0,0
272,6,15,0,0,0,0
272,7,0,0,0,0,0
272,8,10,0,0,0,0
272,9,0,0,0,0,0
272,10,20,0,0,0,0
272,11,0,0,0,0,0
272,12,0,0,0,0,0
272,13,5,0,0,0,0
272,14,0,0,0,0,0
272,15,0,0,0,0,0
272,16,0,0,0,0,0
272,17,0,0,0,0,0
272,18,10,0,0,0,0
272,19,0,0,0,0,0
272,20,0,0,0,0,0
272,21,20,0,0,0,0
272,22,0,0,0,0,0
272,23,0,0,0,0,0
272,24,0,0,0,0,0
272,25,20,1,0,0,0
273,1,0,0,0,0,0
273,2,0,0,0,0,0
273,3,0,0,0,0,0
273,4,10,0,0,0,0
273,5,0,0,0,0,0
273,6,15,0,0,0,0
273,7,0,0,0,0,0
273,8,10,0,0,0,0
273,9,0,0,0,0,0
273,10,20,1,1,35.46,35.46
273,11,0,0,0,0,0
273,12,0,0,0,0,0
273,13,5,0,0,0,0
273,14,0,0,0,0,0
273,15,0,0,0,0,0
273,16,0,0,0,0,0
273,17,0,0,0,0,0
273,18,10,0,0,0,0
273,19,0,0,0,0,0
273,20,0,0,0,0,0
273,21,20,0,0,0,0
273,22,0,0,0,0,0
273,23,0,0,0,0,0
273,24,0,0,0,0,0
273,25,20,0,0,0,0
274,1,0,0,0,0,0
274,2,0,0,0,0,0
274,3,0,0,0,0,0
274,4,10,0,0,0,0
274,5,0,0,0,0,0
274,6,15,0,0,0,0
274,7,0,0,0,0,0
274,8,10,0,0,0,0
274,9,0,0,0,0,0
274,10,20,0,0,0,0
274,11,0,0,0,0,0
274,12,0,0,0,0,0
274,13,5,0,0,0,0
274,14,0,0,0,0,0
274,15,0,0,0,0,0
274,16,0,0,0,0,0
274,17,0,0,0,0,0
274,18,10,0,0,0,0
274,19,0,0,0,0,0
274,20,0,0,0,0,0
274,21,20,0,0,0,0
274,22,0,0,0,0,0
274,23,0,1,2,29.7,59.4
274,24,0,0,0,0,0
274,25,20,0,0,0,0
275,1,0,0,0,0,0
275,2,0,0,0,0,0
275,3,0,0,0,0,0
275,4,10,0,0,0,0
275,5,0,0,0,0,0
275,6,15,0,0,0,0
275,7,0,0,0,0,0
275,8,10,0,0,0,0
275,9,0,0,0,0,0
275,10,20,0,0,0,0
275,11,0,0,0,0,0
275,12,0,0,0,0,0
275,13,5,0,0,0,0
275,14,0,0,0,0,0
275,15,0,0,0,0,0
275,16,0,0,0,0,0
275,17,0,0,0,0,0
275,18,10,0,0,0,0
275,19,0,0,0,0,0
275,20,0,0,0,0,0
275,21,20,0,0,0,0
275,22,0,0,0,0,0
275,23,0,0,0,0,0
275,24,0,0,0,0,0
275,25,20,1,1,35.63,35.63
276,1,0,0,0,0,0
276,2,0,0,0,0,0
276,3,0,0,0,0,0
276,4,10,0,0,0,0
276,5,0,0,0,0,0
276,6,15,0,0,0,0
276,7,0,0,0,0,0
276,8,10,0,0,0,0
276,9,0,0,0,0,0
276,10,20,0,0,0,0
276,11,0,0,0,0,0
276,12,0,0,0,0,0
276,13,5,0,0,0,0
276,14,0,0,0,0,0
276,15,0,0,0,0,0
276,16,0,0,0,0,0
276,17,0,0,0,0,0
276,18,10,0,0,0,0
276,19,0,0,0,0,0
276,20,0,0,0,0,0
276,21,20,0,0,0,0
276,22,0,0,0,0,0
276,23,0,0,0,0,0
276,24,0,0,0,0,0
276,25,20,0,0,0,0
277,1,0,0,0,0,0
277,2,0,0,0,0,0
277,3,0,0,0,0,0
277,4,10,0,0,0,0
277,5,0,0,0,0,0
277,6,15,0,0,0,0
277,7,0,0,0,0,0
277,8,10,0,0,0,0
277,9,0,0,0,0,0
277,10,20,0,0,0,0
277,11,0,0,0,0,0
277,12,0,0,0,0,0
277,13,5,0,0,0,0
277,14,0,0,0,0,0
277,15,0,0,0,0,0
277,16,0,0,0,0,0
277,17,0,0,0,0,0
277,18,10,0,0,0,0
277,19,0,0,0,0,0
277,20,0,0,0,0,0
277,21,20,0,0,0,0
277,22,0,0,0,0,0
277,23,0,0,0,0,0
277,24,0,0,0,0,0
277,25,20,0,0,0,0
278,1,0,0,0,0,0
278,2,0,0,0,0,0
278,3,0,0,0,0,0
278,4,10,0,0,0,0
278,5,0,0,0,0,0
278,6,15,0,0,0,0
278,7,0,0,0,0,0
278,8,10,0,0,0,0
278,9,0,0,0,0,0
278,10,20,0,0,0,0
278,11,0,0,0,0,0
278,12,0,0,0,0,0
278,13,5,0,0,0,0
278,14,0,0,0,0,0
278,15,0,0,0,0,0
278,16,0,0,0,0,0
278,17,0,0,0,0,0
278,18,10,0,0,0,0
278,19,0,0,0,0,0
278,20,0,0,0,0,0
278,21,20,0,0,0,0
278,22,0,0,0,0,0
278,23,0,0,0,0,0
278,24,0,0,0,0,0
278,25,20,0,0,0,0
279,1,0,0,0,0,0
279,2,0,0,0,0,0
279,3,0,0,0,0,0
279,4,10,0,0,0,0
279,5,0,0,0,0,0
279,6,15,0,0,0,0
279,7,0,0,0,0,0
279,8,10,0,0,0,0
279,9,0,0,0,0,0
279,10,20,0,0,0,0
279,11,0,0,0,0,0
279,12,0,0,0,0,0
279,13,5,0,0,0,0
279,14,0,0,0,0,0
279,15,0,0,0,0,0
279,16,0,0,0,0,0
279,17,0,0,0,0,0
279,18,10,0,0,0,0
279,19,0,0,0,0,0
279,20,0,0,0,0,0
279,21,20,0,0,0,0
279,22,0,0,0,0,0
279,23,0,0,0,0,0
279,24,0,0,0,0,0
279,25,20,0,0,0,0
280,1,0,0,0,0,0
280,2,0,0,0,0,0
280,3,0,0,0,0,0
280,4,10,0,0,0,0
280,5,0,0,0,0,0
280,6,15,0,0,0,0
280,7,0,0,0,0,0
280,8,10,0,0,0,0
280,9,0,0,0,0,0
280,10,20,0,0,0,0
280,11,0,0,0,0,0
280,12,0,0,0,0,0
280,13,5,0,0,0,0
280,14,0,0,0,0,0
280,15,0,0,0,0,0
280,16,0,0,0,0,0
280,17,0,0,0,0,0
280,18,10,0,0,0,0
280,19,0,0,0,0,0
280,20,0,0,0,0,0
280,21,20,0,0,0,0
280,22,0,0,0,0,0
280,23,0,0,0,0,0
280,24,0,0,0,0,0
280,25,20,1,1,63.27,63.27
281,1,0,0,0,0,0
281,2,0,0,0,0,0
281,3,0,0,0,0,0
281,4,10,0,0,0,0
281,5,0,0,0,0,0
281,6,15,0,0,0,0
281,7,0,0,0,0,0
281,8,10,0,0,0,0
281,9,0,0,0,0,0
281,10,20,0,0,0,0
281,11,0,0,0,0,0
281,12,0,0,0,0,0
281,13,5,0,0,0,0
281,14,0,0,0,0,0
281,15,0,0,0,0,0
281,16,0,0,0,0,0
281,17,0,0,0,0,0
281,18,10,0,0,0,0
281,19,0,0,0,0,0
281,20,0,0,0,0,0
281,21,20,0,0,0,0
281,22,0,0,0,0,0
281,23,0,0,0,0,0
281,24,0,0,0,0,0
281,25,20,0,0,0,0
282,1,0,0,0,0,0
282,2,0,0,0,0,0
282,3,0,0,0,0,0
282,4,10,0,0,0,0
282,5,0,0,0,0,0
282,6,15,0,0,0,0
282,7,0,0,0,0,0
282,8,10,0,0,0,0
282,9,0,0,0,0,0
282,10,20,0,0,0,0
282,11,0,1,3,16.28,48.84
282,12,0,0,0,0,0
282,13,5,0,0,0,0
282,14,0,0,0,0,0
282,15,0,0,0,0,0
282,16,0,0,0,0,0
282,17,0,0,0,0,0
282,18,10,0,0,0,0
282,19,0,0,0,0,0
282,20,0,0,0,0,0
282,21,20,0,0,0,0
282,22,0,0,0,0,0
282,23,0,0,0,0,0
282,24,0,0,0,0,0
282,25,20,0,0,0,0
283,1,0,0,0,0,0
283,2,0,0,0,0,0
283,3,0,0,0,0,0
283,4,10,0,0,0,0
283,5,0,0,0,0,0
283,6,15,0,0,0,0
283,7,0,0,0,0,0
283,8,10,0,0,0,0
283,9,0,0,0,0,0
283,10,20,0,0,0,0
283,11,0,0,0,0,0
283,12,0,0,0,0,0
283,13,5,0,0,0,0
283,14,0,0,0,0,0
283,15,0,0,0,0,0
283,16,0,0,0,0,0
283,17,0,0,0,0,0
283,18,10,1,0,0,0
283,19,0,0,0,0,0
283,20,0,0,0,0,0
283,21,20,0,0,0,0
283,22,0,0,0,0,0
283,23,0,0,0,0,0
283,24,0,0,0,0,0
283,25,20,0,0,0,0
284,1,0,0,0,0,0
284,2,0,0,0,0,0
284,3,0,0,0,0,0
284,4,10,0,0,0,0
284,5,0,0,0,0,0
284,6,15,0,0,0,0
284,7,0,0,0,0,0
284,8,10,0,0,0,0
284,9,0,0,0,0,0
284,10,20,0,0,0,0
284,11,0,0,0,0,0
284,12,0,0,0,0,0
284,13,5,0,0,0,0
284,14,0,0,0,0,0
284,15,0,0,0,0,0
284,16,0,0,0,0,0
284,17,0,0,0,0,0
284,18,10,0,0,0,0
284,19,0,0,0,0,0
284,20,0,0,0,0,0
284,21,20,0,0,0,0
284,22,0,0,0,0,0
284,23,0,0,0,0,0
284,24,0,0,0,0,0
284,25,20,1,0,0,0
285,1,0,0,0,0,0
285,2,0,0,0,0,0
285,3,0,0,0,0,0
285,4,10,0,0,0,0
285,5,0,0,0,0,0
285,6,15,0,0,0,0
285,7,0,0,0,0,0
285,8,10,0,0,0,0
285,9,0,0,0,0,0
285,10,20,0,0,0,0
285,11,0,0,0,0,0
285,12,0,0,0,0,0
285,13,5,0,0,0,0
285,14,0,0,0,0,0
285,15,0,0,0,0,0
285,16,0,0,0,0,0
285,17,0,0,0,0,0
285,18,10,0,0,0,0
285,19,0,0,0,0,0
285,20,0,0,0,0,0
285,21,20,0,0,0,0
285,22,0,0,0,0,0
285,23,0,0,0,0,0
285,24,0,0,0,0,0
285,25,20,0,0,0,0
286,1,0,0,0,0,0
286,2,0,0,0,0,0
286,3,0,0,0,0,0
286,4,10,0,0,0,0
286,5,0,0,0,0,0
286,6,15,0,0,0,0
286,7,0,0,0,0,0
286,8,10,0,0,0,0
286,9,0,0,0,0,0
286,10,20,1,0,0,0
286,11,0,0,0,0,0
286,12,0,0,0,0,0
286,13,5,0,0,0,0
286,14,0,0,0,0,0
286,15,0,0,0,0,0
286,16,0,0,0,0,0
286,17,0,0,0,0,0
286,18,10,0,0,0,0
286,19,0,0,0,0,0
286,20,0,0,0,0,0
286,21,20,0,0,0,0
286,22,0,0,0,0,0
286,23,0,0,0,0,0
286,24,0,0,0,0,0
286,25,20,0,0,0,0
287,1,0,0,0,0,0
287,2,0,0,0,0,0
287,3,0,0,0,0,0
287,4,10,0,0,0,0
287,5,0,1,0,0,0
287,6,15,0,0,0,0
287,7,0,0,0,0,0
287,8,10,0,0,0,0
287,9,0,0,0,0,0
287,10,20,0,0,0,0
287,11,0,0,0,0,0
287,12,0,0,0,0,0
287,13,5,0,0,0,0
287,14,0,0,0,0,0
287,15,0,0,0,0,0
287,16,0,0,0,0,0
287,17,0,0,0,0,0
287,18,10,0,0,0,0
287,19,0,0,0,0,0
287,20,0,0,0,0,0
287,21,20,0,0,0,0
287,22,0,0,0,0,0
287,23,0,0,0,0,0
287,24,0,0,0,0,0
287,25,20,0,0,0,0
288,1,0,0,0,0,0
288,2,0,0,0,0,0
288,3,0,0,0,0,0
288,4,10,0,0,0,0
288,5,0,0,0,0,0
288,6,15,0,0,0,0
288,7,0,0,0,0,0
288,8,10,0,0,0,0
288,9,0,0,0,0,0
288,10,20,0,0,0,0
288,11,0,0,0,0,0
288,12,0,0,0,0,0
288,13,5,0,0,0,0
288,14,0,0,0,0,0
288,15,0,0,0,0,0
288,16,0,0,0,0,0
288,17,0,0,0,0,0
288,18,10,0,0,0,0
288,19,0,0,0,0,0
288,20,0,0,0,0,0
288,21,20,0,0,0,0
288,22,0,0,0,0,0
288,23,0,0,0,0,0
288,24,0,0,0,0,0
288,25,20,0,0,0,0
289,1,0,0,0,0,0
289,2,0,0,0,0,0
289,3,0,0,0,0,0
289,4,10,0,0,0,0
289,5,0,0,0,0,0
289,6,15,0,0,0,0
289,7,0,0,0,0,0
289,8,10,0,0,0,0
289,9,0,0,0,0,0
289,10,20,0,0,0,0
289,11,0,0,0,0,0
289,12,0,0,0,0,0
289,13,5,0,0,0,0
289,14,0,0,0,0,0
289,15,0,0,0,0,0
289,16,0,0,0,0,0
289,17,0,0,0,0,0
289,18,10,1,0,0,0
289,19,0,0,0,0,0
289,20,0,0,0,0,0
289,21,20,0,0,0,0
289,22,0,0,0,0,0
289,23,0,0,0,0,0
289,24,0,0,0,0,0
289,25,20,1,4,52.65,210.6
290,1,0,0,0,0,0
290,2,0,0,0,0,0
290,3,0,0,0,0,0
290,4,10,0,0,0,0
290,5,0,0,0,0,0
290,6,15,0,0,0,0
290,7,0,0,0,0,0
290,8,10,0,0,0,0
290,9,0,0,0,0,0
290,10,20,0,0,0,0
290,11,0,0,0,0,0
290,12,0,0,0,0,0
290,13,5,0,0,0,0
290,14,0,0,0,0,0
290,15,0,0,0,0,0
290,16,0,0,0,0,0
290,17,0,0,0,0,0
290,18,10,0,0,0,0
290,19,0,0,0,0,0
290,20,0,0,0,0,0
290,21,20,0,0,0,0
290,22,0,0,0,0,0
290,23,0,0,0,0,0
290,24,0,0,0,0,0
290,25,20,0,0,0,0
291,1,0,0,0,0,0
291,2,0,0,0,0,0
291,3,0,0,0,0,0
291,4,10,0,0,0,0
291,5,0,0,0,0,0
291,6,15,0,0,0,0
291,7,0,0,0,0,0
291,8,10,0,0,0,0
291,9,0,0,0,0,0
291,10,20,0,0,0,0
291,11,0,0,0,0,0
291,12,0,0,0,0,0
291,13,5,0,0,0,0
291,14,0,0,0,0,0
291,15,0,0,0,0,0
291,16,0,0,0,0,0
291,17,0,1,0,0,0
291,18,10,0,0,0,0
291,19,0,0,0,0,0
291,20,0,0,0,0,0
291,21,20,0,0,0,0
291,22,0,0,0,0,0
291,23,0,0,0,0,0
291,24,0,0,0,0,0
291,25,20,0,0,0,0
292,1,0,0,0,0,0
292,2,0,0,0,0,0
292,3,0,0,0,0,0
292,4,10,0,0,0,0
292,5,0,0,0,0,0
292,6,15,0,0,0,0
292,7,0,0,0,0,0
292,8,10,0,0,0,0
292,9,0,0,0,0,0
292,10,20,0,0,0,0
292,11,0,0,0,0,0
292,12,0,0,0,0,0
292,13,5,0,0,0,0
292,14,0,0,0,0,0
292,15,0,0,0,0,0
292,16,0,0,0,0,0
292,17,0,0,0,0,0
292,18,10,0,0,0,0
292,19,0,0,0,0,0
292,20,0,0,0,0,0
292,21,20,0,0,0,0
292,22,0,0,0,0,0
292,23,0,0,0,0,0
292,24,0,0,0,0,0
292,25,20,0,0,0,0
293,1,0,0,0,0,0
293,2,0,0,0,0,0
293,3,0,0,0,0,0
293,4,10,0,0,0,0
293,5,0,0,0,0,0
293,6,15,0,0,0,0
293,7,0,0,0,0,0
293,8,10,0,0,0,0
293,9,0,0,0,0,0
293,10,20,1,0,0,0
293,11,0,0,0,0,0
293,12,0,0,0,0,0
293,13,5,0,0,0,0
293,14,0,0,0,0,0
293,15,0,0,0,0,0
293,16,0,0,0,0,0
293,17,0,0,0,0,0
293,18,10,0,0,0,0
293,19,0,0,0,0,0
293,20,0,0,0,0,0
293,21,20,0,0,0,0
293,22,0,0,0,0,0
293,23,0,0,0,0,0
293,24,0,0,0,0,0
293,25,20,0,0,0,0
294,1,0,0,0,0,0
294,2,0,0,0,0,0
294,3,0,0,0,0,0
294,4,10,0,0,0,0
294,5,0,0,0,0,0
294,6,15,0,0,0,0
294,7,0,0,0,0,0
294,8,10,0,0,0,0
294,9,0,0,0,0,0
294,10,20,0,0,0,0
294,11,0,0,0,0,0
294,12,0,0,0,0,0
294,13,5,0,0,0,0
294,14,0,0,0,0,0
294,15,0,0,0,0,0
294,16,0,0,0,0,0
294,17,0,0,0,0,0
294,18,10,0,0,0,0
294,19,0,0,0,0,0
294,20,0,0,0,0,0
294,21,20,0,0,0,0
294,22,0,0,0,0,0
294,23,0,0,0,0,0
294,24,0,0,0,0,0
294,25,20,0,0,0,0
295,1,0,0,0,0,0
295,2,0,0,0,0,0
295,3,0,0,0,0,0
295,4,10,0,0,0,0
295,5,0,0,0,0,0
295,6,15,0,0,0,0
295,7,0,0,0,0,0
295,8,10,0,0,0,0
295,9,0,0,0,0,0
295,10,20,0,0,0,0
295,11,0,0,0,0,0
295,12,0,0,0,0,0
295,13,5,0,0,0,0
295,14,0,0,0,0,0
295,15,0,0,0,0,0
295,16,0,1,0,0,0
295,17,0,0,0,0,0
295,18,10,0,0,0,0
295,19,0,0,0,0,0
295,20,0,0,0,0,0
295,21,20,0,0,0,0
295,22,0,0,0,0,0
295,23,0,0,0,0,0
295,24,0,0,0,0,0
295,25,20,1,1,68.77,68.77
296,1,0,0,0,0,0
296,2,0,0,0,0,0
296,3,0,0,0,0,0
296,4,10,0,0,0,0
296,5,0,0,0,0,0
296,6,15,0,0,0,0
296,7,0,0,0,0,0
296,8,10,0,0,0,0
296,9,0,0,0,0,0
296,10,20,0,0,0,0
296,11,0,0,0,0,0
296,12,0,0,0,0,0
296,13,5,0,0,0,0
296,14,0,0,0,0,0
296,15,0,0,0,0,0
296,16,0,0,0,0,0
296,17,0,0,0,0,0
296,18,10,0,0,0,0
296,19,0,0,0,0,0
296,20,0,0,0,0,0
296,21,20,0,0,0,0
296,22,0,0,0,0,0
296,23,0,0,0,0,0
296,24,0,0,0,0,0
296,25,20,1,0,0,0
297,1,0,0,0,0,0
297,2,0,0,0,0,0
297,3,0,0,0,0,0
297,4,10,0,0,0,0
297,5,0,0,0,0,0
297,6,15,0,0,0,0
297,7,0,0,0,0,0
297,8,10,0,0,0,0
297,9,0,0,0,0,0
297,10,20,0,0,0,0
297,11,0,0,0,0,0
297,12,0,0,0,0,0
297,13,5,0,0,0,0
297,14,0,0,0,0,0
297,15,0,0,0,0,0
297,16,0,0,0,0,0
297,17,0,0,0,0,0
297,18,10,0,0,0,0
297,19,0,0,0,0,0
297,20,0,0,0,0,0
297,21,20,0,0,0,0
297,22,0,0,0,0,0
297,23,0,0,0,0,0
297,24,0,0,0,0,0
297,25,20,0,0,0,0
298,1,0,0,0,0,0
298,2,0,0,0,0,0
298,3,0,0,0,0,0
298,4,10,0,0,0,0
298,5,0,0,0,0,0
298,6,15,0,0,0,0
298,7,0,0,0,0,0
298,8,10,0,0,0,0
298,9,0,0,0,0,0
298,10,20,1,0,0,0
298,11,0,0,0,0,0
298,12,0,0,0,0,0
298,13,5,0,0,0,0
298,14,0,0,0,0,0
298,15,0,0,0,0,0
298,16,0,0,0,0,0
298,17,0,0,0,0,0
298,18,10,0,0,0,0
298,19,0,0,0,0,0
298,20,0,0,0,0,0
298,21,20,0,0,0,0
298,22,0,0,0,0,0
298,23,0,0,0,0,0
298,24,0,0,0,0,0
298,25,20,0,0,0,0
299,1,0,0,0,0,0
299,2,0,0,0,0,0
299,3,0,0,0,0,0
299,4,10,0,0,0,0
299,5,0,0,0,0,0
299,6,15,0,0,0,0
299,7,0,0,0,0,0
299,8,10,0,0,0,0
299,9,0,0,0,0,0
299,10,20,0,0,0,0
299,11,0,0,0,0,0
299,12,0,0,0,0,0
299,13,5,0,0,0,0
299,14,0,0,0,0,0
299,15,0,0,0,0,0
299,16,0,0,0,0,0
299,17,0,0,0,0,0
299,18,10,1,0,0,0
299,19,0,0,0,0,0
299,20,0,0,0,0,0
299,21,20,0,0,0,0
299,22,0,0,0,0,0
299,23,0,0,0,0,0
299,24,0,0,0,0,0
299,25,20,1,1,5.76,5.76
300,1,0,0,0,0,0
300,2,0,0,0,0,0
300,3,0,0,0,0,0
300,4,10,0,0,0,0
300,5,0,0,0,0,0
300,6,15,0,0,0,0
300,7,0,0,0,0,0
300,8,10,0,0,0,0
300,9,0,0,0,0,0
300,10,20,1,0,0,0
300,11,0,0,0,0,0
300,12,0,0,0,0,0
300,13,5,0,0,0,0
300,14,0,0,0,0,0
300,15,0,0,0,0,0
300,16,0,0,0,0,0
300,17,0,0,0,0,0
300,18,10,0,0,0,0
300,19,0,0,0,0,0
300,20,0,1,2,75.69,151.38
300,21,20,0,0,0,0
300,22,0,0,0,0,0
300,23,0,0,0,0,0
300,24,0,0,0,0,0
300,25,20,0,0,0,0
301,1,0,0,0,0,0
301,2,0,0,0,0,0
301,3,0,0,0,0,0
301,4,10,0,0,0,0
301,5,0,0,0,0,0
301,6,15,0,0,0,0
301,7,0,0,0,0,0
301,8,10,0,0,0,0
301,9,0,0,0,0,0
301,10,20,0,0,0,0
301,11,0,0,0,0,0
301,12,0,0,0,0,0
301,13,5,0,0,0,0
301,14,0,0,0,0,0
301,15,0,0,0,0,0
301,16,0,0,0,0,0
301,17,0,0,0,0,0
301,18,10,0,0,0,0
301,19,0,0,0,0,0
301,20,0,0,0,0,0
301,21,20,0,0,0,0
301,22,0,0,0,0,0
301,23,0,0,0,0,0
301,24,0,0,0,0,0
301,25,20,0,0,0,0
302,1,0,0,0,0,0
302,2,0,0,0,0,0
302,3,0,0,0,0,0
302,4,10,0,0,0,0
302,5,0,0,0,0,0
302,6,15,0,0,0,0
302,7,0,0,0,0,0
302,8,10,0,0,0,0
302,9,0,0,0,0,0
302,10,20,1,0,0,0
302,11,0,0,0,0,0
302,12,0,0,0,0,0
302,13,5,0,0,0,0
302,14,0,0,0,0,0
302,15,0,0,0,0,0
302,16,0,0,0,0,0
302,17,0,0,0,0,0
302,18,10,0,0,0,0
302,19,0,0,0,0,0
302,20,0,0,0,0,0
302,21,20,0,0,0,0
302,22,0,0,0,0,0
302,23,0,0,0,0,0
302,24,0,0,0,0,0
302,25,20,0,0,0,0
303,1,0,0,0,0,0
303,2,0,0,0,0,0
303,3,0,0,0,0,0
303,4,10,0,0,0,0
303,5,0,0,0,0,0
303,6,15,0,0,0,0
303,7,0,0,0,0,0
303,8,10,0,0,0,0
303,9,0,0,0,0,0
303,10,20,0,0,0,0
303,11,0,0,0,0,0
303,12,0,0,0,0,0
303,13,5,0,0,0,0
303,14,0,0,0,0,0
303,15,0,0,0,0,0
303,16,0,0,0,0,0
303,17,0,0,0,0,0
303,18,10,0,0,0,0
303,19,0,0,0,0,0
303,20,0,0,0,0,0
303,21,20,0,0,0,0
303,22,0,0,0,0,0
303,23,0,0,0,0,0
303,24,0,0,0,0,0
303,25,20,0,0,0,0
304,1,0,0,0,0,0
304,2,0,0,0,0,0
304,3,0,0,0,0,0
304,4,10,0,0,0,0
304,5,0,0,0,0,0
304,6,15,0,0,0,0
304,7,0,0,0,0,0
304,8,10,0,0,0,0
304,9,0,0,0,0,0
304,10,20,0,0,0,0
304,11,0,0,0,0,0
304,12,0,0,0,0,0
304,13,5,0,0,0,0
304,14,0,0,0,0,0
304,15,0,0,0,0,0
304,16,0,0,0,0,0
304,17,0,0,0,0,0
304,18,10,0,0,0,0
304,19,0,0,0,0,0
304,20,0,0,0,0,0
304,21,20,0,0,0,0
304,22,0,0,0,0,0
304,23,0,0,0,0,0
304,24,0,0,0,0,0
304,25,20,0,0,0,0
305,1,0,0,0,0,0
305,2,0,0,0,0,0
305,3,0,0,0,0,0
305,4,10,0,0,0,0
305,5,0,0,0,0,0
305,6,15,0,0,0,0
305,7,0,0,0,0,0
305,8,10,0,0,0,0
305,9,0,0,0,0,0
305,10,20,0,0,0,0
305,11,0,0,0,0,0
305,12,0,0,0,0,0
305,13,5,0,0,0,0
305,14,0,0,0,0,0
305,15,0,0,0,0,0
305,16,0,0,0,0,0
305,17,0,0,0,0,0
305,18,10,1,0,0,0
305,19,0,0,0,0,0
305,20,0,0,0,0,0
305,21,20,0,0,0,0
305,22,0,0,0,0,0
305,23,0,0,0,0,0
305,24,0,0,0,0,0
305,25,20,1,2,57.94,115.88
306,1,0,0,0,0,0
306,2,0,0,0,0,0
306,3,0,0,0,0,0
306,4,10,0,0,0,0
306,5,0,0,0,0,0
306,6,15,0,0,0,0
306,7,0,0,0,0,0
306,8,10,0,0,0,0
306,9,0,0,0,0,0
306,10,20,1,1,50.48,50.48
306,11,0,0,0,0,0
306,12,0,0,0,0,0
306,13,5,0,0,0,0
306,14,0,0,0,0,0
306,15,0,0,0,0,0
306,16,0,0,0,0,0
306,17,0,0,0,0,0
306,18,10,0,0,0,0
306,19,0,0,0,0,0
306,20,0,0,0,0,0
306,21,20,0,0,0,0
306,22,0,0,0,0,0
306,23,0,0,0,0,0
306,24,0,0,0,0,0
306,25,20,0,0,0,0
307,1,0,0,0,0,0
307,2,0,0,0,0,0
307,3,0,0,0,0,0
307,4,10,0,0,0,0
307,5,0,0,0,0,0
307,6,15,0,0,0,0
307,7,0,0,0,0,0
307,8,10,0,0,0,0
307,9,0,0,0,0,0
307,10,20,0,0,0,0
307,11,0,0,0,0,0
307,12,0,0,0,0,0
307,13,5,0,0,0,0
307,14,0,0,0,0,0
307,15,0,0,0,0,0
307,16,0,0,0,0,0
307,17,0,0,0,0,0
307,18,10,1,3,39.44,118.32
307,19,0,0,0,0,0
307,20,0,0,0,0,0
307,21,20,0,0,0,0
307,22,0,0,0,0,0
307,23,0,0,0,0,0
307,24,0,0,0,0,0
307,25,20,0,0,0,0
308,1,0,0,0,0,0
308,2,0,0,0,0,0
308,3,0,0,0,0,0
308,4,10,0,0,0,0
308,5,0,0,0,0,0
308,6,15,0,0,0,0
308,7,0,0,0,0,0
308,8,10,0,0,0,0
308,9,0,0,0,0,0
308,10,20,0,0,0,0
308,11,0,0,0,0,0
308,12,0,0,0,0,0
308,13,5,0,0,0,0
308,14,0,0,0,0,0
308,15,0,0,0,0,0
308,16,0,0,0,0,0
308,17,0,0,0,0,0
308,18,10,0,0,0,0
308,19,0,0,0,0,0
308,20,0,0,0,0,0
308,21,20,1,1,64.32,64.32
308,22,0,0,0,0,0
308,23,0,0,0,0,0
308,24,0,0,0,0,0
308,25,20,1,0,0,0
309,1,0,0,0,0,0
309,2,0,0,0,0,0
309,3,0,0,0,0,0
309,4,10,0,0,0,0
309,5,0,0,0,0,0
309,6,15,0,0,0,0
309,7,0,0,0,0,0
309,8,10,0,0,0,0
309,9,0,0,0,0,0
309,10,20,0,0,0,0
309,11,0,0,0,0,0
309,12,0,0,0,0,0
309,13,5,0,0,0,0
309,14,0,0,0,0,0
309,15,0,0,0,0,0
309,16,0,0,0,0,0
309,17,0,0,0,0,0
309,18,10,0,0,0,0
309,19,0,0,0,0,0
309,20,0,0,0,0,0
309,21,20,0,0,0,0
309,22,0,0,0,0,0
309,23,0,0,0,0,0
309,24,0,0,0,0,0
309,25,20,0,0,0,0
310,1,0,0,0,0,0
310,2,0,0,0,0,0
310,3,0,0,0,0,0
310,4,10,0,0,0,0
310,5,0,0,0,0,0
310,6,15,0,0,0,0
310,7,0,0,0,0,0
310,8,10,0,0,0,0
310,9,0,0,0,0,0
310,10,20,0,0,0,0
310,11,0,0,0,0,0
310,12,0,0,0,0,0
310,13,5,0,0,0,0
310,14,0,0,0,0,0
310,15,0,0,0,0,0
310,16,0,0,0,0,0
310,17,0,0,0,0,0
310,18,10,1,1,58.37,58.37
310,19,0,0,0,0,0
310,20,0,0,0,0,0
310,21,20,0,0,0,0
310,22,0,0,0,0,0
310,23,0,0,0,0,0
310,24,0,0,0,0,0
310,25,20,0,0,0,0
311,1,0,0,0,0,0
311,2,0,0,0,0,0
311,3,0,0,0,0,0
311,4,10,0,0,0,0
311,5,0,0,0,0,0
311,6,15,0,0,0,0
311,7,0,0,0,0,0
311,8,10,0,0,0,0
311,9,0,0,0,0,0
311,10,20,0,0,0,0
311,11,0,0,0,0,0
311,12,0,0,0,0,0
311,13,5,0,0,0,0
311,14,0,0,0,0,0
311,15,0,0,0,0,0
311,16,0,0,0,0,0
311,17,0,0,0,0,0
311,18,10,0,0,0,0
311,19,0,0,0,0,0
311,20,0,0,0,0,0
311,21,20,0,0,0,0
311,22,0,0,0,0,0
311,23,0,0,0,0,0
311,24,0,0,0,0,0
311,25,20,0,0,0,0
312,1,0,0,0,0,0
312,2,0,0,0,0,0
312,3,0,0,0,0,0
312,4,10,0,0,0,0
312,5,0,0,0,0,0
312,6,15,0,0,0,0
312,7,0,0,0,0,0
312,8,10,0,0,0,0
312,9,0,0,0,0,0
312,10,20,1,6,8.07,48.42
312,11,0,0,0,0,0
312,12,0,0,0,0,0
312,13,5,0,0,0,0
312,14,0,0,0,0,0
312,15,0,0,0,0,0
312,16,0,0,0,0,0
312,17,0,0,0,0,0
312,18,10,0,0,0,0
312,19,0,0,0,0,0
312,20,0,0,0,0,0
312,21,20,1,1,67.8,67.8
312,22,0,0,0,0,0
312,23,0,0,0,0,0
312,24,0,0,0,0,0
312,25,20,0,0,0,0
313,1,0,0,0,0,0
313,2,0,0,0,0,0
313,3,0,0,0,0,0
313,4,10,1,0,0,0
313,5,0,0,0,0,0
313,6,15,0,0,0,0
313,7,0,0,0,0,0
313,8,10,0,0,0,0
313,9,0,0,0,0,0
313,10,20,0,0,0,0
313,11,0,0,0,0,0
313,12,0,0,0,0,0
313,13,5,1,0,0,0
313,14,0,0,0,0,0
313,15,0,0,0,0,0
313,16,0,0,0,0,0
313,17,0,0,0,0,0
313,18,10,0,0,0,0
313,19,0,0,0,0,0
313,20,0,0,0,0,0
313,21,20,0,0,0,0
313,22,0,0,0,0,0
313,23,0,0,0,0,0
313,24,0,0,0,0,0
313,25,20,0,0,0,0
314,1,0,0,0,0,0
314,2,0,0,0,0,0
314,3,0,0,0,0,0
314,4,10,1,0,0,0
314,5,0,0,0,0,0
314,6,15,0,0,0,0
314,7,0,0,0,0,0
314,8,10,0,0,0,0
314,9,0,0,0,0,0
314,10,20,1,0,0,0
314,11,0,0,0,0,0
314,12,0,0,0,0,0
314,13,5,0,0,0,0
314,14,0,0,0,0,0
314,15,0,0,0,0,0
314,16,0,0,0,0,0
314,17,0,0,0,0,0
314,18,10,0,0,0,0
314,19,0,0,0,0,0
314,20,0,0,0,0,0
314,21,20,0,0,0,0
314,22,0,0,0,0,0
314,23,0,0,0,0,0
314,24,0,0,0,0,0
314,25,20,0,0,0,0
315,1,0,0,0,0,0
315,2,0,0,0,0,0
315,3,0,0,0,0,0
315,4,10,0,0,0,0
315,5,0,0,0,0,0
315,6,15,0,0,0,0
315,7,0,0,0,0,0
315,8,10,0,0,0,0
315,9,0,0,0,0,0
315,10,20,1,0,0,0
315,11,0,0,0,0,0
315,12,0,0,0,0,0
315,13,5,0,0,0,0
315,14,0,0,0,0,0
315,15,0,0,0,0,0
315,16,0,0,0,0,0
315,17,0,0,0,0,0
315,18,10,0,0,0,0
315,19,0,0,0,0,0
315,20,0,0,0,0,0
315,21,20,0,0,0,0
315,22,0,0,0,0,0
315,23,0,0,0,0,0
315,24,0,0,0,0,0
315,25,20,0,0,0,0
316,1,0,0,0,0,0
316,2,0,0,0,0,0
316,3,0,0,0,0,0
316,4,10,0,0,0,0
316,5,0,1,1,29.99,29.99
316,6,15,0,0,0,0
316,7,0,0,0,0,0
316,8,10,0,0,0,0
316,9,0,0,0,0,0
316,10,20,0,0,0,0
316,11,0,0,0,0,0
316,12,0,0,0,0,0
316,13,5,0,0,0,0
316,14,0,1,0,0,0
316,15,0,0,0,0,0
316,16,0,0,0,0,0
316,17,0,0,0,0,0
316,18,10,0,0,0,0
316,19,0,0,0,0,0
316,20,0,0,0,0,0
316,21,20,0,0,0,0
316,22,0,0,0,0,0
316,23,0,0,0,0,0
316,24,0,0,0,0,0
316,25,20,0,0,0,0
317,1,0,0,0,0,0
317,2,0,0,0,0,0
317,3,0,0,0,0,0
317,4,10,0,0,0,0
317,5,0,0,0,0,0
317,6,15,0,0,0,0
317,7,0,0,0,0,0
317,8,10,0,0,0,0
317,9,0,0,0,0,0
317,10,20,0,0,0,0
317,11,0,0,0,0,0
317,12,0,0,0,0,0
317,13,5,0,0,0,0
317,14,0,0,0,0,0
317,15,0,0,0,0,0
317,16,0,0,0,0,0
317,17,0,0,0,0,0
317,18,10,0,0,0,0
317,19,0,0,0,0,0
317,20,0,0,0,0,0
317,21,20,1,0,0,0
317,22,0,0,0,0,0
317,23,0,0,0,0,0
317,24,0,0,0,0,0
317,25,20,0,0,0,0
318,1,0,0,0,0,0
318,2,0,0,0,0,0
318,3,0,0,0,0,0
318,4,10,0,0,0,0
318,5,0,0,0,0,0
318,6,15,0,0,0,0
318,7,0,0,0,0,0
318,8,10,0,0,0,0
318,9,0,0,0,0,0
318,10,20,0,0,0,0
318,11,0,0,0,0,0
318,12,0,0,0,0,0
318,13,5,0,0,0,0
318,14,0,0,0,0,0
318,15,0,1,2,43.08,86.16
318,16,0,0,0,0,0
318,17,0,0,0,0,0
318,18,10,0,0,0,0
318,19,0,0,0,0,0
318,20,0,0,0,0,0
318,21,20,0,0,0,0
318,22,0,0,0,0,0
318,23,0,0,0,0,0
318,24,0,0,0,0,0
318,25,20,0,0,0,0
319,1,0,0,0,0,0
319,2,0,0,0,0,0
319,3,0,0,0,0,0
319,4,10,0,0,0,0
319,5,0,0,0,0,0
319,6,15,0,0,0,0
319,7,0,0,0,0,0
319,8,10,0,0,0,0
319,9,0,0,0,0,0
319,10,20,0,0,0,0
319,11,0,0,0,0,0
319,12,0,0,0,0,0
319,13,5,0,0,0,0
319,14,0,0,0,0,0
319,15,0,0,0,0,0
319,16,0,0,0,0,0
319,17,0,0,0,0,0
319,18,10,0,0,0,0
319,19,0,0,0,0,0
319,20,0,0,0,0,0
319,21,20,0,0,0,0
319,22,0,0,0,0,0
319,23,0,0,0,0,0
319,24,0,0,0,0,0
319,25,20,0,0,0,0
320,1,0,0,0,0,0
320,2,0,0,0,0,0
320,3,0,0,0,0,0
320,4,10,0,0,0,0
320,5,0,0,0,0,0
320,6,15,0,0,0,0
320,7,0,0,0,0,0
320,8,10,0,0,0,0
320,9,0,0,0,0,0
320,10,20,1,0,0,0
320,11,0,0,0,0,0
320,12,0,0,0,0,0
320,13,5,0,0,0,0
320,14,0,0,0,0,0
320,15,0,0,0,0,0
320,16,0,0,0,0,0
320,17,0,0,0,0,0
320,18,10,1,0,0,0
320,19,0,0,0,0,0
320,20,0,0,0,0,0
320,21,20,0,0,0,0
320,22,0,0,0,0,0
320,23,0,0,0,0,0
320,24,0,0,0,0,0
320,25,20,0,0,0,0
321,1,0,0,0,0,0
321,2,0,0,0,0,0
321,3,0,0,0,0,0
321,4,10,0,0,0,0
321,5,0,0,0,0,0
321,6,15,0,0,0,0
321,7,0,0,0,0,0
321,8,10,0,0,0,0
321,9,0,0,0,0,0
321,10,20,0,0,0,0
321,11,0,0,0,0,0
321,12,0,0,0,0,0
321,13,5,0,0,0,0
321,14,0,0,0,0,0
321,15,0,0,0,0,0
321,16,0,0,0,0,0
321,17,0,0,0,0,0
321,18,10,0,0,0,0
321,19,0,0,0,0,0
321,20,0,0,0,0,0
321,21,20,0,0,0,0
321,22,0,0,0,0,0
321,23,0,0,0,0,0
321,24,0,0,0,0,0
321,25,20,0,0,0,0
322,1,0,0,0,0,0
322,2,0,0,0,0,0
322,3,0,0,0,0,0
322,4,10,0,0,0,0
322,5,0,0,0,0,0
322,6,15,0,0,0,0
322,7,0,0,0,0,0
322,8,10,0,0,0,0
322,9,0,0,0,0,0
322,10,20,0,0,0,0
322,11,0,0,0,0,0
322,12,0,0,0,0,0
322,13,5,0,0,0,0
322,14,0,0,0,0,0
322,15,0,0,0,0,0
322,16,0,0,0,0,0
322,17,0,0,0,0,0
322,18,10,0,0,0,0
322,19,0,0,0,0,0
322,20,0,0,0,0,0
322,21,20,0,0,0,0
322,22,0,0,0,0,0
322,23,0,0,0,0,0
322,24,0,0,0,0,0
322,25,20,0,0,0,0
323,1,0,1,0,0,0
323,2,0,0,0,0,0
323,3,0,0,0,0,0
323,4,10,0,0,0,0
323,5,0,0,0,0,0
323,6,15,0,0,0,0
323,7,0,0,0,0,0
323,8,10,0,0,0,0
323,9,0,0,0,0,0
323,10,20,0,0,0,0
323,11,0,0,0,0,0
323,12,0,0,0,0,0
323,13,5,0,0,0,0
323,14,0,0,0,0,0
323,15,0,0,0,0,0
323,16,0,0,0,0,0
323,17,0,0,0,0,0
323,18,10,0,0,0,0
323,19,0,0,0,0,0
323,20,0,0,0,0,0
323,21,20,0,0,0,0
323,22,0,0,0,0,0
323,23,0,0,0,0,0
323,24,0,0,0,0,0
323,25,20,0,0,0,0
324,1,0,0,0,0,0
324,2,0,0,0,0,0
324,3,0,0,0,0,0
324,4,10,0,0,0,0
324,5,0,0,0,0,0
324,6,15,0,0,0,0
324,7,0,0,0,0,0
324,8,10,0,0,0,0
324,9,0,0,0,0,0
324,10,20,0,0,0,0
324,11,0,0,0,0,0
324,12,0,0,0,0,0
324,13,5,0,0,0,0
324,14,0,0,0,0,0
324,15,0,0,0,0,0
324,16,0,0,0,0,0
324,17,0,0,0,0,0
324,18,10,0,0,0,0
324,19,0,0,0,0,0
324,20,0,0,0,0,0
324,21,20,0,0,0,0
324,22,0,0,0,0,0
324,23,0,0,0,0,0
324,24,0,0,0,0,0
324,25,20,0,0,0,0
325,1,0,0,0,0,0
325,2,0,0,0,0,0
325,3,0,0,0,0,0
325,4,10,0,0,0,0
325,5,0,0,0,0,0
325,6,15,0,0,0,0
325,7,0,0,0,0,0
325,8,10,0,0,0,0
325,9,0,0,0,0,0
325,10,20,0,0,0,0
325,11,0,0,0,0,0
325,12,0,0,0,0,0
325,13,5,0,0,0,0
325,14,0,0,0,0,0
325,15,0,0,0,0,0
325,16,0,0,0,0,0
325,17,0,0,0,0,0
325,18,10,0,0,0,0
325,19,0,0,0,0,0
325,20,0,0,0,0,0
325,21,20,0,0,0,0
325,22,0,0,0,0,0
325,23,0,0,0,0,0
325,24,0,0,0,0,0
325,25,20,0,0,0,0
326,1,0,0,0,0,0
326,2,0,0,0,0,0
326,3,0,0,0,0,0
326,4,10,0,0,0,0
326,5,0,0,0,0,0
326,6,15,0,0,0,0
326,7,0,0,0,0,0
326,8,10,0,0,0,0
326,9,0,0,0,0,0
326,10,20,0,0,0,0
326,11,0,0,0,0,0
326,12,0,0,0,0,0
326,13,5,0,0,0,0
326,14,0,0,0,0,0
326,15,0,0,0,0,0
326,16,0,0,0,0,0
326,17,0,0,0,0,0
326,18,10,0,0,0,0
326,19,0,0,0,0,0
326,20,0,0,0,0,0
326,21,20,0,0,0,0
326,22,0,0,0,0,0
326,23,0,0,0,0,0
326,24,0,0,0,0,0
326,25,20,1,1,53.86,53.86
327,1,0,0,0,0,0
327,2,0,0,0,0,0
327,3,0,0,0,0,0
327,4,10,0,0,0,0
327,5,0,0,0,0,0
327,6,15,1,3,63.32,189.96
327,7,0,0,0,0,0
327,8,10,0,0,0,0
327,9,0,0,0,0,0
327,10,20,0,0,0,0
327,11,0,0,0,0,0
327,12,0,0,0,0,0
327,13,5,0,0,0,0
327,14,0,0,0,0,0
327,15,0,0,0,0,0
327,16,0,0,0,0,0
327,17,0,0,0,0,0
327,18,10,0,0,0,0
327,19,0,0,0,0,0
327,20,0,0,0,0,0
327,21,20,0,0,0,0
327,22,0,0,0,0,0
327,23,0,0,0,0,0
327,24,0,0,0,0,0
327,25,20,0,0,0,0
328,1,0,0,0,0,0
328,2,0,0,0,0,0
328,3,0,0,0,0,0
328,4,10,1,0,0,0
328,5,0,0,0,0,0
328,6,15,0,0,0,0
328,7,0,0,0,0,0
328,8,10,0,0,0,0
328,9,0,0,0,0,0
328,10,20,0,0,0,0
328,11,0,0,0,0,0
328,12,0,0,0,0,0
328,13,5,0,0,0,0
328,14,0,0,0,0,0
328,15,0,0,0,0,0
328,16,0,0,0,0,0
328,17,0,0,0,0,0
328,18,10,0,0,0,0
328,19,0,0,0,0,0
328,20,0,0,0,0,0
328,21,20,0,0,0,0
328,22,0,0,0,0,0
328,23,0,0,0,0,0
328,24,0,0,0,0,0
328,25,20,0,0,0,0
329,1,0,0,0,0,0
329,2,0,0,0,0,0
329,3,0,0,0,0,0
329,4,10,0,0,0,0
329,5,0,0,0,0,0
329,6,15,0,0,0,0
329,7,0,0,0,0,0
329,8,10,0,0,0,0
329,9,0,0,0,0,0
329,10,20,0,0,0,0
329,11,0,0,0,0,0
329,12,0,0,0,0,0
329,13,5,0,0,0,0
329,14,0,0,0,0,0
329,15,0,0,0,0,0
329,16,0,0,0,0,0
329,17,0,0,0,0,0
329,18,10,0,0,0,0
329,19,0,0,0,0,0
329,20,0,0,0,0,0
329,21,20,0,0,0,0
329,22,0,0,0,0,0
329,23,0,0,0,0,0
329,24,0,0,0,0,0
329,25,20,0,0,0,0
330,1,0,0,0,0,0
330,2,0,0,0,0,0
330,3,0,0,0,0,0
330,4,10,1,0,0,0
330,5,0,0,0,0,0
330,6,15,0,0,0,0
330,7,0,0,0,0,0
330,8,10,1,2,36.47,72.94
330,9,0,0,0,0,0
330,10,20,0,0,0,0
330,11,0,0,0,0,0
330,12,0,0,0,0,0
330,13,5,0,0,0,0
330,14,0,0,0,0,0
330,15,0,0,0,0,0
330,16,0,0,0,0,0
330,17,0,0,0,0,0
330,18,10,0,0,0,0
330,19,0,0,0,0,0
330,20,0,0,0,0,0
330,21,20,0,0,0,0
330,22,0,0,0,0,0
330,23,0,0,0,0,0
330,24,0,0,0,0,0
330,25,20,0,0,0,0
331,1,0,0,0,0,0
331,2,0,0,0,0,0
331,3,0,0,0,0,0
331,4,10,0,0,0,0
331,5,0,0,0,0,0
331,6,15,0,0,0,0
331,7,0,0,0,0,0
331,8,10,0,0,0,0
331,9,0,0,0,0,0
331,10,20,0,0,0,0
331,11,0,0,0,0,0
331,12,0,0,0,0,0
331,13,5,0,0,0,0
331,14,0,0,0,0,0
331,15,0,0,0,0,0
331,16,0,0,0,0,0
331,17,0,0,0,0,0
331,18,10,0,0,0,0
331,19,0,0,0,0,0
331,20,0,0,0,0,0
331,21,20,1,2,61.54,123.08
331,22,0,0,0,0,0
331,23,0,0,0,0,0
331,24,0,0,0,0,0
331,25,20,0,0,0,0
332,1,0,0,0,0,0
332,2,0,0,0,0,0
332,3,0,0,0,0,0
332,4,10,0,0,0,0
332,5,0,0,0,0,0
332,6,15,0,0,0,0
332,7,0,0,0,0,0
332,8,10,0,0,0,0
332,9,0,0,0,0,0
332,10,20,1,1,61.99,61.99
332,11,0,0,0,0,0
332,12,0,0,0,0,0
332,13,5,0,0,0,0
332,14,0,0,0,0,0
332,15,0,0,0,0,0
332,16,0,0,0,0,0
332,17,0,0,0,0,0
332,18,10,0,0,0,0
332,19,0,0,0,0,0
332,20,0,0,0,0,0
332,21,20,0,0,0,0
332,22,0,0,0,0,0
332,23,0,0,0,0,0
332,24,0,0,0,0,0
332,25,20,0,0,0,0
333,1,0,0,0,0,0
333,2,0,0,0,0,0
333,3,0,0,0,0,0
333,4,10,0,0,0,0
333,5,0,0,0,0,0
333,6,15,1,1,36.44,36.44
333,7,0,0,0,0,0
333,8,10,0,0,0,0
333,9,0,1,1,25.23,25.23
333,10,20,0,0,0,0
333,11,0,0,0,0,0
333,12,0,0,0,0,0
333,13,5,0,0,0,0
333,14,0,0,0,0,0
333,15,0,0,0,0,0
333,16,0,0,0,0,0
333,17,0,0,0,0,0
333,18,10,0,0,0,0
333,19,0,0,0,0,0
333,20,0,0,0,0,0
333,21,20,0,0,0,0
333,22,0,0,0,0,0
333,23,0,1,0,0,0
333,24,0,0,0,0,0
333,25,20,0,0,0,0
334,1,0,0,0,0,0
334,2,0,0,0,0,0
334,3,0,0,0,0,0
334,4,10,0,0,0,0
334,5,0,0,0,0,0
334,6,15,0,0,0,0
334,7,0,0,0,0,0
334,8,10,0,0,0,0
334,9,0,0,0,0,0
334,10,20,0,0,0,0
334,11,0,0,0,0,0
334,12,0,0,0,0,0
334,13,5,0,0,0,0
334,14,0,0,0,0,0
334,15,0,0,0,0,0
334,16,0,0,0,0,0
334,17,0,0,0,0,0
334,18,10,0,0,0,0
334,19,0,0,0,0,0
334,20,0,0,0,0,0
334,21,20,0,0,0,0
334,22,0,0,0,0,0
334,23,0,0,0,0,0
334,24,0,0,0,0,0
334,25,20,0,0,0,0
335,1,0,0,0,0,0
335,2,0,0,0,0,0
335,3,0,0,0,0,0
335,4,10,0,0,0,0
335,5,0,0,0,0,0
335,6,15,1,5,63.4,317
335,7,0,0,0,0,0
335,8,10,0,0,0,0
335,9,0,0,0,0,0
335,10,20,0,0,0,0
335,11,0,0,0,0,0
335,12,0,0,0,0,0
335,13,5,0,0,0,0
335,14,0,0,0,0,0
335,15,0,0,0,0,0
335,16,0,0,0,0,0
335,17,0,0,0,0,0
335,18,10,0,0,0,0
335,19,0,0,0,0,0
335,20,0,0,0,0,0
335,21,20,0,0,0,0
335,22,0,0,0,0,0
335,23,0,0,0,0,0
335,24,0,0,0,0,0
335,25,20,0,0,0,0
336,1,0,0,0,0,0
336,2,0,0,0,0,0
336,3,0,0,0,0,0
336,4,10,0,0,0,0
336,5,0,0,0,0,0
336,6,15,0,0,0,0
336,7,0,0,0,0,0
336,8,10,0,0,0,0
336,9,0,0,0,0,0
336,10,20,0,0,0,0
336,11,0,0,0,0,0
336,12,0,0,0,0,0
336,13,5,0,0,0,0
336,14,0,0,0,0,0
336,15,0,0,0,0,0
336,16,0,0,0,0,0
336,17,0,0,0,0,0
336,18,10,0,0,0,0
336,19,0,0,0,0,0
336,20,0,0,0,0,0
336,21,20,0,0,0,0
336,22,0,0,0,0,0
336,23,0,0,0,0,0
336,24,0,0,0,0,0
336,25,20,0,0,0,0
337,1,0,0,0,0,0
337,2,0,0,0,0,0
337,3,0,1,1,20.04,20.04
337,4,10,0,0,0,0
337,5,0,0,0,0,0
337,6,15,0,0,0,0
337,7,0,0,0,0,0
337,8,10,0,0,0,0
337,9,0,0,0,0,0
337,10,20,0,0,0,0
337,11,0,0,0,0,0
337,12,0,0,0,0,0
337,13,5,0,0,0,0
337,14,0,0,0,0,0
337,15,0,1,1,23.93,23.93
337,16,0,0,0,0,0
337,17,0,0,0,0,0
337,18,10,1,4,77.91,311.64
337,19,0,0,0,0,0
337,20,0,0,0,0,0
337,21,20,0,0,0,0
337,22,0,0,0,0,0
337,23,0,0,0,0,0
337,24,0,0,0,0,0
337,25,20,0,0,0,0
338,1,0,0,0,0,0
338,2,0,0,0,0,0
338,3,0,0,0,0,0
338,4,10,0,0,0,0
338,5,0,0,0,0,0
338,6,15,0,0,0,0
338,7,0,0,0,0,0
338,8,10,1,0,0,0
338,9,0,0,0,0,0
338,10,20,0,0,0,0
338,11,0,0,0,0,0
338,12,0,0,0,0,0
338,13,5,0,0,0,0
338,14,0,0,0,0,0
338,15,0,0,0,0,0
338,16,0,0,0,0,0
338,17,0,0,0,0,0
338,18,10,0,0,0,0
338,19,0,0,0,0,0
338,20,0,0,0,0,0
338,21,20,0,0,0,0
338,22,0,0,0,0,0
338,23,0,0,0,0,0
338,24,0,0,0,0,0
338,25,20,0,0,0,0
339,1,0,0,0,0,0
339,2,0,0,0,0,0
339,3,0,0,0,0,0
339,4,10,0,0,0,0
339,5,0,0,0,0,0
339,6,15,0,0,0,0
339,7,0,0,0,0,0
339,8,10,0,0,0,0
339,9,0,0,0,0,0
339,10,20,0,0,0,0
339,11,0,0,0,0,0
339,12,0,0,0,0,0
339,13,5,0,0,0,0
339,14,0,0,0,0,0
339,15,0,0,0,0,0
339,16,0,0,0,0,0
339,17,0,0,0,0,0
339,18,10,0,0,0,0
339,19,0,0,0,0,0
339,20,0,0,0,0,0
339,21,20,0,0,0,0
339,22,0,0,0,0,0
339,23,0,0,0,0,0
339,24,0,0,0,0,0
339,25,20,0,0,0,0
340,1,0,0,0,0,0
340,2,0,0,0,0,0
340,3,0,0,0,0,0
340,4,10,0,0,0,0
340,5,0,1,0,0,0
340,6,15,0,0,0,0
340,7,0,0,0,0,0
340,8,10,0,0,0,0
340,9,0,0,0,0,0
340,10,20,0,0,0,0
340,11,0,0,0,0,0
340,12,0,0,0,0,0
340,13,5,0,0,0,0
340,14,0,0,0,0,0
340,15,0,0,0,0,0
340,16,0,0,0,0,0
340,17,0,0,0,0,0
340,18,10,0,0,0,0
340,19,0,0,0,0,0
340,20,0,0,0,0,0
340,21,20,0,0,0,0
340,22,0,0,0,0,0
340,23,0,0,0,0,0
340,24,0,0,0,0,0
340,25,20,0,0,0,0
341,1,0,0,0,0,0
341,2,0,0,0,0,0
341,3,0,0,0,0,0
341,4,10,0,0,0,0
341,5,0,0,0,0,0
341,6,15,1,1,20.23,20.23
341,7,0,0,0,0,0
341,8,10,0,0,0,0
341,9,0,0,0,0,0
341,10,20,0,0,0,0
341,11,0,0,0,0,0
341,12,0,0,0,0,0
341,13,5,1,0,0,0
341,14,0,0,0,0,0
341,15,0,0,0,0,0
341,16,0,0,0,0,0
341,17,0,0,0,0,0
341,18,10,0,0,0,0
341,19,0,0,0,0,0
341,20,0,0,0,0,0
341,21,20,0,0,0,0
341,22,0,0,0,0,0
341,23,0,0,0,0,0
341,24,0,0,0,0,0
341,25,20,0,0,0,0
342,1,0,0,0,0,0
342,2,0,0,0,0,0
342,3,0,0,0,0,0
342,4,10,0,0,0,0
342,5,0,0,0,0,0
342,6,15,0,0,0,0
342,7,0,0,0,0,0
342,8,10,0,0,0,0
342,9,0,0,0,0,0
342,10,20,1,1,61.75,61.75
342,11,0,0,0,0,0
342,12,0,0,0,0,0
342,13,5,0,0,0,0
342,14,0,0,0,0,0
342,15,0,0,0,0,0
342,16,0,0,0,0,0
342,17,0,0,0,0,0
342,18,10,0,0,0,0
342,19,0,0,0,0,0
342,20,0,0,0,0,0
342,21,20,0,0,0,0
342,22,0,0,0,0,0
342,23,0,0,0,0,0
342,24,0,0,0,0,0
342,25,20,1,1,58.77,58.77
343,1,0,0,0,0,0
343,2,0,0,0,0,0
343,3,0,0,0,0,0
343,4,10,0,0,0,0
343,5,0,0,0,0,0
343,6,15,0,0,0,0
343,7,0,0,0,0,0
343,8,10,0,0,0,0
343,9,0,0,0,0,0
343,10,20,0,0,0,0
343,11,0,0,0,0,0
343,12,0,0,0,0,0
343,13,5,0,0,0,0
343,14,0,0,0,0,0
343,15,0,0,0,0,0
343,16,0,0,0,0,0
343,17,0,0,0,0,0
343,18,10,0,0,0,0
343,19,0,0,0,0,0
343,20,0,0,0,0,0
343,21,20,0,0,0,0
343,22,0,0,0,0,0
343,23,0,0,0,0,0
343,24,0,0,0,0,0
343,25,20,1,0,0,0
344,1,0,0,0,0,0
344,2,0,0,0,0,0
344,3,0,0,0,0,0
344,4,10,0,0,0,0
344,5,0,0,0,0,0
344,6,15,0,0,0,0
344,7,0,0,0,0,0
344,8,10,1,0,0,0
344,9,0,0,0,0,0
344,10,20,0,0,0,0
344,11,0,0,0,0,0
344,12,0,0,0,0,0
344,13,5,0,0,0,0
344,14,0,0,0,0,0
344,15,0,0,0,0,0
344,16,0,0,0,0,0
344,17,0,0,0,0,0
344,18,10,0,0,0,0
344,19,0,0,0,0,0
344,20,0,0,0,0,0
344,21,20,0,0,0,0
344,22,0,0,0,0,0
344,23,0,0,0,0,0
344,24,0,0,0,0,0
344,25,20,1,3,63.66,190.98
345,1,0,0,0,0,0
345,2,0,0,0,0,0
345,3,0,0,0,0,0
345,4,10,1,1,37.21,37.21
345,5,0,0,0,0,0
345,6,15,0,0,0,0
345,7,0,0,0,0,0
345,8,10,0,0,0,0
345,9,0,0,0,0,0
345,10,20,0,0,0,0
345,11,0,0,0,0,0
345,12,0,0,0,0,0
345,13,5,0,0,0,0
345,14,0,0,0,0,0
345,15,0,0,0,0,0
345,16,0,0,0,0,0
345,17,0,0,0,0,0
345,18,10,0,0,0,0
345,19,0,0,0,0,0
345,20,0,0,0,0,0
345,21,20,1,2,52.97,105.94
345,22,0,0,0,0,0
345,23,0,0,0,0,0
345,24,0,0,0,0,0
345,25,20,0,0,0,0
346,1,0,0,0,0,0
346,2,0,0,0,0,0
346,3,0,0,0,0,0
346,4,10,0,0,0,0
346,5,0,0,0,0,0
346,6,15,0,0,0,0
346,7,0,0,0,0,0
346,8,10,0,0,0,0
346,9,0,0,0,0,0
346,10,20,0,0,0,0
346,11,0,0,0,0,0
346,12,0,0,0,0,0
346,13,5,0,0,0,0
346,14,0,0,0,0,0
346,15,0,0,0,0,0
346,16,0,0,0,0,0
346,17,0,0,0,0,0
346,18,10,0,0,0,0
346,19,0,0,0,0,0
346,20,0,0,0,0,0
346,21,20,1,5,20.55,102.75
346,22,0,0,0,0,0
346,23,0,0,0,0,0
346,24,0,0,0,0,0
346,25,20,0,0,0,0
347,1,0,1,0,0,0
347,2,0,0,0,0,0
347,3,0,0,0,0,0
347,4,10,0,0,0,0
347,5,0,0,0,0,0
347,6,15,0,0,0,0
347,7,0,0,0,0,0
347,8,10,0,0,0,0
347,9,0,0,0,0,0
347,10,20,0,0,0,0
347,11,0,0,0,0,0
347,12,0,0,0,0,0
347,13,5,0,0,0,0
347,14,0,0,0,0,0
347,15,0,0,0,0,0
347,16,0,0,0,0,0
347,17,0,0,0,0,0
347,18,10,0,0,0,0
347,19,0,0,0,0,0
347,20,0,0,0,0,0
347,21,20,0,0,0,0
347,22,0,0,0,0,0
347,23,0,0,0,0,0
347,24,0,0,0,0,0
347,25,20,0,0,0,0
348,1,0,0,0,0,0
348,2,0,0,0,0,0
348,3,0,0,0,0,0
348,4,10,0,0,0,0
348,5,0,0,0,0,0
348,6,15,0,0,0,0
348,7,0,0,0,0,0
348,8,10,0,0,0,0
348,9,0,0,0,0,0
348,10,20,0,0,0,0
348,11,0,0,0,0,0
348,12,0,0,0,0,0
348,13,5,0,0,0,0
348,14,0,0,0,0,0
348,15,0,0,0,0,0
348,16,0,0,0,0,0
348,17,0,0,0,0,0
348,18,10,0,0,0,0
348,19,0,0,0,0,0
348,20,0,0,0,0,0
348,21,20,0,0,0,0
348,22,0,0,0,0,0
348,23,0,0,0,0,0
348,24,0,0,0,0,0
348,25,20,0,0,0,0
349,1,0,0,0,0,0
349,2,0,0,0,0,0
349,3,0,0,0,0,0
349,4,10,0,0,0,0
349,5,0,0,0,0,0
349,6,15,0,0,0,0
349,7,0,0,0,0,0
349,8,10,0,0,0,0
349,9,0,0,0,0,0
349,10,20,1,0,0,0
349,11,0,1,2,79.46,158.92
349,12,0,0,0,0,0
349,13,5,0,0,0,0
349,14,0,0,0,0,0
349,15,0,0,0,0,0
349,16,0,0,0,0,0
349,17,0,0,0,0,0
349,18,10,0,0,0,0
349,19,0,0,0,0,0
349,20,0,0,0,0,0
349,21,20,0,0,0,0
349,22,0,0,0,0,0
349,23,0,0,0,0,0
349,24,0,0,0,0,0
349,25,20,0,0,0,0
350,1,0,0,0,0,0
350,2,0,0,0,0,0
350,3,0,0,0,0,0
350,4,10,0,0,0,0
350,5,0,0,0,0,0
350,6,15,0,0,0,0
350,7,0,0,0,0,0
350,8,10,0,0,0,0
350,9,0,0,0,0,0
350,10,20,0,0,0,0
350,11,0,0,0,0,0
350,12,0,0,0,0,0
350,13,5,0,0,0,0
350,14,0,0,0,0,0
350,15,0,0,0,0,0
350,16,0,0,0,0,0
350,17,0,0,0,0,0
350,18,10,0,0,0,0
350,19,0,0,0,0,0
350,20,0,0,0,0,0
350,21,20,0,0,0,0
350,22,0,0,0,0,0
350,23,0,0,0,0,0
350,24,0,0,0,0,0
350,25,20,0,0,0,0
351,1,0,0,0,0,0
351,2,0,0,0,0,0
351,3,0,0,0,0,0
351,4,10,0,0,0,0
351,5,0,0,0,0,0
351,6,15,0,0,0,0
351,7,0,0,0,0,0
351,8,10,0,0,0,0
351,9,0,0,0,0,0
351,10,20,0,0,0,0
351,11,0,0,0,0,0
351,12,0,0,0,0,0
351,13,5,0,0,0,0
351,14,0,0,0,0,0
351,15,0,0,0,0,0
351,16,0,0,0,0,0
351,17,0,0,0,0,0
351,18,10,0,0,0,0
351,19,0,0,0,0,0
351,20,0,0,0,0,0
351,21,20,0,0,0,0
351,22,0,0,0,0,0
351,23,0,0,0,0,0
351,24,0,0,0,0,0
351,25,20,0,0,0,0
352,1,0,0,0,0,0
352,2,0,0,0,0,0
352,3,0,0,0,0,0
352,4,10,0,0,0,0
352,5,0,0,0,0,0
352,6,15,0,0,0,0
352,7,0,0,0,0,0
352,8,10,0,0,0,0
352,9,0,0,0,0,0
352,10,20,0,0,0,0
352,11,0,0,0,0,0
352,12,0,0,0,0,0
352,13,5,0,0,0,0
352,14,0,0,0,0,0
352,15,0,0,0,0,0
352,16,0,0,0,0,0
352,17,0,0,0,0,0
352,18,10,0,0,0,0
352,19,0,0,0,0,0
352,20,0,0,0,0,0
352,21,20,0,0,0,0
352,22,0,0,0,0,0
352,23,0,0,0,0,0
352,24,0,0,0,0,0
352,25,20,0,0,0,0
353,1,0,0,0,0,0
353,2,0,0,0,0,0
353,3,0,0,0,0,0
353,4,10,0,0,0,0
353,5,0,0,0,0,0
353,6,15,0,0,0,0
353,7,0,0,0,0,0
353,8,10,0,0,0,0
353,9,0,0,0,0,0
353,10,20,0,0,0,0
353,11,0,0,0,0,0
353,12,0,0,0,0,0
353,13,5,0,0,0,0
353,14,0,0,0,0,0
353,15,0,0,0,0,0
353,16,0,0,0,0,0
353,17,0,0,0,0,0
353,18,10,0,0,0,0
353,19,0,0,0,0,0
353,20,0,0,0,0,0
353,21,20,0,0,0,0
353,22,0,0,0,0,0
353,23,0,0,0,0,0
353,24,0,0,0,0,0
353,25,20,0,0,0,0
354,1,0,0,0,0,0
354,2,0,0,0,0,0
354,3,0,0,0,0,0
354,4,10,0,0,0,0
354,5,0,1,1,20.05,20.05
354,6,15,0,0,0,0
354,7,0,0,0,0,0
354,8,10,0,0,0,0
354,9,0,0,0,0,0
354,10,20,0,0,0,0
354,11,0,0,0,0,0
354,12,0,0,0,0,0
354,13,5,0,0,0,0
354,14,0,0,0,0,0
354,15,0,0,0,0,0
354,16,0,0,0,0,0
354,17,0,0,0,0,0
354,18,10,0,0,0,0
354,19,0,0,0,0,0
354,20,0,0,0,0,0
354,21,20,0,0,0,0
354,22,0,0,0,0,0
354,23,0,0,0,0,0
354,24,0,0,0,0,0
354,25,20,0,0,0,0
355,1,0,0,0,0,0
355,2,0,0,0,0,0
355,3,0,0,0,0,0
355,4,10,0,0,0,0
355,5,0,0,0,0,0
355,6,15,0,0,0,0
355,7,0,0,0,0,0
355,8,10,0,0,0,0
355,9,0,0,0,0,0
355,10,20,0,0,0,0
355,11,0,0,0,0,0
355,12,0,0,0,0,0
355,13,5,0,0,0,0
355,14,0,0,0,0,0
355,15,0,0,0,0,0
355,16,0,0,0,0,0
355,17,0,0,0,0,0
355,18,10,0,0,0,0
355,19,0,0,0,0,0
355,20,0,0,0,0,0
355,21,20,0,0,0,0
355,22,0,0,0,0,0
355,23,0,0,0,0,0
355,24,0,0,0,0,0
355,25,20,1,1,43.24,43.24
356,1,0,0,0,0,0
356,2,0,0,0,0,0
356,3,0,0,0,0,0
356,4,10,0,0,0,0
356,5,0,1,0,0,0
356,6,15,0,0,0,0
356,7,0,0,0,0,0
356,8,10,0,0,0,0
356,9,0,0,0,0,0
356,10,20,0,0,0,0
356,11,0,0,0,0,0
356,12,0,0,0,0,0
356,13,5,0,0,0,0
356,14,0,0,0,0,0
356,15,0,0,0,0,0
356,16,0,0,0,0,0
356,17,0,0,0,0,0
356,18,10,0,0,0,0
356,19,0,0,0,0,0
356,20,0,0,0,0,0
356,21,20,0,0,0,0
356,22,0,0,0,0,0
356,23,0,0,0,0,0
356,24,0,0,0,0,0
356,25,20,0,0,0,0
357,1,0,0,0,0,0
357,2,0,0,0,0,0
357,3,0,0,0,0,0
357,4,10,0,0,0,0
357,5,0,0,0,0,0
357,6,15,0,0,0,0
357,7,0,0,0,0,0
357,8,10,0,0,0,0
357,9,0,0,0,0,0
357,10,20,0,0,0,0
357,11,0,0,0,0,0
357,12,0,0,0,0,0
357,13,5,0,0,0,0
357,14,0,0,0,0,0
357,15,0,0,0,0,0
357,16,0,0,0,0,0
357,17,0,0,0,0,0
357,18,10,0,0,0,0
357,19,0,0,0,0,0
357,20,0,0,0,0,0
357,21,20,0,0,0,0
357,22,0,0,0,0,0
357,23,0,0,0,0,0
357,24,0,0,0,0,0
357,25,20,0,0,0,0
358,1,0,0,0,0,0
358,2,0,0,0,0,0
358,3,0,0,0,0,0
358,4,10,0,0,0,0
358,5,0,0,0,0,0
358,6,15,0,0,0,0
358,7,0,0,0,0,0
358,8,10,0,0,0,0
358,9,0,0,0,0,0
358,10,20,0,0,0,0
358,11,0,0,0,0,0
358,12,0,0,0,0,0
358,13,5,0,0,0,0
358,14,0,0,0,0,0
358,15,0,0,0,0,0
358,16,0,0,0,0,0
358,17,0,0,0,0,0
358,18,10,0,0,0,0
358,19,0,0,0,0,0
358,20,0,0,0,0,0
358,21,20,0,0,0,0
358,22,0,0,0,0,0
358,23,0,0,0,0,0
358,24,0,0,0,0,0
358,25,20,0,0,0,0
359,1,0,0,0,0,0
359,2,0,0,0,0,0
359,3,0,0,0,0,0
359,4,10,0,0,0,0
359,5,0,0,0,0,0
359,6,15,0,0,0,0
359,7,0,0,0,0,0
359,8,10,0,0,0,0
359,9,0,0,0,0,0
359,10,20,0,0,0,0
359,11,0,1,0,0,0
359,12,0,0,0,0,0
359,13,5,0,0,0,0
359,14,0,0,0,0,0
359,15,0,0,0,0,0
359,16,0,0,0,0,0
359,17,0,0,0,0,0
359,18,10,0,0,0,0
359,19,0,0,0,0,0
359,20,0,0,0,0,0
359,21,20,1,0,0,0
359,22,0,0,0,0,0
359,23,0,0,0,0,0
359,24,0,0,0,0,0
359,25,20,0,0,0,0
360,1,0,0,0,0,0
360,2,0,0,0,0,0
360,3,0,0,0,0,0
360,4,10,0,0,0,0
360,5,0,0,0,0,0
360,6,15,0,0,0,0
360,7,0,0,0,0,0
360,8,10,0,0,0,0
360,9,0,0,0,0,0
360,10,20,0,0,0,0
360,11,0,0,0,0,0
360,12,0,0,0,0,0
360,13,5,0,0,0,0
360,14,0,0,0,0,0
360,15,0,0,0,0,0
360,16,0,0,0,0,0
360,17,0,0,0,0,0
360,18,10,0,0,0,0
360,19,0,0,0,0,0
360,20,0,0,0,0,0
360,21,20,0,0,0,0
360,22,0,0,0,0,0
360,23,0,0,0,0,0
360,24,0,0,0,0,0
360,25,20,0,0,0,0
361,1,0,0,0,0,0
361,2,0,0,0,0,0
361,3,0,0,0,0,0
361,4,10,0,0,0,0
361,5,0,0,0,0,0
361,6,15,0,0,0,0
361,7,0,0,0,0,0
361,8,10,0,0,0,0
361,9,0,0,0,0,0
361,10,20,0,0,0,0
361,11,0,0,0,0,0
361,12,0,0,0,0,0
361,13,5,0,0,0,0
361,14,0,0,0,0,0
361,15,0,0,0,0,0
361,16,0,0,0,0,0
361,17,0,0,0,0,0
361,18,10,0,0,0,0
361,19,0,0,0,0,0
361,20,0,0,0,0,0
361,21,20,0,0,0,0
361,22,0,0,0,0,0
361,23,0,0,0,0,0
361,24,0,0,0,0,0
361,25,20,0,0,0,0
362,1,0,0,0,0,0
362,2,0,0,0,0,0
362,3,0,0,0,0,0
362,4,10,0,0,0,0
362,5,0,0,0,0,0
362,6,15,0,0,0,0
362,7,0,0,0,0,0
362,8,10,0,0,0,0
362,9,0,0,0,0,0
362,10,20,0,0,0,0
362,11,0,0,0,0,0
362,12,0,0,0,0,0
362,13,5,0,0,0,0
362,14,0,0,0,0,0
362,15,0,0,0,0,0
362,16,0,0,0,0,0
362,17,0,0,0,0,0
362,18,10,0,0,0,0
362,19,0,0,0,0,0
362,20,0,0,0,0,0
362,21,20,0,0,0,0
362,22,0,0,0,0,0
362,23,0,0,0,0,0
362,24,0,0,0,0,0
362,25,20,0,0,0,0
363,1,0,0,0,0,0
363,2,0,0,0,0,0
363,3,0,0,0,0,0
363,4,10,0,0,0,0
363,5,0,0,0,0,0
363,6,15,0,0,0,0
363,7,0,0,0,0,0
363,8,10,0,0,0,0
363,9,0,0,0,0,0
363,10,20,0,0,0,0
363,11,0,0,0,0,0
363,12,0,0,0,0,0
363,13,5,0,0,0,0
363,14,0,0,0,0,0
363,15,0,0,0,0,0
363,16,0,0,0,0,0
363,17,0,0,0,0,0
363,18,10,0,0,0,0
363,19,0,0,0,0,0
363,20,0,0,0,0,0
363,21,20,0,0,0,0
363,22,0,0,0,0,0
363,23,0,0,0,0,0
363,24,0,0,0,0,0
363,25,20,0,0,0,0
364,1,0,0,0,0,0
364,2,0,0,0,0,0
364,3,0,0,0,0,0
364,4,10,0,0,0,0
364,5,0,0,0,0,0
364,6,15,0,0,0,0
364,7,0,0,0,0,0
364,8,10,0,0,0,0
364,9,0,0,0,0,0
364,10,20,1,0,0,0
364,11,0,0,0,0,0
364,12,0,0,0,0,0
364,13,5,0,0,0,0
364,14,0,0,0,0,0
364,15,0,0,0,0,0
364,16,0,0,0,0,0
364,17,0,0,0,0,0
364,18,10,0,0,0,0
364,19,0,0,0,0,0
364,20,0,0,0,0,0
364,21,20,0,0,0,0
364,22,0,0,0,0,0
364,23,0,0,0,0,0
364,24,0,0,0,0,0
364,25,20,0,0,0,0
365,1,0,0,0,0,0
365,2,0,0,0,0,0
365,3,0,0,0,0,0
365,4,10,0,0,0,0
365,5,0,0,0,0,0
365,6,15,0,0,0,0
365,7,0,0,0,0,0
365,8,10,0,0,0,0
365,9,0,0,0,0,0
365,10,20,0,0,0,0
365,11,0,0,0,0,0
365,12,0,0,0,0,0
365,13,5,0,0,0,0
365,14,0,0,0,0,0
365,15,0,0,0,0,0
365,16,0,0,0,0,0
365,17,0,0,0,0,0
365,18,10,0,0,0,0
365,19,0,0,0,0,0
365,20,0,0,0,0,0
365,21,20,0,0,0,0
365,22,0,0,0,0,0
365,23,0,0,0,0,0
365,24,0,0,0,0,0
365,25,20,0,0,0,0
366,1,0,0,0,0,0
366,2,0,0,0,0,0
366,3,0,0,0,0,0
366,4,10,1,0,0,0
366,5,0,0,0,0,0
366,6,15,0,0,0,0
366,7,0,0,0,0,0
366,8,10,0,0,0,0
366,9,0,0,0,0,0
366,10,20,1,0,0,0
366,11,0,0,0,0,0
366,12,0,0,0,0,0
366,13,5,0,0,0,0
366,14,0,0,0,0,0
366,15,0,0,0,0,0
366,16,0,0,0,0,0
366,17,0,0,0,0,0
366,18,10,0,0,0,0
366,19,0,0,0,0,0
366,20,0,0,0,0,0
366,21,20,0,0,0,0
366,22,0,0,0,0,0
366,23,0,0,0,0,0
366,24,0,0,0,0,0
366,25,20,1,0,0,0
367,1,0,0,0,0,0
367,2,0,0,0,0,0
367,3,0,0,0,0,0
367,4,10,0,0,0,0
367,5,0,0,0,0,0
367,6,15,0,0,0,0
367,7,0,0,0,0,0
367,8,10,0,0,0,0
367,9,0,0,0,0,0
367,10,20,0,0,0,0
367,11,0,0,0,0,0
367,12,0,0,0,0,0
367,13,5,0,0,0,0
367,14,0,0,0,0,0
367,15,0,0,0,0,0
367,16,0,0,0,0,0
367,17,0,0,0,0,0
367,18,10,0,0,0,0
367,19,0,0,0,0,0
367,20,0,0,0,0,0
367,21,20,0,0,0,0
367,22,0,0,0,0,0
367,23,0,0,0,0,0
367,24,0,0,0,0,0
367,25,20,0,0,0,0
368,1,0,0,0,0,0
368,2,0,0,0,0,0
368,3,0,0,0,0,0
368,4,10,0,0,0,0
368,5,0,0,0,0,0
368,6,15,0,0,0,0
368,7,0,0,0,0,0
368,8,10,0,0,0,0
368,9,0,0,0,0,0
368,10,20,0,0,0,0
368,11,0,0,0,0,0
368,12,0,0,0,0,0
368,13,5,0,0,0,0
368,14,0,0,0,0,0
368,15,0,0,0,0,0
368,16,0,0,0,0,0
368,17,0,0,0,0,0
368,18,10,0,0,0,0
368,19,0,0,0,0,0
368,20,0,0,0,0,0
368,21,20,0,0,0,0
368,22,0,0,0,0,0
368,23,0,0,0,0,0
368,24,0,0,0,0,0
368,25,20,0,0,0,0
369,1,0,0,0,0,0
369,2,0,0,0,0,0
369,3,0,0,0,0,0
369,4,10,0,0,0,0
369,5,0,0,0,0,0
369,6,15,0,0,0,0
369,7,0,0,0,0,0
369,8,10,0,0,0,0
369,9,0,0,0,0,0
369,10,20,0,0,0,0
369,11,0,0,0,0,0
369,12,0,0,0,0,0
369,13,5,0,0,0,0
369,14,0,0,0,0,0
369,15,0,0,0,0,0
369,16,0,0,0,0,0
369,17,0,0,0,0,0
369,18,10,0,0,0,0
369,19,0,0,0,0,0
369,20,0,0,0,0,0
369,21,20,1,0,0,0
369,22,0,0,0,0,0
369,23,0,0,0,0,0
369,24,0,0,0,0,0
369,25,20,0,0,0,0
370,1,0,0,0,0,0
370,2,0,0,0,0,0
370,3,0,0,0,0,0
370,4,10,0,0,0,0
370,5,0,0,0,0,0
370,6,15,0,0,0,0
370,7,0,0,0,0,0
370,8,10,0,0,0,0
370,9,0,0,0,0,0
370,10,20,0,0,0,0
370,11,0,0,0,0,0
370,12,0,0,0,0,0
370,13,5,0,0,0,0
370,14,0,0,0,0,0
370,15,0,0,0,0,0
370,16,0,0,0,0,0
370,17,0,0,0,0,0
370,18,10,1,1,47.09,47.09
370,19,0,0,0,0,0
370,20,0,0,0,0,0
370,21,20,0,0,0,0
370,22,0,0,0,0,0
370,23,0,0,0,0,0
370,24,0,0,0,0,0
370,25,20,0,0,0,0
371,1,0,0,0,0,0
371,2,0,0,0,0,0
371,3,0,0,0,0,0
371,4,10,0,0,0,0
371,5,0,0,0,0,0
371,6,15,1,0,0,0
371,7,0,0,0,0,0
371,8,10,0,0,0,0
371,9,0,0,0,0,0
371,10,20,0,0,0,0
371,11,0,0,0,0,0
371,12,0,0,0,0,0
371,13,5,0,0,0,0
371,14,0,0,0,0,0
371,15,0,0,0,0,0
371,16,0,0,0,0,0
371,17,0,0,0,0,0
371,18,10,0,0,0,0
371,19,0,0,0,0,0
371,20,0,0,0,0,0
371,21,20,0,0,0,0
371,22,0,0,0,0,0
371,23,0,0,0,0,0
371,24,0,0,0,0,0
371,25,20,1,4,59.24,236.96
372,1,0,0,0,0,0
372,2,0,0,0,0,0
372,3,0,0,0,0,0
372,4,10,0,0,0,0
372,5,0,0,0,0,0
372,6,15,0,0,0,0
372,7,0,0,0,0,0
372,8,10,0,0,0,0
372,9,0,0,0,0,0
372,10,20,1,1,47.74,47.74
372,11,0,0,0,0,0
372,12,0,0,0,0,0
372,13,5,0,0,0,0
372,14,0,0,0,0,0
372,15,0,0,0,0,0
372,16,0,0,0,0,0
372,17,0,0,0,0,0
372,18,10,0,0,0,0
372,19,0,0,0,0,0
372,20,0,0,0,0,0
372,21,20,0,0,0,0
372,22,0,0,0,0,0
372,23,0,0,0,0,0
372,24,0,0,0,0,0
372,25,20,0,0,0,0
373,1,0,0,0,0,0
373,2,0,0,0,0,0
373,3,0,0,0,0,0
373,4,10,0,0,0,0
373,5,0,0,0,0,0
373,6,15,0,0,0,0
373,7,0,0,0,0,0
373,8,10,0,0,0,0
373,9,0,0,0,0,0
373,10,20,0,0,0,0
373,11,0,0,0,0,0
373,12,0,0,0,0,0
373,13,5,0,0,0,0
373,14,0,0,0,0,0
373,15,0,0,0,0,0
373,16,0,0,0,0,0
373,17,0,0,0,0,0
373,18,10,0,0,0,0
373,19,0,0,0,0,0
373,20,0,0,0,0,0
373,21,20,1,3,83.17,249.51
373,22,0,0,0,0,0
373,23,0,0,0,0,0
373,24,0,0,0,0,0
373,25,20,0,0,0,0
374,1,0,0,0,0,0
374,2,0,0,0,0,0
374,3,0,0,0,0,0
374,4,10,0,0,0,0
374,5,0,0,0,0,0
374,6,15,0,0,0,0
374,7,0,0,0,0,0
374,8,10,0,0,0,0
374,9,0,0,0,0,0
374,10,20,0,0,0,0
374,11,0,0,0,0,0
374,12,0,0,0,0,0
374,13,5,0,0,0,0
374,14,0,0,0,0,0
374,15,0,0,0,0,0
374,16,0,0,0,0,0
374,17,0,0,0,0,0
374,18,10,0,0,0,0
374,19,0,0,0,0,0
374,20,0,0,0,0,0
374,21,20,0,0,0,0
374,22,0,0,0,0,0
374,23,0,0,0,0,0
374,24,0,0,0,0,0
374,25,20,0,0,0,0
375,1,0,0,0,0,0
375,2,0,0,0,0,0
375,3,0,0,0,0,0
375,4,10,0,0,0,0
375,5,0,0,0,0,0
375,6,15,0,0,0,0
375,7,0,0,0,0,0
375,8,10,0,0,0,0
375,9,0,0,0,0,0
375,10,20,0,0,0,0
375,11,0,0,0,0,0
375,12,0,0,0,0,0
375,13,5,0,0,0,0
375,14,0,0,0,0,0
375,15,0,0,0,0,0
375,16,0,0,0,0,0
375,17,0,0,0,0,0
375,18,10,0,0,0,0
375,19,0,0,0,0,0
375,20,0,0,0,0,0
375,21,20,0,0,0,0
375,22,0,0,0,0,0
375,23,0,0,0,0,0
375,24,0,0,0,0,0
375,25,20,1,1,40.35,40.35
376,1,0,0,0,0,0
376,2,0,0,0,0,0
376,3,0,0,0,0,0
376,4,10,0,0,0,0
376,5,0,0,0,0,0
376,6,15,0,0,0,0
376,7,0,0,0,0,0
376,8,10,0,0,0,0
376,9,0,0,0,0,0
376,10,20,0,0,0,0
376,11,0,0,0,0,0
376,12,0,0,0,0,0
376,13,5,0,0,0,0
376,14,0,0,0,0,0
376,15,0,0,0,0,0
376,16,0,0,0,0,0
376,17,0,0,0,0,0
376,18,10,0,0,0,0
376,19,0,0,0,0,0
376,20,0,0,0,0,0
376,21,20,0,0,0,0
376,22,0,0,0,0,0
376,23,0,0,0,0,0
376,24,0,0,0,0,0
376,25,20,1,0,0,0
377,1,0,0,0,0,0
377,2,0,0,0,0,0
377,3,0,0,0,0,0
377,4,10,0,0,0,0
377,5,0,0,0,0,0
377,6,15,0,0,0,0
377,7,0,0,0,0,0
377,8,10,0,0,0,0
377,9,0,0,0,0,0
377,10,20,0,0,0,0
377,11,0,0,0,0,0
377,12,0,0,0,0,0
377,13,5,0,0,0,0
377,14,0,0,0,0,0
377,15,0,0,0,0,0
377,16,0,0,0,0,0
377,17,0,0,0,0,0
377,18,10,0,0,0,0
377,19,0,0,0,0,0
377,20,0,0,0,0,0
377,21,20,1,5,21.63,108.15
377,22,0,0,0,0,0
377,23,0,0,0,0,0
377,24,0,0,0,0,0
377,25,20,0,0,0,0
378,1,0,0,0,0,0
378,2,0,0,0,0,0
378,3,0,0,0,0,0
378,4,10,0,0,0,0
378,5,0,0,0,0,0
378,6,15,0,0,0,0
378,7,0,0,0,0,0
378,8,10,0,0,0,0
378,9,0,0,0,0,0
378,10,20,0,0,0,0
378,11,0,0,0,0,0
378,12,0,0,0,0,0
378,13,5,0,0,0,0
378,14,0,0,0,0,0
378,15,0,0,0,0,0
378,16,0,0,0,0,0
378,17,0,0,0,0,0
378,18,10,0,0,0,0
378,19,0,0,0,0,0
378,20,0,0,0,0,0
378,21,20,0,0,0,0
378,22,0,0,0,0,0
378,23,0,0,0,0,0
378,24,0,0,0,0,0
378,25,20,0,0,0,0
379,1,0,0,0,0,0
379,2,0,0,0,0,0
379,3,0,0,0,0,0
379,4,10,0,0,0,0
379,5,0,0,0,0,0
379,6,15,0,0,0,0
379,7,0,0,0,0,0
379,8,10,0,0,0,0
379,9,0,0,0,0,0
379,10,20,0,0,0,0
379,11,0,0,0,0,0
379,12,0,0,0,0,0
379,13,5,0,0,0,0
379,14,0,0,0,0,0
379,15,0,0,0,0,0
379,16,0,0,0,0,0
379,17,0,0,0,0,0
379,18,10,0,0,0,0
379,19,0,0,0,0,0
379,20,0,0,0,0,0
379,21,20,1,2,48.96,97.92
379,22,0,0,0,0,0
379,23,0,0,0,0,0
379,24,0,0,0,0,0
379,25,20,0,0,0,0
380,1,0,0,0,0,0
380,2,0,0,0,0,0
380,3,0,0,0,0,0
380,4,10,0,0,0,0
380,5,0,0,0,0,0
380,6,15,0,0,0,0
380,7,0,0,0,0,0
380,8,10,0,0,0,0
380,9,0,0,0,0,0
380,10,20,1,1,45.54,45.54
380,11,0,0,0,0,0
380,12,0,0,0,0,0
380,13,5,0,0,0,0
380,14,0,0,0,0,0
380,15,0,0,0,0,0
380,16,0,0,0,0,0
380,17,0,0,0,0,0
380,18,10,0,0,0,0
380,19,0,0,0,0,0
380,20,0,0,0,0,0
380,21,20,0,0,0,0
380,22,0,0,0,0,0
380,23,0,0,0,0,0
380,24,0,0,0,0,0
380,25,20,0,0,0,0
381,1,0,0,0,0,0
381,2,0,0,0,0,0
381,3,0,0,0,0,0
381,4,10,0,0,0,0
381,5,0,0,0,0,0
381,6,15,1,6,56.11,336.66
381,7,0,0,0,0,0
381,8,10,0,0,0,0
381,9,0,0,0,0,0
381,10,20,1,0,0,0
381,11,0,0,0,0,0
381,12,0,0,0,0,0
381,13,5,0,0,0,0
381,14,0,0,0,0,0
381,15,0,0,0,0,0
381,16,0,0,0,0,0
381,17,0,0,0,0,0
381,18,10,0,0,0,0
381,19,0,0,0,0,0
381,20,0,0,0,0,0
381,21,20,1,1,69.06,69.06
381,22,0,0,0,0,0
381,23,0,0,0,0,0
381,24,0,0,0,0,0
381,25,20,0,0,0,0
382,1,0,0,0,0,0
382,2,0,0,0,0,0
382,3,0,0,0,0,0
382,4,10,0,0,0,0
382,5,0,0,0,0,0
382,6,15,0,0,0,0
382,7,0,0,0,0,0
382,8,10,0,0,0,0
382,9,0,0,0,0,0
382,10,20,0,0,0,0
382,11,0,0,0,0,0
382,12,0,0,0,0,0
382,13,5,0,0,0,0
382,14,0,0,0,0,0
382,15,0,0,0,0,0
382,16,0,0,0,0,0
382,17,0,0,0,0,0
382,18,10,0,0,0,0
382,19,0,0,0,0,0
382,20,0,0,0,0,0
382,21,20,0,0,0,0
382,22,0,0,0,0,0
382,23,0,0,0,0,0
382,24,0,0,0,0,0
382,25,20,0,0,0,0
383,1,0,0,0,0,0
383,2,0,0,0,0,0
383,3,0,0,0,0,0
383,4,10,0,0,0,0
383,5,0,0,0,0,0
383,6,15,0,0,0,0
383,7,0,0,0,0,0
383,8,10,0,0,0,0
383,9,0,0,0,0,0
383,10,20,0,0,0,0
383,11,0,0,0,0,0
383,12,0,0,0,0,0
383,13,5,0,0,0,0
383,14,0,0,0,0,0
383,15,0,0,0,0,0
383,16,0,0,0,0,0
383,17,0,0,0,0,0
383,18,10,0,0,0,0
383,19,0,0,0,0,0
383,20,0,0,0,0,0
383,21,20,0,0,0,0
383,22,0,0,0,0,0
383,23,0,0,0,0,0
383,24,0,0,0,0,0
383,25,20,0,0,0,0
384,1,0,0,0,0,0
384,2,0,0,0,0,0
384,3,0,0,0,0,0
384,4,10,0,0,0,0
384,5,0,0,0,0,0
384,6,15,0,0,0,0
384,7,0,0,0,0,0
384,8,10,0,0,0,0
384,9,0,0,0,0,0
384,10,20,0,0,0,0
384,11,0,0,0,0,0
384,12,0,0,0,0,0
384,13,5,0,0,0,0
384,14,0,0,0,0,0
384,15,0,0,0,0,0
384,16,0,0,0,0,0
384,17,0,0,0,0,0
384,18,10,0,0,0,0
384,19,0,0,0,0,0
384,20,0,0,0,0,0
384,21,20,0,0,0,0
384,22,0,0,0,0,0
384,23,0,0,0,0,0
384,24,0,0,0,0,0
384,25,20,0,0,0,0
385,1,0,0,0,0,0
385,2,0,0,0,0,0
385,3,0,0,0,0,0
385,4,10,0,0,0,0
385,5,0,0,0,0,0
385,6,15,0,0,0,0
385,7,0,0,0,0,0
385,8,10,0,0,0,0
385,9,0,0,0,0,0
385,10,20,0,0,0,0
385,11,0,0,0,0,0
385,12,0,0,0,0,0
385,13,5,0,0,0,0
385,14,0,1,3,94.38,283.14
385,15,0,0,0,0,0
385,16,0,0,0,0,0
385,17,0,0,0,0,0
385,18,10,0,0,0,0
385,19,0,0,0,0,0
385,20,0,0,0,0,0
385,21,20,0,0,0,0
385,22,0,0,0,0,0
385,23,0,0,0,0,0
385,24,0,0,0,0,0
385,25,20,0,0,0,0
386,1,0,0,0,0,0
386,2,0,0,0,0,0
386,3,0,0,0,0,0
386,4,10,0,0,0,0
386,5,0,0,0,0,0
386,6,15,0,0,0,0
386,7,0,0,0,0,0
386,8,10,0,0,0,0
386,9,0,0,0,0,0
386,10,20,0,0,0,0
386,11,0,0,0,0,0
386,12,0,0,0,0,0
386,13,5,0,0,0,0
386,14,0,0,0,0,0
386,15,0,0,0,0,0
386,16,0,0,0,0,0
386,17,0,0,0,0,0
386,18,10,0,0,0,0
386,19,0,0,0,0,0
386,20,0,0,0,0,0
386,21,20,0,0,0,0
386,22,0,0,0,0,0
386,23,0,0,0,0,0
386,24,0,0,0,0,0
386,25,20,0,0,0,0
387,1,0,0,0,0,0
387,2,0,0,0,0,0
387,3,0,0,0,0,0
387,4,10,0,0,0,0
387,5,0,0,0,0,0
387,6,15,0,0,0,0
387,7,0,0,0,0,0
387,8,10,0,0,0,0
387,9,0,0,0,0,0
387,10,20,0,0,0,0
387,11,0,1,4,37.91,151.64
387,12,0,0,0,0,0
387,13,5,0,0,0,0
387,14,0,0,0,0,0
387,15,0,0,0,0,0
387,16,0,0,0,0,0
387,17,0,0,0,0,0
387,18,10,0,0,0,0
387,19,0,0,0,0,0
387,20,0,0,0,0,0
387,21,20,0,0,0,0
387,22,0,0,0,0,0
387,23,0,0,0,0,0
387,24,0,0,0,0,0
387,25,20,0,0,0,0
388,1,0,0,0,0,0
388,2,0,0,0,0,0
388,3,0,0,0,0,0
388,4,10,0,0,0,0
388,5,0,0,0,0,0
388,6,15,0,0,0,0
388,7,0,0,0,0,0
388,8,10,0,0,0,0
388,9,0,0,0,0,0
388,10,20,0,0,0,0
388,11,0,0,0,0,0
388,12,0,0,0,0,0
388,13,5,0,0,0,0
388,14,0,0,0,0,0
388,15,0,0,0,0,0
388,16,0,0,0,0,0
388,17,0,0,0,0,0
388,18,10,0,0,0,0
388,19,0,0,0,0,0
388,20,0,0,0,0,0
388,21,20,0,0,0,0
388,22,0,0,0,0,0
388,23,0,0,0,0,0
388,24,0,0,0,0,0
388,25,20,0,0,0,0
389,1,0,0,0,0,0
389,2,0,0,0,0,0
389,3,0,0,0,0,0
389,4,10,0,0,0,0
389,5,0,0,0,0,0
389,6,15,0,0,0,0
389,7,0,0,0,0,0
389,8,10,0,0,0,0
389,9,0,0,0,0,0
389,10,20,0,0,0,0
389,11,0,0,0,0,0
389,12,0,0,0,0,0
389,13,5,0,0,0,0
389,14,0,0,0,0,0
389,15,0,0,0,0,0
389,16,0,0,0,0,0
389,17,0,0,0,0,0
389,18,10,0,0,0,0
389,19,0,0,0,0,0
389,20,0,0,0,0,0
389,21,20,0,0,0,0
389,22,0,0,0,0,0
389,23,0,0,0,0,0
389,24,0,0,0,0,0
389,25,20,1,4,76.85,307.4
390,1,0,0,0,0,0
390,2,0,0,0,0,0
390,3,0,0,0,0,0
390,4,10,0,0,0,0
390,5,0,0,0,0,0
390,6,15,0,0,0,0
390,7,0,0,0,0,0
390,8,10,0,0,0,0
390,9,0,0,0,0,0
390,10,20,0,0,0,0
390,11,0,0,0,0,0
390,12,0,0,0,0,0
390,13,5,0,0,0,0
390,14,0,0,0,0,0
390,15,0,0,0,0,0
390,16,0,0,0,0,0
390,17,0,0,0,0,0
390,18,10,0,0,0,0
390,19,0,0,0,0,0
390,20,0,0,0,0,0
390,21,20,0,0,0,0
390,22,0,0,0,0,0
390,23,0,0,0,0,0
390,24,0,0,0,0,0
390,25,20,0,0,0,0
391,1,0,0,0,0,0
391,2,0,0,0,0,0
391,3,0,0,0,0,0
391,4,10,0,0,0,0
391,5,0,0,0,0,0
391,6,15,0,0,0,0
391,7,0,0,0,0,0
391,8,10,0,0,0,0
391,9,0,0,0,0,0
391,10,20,0,0,0,0
391,11,0,0,0,0,0
391,12,0,0,0,0,0
391,13,5,0,0,0,0
391,14,0,0,0,0,0
391,15,0,0,0,0,0
391,16,0,0,0,0,0
391,17,0,0,0,0,0
391,18,10,1,1,48.25,48.25
391,19,0,0,0,0,0
391,20,0,0,0,0,0
391,21,20,1,0,0,0
391,22,0,0,0,0,0
391,23,0,0,0,0,0
391,24,0,0,0,0,0
391,25,20,0,0,0,0
392,1,0,0,0,0,0
392,2,0,0,0,0,0
392,3,0,0,0,0,0
392,4,10,0,0,0,0
392,5,0,0,0,0,0
392,6,15,1,0,0,0
392,7,0,0,0,0,0
392,8,10,0,0,0,0
392,9,0,0,0,0,0
392,10,20,0,0,0,0
392,11,0,0,0,0,0
392,12,0,0,0,0,0
392,13,5,0,0,0,0
392,14,0,0,0,0,0
392,15,0,0,0,0,0
392,16,0,0,0,0,0
392,17,0,0,0,0,0
392,18,10,0,0,0,0
392,19,0,0,0,0,0
392,20,0,0,0,0,0
392,21,20,0,0,0,0
392,22,0,0,0,0,0
392,23,0,0,0,0,0
392,24,0,0,0,0,0
392,25,20,0,0,0,0
393,1,0,0,0,0,0
393,2,0,0,0,0,0
393,3,0,0,0,0,0
393,4,10,0,0,0,0
393,5,0,0,0,0,0
393,6,15,0,0,0,0
393,7,0,0,0,0,0
393,8,10,0,0,0,0
393,9,0,0,0,0,0
393,10,20,0,0,0,0
393,11,0,0,0,0,0
393,12,0,0,0,0,0
393,13,5,0,0,0,0
393,14,0,0,0,0,0
393,15,0,0,0,0,0
393,16,0,0,0,0,0
393,17,0,0,0,0,0
393,18,10,0,0,0,0
393,19,0,0,0,0,0
393,20,0,0,0,0,0
393,21,20,1,0,0,0
393,22,0,0,0,0,0
393,23,0,0,0,0,0
393,24,0,0,0,0,0
393,25,20,0,0,0,0
394,1,0,0,0,0,0
394,2,0,0,0,0,0
394,3,0,0,0,0,0
394,4,10,0,0,0,0
394,5,0,0,0,0,0
394,6,15,0,0,0,0
394,7,0,0,0,0,0
394,8,10,0,0,0,0
394,9,0,0,0,0,0
394,10,20,0,0,0,0
394,11,0,0,0,0,0
394,12,0,0,0,0,0
394,13,5,0,0,0,0
394,14,0,0,0,0,0
394,15,0,0,0,0,0
394,16,0,0,0,0,0
394,17,0,0,0,0,0
394,18,10,0,0,0,0
394,19,0,0,0,0,0
394,20,0,0,0,0,0
394,21,20,0,0,0,0
394,22,0,1,0,0,0
394,23,0,0,0,0,0
394,24,0,0,0,0,0
394,25,20,0,0,0,0
395,1,0,0,0,0,0
395,2,0,0,0,0,0
395,3,0,0,0,0,0
395,4,10,0,0,0,0
395,5,0,0,0,0,0
395,6,15,0,0,0,0
395,7,0,0,0,0,0
395,8,10,0,0,0,0
395,9,0,0,0,0,0
395,10,20,0,0,0,0
395,11,0,0,0,0,0
395,12,0,0,0,0,0
395,13,5,0,0,0,0
395,14,0,0,0,0,0
395,15,0,0,0,0,0
395,16,0,0,0,0,0
395,17,0,0,0,0,0
395,18,10,0,0,0,0
395,19,0,0,0,0,0
395,20,0,0,0,0,0
395,21,20,0,0,0,0
395,22,0,0,0,0,0
395,23,0,0,0,0,0
395,24,0,0,0,0,0
395,25,20,0,0,0,0
396,1,0,0,0,0,0
396,2,0,0,0,0,0
396,3,0,0,0,0,0
396,4,10,0,0,0,0
396,5,0,0,0,0,0
396,6,15,0,0,0,0
396,7,0,0,0,0,0
396,8,10,0,0,0,0
396,9,0,0,0,0,0
396,10,20,0,0,0,0
396,11,0,0,0,0,0
396,12,0,0,0,0,0
396,13,5,0,0,0,0
396,14,0,0,0,0,0
396,15,0,0,0,0,0
396,16,0,0,0,0,0
396,17,0,0,0,0,0
396,18,10,0,0,0,0
396,19,0,0,0,0,0
396,20,0,1,2,51.86,103.72
396,21,20,1,1,80.96,80.96
396,22,0,0,0,0,0
396,23,0,0,0,0,0
396,24,0,0,0,0,0
396,25,20,0,0,0,0
397,1,0,0,0,0,0
397,2,0,1,3,62.76,188.28
397,3,0,0,0,0,0
397,4,10,0,0,0,0
397,5,0,0,0,0,0
397,6,15,0,0,0,0
397,7,0,1,4,66.56,266.24
397,8,10,0,0,0,0
397,9,0,0,0,0,0
397,10,20,0,0,0,0
397,11,0,0,0,0,0
397,12,0,0,0,0,0
397,13,5,0,0,0,0
397,14,0,0,0,0,0
397,15,0,0,0,0,0
397,16,0,0,0,0,0
397,17,0,0,0,0,0
397,18,10,0,0,0,0
397,19,0,0,0,0,0
397,20,0,0,0,0,0
397,21,20,0,0,0,0
397,22,0,0,0,0,0
397,23,0,0,0,0,0
397,24,0,0,0,0,0
397,25,20,0,0,0,0
398,1,0,0,0,0,0
398,2,0,0,0,0,0
398,3,0,0,0,0,0
398,4,10,0,0,0,0
398,5,0,0,0,0,0
398,6,15,0,0,0,0
398,7,0,0,0,0,0
398,8,10,0,0,0,0
398,9,0,0,0,0,0
398,10,20,0,0,0,0
398,11,0,0,0,0,0
398,12,0,0,0,0,0
398,13,5,0,0,0,0
398,14,0,1,8,70.58,564.64
398,15,0,0,0,0,0
398,16,0,0,0,0,0
398,17,0,0,0,0,0
398,18,10,0,0,0,0
398,19,0,0,0,0,0
398,20,0,0,0,0,0
398,21,20,0,0,0,0
398,22,0,0,0,0,0
398,23,0,0,0,0,0
398,24,0,0,0,0,0
398,25,20,1,0,0,0
399,1,0,0,0,0,0
399,2,0,0,0,0,0
399,3,0,0,0,0,0
399,4,10,0,0,0,0
399,5,0,0,0,0,0
399,6,15,1,0,0,0
399,7,0,0,0,0,0
399,8,10,0,0,0,0
399,9,0,0,0,0,0
399,10,20,1,2,22.15,44.3
399,11,0,0,0,0,0
399,12,0,0,0,0,0
399,13,5,0,0,0,0
399,14,0,0,0,0,0
399,15,0,0,0,0,0
399,16,0,0,0,0,0
399,17,0,0,0,0,0
399,18,10,0,0,0,0
399,19,0,0,0,0,0
399,20,0,0,0,0,0
399,21,20,0,0,0,0
399,22,0,0,0,0,0
399,23,0,0,0,0,0
399,24,0,0,0,0,0
399,25,20,0,0,0,0
400,1,0,0,0,0,0
400,2,0,0,0,0,0
400,3,0,0,0,0,0
400,4,10,0,0,0,0
400,5,0,0,0,0,0
400,6,15,0,0,0,0
400,7,0,0,0,0,0
400,8,10,0,0,0,0
400,9,0,0,0,0,0
400,10,20,0,0,0,0
400,11,0,0,0,0,0
400,12,0,0,0,0,0
400,13,5,0,0,0,0
400,14,0,0,0,0,0
400,15,0,1,1,36.05,36.05
400,16,0,0,0,0,0
400,17,0,0,0,0,0
400,18,10,0,0,0,0
400,19,0,0,0,0,0
400,20,0,0,0,0,0
400,21,20,1,1,66.97,66.97
400,22,0,0,0,0,0
400,23,0,0,0,0,0
400,24,0,0,0,0,0
400,25,20,0,0,0,0
401,1,0,0,0,0,0
401,2,0,0,0,0,0
401,3,0,0,0,0,0
401,4,10,0,0,0,0
401,5,0,0,0,0,0
401,6,15,0,0,0,0
401,7,0,0,0,0,0
401,8,10,0,0,0,0
401,9,0,0,0,0,0
401,10,20,0,0,0,0
401,11,0,0,0,0,0
401,12,0,0,0,0,0
401,13,5,0,0,0,0
401,14,0,0,0,0,0
401,15,0,0,0,0,0
401,16,0,0,0,0,0
401,17,0,0,0,0,0
401,18,10,0,0,0,0
401,19,0,0,0,0,0
401,20,0,0,0,0,0
401,21,20,0,0,0,0
401,22,0,0,0,0,0
401,23,0,0,0,0,0
401,24,0,0,0,0,0
401,25,20,0,0,0,0
402,1,0,0,0,0,0
402,2,0,0,0,0,0
402,3,0,0,0,0,0
402,4,10,0,0,0,0
402,5,0,0,0,0,0
402,6,15,0,0,0,0
402,7,0,0,0,0,0
402,8,10,0,0,0,0
402,9,0,0,0,0,0
402,10,20,0,0,0,0
402,11,0,0,0,0,0
402,12,0,0,0,0,0
402,13,5,0,0,0,0
402,14,0,0,0,0,0
402,15,0,0,0,0,0
402,16,0,0,0,0,0
402,17,0,0,0,0,0
402,18,10,0,0,0,0
402,19,0,0,0,0,0
402,20,0,0,0,0,0
402,21,20,1,1,85.66,85.66
402,22,0,0,0,0,0
402,23,0,0,0,0,0
402,24,0,0,0,0,0
402,25,20,0,0,0,0
403,1,0,0,0,0,0
403,2,0,0,0,0,0
403,3,0,0,0,0,0
403,4,10,0,0,0,0
403,5,0,0,0,0,0
403,6,15,1,2,36.77,73.54
403,7,0,0,0,0,0
403,8,10,0,0,0,0
403,9,0,0,0,0,0
403,10,20,0,0,0,0
403,11,0,0,0,0,0
403,12,0,0,0,0,0
403,13,5,0,0,0,0
403,14,0,0,0,0,0
403,15,0,0,0,0,0
403,16,0,0,0,0,0
403,17,0,0,0,0,0
403,18,10,0,0,0,0
403,19,0,0,0,0,0
403,20,0,0,0,0,0
403,21,20,0,0,0,0
403,22,0,0,0,0,0
403,23,0,0,0,0,0
403,24,0,0,0,0,0
403,25,20,1,0,0,0
404,1,0,0,0,0,0
404,2,0,0,0,0,0
404,3,0,0,0,0,0
404,4,10,0,0,0,0
404,5,0,0,0,0,0
404,6,15,0,0,0,0
404,7,0,0,0,0,0
404,8,10,0,0,0,0
404,9,0,0,0,0,0
404,10,20,0,0,0,0
404,11,0,0,0,0,0
404,12,0,0,0,0,0
404,13,5,0,0,0,0
404,14,0,0,0,0,0
404,15,0,0,0,0,0
404,16,0,0,0,0,0
404,17,0,0,0,0,0
404,18,10,0,0,0,0
404,19,0,0,0,0,0
404,20,0,0,0,0,0
404,21,20,1,0,0,0
404,22,0,0,0,0,0
404,23,0,0,0,0,0
404,24,0,0,0,0,0
404,25,20,0,0,0,0
405,1,0,0,0,0,0
405,2,0,0,0,0,0
405,3,0,0,0,0,0
405,4,10,0,0,0,0
405,5,0,0,0,0,0
405,6,15,0,0,0,0
405,7,0,0,0,0,0
405,8,10,0,0,0,0
405,9,0,0,0,0,0
405,10,20,0,0,0,0
405,11,0,0,0,0,0
405,12,0,0,0,0,0
405,13,5,0,0,0,0
405,14,0,0,0,0,0
405,15,0,0,0,0,0
405,16,0,0,0,0,0
405,17,0,0,0,0,0
405,18,10,0,0,0,0
405,19,0,0,0,0,0
405,20,0,0,0,0,0
405,21,20,0,0,0,0
405,22,0,0,0,0,0
405,23,0,0,0,0,0
405,24,0,0,0,0,0
405,25,20,0,0,0,0
406,1,0,1,1,44.73,44.73
406,2,0,0,0,0,0
406,3,0,0,0,0,0
406,4,10,0,0,0,0
406,5,0,0,0,0,0
406,6,15,0,0,0,0
406,7,0,0,0,0,0
406,8,10,0,0,0,0
406,9,0,0,0,0,0
406,10,20,0,0,0,0
406,11,0,0,0,0,0
406,12,0,0,0,0,0
406,13,5,0,0,0,0
406,14,0,0,0,0,0
406,15,0,0,0,0,0
406,16,0,0,0,0,0
406,17,0,0,0,0,0
406,18,10,0,0,0,0
406,19,0,0,0,0,0
406,20,0,0,0,0,0
406,21,20,0,0,0,0
406,22,0,0,0,0,0
406,23,0,0,0,0,0
406,24,0,0,0,0,0
406,25,20,0,0,0,0
407,1,0,0,0,0,0
407,2,0,0,0,0,0
407,3,0,0,0,0,0
407,4,10,0,0,0,0
407,5,0,0,0,0,0
407,6,15,0,0,0,0
407,7,0,0,0,0,0
407,8,10,0,0,0,0
407,9,0,0,0,0,0
407,10,20,0,0,0,0
407,11,0,0,0,0,0
407,12,0,0,0,0,0
407,13,5,0,0,0,0
407,14,0,0,0,0,0
407,15,0,0,0,0,0
407,16,0,0,0,0,0
407,17,0,0,0,0,0
407,18,10,0,0,0,0
407,19,0,0,0,0,0
407,20,0,0,0,0,0
407,21,20,0,0,0,0
407,22,0,0,0,0,0
407,23,0,0,0,0,0
407,24,0,0,0,0,0
407,25,20,0,0,0,0
408,1,0,0,0,0,0
408,2,0,0,0,0,0
408,3,0,0,0,0,0
408,4,10,0,0,0,0
408,5,0,0,0,0,0
408,6,15,1,0,0,0
408,7,0,0,0,0,0
408,8,10,0,0,0,0
408,9,0,0,0,0,0
408,10,20,0,0,0,0
408,11,0,0,0,0,0
408,12,0,0,0,0,0
408,13,5,0,0,0,0
408,14,0,0,0,0,0
408,15,0,0,0,0,0
408,16,0,0,0,0,0
408,17,0,0,0,0,0
408,18,10,0,0,0,0
408,19,0,0,0,0,0
408,20,0,0,0,0,0
408,21,20,0,0,0,0
408,22,0,0,0,0,0
408,23,0,0,0,0,0
408,24,0,0,0,0,0
408,25,20,0,0,0,0
409,1,0,0,0,0,0
409,2,0,0,0,0,0
409,3,0,0,0,0,0
409,4,10,0,0,0,0
409,5,0,0,0,0,0
409,6,15,0,0,0,0
409,7,0,0,0,0,0
409,8,10,0,0,0,0
409,9,0,0,0,0,0
409,10,20,0,0,0,0
409,11,0,0,0,0,0
409,12,0,0,0,0,0
409,13,5,0,0,0,0
409,14,0,0,0,0,0
409,15,0,0,0,0,0
409,16,0,0,0,0,0
409,17,0,0,0,0,0
409,18,10,1,0,0,0
409,19,0,0,0,0,0
409,20,0,0,0,0,0
409,21,20,0,0,0,0
409,22,0,0,0,0,0
409,23,0,0,0,0,0
409,24,0,0,0,0,0
409,25,20,0,0,0,0
410,1,0,0,0,0,0
410,2,0,0,0,0,0
410,3,0,0,0,0,0
410,4,10,0,0,0,0
410,5,0,0,0,0,0
410,6,15,0,0,0,0
410,7,0,0,0,0,0
410,8,10,0,0,0,0
410,9,0,0,0,0,0
410,10,20,0,0,0,0
410,11,0,0,0,0,0
410,12,0,0,0,0,0
410,13,5,0,0,0,0
410,14,0,0,0,0,0
410,15,0,0,0,0,0
410,16,0,0,0,0,0
410,17,0,0,0,0,0
410,18,10,0,0,0,0
410,19,0,0,0,0,0
410,20,0,0,0,0,0
410,21,20,0,0,0,0
410,22,0,0,0,0,0
410,23,0,0,0,0,0
410,24,0,0,0,0,0
410,25,20,0,0,0,0
411,1,0,0,0,0,0
411,2,0,0,0,0,0
411,3,0,0,0,0,0
411,4,10,0,0,0,0
411,5,0,0,0,0,0
411,6,15,0,0,0,0
411,7,0,0,0,0,0
411,8,10,0,0,0,0
411,9,0,0,0,0,0
411,10,20,0,0,0,0
411,11,0,0,0,0,0
411,12,0,0,0,0,0
411,13,5,0,0,0,0
411,14,0,0,0,0,0
411,15,0,0,0,0,0
411,16,0,0,0,0,0
411,17,0,0,0,0,0
411,18,10,0,0,0,0
411,19,0,0,0,0,0
411,20,0,0,0,0,0
411,21,20,0,0,0,0
411,22,0,0,0,0,0
411,23,0,0,0,0,0
411,24,0,0,0,0,0
411,25,20,0,0,0,0
412,1,0,0,0,0,0
412,2,0,0,0,0,0
412,3,0,0,0,0,0
412,4,10,0,0,0,0
412,5,0,1,0,0,0
412,6,15,0,0,0,0
412,7,0,0,0,0,0
412,8,10,0,0,0,0
412,9,0,0,0,0,0
412,10,20,0,0,0,0
412,11,0,0,0,0,0
412,12,0,0,0,0,0
412,13,5,0,0,0,0
412,14,0,0,0,0,0
412,15,0,0,0,0,0
412,16,0,0,0,0,0
412,17,0,0,0,0,0
412,18,10,0,0,0,0
412,19,0,0,0,0,0
412,20,0,0,0,0,0
412,21,20,0,0,0,0
412,22,0,0,0,0,0
412,23,0,0,0,0,0
412,24,0,0,0,0,0
412,25,20,0,0,0,0
413,1,0,0,0,0,0
413,2,0,0,0,0,0
413,3,0,1,2,50.63,101.26
413,4,10,0,0,0,0
413,5,0,0,0,0,0
413,6,15,0,0,0,0
413,7,0,0,0,0,0
413,8,10,0,0,0,0
413,9,0,0,0,0,0
413,10,20,0,0,0,0
413,11,0,0,0,0,0
413,12,0,0,0,0,0
413,13,5,0,0,0,0
413,14,0,0,0,0,0
413,15,0,0,0,0,0
413,16,0,1,1,51.32,51.32
413,17,0,0,0,0,0
413,18,10,0,0,0,0
413,19,0,0,0,0,0
413,20,0,0,0,0,0
413,21,20,0,0,0,0
413,22,0,0,0,0,0
413,23,0,0,0,0,0
413,24,0,0,0,0,0
413,25,20,0,0,0,0
414,1,0,0,0,0,0
414,2,0,0,0,0,0
414,3,0,0,0,0,0
414,4,10,0,0,0,0
414,5,0,0,0,0,0
414,6,15,0,0,0,0
414,7,0,0,0,0,0
414,8,10,0,0,0,0
414,9,0,0,0,0,0
414,10,20,0,0,0,0
414,11,0,0,0,0,0
414,12,0,0,0,0,0
414,13,5,0,0,0,0
414,14,0,0,0,0,0
414,15,0,0,0,0,0
414,16,0,0,0,0,0
414,17,0,0,0,0,0
414,18,10,1,0,0,0
414,19,0,0,0,0,0
414,20,0,0,0,0,0
414,21,20,0,0,0,0
414,22,0,0,0,0,0
414,23,0,0,0,0,0
414,24,0,0,0,0,0
414,25,20,0,0,0,0
415,1,0,0,0,0,0
415,2,0,0,0,0,0
415,3,0,0,0,0,0
415,4,10,0,0,0,0
415,5,0,0,0,0,0
415,6,15,0,0,0,0
415,7,0,0,0,0,0
415,8,10,1,3,43.95,131.85
415,9,0,0,0,0,0
415,10,20,0,0,0,0
415,11,0,0,0,0,0
415,12,0,0,0,0,0
415,13,5,1,2,67.2,134.4
415,14,0,0,0,0,0
415,15,0,0,0,0,0
415,16,0,0,0,0,0
415,17,0,0,0,0,0
415,18,10,0,0,0,0
415,19,0,0,0,0,0
415,20,0,0,0,0,0
415,21,20,0,0,0,0
415,22,0,0,0,0,0
415,23,0,1,2,36.08,72.16
415,24,0,0,0,0,0
415,25,20,0,0,0,0
416,1,0,0,0,0,0
416,2,0,0,0,0,0
416,3,0,0,0,0,0
416,4,10,1,0,0,0
416,5,0,0,0,0,0
416,6,15,0,0,0,0
416,7,0,0,0,0,0
416,8,10,1,0,0,0
416,9,0,0,0,0,0
416,10,20,0,0,0,0
416,11,0,0,0,0,0
416,12,0,0,0,0,0
416,13,5,0,0,0,0
416,14,0,0,0,0,0
416,15,0,0,0,0,0
416,16,0,0,0,0,0
416,17,0,0,0,0,0
416,18,10,0,0,0,0
416,19,0,0,0,0,0
416,20,0,0,0,0,0
416,21,20,1,0,0,0
416,22,0,0,0,0,0
416,23,0,0,0,0,0
416,24,0,0,0,0,0
416,25,20,0,0,0,0
417,1,0,0,0,0,0
417,2,0,0,0,0,0
417,3,0,0,0,0,0
417,4,10,0,0,0,0
417,5,0,0,0,0,0
417,6,15,0,0,0,0
417,7,0,0,0,0,0
417,8,10,1,0,0,0
417,9,0,0,0,0,0
417,10,20,0,0,0,0
417,11,0,0,0,0,0
417,12,0,0,0,0,0
417,13,5,0,0,0,0
417,14,0,0,0,0,0
417,15,0,0,0,0,0
417,16,0,0,0,0,0
417,17,0,0,0,0,0
417,18,10,0,0,0,0
417,19,0,0,0,0,0
417,20,0,0,0,0,0
417,21,20,0,0,0,0
417,22,0,0,0,0,0
417,23,0,0,0,0,0
417,24,0,0,0,0,0
417,25,20,0,0,0,0
418,1,0,0,0,0,0
418,2,0,0,0,0,0
418,3,0,0,0,0,0
418,4,10,0,0,0,0
418,5,0,0,0,0,0
418,6,15,1,0,0,0
418,7,0,0,0,0,0
418,8,10,0,0,0,0
418,9,0,0,0,0,0
418,10,20,0,0,0,0
418,11,0,0,0,0,0
418,12,0,0,0,0,0
418,13,5,0,0,0,0
418,14,0,0,0,0,0
418,15,0,0,0,0,0
418,16,0,0,0,0,0
418,17,0,0,0,0,0
418,18,10,0,0,0,0
418,19,0,0,0,0,0
418,20,0,0,0,0,0
418,21,20,0,0,0,0
418,22,0,0,0,0,0
418,23,0,0,0,0,0
418,24,0,0,0,0,0
418,25,20,0,0,0,0
419,1,0,0,0,0,0
419,2,0,0,0,0,0
419,3,0,0,0,0,0
419,4,10,0,0,0,0
419,5,0,0,0,0,0
419,6,15,0,0,0,0
419,7,0,0,0,0,0
419,8,10,0,0,0,0
419,9,0,0,0,0,0
419,10,20,0,0,0,0
419,11,0,0,0,0,0
419,12,0,0,0,0,0
419,13,5,0,0,0,0
419,14,0,0,0,0,0
419,15,0,0,0,0,0
419,16,0,0,0,0,0
419,17,0,0,0,0,0
419,18,10,0,0,0,0
419,19,0,0,0,0,0
419,20,0,0,0,0,0
419,21,20,0,0,0,0
419,22,0,0,0,0,0
419,23,0,0,0,0,0
419,24,0,0,0,0,0
419,25,20,0,0,0,0
420,1,0,0,0,0,0
420,2,0,0,0,0,0
420,3,0,0,0,0,0
420,4,10,0,0,0,0
420,5,0,0,0,0,0
420,6,15,0,0,0,0
420,7,0,0,0,0,0
420,8,10,0,0,0,0
420,9,0,0,0,0,0
420,10,20,0,0,0,0
420,11,0,0,0,0,0
420,12,0,0,0,0,0
420,13,5,0,0,0,0
420,14,0,0,0,0,0
420,15,0,0,0,0,0
420,16,0,0,0,0,0
420,17,0,0,0,0,0
420,18,10,0,0,0,0
420,19,0,0,0,0,0
420,20,0,0,0,0,0
420,21,20,0,0,0,0
420,22,0,0,0,0,0
420,23,0,0,0,0,0
420,24,0,0,0,0,0
420,25,20,0,0,0,0
421,1,0,0,0,0,0
421,2,0,0,0,0,0
421,3,0,0,0,0,0
421,4,10,0,0,0,0
421,5,0,0,0,0,0
421,6,15,0,0,0,0
421,7,0,0,0,0,0
421,8,10,0,0,0,0
421,9,0,0,0,0,0
421,10,20,1,0,0,0
421,11,0,0,0,0,0
421,12,0,0,0,0,0
421,13,5,0,0,0,0
421,14,0,0,0,0,0
421,15,0,0,0,0,0
421,16,0,0,0,0,0
421,17,0,0,0,0,0
421,18,10,0,0,0,0
421,19,0,0,0,0,0
421,20,0,0,0,0,0
421,21,20,0,0,0,0
421,22,0,0,0,0,0
421,23,0,0,0,0,0
421,24,0,0,0,0,0
421,25,20,0,0,0,0
422,1,0,0,0,0,0
422,2,0,0,0,0,0
422,3,0,0,0,0,0
422,4,10,0,0,0,0
422,5,0,0,0,0,0
422,6,15,0,0,0,0
422,7,0,0,0,0,0
422,8,10,0,0,0,0
422,9,0,0,0,0,0
422,10,20,0,0,0,0
422,11,0,0,0,0,0
422,12,0,0,0,0,0
422,13,5,1,6,63.01,378.06
422,14,0,0,0,0,0
422,15,0,1,1,41.79,41.79
422,16,0,0,0,0,0
422,17,0,0,0,0,0
422,18,10,0,0,0,0
422,19,0,0,0,0,0
422,20,0,0,0,0,0
422,21,20,0,0,0,0
422,22,0,0,0,0,0
422,23,0,0,0,0,0
422,24,0,0,0,0,0
422,25,20,0,0,0,0
423,1,0,0,0,0,0
423,2,0,0,0,0,0
423,3,0,0,0,0,0
423,4,10,0,0,0,0
423,5,0,0,0,0,0
423,6,15,0,0,0,0
423,7,0,0,0,0,0
423,8,10,0,0,0,0
423,9,0,0,0,0,0
423,10,20,0,0,0,0
423,11,0,0,0,0,0
423,12,0,0,0,0,0
423,13,5,0,0,0,0
423,14,0,0,0,0,0
423,15,0,0,0,0,0
423,16,0,0,0,0,0
423,17,0,0,0,0,0
423,18,10,0,0,0,0
423,19,0,0,0,0,0
423,20,0,0,0,0,0
423,21,20,1,1,32.95,32.95
423,22,0,0,0,0,0
423,23,0,0,0,0,0
423,24,0,0,0,0,0
423,25,20,1,1,32.4,32.4
424,1,0,0,0,0,0
424,2,0,0,0,0,0
424,3,0,0,0,0,0
424,4,10,0,0,0,0
424,5,0,0,0,0,0
424,6,15,0,0,0,0
424,7,0,0,0,0,0
424,8,10,0,0,0,0
424,9,0,0,0,0,0
424,10,20,0,0,0,0
424,11,0,0,0,0,0
424,12,0,0,0,0,0
424,13,5,0,0,0,0
424,14,0,0,0,0,0
424,15,0,0,0,0,0
424,16,0,0,0,0,0
424,17,0,0,0,0,0
424,18,10,0,0,0,0
424,19,0,0,0,0,0
424,20,0,0,0,0,0
424,21,20,1,7,66.33,464.31
424,22,0,0,0,0,0
424,23,0,0,0,0,0
424,24,0,0,0,0,0
424,25,20,0,0,0,0
425,1,0,0,0,0,0
425,2,0,0,0,0,0
425,3,0,0,0,0,0
425,4,10,0,0,0,0
425,5,0,0,0,0,0
425,6,15,0,0,0,0
425,7,0,0,0,0,0
425,8,10,0,0,0,0
425,9,0,0,0,0,0
425,10,20,0,0,0,0
425,11,0,0,0,0,0
425,12,0,0,0,0,0
425,13,5,0,0,0,0
425,14,0,0,0,0,0
425,15,0,0,0,0,0
425,16,0,0,0,0,0
425,17,0,0,0,0,0
425,18,10,0,0,0,0
425,19,0,0,0,0,0
425,20,0,0,0,0,0
425,21,20,0,0,0,0
425,22,0,0,0,0,0
425,23,0,0,0,0,0
425,24,0,0,0,0,0
425,25,20,0,0,0,0
426,1,0,0,0,0,0
426,2,0,0,0,0,0
426,3,0,0,0,0,0
426,4,10,0,0,0,0
426,5,0,0,0,0,0
426,6,15,0,0,0,0
426,7,0,0,0,0,0
426,8,10,0,0,0,0
426,9,0,0,0,0,0
426,10,20,0,0,0,0
426,11,0,0,0,0,0
426,12,0,0,0,0,0
426,13,5,0,0,0,0
426,14,0,0,0,0,0
426,15,0,0,0,0,0
426,16,0,0,0,0,0
426,17,0,0,0,0,0
426,18,10,0,0,0,0
426,19,0,1,2,19.49,38.98
426,20,0,0,0,0,0
426,21,20,0,0,0,0
426,22,0,0,0,0,0
426,23,0,0,0,0,0
426,24,0,0,0,0,0
426,25,20,0,0,0,0
427,1,0,0,0,0,0
427,2,0,0,0,0,0
427,3,0,0,0,0,0
427,4,10,0,0,0,0
427,5,0,0,0,0,0
427,6,15,0,0,0,0
427,7,0,0,0,0,0
427,8,10,0,0,0,0
427,9,0,0,0,0,0
427,10,20,0,0,0,0
427,11,0,0,0,0,0
427,12,0,0,0,0,0
427,13,5,0,0,0,0
427,14,0,0,0,0,0
427,15,0,0,0,0,0
427,16,0,0,0,0,0
427,17,0,0,0,0,0
427,18,10,0,0,0,0
427,19,0,0,0,0,0
427,20,0,0,0,0,0
427,21,20,0,0,0,0
427,22,0,0,0,0,0
427,23,0,0,0,0,0
427,24,0,0,0,0,0
427,25,20,0,0,0,0
428,1,0,0,0,0,0
428,2,0,0,0,0,0
428,3,0,0,0,0,0
428,4,10,0,0,0,0
428,5,0,0,0,0,0
428,6,15,0,0,0,0
428,7,0,0,0,0,0
428,8,10,0,0,0,0
428,9,0,0,0,0,0
428,10,20,0,0,0,0
428,11,0,0,0,0,0
428,12,0,0,0,0,0
428,13,5,0,0,0,0
428,14,0,0,0,0,0
428,15,0,0,0,0,0
428,16,0,0,0,0,0
428,17,0,0,0,0,0
428,18,10,0,0,0,0
428,19,0,0,0,0,0
428,20,0,0,0,0,0
428,21,20,0,0,0,0
428,22,0,0,0,0,0
428,23,0,0,0,0,0
428,24,0,0,0,0,0
428,25,20,0,0,0,0
429,1,0,0,0,0,0
429,2,0,0,0,0,0
429,3,0,0,0,0,0
429,4,10,1,0,0,0
429,5,0,0,0,0,0
429,6,15,0,0,0,0
429,7,0,0,0,0,0
429,8,10,0,0,0,0
429,9,0,0,0,0,0
429,10,20,0,0,0,0
429,11,0,0,0,0,0
429,12,0,0,0,0,0
429,13,5,0,0,0,0
429,14,0,0,0,0,0
429,15,0,0,0,0,0
429,16,0,0,0,0,0
429,17,0,0,0,0,0
429,18,10,0,0,0,0
429,19,0,0,0,0,0
429,20,0,0,0,0,0
429,21,20,0,0,0,0
429,22,0,0,0,0,0
429,23,0,0,0,0,0
429,24,0,0,0,0,0
429,25,20,0,0,0,0
430,1,0,0,0,0,0
430,2,0,0,0,0,0
430,3,0,0,0,0,0
430,4,10,0,0,0,0
430,5,0,0,0,0,0
430,6,15,0,0,0,0
430,7,0,0,0,0,0
430,8,10,0,0,0,0
430,9,0,0,0,0,0
430,10,20,0,0,0,0
430,11,0,0,0,0,0
430,12,0,0,0,0,0
430,13,5,0,0,0,0
430,14,0,0,0,0,0
430,15,0,0,0,0,0
430,16,0,0,0,0,0
430,17,0,0,0,0,0
430,18,10,0,0,0,0
430,19,0,0,0,0,0
430,20,0,0,0,0,0
430,21,20,1,2,56.54,113.08
430,22,0,0,0,0,0
430,23,0,0,0,0,0
430,24,0,0,0,0,0
430,25,20,0,0,0,0
431,1,0,0,0,0,0
431,2,0,0,0,0,0
431,3,0,0,0,0,0
431,4,10,0,0,0,0
431,5,0,0,0,0,0
431,6,15,1,1,28.77,28.77
431,7,0,0,0,0,0
431,8,10,0,0,0,0
431,9,0,0,0,0,0
431,10,20,0,0,0,0
431,11,0,0,0,0,0
431,12,0,0,0,0,0
431,13,5,0,0,0,0
431,14,0,0,0,0,0
431,15,0,0,0,0,0
431,16,0,0,0,0,0
431,17,0,0,0,0,0
431,18,10,1,1,15.74,15.74
431,19,0,0,0,0,0
431,20,0,0,0,0,0
431,21,20,0,0,0,0
431,22,0,0,0,0,0
431,23,0,0,0,0,0
431,24,0,0,0,0,0
431,25,20,0,0,0,0
432,1,0,0,0,0,0
432,2,0,0,0,0,0
432,3,0,0,0,0,0
432,4,10,0,0,0,0
432,5,0,0,0,0,0
432,6,15,1,0,0,0
432,7,0,0,0,0,0
432,8,10,0,0,0,0
432,9,0,0,0,0,0
432,10,20,0,0,0,0
432,11,0,0,0,0,0
432,12,0,0,0,0,0
432,13,5,0,0,0,0
432,14,0,0,0,0,0
432,15,0,0,0,0,0
432,16,0,0,0,0,0
432,17,0,0,0,0,0
432,18,10,0,0,0,0
432,19,0,0,0,0,0
432,20,0,0,0,0,0
432,21,20,0,0,0,0
432,22,0,0,0,0,0
432,23,0,0,0,0,0
432,24,0,0,0,0,0
432,25,20,0,0,0,0
433,1,0,0,0,0,0
433,2,0,0,0,0,0
433,3,0,0,0,0,0
433,4,10,0,0,0,0
433,5,0,0,0,0,0
433,6,15,0,0,0,0
433,7,0,0,0,0,0
433,8,10,0,0,0,0
433,9,0,0,0,0,0
433,10,20,0,0,0,0
433,11,0,0,0,0,0
433,12,0,0,0,0,0
433,13,5,0,0,0,0
433,14,0,0,0,0,0
433,15,0,0,0,0,0
433,16,0,0,0,0,0
433,17,0,0,0,0,0
433,18,10,0,0,0,0
433,19,0,0,0,0,0
433,20,0,0,0,0,0
433,21,20,0,0,0,0
433,22,0,0,0,0,0
433,23,0,0,0,0,0
433,24,0,0,0,0,0
433,25,20,1,2,39.46,78.92
434,1,0,0,0,0,0
434,2,0,0,0,0,0
434,3,0,0,0,0,0
434,4,10,0,0,0,0
434,5,0,0,0,0,0
434,6,15,0,0,0,0
434,7,0,0,0,0,0
434,8,10,0,0,0,0
434,9,0,0,0,0,0
434,10,20,0,0,0,0
434,11,0,0,0,0,0
434,12,0,0,0,0,0
434,13,5,0,0,0,0
434,14,0,0,0,0,0
434,15,0,0,0,0,0
434,16,0,0,0,0,0
434,17,0,0,0,0,0
434,18,10,0,0,0,0
434,19,0,0,0,0,0
434,20,0,0,0,0,0
434,21,20,0,0,0,0
434,22,0,0,0,0,0
434,23,0,0,0,0,0
434,24,0,0,0,0,0
434,25,20,1,0,0,0
435,1,0,0,0,0,0
435,2,0,0,0,0,0
435,3,0,0,0,0,0
435,4,10,0,0,0,0
435,5,0,0,0,0,0
435,6,15,0,0,0,0
435,7,0,0,0,0,0
435,8,10,0,0,0,0
435,9,0,0,0,0,0
435,10,20,1,1,73.8,73.8
435,11,0,0,0,0,0
435,12,0,0,0,0,0
435,13,5,0,0,0,0
435,14,0,0,0,0,0
435,15,0,0,0,0,0
435,16,0,0,0,0,0
435,17,0,0,0,0,0
435,18,10,0,0,0,0
435,19,0,0,0,0,0
435,20,0,0,0,0,0
435,21,20,0,0,0,0
435,22,0,0,0,0,0
435,23,0,0,0,0,0
435,24,0,0,0,0,0
435,25,20,0,0,0,0
436,1,0,0,0,0,0
436,2,0,0,0,0,0
436,3,0,0,0,0,0
436,4,10,1,0,0,0
436,5,0,0,0,0,0
436,6,15,0,0,0,0
436,7,0,0,0,0,0
436,8,10,0,0,0,0
436,9,0,0,0,0,0
436,10,20,1,2,85.99,171.98
436,11,0,0,0,0,0
436,12,0,0,0,0,0
436,13,5,0,0,0,0
436,14,0,0,0,0,0
436,15,0,0,0,0,0
436,16,0,0,0,0,0
436,17,0,0,0,0,0
436,18,10,0,0,0,0
436,19,0,0,0,0,0
436,20,0,0,0,0,0
436,21,20,1,0,0,0
436,22,0,0,0,0,0
436,23,0,0,0,0,0
436,24,0,0,0,0,0
436,25,20,0,0,0,0
437,1,0,0,0,0,0
437,2,0,0,0,0,0
437,3,0,0,0,0,0
437,4,10,0,0,0,0
437,5,0,0,0,0,0
437,6,15,0,0,0,0
437,7,0,0,0,0,0
437,8,10,0,0,0,0
437,9,0,0,0,0,0
437,10,20,1,6,5.76,34.56
437,11,0,0,0,0,0
437,12,0,0,0,0,0
437,13,5,0,0,0,0
437,14,0,0,0,0,0
437,15,0,0,0,0,0
437,16,0,0,0,0,0
437,17,0,0,0,0,0
437,18,10,0,0,0,0
437,19,0,0,0,0,0
437,20,0,0,0,0,0
437,21,20,0,0,0,0
437,22,0,0,0,0,0
437,23,0,0,0,0,0
437,24,0,0,0,0,0
437,25,20,0,0,0,0
438,1,0,0,0,0,0
438,2,0,0,0,0,0
438,3,0,0,0,0,0
438,4,10,0,0,0,0
438,5,0,0,0,0,0
438,6,15,0,0,0,0
438,7,0,0,0,0,0
438,8,10,0,0,0,0
438,9,0,0,0,0,0
438,10,20,0,0,0,0
438,11,0,0,0,0,0
438,12,0,0,0,0,0
438,13,5,0,0,0,0
438,14,0,0,0,0,0
438,15,0,0,0,0,0
438,16,0,0,0,0,0
438,17,0,0,0,0,0
438,18,10,0,0,0,0
438,19,0,0,0,0,0
438,20,0,0,0,0,0
438,21,20,0,0,0,0
438,22,0,0,0,0,0
438,23,0,0,0,0,0
438,24,0,0,0,0,0
438,25,20,1,0,0,0
439,1,0,0,0,0,0
439,2,0,0,0,0,0
439,3,0,0,0,0,0
439,4,10,0,0,0,0
439,5,0,1,3,23.39,70.17
439,6,15,0,0,0,0
439,7,0,0,0,0,0
439,8,10,0,0,0,0
439,9,0,0,0,0,0
439,10,20,0,0,0,0
439,11,0,0,0,0,0
439,12,0,0,0,0,0
439,13,5,0,0,0,0
439,14,0,0,0,0,0
439,15,0,0,0,0,0
439,16,0,0,0,0,0
439,17,0,0,0,0,0
439,18,10,0,0,0,0
439,19,0,0,0,0,0
439,20,0,0,0,0,0
439,21,20,0,0,0,0
439,22,0,0,0,0,0
439,23,0,0,0,0,0
439,24,0,0,0,0,0
439,25,20,0,0,0,0
440,1,0,0,0,0,0
440,2,0,0,0,0,0
440,3,0,0,0,0,0
440,4,10,0,0,0,0
440,5,0,0,0,0,0
440,6,15,0,0,0,0
440,7,0,0,0,0,0
440,8,10,0,0,0,0
440,9,0,0,0,0,0
440,10,20,0,0,0,0
440,11,0,0,0,0,0
440,12,0,0,0,0,0
440,13,5,0,0,0,0
440,14,0,0,0,0,0
440,15,0,0,0,0,0
440,16,0,1,3,59.47,178.41
440,17,0,0,0,0,0
440,18,10,0,0,0,0
440,19,0,0,0,0,0
440,20,0,0,0,0,0
440,21,20,0,0,0,0
440,22,0,0,0,0,0
440,23,0,0,0,0,0
440,24,0,0,0,0,0
440,25,20,0,0,0,0
441,1,0,0,0,0,0
441,2,0,0,0,0,0
441,3,0,0,0,0,0
441,4,10,0,0,0,0
441,5,0,0,0,0,0
441,6,15,1,1,58.36,58.36
441,7,0,0,0,0,0
441,8,10,0,0,0,0
441,9,0,0,0,0,0
441,10,20,0,0,0,0
441,11,0,0,0,0,0
441,12,0,0,0,0,0
441,13,5,0,0,0,0
441,14,0,0,0,0,0
441,15,0,0,0,0,0
441,16,0,0,0,0,0
441,17,0,0,0,0,0
441,18,10,0,0,0,0
441,19,0,0,0,0,0
441,20,0,0,0,0,0
441,21,20,1,0,0,0
441,22,0,0,0,0,0
441,23,0,0,0,0,0
441,24,0,0,0,0,0
441,25,20,1,1,42.52,42.52
442,1,0,0,0,0,0
442,2,0,0,0,0,0
442,3,0,0,0,0,0
442,4,10,0,0,0,0
442,5,0,0,0,0,0
442,6,15,0,0,0,0
442,7,0,0,0,0,0
442,8,10,0,0,0,0
442,9,0,0,0,0,0
442,10,20,1,1,43.16,43.16
442,11,0,0,0,0,0
442,12,0,0,0,0,0
442,13,5,0,0,0,0
442,14,0,0,0,0,0
442,15,0,0,0,0,0
442,16,0,0,0,0,0
442,17,0,0,0,0,0
442,18,10,0,0,0,0
442,19,0,0,0,0,0
442,20,0,0,0,0,0
442,21,20,1,0,0,0
442,22,0,0,0,0,0
442,23,0,0,0,0,0
442,24,0,0,0,0,0
442,25,20,0,0,0,0
443,1,0,0,0,0,0
443,2,0,0,0,0,0
443,3,0,0,0,0,0
443,4,10,0,0,0,0
443,5,0,0,0,0,0
443,6,15,0,0,0,0
443,7,0,0,0,0,0
443,8,10,1,13,63.55,826.15
443,9,0,0,0,0,0
443,10,20,0,0,0,0
443,11,0,0,0,0,0
443,12,0,0,0,0,0
443,13,5,0,0,0,0
443,14,0,0,0,0,0
443,15,0,0,0,0,0
443,16,0,0,0,0,0
443,17,0,0,0,0,0
443,18,10,0,0,0,0
443,19,0,0,0,0,0
443,20,0,0,0,0,0
443,21,20,0,0,0,0
443,22,0,0,0,0,0
443,23,0,0,0,0,0
443,24,0,0,0,0,0
443,25,20,0,0,0,0
444,1,0,0,0,0,0
444,2,0,0,0,0,0
444,3,0,0,0,0,0
444,4,10,0,0,0,0
444,5,0,0,0,0,0
444,6,15,0,0,0,0
444,7,0,0,0,0,0
444,8,10,0,0,0,0
444,9,0,0,0,0,0
444,10,20,0,0,0,0
444,11,0,0,0,0,0
444,12,0,0,0,0,0
444,13,5,0,0,0,0
444,14,0,0,0,0,0
444,15,0,0,0,0,0
444,16,0,0,0,0,0
444,17,0,0,0,0,0
444,18,10,0,0,0,0
444,19,0,0,0,0,0
444,20,0,0,0,0,0
444,21,20,1,1,43.6,43.6
444,22,0,0,0,0,0
444,23,0,0,0,0,0
444,24,0,1,0,0,0
444,25,20,0,0,0,0
445,1,0,0,0,0,0
445,2,0,0,0,0,0
445,3,0,0,0,0,0
445,4,10,0,0,0,0
445,5,0,0,0,0,0
445,6,15,0,0,0,0
445,7,0,0,0,0,0
445,8,10,0,0,0,0
445,9,0,0,0,0,0
445,10,20,0,0,0,0
445,11,0,0,0,0,0
445,12,0,0,0,0,0
445,13,5,0,0,0,0
445,14,0,0,0,0,0
445,15,0,0,0,0,0
445,16,0,0,0,0,0
445,17,0,0,0,0,0
445,18,10,0,0,0,0
445,19,0,0,0,0,0
445,20,0,0,0,0,0
445,21,20,0,0,0,0
445,22,0,0,0,0,0
445,23,0,0,0,0,0
445,24,0,0,0,0,0
445,25,20,0,0,0,0
446,1,0,0,0,0,0
446,2,0,0,0,0,0
446,3,0,0,0,0,0
446,4,10,0,0,0,0
446,5,0,0,0,0,0
446,6,15,1,0,0,0
446,7,0,0,0,0,0
446,8,10,0,0,0,0
446,9,0,0,0,0,0
446,10,20,0,0,0,0
446,11,0,0,0,0,0
446,12,0,0,0,0,0
446,13,5,0,0,0,0
446,14,0,0,0,0,0
446,15,0,0,0,0,0
446,16,0,1,4,43.12,172.48
446,17,0,0,0,0,0
446,18,10,0,0,0,0
446,19,0,0,0,0,0
446,20,0,0,0,0,0
446,21,20,1,0,0,0
446,22,0,0,0,0,0
446,23,0,0,0,0,0
446,24,0,0,0,0,0
446,25,20,0,0,0,0
447,1,0,0,0,0,0
447,2,0,0,0,0,0
447,3,0,0,0,0,0
447,4,10,0,0,0,0
447,5,0,0,0,0,0
447,6,15,0,0,0,0
447,7,0,0,0,0,0
447,8,10,0,0,0,0
447,9,0,0,0,0,0
447,10,20,0,0,0,0
447,11,0,0,0,0,0
447,12,0,0,0,0,0
447,13,5,0,0,0,0
447,14,0,0,0,0,0
447,15,0,0,0,0,0
447,16,0,0,0,0,0
447,17,0,0,0,0,0
447,18,10,0,0,0,0
447,19,0,0,0,0,0
447,20,0,0,0,0,0
447,21,20,0,0,0,0
447,22,0,0,0,0,0
447,23,0,0,0,0,0
447,24,0,0,0,0,0
447,25,20,1,1,27.45,27.45
448,1,0,0,0,0,0
448,2,0,0,0,0,0
448,3,0,0,0,0,0
448,4,10,0,0,0,0
448,5,0,0,0,0,0
448,6,15,0,0,0,0
448,7,0,0,0,0,0
448,8,10,0,0,0,0
448,9,0,0,0,0,0
448,10,20,0,0,0,0
448,11,0,0,0,0,0
448,12,0,0,0,0,0
448,13,5,0,0,0,0
448,14,0,0,0,0,0
448,15,0,0,0,0,0
448,16,0,0,0,0,0
448,17,0,0,0,0,0
448,18,10,0,0,0,0
448,19,0,0,0,0,0
448,20,0,0,0,0,0
448,21,20,0,0,0,0
448,22,0,0,0,0,0
448,23,0,0,0,0,0
448,24,0,0,0,0,0
448,25,20,0,0,0,0