ConsumerID,WeekNumber,QuantityPurchased,PricePerPound,HouseholdSize
1,1,6,4.23,1
1,2,1,2.29,1
1,3,3,4.89,1
1,4,1,2.43,1
1,5,0,3.45,1
1,6,1,3.69,1
1,7,0,4.8,1
1,8,2,4.46,1
1,9,0,3.6,1
1,10,1,3.15,1
1,11,2,3.64,1
1,12,0,4.39,1
1,13,1,3.88,1
1,14,4,2.31,1
1,15,1,2.58,1
1,16,3,4.53,1
1,17,3,3.44,1
1,18,1,4.33,1
1,19,0,4.45,1
1,20,4,2.89,1
1,21,3,2.68,1
1,22,1,3.86,1
1,23,2,3.12,1
1,24,1,4.66,1
1,25,4,2.38,1
1,26,5,2.47,1
1,27,2,3.92,1
1,28,2,2.56,1
1,29,2,3.99,1
1,30,1,3.54,1
1,31,0,4.22,1
1,32,4,3.01,1
1,33,3,2.33,1
1,34,2,3.21,1
1,35,2,3.63,1
1,36,1,4.22,1
1,37,6,2.52,1
1,38,2,3.76,1
1,39,1,3.5,1
1,40,0,4.81,1
1,41,0,4.73,1
1,42,5,2.46,1
1,43,1,2.92,1
1,44,1,4.09,1
1,45,6,4.29,1
1,46,3,3.53,1
1,47,5,2.68,1
1,48,4,2.5,1
1,49,5,2.95,1
1,50,1,2.13,1
1,51,1,4.01,1
1,52,2,4.24,1
2,1,3,4.23,3
2,2,10,2.29,3
2,3,6,4.89,3
2,4,19,2.43,3
2,5,7,3.45,3
2,6,9,3.69,3
2,7,5,4.8,3
2,8,2,4.46,3
2,9,5,3.6,3
2,10,11,3.15,3
2,11,15,3.64,3
2,12,3,4.39,3
2,13,7,3.88,3
2,14,10,2.31,3
2,15,13,2.58,3
2,16,3,4.53,3
2,17,7,3.44,3
2,18,6,4.33,3
2,19,6,4.45,3
2,20,7,2.89,3
2,21,10,2.68,3
2,22,5,3.86,3
2,23,6,3.12,3
2,24,4,4.66,3
2,25,16,2.38,3
2,26,9,2.47,3
2,27,4,3.92,3
2,28,11,2.56,3
2,29,5,3.99,3
2,30,5,3.54,3
2,31,3,4.22,3
2,32,14,3.01,3
2,33,8,2.33,3
2,34,6,3.21,3
2,35,2,3.63,3
2,36,6,4.22,3
2,37,13,2.52,3
2,38,5,3.76,3
2,39,5,3.5,3
2,40,4,4.81,3
2,41,4,4.73,3
2,42,10,2.46,3
2,43,7,2.92,3
2,44,6,4.09,3
2,45,14,4.29,3
2,46,1,3.53,3
2,47,11,2.68,3
2,48,11,2.5,3
2,49,5,2.95,3
2,50,16,2.13,3
2,51,6,4.01,3
2,52,5,4.24,3
3,1,2,4.23,3
3,2,14,2.29,3
3,3,4,4.89,3
3,4,13,2.43,3
3,5,4,3.45,3
3,6,5,3.69,3
3,7,2,4.8,3
3,8,9,4.46,3
3,9,2,3.6,3
3,10,7,3.15,3
3,11,2,3.64,3
3,12,3,4.39,3
3,13,3,3.88,3
3,14,12,2.31,3
3,15,9,2.58,3
3,16,5,4.53,3
3,17,6,3.44,3
3,18,5,4.33,3
3,19,2,4.45,3
3,20,8,2.89,3
3,21,11,2.68,3
3,22,9,3.86,3
3,23,6,3.12,3
3,24,3,4.66,3
3,25,17,2.38,3
3,26,15,2.47,3
3,27,4,3.92,3
3,28,7,2.56,3
3,29,6,3.99,3
3,30,6,3.54,3
3,31,4,4.22,3
3,32,6,3.01,3
3,33,20,2.33,3
3,34,8,3.21,3
3,35,7,3.63,3
3,36,4,4.22,3
3,37,11,2.52,3
3,38,6,3.76,3
3,39,7,3.5,3
3,40,2,4.81,3
3,41,4,4.73,3
3,42,13,2.46,3
3,43,9,2.92,3
3,44,8,4.09,3
3,45,9,4.29,3
3,46,7,3.53,3
3,47,11,2.68,3
3,48,13,2.5,3
3,49,9,2.95,3
3,50,16,2.13,3
3,51,9,4.01,3
3,52,7,4.24,3
4,1,1,4.23,1
4,2,5,2.29,1
4,3,0,4.89,1
4,4,5,2.43,1
4,5,2,3.45,1
4,6,2,3.69,1
4,7,0,4.8,1
4,8,0,4.46,1
4,9,0,3.6,1
4,10,2,3.15,1
4,11,3,3.64,1
4,12,0,4.39,1
4,13,0,3.88,1
4,14,3,2.31,1
4,15,6,2.58,1
4,16,0,4.53,1
4,17,0,3.44,1
4,18,0,4.33,1
4,19,0,4.45,1
4,20,2,2.89,1
4,21,3,2.68,1
4,22,1,3.86,1
4,23,0,3.12,1
4,24,0,4.66,1
4,25,2,2.38,1
4,26,7,2.47,1
4,27,0,3.92,1
4,28,3,2.56,1
4,29,0,3.99,1
4,30,1,3.54,1
4,31,1,4.22,1
4,32,1,3.01,1
4,33,4,2.33,1
4,34,2,3.21,1
4,35,0,3.63,1
4,36,1,4.22,1
4,37,5,2.52,1
4,38,0,3.76,1
4,39,0,3.5,1
4,40,0,4.81,1
4,41,0,4.73,1
4,42,0,2.46,1
4,43,1,2.92,1
4,44,0,4.09,1
4,45,0,4.29,1
4,46,1,3.53,1
4,47,4,2.68,1
4,48,2,2.5,1
4,49,1,2.95,1
4,50,2,2.13,1
4,51,0,4.01,1
4,52,0,4.24,1
5,1,14,4.23,4
5,2,16,2.29,4
5,3,9,4.89,4
5,4,15,2.43,4
5,5,8,3.45,4
5,6,12,3.69,4
5,7,8,4.8,4
5,8,6,4.46,4
5,9,10,3.6,4
5,10,20,3.15,4
5,11,9,3.64,4
5,12,5,4.39,4
5,13,9,3.88,4
5,14,15,2.31,4
5,15,21,2.58,4
5,16,9,4.53,4
5,17,9,3.44,4
5,18,5,4.33,4
5,19,9,4.45,4
5,20,16,2.89,4
5,21,14,2.68,4
5,22,9,3.86,4
5,23,19,3.12,4
5,24,7,4.66,4
5,25,19,2.38,4
5,26,25,2.47,4
5,27,9,3.92,4
5,28,19,2.56,4
5,29,10,3.99,4
5,30,21,3.54,4
5,31,12,4.22,4
5,32,16,3.01,4
5,33,28,2.33,4
5,34,15,3.21,4
5,35,8,3.63,4
5,36,12,4.22,4
5,37,13,2.52,4
5,38,13,3.76,4
5,39,13,3.5,4
5,40,5,4.81,4
5,41,4,4.73,4
5,42,13,2.46,4
5,43,16,2.92,4
5,44,9,4.09,4
5,45,6,4.29,4
5,46,8,3.53,4
5,47,12,2.68,4
5,48,15,2.5,4
5,49,16,2.95,4
5,50,13,2.13,4
5,51,4,4.01,4
5,52,9,4.24,4
6,1,1,4.23,3
6,2,8,2.29,3
6,3,0,4.89,3
6,4,14,2.43,3
6,5,4,3.45,3
6,6,5,3.69,3
6,7,1,4.8,3
6,8,3,4.46,3
6,9,2,3.6,3
6,10,5,3.15,3
6,11,5,3.64,3
6,12,0,4.39,3
6,13,8,3.88,3
6,14,10,2.31,3
6,15,7,2.58,3
6,16,2,4.53,3
6,17,4,3.44,3
6,18,2,4.33,3
6,19,3,4.45,3
6,20,6,2.89,3
6,21,3,2.68,3
6,22,4,3.86,3
6,23,7,3.12,3
6,24,2,4.66,3
6,25,13,2.38,3
6,26,14,2.47,3
6,27,2,3.92,3
6,28,13,2.56,3
6,29,4,3.99,3
6,30,8,3.54,3
6,31,3,4.22,3
6,32,3,3.01,3
6,33,13,2.33,3
6,34,4,3.21,3
6,35,6,3.63,3
6,36,2,4.22,3
6,37,15,2.52,3
6,38,2,3.76,3
6,39,7,3.5,3
6,40,1,4.81,3
6,41,2,4.73,3
6,42,8,2.46,3
6,43,12,2.92,3
6,44,1,4.09,3
6,45,0,4.29,3
6,46,5,3.53,3
6,47,6,2.68,3
6,48,5,2.5,3
6,49,11,2.95,3
6,50,11,2.13,3
6,51,4,4.01,3
6,52,3,4.24,3
7,1,9,4.23,5
7,2,14,2.29,5
7,3,5,4.89,5
7,4,13,2.43,5
7,5,14,3.45,5
7,6,9,3.69,5
7,7,4,4.8,5
7,8,15,4.46,5
7,9,12,3.6,5
7,10,12,3.15,5
7,11,18,3.64,5
7,12,5,4.39,5
7,13,18,3.88,5
7,14,17,2.31,5
7,15,12,2.58,5
7,16,7,4.53,5
7,17,15,3.44,5
7,18,5,4.33,5
7,19,5,4.45,5
7,20,10,2.89,5
7,21,10,2.68,5
7,22,12,3.86,5
7,23,17,3.12,5
7,24,12,4.66,5
7,25,14,2.38,5
7,26,16,2.47,5
7,27,8,3.92,5
7,28,14,2.56,5
7,29,4,3.99,5
7,30,9,3.54,5
7,31,7,4.22,5
7,32,12,3.01,5
7,33,18,2.33,5
7,34,15,3.21,5
7,35,18,3.63,5
7,36,8,4.22,5
7,37,21,2.52,5
7,38,11,3.76,5
7,39,13,3.5,5
7,40,10,4.81,5
7,41,4,4.73,5
7,42,17,2.46,5
7,43,17,2.92,5
7,44,8,4.09,5
7,45,9,4.29,5
7,46,15,3.53,5
7,47,10,2.68,5
7,48,13,2.5,5
7,49,22,2.95,5
7,50,14,2.13,5
7,51,14,4.01,5
7,52,12,4.24,5
8,1,1,4.23,2
8,2,11,2.29,2
8,3,0,4.89,2
8,4,6,2.43,2
8,5,2,3.45,2
8,6,2,3.69,2
8,7,1,4.8,2
8,8,0,4.46,2
8,9,2,3.6,2
8,10,4,3.15,2
8,11,1,3.64,2
8,12,2,4.39,2
8,13,1,3.88,2
8,14,6,2.31,2
8,15,5,2.58,2
8,16,1,4.53,2
8,17,1,3.44,2
8,18,0,4.33,2
8,19,2,4.45,2
8,20,4,2.89,2
8,21,2,2.68,2
8,22,1,3.86,2
8,23,0,3.12,2
8,24,1,4.66,2
8,25,7,2.38,2
8,26,6,2.47,2
8,27,1,3.92,2
8,28,4,2.56,2
8,29,1,3.99,2
8,30,1,3.54,2
8,31,1,4.22,2
8,32,3,3.01,2
8,33,7,2.33,2
8,34,6,3.21,2
8,35,2,3.63,2
8,36,1,4.22,2
8,37,5,2.52,2
8,38,0,3.76,2
8,39,2,3.5,2
8,40,0,4.81,2
8,41,1,4.73,2
8,42,4,2.46,2
8,43,5,2.92,2
8,44,4,4.09,2
8,45,0,4.29,2
8,46,4,3.53,2
8,47,2,2.68,2
8,48,6,2.5,2
8,49,3,2.95,2
8,50,12,2.13,2
8,51,1,4.01,2
8,52,2,4.24,2
9,1,13,4.23,4
9,2,22,2.29,4
9,3,5,4.89,4
9,4,19,2.43,4
9,5,17,3.45,4
9,6,9,3.69,4
9,7,8,4.8,4
9,8,8,4.46,4
9,9,15,3.6,4
9,10,20,3.15,4
9,11,9,3.64,4
9,12,0,4.39,4
9,13,14,3.88,4
9,14,14,2.31,4
9,15,11,2.58,4
9,16,7,4.53,4
9,17,8,3.44,4
9,18,9,4.33,4
9,19,8,4.45,4
9,20,7,2.89,4
9,21,10,2.68,4
9,22,11,3.86,4
9,23,14,3.12,4
9,24,4,4.66,4
9,25,22,2.38,4
9,26,20,2.47,4
9,27,8,3.92,4
9,28,14,2.56,4
9,29,6,3.99,4
9,30,7,3.54,4
9,31,9,4.22,4
9,32,12,3.01,4
9,33,23,2.33,4
9,34,22,3.21,4
9,35,12,3.63,4
9,36,11,4.22,4
9,37,14,2.52,4
9,38,8,3.76,4
9,39,13,3.5,4
9,40,5,4.81,4
9,41,4,4.73,4
9,42,13,2.46,4
9,43,13,2.92,4
9,44,8,4.09,4
9,45,8,4.29,4
9,46,20,3.53,4
9,47,14,2.68,4
9,48,13,2.5,4
9,49,9,2.95,4
9,50,16,2.13,4
9,51,9,4.01,4
9,52,8,4.24,4
10,1,0,4.23,2
10,2,0,2.29,2
10,3,0,4.89,2
10,4,1,2.43,2
10,5,0,3.45,2
10,6,0,3.69,2
10,7,0,4.8,2
10,8,0,4.46,2
10,9,0,3.6,2
10,10,0,3.15,2
10,11,0,3.64,2
10,12,0,4.39,2
10,13,0,3.88,2
10,14,0,2.31,2
10,15,0,2.58,2
10,16,0,4.53,2
10,17,0,3.44,2
10,18,0,4.33,2
10,19,0,4.45,2
10,20,0,2.89,2
10,21,0,2.68,2
10,22,0,3.86,2
10,23,0,3.12,2
10,24,1,4.66,2
10,25,0,2.38,2
10,26,0,2.47,2
10,27,0,3.92,2
10,28,1,2.56,2
10,29,0,3.99,2
10,30,0,3.54,2
10,31,0,4.22,2
10,32,1,3.01,2
10,33,2,2.33,2
10,34,0,3.21,2
10,35,0,3.63,2
10,36,0,4.22,2
10,37,3,2.52,2
10,38,0,3.76,2
10,39,0,3.5,2
10,40,0,4.81,2
10,41,0,4.73,2
10,42,0,2.46,2
10,43,0,2.92,2
10,44,0,4.09,2
10,45,0,4.29,2
10,46,0,3.53,2
10,47,2,2.68,2
10,48,1,2.5,2
10,49,1,2.95,2
10,50,2,2.13,2
10,51,0,4.01,2
10,52,0,4.24,2
11,1,1,4.23,2
11,2,5,2.29,2
11,3,1,4.89,2
11,4,4,2.43,2
11,5,1,3.45,2
11,6,2,3.69,2
11,7,1,4.8,2
11,8,1,4.46,2
11,9,2,3.6,2
11,10,3,3.15,2
11,11,0,3.64,2
11,12,2,4.39,2
11,13,4,3.88,2
11,14,6,2.31,2
11,15,3,2.58,2
11,16,0,4.53,2
11,17,2,3.44,2
11,18,2,4.33,2
11,19,1,4.45,2
11,20,4,2.89,2
11,21,2,2.68,2
11,22,0,3.86,2
11,23,0,3.12,2
11,24,2,4.66,2
11,25,6,2.38,2
11,26,6,2.47,2
11,27,1,3.92,2
11,28,2,2.56,2
11,29,1,3.99,2
11,30,0,3.54,2
11,31,1,4.22,2
11,32,7,3.01,2
11,33,11,2.33,2
11,34,2,3.21,2
11,35,4,3.63,2
11,36,0,4.22,2
11,37,6,2.52,2
11,38,1,3.76,2
11,39,1,3.5,2
11,40,0,4.81,2
11,41,1,4.73,2
11,42,4,2.46,2
11,43,2,2.92,2
11,44,0,4.09,2
11,45,3,4.29,2
11,46,1,3.53,2
11,47,4,2.68,2
11,48,4,2.5,2
11,49,3,2.95,2
11,50,7,2.13,2
11,51,3,4.01,2
11,52,1,4.24,2
12,1,0,4.23,1
12,2,5,2.29,1
12,3,0,4.89,1
12,4,1,2.43,1
12,5,0,3.45,1
12,6,0,3.69,1
12,7,1,4.8,1
12,8,2,4.46,1
12,9,0,3.6,1
12,10,4,3.15,1
12,11,0,3.64,1
12,12,1,4.39,1
12,13,0,3.88,1
12,14,2,2.31,1
12,15,2,2.58,1
12,16,0,4.53,1
12,17,0,3.44,1
12,18,0,4.33,1
12,19,0,4.45,1
12,20,2,2.89,1
12,21,3,2.68,1
12,22,2,3.86,1
12,23,0,3.12,1
12,24,0,4.66,1
12,25,2,2.38,1
12,26,3,2.47,1
12,27,0,3.92,1
12,28,1,2.56,1
12,29,1,3.99,1
12,30,0,3.54,1
12,31,0,4.22,1
12,32,1,3.01,1
12,33,2,2.33,1
12,34,2,3.21,1
12,35,2,3.63,1
12,36,1,4.22,1
12,37,3,2.52,1
12,38,1,3.76,1
12,39,1,3.5,1
12,40,0,4.81,1
12,41,0,4.73,1
12,42,4,2.46,1
12,43,1,2.92,1
12,44,0,4.09,1
12,45,0,4.29,1
12,46,2,3.53,1
12,47,3,2.68,1
12,48,5,2.5,1
12,49,2,2.95,1
12,50,5,2.13,1
12,51,0,4.01,1
12,52,1,4.24,1
13,1,0,4.23,1
13,2,0,2.29,1
13,3,0,4.89,1
13,4,0,2.43,1
13,5,0,3.45,1
13,6,1,3.69,1
13,7,0,4.8,1
13,8,0,4.46,1
13,9,0,3.6,1
13,10,0,3.15,1
13,11,0,3.64,1
13,12,0,4.39,1
13,13,0,3.88,1
13,14,0,2.31,1
13,15,0,2.58,1
13,16,0,4.53,1
13,17,0,3.44,1
13,18,0,4.33,1
13,19,0,4.45,1
13,20,2,2.89,1
13,21,0,2.68,1
13,22,0,3.86,1
13,23,0,3.12,1
13,24,0,4.66,1
13,25,1,2.38,1
13,26,2,2.47,1
13,27,0,3.92,1
13,28,0,2.56,1
13,29,0,3.99,1
13,30,0,3.54,1
13,31,0,4.22,1
13,32,1,3.01,1
13,33,1,2.33,1
13,34,0,3.21,1
13,35,0,3.63,1
13,36,0,4.22,1
13,37,0,2.52,1
13,38,0,3.76,1
13,39,0,3.5,1
13,40,0,4.81,1
13,41,0,4.73,1
13,42,1,2.46,1
13,43,1,2.92,1
13,44,0,4.09,1
13,45,0,4.29,1
13,46,0,3.53,1
13,47,0,2.68,1
13,48,0,2.5,1
13,49,1,2.95,1
13,50,2,2.13,1
13,51,0,4.01,1
13,52,1,4.24,1
14,1,2,4.23,3
14,2,13,2.29,3
14,3,2,4.89,3
14,4,12,2.43,3
14,5,3,3.45,3
14,6,4,3.69,3
14,7,1,4.8,3
14,8,3,4.46,3
14,9,1,3.6,3
14,10,10,3.15,3
14,11,5,3.64,3
14,12,1,4.39,3
14,13,4,3.88,3
14,14,13,2.31,3
14,15,12,2.58,3
14,16,2,4.53,3
14,17,3,3.44,3
14,18,2,4.33,3
14,19,1,4.45,3
14,20,11,2.89,3
14,21,8,2.68,3
14,22,3,3.86,3
14,23,5,3.12,3
14,24,2,4.66,3
14,25,17,2.38,3
14,26,10,2.47,3
14,27,5,3.92,3
14,28,14,2.56,3
14,29,6,3.99,3
14,30,5,3.54,3
14,31,2,4.22,3
14,32,12,3.01,3
14,33,13,2.33,3
14,34,1,3.21,3
14,35,1,3.63,3
14,36,1,4.22,3
14,37,6,2.52,3
14,38,1,3.76,3
14,39,4,3.5,3
14,40,2,4.81,3
14,41,2,4.73,3
14,42,7,2.46,3
14,43,13,2.92,3
14,44,3,4.09,3
14,45,4,4.29,3
14,46,5,3.53,3
14,47,12,2.68,3
14,48,8,2.5,3
14,49,7,2.95,3
14,50,14,2.13,3
14,51,3,4.01,3
14,52,1,4.24,3
15,1,16,4.23,5
15,2,15,2.29,5
15,3,13,4.89,5
15,4,26,2.43,5
15,5,19,3.45,5
15,6,12,3.69,5
15,7,10,4.8,5
15,8,13,4.46,5
15,9,15,3.6,5
15,10,16,3.15,5
15,11,14,3.64,5
15,12,17,4.39,5
15,13,19,3.88,5
15,14,13,2.31,5
15,15,15,2.58,5
15,16,16,4.53,5
15,17,14,3.44,5
15,18,14,4.33,5
15,19,14,4.45,5
15,20,16,2.89,5
15,21,5,2.68,5
15,22,17,3.86,5
15,23,18,3.12,5
15,24,11,4.66,5
15,25,14,2.38,5
15,26,17,2.47,5
15,27,15,3.92,5
15,28,16,2.56,5
15,29,23,3.99,5
15,30,18,3.54,5
15,31,17,4.22,5
15,32,23,3.01,5
15,33,11,2.33,5
15,34,13,3.21,5
15,35,18,3.63,5
15,36,18,4.22,5
15,37,11,2.52,5
15,38,19,3.76,5
15,39,21,3.5,5
15,40,19,4.81,5
15,41,12,4.73,5
15,42,16,2.46,5
15,43,15,2.92,5
15,44,21,4.09,5
15,45,24,4.29,5
15,46,10,3.53,5
15,47,11,2.68,5
15,48,15,2.5,5
15,49,11,2.95,5
15,50,24,2.13,5
15,51,14,4.01,5
15,52,15,4.24,5
16,1,1,4.23,5
16,2,0,2.29,5
16,3,0,4.89,5
16,4,3,2.43,5
16,5,1,3.45,5
16,6,1,3.69,5
16,7,0,4.8,5
16,8,1,4.46,5
16,9,1,3.6,5
16,10,3,3.15,5
16,11,1,3.64,5
16,12,0,4.39,5
16,13,0,3.88,5
16,14,4,2.31,5
16,15,2,2.58,5
16,16,0,4.53,5
16,17,1,3.44,5
16,18,0,4.33,5
16,19,0,4.45,5
16,20,0,2.89,5
16,21,2,2.68,5
16,22,0,3.86,5
16,23,3,3.12,5
16,24,1,4.66,5
16,25,2,2.38,5
16,26,3,2.47,5
16,27,0,3.92,5
16,28,3,2.56,5
16,29,1,3.99,5
16,30,0,3.54,5
16,31,0,4.22,5
16,32,1,3.01,5
16,33,3,2.33,5
16,34,1,3.21,5
16,35,1,3.63,5
16,36,0,4.22,5
16,37,3,2.52,5
16,38,1,3.76,5
16,39,2,3.5,5
16,40,0,4.81,5
16,41,0,4.73,5
16,42,1,2.46,5
16,43,1,2.92,5
16,44,1,4.09,5
16,45,0,4.29,5
16,46,0,3.53,5
16,47,3,2.68,5
16,48,5,2.5,5
16,49,1,2.95,5
16,50,5,2.13,5
16,51,1,4.01,5
16,52,0,4.24,5
17,1,2,4.23,1
17,2,5,2.29,1
17,3,2,4.89,1
17,4,4,2.43,1
17,5,3,3.45,1
17,6,1,3.69,1
17,7,2,4.8,1
17,8,1,4.46,1
17,9,1,3.6,1
17,10,7,3.15,1
17,11,2,3.64,1
17,12,1,4.39,1
17,13,1,3.88,1
17,14,2,2.31,1
17,15,4,2.58,1
17,16,1,4.53,1
17,17,3,3.44,1
17,18,1,4.33,1
17,19,1,4.45,1
17,20,2,2.89,1
17,21,5,2.68,1
17,22,1,3.86,1
17,23,3,3.12,1
17,24,0,4.66,1
17,25,3,2.38,1
17,26,6,2.47,1
17,27,0,3.92,1
17,28,5,2.56,1
17,29,2,3.99,1
17,30,3,3.54,1
17,31,4,4.22,1
17,32,3,3.01,1
17,33,0,2.33,1
17,34,1,3.21,1
17,35,1,3.63,1
17,36,1,4.22,1
17,37,2,2.52,1
17,38,0,3.76,1
17,39,3,3.5,1
17,40,3,4.81,1
17,41,2,4.73,1
17,42,7,2.46,1
17,43,6,2.92,1
17,44,0,4.09,1
17,45,0,4.29,1
17,46,2,3.53,1
17,47,3,2.68,1
17,48,2,2.5,1
17,49,2,2.95,1
17,50,1,2.13,1
17,51,2,4.01,1
17,52,1,4.24,1
18,1,8,4.23,4
18,2,12,2.29,4
18,3,3,4.89,4
18,4,13,2.43,4
18,5,15,3.45,4
18,6,12,3.69,4
18,7,10,4.8,4
18,8,6,4.46,4
18,9,8,3.6,4
18,10,10,3.15,4
18,11,15,3.64,4
18,12,5,4.39,4
18,13,12,3.88,4
18,14,16,2.31,4
18,15,17,2.58,4
18,16,8,4.53,4
18,17,10,3.44,4
18,18,13,4.33,4
18,19,14,4.45,4
18,20,18,2.89,4
18,21,8,2.68,4
18,22,12,3.86,4
18,23,14,3.12,4
18,24,6,4.66,4
18,25,14,2.38,4
18,26,24,2.47,4
18,27,11,3.92,4
18,28,13,2.56,4
18,29,6,3.99,4
18,30,12,3.54,4
18,31,10,4.22,4
18,32,10,3.01,4
18,33,13,2.33,4
18,34,16,3.21,4
18,35,15,3.63,4
18,36,8,4.22,4
18,37,21,2.52,4
18,38,12,3.76,4
18,39,10,3.5,4
18,40,4,4.81,4
18,41,8,4.73,4
18,42,17,2.46,4
18,43,18,2.92,4
18,44,5,4.09,4
18,45,3,4.29,4
18,46,10,3.53,4
18,47,11,2.68,4
18,48,11,2.5,4
18,49,15,2.95,4
18,50,14,2.13,4
18,51,10,4.01,4
18,52,12,4.24,4
19,1,0,4.23,2
19,2,0,2.29,2
19,3,0,4.89,2
19,4,1,2.43,2
19,5,0,3.45,2
19,6,0,3.69,2
19,7,0,4.8,2
19,8,0,4.46,2
19,9,0,3.6,2
19,10,1,3.15,2
19,11,0,3.64,2
19,12,0,4.39,2
19,13,0,3.88,2
19,14,1,2.31,2
19,15,1,2.58,2
19,16,0,4.53,2
19,17,0,3.44,2
19,18,1,4.33,2
19,19,0,4.45,2
19,20,0,2.89,2
19,21,2,2.68,2
19,22,0,3.86,2
19,23,0,3.12,2
19,24,0,4.66,2
19,25,0,2.38,2
19,26,0,2.47,2
19,27,0,3.92,2
19,28,1,2.56,2
19,29,0,3.99,2
19,30,0,3.54,2
19,31,0,4.22,2
19,32,0,3.01,2
19,33,0,2.33,2
19,34,1,3.21,2
19,35,0,3.63,2
19,36,0,4.22,2
19,37,0,2.52,2
19,38,0,3.76,2
19,39,0,3.5,2
19,40,0,4.81,2
19,41,0,4.73,2
19,42,0,2.46,2
19,43,0,2.92,2
19,44,0,4.09,2
19,45,0,4.29,2
19,46,0,3.53,2
19,47,2,2.68,2
19,48,1,2.5,2
19,49,1,2.95,2
19,50,2,2.13,2
19,51,0,4.01,2
19,52,0,4.24,2
20,1,0,4.23,3
20,2,3,2.29,3
20,3,0,4.89,3
20,4,2,2.43,3
20,5,0,3.45,3
20,6,1,3.69,3
20,7,0,4.8,3
20,8,0,4.46,3
20,9,0,3.6,3
20,10,1,3.15,3
20,11,1,3.64,3
20,12,0,4.39,3
20,13,0,3.88,3
20,14,1,2.31,3
20,15,1,2.58,3
20,16,0,4.53,3
20,17,0,3.44,3
20,18,0,4.33,3
20,19,0,4.45,3
20,20,0,2.89,3
20,21,3,2.68,3
20,22,1,3.86,3
20,23,0,3.12,3
20,24,0,4.66,3
20,25,1,2.38,3
20,26,1,2.47,3
20,27,0,3.92,3
20,28,3,2.56,3
20,29,0,3.99,3
20,30,1,3.54,3
20,31,0,4.22,3
20,32,0,3.01,3
20,33,0,2.33,3
20,34,0,3.21,3
20,35,0,3.63,3
20,36,0,4.22,3
20,37,0,2.52,3
20,38,1,3.76,3
20,39,0,3.5,3
20,40,0,4.81,3
20,41,0,4.73,3
20,42,1,2.46,3
20,43,1,2.92,3
20,44,0,4.09,3
20,45,0,4.29,3
20,46,0,3.53,3
20,47,2,2.68,3
20,48,3,2.5,3
20,49,0,2.95,3
20,50,4,2.13,3
20,51,0,4.01,3
20,52,0,4.24,3
21,1,0,4.23,3
21,2,1,2.29,3
21,3,0,4.89,3
21,4,1,2.43,3
21,5,0,3.45,3
21,6,0,3.69,3
21,7,0,4.8,3
21,8,0,4.46,3
21,9,0,3.6,3
21,10,1,3.15,3
21,11,0,3.64,3
21,12,0,4.39,3
21,13,0,3.88,3
21,14,0,2.31,3
21,15,1,2.58,3
21,16,0,4.53,3
21,17,0,3.44,3
21,18,0,4.33,3
21,19,0,4.45,3
21,20,1,2.89,3
21,21,2,2.68,3
21,22,0,3.86,3
21,23,2,3.12,3
21,24,0,4.66,3
21,25,1,2.38,3
21,26,0,2.47,3
21,27,0,3.92,3
21,28,0,2.56,3
21,29,1,3.99,3
21,30,0,3.54,3
21,31,0,4.22,3
21,32,0,3.01,3
21,33,1,2.33,3
21,34,0,3.21,3
21,35,0,3.63,3
21,36,0,4.22,3
21,37,4,2.52,3
21,38,0,3.76,3
21,39,0,3.5,3
21,40,0,4.81,3
21,41,0,4.73,3
21,42,0,2.46,3
21,43,1,2.92,3
21,44,1,4.09,3
21,45,0,4.29,3
21,46,0,3.53,3
21,47,0,2.68,3
21,48,0,2.5,3
21,49,0,2.95,3
21,50,4,2.13,3
21,51,0,4.01,3
21,52,0,4.24,3
22,1,0,4.23,2
22,2,0,2.29,2
22,3,0,4.89,2
22,4,1,2.43,2
22,5,0,3.45,2
22,6,0,3.69,2
22,7,0,4.8,2
22,8,0,4.46,2
22,9,0,3.6,2
22,10,1,3.15,2
22,11,0,3.64,2
22,12,0,4.39,2
22,13,0,3.88,2
22,14,0,2.31,2
22,15,2,2.58,2
22,16,0,4.53,2
22,17,0,3.44,2
22,18,0,4.33,2
22,19,0,4.45,2
22,20,3,2.89,2
22,21,2,2.68,2
22,22,0,3.86,2
22,23,1,3.12,2
22,24,0,4.66,2
22,25,1,2.38,2
22,26,1,2.47,2
22,27,0,3.92,2
22,28,1,2.56,2
22,29,0,3.99,2
22,30,1,3.54,2
22,31,0,4.22,2
22,32,0,3.01,2
22,33,1,2.33,2
22,34,1,3.21,2
22,35,0,3.63,2
22,36,0,4.22,2
22,37,2,2.52,2
22,38,0,3.76,2
22,39,0,3.5,2
22,40,0,4.81,2
22,41,0,4.73,2
22,42,1,2.46,2
22,43,0,2.92,2
22,44,0,4.09,2
22,45,0,4.29,2
22,46,1,3.53,2
22,47,0,2.68,2
22,48,1,2.5,2
22,49,0,2.95,2
22,50,2,2.13,2
22,51,0,4.01,2
22,52,0,4.24,2
23,1,14,4.23,5
23,2,9,2.29,5
23,3,9,4.89,5
23,4,7,2.43,5
23,5,18,3.45,5
23,6,12,3.69,5
23,7,11,4.8,5
23,8,15,4.46,5
23,9,11,3.6,5
23,10,16,3.15,5
23,11,14,3.64,5
23,12,6,4.39,5
23,13,13,3.88,5
23,14,17,2.31,5
23,15,15,2.58,5
23,16,12,4.53,5
23,17,17,3.44,5
23,18,14,4.33,5
23,19,16,4.45,5
23,20,9,2.89,5
23,21,23,2.68,5
23,22,17,3.86,5
23,23,12,3.12,5
23,24,11,4.66,5
23,25,14,2.38,5
23,26,16,2.47,5
23,27,18,3.92,5
23,28,18,2.56,5
23,29,17,3.99,5
23,30,19,3.54,5
23,31,16,4.22,5
23,32,20,3.01,5
23,33,17,2.33,5
23,34,17,3.21,5
23,35,18,3.63,5
23,36,10,4.22,5
23,37,14,2.52,5
23,38,9,3.76,5
23,39,14,3.5,5
23,40,12,4.81,5
23,41,9,4.73,5
23,42,16,2.46,5
23,43,28,2.92,5
23,44,10,4.09,5
23,45,22,4.29,5
23,46,10,3.53,5
23,47,11,2.68,5
23,48,21,2.5,5
23,49,18,2.95,5
23,50,14,2.13,5
23,51,14,4.01,5
23,52,25,4.24,5
24,1,3,4.23,4
24,2,15,2.29,4
24,3,0,4.89,4
24,4,16,2.43,4
24,5,11,3.45,4
24,6,4,3.69,4
24,7,3,4.8,4
24,8,4,4.46,4
24,9,5,3.6,4
24,10,9,3.15,4
24,11,8,3.64,4
24,12,2,4.39,4
24,13,4,3.88,4
24,14,15,2.31,4
24,15,13,2.58,4
24,16,0,4.53,4
24,17,14,3.44,4
24,18,6,4.33,4
24,19,2,4.45,4
24,20,19,2.89,4
24,21,13,2.68,4
24,22,10,3.86,4
24,23,23,3.12,4
24,24,0,4.66,4
24,25,19,2.38,4
24,26,19,2.47,4
24,27,5,3.92,4
24,28,13,2.56,4
24,29,7,3.99,4
24,30,5,3.54,4
24,31,6,4.22,4
24,32,12,3.01,4
24,33,12,2.33,4
24,34,10,3.21,4
24,35,3,3.63,4
24,36,6,4.22,4
24,37,15,2.52,4
24,38,9,3.76,4
24,39,13,3.5,4
24,40,2,4.81,4
24,41,3,4.73,4
24,42,16,2.46,4
24,43,19,2.92,4
24,44,4,4.09,4
24,45,6,4.29,4
24,46,11,3.53,4
24,47,17,2.68,4
24,48,9,2.5,4
24,49,15,2.95,4
24,50,15,2.13,4
24,51,4,4.01,4
24,52,3,4.24,4
25,1,2,4.23,1
25,2,6,2.29,1
25,3,1,4.89,1
25,4,4,2.43,1
25,5,5,3.45,1
25,6,1,3.69,1
25,7,1,4.8,1
25,8,1,4.46,1
25,9,7,3.6,1
25,10,3,3.15,1
25,11,1,3.64,1
25,12,0,4.39,1
25,13,2,3.88,1
25,14,4,2.31,1
25,15,2,2.58,1
25,16,0,4.53,1
25,17,1,3.44,1
25,18,1,4.33,1
25,19,0,4.45,1
25,20,0,2.89,1
25,21,5,2.68,1
25,22,0,3.86,1
25,23,2,3.12,1
25,24,0,4.66,1
25,25,1,2.38,1
25,26,4,2.47,1
25,27,1,3.92,1
25,28,7,2.56,1
25,29,5,3.99,1
25,30,4,3.54,1
25,31,1,4.22,1
25,32,1,3.01,1
25,33,2,2.33,1
25,34,1,3.21,1
25,35,0,3.63,1
25,36,3,4.22,1
25,37,2,2.52,1
25,38,0,3.76,1
25,39,2,3.5,1
25,40,0,4.81,1
25,41,0,4.73,1
25,42,3,2.46,1
25,43,3,2.92,1
25,44,0,4.09,1
25,45,3,4.29,1
25,46,4,3.53,1
25,47,2,2.68,1
25,48,4,2.5,1
25,49,0,2.95,1
25,50,6,2.13,1
25,51,0,4.01,1
25,52,1,4.24,1
26,1,4,4.23,4
26,2,17,2.29,4
26,3,3,4.89,4
26,4,25,2.43,4
26,5,13,3.45,4
26,6,11,3.69,4
26,7,2,4.8,4
26,8,4,4.46,4
26,9,4,3.6,4
26,10,15,3.15,4
26,11,9,3.64,4
26,12,7,4.39,4
26,13,9,3.88,4
26,14,11,2.31,4
26,15,16,2.58,4
26,16,1,4.53,4
26,17,10,3.44,4
26,18,3,4.33,4
26,19,4,4.45,4
26,20,14,2.89,4
26,21,23,2.68,4
26,22,11,3.86,4
26,23,12,3.12,4
26,24,1,4.66,4
26,25,11,2.38,4
26,26,16,2.47,4
26,27,5,3.92,4
26,28,21,2.56,4
26,29,5,3.99,4
26,30,7,3.54,4
26,31,10,4.22,4
26,32,10,3.01,4
26,33,7,2.33,4
26,34,12,3.21,4
26,35,6,3.63,4
26,36,4,4.22,4
26,37,12,2.52,4
26,38,7,3.76,4
26,39,6,3.5,4
26,40,1,4.81,4
26,41,0,4.73,4
26,42,11,2.46,4
26,43,16,2.92,4
26,44,11,4.09,4
26,45,4,4.29,4
26,46,7,3.53,4
26,47,14,2.68,4
26,48,16,2.5,4
26,49,15,2.95,4
26,50,16,2.13,4
26,51,5,4.01,4
26,52,3,4.24,4
27,1,0,4.23,3
27,2,0,2.29,3
27,3,0,4.89,3
27,4,1,2.43,3
27,5,0,3.45,3
27,6,1,3.69,3
27,7,0,4.8,3
27,8,0,4.46,3
27,9,0,3.6,3
27,10,0,3.15,3
27,11,0,3.64,3
27,12,0,4.39,3
27,13,1,3.88,3
27,14,2,2.31,3
27,15,1,2.58,3
27,16,1,4.53,3
27,17,1,3.44,3
27,18,0,4.33,3
27,19,0,4.45,3
27,20,0,2.89,3
27,21,0,2.68,3
27,22,0,3.86,3
27,23,0,3.12,3
27,24,0,4.66,3
27,25,0,2.38,3
27,26,1,2.47,3
27,27,0,3.92,3
27,28,0,2.56,3
27,29,0,3.99,3
27,30,0,3.54,3
27,31,0,4.22,3
27,32,0,3.01,3
27,33,1,2.33,3
27,34,2,3.21,3
27,35,0,3.63,3
27,36,0,4.22,3
27,37,0,2.52,3
27,38,1,3.76,3
27,39,0,3.5,3
27,40,0,4.81,3
27,41,0,4.73,3
27,42,1,2.46,3
27,43,1,2.92,3
27,44,0,4.09,3
27,45,0,4.29,3
27,46,0,3.53,3
27,47,1,2.68,3
27,48,0,2.5,3
27,49,1,2.95,3
27,50,2,2.13,3
27,51,0,4.01,3
27,52,0,4.24,3
28,1,14,4.23,5
28,2,14,2.29,5
28,3,7,4.89,5
28,4,13,2.43,5
28,5,7,3.45,5
28,6,10,3.69,5
28,7,7,4.8,5
28,8,10,4.46,5
28,9,13,3.6,5
28,10,13,3.15,5
28,11,14,3.64,5
28,12,8,4.39,5
28,13,12,3.88,5
28,14,15,2.31,5
28,15,13,2.58,5
28,16,10,4.53,5
28,17,11,3.44,5
28,18,11,4.33,5
28,19,5,4.45,5
28,20,9,2.89,5
28,21,17,2.68,5
28,22,7,3.86,5
28,23,18,3.12,5
28,24,5,4.66,5
28,25,17,2.38,5
28,26,18,2.47,5
28,27,12,3.92,5
28,28,14,2.56,5
28,29,10,3.99,5
28,30,20,3.54,5
28,31,16,4.22,5
28,32,17,3.01,5
28,33,17,2.33,5
28,34,18,3.21,5
28,35,16,3.63,5
28,36,2,4.22,5
28,37,13,2.52,5
28,38,9,3.76,5
28,39,13,3.5,5
28,40,7,4.81,5
28,41,7,4.73,5
28,42,11,2.46,5
28,43,17,2.92,5
28,44,17,4.09,5
28,45,11,4.29,5
28,46,22,3.53,5
28,47,14,2.68,5
28,48,23,2.5,5
28,49,15,2.95,5
28,50,15,2.13,5
28,51,7,4.01,5
28,52,6,4.24,5
29,1,17,4.23,5
29,2,14,2.29,5
29,3,9,4.89,5
29,4,11,2.43,5
29,5,15,3.45,5
29,6,13,3.69,5
29,7,13,4.8,5
29,8,9,4.46,5
29,9,9,3.6,5
29,10,17,3.15,5
29,11,15,3.64,5
29,12,14,4.39,5
29,13,17,3.88,5
29,14,15,2.31,5
29,15,14,2.58,5
29,16,20,4.53,5
29,17,19,3.44,5
29,18,17,4.33,5
29,19,12,4.45,5
29,20,12,2.89,5
29,21,22,2.68,5
29,22,14,3.86,5
29,23,10,3.12,5
29,24,15,4.66,5
29,25,10,2.38,5
29,26,15,2.47,5
29,27,13,3.92,5
29,28,21,2.56,5
29,29,20,3.99,5
29,30,8,3.54,5
29,31,14,4.22,5
29,32,16,3.01,5
29,33,24,2.33,5
29,34,15,3.21,5
29,35,22,3.63,5
29,36,16,4.22,5
29,37,18,2.52,5
29,38,11,3.76,5
29,39,11,3.5,5
29,40,9,4.81,5
29,41,14,4.73,5
29,42,11,2.46,5
29,43,12,2.92,5
29,44,16,4.09,5
29,45,13,4.29,5
29,46,14,3.53,5
29,47,14,2.68,5
29,48,18,2.5,5
29,49,7,2.95,5
29,50,10,2.13,5
29,51,17,4.01,5
29,52,14,4.24,5
30,1,2,4.23,4
30,2,15,2.29,4
30,3,2,4.89,4
30,4,13,2.43,4
30,5,7,3.45,4
30,6,9,3.69,4
30,7,3,4.8,4
30,8,3,4.46,4
30,9,8,3.6,4
30,10,9,3.15,4
30,11,5,3.64,4
30,12,0,4.39,4
30,13,6,3.88,4
30,14,11,2.31,4
30,15,8,2.58,4
30,16,1,4.53,4
30,17,15,3.44,4
30,18,5,4.33,4
30,19,3,4.45,4
30,20,21,2.89,4
30,21,13,2.68,4
30,22,6,3.86,4
30,23,15,3.12,4
30,24,3,4.66,4
30,25,13,2.38,4
30,26,19,2.47,4
30,27,7,3.92,4
30,28,17,2.56,4
30,29,2,3.99,4
30,30,7,3.54,4
30,31,5,4.22,4
30,32,13,3.01,4
30,33,18,2.33,4
30,34,8,3.21,4
30,35,5,3.63,4
30,36,5,4.22,4
30,37,19,2.52,4
30,38,5,3.76,4
30,39,12,3.5,4
30,40,6,4.81,4
30,41,4,4.73,4
30,42,13,2.46,4
30,43,13,2.92,4
30,44,1,4.09,4
30,45,5,4.29,4
30,46,12,3.53,4
30,47,11,2.68,4
30,48,14,2.5,4
30,49,11,2.95,4
30,50,15,2.13,4
30,51,5,4.01,4
30,52,2,4.24,4
31,1,0,4.23,5
31,2,5,2.29,5
31,3,0,4.89,5
31,4,9,2.43,5
31,5,0,3.45,5
31,6,1,3.69,5
31,7,0,4.8,5
31,8,0,4.46,5
31,9,0,3.6,5
31,10,1,3.15,5
31,11,0,3.64,5
31,12,0,4.39,5
31,13,0,3.88,5
31,14,3,2.31,5
31,15,2,2.58,5
31,16,0,4.53,5
31,17,1,3.44,5
31,18,0,4.33,5
31,19,0,4.45,5
31,20,0,2.89,5
31,21,1,2.68,5
31,22,0,3.86,5
31,23,3,3.12,5
31,24,0,4.66,5
31,25,3,2.38,5
31,26,1,2.47,5
31,27,0,3.92,5
31,28,0,2.56,5
31,29,0,3.99,5
31,30,2,3.54,5
31,31,0,4.22,5
31,32,0,3.01,5
31,33,4,2.33,5
31,34,1,3.21,5
31,35,1,3.63,5
31,36,0,4.22,5
31,37,0,2.52,5
31,38,0,3.76,5
31,39,1,3.5,5
31,40,0,4.81,5
31,41,0,4.73,5
31,42,2,2.46,5
31,43,0,2.92,5
31,44,1,4.09,5
31,45,0,4.29,5
31,46,1,3.53,5
31,47,2,2.68,5
31,48,5,2.5,5
31,49,3,2.95,5
31,50,4,2.13,5
31,51,0,4.01,5
31,52,0,4.24,5
32,1,2,4.23,1
32,2,6,2.29,1
32,3,1,4.89,1
32,4,2,2.43,1
32,5,3,3.45,1
32,6,0,3.69,1
32,7,3,4.8,1
32,8,3,4.46,1
32,9,2,3.6,1
32,10,2,3.15,1
32,11,2,3.64,1
32,12,1,4.39,1
32,13,0,3.88,1
32,14,7,2.31,1
32,15,3,2.58,1
32,16,1,4.53,1
32,17,3,3.44,1
32,18,2,4.33,1
32,19,2,4.45,1
32,20,5,2.89,1
32,21,2,2.68,1
32,22,2,3.86,1
32,23,2,3.12,1
32,24,1,4.66,1
32,25,0,2.38,1
32,26,4,2.47,1
32,27,3,3.92,1
32,28,4,2.56,1
32,29,2,3.99,1
32,30,3,3.54,1
32,31,1,4.22,1
32,32,1,3.01,1
32,33,4,2.33,1
32,34,7,3.21,1
32,35,2,3.63,1
32,36,1,4.22,1
32,37,3,2.52,1
32,38,3,3.76,1
32,39,5,3.5,1
32,40,1,4.81,1
32,41,0,4.73,1
32,42,1,2.46,1
32,43,1,2.92,1
32,44,2,4.09,1
32,45,2,4.29,1
32,46,1,3.53,1
32,47,3,2.68,1
32,48,10,2.5,1
32,49,1,2.95,1
32,50,4,2.13,1
32,51,3,4.01,1
32,52,3,4.24,1
33,1,17,4.23,5
33,2,19,2.29,5
33,3,16,4.89,5
33,4,7,2.43,5
33,5,20,3.45,5
33,6,18,3.69,5
33,7,16,4.8,5
33,8,15,4.46,5
33,9,9,3.6,5
33,10,11,3.15,5
33,11,10,3.64,5
33,12,11,4.39,5
33,13,15,3.88,5
33,14,15,2.31,5
33,15,18,2.58,5
33,16,17,4.53,5
33,17,15,3.44,5
33,18,21,4.33,5
33,19,13,4.45,5
33,20,13,2.89,5
33,21,14,2.68,5
33,22,20,3.86,5
33,23,13,3.12,5
33,24,17,4.66,5
33,25,7,2.38,5
33,26,9,2.47,5
33,27,17,3.92,5
33,28,9,2.56,5
33,29,11,3.99,5
33,30,15,3.54,5
33,31,19,4.22,5
33,32,11,3.01,5
33,33,12,2.33,5
33,34,18,3.21,5
33,35,15,3.63,5
33,36,16,4.22,5
33,37,11,2.52,5
33,38,15,3.76,5
33,39,14,3.5,5
33,40,21,4.81,5
33,41,14,4.73,5
33,42,13,2.46,5
33,43,12,2.92,5
33,44,13,4.09,5
33,45,13,4.29,5
33,46,11,3.53,5
33,47,13,2.68,5
33,48,16,2.5,5
33,49,11,2.95,5
33,50,11,2.13,5
33,51,12,4.01,5
33,52,15,4.24,5
34,1,0,4.23,4
34,2,3,2.29,4
34,3,0,4.89,4
34,4,1,2.43,4
34,5,2,3.45,4
34,6,0,3.69,4
34,7,0,4.8,4
34,8,0,4.46,4
34,9,0,3.6,4
34,10,1,3.15,4
34,11,0,3.64,4
34,12,0,4.39,4
34,13,0,3.88,4
34,14,1,2.31,4
34,15,0,2.58,4
34,16,0,4.53,4
34,17,0,3.44,4
34,18,0,4.33,4
34,19,0,4.45,4
34,20,2,2.89,4
34,21,1,2.68,4
34,22,0,3.86,4
34,23,0,3.12,4
34,24,1,4.66,4
34,25,2,2.38,4
34,26,2,2.47,4
34,27,0,3.92,4
34,28,4,2.56,4
34,29,0,3.99,4
34,30,0,3.54,4
34,31,0,4.22,4
34,32,1,3.01,4
34,33,2,2.33,4
34,34,0,3.21,4
34,35,0,3.63,4
34,36,0,4.22,4
34,37,2,2.52,4
34,38,0,3.76,4
34,39,0,3.5,4
34,40,0,4.81,4
34,41,0,4.73,4
34,42,0,2.46,4
34,43,0,2.92,4
34,44,0,4.09,4
34,45,0,4.29,4
34,46,0,3.53,4
34,47,1,2.68,4
34,48,3,2.5,4
34,49,2,2.95,4
34,50,2,2.13,4
34,51,0,4.01,4
34,52,0,4.24,4
35,1,16,4.23,5
35,2,16,2.29,5
35,3,11,4.89,5
35,4,14,2.43,5
35,5,11,3.45,5
35,6,13,3.69,5
35,7,11,4.8,5
35,8,16,4.46,5
35,9,19,3.6,5
35,10,29,3.15,5
35,11,15,3.64,5
35,12,16,4.39,5
35,13,15,3.88,5
35,14,16,2.31,5
35,15,11,2.58,5
35,16,19,4.53,5
35,17,22,3.44,5
35,18,8,4.33,5
35,19,17,4.45,5
35,20,18,2.89,5
35,21,15,2.68,5
35,22,13,3.86,5
35,23,17,3.12,5
35,24,14,4.66,5
35,25,17,2.38,5
35,26,20,2.47,5
35,27,13,3.92,5
35,28,21,2.56,5
35,29,20,3.99,5
35,30,15,3.54,5
35,31,14,4.22,5
35,32,15,3.01,5
35,33,13,2.33,5
35,34,17,3.21,5
35,35,14,3.63,5
35,36,16,4.22,5
35,37,14,2.52,5
35,38,18,3.76,5
35,39,21,3.5,5
35,40,10,4.81,5
35,41,12,4.73,5
35,42,15,2.46,5
35,43,13,2.92,5
35,44,8,4.09,5
35,45,11,4.29,5
35,46,16,3.53,5
35,47,15,2.68,5
35,48,15,2.5,5
35,49,17,2.95,5
35,50,17,2.13,5
35,51,15,4.01,5
35,52,15,4.24,5
36,1,12,4.23,5
36,2,11,2.29,5
36,3,4,4.89,5
36,4,11,2.43,5
36,5,18,3.45,5
36,6,14,3.69,5
36,7,9,4.8,5
36,8,8,4.46,5
36,9,19,3.6,5
36,10,20,3.15,5
36,11,18,3.64,5
36,12,8,4.39,5
36,13,13,3.88,5
36,14,16,2.31,5
36,15,11,2.58,5
36,16,7,4.53,5
36,17,18,3.44,5
36,18,10,4.33,5
36,19,7,4.45,5
36,20,15,2.89,5
36,21,12,2.68,5
36,22,25,3.86,5
36,23,23,3.12,5
36,24,7,4.66,5
36,25,15,2.38,5
36,26,16,2.47,5
36,27,13,3.92,5
36,28,9,2.56,5
36,29,8,3.99,5
36,30,8,3.54,5
36,31,9,4.22,5
36,32,18,3.01,5
36,33,10,2.33,5
36,34,8,3.21,5
36,35,10,3.63,5
36,36,10,4.22,5
36,37,14,2.52,5
36,38,16,3.76,5
36,39,6,3.5,5
36,40,5,4.81,5
36,41,6,4.73,5
36,42,14,2.46,5
36,43,11,2.92,5
36,44,11,4.09,5
36,45,10,4.29,5
36,46,12,3.53,5
36,47,13,2.68,5
36,48,12,2.5,5
36,49,10,2.95,5
36,50,15,2.13,5
36,51,16,4.01,5
36,52,6,4.24,5
37,1,0,4.23,5
37,2,1,2.29,5
37,3,0,4.89,5
37,4,1,2.43,5
37,5,2,3.45,5
37,6,0,3.69,5
37,7,0,4.8,5
37,8,0,4.46,5
37,9,2,3.6,5
37,10,2,3.15,5
37,11,0,3.64,5
37,12,0,4.39,5
37,13,1,3.88,5
37,14,4,2.31,5
37,15,1,2.58,5
37,16,0,4.53,5
37,17,0,3.44,5
37,18,0,4.33,5
37,19,0,4.45,5
37,20,2,2.89,5
37,21,1,2.68,5
37,22,0,3.86,5
37,23,1,3.12,5
37,24,0,4.66,5
37,25,0,2.38,5
37,26,0,2.47,5
37,27,0,3.92,5
37,28,1,2.56,5
37,29,1,3.99,5
37,30,1,3.54,5
37,31,0,4.22,5
37,32,3,3.01,5
37,33,8,2.33,5
37,34,0,3.21,5
37,35,1,3.63,5
37,36,0,4.22,5
37,37,3,2.52,5
37,38,0,3.76,5
37,39,2,3.5,5
37,40,0,4.81,5
37,41,0,4.73,5
37,42,5,2.46,5
37,43,1,2.92,5
37,44,0,4.09,5
37,45,0,4.29,5
37,46,0,3.53,5
37,47,1,2.68,5
37,48,1,2.5,5
37,49,3,2.95,5
37,50,3,2.13,5
37,51,0,4.01,5
37,52,0,4.24,5
38,1,7,4.23,3
38,2,14,2.29,3
38,3,5,4.89,3
38,4,13,2.43,3
38,5,7,3.45,3
38,6,9,3.69,3
38,7,5,4.8,3
38,8,5,4.46,3
38,9,11,3.6,3
38,10,8,3.15,3
38,11,6,3.64,3
38,12,2,4.39,3
38,13,10,3.88,3
38,14,13,2.31,3
38,15,17,2.58,3
38,16,5,4.53,3
38,17,6,3.44,3
38,18,3,4.33,3
38,19,4,4.45,3
38,20,6,2.89,3
38,21,9,2.68,3
38,22,3,3.86,3
38,23,9,3.12,3
38,24,3,4.66,3
38,25,10,2.38,3
38,26,15,2.47,3
38,27,8,3.92,3
38,28,7,2.56,3
38,29,4,3.99,3
38,30,9,3.54,3
38,31,5,4.22,3
38,32,6,3.01,3
38,33,11,2.33,3
38,34,13,3.21,3
38,35,9,3.63,3
38,36,3,4.22,3
38,37,12,2.52,3
38,38,7,3.76,3
38,39,5,3.5,3
38,40,6,4.81,3
38,41,4,4.73,3
38,42,16,2.46,3
38,43,9,2.92,3
38,44,5,4.09,3
38,45,4,4.29,3
38,46,7,3.53,3
38,47,10,2.68,3
38,48,6,2.5,3
38,49,14,2.95,3
38,50,14,2.13,3
38,51,2,4.01,3
38,52,4,4.24,3
39,1,0,4.23,4
39,2,1,2.29,4
39,3,0,4.89,4
39,4,1,2.43,4
39,5,1,3.45,4
39,6,2,3.69,4
39,7,0,4.8,4
39,8,0,4.46,4
39,9,1,3.6,4
39,10,0,3.15,4
39,11,0,3.64,4
39,12,0,4.39,4
39,13,0,3.88,4
39,14,2,2.31,4
39,15,3,2.58,4
39,16,0,4.53,4
39,17,0,3.44,4
39,18,1,4.33,4
39,19,0,4.45,4
39,20,3,2.89,4
39,21,1,2.68,4
39,22,0,3.86,4
39,23,1,3.12,4
39,24,1,4.66,4
39,25,0,2.38,4
39,26,1,2.47,4
39,27,0,3.92,4
39,28,1,2.56,4
39,29,0,3.99,4
39,30,0,3.54,4
39,31,1,4.22,4
39,32,1,3.01,4
39,33,2,2.33,4
39,34,1,3.21,4
39,35,0,3.63,4
39,36,0,4.22,4
39,37,0,2.52,4
39,38,1,3.76,4
39,39,0,3.5,4
39,40,0,4.81,4
39,41,0,4.73,4
39,42,5,2.46,4
39,43,1,2.92,4
39,44,0,4.09,4
39,45,0,4.29,4
39,46,0,3.53,4
39,47,2,2.68,4
39,48,4,2.5,4
39,49,0,2.95,4
39,50,5,2.13,4
39,51,0,4.01,4
39,52,0,4.24,4
40,1,0,4.23,5
40,2,3,2.29,5
40,3,0,4.89,5
40,4,5,2.43,5
40,5,1,3.45,5
40,6,0,3.69,5
40,7,0,4.8,5
40,8,2,4.46,5
40,9,0,3.6,5
40,10,1,3.15,5
40,11,1,3.64,5
40,12,0,4.39,5
40,13,0,3.88,5
40,14,3,2.31,5
40,15,1,2.58,5
40,16,1,4.53,5
40,17,0,3.44,5
40,18,0,4.33,5
40,19,0,4.45,5
40,20,0,2.89,5
40,21,0,2.68,5
40,22,0,3.86,5
40,23,2,3.12,5
40,24,1,4.66,5
40,25,3,2.38,5
40,26,5,2.47,5
40,27,0,3.92,5
40,28,0,2.56,5
40,29,0,3.99,5
40,30,1,3.54,5
40,31,0,4.22,5
40,32,2,3.01,5
40,33,3,2.33,5
40,34,2,3.21,5
40,35,0,3.63,5
40,36,0,4.22,5
40,37,3,2.52,5
40,38,1,3.76,5
40,39,0,3.5,5
40,40,0,4.81,5
40,41,0,4.73,5
40,42,2,2.46,5
40,43,1,2.92,5
40,44,0,4.09,5
40,45,1,4.29,5
40,46,1,3.53,5
40,47,3,2.68,5
40,48,3,2.5,5
40,49,3,2.95,5
40,50,4,2.13,5
40,51,0,4.01,5
40,52,0,4.24,5
41,1,11,4.23,5
41,2,16,2.29,5
41,3,4,4.89,5
41,4,17,2.43,5
41,5,28,3.45,5
41,6,16,3.69,5
41,7,7,4.8,5
41,8,8,4.46,5
41,9,10,3.6,5
41,10,12,3.15,5
41,11,22,3.64,5
41,12,9,4.39,5
41,13,11,3.88,5
41,14,19,2.31,5
41,15,16,2.58,5
41,16,8,4.53,5
41,17,13,3.44,5
41,18,10,4.33,5
41,19,5,4.45,5
41,20,13,2.89,5
41,21,8,2.68,5
41,22,12,3.86,5
41,23,14,3.12,5
41,24,1,4.66,5
41,25,14,2.38,5
41,26,10,2.47,5
41,27,11,3.92,5
41,28,15,2.56,5
41,29,11,3.99,5
41,30,16,3.54,5
41,31,13,4.22,5
41,32,13,3.01,5
41,33,15,2.33,5
41,34,7,3.21,5
41,35,13,3.63,5
41,36,10,4.22,5
41,37,13,2.52,5
41,38,14,3.76,5
41,39,15,3.5,5
41,40,5,4.81,5
41,41,6,4.73,5
41,42,13,2.46,5
41,43,17,2.92,5
41,44,9,4.09,5
41,45,8,4.29,5
41,46,16,3.53,5
41,47,16,2.68,5
41,48,20,2.5,5
41,49,20,2.95,5
41,50,11,2.13,5
41,51,10,4.01,5
41,52,8,4.24,5
42,1,8,4.23,4
42,2,17,2.29,4
42,3,5,4.89,4
42,4,17,2.43,4
42,5,8,3.45,4
42,6,15,3.69,4
42,7,11,4.8,4
42,8,7,4.46,4
42,9,16,3.6,4
42,10,20,3.15,4
42,11,14,3.64,4
42,12,12,4.39,4
42,13,8,3.88,4
42,14,19,2.31,4
42,15,17,2.58,4
42,16,8,4.53,4
42,17,11,3.44,4
42,18,10,4.33,4
42,19,4,4.45,4
42,20,14,2.89,4
42,21,14,2.68,4
42,22,4,3.86,4
42,23,11,3.12,4
42,24,10,4.66,4
42,25,14,2.38,4
42,26,11,2.47,4
42,27,5,3.92,4
42,28,14,2.56,4
42,29,14,3.99,4
42,30,8,3.54,4
42,31,9,4.22,4
42,32,17,3.01,4
42,33,19,2.33,4
42,34,13,3.21,4
42,35,16,3.63,4
42,36,12,4.22,4
42,37,17,2.52,4
42,38,13,3.76,4
42,39,12,3.5,4
42,40,4,4.81,4
42,41,10,4.73,4
42,42,24,2.46,4
42,43,10,2.92,4
42,44,4,4.09,4
42,45,11,4.29,4
42,46,9,3.53,4
42,47,16,2.68,4
42,48,16,2.5,4
42,49,17,2.95,4
42,50,8,2.13,4
42,51,11,4.01,4
42,52,10,4.24,4
43,1,6,4.23,4
43,2,20,2.29,4
43,3,2,4.89,4
43,4,21,2.43,4
43,5,11,3.45,4
43,6,9,3.69,4
43,7,5,4.8,4
43,8,4,4.46,4
43,9,14,3.6,4
43,10,18,3.15,4
43,11,10,3.64,4
43,12,7,4.39,4
43,13,7,3.88,4
43,14,14,2.31,4
43,15,6,2.58,4
43,16,8,4.53,4
43,17,7,3.44,4
43,18,11,4.33,4
43,19,8,4.45,4
43,20,19,2.89,4
43,21,21,2.68,4
43,22,11,3.86,4
43,23,17,3.12,4
43,24,6,4.66,4
43,25,11,2.38,4
43,26,10,2.47,4
43,27,15,3.92,4
43,28,21,2.56,4
43,29,5,3.99,4
43,30,16,3.54,4
43,31,8,4.22,4
43,32,10,3.01,4
43,33,12,2.33,4
43,34,17,3.21,4
43,35,15,3.63,4
43,36,7,4.22,4
43,37,17,2.52,4
43,38,6,3.76,4
43,39,8,3.5,4
43,40,10,4.81,4
43,41,6,4.73,4
43,42,10,2.46,4
43,43,13,2.92,4
43,44,14,4.09,4
43,45,10,4.29,4
43,46,18,3.53,4
43,47,12,2.68,4
43,48,12,2.5,4
43,49,15,2.95,4
43,50,25,2.13,4
43,51,14,4.01,4
43,52,7,4.24,4
44,1,0,4.23,3
44,2,1,2.29,3
44,3,0,4.89,3
44,4,1,2.43,3
44,5,0,3.45,3
44,6,1,3.69,3
44,7,0,4.8,3
44,8,0,4.46,3
44,9,0,3.6,3
44,10,1,3.15,3
44,11,0,3.64,3
44,12,0,4.39,3
44,13,1,3.88,3
44,14,3,2.31,3
44,15,0,2.58,3
44,16,0,4.53,3
44,17,1,3.44,3
44,18,0,4.33,3
44,19,0,4.45,3
44,20,1,2.89,3
44,21,0,2.68,3
44,22,0,3.86,3
44,23,1,3.12,3
44,24,0,4.66,3
44,25,0,2.38,3
44,26,1,2.47,3
44,27,0,3.92,3
44,28,1,2.56,3
44,29,0,3.99,3
44,30,0,3.54,3
44,31,0,4.22,3
44,32,0,3.01,3
44,33,1,2.33,3
44,34,0,3.21,3
44,35,0,3.63,3
44,36,0,4.22,3
44,37,1,2.52,3
44,38,0,3.76,3
44,39,0,3.5,3
44,40,0,4.81,3
44,41,0,4.73,3
44,42,4,2.46,3
44,43,1,2.92,3
44,44,0,4.09,3
44,45,0,4.29,3
44,46,0,3.53,3
44,47,1,2.68,3
44,48,3,2.5,3
44,49,3,2.95,3
44,50,3,2.13,3
44,51,0,4.01,3
44,52,0,4.24,3
45,1,3,4.23,3
45,2,14,2.29,3
45,3,4,4.89,3
45,4,10,2.43,3
45,5,5,3.45,3
45,6,7,3.69,3
45,7,1,4.8,3
45,8,4,4.46,3
45,9,7,3.6,3
45,10,6,3.15,3
45,11,3,3.64,3
45,12,4,4.39,3
45,13,3,3.88,3
45,14,12,2.31,3
45,15,7,2.58,3
45,16,6,4.53,3
45,17,8,3.44,3
45,18,3,4.33,3
45,19,0,4.45,3
45,20,7,2.89,3
45,21,8,2.68,3
45,22,5,3.86,3
45,23,8,3.12,3
45,24,5,4.66,3
45,25,14,2.38,3
45,26,16,2.47,3
45,27,7,3.92,3
45,28,9,2.56,3
45,29,10,3.99,3
45,30,3,3.54,3
45,31,3,4.22,3
45,32,8,3.01,3
45,33,10,2.33,3
45,34,6,3.21,3
45,35,3,3.63,3
45,36,1,4.22,3
45,37,8,2.52,3
45,38,3,3.76,3
45,39,3,3.5,3
45,40,8,4.81,3
45,41,4,4.73,3
45,42,9,2.46,3
45,43,7,2.92,3
45,44,6,4.09,3
45,45,4,4.29,3
45,46,9,3.53,3
45,47,7,2.68,3
45,48,6,2.5,3
45,49,10,2.95,3
45,50,20,2.13,3
45,51,6,4.01,3
45,52,6,4.24,3
46,1,0,4.23,4
46,2,3,2.29,4
46,3,1,4.89,4
46,4,1,2.43,4
46,5,1,3.45,4
46,6,0,3.69,4
46,7,0,4.8,4
46,8,0,4.46,4
46,9,1,3.6,4
46,10,3,3.15,4
46,11,0,3.64,4
46,12,0,4.39,4
46,13,3,3.88,4
46,14,3,2.31,4
46,15,4,2.58,4
46,16,0,4.53,4
46,17,0,3.44,4
46,18,0,4.33,4
46,19,0,4.45,4
46,20,1,2.89,4
46,21,3,2.68,4
46,22,0,3.86,4
46,23,1,3.12,4
46,24,0,4.66,4
46,25,2,2.38,4
46,26,4,2.47,4
46,27,0,3.92,4
46,28,1,2.56,4
46,29,0,3.99,4
46,30,0,3.54,4
46,31,0,4.22,4
46,32,0,3.01,4
46,33,3,2.33,4
46,34,0,3.21,4
46,35,0,3.63,4
46,36,0,4.22,4
46,37,2,2.52,4
46,38,0,3.76,4
46,39,0,3.5,4
46,40,0,4.81,4
46,41,0,4.73,4
46,42,3,2.46,4
46,43,1,2.92,4
46,44,0,4.09,4
46,45,0,4.29,4
46,46,0,3.53,4
46,47,2,2.68,4
46,48,2,2.5,4
46,49,0,2.95,4
46,50,4,2.13,4
46,51,0,4.01,4
46,52,0,4.24,4
47,1,2,4.23,1
47,2,5,2.29,1
47,3,0,4.89,1
47,4,5,2.43,1
47,5,1,3.45,1
47,6,3,3.69,1
47,7,1,4.8,1
47,8,1,4.46,1
47,9,3,3.6,1
47,10,4,3.15,1
47,11,1,3.64,1
47,12,1,4.39,1
47,13,2,3.88,1
47,14,4,2.31,1
47,15,5,2.58,1
47,16,2,4.53,1
47,17,3,3.44,1
47,18,1,4.33,1
47,19,1,4.45,1
47,20,4,2.89,1
47,21,4,2.68,1
47,22,4,3.86,1
47,23,0,3.12,1
47,24,1,4.66,1
47,25,3,2.38,1
47,26,3,2.47,1
47,27,3,3.92,1
47,28,5,2.56,1
47,29,3,3.99,1
47,30,1,3.54,1
47,31,1,4.22,1
47,32,2,3.01,1
47,33,5,2.33,1
47,34,2,3.21,1
47,35,3,3.63,1
47,36,2,4.22,1
47,37,1,2.52,1
47,38,2,3.76,1
47,39,1,3.5,1
47,40,1,4.81,1
47,41,1,4.73,1
47,42,1,2.46,1
47,43,1,2.92,1
47,44,1,4.09,1
47,45,2,4.29,1
47,46,3,3.53,1
47,47,4,2.68,1
47,48,4,2.5,1
47,49,5,2.95,1
47,50,4,2.13,1
47,51,1,4.01,1
47,52,1,4.24,1
48,1,7,4.23,4
48,2,16,2.29,4
48,3,4,4.89,4
48,4,21,2.43,4
48,5,9,3.45,4
48,6,9,3.69,4
48,7,2,4.8,4
48,8,5,4.46,4
48,9,6,3.6,4
48,10,13,3.15,4
48,11,9,3.64,4
48,12,2,4.39,4
48,13,8,3.88,4
48,14,17,2.31,4
48,15,11,2.58,4
48,16,3,4.53,4
48,17,15,3.44,4
48,18,4,4.33,4
48,19,3,4.45,4
48,20,20,2.89,4
48,21,12,2.68,4
48,22,4,3.86,4
48,23,12,3.12,4
48,24,3,4.66,4
48,25,13,2.38,4
48,26,11,2.47,4
48,27,8,3.92,4
48,28,17,2.56,4
48,29,3,3.99,4
48,30,15,3.54,4
48,31,2,4.22,4
48,32,18,3.01,4
48,33,15,2.33,4
48,34,8,3.21,4
48,35,9,3.63,4
48,36,5,4.22,4
48,37,20,2.52,4
48,38,6,3.76,4
48,39,9,3.5,4
48,40,3,4.81,4
48,41,1,4.73,4
48,42,12,2.46,4
48,43,12,2.92,4
48,44,7,4.09,4
48,45,1,4.29,4
48,46,12,3.53,4
48,47,24,2.68,4
48,48,13,2.5,4
48,49,21,2.95,4
48,50,17,2.13,4
48,51,1,4.01,4
48,52,6,4.24,4
49,1,0,4.23,2
49,2,2,2.29,2
49,3,0,4.89,2
49,4,0,2.43,2
49,5,0,3.45,2
49,6,0,3.69,2
49,7,0,4.8,2
49,8,0,4.46,2
49,9,0,3.6,2
49,10,0,3.15,2
49,11,0,3.64,2
49,12,0,4.39,2
49,13,0,3.88,2
49,14,1,2.31,2
49,15,1,2.58,2
49,16,0,4.53,2
49,17,0,3.44,2
49,18,0,4.33,2
49,19,1,4.45,2
49,20,0,2.89,2
49,21,1,2.68,2
49,22,0,3.86,2
49,23,0,3.12,2
49,24,0,4.66,2
49,25,1,2.38,2
49,26,0,2.47,2
49,27,0,3.92,2
49,28,2,2.56,2
49,29,0,3.99,2
49,30,2,3.54,2
49,31,0,4.22,2
49,32,0,3.01,2
49,33,1,2.33,2
49,34,0,3.21,2
49,35,0,3.63,2
49,36,0,4.22,2
49,37,1,2.52,2
49,38,0,3.76,2
49,39,0,3.5,2
49,40,0,4.81,2
49,41,0,4.73,2
49,42,2,2.46,2
49,43,1,2.92,2
49,44,0,4.09,2
49,45,0,4.29,2
49,46,0,3.53,2
49,47,0,2.68,2
49,48,1,2.5,2
49,49,1,2.95,2
49,50,1,2.13,2
49,51,0,4.01,2
49,52,1,4.24,2
50,1,1,4.23,2
50,2,10,2.29,2
50,3,1,4.89,2
50,4,5,2.43,2
50,5,1,3.45,2
50,6,1,3.69,2
50,7,1,4.8,2
50,8,0,4.46,2
50,9,1,3.6,2
50,10,1,3.15,2
50,11,0,3.64,2
50,12,1,4.39,2
50,13,1,3.88,2
50,14,7,2.31,2
50,15,8,2.58,2
50,16,1,4.53,2
50,17,1,3.44,2
50,18,0,4.33,2
50,19,0,4.45,2
50,20,2,2.89,2
50,21,4,2.68,2
50,22,1,3.86,2
50,23,4,3.12,2
50,24,0,4.66,2
50,25,5,2.38,2
50,26,2,2.47,2
50,27,2,3.92,2
50,28,4,2.56,2
50,29,2,3.99,2
50,30,4,3.54,2
50,31,0,4.22,2
50,32,0,3.01,2
50,33,4,2.33,2
50,34,2,3.21,2
50,35,5,3.63,2
50,36,1,4.22,2
50,37,5,2.52,2
50,38,1,3.76,2
50,39,2,3.5,2
50,40,0,4.81,2
50,41,1,4.73,2
50,42,5,2.46,2
50,43,4,2.92,2
50,44,2,4.09,2
50,45,2,4.29,2
50,46,6,3.53,2
50,47,7,2.68,2
50,48,7,2.5,2
50,49,5,2.95,2
50,50,10,2.13,2
50,51,3,4.01,2
50,52,1,4.24,2
51,1,0,4.23,4
51,2,1,2.29,4
51,3,0,4.89,4
51,4,3,2.43,4
51,5,1,3.45,4
51,6,0,3.69,4
51,7,0,4.8,4
51,8,0,4.46,4
51,9,1,3.6,4
51,10,3,3.15,4
51,11,1,3.64,4
51,12,0,4.39,4
51,13,0,3.88,4
51,14,1,2.31,4
51,15,4,2.58,4
51,16,0,4.53,4
51,17,0,3.44,4
51,18,0,4.33,4
51,19,0,4.45,4
51,20,0,2.89,4
51,21,1,2.68,4
51,22,0,3.86,4
51,23,1,3.12,4
51,24,0,4.66,4
51,25,1,2.38,4
51,26,5,2.47,4
51,27,0,3.92,4
51,28,1,2.56,4
51,29,0,3.99,4
51,30,1,3.54,4
51,31,0,4.22,4
51,32,0,3.01,4
51,33,3,2.33,4
51,34,2,3.21,4
51,35,0,3.63,4
51,36,0,4.22,4
51,37,1,2.52,4
51,38,0,3.76,4
51,39,1,3.5,4
51,40,0,4.81,4
51,41,0,4.73,4
51,42,2,2.46,4
51,43,1,2.92,4
51,44,0,4.09,4
51,45,0,4.29,4
51,46,2,3.53,4
51,47,1,2.68,4
51,48,2,2.5,4
51,49,1,2.95,4
51,50,1,2.13,4
51,51,0,4.01,4
51,52,0,4.24,4
52,1,0,4.23,1
52,2,1,2.29,1
52,3,0,4.89,1
52,4,0,2.43,1
52,5,0,3.45,1
52,6,0,3.69,1
52,7,0,4.8,1
52,8,0,4.46,1
52,9,0,3.6,1
52,10,0,3.15,1
52,11,0,3.64,1
52,12,0,4.39,1
52,13,1,3.88,1
52,14,0,2.31,1
52,15,1,2.58,1
52,16,0,4.53,1
52,17,0,3.44,1
52,18,0,4.33,1
52,19,0,4.45,1
52,20,1,2.89,1
52,21,0,2.68,1
52,22,0,3.86,1
52,23,0,3.12,1
52,24,0,4.66,1
52,25,0,2.38,1
52,26,1,2.47,1
52,27,0,3.92,1
52,28,0,2.56,1
52,29,0,3.99,1
52,30,0,3.54,1
52,31,0,4.22,1
52,32,0,3.01,1
52,33,1,2.33,1
52,34,1,3.21,1
52,35,0,3.63,1
52,36,0,4.22,1
52,37,1,2.52,1
52,38,0,3.76,1
52,39,0,3.5,1
52,40,0,4.81,1
52,41,0,4.73,1
52,42,1,2.46,1
52,43,1,2.92,1
52,44,0,4.09,1
52,45,0,4.29,1
52,46,0,3.53,1
52,47,1,2.68,1
52,48,0,2.5,1
52,49,0,2.95,1
52,50,1,2.13,1
52,51,0,4.01,1
52,52,0,4.24,1
53,1,2,4.23,1
53,2,3,2.29,1
53,3,1,4.89,1
53,4,2,2.43,1
53,5,2,3.45,1
53,6,1,3.69,1
53,7,1,4.8,1
53,8,3,4.46,1
53,9,3,3.6,1
53,10,2,3.15,1
53,11,0,3.64,1
53,12,2,4.39,1
53,13,1,3.88,1
53,14,3,2.31,1
53,15,4,2.58,1
53,16,1,4.53,1
53,17,3,3.44,1
53,18,1,4.33,1
53,19,2,4.45,1
53,20,1,2.89,1
53,21,3,2.68,1
53,22,1,3.86,1
53,23,1,3.12,1
53,24,1,4.66,1
53,25,1,2.38,1
53,26,1,2.47,1
53,27,2,3.92,1
53,28,5,2.56,1
53,29,3,3.99,1
53,30,2,3.54,1
53,31,3,4.22,1
53,32,3,3.01,1
53,33,1,2.33,1
53,34,3,3.21,1
53,35,1,3.63,1
53,36,3,4.22,1
53,37,1,2.52,1
53,38,0,3.76,1
53,39,1,3.5,1
53,40,0,4.81,1
53,41,1,4.73,1
53,42,4,2.46,1
53,43,4,2.92,1
53,44,0,4.09,1
53,45,1,4.29,1
53,46,3,3.53,1
53,47,2,2.68,1
53,48,4,2.5,1
53,49,3,2.95,1
53,50,3,2.13,1
53,51,0,4.01,1
53,52,1,4.24,1
54,1,0,4.23,2
54,2,1,2.29,2
54,3,0,4.89,2
54,4,2,2.43,2
54,5,0,3.45,2
54,6,0,3.69,2
54,7,0,4.8,2
54,8,0,4.46,2
54,9,0,3.6,2
54,10,0,3.15,2
54,11,0,3.64,2
54,12,0,4.39,2
54,13,0,3.88,2
54,14,1,2.31,2
54,15,1,2.58,2
54,16,0,4.53,2
54,17,0,3.44,2
54,18,0,4.33,2
54,19,0,4.45,2
54,20,3,2.89,2
54,21,0,2.68,2
54,22,0,3.86,2
54,23,0,3.12,2
54,24,0,4.66,2
54,25,1,2.38,2
54,26,0,2.47,2
54,27,0,3.92,2
54,28,2,2.56,2
54,29,0,3.99,2
54,30,1,3.54,2
54,31,0,4.22,2
54,32,0,3.01,2
54,33,3,2.33,2
54,34,2,3.21,2
54,35,0,3.63,2
54,36,0,4.22,2
54,37,2,2.52,2
54,38,2,3.76,2
54,39,0,3.5,2
54,40,0,4.81,2
54,41,0,4.73,2
54,42,0,2.46,2
54,43,1,2.92,2
54,44,0,4.09,2
54,45,0,4.29,2
54,46,0,3.53,2
54,47,1,2.68,2
54,48,0,2.5,2
54,49,0,2.95,2
54,50,1,2.13,2
54,51,0,4.01,2
54,52,1,4.24,2
55,1,1,4.23,4
55,2,18,2.29,4
55,3,1,4.89,4
55,4,14,2.43,4
55,5,11,3.45,4
55,6,6,3.69,4
55,7,2,4.8,4
55,8,5,4.46,4
55,9,11,3.6,4
55,10,6,3.15,4
55,11,7,3.64,4
55,12,8,4.39,4
55,13,5,3.88,4
55,14,5,2.31,4
55,15,7,2.58,4
55,16,4,4.53,4
55,17,10,3.44,4
55,18,4,4.33,4
55,19,5,4.45,4
55,20,17,2.89,4
55,21,12,2.68,4
55,22,6,3.86,4
55,23,14,3.12,4
55,24,2,4.66,4
55,25,24,2.38,4
55,26,14,2.47,4
55,27,5,3.92,4
55,28,18,2.56,4
55,29,5,3.99,4
55,30,13,3.54,4
55,31,0,4.22,4
55,32,11,3.01,4
55,33,17,2.33,4
55,34,14,3.21,4
55,35,3,3.63,4
55,36,6,4.22,4
55,37,12,2.52,4
55,38,4,3.76,4
55,39,13,3.5,4
55,40,5,4.81,4
55,41,5,4.73,4
55,42,14,2.46,4
55,43,11,2.92,4
55,44,7,4.09,4
55,45,3,4.29,4
55,46,7,3.53,4
55,47,16,2.68,4
55,48,13,2.5,4
55,49,19,2.95,4
55,50,14,2.13,4
55,51,12,4.01,4
55,52,5,4.24,4
56,1,0,4.23,5
56,2,6,2.29,5
56,3,0,4.89,5
56,4,3,2.43,5
56,5,1,3.45,5
56,6,2,3.69,5
56,7,1,4.8,5
56,8,0,4.46,5
56,9,0,3.6,5
56,10,0,3.15,5
56,11,2,3.64,5
56,12,1,4.39,5
56,13,0,3.88,5
56,14,1,2.31,5
56,15,2,2.58,5
56,16,0,4.53,5
56,17,2,3.44,5
56,18,0,4.33,5
56,19,0,4.45,5
56,20,0,2.89,5
56,21,2,2.68,5
56,22,0,3.86,5
56,23,2,3.12,5
56,24,0,4.66,5
56,25,4,2.38,5
56,26,3,2.47,5
56,27,0,3.92,5
56,28,1,2.56,5
56,29,0,3.99,5
56,30,0,3.54,5
56,31,1,4.22,5
56,32,1,3.01,5
56,33,4,2.33,5
56,34,1,3.21,5
56,35,0,3.63,5
56,36,0,4.22,5
56,37,0,2.52,5
56,38,1,3.76,5
56,39,1,3.5,5
56,40,1,4.81,5
56,41,0,4.73,5
56,42,4,2.46,5
56,43,1,2.92,5
56,44,0,4.09,5
56,45,0,4.29,5
56,46,0,3.53,5
56,47,3,2.68,5
56,48,2,2.5,5
56,49,3,2.95,5
56,50,10,2.13,5
56,51,0,4.01,5
56,52,0,4.24,5
57,1,0,4.23,3
57,2,0,2.29,3
57,3,0,4.89,3
57,4,0,2.43,3
57,5,0,3.45,3
57,6,0,3.69,3
57,7,0,4.8,3
57,8,0,4.46,3
57,9,0,3.6,3
57,10,0,3.15,3
57,11,0,3.64,3
57,12,0,4.39,3
57,13,0,3.88,3
57,14,0,2.31,3
57,15,2,2.58,3
57,16,0,4.53,3
57,17,0,3.44,3
57,18,0,4.33,3
57,19,0,4.45,3
57,20,1,2.89,3
57,21,1,2.68,3
57,22,0,3.86,3
57,23,0,3.12,3
57,24,0,4.66,3
57,25,2,2.38,3
57,26,0,2.47,3
57,27,0,3.92,3
57,28,0,2.56,3
57,29,0,3.99,3
57,30,0,3.54,3
57,31,0,4.22,3
57,32,1,3.01,3
57,33,1,2.33,3
57,34,0,3.21,3
57,35,1,3.63,3
57,36,0,4.22,3
57,37,1,2.52,3
57,38,0,3.76,3
57,39,0,3.5,3
57,40,0,4.81,3
57,41,0,4.73,3
57,42,1,2.46,3
57,43,1,2.92,3
57,44,0,4.09,3
57,45,0,4.29,3
57,46,0,3.53,3
57,47,0,2.68,3
57,48,1,2.5,3
57,49,0,2.95,3
57,50,2,2.13,3
57,51,0,4.01,3
57,52,1,4.24,3
58,1,3,4.23,1
58,2,5,2.29,1
58,3,0,4.89,1
58,4,2,2.43,1
58,5,3,3.45,1
58,6,1,3.69,1
58,7,0,4.8,1
58,8,2,4.46,1
58,9,3,3.6,1
58,10,3,3.15,1
58,11,2,3.64,1
58,12,0,4.39,1
58,13,1,3.88,1
58,14,4,2.31,1
58,15,2,2.58,1
58,16,2,4.53,1
58,17,2,3.44,1
58,18,2,4.33,1
58,19,1,4.45,1
58,20,3,2.89,1
58,21,5,2.68,1
58,22,1,3.86,1
58,23,5,3.12,1
58,24,0,4.66,1
58,25,2,2.38,1
58,26,1,2.47,1
58,27,1,3.92,1
58,28,2,2.56,1
58,29,1,3.99,1
58,30,1,3.54,1
58,31,1,4.22,1
58,32,1,3.01,1
58,33,4,2.33,1
58,34,3,3.21,1
58,35,0,3.63,1
58,36,1,4.22,1
58,37,1,2.52,1
58,38,0,3.76,1
58,39,4,3.5,1
58,40,1,4.81,1
58,41,0,4.73,1
58,42,4,2.46,1
58,43,1,2.92,1
58,44,3,4.09,1
58,45,2,4.29,1
58,46,1,3.53,1
58,47,3,2.68,1
58,48,1,2.5,1
58,49,1,2.95,1
58,50,3,2.13,1
58,51,0,4.01,1
58,52,2,4.24,1
59,1,0,4.23,3
59,2,3,2.29,3
59,3,0,4.89,3
59,4,0,2.43,3
59,5,0,3.45,3
59,6,1,3.69,3
59,7,0,4.8,3
59,8,0,4.46,3
59,9,0,3.6,3
59,10,1,3.15,3
59,11,1,3.64,3
59,12,0,4.39,3
59,13,0,3.88,3
59,14,2,2.31,3
59,15,1,2.58,3
59,16,1,4.53,3
59,17,0,3.44,3
59,18,1,4.33,3
59,19,0,4.45,3
59,20,1,2.89,3
59,21,1,2.68,3
59,22,0,3.86,3
59,23,0,3.12,3
59,24,1,4.66,3
59,25,2,2.38,3
59,26,2,2.47,3
59,27,0,3.92,3
59,28,0,2.56,3
59,29,0,3.99,3
59,30,0,3.54,3
59,31,0,4.22,3
59,32,0,3.01,3
59,33,1,2.33,3
59,34,0,3.21,3
59,35,0,3.63,3
59,36,0,4.22,3
59,37,1,2.52,3
59,38,0,3.76,3
59,39,1,3.5,3
59,40,0,4.81,3
59,41,0,4.73,3
59,42,1,2.46,3
59,43,0,2.92,3
59,44,0,4.09,3
59,45,0,4.29,3
59,46,1,3.53,3
59,47,0,2.68,3
59,48,1,2.5,3
59,49,0,2.95,3
59,50,1,2.13,3
59,51,0,4.01,3
59,52,0,4.24,3
60,1,2,4.23,3
60,2,17,2.29,3
60,3,0,4.89,3
60,4,6,2.43,3
60,5,8,3.45,3
60,6,2,3.69,3
60,7,1,4.8,3
60,8,4,4.46,3
60,9,2,3.6,3
60,10,4,3.15,3
60,11,6,3.64,3
60,12,1,4.39,3
60,13,6,3.88,3
60,14,17,2.31,3
60,15,14,2.58,3
60,16,0,4.53,3
60,17,7,3.44,3
60,18,4,4.33,3
60,19,1,4.45,3
60,20,8,2.89,3
60,21,10,2.68,3
60,22,3,3.86,3
60,23,4,3.12,3
60,24,0,4.66,3
60,25,12,2.38,3
60,26,14,2.47,3
60,27,3,3.92,3
60,28,10,2.56,3
60,29,2,3.99,3
60,30,2,3.54,3
60,31,3,4.22,3
60,32,7,3.01,3
60,33,13,2.33,3
60,34,7,3.21,3
60,35,3,3.63,3
60,36,3,4.22,3
60,37,11,2.52,3
60,38,3,3.76,3
60,39,7,3.5,3
60,40,2,4.81,3
60,41,2,4.73,3
60,42,5,2.46,3
60,43,14,2.92,3
60,44,4,4.09,3
60,45,2,4.29,3
60,46,4,3.53,3
60,47,15,2.68,3
60,48,11,2.5,3
60,49,9,2.95,3
60,50,16,2.13,3
60,51,1,4.01,3
60,52,1,4.24,3
61,1,0,4.23,2
61,2,3,2.29,2
61,3,0,4.89,2
61,4,1,2.43,2
61,5,0,3.45,2
61,6,0,3.69,2
61,7,0,4.8,2
61,8,0,4.46,2
61,9,0,3.6,2
61,10,0,3.15,2
61,11,0,3.64,2
61,12,0,4.39,2
61,13,0,3.88,2
61,14,0,2.31,2
61,15,2,2.58,2
61,16,0,4.53,2
61,17,1,3.44,2
61,18,0,4.33,2
61,19,0,4.45,2
61,20,1,2.89,2
61,21,1,2.68,2
61,22,0,3.86,2
61,23,0,3.12,2
61,24,0,4.66,2
61,25,0,2.38,2
61,26,0,2.47,2
61,27,0,3.92,2
61,28,2,2.56,2
61,29,0,3.99,2
61,30,0,3.54,2
61,31,0,4.22,2
61,32,0,3.01,2
61,33,1,2.33,2
61,34,0,3.21,2
61,35,0,3.63,2
61,36,0,4.22,2
61,37,1,2.52,2
61,38,0,3.76,2
61,39,0,3.5,2
61,40,0,4.81,2
61,41,0,4.73,2
61,42,0,2.46,2
61,43,2,2.92,2
61,44,0,4.09,2
61,45,0,4.29,2
61,46,0,3.53,2
61,47,1,2.68,2
61,48,1,2.5,2
61,49,0,2.95,2
61,50,1,2.13,2
61,51,0,4.01,2
61,52,0,4.24,2
62,1,4,4.23,4
62,2,16,2.29,4
62,3,8,4.89,4
62,4,16,2.43,4
62,5,16,3.45,4
62,6,8,3.69,4
62,7,6,4.8,4
62,8,4,4.46,4
62,9,8,3.6,4
62,10,14,3.15,4
62,11,17,3.64,4
62,12,6,4.39,4
62,13,11,3.88,4
62,14,12,2.31,4
62,15,20,2.58,4
62,16,6,4.53,4
62,17,5,3.44,4
62,18,7,4.33,4
62,19,6,4.45,4
62,20,22,2.89,4
62,21,13,2.68,4
62,22,13,3.86,4
62,23,24,3.12,4
62,24,5,4.66,4
62,25,19,2.38,4
62,26,14,2.47,4
62,27,11,3.92,4
62,28,24,2.56,4
62,29,7,3.99,4
62,30,10,3.54,4
62,31,12,4.22,4
62,32,13,3.01,4
62,33,15,2.33,4
62,34,19,3.21,4
62,35,13,3.63,4
62,36,8,4.22,4
62,37,18,2.52,4
62,38,13,3.76,4
62,39,9,3.5,4
62,40,7,4.81,4
62,41,10,4.73,4
62,42,12,2.46,4
62,43,15,2.92,4
62,44,8,4.09,4
62,45,8,4.29,4
62,46,18,3.53,4
62,47,17,2.68,4
62,48,17,2.5,4
62,49,10,2.95,4
62,50,10,2.13,4
62,51,11,4.01,4
62,52,7,4.24,4
63,1,0,4.23,1
63,2,2,2.29,1
63,3,0,4.89,1
63,4,0,2.43,1
63,5,0,3.45,1
63,6,0,3.69,1
63,7,0,4.8,1
63,8,0,4.46,1
63,9,0,3.6,1
63,10,0,3.15,1
63,11,0,3.64,1
63,12,0,4.39,1
63,13,0,3.88,1
63,14,2,2.31,1
63,15,0,2.58,1
63,16,0,4.53,1
63,17,0,3.44,1
63,18,0,4.33,1
63,19,0,4.45,1
63,20,0,2.89,1
63,21,0,2.68,1
63,22,0,3.86,1
63,23,1,3.12,1
63,24,0,4.66,1
63,25,1,2.38,1
63,26,2,2.47,1
63,27,0,3.92,1
63,28,0,2.56,1
63,29,0,3.99,1
63,30,0,3.54,1
63,31,0,4.22,1
63,32,0,3.01,1
63,33,0,2.33,1
63,34,0,3.21,1
63,35,0,3.63,1
63,36,0,4.22,1
63,37,0,2.52,1
63,38,1,3.76,1
63,39,1,3.5,1
63,40,0,4.81,1
63,41,0,4.73,1
63,42,1,2.46,1
63,43,0,2.92,1
63,44,0,4.09,1
63,45,0,4.29,1
63,46,0,3.53,1
63,47,1,2.68,1
63,48,0,2.5,1
63,49,0,2.95,1
63,50,0,2.13,1
63,51,0,4.01,1
63,52,0,4.24,1
64,1,7,4.23,3
64,2,12,2.29,3
64,3,1,4.89,3
64,4,9,2.43,3
64,5,13,3.45,3
64,6,11,3.69,3
64,7,0,4.8,3
64,8,1,4.46,3
64,9,12,3.6,3
64,10,12,3.15,3
64,11,5,3.64,3
64,12,4,4.39,3
64,13,6,3.88,3
64,14,4,2.31,3
64,15,10,2.58,3
64,16,2,4.53,3
64,17,7,3.44,3
64,18,3,4.33,3
64,19,4,4.45,3
64,20,4,2.89,3
64,21,16,2.68,3
64,22,7,3.86,3
64,23,10,3.12,3
64,24,6,4.66,3
64,25,9,2.38,3
64,26,8,2.47,3
64,27,2,3.92,3
64,28,15,2.56,3
64,29,8,3.99,3
64,30,4,3.54,3
64,31,3,4.22,3
64,32,8,3.01,3
64,33,12,2.33,3
64,34,9,3.21,3
64,35,6,3.63,3
64,36,7,4.22,3
64,37,16,2.52,3
64,38,5,3.76,3
64,39,10,3.5,3
64,40,8,4.81,3
64,41,6,4.73,3
64,42,14,2.46,3
64,43,6,2.92,3
64,44,2,4.09,3
64,45,4,4.29,3
64,46,3,3.53,3
64,47,9,2.68,3
64,48,12,2.5,3
64,49,5,2.95,3
64,50,15,2.13,3
64,51,5,4.01,3
64,52,6,4.24,3
65,1,13,4.23,5
65,2,19,2.29,5
65,3,5,4.89,5
65,4,22,2.43,5
65,5,20,3.45,5
65,6,13,3.69,5
65,7,6,4.8,5
65,8,12,4.46,5
65,9,16,3.6,5
65,10,15,3.15,5
65,11,20,3.64,5
65,12,7,4.39,5
65,13,9,3.88,5
65,14,10,2.31,5
65,15,15,2.58,5
65,16,5,4.53,5
65,17,18,3.44,5
65,18,5,4.33,5
65,19,4,4.45,5
65,20,15,2.89,5
65,21,9,2.68,5
65,22,9,3.86,5
65,23,13,3.12,5
65,24,3,4.66,5
65,25,20,2.38,5
65,26,16,2.47,5
65,27,7,3.92,5
65,28,12,2.56,5
65,29,9,3.99,5
65,30,13,3.54,5
65,31,13,4.22,5
65,32,8,3.01,5
65,33,16,2.33,5
65,34,15,3.21,5
65,35,15,3.63,5
65,36,10,4.22,5
65,37,14,2.52,5
65,38,15,3.76,5
65,39,18,3.5,5
65,40,4,4.81,5
65,41,5,4.73,5
65,42,13,2.46,5
65,43,14,2.92,5
65,44,11,4.09,5
65,45,4,4.29,5
65,46,12,3.53,5
65,47,18,2.68,5
65,48,20,2.5,5
65,49,6,2.95,5
65,50,17,2.13,5
65,51,13,4.01,5
65,52,4,4.24,5
66,1,11,4.23,5
66,2,18,2.29,5
66,3,10,4.89,5
66,4,11,2.43,5
66,5,16,3.45,5
66,6,14,3.69,5
66,7,10,4.8,5
66,8,10,4.46,5
66,9,16,3.6,5
66,10,7,3.15,5
66,11,15,3.64,5
66,12,10,4.39,5
66,13,22,3.88,5
66,14,14,2.31,5
66,15,17,2.58,5
66,16,8,4.53,5
66,17,16,3.44,5
66,18,15,4.33,5
66,19,18,4.45,5
66,20,18,2.89,5
66,21,19,2.68,5
66,22,10,3.86,5
66,23,19,3.12,5
66,24,12,4.66,5
66,25,14,2.38,5
66,26,12,2.47,5
66,27,23,3.92,5
66,28,17,2.56,5
66,29,11,3.99,5
66,30,13,3.54,5
66,31,14,4.22,5
66,32,17,3.01,5
66,33,15,2.33,5
66,34,18,3.21,5
66,35,8,3.63,5
66,36,14,4.22,5
66,37,15,2.52,5
66,38,14,3.76,5
66,39,13,3.5,5
66,40,15,4.81,5
66,41,17,4.73,5
66,42,13,2.46,5
66,43,14,2.92,5
66,44,12,4.09,5
66,45,17,4.29,5
66,46,16,3.53,5
66,47,16,2.68,5
66,48,15,2.5,5
66,49,10,2.95,5
66,50,12,2.13,5
66,51,15,4.01,5
66,52,11,4.24,5
67,1,7,4.23,5
67,2,16,2.29,5
67,3,4,4.89,5
67,4,10,2.43,5
67,5,22,3.45,5
67,6,16,3.69,5
67,7,11,4.8,5
67,8,14,4.46,5
67,9,19,3.6,5
67,10,16,3.15,5
67,11,13,3.64,5
67,12,8,4.39,5
67,13,21,3.88,5
67,14,15,2.31,5
67,15,18,2.58,5
67,16,7,4.53,5
67,17,12,3.44,5
67,18,9,4.33,5
67,19,3,4.45,5
67,20,11,2.89,5
67,21,6,2.68,5
67,22,11,3.86,5
67,23,9,3.12,5
67,24,7,4.66,5
67,25,12,2.38,5
67,26,15,2.47,5
67,27,18,3.92,5
67,28,17,2.56,5
67,29,10,3.99,5
67,30,14,3.54,5
67,31,9,4.22,5
67,32,16,3.01,5
67,33,9,2.33,5
67,34,14,3.21,5
67,35,18,3.63,5
67,36,11,4.22,5
67,37,7,2.52,5
67,38,13,3.76,5
67,39,10,3.5,5
67,40,1,4.81,5
67,41,5,4.73,5
67,42,16,2.46,5
67,43,10,2.92,5
67,44,6,4.09,5
67,45,6,4.29,5
67,46,15,3.53,5
67,47,12,2.68,5
67,48,10,2.5,5
67,49,9,2.95,5
67,50,14,2.13,5
67,51,14,4.01,5
67,52,12,4.24,5
68,1,1,4.23,2
68,2,4,2.29,2
68,3,0,4.89,2
68,4,4,2.43,2
68,5,0,3.45,2
68,6,1,3.69,2
68,7,1,4.8,2
68,8,0,4.46,2
68,9,0,3.6,2
68,10,2,3.15,2
68,11,2,3.64,2
68,12,0,4.39,2
68,13,2,3.88,2
68,14,7,2.31,2
68,15,4,2.58,2
68,16,0,4.53,2
68,17,1,3.44,2
68,18,0,4.33,2
68,19,2,4.45,2
68,20,0,2.89,2
68,21,7,2.68,2
68,22,0,3.86,2
68,23,7,3.12,2
68,24,1,4.66,2
68,25,11,2.38,2
68,26,6,2.47,2
68,27,2,3.92,2
68,28,8,2.56,2
68,29,2,3.99,2
68,30,1,3.54,2
68,31,1,4.22,2
68,32,3,3.01,2
68,33,8,2.33,2
68,34,3,3.21,2
68,35,3,3.63,2
68,36,1,4.22,2
68,37,3,2.52,2
68,38,2,3.76,2
68,39,2,3.5,2
68,40,0,4.81,2
68,41,1,4.73,2
68,42,3,2.46,2
68,43,3,2.92,2
68,44,2,4.09,2
68,45,0,4.29,2
68,46,2,3.53,2
68,47,3,2.68,2
68,48,5,2.5,2
68,49,2,2.95,2
68,50,4,2.13,2
68,51,0,4.01,2
68,52,1,4.24,2
69,1,19,4.23,5
69,2,26,2.29,5
69,3,10,4.89,5
69,4,19,2.43,5
69,5,16,3.45,5
69,6,16,3.69,5
69,7,6,4.8,5
69,8,12,4.46,5
69,9,12,3.6,5
69,10,12,3.15,5
69,11,10,3.64,5
69,12,14,4.39,5
69,13,12,3.88,5
69,14,12,2.31,5
69,15,13,2.58,5
69,16,11,4.53,5
69,17,14,3.44,5
69,18,16,4.33,5
69,19,18,4.45,5
69,20,15,2.89,5
69,21,25,2.68,5
69,22,19,3.86,5
69,23,19,3.12,5
69,24,16,4.66,5
69,25,13,2.38,5
69,26,16,2.47,5
69,27,15,3.92,5
69,28,13,2.56,5
69,29,11,3.99,5
69,30,18,3.54,5
69,31,15,4.22,5
69,32,21,3.01,5
69,33,12,2.33,5
69,34,19,3.21,5
69,35,13,3.63,5
69,36,20,4.22,5
69,37,17,2.52,5
69,38,15,3.76,5
69,39,15,3.5,5
69,40,11,4.81,5
69,41,13,4.73,5
69,42,19,2.46,5
69,43,6,2.92,5
69,44,13,4.09,5
69,45,13,4.29,5
69,46,11,3.53,5
69,47,14,2.68,5
69,48,15,2.5,5
69,49,22,2.95,5
69,50,13,2.13,5
69,51,10,4.01,5
69,52,15,4.24,5
70,1,10,4.23,5
70,2,16,2.29,5
70,3,7,4.89,5
70,4,13,2.43,5
70,5,13,3.45,5
70,6,20,3.69,5
70,7,1,4.8,5
70,8,10,4.46,5
70,9,15,3.6,5
70,10,21,3.15,5
70,11,12,3.64,5
70,12,5,4.39,5
70,13,15,3.88,5
70,14,17,2.31,5
70,15,16,2.58,5
70,16,9,4.53,5
70,17,13,3.44,5
70,18,8,4.33,5
70,19,6,4.45,5
70,20,20,2.89,5
70,21,11,2.68,5
70,22,12,3.86,5
70,23,20,3.12,5
70,24,6,4.66,5
70,25,9,2.38,5
70,26,18,2.47,5
70,27,8,3.92,5
70,28,16,2.56,5
70,29,11,3.99,5
70,30,11,3.54,5
70,31,7,4.22,5
70,32,13,3.01,5
70,33,15,2.33,5
70,34,17,3.21,5
70,35,13,3.63,5
70,36,9,4.22,5
70,37,12,2.52,5
70,38,14,3.76,5
70,39,13,3.5,5
70,40,4,4.81,5
70,41,4,4.73,5
70,42,8,2.46,5
70,43,14,2.92,5
70,44,6,4.09,5
70,45,9,4.29,5
70,46,15,3.53,5
70,47,13,2.68,5
70,48,16,2.5,5
70,49,19,2.95,5
70,50,11,2.13,5
70,51,14,4.01,5
70,52,7,4.24,5
71,1,1,4.23,1
71,2,2,2.29,1
71,3,0,4.89,1
71,4,5,2.43,1
71,5,0,3.45,1
71,6,0,3.69,1
71,7,0,4.8,1
71,8,2,4.46,1
71,9,2,3.6,1
71,10,1,3.15,1
71,11,0,3.64,1
71,12,0,4.39,1
71,13,2,3.88,1
71,14,1,2.31,1
71,15,4,2.58,1
71,16,0,4.53,1
71,17,1,3.44,1
71,18,0,4.33,1
71,19,1,4.45,1
71,20,6,2.89,1
71,21,3,2.68,1
71,22,0,3.86,1
71,23,0,3.12,1
71,24,0,4.66,1
71,25,3,2.38,1
71,26,3,2.47,1
71,27,1,3.92,1
71,28,1,2.56,1
71,29,1,3.99,1
71,30,3,3.54,1
71,31,0,4.22,1
71,32,5,3.01,1
71,33,1,2.33,1
71,34,1,3.21,1
71,35,1,3.63,1
71,36,0,4.22,1
71,37,1,2.52,1
71,38,0,3.76,1
71,39,1,3.5,1
71,40,0,4.81,1
71,41,1,4.73,1
71,42,4,2.46,1
71,43,3,2.92,1
71,44,0,4.09,1
71,45,0,4.29,1
71,46,0,3.53,1
71,47,3,2.68,1
71,48,2,2.5,1
71,49,2,2.95,1
71,50,8,2.13,1
71,51,0,4.01,1
71,52,1,4.24,1
72,1,16,4.23,5
72,2,11,2.29,5
72,3,11,4.89,5
72,4,14,2.43,5
72,5,13,3.45,5
72,6,12,3.69,5
72,7,7,4.8,5
72,8,13,4.46,5
72,9,13,3.6,5
72,10,22,3.15,5
72,11,8,3.64,5
72,12,13,4.39,5
72,13,18,3.88,5
72,14,13,2.31,5
72,15,15,2.58,5
72,16,9,4.53,5
72,17,12,3.44,5
72,18,16,4.33,5
72,19,12,4.45,5
72,20,11,2.89,5
72,21,17,2.68,5
72,22,13,3.86,5
72,23,9,3.12,5
72,24,8,4.66,5
72,25,17,2.38,5
72,26,14,2.47,5
72,27,17,3.92,5
72,28,13,2.56,5
72,29,14,3.99,5
72,30,14,3.54,5
72,31,15,4.22,5
72,32,18,3.01,5
72,33,16,2.33,5
72,34,18,3.21,5
72,35,14,3.63,5
72,36,14,4.22,5
72,37,14,2.52,5
72,38,9,3.76,5
72,39,7,3.5,5
72,40,10,4.81,5
72,41,16,4.73,5
72,42,12,2.46,5
72,43,13,2.92,5
72,44,15,4.09,5
72,45,14,4.29,5
72,46,13,3.53,5
72,47,22,2.68,5
72,48,13,2.5,5
72,49,18,2.95,5
72,50,24,2.13,5
72,51,18,4.01,5
72,52,13,4.24,5
73,1,2,4.23,1
73,2,6,2.29,1
73,3,1,4.89,1
73,4,3,2.43,1
73,5,2,3.45,1
73,6,2,3.69,1
73,7,0,4.8,1
73,8,1,4.46,1
73,9,0,3.6,1
73,10,2,3.15,1
73,11,1,3.64,1
73,12,1,4.39,1
73,13,2,3.88,1
73,14,4,2.31,1
73,15,1,2.58,1
73,16,1,4.53,1
73,17,1,3.44,1
73,18,1,4.33,1
73,19,3,4.45,1
73,20,3,2.89,1
73,21,4,2.68,1
73,22,1,3.86,1
73,23,1,3.12,1
73,24,1,4.66,1
73,25,4,2.38,1
73,26,1,2.47,1
73,27,2,3.92,1
73,28,5,2.56,1
73,29,2,3.99,1
73,30,2,3.54,1
73,31,3,4.22,1
73,32,1,3.01,1
73,33,4,2.33,1
73,34,2,3.21,1
73,35,0,3.63,1
73,36,2,4.22,1
73,37,2,2.52,1
73,38,4,3.76,1
73,39,3,3.5,1
73,40,2,4.81,1
73,41,1,4.73,1
73,42,2,2.46,1
73,43,2,2.92,1
73,44,2,4.09,1
73,45,1,4.29,1
73,46,3,3.53,1
73,47,4,2.68,1
73,48,5,2.5,1
73,49,6,2.95,1
73,50,2,2.13,1
73,51,2,4.01,1
73,52,2,4.24,1
74,1,0,4.23,2
74,2,1,2.29,2
74,3,0,4.89,2
74,4,0,2.43,2
74,5,0,3.45,2
74,6,0,3.69,2
74,7,0,4.8,2
74,8,0,4.46,2
74,9,0,3.6,2
74,10,2,3.15,2
74,11,0,3.64,2
74,12,0,4.39,2
74,13,0,3.88,2
74,14,1,2.31,2
74,15,0,2.58,2
74,16,0,4.53,2
74,17,0,3.44,2
74,18,0,4.33,2
74,19,0,4.45,2
74,20,0,2.89,2
74,21,0,2.68,2
74,22,0,3.86,2
74,23,0,3.12,2
74,24,0,4.66,2
74,25,1,2.38,2
74,26,0,2.47,2
74,27,0,3.92,2
74,28,0,2.56,2
74,29,0,3.99,2
74,30,0,3.54,2
74,31,0,4.22,2
74,32,1,3.01,2
74,33,4,2.33,2
74,34,1,3.21,2
74,35,0,3.63,2
74,36,0,4.22,2
74,37,1,2.52,2
74,38,0,3.76,2
74,39,0,3.5,2
74,40,0,4.81,2
74,41,0,4.73,2
74,42,1,2.46,2
74,43,0,2.92,2
74,44,0,4.09,2
74,45,0,4.29,2
74,46,0,3.53,2
74,47,2,2.68,2
74,48,2,2.5,2
74,49,0,2.95,2
74,50,1,2.13,2
74,51,0,4.01,2
74,52,0,4.24,2
75,1,0,4.23,1
75,2,2,2.29,1
75,3,2,4.89,1
75,4,8,2.43,1
75,5,0,3.45,1
75,6,0,3.69,1
75,7,0,4.8,1
75,8,1,4.46,1
75,9,0,3.6,1
75,10,0,3.15,1
75,11,3,3.64,1
75,12,0,4.39,1
75,13,1,3.88,1
75,14,4,2.31,1
75,15,0,2.58,1
75,16,1,4.53,1
75,17,1,3.44,1
75,18,0,4.33,1
75,19,0,4.45,1
75,20,1,2.89,1
75,21,4,2.68,1
75,22,0,3.86,1
75,23,2,3.12,1
75,24,1,4.66,1
75,25,1,2.38,1
75,26,2,2.47,1
75,27,1,3.92,1
75,28,1,2.56,1
75,29,0,3.99,1
75,30,1,3.54,1
75,31,1,4.22,1
75,32,2,3.01,1
75,33,4,2.33,1
75,34,4,3.21,1
75,35,3,3.63,1
75,36,3,4.22,1
75,37,2,2.52,1
75,38,3,3.76,1
75,39,0,3.5,1
75,40,0,4.81,1
75,41,0,4.73,1
75,42,2,2.46,1
75,43,3,2.92,1
75,44,1,4.09,1
75,45,0,4.29,1
75,46,0,3.53,1
75,47,3,2.68,1
75,48,3,2.5,1
75,49,2,2.95,1
75,50,5,2.13,1
75,51,1,4.01,1
75,52,1,4.24,1
76,1,1,4.23,1
76,2,3,2.29,1
76,3,0,4.89,1
76,4,2,2.43,1
76,5,2,3.45,1
76,6,2,3.69,1
76,7,1,4.8,1
76,8,1,4.46,1
76,9,5,3.6,1
76,10,3,3.15,1
76,11,0,3.64,1
76,12,0,4.39,1
76,13,1,3.88,1
76,14,1,2.31,1
76,15,2,2.58,1
76,16,0,4.53,1
76,17,1,3.44,1
76,18,3,4.33,1
76,19,0,4.45,1
76,20,1,2.89,1
76,21,0,2.68,1
76,22,1,3.86,1
76,23,0,3.12,1
76,24,1,4.66,1
76,25,4,2.38,1
76,26,5,2.47,1
76,27,0,3.92,1
76,28,5,2.56,1
76,29,0,3.99,1
76,30,0,3.54,1
76,31,1,4.22,1
76,32,1,3.01,1
76,33,4,2.33,1
76,34,1,3.21,1
76,35,1,3.63,1
76,36,0,4.22,1
76,37,4,2.52,1
76,38,0,3.76,1
76,39,1,3.5,1
76,40,0,4.81,1
76,41,0,4.73,1
76,42,3,2.46,1
76,43,2,2.92,1
76,44,0,4.09,1
76,45,0,4.29,1
76,46,2,3.53,1
76,47,2,2.68,1
76,48,3,2.5,1
76,49,1,2.95,1
76,50,3,2.13,1
76,51,1,4.01,1
76,52,0,4.24,1
77,1,0,4.23,2
77,2,1,2.29,2
77,3,0,4.89,2
77,4,1,2.43,2
77,5,0,3.45,2
77,6,0,3.69,2
77,7,0,4.8,2
77,8,0,4.46,2
77,9,0,3.6,2
77,10,0,3.15,2
77,11,0,3.64,2
77,12,0,4.39,2
77,13,0,3.88,2
77,14,1,2.31,2
77,15,0,2.58,2
77,16,0,4.53,2
77,17,0,3.44,2
77,18,0,4.33,2
77,19,0,4.45,2
77,20,0,2.89,2
77,21,0,2.68,2
77,22,0,3.86,2
77,23,0,3.12,2
77,24,0,4.66,2
77,25,1,2.38,2
77,26,0,2.47,2
77,27,0,3.92,2
77,28,2,2.56,2
77,29,0,3.99,2
77,30,0,3.54,2
77,31,0,4.22,2
77,32,0,3.01,2
77,33,2,2.33,2
77,34,0,3.21,2
77,35,0,3.63,2
77,36,0,4.22,2
77,37,2,2.52,2
77,38,0,3.76,2
77,39,0,3.5,2
77,40,0,4.81,2
77,41,0,4.73,2
77,42,0,2.46,2
77,43,1,2.92,2
77,44,0,4.09,2
77,45,0,4.29,2
77,46,0,3.53,2
77,47,1,2.68,2
77,48,0,2.5,2
77,49,0,2.95,2
77,50,1,2.13,2
77,51,0,4.01,2
77,52,0,4.24,2
78,1,6,4.23,4
78,2,12,2.29,4
78,3,2,4.89,4
78,4,17,2.43,4
78,5,12,3.45,4
78,6,11,3.69,4
78,7,3,4.8,4
78,8,6,4.46,4
78,9,12,3.6,4
78,10,14,3.15,4
78,11,11,3.64,4
78,12,4,4.39,4
78,13,10,3.88,4
78,14,17,2.31,4
78,15,9,2.58,4
78,16,3,4.53,4
78,17,7,3.44,4
78,18,3,4.33,4
78,19,6,4.45,4
78,20,14,2.89,4
78,21,20,2.68,4
78,22,6,3.86,4
78,23,18,3.12,4
78,24,3,4.66,4
78,25,15,2.38,4
78,26,13,2.47,4
78,27,11,3.92,4
78,28,16,2.56,4
78,29,5,3.99,4
78,30,8,3.54,4
78,31,5,4.22,4
78,32,14,3.01,4
78,33,20,2.33,4
78,34,16,3.21,4
78,35,9,3.63,4
78,36,3,4.22,4
78,37,18,2.52,4
78,38,8,3.76,4
78,39,2,3.5,4
78,40,4,4.81,4
78,41,3,4.73,4
78,42,12,2.46,4
78,43,13,2.92,4
78,44,1,4.09,4
78,45,3,4.29,4
78,46,9,3.53,4
78,47,21,2.68,4
78,48,20,2.5,4
78,49,15,2.95,4
78,50,11,2.13,4
78,51,5,4.01,4
78,52,11,4.24,4
79,1,0,4.23,5
79,2,6,2.29,5
79,3,0,4.89,5
79,4,4,2.43,5
79,5,1,3.45,5
79,6,0,3.69,5
79,7,0,4.8,5
79,8,0,4.46,5
79,9,0,3.6,5
79,10,1,3.15,5
79,11,0,3.64,5
79,12,0,4.39,5
79,13,0,3.88,5
79,14,2,2.31,5
79,15,1,2.58,5
79,16,1,4.53,5
79,17,1,3.44,5
79,18,0,4.33,5
79,19,1,4.45,5
79,20,1,2.89,5
79,21,1,2.68,5
79,22,2,3.86,5
79,23,0,3.12,5
79,24,1,4.66,5
79,25,2,2.38,5
79,26,0,2.47,5
79,27,0,3.92,5
79,28,0,2.56,5
79,29,0,3.99,5
79,30,1,3.54,5
79,31,0,4.22,5
79,32,0,3.01,5
79,33,4,2.33,5
79,34,0,3.21,5
79,35,0,3.63,5
79,36,0,4.22,5
79,37,1,2.52,5
79,38,0,3.76,5
79,39,2,3.5,5
79,40,0,4.81,5
79,41,0,4.73,5
79,42,4,2.46,5
79,43,3,2.92,5
79,44,0,4.09,5
79,45,0,4.29,5
79,46,2,3.53,5
79,47,1,2.68,5
79,48,4,2.5,5
79,49,2,2.95,5
79,50,4,2.13,5
79,51,1,4.01,5
79,52,0,4.24,5
80,1,0,4.23,2
80,2,1,2.29,2
80,3,0,4.89,2
80,4,1,2.43,2
80,5,0,3.45,2
80,6,0,3.69,2
80,7,0,4.8,2
80,8,0,4.46,2
80,9,1,3.6,2
80,10,0,3.15,2
80,11,0,3.64,2
80,12,0,4.39,2
80,13,0,3.88,2
80,14,3,2.31,2
80,15,0,2.58,2
80,16,0,4.53,2
80,17,0,3.44,2
80,18,0,4.33,2
80,19,0,4.45,2
80,20,0,2.89,2
80,21,0,2.68,2
80,22,0,3.86,2
80,23,0,3.12,2
80,24,0,4.66,2
80,25,1,2.38,2
80,26,0,2.47,2
80,27,0,3.92,2
80,28,1,2.56,2
80,29,0,3.99,2
80,30,1,3.54,2
80,31,0,4.22,2
80,32,0,3.01,2
80,33,1,2.33,2
80,34,0,3.21,2
80,35,0,3.63,2
80,36,0,4.22,2
80,37,0,2.52,2
80,38,0,3.76,2
80,39,0,3.5,2
80,40,0,4.81,2
80,41,0,4.73,2
80,42,1,2.46,2
80,43,0,2.92,2
80,44,0,4.09,2
80,45,0,4.29,2
80,46,0,3.53,2
80,47,1,2.68,2
80,48,0,2.5,2
80,49,0,2.95,2
80,50,7,2.13,2
80,51,0,4.01,2
80,52,0,4.24,2
81,1,0,4.23,2
81,2,4,2.29,2
81,3,0,4.89,2
81,4,4,2.43,2
81,5,1,3.45,2
81,6,0,3.69,2
81,7,0,4.8,2
81,8,2,4.46,2
81,9,1,3.6,2
81,10,1,3.15,2
81,11,1,3.64,2
81,12,0,4.39,2
81,13,3,3.88,2
81,14,8,2.31,2
81,15,5,2.58,2
81,16,0,4.53,2
81,17,2,3.44,2
81,18,0,4.33,2
81,19,1,4.45,2
81,20,4,2.89,2
81,21,4,2.68,2
81,22,1,3.86,2
81,23,7,3.12,2
81,24,1,4.66,2
81,25,7,2.38,2
81,26,7,2.47,2
81,27,2,3.92,2
81,28,5,2.56,2
81,29,1,3.99,2
81,30,3,3.54,2
81,31,1,4.22,2
81,32,8,3.01,2
81,33,9,2.33,2
81,34,2,3.21,2
81,35,2,3.63,2
81,36,2,4.22,2
81,37,6,2.52,2
81,38,2,3.76,2
81,39,0,3.5,2
81,40,0,4.81,2
81,41,1,4.73,2
81,42,2,2.46,2
81,43,4,2.92,2
81,44,0,4.09,2
81,45,1,4.29,2
81,46,5,3.53,2
81,47,6,2.68,2
81,48,7,2.5,2
81,49,3,2.95,2
81,50,3,2.13,2
81,51,1,4.01,2
81,52,1,4.24,2
82,1,1,4.23,2
82,2,10,2.29,2
82,3,4,4.89,2
82,4,3,2.43,2
82,5,3,3.45,2
82,6,1,3.69,2
82,7,0,4.8,2
82,8,2,4.46,2
82,9,3,3.6,2
82,10,5,3.15,2
82,11,2,3.64,2
82,12,7,4.39,2
82,13,4,3.88,2
82,14,9,2.31,2
82,15,5,2.58,2
82,16,1,4.53,2
82,17,3,3.44,2
82,18,1,4.33,2
82,19,1,4.45,2
82,20,6,2.89,2
82,21,6,2.68,2
82,22,3,3.86,2
82,23,3,3.12,2
82,24,1,4.66,2
82,25,8,2.38,2
82,26,6,2.47,2
82,27,2,3.92,2
82,28,11,2.56,2
82,29,1,3.99,2
82,30,2,3.54,2
82,31,2,4.22,2
82,32,1,3.01,2
82,33,6,2.33,2
82,34,4,3.21,2
82,35,0,3.63,2
82,36,4,4.22,2
82,37,3,2.52,2
82,38,5,3.76,2
82,39,5,3.5,2
82,40,0,4.81,2
82,41,0,4.73,2
82,42,8,2.46,2
82,43,5,2.92,2
82,44,3,4.09,2
82,45,2,4.29,2
82,46,4,3.53,2
82,47,9,2.68,2
82,48,6,2.5,2
82,49,5,2.95,2
82,50,9,2.13,2
82,51,6,4.01,2
82,52,0,4.24,2
83,1,7,4.23,4
83,2,15,2.29,4
83,3,9,4.89,4
83,4,11,2.43,4
83,5,11,3.45,4
83,6,10,3.69,4
83,7,5,4.8,4
83,8,8,4.46,4
83,9,11,3.6,4
83,10,14,3.15,4
83,11,7,3.64,4
83,12,9,4.39,4
83,13,16,3.88,4
83,14,17,2.31,4
83,15,13,2.58,4
83,16,8,4.53,4
83,17,9,3.44,4
83,18,7,4.33,4
83,19,12,4.45,4
83,20,23,2.89,4
83,21,11,2.68,4
83,22,12,3.86,4
83,23,9,3.12,4
83,24,6,4.66,4
83,25,12,2.38,4
83,26,24,2.47,4
83,27,4,3.92,4
83,28,16,2.56,4
83,29,11,3.99,4
83,30,16,3.54,4
83,31,7,4.22,4
83,32,18,3.01,4
83,33,15,2.33,4
83,34,11,3.21,4
83,35,13,3.63,4
83,36,11,4.22,4
83,37,23,2.52,4
83,38,11,3.76,4
83,39,11,3.5,4
83,40,10,4.81,4
83,41,4,4.73,4
83,42,16,2.46,4
83,43,14,2.92,4
83,44,8,4.09,4
83,45,11,4.29,4
83,46,8,3.53,4
83,47,10,2.68,4
83,48,15,2.5,4
83,49,13,2.95,4
83,50,12,2.13,4
83,51,5,4.01,4
83,52,4,4.24,4
84,1,0,4.23,5
84,2,6,2.29,5
84,3,0,4.89,5
84,4,5,2.43,5
84,5,2,3.45,5
84,6,0,3.69,5
84,7,0,4.8,5
84,8,0,4.46,5
84,9,0,3.6,5
84,10,0,3.15,5
84,11,0,3.64,5
84,12,0,4.39,5
84,13,0,3.88,5
84,14,2,2.31,5
84,15,2,2.58,5
84,16,0,4.53,5
84,17,0,3.44,5
84,18,0,4.33,5
84,19,0,4.45,5
84,20,1,2.89,5
84,21,1,2.68,5
84,22,0,3.86,5
84,23,0,3.12,5
84,24,0,4.66,5
84,25,4,2.38,5
84,26,0,2.47,5
84,27,1,3.92,5
84,28,0,2.56,5
84,29,0,3.99,5
84,30,2,3.54,5
84,31,1,4.22,5
84,32,2,3.01,5
84,33,3,2.33,5
84,34,1,3.21,5
84,35,1,3.63,5
84,36,0,4.22,5
84,37,5,2.52,5
84,38,0,3.76,5
84,39,1,3.5,5
84,40,0,4.81,5
84,41,0,4.73,5
84,42,4,2.46,5
84,43,3,2.92,5
84,44,1,4.09,5
84,45,0,4.29,5
84,46,1,3.53,5
84,47,3,2.68,5
84,48,1,2.5,5
84,49,7,2.95,5
84,50,4,2.13,5
84,51,0,4.01,5
84,52,1,4.24,5
85,1,4,4.23,2
85,2,4,2.29,2
85,3,0,4.89,2
85,4,0,2.43,2
85,5,6,3.45,2
85,6,2,3.69,2
85,7,1,4.8,2
85,8,1,4.46,2
85,9,2,3.6,2
85,10,1,3.15,2
85,11,1,3.64,2
85,12,2,4.39,2
85,13,1,3.88,2
85,14,5,2.31,2
85,15,11,2.58,2
85,16,1,4.53,2
85,17,1,3.44,2
85,18,0,4.33,2
85,19,1,4.45,2
85,20,2,2.89,2
85,21,4,2.68,2
85,22,0,3.86,2
85,23,3,3.12,2
85,24,1,4.66,2
85,25,5,2.38,2
85,26,6,2.47,2
85,27,2,3.92,2
85,28,7,2.56,2
85,29,1,3.99,2
85,30,2,3.54,2
85,31,1,4.22,2
85,32,5,3.01,2
85,33,14,2.33,2
85,34,2,3.21,2
85,35,2,3.63,2
85,36,1,4.22,2
85,37,8,2.52,2
85,38,2,3.76,2
85,39,1,3.5,2
85,40,1,4.81,2
85,41,1,4.73,2
85,42,4,2.46,2
85,43,2,2.92,2
85,44,0,4.09,2
85,45,1,4.29,2
85,46,3,3.53,2
85,47,5,2.68,2
85,48,4,2.5,2
85,49,2,2.95,2
85,50,9,2.13,2
85,51,0,4.01,2
85,52,3,4.24,2
86,1,0,4.23,3
86,2,1,2.29,3
86,3,0,4.89,3
86,4,1,2.43,3
86,5,0,3.45,3
86,6,1,3.69,3
86,7,0,4.8,3
86,8,0,4.46,3
86,9,0,3.6,3
86,10,0,3.15,3
86,11,1,3.64,3
86,12,0,4.39,3
86,13,0,3.88,3
86,14,5,2.31,3
86,15,0,2.58,3
86,16,0,4.53,3
86,17,1,3.44,3
86,18,0,4.33,3
86,19,0,4.45,3
86,20,1,2.89,3
86,21,1,2.68,3
86,22,0,3.86,3
86,23,0,3.12,3
86,24,0,4.66,3
86,25,3,2.38,3
86,26,2,2.47,3
86,27,0,3.92,3
86,28,2,2.56,3
86,29,0,3.99,3
86,30,0,3.54,3
86,31,0,4.22,3
86,32,0,3.01,3
86,33,1,2.33,3
86,34,1,3.21,3
86,35,0,3.63,3
86,36,0,4.22,3
86,37,1,2.52,3
86,38,1,3.76,3
86,39,0,3.5,3
86,40,0,4.81,3
86,41,0,4.73,3
86,42,3,2.46,3
86,43,3,2.92,3
86,44,0,4.09,3
86,45,0,4.29,3
86,46,0,3.53,3
86,47,0,2.68,3
86,48,2,2.5,3
86,49,0,2.95,3
86,50,3,2.13,3
86,51,0,4.01,3
86,52,0,4.24,3
87,1,1,4.23,1
87,2,2,2.29,1
87,3,0,4.89,1
87,4,2,2.43,1
87,5,0,3.45,1
87,6,3,3.69,1
87,7,0,4.8,1
87,8,0,4.46,1
87,9,0,3.6,1
87,10,1,3.15,1
87,11,3,3.64,1
87,12,1,4.39,1
87,13,0,3.88,1
87,14,4,2.31,1
87,15,2,2.58,1
87,16,2,4.53,1
87,17,1,3.44,1
87,18,0,4.33,1
87,19,1,4.45,1
87,20,0,2.89,1
87,21,3,2.68,1
87,22,1,3.86,1
87,23,2,3.12,1
87,24,0,4.66,1
87,25,1,2.38,1
87,26,4,2.47,1
87,27,1,3.92,1
87,28,2,2.56,1
87,29,0,3.99,1
87,30,2,3.54,1
87,31,2,4.22,1
87,32,0,3.01,1
87,33,1,2.33,1
87,34,0,3.21,1
87,35,0,3.63,1
87,36,1,4.22,1
87,37,2,2.52,1
87,38,2,3.76,1
87,39,4,3.5,1
87,40,0,4.81,1
87,41,1,4.73,1
87,42,3,2.46,1
87,43,2,2.92,1
87,44,0,4.09,1
87,45,0,4.29,1
87,46,1,3.53,1
87,47,3,2.68,1
87,48,4,2.5,1
87,49,1,2.95,1
87,50,3,2.13,1
87,51,1,4.01,1
87,52,1,4.24,1
88,1,0,4.23,4
88,2,3,2.29,4
88,3,0,4.89,4
88,4,5,2.43,4
88,5,1,3.45,4
88,6,1,3.69,4
88,7,0,4.8,4
88,8,0,4.46,4
88,9,1,3.6,4
88,10,3,3.15,4
88,11,1,3.64,4
88,12,0,4.39,4
88,13,0,3.88,4
88,14,4,2.31,4
88,15,2,2.58,4
88,16,0,4.53,4
88,17,0,3.44,4
88,18,0,4.33,4
88,19,0,4.45,4
88,20,0,2.89,4
88,21,3,2.68,4
88,22,0,3.86,4
88,23,1,3.12,4
88,24,0,4.66,4
88,25,0,2.38,4
88,26,0,2.47,4
88,27,1,3.92,4
88,28,2,2.56,4
88,29,1,3.99,4
88,30,0,3.54,4
88,31,0,4.22,4
88,32,1,3.01,4
88,33,2,2.33,4
88,34,1,3.21,4
88,35,0,3.63,4
88,36,0,4.22,4
88,37,1,2.52,4
88,38,3,3.76,4
88,39,1,3.5,4
88,40,0,4.81,4
88,41,0,4.73,4
88,42,3,2.46,4
88,43,2,2.92,4
88,44,0,4.09,4
88,45,0,4.29,4
88,46,0,3.53,4
88,47,3,2.68,4
88,48,2,2.5,4
88,49,1,2.95,4
88,50,4,2.13,4
88,51,1,4.01,4
88,52,0,4.24,4
89,1,4,4.23,3
89,2,7,2.29,3
89,3,5,4.89,3
89,4,14,2.43,3
89,5,6,3.45,3
89,6,5,3.69,3
89,7,2,4.8,3
89,8,4,4.46,3
89,9,9,3.6,3
89,10,13,3.15,3
89,11,8,3.64,3
89,12,4,4.39,3
89,13,10,3.88,3
89,14,16,2.31,3
89,15,10,2.58,3
89,16,7,4.53,3
89,17,6,3.44,3
89,18,1,4.33,3
89,19,1,4.45,3
89,20,8,2.89,3
89,21,10,2.68,3
89,22,7,3.86,3
89,23,8,3.12,3
89,24,5,4.66,3
89,25,11,2.38,3
89,26,7,2.47,3
89,27,5,3.92,3
89,28,12,2.56,3
89,29,6,3.99,3
89,30,2,3.54,3
89,31,3,4.22,3
89,32,11,3.01,3
89,33,11,2.33,3
89,34,6,3.21,3
89,35,6,3.63,3
89,36,5,4.22,3
89,37,15,2.52,3
89,38,2,3.76,3
89,39,6,3.5,3
89,40,7,4.81,3
89,41,6,4.73,3
89,42,12,2.46,3
89,43,7,2.92,3
89,44,7,4.09,3
89,45,2,4.29,3
89,46,5,3.53,3
89,47,7,2.68,3
89,48,5,2.5,3
89,49,11,2.95,3
89,50,13,2.13,3
89,51,7,4.01,3
89,52,8,4.24,3
90,1,5,4.23,3
90,2,5,2.29,3
90,3,4,4.89,3
90,4,9,2.43,3
90,5,11,3.45,3
90,6,7,3.69,3
90,7,3,4.8,3
90,8,7,4.46,3
90,9,8,3.6,3
90,10,10,3.15,3
90,11,7,3.64,3
90,12,2,4.39,3
90,13,4,3.88,3
90,14,10,2.31,3
90,15,6,2.58,3
90,16,8,4.53,3
90,17,7,3.44,3
90,18,6,4.33,3
90,19,2,4.45,3
90,20,11,2.89,3
90,21,12,2.68,3
90,22,3,3.86,3
90,23,10,3.12,3
90,24,5,4.66,3
90,25,18,2.38,3
90,26,12,2.47,3
90,27,7,3.92,3
90,28,9,2.56,3
90,29,2,3.99,3
90,30,9,3.54,3
90,31,4,4.22,3
90,32,6,3.01,3
90,33,16,2.33,3
90,34,12,3.21,3
90,35,5,3.63,3
90,36,7,4.22,3
90,37,14,2.52,3
90,38,7,3.76,3
90,39,7,3.5,3
90,40,2,4.81,3
90,41,7,4.73,3
90,42,14,2.46,3
90,43,16,2.92,3
90,44,4,4.09,3
90,45,6,4.29,3
90,46,4,3.53,3
90,47,9,2.68,3
90,48,15,2.5,3
90,49,10,2.95,3
90,50,18,2.13,3
90,51,11,4.01,3
90,52,2,4.24,3
91,1,2,4.23,3
91,2,22,2.29,3
91,3,3,4.89,3
91,4,14,2.43,3
91,5,5,3.45,3
91,6,8,3.69,3
91,7,0,4.8,3
91,8,1,4.46,3
91,9,4,3.6,3
91,10,10,3.15,3
91,11,1,3.64,3
91,12,3,4.39,3
91,13,4,3.88,3
91,14,13,2.31,3
91,15,10,2.58,3
91,16,1,4.53,3
91,17,1,3.44,3
91,18,4,4.33,3
91,19,2,4.45,3
91,20,7,2.89,3
91,21,3,2.68,3
91,22,3,3.86,3
91,23,6,3.12,3
91,24,1,4.66,3
91,25,16,2.38,3
91,26,6,2.47,3
91,27,7,3.92,3
91,28,7,2.56,3
91,29,4,3.99,3
91,30,8,3.54,3
91,31,1,4.22,3
91,32,8,3.01,3
91,33,17,2.33,3
91,34,5,3.21,3
91,35,3,3.63,3
91,36,1,4.22,3
91,37,10,2.52,3
91,38,2,3.76,3
91,39,5,3.5,3
91,40,1,4.81,3
91,41,0,4.73,3
91,42,9,2.46,3
91,43,7,2.92,3
91,44,1,4.09,3
91,45,3,4.29,3
91,46,4,3.53,3
91,47,8,2.68,3
91,48,17,2.5,3
91,49,6,2.95,3
91,50,11,2.13,3
91,51,7,4.01,3
91,52,1,4.24,3
92,1,3,4.23,2
92,2,9,2.29,2
92,3,1,4.89,2
92,4,7,2.43,2
92,5,5,3.45,2
92,6,3,3.69,2
92,7,1,4.8,2
92,8,4,4.46,2
92,9,2,3.6,2
92,10,5,3.15,2
92,11,1,3.64,2
92,12,4,4.39,2
92,13,7,3.88,2
92,14,10,2.31,2
92,15,11,2.58,2
92,16,1,4.53,2
92,17,4,3.44,2
92,18,3,4.33,2
92,19,2,4.45,2
92,20,6,2.89,2
92,21,7,2.68,2
92,22,3,3.86,2
92,23,3,3.12,2
92,24,0,4.66,2
92,25,6,2.38,2
92,26,3,2.47,2
92,27,1,3.92,2
92,28,10,2.56,2
92,29,4,3.99,2
92,30,5,3.54,2
92,31,3,4.22,2
92,32,3,3.01,2
92,33,5,2.33,2
92,34,1,3.21,2
92,35,1,3.63,2
92,36,0,4.22,2
92,37,3,2.52,2
92,38,1,3.76,2
92,39,7,3.5,2
92,40,1,4.81,2
92,41,1,4.73,2
92,42,7,2.46,2
92,43,7,2.92,2
92,44,4,4.09,2
92,45,2,4.29,2
92,46,4,3.53,2
92,47,6,2.68,2
92,48,1,2.5,2
92,49,2,2.95,2
92,50,10,2.13,2
92,51,0,4.01,2
92,52,0,4.24,2
93,1,0,4.23,4
93,2,4,2.29,4
93,3,0,4.89,4
93,4,1,2.43,4
93,5,1,3.45,4
93,6,0,3.69,4
93,7,0,4.8,4
93,8,0,4.46,4
93,9,0,3.6,4
93,10,2,3.15,4
93,11,0,3.64,4
93,12,0,4.39,4
93,13,0,3.88,4
93,14,0,2.31,4
93,15,3,2.58,4
93,16,0,4.53,4
93,17,1,3.44,4
93,18,0,4.33,4
93,19,0,4.45,4
93,20,0,2.89,4
93,21,3,2.68,4
93,22,0,3.86,4
93,23,0,3.12,4
93,24,0,4.66,4
93,25,1,2.38,4
93,26,2,2.47,4
93,27,0,3.92,4
93,28,5,2.56,4
93,29,0,3.99,4
93,30,0,3.54,4
93,31,1,4.22,4
93,32,0,3.01,4
93,33,2,2.33,4
93,34,2,3.21,4
93,35,0,3.63,4
93,36,0,4.22,4
93,37,0,2.52,4
93,38,1,3.76,4
93,39,1,3.5,4
93,40,0,4.81,4
93,41,0,4.73,4
93,42,1,2.46,4
93,43,2,2.92,4
93,44,0,4.09,4
93,45,0,4.29,4
93,46,0,3.53,4
93,47,3,2.68,4
93,48,1,2.5,4
93,49,0,2.95,4
93,50,1,2.13,4
93,51,1,4.01,4
93,52,0,4.24,4
94,1,6,4.23,4
94,2,14,2.29,4
94,3,4,4.89,4
94,4,17,2.43,4
94,5,10,3.45,4
94,6,9,3.69,4
94,7,0,4.8,4
94,8,6,4.46,4
94,9,7,3.6,4
94,10,14,3.15,4
94,11,11,3.64,4
94,12,5,4.39,4
94,13,10,3.88,4
94,14,18,2.31,4
94,15,11,2.58,4
94,16,0,4.53,4
94,17,10,3.44,4
94,18,2,4.33,4
94,19,9,4.45,4
94,20,17,2.89,4
94,21,16,2.68,4
94,22,7,3.86,4
94,23,14,3.12,4
94,24,1,4.66,4
94,25,12,2.38,4
94,26,11,2.47,4
94,27,6,3.92,4
94,28,11,2.56,4
94,29,8,3.99,4
94,30,7,3.54,4
94,31,2,4.22,4
94,32,6,3.01,4
94,33,12,2.33,4
94,34,8,3.21,4
94,35,6,3.63,4
94,36,1,4.22,4
94,37,15,2.52,4
94,38,6,3.76,4
94,39,11,3.5,4
94,40,4,4.81,4
94,41,2,4.73,4
94,42,12,2.46,4
94,43,18,2.92,4
94,44,5,4.09,4
94,45,5,4.29,4
94,46,7,3.53,4
94,47,8,2.68,4
94,48,19,2.5,4
94,49,18,2.95,4
94,50,13,2.13,4
94,51,5,4.01,4
94,52,5,4.24,4
95,1,2,4.23,2
95,2,3,2.29,2
95,3,0,4.89,2
95,4,10,2.43,2
95,5,2,3.45,2
95,6,1,3.69,2
95,7,3,4.8,2
95,8,2,4.46,2
95,9,2,3.6,2
95,10,8,3.15,2
95,11,6,3.64,2
95,12,1,4.39,2
95,13,0,3.88,2
95,14,6,2.31,2
95,15,8,2.58,2
95,16,3,4.53,2
95,17,4,3.44,2
95,18,1,4.33,2
95,19,0,4.45,2
95,20,2,2.89,2
95,21,3,2.68,2
95,22,2,3.86,2
95,23,0,3.12,2
95,24,1,4.66,2
95,25,5,2.38,2
95,26,3,2.47,2
95,27,1,3.92,2
95,28,7,2.56,2
95,29,2,3.99,2
95,30,1,3.54,2
95,31,2,4.22,2
95,32,1,3.01,2
95,33,2,2.33,2
95,34,0,3.21,2
95,35,1,3.63,2
95,36,2,4.22,2
95,37,4,2.52,2
95,38,2,3.76,2
95,39,2,3.5,2
95,40,2,4.81,2
95,41,0,4.73,2
95,42,5,2.46,2
95,43,1,2.92,2
95,44,1,4.09,2
95,45,3,4.29,2
95,46,0,3.53,2
95,47,3,2.68,2
95,48,5,2.5,2
95,49,5,2.95,2
95,50,10,2.13,2
95,51,2,4.01,2
95,52,0,4.24,2
96,1,3,4.23,3
96,2,8,2.29,3
96,3,6,4.89,3
96,4,14,2.43,3
96,5,5,3.45,3
96,6,5,3.69,3
96,7,1,4.8,3
96,8,4,4.46,3
96,9,5,3.6,3
96,10,8,3.15,3
96,11,6,3.64,3
96,12,5,4.39,3
96,13,8,3.88,3
96,14,8,2.31,3
96,15,9,2.58,3
96,16,1,4.53,3
96,17,5,3.44,3
96,18,5,4.33,3
96,19,4,4.45,3
96,20,9,2.89,3
96,21,7,2.68,3
96,22,1,3.86,3
96,23,8,3.12,3
96,24,3,4.66,3
96,25,10,2.38,3
96,26,9,2.47,3
96,27,3,3.92,3
96,28,10,2.56,3
96,29,6,3.99,3
96,30,6,3.54,3
96,31,8,4.22,3
96,32,14,3.01,3
96,33,9,2.33,3
96,34,7,3.21,3
96,35,5,3.63,3
96,36,5,4.22,3
96,37,8,2.52,3
96,38,9,3.76,3
96,39,7,3.5,3
96,40,3,4.81,3
96,41,4,4.73,3
96,42,11,2.46,3
96,43,9,2.92,3
96,44,6,4.09,3
96,45,8,4.29,3
96,46,7,3.53,3
96,47,8,2.68,3
96,48,9,2.5,3
96,49,4,2.95,3
96,50,17,2.13,3
96,51,4,4.01,3
96,52,6,4.24,3
97,1,2,4.23,1
97,2,3,2.29,1
97,3,1,4.89,1
97,4,4,2.43,1
97,5,1,3.45,1
97,6,1,3.69,1
97,7,0,4.8,1
97,8,0,4.46,1
97,9,2,3.6,1
97,10,2,3.15,1
97,11,0,3.64,1
97,12,2,4.39,1
97,13,3,3.88,1
97,14,6,2.31,1
97,15,6,2.58,1
97,16,0,4.53,1
97,17,3,3.44,1
97,18,1,4.33,1
97,19,0,4.45,1
97,20,2,2.89,1
97,21,5,2.68,1
97,22,2,3.86,1
97,23,3,3.12,1
97,24,1,4.66,1
97,25,5,2.38,1
97,26,2,2.47,1
97,27,1,3.92,1
97,28,3,2.56,1
97,29,0,3.99,1
97,30,2,3.54,1
97,31,0,4.22,1
97,32,3,3.01,1
97,33,5,2.33,1
97,34,0,3.21,1
97,35,1,3.63,1
97,36,0,4.22,1
97,37,3,2.52,1
97,38,1,3.76,1
97,39,1,3.5,1
97,40,1,4.81,1
97,41,0,4.73,1
97,42,3,2.46,1
97,43,0,2.92,1
97,44,1,4.09,1
97,45,0,4.29,1
97,46,0,3.53,1
97,47,0,2.68,1
97,48,5,2.5,1
97,49,3,2.95,1
97,50,2,2.13,1
97,51,1,4.01,1
97,52,1,4.24,1
98,1,0,4.23,4
98,2,2,2.29,4
98,3,0,4.89,4
98,4,3,2.43,4
98,5,0,3.45,4
98,6,0,3.69,4
98,7,0,4.8,4
98,8,0,4.46,4
98,9,0,3.6,4
98,10,1,3.15,4
98,11,0,3.64,4
98,12,1,4.39,4
98,13,1,3.88,4
98,14,4,2.31,4
98,15,1,2.58,4
98,16,0,4.53,4
98,17,0,3.44,4
98,18,1,4.33,4
98,19,0,4.45,4
98,20,2,2.89,4
98,21,2,2.68,4
98,22,0,3.86,4
98,23,0,3.12,4
98,24,0,4.66,4
98,25,0,2.38,4
98,26,2,2.47,4
98,27,0,3.92,4
98,28,3,2.56,4
98,29,0,3.99,4
98,30,0,3.54,4
98,31,1,4.22,4
98,32,1,3.01,4
98,33,4,2.33,4
98,34,1,3.21,4
98,35,0,3.63,4
98,36,0,4.22,4
98,37,1,2.52,4
98,38,2,3.76,4
98,39,3,3.5,4
98,40,0,4.81,4
98,41,0,4.73,4
98,42,4,2.46,4
98,43,1,2.92,4
98,44,0,4.09,4
98,45,0,4.29,4
98,46,0,3.53,4
98,47,1,2.68,4
98,48,1,2.5,4
98,49,0,2.95,4
98,50,3,2.13,4
98,51,0,4.01,4
98,52,0,4.24,4
99,1,2,4.23,1
99,2,5,2.29,1
99,3,1,4.89,1
99,4,5,2.43,1
99,5,2,3.45,1
99,6,1,3.69,1
99,7,2,4.8,1
99,8,0,4.46,1
99,9,2,3.6,1
99,10,5,3.15,1
99,11,1,3.64,1
99,12,0,4.39,1
99,13,5,3.88,1
99,14,4,2.31,1
99,15,4,2.58,1
99,16,1,4.53,1
99,17,8,3.44,1
99,18,1,4.33,1
99,19,1,4.45,1
99,20,3,2.89,1
99,21,2,2.68,1
99,22,1,3.86,1
99,23,4,3.12,1
99,24,1,4.66,1
99,25,4,2.38,1
99,26,6,2.47,1
99,27,1,3.92,1
99,28,3,2.56,1
99,29,4,3.99,1
99,30,4,3.54,1
99,31,0,4.22,1
99,32,2,3.01,1
99,33,3,2.33,1
99,34,2,3.21,1
99,35,3,3.63,1
99,36,1,4.22,1
99,37,3,2.52,1
99,38,1,3.76,1
99,39,3,3.5,1
99,40,1,4.81,1
99,41,1,4.73,1
99,42,4,2.46,1
99,43,1,2.92,1
99,44,0,4.09,1
99,45,1,4.29,1
99,46,5,3.53,1
99,47,1,2.68,1
99,48,3,2.5,1
99,49,4,2.95,1
99,50,4,2.13,1
99,51,2,4.01,1
99,52,2,4.24,1
100,1,2,4.23,1
100,2,5,2.29,1
100,3,0,4.89,1
100,4,1,2.43,1
100,5,4,3.45,1
100,6,2,3.69,1
100,7,2,4.8,1
100,8,2,4.46,1
100,9,3,3.6,1
100,10,3,3.15,1
100,11,3,3.64,1
100,12,1,4.39,1
100,13,1,3.88,1
100,14,2,2.31,1
100,15,3,2.58,1
100,16,1,4.53,1
100,17,0,3.44,1
100,18,1,4.33,1
100,19,4,4.45,1
100,20,2,2.89,1
100,21,1,2.68,1
100,22,0,3.86,1
100,23,4,3.12,1
100,24,1,4.66,1
100,25,5,2.38,1
100,26,3,2.47,1
100,27,1,3.92,1
100,28,2,2.56,1
100,29,3,3.99,1
100,30,2,3.54,1
100,31,0,4.22,1
100,32,3,3.01,1
100,33,6,2.33,1
100,34,2,3.21,1
100,35,1,3.63,1
100,36,0,4.22,1
100,37,4,2.52,1
100,38,4,3.76,1
100,39,1,3.5,1
100,40,0,4.81,1
100,41,1,4.73,1
100,42,5,2.46,1
100,43,0,2.92,1
100,44,4,4.09,1
100,45,1,4.29,1
100,46,1,3.53,1
100,47,3,2.68,1
100,48,4,2.5,1
100,49,1,2.95,1
100,50,6,2.13,1
100,51,3,4.01,1
100,52,3,4.24,1
101,1,7,4.23,4
101,2,13,2.29,4
101,3,8,4.89,4
101,4,12,2.43,4
101,5,19,3.45,4
101,6,14,3.69,4
101,7,4,4.8,4
101,8,8,4.46,4
101,9,9,3.6,4
101,10,7,3.15,4
101,11,15,3.64,4
101,12,11,4.39,4
101,13,15,3.88,4
101,14,14,2.31,4
101,15,19,2.58,4
101,16,11,4.53,4
101,17,15,3.44,4
101,18,10,4.33,4
101,19,12,4.45,4
101,20,13,2.89,4
101,21,17,2.68,4
101,22,8,3.86,4
101,23,9,3.12,4
101,24,5,4.66,4
101,25,15,2.38,4
101,26,21,2.47,4
101,27,5,3.92,4
101,28,19,2.56,4
101,29,11,3.99,4
101,30,16,3.54,4
101,31,14,4.22,4
101,32,16,3.01,4
101,33,16,2.33,4
101,34,23,3.21,4
101,35,11,3.63,4
101,36,8,4.22,4
101,37,14,2.52,4
101,38,14,3.76,4
101,39,13,3.5,4
101,40,6,4.81,4
101,41,7,4.73,4
101,42,11,2.46,4
101,43,15,2.92,4
101,44,9,4.09,4
101,45,5,4.29,4
101,46,12,3.53,4
101,47,25,2.68,4
101,48,13,2.5,4
101,49,14,2.95,4
101,50,12,2.13,4
101,51,7,4.01,4
101,52,10,4.24,4
102,1,2,4.23,3
102,2,21,2.29,3
102,3,0,4.89,3
102,4,7,2.43,3
102,5,6,3.45,3
102,6,9,3.69,3
102,7,1,4.8,3
102,8,0,4.46,3
102,9,3,3.6,3
102,10,5,3.15,3
102,11,4,3.64,3
102,12,2,4.39,3
102,13,2,3.88,3
102,14,20,2.31,3
102,15,14,2.58,3
102,16,0,4.53,3
102,17,4,3.44,3
102,18,2,4.33,3
102,19,0,4.45,3
102,20,9,2.89,3
102,21,12,2.68,3
102,22,8,3.86,3
102,23,5,3.12,3
102,24,0,4.66,3
102,25,15,2.38,3
102,26,14,2.47,3
102,27,2,3.92,3
102,28,13,2.56,3
102,29,2,3.99,3
102,30,4,3.54,3
102,31,3,4.22,3
102,32,6,3.01,3
102,33,14,2.33,3
102,34,5,3.21,3
102,35,2,3.63,3
102,36,1,4.22,3
102,37,16,2.52,3
102,38,2,3.76,3
102,39,3,3.5,3
102,40,2,4.81,3
102,41,1,4.73,3
102,42,14,2.46,3
102,43,5,2.92,3
102,44,4,4.09,3
102,45,4,4.29,3
102,46,1,3.53,3
102,47,6,2.68,3
102,48,20,2.5,3
102,49,5,2.95,3
102,50,11,2.13,3
102,51,0,4.01,3
102,52,5,4.24,3
103,1,12,4.23,5
103,2,17,2.29,5
103,3,5,4.89,5
103,4,18,2.43,5
103,5,11,3.45,5
103,6,11,3.69,5
103,7,6,4.8,5
103,8,14,4.46,5
103,9,14,3.6,5
103,10,20,3.15,5
103,11,14,3.64,5
103,12,3,4.39,5
103,13,10,3.88,5
103,14,17,2.31,5
103,15,12,2.58,5
103,16,8,4.53,5
103,17,12,3.44,5
103,18,15,4.33,5
103,19,4,4.45,5
103,20,15,2.89,5
103,21,8,2.68,5
103,22,13,3.86,5
103,23,15,3.12,5
103,24,8,4.66,5
103,25,19,2.38,5
103,26,14,2.47,5
103,27,14,3.92,5
103,28,17,2.56,5
103,29,8,3.99,5
103,30,13,3.54,5
103,31,7,4.22,5
103,32,13,3.01,5
103,33,17,2.33,5
103,34,12,3.21,5
103,35,20,3.63,5
103,36,4,4.22,5
103,37,18,2.52,5
103,38,11,3.76,5
103,39,19,3.5,5
103,40,3,4.81,5
103,41,4,4.73,5
103,42,13,2.46,5
103,43,13,2.92,5
103,44,14,4.09,5
103,45,10,4.29,5
103,46,16,3.53,5
103,47,17,2.68,5
103,48,15,2.5,5
103,49,10,2.95,5
103,50,13,2.13,5
103,51,10,4.01,5
103,52,11,4.24,5
104,1,6,4.23,2
104,2,12,2.29,2
104,3,0,4.89,2
104,4,7,2.43,2
104,5,5,3.45,2
104,6,6,3.69,2
104,7,0,4.8,2
104,8,2,4.46,2
104,9,6,3.6,2
104,10,6,3.15,2
104,11,4,3.64,2
104,12,0,4.39,2
104,13,3,3.88,2
104,14,4,2.31,2
104,15,3,2.58,2
104,16,3,4.53,2
104,17,2,3.44,2
104,18,2,4.33,2
104,19,1,4.45,2
104,20,7,2.89,2
104,21,7,2.68,2
104,22,1,3.86,2
104,23,5,3.12,2
104,24,2,4.66,2
104,25,5,2.38,2
104,26,2,2.47,2
104,27,0,3.92,2
104,28,5,2.56,2
104,29,1,3.99,2
104,30,2,3.54,2
104,31,2,4.22,2
104,32,8,3.01,2
104,33,12,2.33,2
104,34,4,3.21,2
104,35,4,3.63,2
104,36,4,4.22,2
104,37,2,2.52,2
104,38,5,3.76,2
104,39,2,3.5,2
104,40,1,4.81,2
104,41,0,4.73,2
104,42,4,2.46,2
104,43,6,2.92,2
104,44,3,4.09,2
104,45,1,4.29,2
104,46,8,3.53,2
104,47,8,2.68,2
104,48,5,2.5,2
104,49,5,2.95,2
104,50,8,2.13,2
104,51,13,4.01,2
104,52,1,4.24,2
105,1,0,4.23,5
105,2,3,2.29,5
105,3,0,4.89,5
105,4,4,2.43,5
105,5,0,3.45,5
105,6,0,3.69,5
105,7,0,4.8,5
105,8,0,4.46,5
105,9,0,3.6,5
105,10,0,3.15,5
105,11,2,3.64,5
105,12,0,4.39,5
105,13,1,3.88,5
105,14,3,2.31,5
105,15,3,2.58,5
105,16,0,4.53,5
105,17,1,3.44,5
105,18,0,4.33,5
105,19,0,4.45,5
105,20,1,2.89,5
105,21,5,2.68,5
105,22,0,3.86,5
105,23,0,3.12,5
105,24,0,4.66,5
105,25,5,2.38,5
105,26,2,2.47,5
105,27,0,3.92,5
105,28,2,2.56,5
105,29,0,3.99,5
105,30,1,3.54,5
105,31,1,4.22,5
105,32,1,3.01,5
105,33,3,2.33,5
105,34,0,3.21,5
105,35,0,3.63,5
105,36,0,4.22,5
105,37,1,2.52,5
105,38,0,3.76,5
105,39,1,3.5,5
105,40,0,4.81,5
105,41,0,4.73,5
105,42,5,2.46,5
105,43,1,2.92,5
105,44,0,4.09,5
105,45,0,4.29,5
105,46,1,3.53,5
105,47,2,2.68,5
105,48,2,2.5,5
105,49,1,2.95,5
105,50,4,2.13,5
105,51,0,4.01,5
105,52,0,4.24,5
106,1,1,4.23,2
106,2,0,2.29,2
106,3,0,4.89,2
106,4,1,2.43,2
106,5,0,3.45,2
106,6,0,3.69,2
106,7,0,4.8,2
106,8,0,4.46,2
106,9,0,3.6,2
106,10,1,3.15,2
106,11,0,3.64,2
106,12,0,4.39,2
106,13,0,3.88,2
106,14,2,2.31,2
106,15,2,2.58,2
106,16,0,4.53,2
106,17,0,3.44,2
106,18,0,4.33,2
106,19,0,4.45,2
106,20,1,2.89,2
106,21,0,2.68,2
106,22,0,3.86,2
106,23,0,3.12,2
106,24,0,4.66,2
106,25,0,2.38,2
106,26,1,2.47,2
106,27,0,3.92,2
106,28,4,2.56,2
106,29,1,3.99,2
106,30,0,3.54,2
106,31,0,4.22,2
106,32,0,3.01,2
106,33,1,2.33,2
106,34,0,3.21,2
106,35,0,3.63,2
106,36,0,4.22,2
106,37,2,2.52,2
106,38,0,3.76,2
106,39,1,3.5,2
106,40,0,4.81,2
106,41,0,4.73,2
106,42,0,2.46,2
106,43,0,2.92,2
106,44,0,4.09,2
106,45,0,4.29,2
106,46,0,3.53,2
106,47,0,2.68,2
106,48,0,2.5,2
106,49,0,2.95,2
106,50,1,2.13,2
106,51,0,4.01,2
106,52,0,4.24,2
107,1,6,4.23,4
107,2,12,2.29,4
107,3,9,4.89,4
107,4,10,2.43,4
107,5,15,3.45,4
107,6,12,3.69,4
107,7,6,4.8,4
107,8,7,4.46,4
107,9,11,3.6,4
107,10,12,3.15,4
107,11,14,3.64,4
107,12,11,4.39,4
107,13,20,3.88,4
107,14,14,2.31,4
107,15,9,2.58,4
107,16,7,4.53,4
107,17,14,3.44,4
107,18,11,4.33,4
107,19,10,4.45,4
107,20,13,2.89,4
107,21,14,2.68,4
107,22,11,3.86,4
107,23,7,3.12,4
107,24,5,4.66,4
107,25,23,2.38,4
107,26,14,2.47,4
107,27,15,3.92,4
107,28,10,2.56,4
107,29,9,3.99,4
107,30,15,3.54,4
107,31,11,4.22,4
107,32,9,3.01,4
107,33,24,2.33,4
107,34,14,3.21,4
107,35,15,3.63,4
107,36,8,4.22,4
107,37,9,2.52,4
107,38,9,3.76,4
107,39,14,3.5,4
107,40,11,4.81,4
107,41,7,4.73,4
107,42,8,2.46,4
107,43,12,2.92,4
107,44,9,4.09,4
107,45,6,4.29,4
107,46,13,3.53,4
107,47,14,2.68,4
107,48,17,2.5,4
107,49,23,2.95,4
107,50,12,2.13,4
107,51,8,4.01,4
107,52,10,4.24,4
108,1,1,4.23,2
108,2,7,2.29,2
108,3,0,4.89,2
108,4,4,2.43,2
108,5,2,3.45,2
108,6,1,3.69,2
108,7,0,4.8,2
108,8,0,4.46,2
108,9,2,3.6,2
108,10,2,3.15,2
108,11,0,3.64,2
108,12,1,4.39,2
108,13,1,3.88,2
108,14,14,2.31,2
108,15,7,2.58,2
108,16,1,4.53,2
108,17,1,3.44,2
108,18,0,4.33,2
108,19,3,4.45,2
108,20,3,2.89,2
108,21,3,2.68,2
108,22,0,3.86,2
108,23,3,3.12,2
108,24,1,4.66,2
108,25,8,2.38,2
108,26,7,2.47,2
108,27,2,3.92,2
108,28,4,2.56,2
108,29,2,3.99,2
108,30,3,3.54,2
108,31,0,4.22,2
108,32,5,3.01,2
108,33,6,2.33,2
108,34,3,3.21,2
108,35,3,3.63,2
108,36,1,4.22,2
108,37,8,2.52,2
108,38,0,3.76,2
108,39,4,3.5,2
108,40,0,4.81,2
108,41,0,4.73,2
108,42,7,2.46,2
108,43,7,2.92,2
108,44,0,4.09,2
108,45,1,4.29,2
108,46,2,3.53,2
108,47,7,2.68,2
108,48,9,2.5,2
108,49,3,2.95,2
108,50,13,2.13,2
108,51,1,4.01,2
108,52,0,4.24,2
109,1,2,4.23,2
109,2,3,2.29,2
109,3,1,4.89,2
109,4,8,2.43,2
109,5,0,3.45,2
109,6,2,3.69,2
109,7,3,4.8,2
109,8,1,4.46,2
109,9,3,3.6,2
109,10,5,3.15,2
109,11,3,3.64,2
109,12,2,4.39,2
109,13,1,3.88,2
109,14,3,2.31,2
109,15,5,2.58,2
109,16,0,4.53,2
109,17,1,3.44,2
109,18,0,4.33,2
109,19,2,4.45,2
109,20,4,2.89,2
109,21,7,2.68,2
109,22,1,3.86,2
109,23,6,3.12,2
109,24,3,4.66,2
109,25,5,2.38,2
109,26,13,2.47,2
109,27,1,3.92,2
109,28,6,2.56,2
109,29,2,3.99,2
109,30,0,3.54,2
109,31,2,4.22,2
109,32,1,3.01,2
109,33,8,2.33,2
109,34,2,3.21,2
109,35,2,3.63,2
109,36,1,4.22,2
109,37,8,2.52,2
109,38,2,3.76,2
109,39,3,3.5,2
109,40,3,4.81,2
109,41,1,4.73,2
109,42,3,2.46,2
109,43,3,2.92,2
109,44,3,4.09,2
109,45,1,4.29,2
109,46,1,3.53,2
109,47,5,2.68,2
109,48,6,2.5,2
109,49,0,2.95,2
109,50,6,2.13,2
109,51,1,4.01,2
109,52,2,4.24,2
110,1,5,4.23,4
110,2,20,2.29,4
110,3,3,4.89,4
110,4,9,2.43,4
110,5,12,3.45,4
110,6,11,3.69,4
110,7,7,4.8,4
110,8,5,4.46,4
110,9,6,3.6,4
110,10,18,3.15,4
110,11,7,3.64,4
110,12,5,4.39,4
110,13,7,3.88,4
110,14,10,2.31,4
110,15,17,2.58,4
110,16,3,4.53,4
110,17,10,3.44,4
110,18,2,4.33,4
110,19,4,4.45,4
110,20,17,2.89,4
110,21,21,2.68,4
110,22,6,3.86,4
110,23,13,3.12,4
110,24,2,4.66,4
110,25,10,2.38,4
110,26,13,2.47,4
110,27,4,3.92,4
110,28,15,2.56,4
110,29,6,3.99,4
110,30,10,3.54,4
110,31,2,4.22,4
110,32,14,3.01,4
110,33,13,2.33,4
110,34,11,3.21,4
110,35,7,3.63,4
110,36,6,4.22,4
110,37,14,2.52,4
110,38,4,3.76,4
110,39,11,3.5,4
110,40,3,4.81,4
110,41,1,4.73,4
110,42,13,2.46,4
110,43,19,2.92,4
110,44,5,4.09,4
110,45,3,4.29,4
110,46,7,3.53,4
110,47,10,2.68,4
110,48,14,2.5,4
110,49,26,2.95,4
110,50,13,2.13,4
110,51,7,4.01,4
110,52,2,4.24,4
111,1,5,4.23,4
111,2,13,2.29,4
111,3,3,4.89,4
111,4,12,2.43,4
111,5,17,3.45,4
111,6,7,3.69,4
111,7,3,4.8,4
111,8,4,4.46,4
111,9,8,3.6,4
111,10,16,3.15,4
111,11,12,3.64,4
111,12,6,4.39,4
111,13,8,3.88,4
111,14,15,2.31,4
111,15,14,2.58,4
111,16,4,4.53,4
111,17,6,3.44,4
111,18,5,4.33,4
111,19,3,4.45,4
111,20,26,2.89,4
111,21,13,2.68,4
111,22,4,3.86,4
111,23,10,3.12,4
111,24,5,4.66,4
111,25,14,2.38,4
111,26,12,2.47,4
111,27,5,3.92,4
111,28,16,2.56,4
111,29,6,3.99,4
111,30,7,3.54,4
111,31,5,4.22,4
111,32,10,3.01,4
111,33,17,2.33,4
111,34,7,3.21,4
111,35,8,3.63,4
111,36,3,4.22,4
111,37,10,2.52,4
111,38,10,3.76,4
111,39,14,3.5,4
111,40,3,4.81,4
111,41,3,4.73,4
111,42,16,2.46,4
111,43,18,2.92,4
111,44,3,4.09,4
111,45,5,4.29,4
111,46,8,3.53,4
111,47,17,2.68,4
111,48,15,2.5,4
111,49,20,2.95,4
111,50,8,2.13,4
111,51,11,4.01,4
111,52,2,4.24,4
112,1,1,4.23,1
112,2,3,2.29,1
112,3,0,4.89,1
112,4,4,2.43,1
112,5,1,3.45,1
112,6,0,3.69,1
112,7,0,4.8,1
112,8,0,4.46,1
112,9,1,3.6,1
112,10,3,3.15,1
112,11,2,3.64,1
112,12,0,4.39,1
112,13,3,3.88,1
112,14,4,2.31,1
112,15,3,2.58,1
112,16,0,4.53,1
112,17,1,3.44,1
112,18,0,4.33,1
112,19,1,4.45,1
112,20,3,2.89,1
112,21,2,2.68,1
112,22,1,3.86,1
112,23,2,3.12,1
112,24,2,4.66,1
112,25,1,2.38,1
112,26,3,2.47,1
112,27,1,3.92,1
112,28,4,2.56,1
112,29,0,3.99,1
112,30,3,3.54,1
112,31,1,4.22,1
112,32,1,3.01,1
112,33,3,2.33,1
112,34,2,3.21,1
112,35,0,3.63,1
112,36,0,4.22,1
112,37,2,2.52,1
112,38,0,3.76,1
112,39,0,3.5,1
112,40,0,4.81,1
112,41,0,4.73,1
112,42,4,2.46,1
112,43,1,2.92,1
112,44,1,4.09,1
112,45,0,4.29,1
112,46,1,3.53,1
112,47,2,2.68,1
112,48,4,2.5,1
112,49,0,2.95,1
112,50,2,2.13,1
112,51,0,4.01,1
112,52,0,4.24,1
113,1,2,4.23,3
113,2,10,2.29,3
113,3,1,4.89,3
113,4,13,2.43,3
113,5,4,3.45,3
113,6,1,3.69,3
113,7,0,4.8,3
113,8,2,4.46,3
113,9,2,3.6,3
113,10,5,3.15,3
113,11,6,3.64,3
113,12,3,4.39,3
113,13,2,3.88,3
113,14,16,2.31,3
113,15,13,2.58,3
113,16,0,4.53,3
113,17,6,3.44,3
113,18,2,4.33,3
113,19,0,4.45,3
113,20,5,2.89,3
113,21,11,2.68,3
113,22,6,3.86,3
113,23,9,3.12,3
113,24,1,4.66,3
113,25,17,2.38,3
113,26,10,2.47,3
113,27,5,3.92,3
113,28,9,2.56,3
113,29,3,3.99,3
113,30,4,3.54,3
113,31,0,4.22,3
113,32,8,3.01,3
113,33,13,2.33,3
113,34,5,3.21,3
113,35,5,3.63,3
113,36,2,4.22,3
113,37,13,2.52,3
113,38,3,3.76,3
113,39,6,3.5,3
113,40,2,4.81,3
113,41,0,4.73,3
113,42,17,2.46,3
113,43,10,2.92,3
113,44,3,4.09,3
113,45,2,4.29,3
113,46,6,3.53,3
113,47,5,2.68,3
113,48,8,2.5,3
113,49,8,2.95,3
113,50,16,2.13,3
113,51,2,4.01,3
113,52,7,4.24,3
114,1,2,4.23,1
114,2,6,2.29,1
114,3,0,4.89,1
114,4,3,2.43,1
114,5,1,3.45,1
114,6,1,3.69,1
114,7,2,4.8,1
114,8,1,4.46,1
114,9,1,3.6,1
114,10,2,3.15,1
114,11,1,3.64,1
114,12,1,4.39,1
114,13,1,3.88,1
114,14,5,2.31,1
114,15,1,2.58,1
114,16,2,4.53,1
114,17,2,3.44,1
114,18,1,4.33,1
114,19,1,4.45,1
114,20,1,2.89,1
114,21,2,2.68,1
114,22,1,3.86,1
114,23,1,3.12,1
114,24,0,4.66,1
114,25,4,2.38,1
114,26,4,2.47,1
114,27,1,3.92,1
114,28,0,2.56,1
114,29,1,3.99,1
114,30,4,3.54,1
114,31,1,4.22,1
114,32,4,3.01,1
114,33,3,2.33,1
114,34,4,3.21,1
114,35,2,3.63,1
114,36,2,4.22,1
114,37,0,2.52,1
114,38,2,3.76,1
114,39,0,3.5,1
114,40,2,4.81,1
114,41,0,4.73,1
114,42,2,2.46,1
114,43,1,2.92,1
114,44,0,4.09,1
114,45,1,4.29,1
114,46,2,3.53,1
114,47,4,2.68,1
114,48,5,2.5,1
114,49,2,2.95,1
114,50,5,2.13,1
114,51,1,4.01,1
114,52,1,4.24,1
115,1,4,4.23,3
115,2,16,2.29,3
115,3,1,4.89,3
115,4,10,2.43,3
115,5,3,3.45,3
115,6,2,3.69,3
115,7,2,4.8,3
115,8,1,4.46,3
115,9,6,3.6,3
115,10,5,3.15,3
115,11,0,3.64,3
115,12,2,4.39,3
115,13,6,3.88,3
115,14,12,2.31,3
115,15,7,2.58,3
115,16,2,4.53,3
115,17,4,3.44,3
115,18,0,4.33,3
115,19,2,4.45,3
115,20,7,2.89,3
115,21,11,2.68,3
115,22,5,3.86,3
115,23,7,3.12,3
115,24,3,4.66,3
115,25,15,2.38,3
115,26,8,2.47,3
115,27,2,3.92,3
115,28,12,2.56,3
115,29,1,3.99,3
115,30,6,3.54,3
115,31,1,4.22,3
115,32,8,3.01,3
115,33,9,2.33,3
115,34,6,3.21,3
115,35,6,3.63,3
115,36,4,4.22,3
115,37,10,2.52,3
115,38,1,3.76,3
115,39,9,3.5,3
115,40,0,4.81,3
115,41,2,4.73,3
115,42,12,2.46,3
115,43,10,2.92,3
115,44,1,4.09,3
115,45,0,4.29,3
115,46,2,3.53,3
115,47,9,2.68,3
115,48,9,2.5,3
115,49,5,2.95,3
115,50,15,2.13,3
115,51,3,4.01,3
115,52,0,4.24,3
116,1,0,4.23,3
116,2,2,2.29,3
116,3,0,4.89,3
116,4,2,2.43,3
116,5,1,3.45,3
116,6,1,3.69,3
116,7,0,4.8,3
116,8,0,4.46,3
116,9,0,3.6,3
116,10,0,3.15,3
116,11,1,3.64,3
116,12,0,4.39,3
116,13,0,3.88,3
116,14,3,2.31,3
116,15,3,2.58,3
116,16,0,4.53,3
116,17,0,3.44,3
116,18,0,4.33,3
116,19,0,4.45,3
116,20,1,2.89,3
116,21,1,2.68,3
116,22,0,3.86,3
116,23,0,3.12,3
116,24,0,4.66,3
116,25,1,2.38,3
116,26,2,2.47,3
116,27,0,3.92,3
116,28,1,2.56,3
116,29,0,3.99,3
116,30,0,3.54,3
116,31,0,4.22,3
116,32,0,3.01,3
116,33,0,2.33,3
116,34,0,3.21,3
116,35,0,3.63,3
116,36,0,4.22,3
116,37,1,2.52,3
116,38,0,3.76,3
116,39,1,3.5,3
116,40,0,4.81,3
116,41,0,4.73,3
116,42,1,2.46,3
116,43,0,2.92,3
116,44,0,4.09,3
116,45,0,4.29,3
116,46,1,3.53,3
116,47,0,2.68,3
116,48,1,2.5,3
116,49,0,2.95,3
116,50,3,2.13,3
116,51,0,4.01,3
116,52,0,4.24,3
117,1,4,4.23,3
117,2,14,2.29,3
117,3,2,4.89,3
117,4,14,2.43,3
117,5,3,3.45,3
117,6,2,3.69,3
117,7,1,4.8,3
117,8,1,4.46,3
117,9,2,3.6,3
117,10,1,3.15,3
117,11,4,3.64,3
117,12,1,4.39,3
117,13,3,3.88,3
117,14,12,2.31,3
117,15,7,2.58,3
117,16,2,4.53,3
117,17,3,3.44,3
117,18,2,4.33,3
117,19,1,4.45,3
117,20,8,2.89,3
117,21,6,2.68,3
117,22,3,3.86,3
117,23,6,3.12,3
117,24,1,4.66,3
117,25,15,2.38,3
117,26,9,2.47,3
117,27,4,3.92,3
117,28,7,2.56,3
117,29,1,3.99,3
117,30,7,3.54,3
117,31,2,4.22,3
117,32,6,3.01,3
117,33,9,2.33,3
117,34,9,3.21,3
117,35,3,3.63,3
117,36,1,4.22,3
117,37,5,2.52,3
117,38,4,3.76,3
117,39,4,3.5,3
117,40,1,4.81,3
117,41,0,4.73,3
117,42,12,2.46,3
117,43,6,2.92,3
117,44,2,4.09,3
117,45,3,4.29,3
117,46,5,3.53,3
117,47,10,2.68,3
117,48,9,2.5,3
117,49,7,2.95,3
117,50,15,2.13,3
117,51,1,4.01,3
117,52,1,4.24,3
118,1,6,4.23,5
118,2,20,2.29,5
118,3,5,4.89,5
118,4,15,2.43,5
118,5,13,3.45,5
118,6,13,3.69,5
118,7,3,4.8,5
118,8,6,4.46,5
118,9,13,3.6,5
118,10,22,3.15,5
118,11,7,3.64,5
118,12,9,4.39,5
118,13,12,3.88,5
118,14,18,2.31,5
118,15,14,2.58,5
118,16,14,4.53,5
118,17,16,3.44,5
118,18,8,4.33,5
118,19,10,4.45,5
118,20,14,2.89,5
118,21,11,2.68,5
118,22,19,3.86,5
118,23,22,3.12,5
118,24,8,4.66,5
118,25,17,2.38,5
118,26,12,2.47,5
118,27,16,3.92,5
118,28,9,2.56,5
118,29,15,3.99,5
118,30,15,3.54,5
118,31,9,4.22,5
118,32,9,3.01,5
118,33,15,2.33,5
118,34,17,3.21,5
118,35,21,3.63,5
118,36,3,4.22,5
118,37,16,2.52,5
118,38,15,3.76,5
118,39,19,3.5,5
118,40,6,4.81,5
118,41,6,4.73,5
118,42,14,2.46,5
118,43,20,2.92,5
118,44,12,4.09,5
118,45,10,4.29,5
118,46,27,3.53,5
118,47,9,2.68,5
118,48,6,2.5,5
118,49,13,2.95,5
118,50,15,2.13,5
118,51,7,4.01,5
118,52,8,4.24,5
119,1,1,4.23,2
119,2,2,2.29,2
119,3,0,4.89,2
119,4,4,2.43,2
119,5,2,3.45,2
119,6,1,3.69,2
119,7,0,4.8,2
119,8,0,4.46,2
119,9,2,3.6,2
119,10,3,3.15,2
119,11,2,3.64,2
119,12,0,4.39,2
119,13,0,3.88,2
119,14,4,2.31,2
119,15,7,2.58,2
119,16,3,4.53,2
119,17,2,3.44,2
119,18,1,4.33,2
119,19,1,4.45,2
119,20,6,2.89,2
119,21,7,2.68,2
119,22,0,3.86,2
119,23,3,3.12,2
119,24,0,4.66,2
119,25,3,2.38,2
119,26,9,2.47,2
119,27,0,3.92,2
119,28,9,2.56,2
119,29,1,3.99,2
119,30,3,3.54,2
119,31,1,4.22,2
119,32,5,3.01,2
119,33,7,2.33,2
119,34,2,3.21,2
119,35,3,3.63,2
119,36,1,4.22,2
119,37,5,2.52,2
119,38,0,3.76,2
119,39,2,3.5,2
119,40,0,4.81,2
119,41,2,4.73,2
119,42,8,2.46,2
119,43,1,2.92,2
119,44,0,4.09,2
119,45,3,4.29,2
119,46,2,3.53,2
119,47,4,2.68,2
119,48,2,2.5,2
119,49,4,2.95,2
119,50,9,2.13,2
119,51,0,4.01,2
119,52,0,4.24,2
120,1,1,4.23,1
120,2,3,2.29,1
120,3,1,4.89,1
120,4,3,2.43,1
120,5,3,3.45,1
120,6,1,3.69,1
120,7,0,4.8,1
120,8,2,4.46,1
120,9,1,3.6,1
120,10,2,3.15,1
120,11,3,3.64,1
120,12,1,4.39,1
120,13,2,3.88,1
120,14,3,2.31,1
120,15,1,2.58,1
120,16,0,4.53,1
120,17,1,3.44,1
120,18,4,4.33,1
120,19,1,4.45,1
120,20,4,2.89,1
120,21,1,2.68,1
120,22,1,3.86,1
120,23,1,3.12,1
120,24,0,4.66,1
120,25,7,2.38,1
120,26,6,2.47,1
120,27,3,3.92,1
120,28,5,2.56,1
120,29,1,3.99,1
120,30,0,3.54,1
120,31,0,4.22,1
120,32,1,3.01,1
120,33,5,2.33,1
120,34,1,3.21,1
120,35,2,3.63,1
120,36,1,4.22,1
120,37,0,2.52,1
120,38,2,3.76,1
120,39,1,3.5,1
120,40,1,4.81,1
120,41,1,4.73,1
120,42,4,2.46,1
120,43,3,2.92,1
120,44,1,4.09,1
120,45,1,4.29,1
120,46,2,3.53,1
120,47,5,2.68,1
120,48,3,2.5,1
120,49,1,2.95,1
120,50,3,2.13,1
120,51,5,4.01,1
120,52,1,4.24,1
121,1,7,4.23,5
121,2,17,2.29,5
121,3,9,4.89,5
121,4,16,2.43,5
121,5,13,3.45,5
121,6,14,3.69,5
121,7,3,4.8,5
121,8,5,4.46,5
121,9,17,3.6,5
121,10,16,3.15,5
121,11,9,3.64,5
121,12,5,4.39,5
121,13,11,3.88,5
121,14,13,2.31,5
121,15,20,2.58,5
121,16,2,4.53,5
121,17,11,3.44,5
121,18,8,4.33,5
121,19,11,4.45,5
121,20,15,2.89,5
121,21,12,2.68,5
121,22,13,3.86,5
121,23,13,3.12,5
121,24,6,4.66,5
121,25,13,2.38,5
121,26,12,2.47,5
121,27,9,3.92,5
121,28,12,2.56,5
121,29,9,3.99,5
121,30,14,3.54,5
121,31,7,4.22,5
121,32,15,3.01,5
121,33,15,2.33,5
121,34,10,3.21,5
121,35,9,3.63,5
121,36,11,4.22,5
121,37,19,2.52,5
121,38,16,3.76,5
121,39,13,3.5,5
121,40,2,4.81,5
121,41,6,4.73,5
121,42,11,2.46,5
121,43,12,2.92,5
121,44,6,4.09,5
121,45,7,4.29,5
121,46,16,3.53,5
121,47,9,2.68,5
121,48,15,2.5,5
121,49,13,2.95,5
121,50,21,2.13,5
121,51,10,4.01,5
121,52,13,4.24,5
122,1,8,4.23,3
122,2,17,2.29,3
122,3,3,4.89,3
122,4,21,2.43,3
122,5,3,3.45,3
122,6,7,3.69,3
122,7,5,4.8,3
122,8,4,4.46,3
122,9,6,3.6,3
122,10,13,3.15,3
122,11,6,3.64,3
122,12,4,4.39,3
122,13,6,3.88,3
122,14,9,2.31,3
122,15,11,2.58,3
122,16,5,4.53,3
122,17,13,3.44,3
122,18,4,4.33,3
122,19,7,4.45,3
122,20,12,2.89,3
122,21,12,2.68,3
122,22,11,3.86,3
122,23,5,3.12,3
122,24,2,4.66,3
122,25,11,2.38,3
122,26,11,2.47,3
122,27,1,3.92,3
122,28,14,2.56,3
122,29,4,3.99,3
122,30,10,3.54,3
122,31,3,4.22,3
122,32,5,3.01,3
122,33,8,2.33,3
122,34,7,3.21,3
122,35,6,3.63,3
122,36,3,4.22,3
122,37,3,2.52,3
122,38,7,3.76,3
122,39,7,3.5,3
122,40,2,4.81,3
122,41,4,4.73,3
122,42,11,2.46,3
122,43,5,2.92,3
122,44,6,4.09,3
122,45,3,4.29,3
122,46,6,3.53,3
122,47,8,2.68,3
122,48,6,2.5,3
122,49,13,2.95,3
122,50,14,2.13,3
122,51,7,4.01,3
122,52,7,4.24,3
123,1,3,4.23,3
123,2,12,2.29,3
123,3,0,4.89,3
123,4,10,2.43,3
123,5,5,3.45,3
123,6,3,3.69,3
123,7,2,4.8,3
123,8,1,4.46,3
123,9,5,3.6,3
123,10,5,3.15,3
123,11,3,3.64,3
123,12,0,4.39,3
123,13,1,3.88,3
123,14,15,2.31,3
123,15,11,2.58,3
123,16,1,4.53,3
123,17,6,3.44,3
123,18,2,4.33,3
123,19,0,4.45,3
123,20,7,2.89,3
123,21,10,2.68,3
123,22,3,3.86,3
123,23,7,3.12,3
123,24,2,4.66,3
123,25,15,2.38,3
123,26,5,2.47,3
123,27,6,3.92,3
123,28,11,2.56,3
123,29,2,3.99,3
123,30,4,3.54,3
123,31,4,4.22,3
123,32,11,3.01,3
123,33,11,2.33,3
123,34,8,3.21,3
123,35,4,3.63,3
123,36,1,4.22,3
123,37,11,2.52,3
123,38,2,3.76,3
123,39,8,3.5,3
123,40,0,4.81,3
123,41,1,4.73,3
123,42,16,2.46,3
123,43,7,2.92,3
123,44,2,4.09,3
123,45,1,4.29,3
123,46,6,3.53,3
123,47,10,2.68,3
123,48,10,2.5,3
123,49,6,2.95,3
123,50,19,2.13,3
123,51,4,4.01,3
123,52,3,4.24,3
124,1,4,4.23,3
124,2,16,2.29,3
124,3,5,4.89,3
124,4,10,2.43,3
124,5,5,3.45,3
124,6,7,3.69,3
124,7,4,4.8,3
124,8,3,4.46,3
124,9,1,3.6,3
124,10,5,3.15,3
124,11,4,3.64,3
124,12,3,4.39,3
124,13,6,3.88,3
124,14,18,2.31,3
124,15,15,2.58,3
124,16,5,4.53,3
124,17,6,3.44,3
124,18,7,4.33,3
124,19,5,4.45,3
124,20,8,2.89,3
124,21,15,2.68,3
124,22,3,3.86,3
124,23,7,3.12,3
124,24,2,4.66,3
124,25,13,2.38,3
124,26,9,2.47,3
124,27,8,3.92,3
124,28,16,2.56,3
124,29,7,3.99,3
124,30,6,3.54,3
124,31,4,4.22,3
124,32,11,3.01,3
124,33,13,2.33,3
124,34,9,3.21,3
124,35,5,3.63,3
124,36,7,4.22,3
124,37,8,2.52,3
124,38,5,3.76,3
124,39,9,3.5,3
124,40,5,4.81,3
124,41,5,4.73,3
124,42,17,2.46,3
124,43,8,2.92,3
124,44,5,4.09,3
124,45,6,4.29,3
124,46,12,3.53,3
124,47,7,2.68,3
124,48,12,2.5,3
124,49,12,2.95,3
124,50,12,2.13,3
124,51,5,4.01,3
124,52,4,4.24,3
125,1,0,4.23,3
125,2,5,2.29,3
125,3,0,4.89,3
125,4,1,2.43,3
125,5,0,3.45,3
125,6,0,3.69,3
125,7,0,4.8,3
125,8,1,4.46,3
125,9,1,3.6,3
125,10,0,3.15,3
125,11,0,3.64,3
125,12,0,4.39,3
125,13,0,3.88,3
125,14,0,2.31,3
125,15,0,2.58,3
125,16,0,4.53,3
125,17,0,3.44,3
125,18,0,4.33,3
125,19,0,4.45,3
125,20,2,2.89,3
125,21,3,2.68,3
125,22,0,3.86,3
125,23,1,3.12,3
125,24,0,4.66,3
125,25,0,2.38,3
125,26,2,2.47,3
125,27,0,3.92,3
125,28,1,2.56,3
125,29,0,3.99,3
125,30,0,3.54,3
125,31,0,4.22,3
125,32,2,3.01,3
125,33,3,2.33,3
125,34,1,3.21,3
125,35,0,3.63,3
125,36,0,4.22,3
125,37,1,2.52,3
125,38,0,3.76,3
125,39,0,3.5,3
125,40,0,4.81,3
125,41,0,4.73,3
125,42,2,2.46,3
125,43,1,2.92,3
125,44,0,4.09,3
125,45,0,4.29,3
125,46,0,3.53,3
125,47,0,2.68,3
125,48,1,2.5,3
125,49,0,2.95,3
125,50,4,2.13,3
125,51,0,4.01,3
125,52,0,4.24,3
126,1,2,4.23,1
126,2,4,2.29,1
126,3,3,4.89,1
126,4,5,2.43,1
126,5,4,3.45,1
126,6,0,3.69,1
126,7,2,4.8,1
126,8,0,4.46,1
126,9,1,3.6,1
126,10,2,3.15,1
126,11,1,3.64,1
126,12,0,4.39,1
126,13,3,3.88,1
126,14,1,2.31,1
126,15,5,2.58,1
126,16,1,4.53,1
126,17,1,3.44,1
126,18,2,4.33,1
126,19,1,4.45,1
126,20,2,2.89,1
126,21,4,2.68,1
126,22,2,3.86,1
126,23,1,3.12,1
126,24,1,4.66,1
126,25,8,2.38,1
126,26,2,2.47,1
126,27,1,3.92,1
126,28,4,2.56,1
126,29,1,3.99,1
126,30,3,3.54,1
126,31,1,4.22,1
126,32,1,3.01,1
126,33,3,2.33,1
126,34,1,3.21,1
126,35,3,3.63,1
126,36,0,4.22,1
126,37,7,2.52,1
126,38,0,3.76,1
126,39,2,3.5,1
126,40,1,4.81,1
126,41,0,4.73,1
126,42,4,2.46,1
126,43,4,2.92,1
126,44,3,4.09,1
126,45,3,4.29,1
126,46,1,3.53,1
126,47,5,2.68,1
126,48,5,2.5,1
126,49,1,2.95,1
126,50,5,2.13,1
126,51,0,4.01,1
126,52,1,4.24,1
127,1,4,4.23,3
127,2,17,2.29,3
127,3,6,4.89,3
127,4,7,2.43,3
127,5,9,3.45,3
127,6,4,3.69,3
127,7,1,4.8,3
127,8,0,4.46,3
127,9,10,3.6,3
127,10,6,3.15,3
127,11,2,3.64,3
127,12,6,4.39,3
127,13,7,3.88,3
127,14,12,2.31,3
127,15,5,2.58,3
127,16,1,4.53,3
127,17,2,3.44,3
127,18,6,4.33,3
127,19,3,4.45,3
127,20,9,2.89,3
127,21,13,2.68,3
127,22,0,3.86,3
127,23,8,3.12,3
127,24,5,4.66,3
127,25,13,2.38,3
127,26,9,2.47,3
127,27,5,3.92,3
127,28,9,2.56,3
127,29,7,3.99,3
127,30,6,3.54,3
127,31,1,4.22,3
127,32,8,3.01,3
127,33,19,2.33,3
127,34,7,3.21,3
127,35,10,3.63,3
127,36,2,4.22,3
127,37,14,2.52,3
127,38,3,3.76,3
127,39,9,3.5,3
127,40,1,4.81,3
127,41,5,4.73,3
127,42,10,2.46,3
127,43,9,2.92,3
127,44,4,4.09,3
127,45,8,4.29,3
127,46,7,3.53,3
127,47,10,2.68,3
127,48,13,2.5,3
127,49,13,2.95,3
127,50,11,2.13,3
127,51,6,4.01,3
127,52,3,4.24,3
128,1,5,4.23,3
128,2,12,2.29,3
128,3,4,4.89,3
128,4,10,2.43,3
128,5,6,3.45,3
128,6,10,3.69,3
128,7,2,4.8,3
128,8,7,4.46,3
128,9,7,3.6,3
128,10,4,3.15,3
128,11,7,3.64,3
128,12,6,4.39,3
128,13,4,3.88,3
128,14,8,2.31,3
128,15,9,2.58,3
128,16,5,4.53,3
128,17,7,3.44,3
128,18,5,4.33,3
128,19,6,4.45,3
128,20,13,2.89,3
128,21,7,2.68,3
128,22,4,3.86,3
128,23,7,3.12,3
128,24,3,4.66,3
128,25,12,2.38,3
128,26,9,2.47,3
128,27,4,3.92,3
128,28,14,2.56,3
128,29,6,3.99,3
128,30,11,3.54,3
128,31,5,4.22,3
128,32,15,3.01,3
128,33,15,2.33,3
128,34,6,3.21,3
128,35,7,3.63,3
128,36,6,4.22,3
128,37,14,2.52,3
128,38,7,3.76,3
128,39,5,3.5,3
128,40,5,4.81,3
128,41,5,4.73,3
128,42,14,2.46,3
128,43,13,2.92,3
128,44,6,4.09,3
128,45,3,4.29,3
128,46,9,3.53,3
128,47,15,2.68,3
128,48,13,2.5,3
128,49,7,2.95,3
128,50,23,2.13,3
128,51,4,4.01,3
128,52,3,4.24,3
129,1,0,4.23,2
129,2,1,2.29,2
129,3,0,4.89,2
129,4,0,2.43,2
129,5,0,3.45,2
129,6,1,3.69,2
129,7,0,4.8,2
129,8,0,4.46,2
129,9,0,3.6,2
129,10,1,3.15,2
129,11,1,3.64,2
129,12,0,4.39,2
129,13,0,3.88,2
129,14,1,2.31,2
129,15,0,2.58,2
129,16,0,4.53,2
129,17,0,3.44,2
129,18,1,4.33,2
129,19,0,4.45,2
129,20,0,2.89,2
129,21,0,2.68,2
129,22,0,3.86,2
129,23,0,3.12,2
129,24,0,4.66,2
129,25,0,2.38,2
129,26,2,2.47,2
129,27,0,3.92,2
129,28,0,2.56,2
129,29,0,3.99,2
129,30,0,3.54,2
129,31,0,4.22,2
129,32,0,3.01,2
129,33,1,2.33,2
129,34,0,3.21,2
129,35,0,3.63,2
129,36,0,4.22,2
129,37,0,2.52,2
129,38,0,3.76,2
129,39,0,3.5,2
129,40,0,4.81,2
129,41,0,4.73,2
129,42,2,2.46,2
129,43,0,2.92,2
129,44,0,4.09,2
129,45,0,4.29,2
129,46,1,3.53,2
129,47,2,2.68,2
129,48,0,2.5,2
129,49,0,2.95,2
129,50,0,2.13,2
129,51,0,4.01,2
129,52,0,4.24,2
130,1,18,4.23,5
130,2,20,2.29,5
130,3,12,4.89,5
130,4,10,2.43,5
130,5,18,3.45,5
130,6,18,3.69,5
130,7,12,4.8,5
130,8,16,4.46,5
130,9,20,3.6,5
130,10,21,3.15,5
130,11,16,3.64,5
130,12,17,4.39,5
130,13,16,3.88,5
130,14,20,2.31,5
130,15,9,2.58,5
130,16,20,4.53,5
130,17,9,3.44,5
130,18,12,4.33,5
130,19,16,4.45,5
130,20,21,2.89,5
130,21,15,2.68,5
130,22,13,3.86,5
130,23,11,3.12,5
130,24,9,4.66,5
130,25,14,2.38,5
130,26,9,2.47,5
130,27,10,3.92,5
130,28,14,2.56,5
130,29,20,3.99,5
130,30,13,3.54,5
130,31,17,4.22,5
130,32,17,3.01,5
130,33,18,2.33,5
130,34,18,3.21,5
130,35,13,3.63,5
130,36,15,4.22,5
130,37,15,2.52,5
130,38,18,3.76,5
130,39,14,3.5,5
130,40,9,4.81,5
130,41,10,4.73,5
130,42,15,2.46,5
130,43,12,2.92,5
130,44,14,4.09,5
130,45,18,4.29,5
130,46,15,3.53,5
130,47,16,2.68,5
130,48,17,2.5,5
130,49,12,2.95,5
130,50,12,2.13,5
130,51,18,4.01,5
130,52,16,4.24,5
131,1,13,4.23,5
131,2,12,2.29,5
131,3,12,4.89,5
131,4,14,2.43,5
131,5,18,3.45,5
131,6,16,3.69,5
131,7,14,4.8,5
131,8,11,4.46,5
131,9,19,3.6,5
131,10,13,3.15,5
131,11,15,3.64,5
131,12,16,4.39,5
131,13,16,3.88,5
131,14,16,2.31,5
131,15,12,2.58,5
131,16,19,4.53,5
131,17,14,3.44,5
131,18,15,4.33,5
131,19,12,4.45,5
131,20,11,2.89,5
131,21,17,2.68,5
131,22,15,3.86,5
131,23,14,3.12,5
131,24,12,4.66,5
131,25,19,2.38,5
131,26,15,2.47,5
131,27,13,3.92,5
131,28,11,2.56,5
131,29,26,3.99,5
131,30,19,3.54,5
131,31,17,4.22,5
131,32,16,3.01,5
131,33,24,2.33,5
131,34,24,3.21,5
131,35,14,3.63,5
131,36,8,4.22,5
131,37,9,2.52,5
131,38,15,3.76,5
131,39,9,3.5,5
131,40,10,4.81,5
131,41,21,4.73,5
131,42,15,2.46,5
131,43,14,2.92,5
131,44,13,4.09,5
131,45,7,4.29,5
131,46,14,3.53,5
131,47,16,2.68,5
131,48,14,2.5,5
131,49,21,2.95,5
131,50,27,2.13,5
131,51,18,4.01,5
131,52,19,4.24,5
132,1,1,4.23,2
132,2,4,2.29,2
132,3,1,4.89,2
132,4,5,2.43,2
132,5,2,3.45,2
132,6,0,3.69,2
132,7,1,4.8,2
132,8,0,4.46,2
132,9,1,3.6,2
132,10,4,3.15,2
132,11,0,3.64,2
132,12,0,4.39,2
132,13,1,3.88,2
132,14,6,2.31,2
132,15,4,2.58,2
132,16,1,4.53,2
132,17,2,3.44,2
132,18,1,4.33,2
132,19,1,4.45,2
132,20,2,2.89,2
132,21,6,2.68,2
132,22,2,3.86,2
132,23,4,3.12,2
132,24,0,4.66,2
132,25,5,2.38,2
132,26,12,2.47,2
132,27,2,3.92,2
132,28,5,2.56,2
132,29,0,3.99,2
132,30,2,3.54,2
132,31,3,4.22,2
132,32,3,3.01,2
132,33,6,2.33,2
132,34,1,3.21,2
132,35,0,3.63,2
132,36,2,4.22,2
132,37,2,2.52,2
132,38,2,3.76,2
132,39,5,3.5,2
132,40,0,4.81,2
132,41,3,4.73,2
132,42,4,2.46,2
132,43,4,2.92,2
132,44,0,4.09,2
132,45,1,4.29,2
132,46,2,3.53,2
132,47,2,2.68,2
132,48,5,2.5,2
132,49,2,2.95,2
132,50,6,2.13,2
132,51,3,4.01,2
132,52,0,4.24,2
133,1,10,4.23,5
133,2,12,2.29,5
133,3,8,4.89,5
133,4,17,2.43,5
133,5,18,3.45,5
133,6,19,3.69,5
133,7,10,4.8,5
133,8,6,4.46,5
133,9,20,3.6,5
133,10,13,3.15,5
133,11,14,3.64,5
133,12,7,4.39,5
133,13,16,3.88,5
133,14,10,2.31,5
133,15,21,2.58,5
133,16,6,4.53,5
133,17,18,3.44,5
133,18,6,4.33,5
133,19,10,4.45,5
133,20,11,2.89,5
133,21,13,2.68,5
133,22,18,3.86,5
133,23,13,3.12,5
133,24,8,4.66,5
133,25,21,2.38,5
133,26,20,2.47,5
133,27,13,3.92,5
133,28,20,2.56,5
133,29,11,3.99,5
133,30,18,3.54,5
133,31,9,4.22,5
133,32,20,3.01,5
133,33,13,2.33,5
133,34,18,3.21,5
133,35,9,3.63,5
133,36,13,4.22,5
133,37,13,2.52,5
133,38,14,3.76,5
133,39,11,3.5,5
133,40,6,4.81,5
133,41,7,4.73,5
133,42,12,2.46,5
133,43,20,2.92,5
133,44,8,4.09,5
133,45,10,4.29,5
133,46,11,3.53,5
133,47,5,2.68,5
133,48,16,2.5,5
133,49,12,2.95,5
133,50,13,2.13,5
133,51,16,4.01,5
133,52,8,4.24,5
134,1,1,4.23,2
134,2,3,2.29,2
134,3,0,4.89,2
134,4,6,2.43,2
134,5,0,3.45,2
134,6,1,3.69,2
134,7,4,4.8,2
134,8,0,4.46,2
134,9,2,3.6,2
134,10,1,3.15,2
134,11,3,3.64,2
134,12,1,4.39,2
134,13,0,3.88,2
134,14,6,2.31,2
134,15,7,2.58,2
134,16,1,4.53,2
134,17,1,3.44,2
134,18,2,4.33,2
134,19,2,4.45,2
134,20,4,2.89,2
134,21,3,2.68,2
134,22,1,3.86,2
134,23,0,3.12,2
134,24,0,4.66,2
134,25,7,2.38,2
134,26,8,2.47,2
134,27,2,3.92,2
134,28,9,2.56,2
134,29,2,3.99,2
134,30,1,3.54,2
134,31,1,4.22,2
134,32,7,3.01,2
134,33,6,2.33,2
134,34,2,3.21,2
134,35,1,3.63,2
134,36,1,4.22,2
134,37,2,2.52,2
134,38,1,3.76,2
134,39,6,3.5,2
134,40,0,4.81,2
134,41,1,4.73,2
134,42,5,2.46,2
134,43,2,2.92,2
134,44,2,4.09,2
134,45,1,4.29,2
134,46,7,3.53,2
134,47,5,2.68,2
134,48,2,2.5,2
134,49,5,2.95,2
134,50,11,2.13,2
134,51,3,4.01,2
134,52,2,4.24,2
135,1,4,4.23,3
135,2,18,2.29,3
135,3,1,4.89,3
135,4,10,2.43,3
135,5,5,3.45,3
135,6,7,3.69,3
135,7,3,4.8,3
135,8,7,4.46,3
135,9,11,3.6,3
135,10,5,3.15,3
135,11,5,3.64,3
135,12,1,4.39,3
135,13,6,3.88,3
135,14,15,2.31,3
135,15,5,2.58,3
135,16,3,4.53,3
135,17,5,3.44,3
135,18,5,4.33,3
135,19,5,4.45,3
135,20,10,2.89,3
135,21,4,2.68,3
135,22,2,3.86,3
135,23,6,3.12,3
135,24,2,4.66,3
135,25,9,2.38,3
135,26,12,2.47,3
135,27,4,3.92,3
135,28,12,2.56,3
135,29,7,3.99,3
135,30,7,3.54,3
135,31,3,4.22,3
135,32,6,3.01,3
135,33,11,2.33,3
135,34,9,3.21,3
135,35,8,3.63,3
135,36,3,4.22,3
135,37,5,2.52,3
135,38,6,3.76,3
135,39,8,3.5,3
135,40,4,4.81,3
135,41,6,4.73,3
135,42,15,2.46,3
135,43,7,2.92,3
135,44,5,4.09,3
135,45,6,4.29,3
135,46,8,3.53,3
135,47,16,2.68,3
135,48,13,2.5,3
135,49,9,2.95,3
135,50,17,2.13,3
135,51,6,4.01,3
135,52,3,4.24,3
136,1,2,4.23,1
136,2,3,2.29,1
136,3,0,4.89,1
136,4,2,2.43,1
136,5,2,3.45,1
136,6,2,3.69,1
136,7,0,4.8,1
136,8,1,4.46,1
136,9,3,3.6,1
136,10,2,3.15,1
136,11,0,3.64,1
136,12,1,4.39,1
136,13,2,3.88,1
136,14,6,2.31,1
136,15,3,2.58,1
136,16,2,4.53,1
136,17,3,3.44,1
136,18,3,4.33,1
136,19,0,4.45,1
136,20,1,2.89,1
136,21,5,2.68,1
136,22,6,3.86,1
136,23,3,3.12,1
136,24,1,4.66,1
136,25,0,2.38,1
136,26,4,2.47,1
136,27,0,3.92,1
136,28,3,2.56,1
136,29,1,3.99,1
136,30,2,3.54,1
136,31,1,4.22,1
136,32,1,3.01,1
136,33,2,2.33,1
136,34,4,3.21,1
136,35,1,3.63,1
136,36,0,4.22,1
136,37,3,2.52,1
136,38,0,3.76,1
136,39,5,3.5,1
136,40,2,4.81,1
136,41,0,4.73,1
136,42,6,2.46,1
136,43,3,2.92,1
136,44,2,4.09,1
136,45,0,4.29,1
136,46,5,3.53,1
136,47,5,2.68,1
136,48,3,2.5,1
136,49,3,2.95,1
136,50,4,2.13,1
136,51,0,4.01,1
136,52,0,4.24,1
137,1,6,4.23,3
137,2,10,2.29,3
137,3,1,4.89,3
137,4,20,2.43,3
137,5,5,3.45,3
137,6,7,3.69,3
137,7,6,4.8,3
137,8,3,4.46,3
137,9,4,3.6,3
137,10,10,3.15,3
137,11,2,3.64,3
137,12,5,4.39,3
137,13,8,3.88,3
137,14,15,2.31,3
137,15,17,2.58,3
137,16,2,4.53,3
137,17,4,3.44,3
137,18,4,4.33,3
137,19,4,4.45,3
137,20,11,2.89,3
137,21,11,2.68,3
137,22,7,3.86,3
137,23,13,3.12,3
137,24,2,4.66,3
137,25,8,2.38,3
137,26,12,2.47,3
137,27,8,3.92,3
137,28,9,2.56,3
137,29,5,3.99,3
137,30,9,3.54,3
137,31,1,4.22,3
137,32,6,3.01,3
137,33,15,2.33,3
137,34,6,3.21,3
137,35,8,3.63,3
137,36,7,4.22,3
137,37,7,2.52,3
137,38,4,3.76,3
137,39,7,3.5,3
137,40,6,4.81,3
137,41,3,4.73,3
137,42,13,2.46,3
137,43,7,2.92,3
137,44,5,4.09,3
137,45,6,4.29,3
137,46,8,3.53,3
137,47,7,2.68,3
137,48,12,2.5,3
137,49,5,2.95,3
137,50,10,2.13,3
137,51,6,4.01,3
137,52,5,4.24,3
138,1,2,4.23,3
138,2,12,2.29,3
138,3,2,4.89,3
138,4,16,2.43,3
138,5,2,3.45,3
138,6,6,3.69,3
138,7,1,4.8,3
138,8,2,4.46,3
138,9,6,3.6,3
138,10,4,3.15,3
138,11,4,3.64,3
138,12,1,4.39,3
138,13,4,3.88,3
138,14,16,2.31,3
138,15,13,2.58,3
138,16,1,4.53,3
138,17,6,3.44,3
138,18,3,4.33,3
138,19,1,4.45,3
138,20,14,2.89,3
138,21,8,2.68,3
138,22,2,3.86,3
138,23,5,3.12,3
138,24,0,4.66,3
138,25,10,2.38,3
138,26,13,2.47,3
138,27,2,3.92,3
138,28,12,2.56,3
138,29,2,3.99,3
138,30,3,3.54,3
138,31,0,4.22,3
138,32,6,3.01,3
138,33,12,2.33,3
138,34,8,3.21,3
138,35,7,3.63,3
138,36,4,4.22,3
138,37,16,2.52,3
138,38,6,3.76,3
138,39,4,3.5,3
138,40,3,4.81,3
138,41,1,4.73,3
138,42,9,2.46,3
138,43,14,2.92,3
138,44,4,4.09,3
138,45,1,4.29,3
138,46,7,3.53,3
138,47,12,2.68,3
138,48,13,2.5,3
138,49,5,2.95,3
138,50,14,2.13,3
138,51,4,4.01,3
138,52,3,4.24,3
139,1,0,4.23,5
139,2,3,2.29,5
139,3,0,4.89,5
139,4,1,2.43,5
139,5,1,3.45,5
139,6,1,3.69,5
139,7,0,4.8,5
139,8,0,4.46,5
139,9,1,3.6,5
139,10,2,3.15,5
139,11,0,3.64,5
139,12,2,4.39,5
139,13,2,3.88,5
139,14,4,2.31,5
139,15,2,2.58,5
139,16,0,4.53,5
139,17,3,3.44,5
139,18,0,4.33,5
139,19,0,4.45,5
139,20,3,2.89,5
139,21,2,2.68,5
139,22,0,3.86,5
139,23,2,3.12,5
139,24,0,4.66,5
139,25,6,2.38,5
139,26,3,2.47,5
139,27,0,3.92,5
139,28,2,2.56,5
139,29,0,3.99,5
139,30,0,3.54,5
139,31,0,4.22,5
139,32,0,3.01,5
139,33,5,2.33,5
139,34,0,3.21,5
139,35,1,3.63,5
139,36,1,4.22,5
139,37,2,2.52,5
139,38,2,3.76,5
139,39,0,3.5,5
139,40,0,4.81,5
139,41,0,4.73,5
139,42,1,2.46,5
139,43,3,2.92,5
139,44,0,4.09,5
139,45,0,4.29,5
139,46,0,3.53,5
139,47,2,2.68,5
139,48,2,2.5,5
139,49,2,2.95,5
139,50,3,2.13,5
139,51,0,4.01,5
139,52,0,4.24,5
140,1,12,4.23,5
140,2,19,2.29,5
140,3,3,4.89,5
140,4,18,2.43,5
140,5,16,3.45,5
140,6,19,3.69,5
140,7,7,4.8,5
140,8,6,4.46,5
140,9,18,3.6,5
140,10,13,3.15,5
140,11,21,3.64,5
140,12,7,4.39,5
140,13,12,3.88,5
140,14,14,2.31,5
140,15,13,2.58,5
140,16,5,4.53,5
140,17,18,3.44,5
140,18,8,4.33,5
140,19,6,4.45,5
140,20,18,2.89,5
140,21,9,2.68,5
140,22,10,3.86,5
140,23,21,3.12,5
140,24,10,4.66,5
140,25,12,2.38,5
140,26,15,2.47,5
140,27,13,3.92,5
140,28,8,2.56,5
140,29,12,3.99,5
140,30,22,3.54,5
140,31,11,4.22,5
140,32,12,3.01,5
140,33,12,2.33,5
140,34,24,3.21,5
140,35,15,3.63,5
140,36,11,4.22,5
140,37,12,2.52,5
140,38,16,3.76,5
140,39,22,3.5,5
140,40,9,4.81,5
140,41,7,4.73,5
140,42,15,2.46,5
140,43,15,2.92,5
140,44,12,4.09,5
140,45,6,4.29,5
140,46,13,3.53,5
140,47,16,2.68,5
140,48,12,2.5,5
140,49,12,2.95,5
140,50,14,2.13,5
140,51,11,4.01,5
140,52,8,4.24,5
141,1,0,4.23,2
141,2,3,2.29,2
141,3,0,4.89,2
141,4,0,2.43,2
141,5,0,3.45,2
141,6,0,3.69,2
141,7,0,4.8,2
141,8,0,4.46,2
141,9,0,3.6,2
141,10,0,3.15,2
141,11,0,3.64,2
141,12,0,4.39,2
141,13,0,3.88,2
141,14,0,2.31,2
141,15,0,2.58,2
141,16,0,4.53,2
141,17,0,3.44,2
141,18,0,4.33,2
141,19,0,4.45,2
141,20,0,2.89,2
141,21,1,2.68,2
141,22,0,3.86,2
141,23,1,3.12,2
141,24,0,4.66,2
141,25,0,2.38,2
141,26,3,2.47,2
141,27,0,3.92,2
141,28,0,2.56,2
141,29,0,3.99,2
141,30,1,3.54,2
141,31,0,4.22,2
141,32,1,3.01,2
141,33,0,2.33,2
141,34,1,3.21,2
141,35,0,3.63,2
141,36,0,4.22,2
141,37,1,2.52,2
141,38,0,3.76,2
141,39,0,3.5,2
141,40,0,4.81,2
141,41,0,4.73,2
141,42,1,2.46,2
141,43,0,2.92,2
141,44,1,4.09,2
141,45,0,4.29,2
141,46,1,3.53,2
141,47,0,2.68,2
141,48,0,2.5,2
141,49,1,2.95,2
141,50,0,2.13,2
141,51,0,4.01,2
141,52,0,4.24,2
142,1,5,4.23,4
142,2,11,2.29,4
142,3,10,4.89,4
142,4,16,2.43,4
142,5,19,3.45,4
142,6,9,3.69,4
142,7,8,4.8,4
142,8,11,4.46,4
142,9,14,3.6,4
142,10,9,3.15,4
142,11,11,3.64,4
142,12,7,4.39,4
142,13,8,3.88,4
142,14,17,2.31,4
142,15,13,2.58,4
142,16,5,4.53,4
142,17,12,3.44,4
142,18,4,4.33,4
142,19,7,4.45,4
142,20,12,2.89,4
142,21,15,2.68,4
142,22,2,3.86,4
142,23,16,3.12,4
142,24,5,4.66,4
142,25,18,2.38,4
142,26,11,2.47,4
142,27,7,3.92,4
142,28,8,2.56,4
142,29,13,3.99,4
142,30,12,3.54,4
142,31,12,4.22,4
142,32,16,3.01,4
142,33,16,2.33,4
142,34,9,3.21,4
142,35,13,3.63,4
142,36,9,4.22,4
142,37,14,2.52,4
142,38,5,3.76,4
142,39,9,3.5,4
142,40,8,4.81,4
142,41,7,4.73,4
142,42,18,2.46,4
142,43,18,2.92,4
142,44,11,4.09,4
142,45,12,4.29,4
142,46,15,3.53,4
142,47,12,2.68,4
142,48,14,2.5,4
142,49,14,2.95,4
142,50,17,2.13,4
142,51,14,4.01,4
142,52,6,4.24,4
143,1,7,4.23,3
143,2,9,2.29,3
143,3,1,4.89,3
143,4,13,2.43,3
143,5,8,3.45,3
143,6,7,3.69,3
143,7,1,4.8,3
143,8,3,4.46,3
143,9,4,3.6,3
143,10,10,3.15,3
143,11,4,3.64,3
143,12,6,4.39,3
143,13,6,3.88,3
143,14,18,2.31,3
143,15,7,2.58,3
143,16,2,4.53,3
143,17,4,3.44,3
143,18,6,4.33,3
143,19,1,4.45,3
143,20,7,2.89,3
143,21,12,2.68,3
143,22,6,3.86,3
143,23,7,3.12,3
143,24,3,4.66,3
143,25,11,2.38,3
143,26,16,2.47,3
143,27,5,3.92,3
143,28,9,2.56,3
143,29,7,3.99,3
143,30,6,3.54,3
143,31,4,4.22,3
143,32,4,3.01,3
143,33,12,2.33,3
143,34,10,3.21,3
143,35,5,3.63,3
143,36,10,4.22,3
143,37,10,2.52,3
143,38,5,3.76,3
143,39,7,3.5,3
143,40,8,4.81,3
143,41,5,4.73,3
143,42,13,2.46,3
143,43,5,2.92,3
143,44,4,4.09,3
143,45,3,4.29,3
143,46,6,3.53,3
143,47,8,2.68,3
143,48,18,2.5,3
143,49,13,2.95,3
143,50,9,2.13,3
143,51,10,4.01,3
143,52,7,4.24,3
144,1,10,4.23,5
144,2,14,2.29,5
144,3,2,4.89,5
144,4,11,2.43,5
144,5,16,3.45,5
144,6,12,3.69,5
144,7,6,4.8,5
144,8,8,4.46,5
144,9,12,3.6,5
144,10,16,3.15,5
144,11,13,3.64,5
144,12,5,4.39,5
144,13,14,3.88,5
144,14,13,2.31,5
144,15,10,2.58,5
144,16,6,4.53,5
144,17,19,3.44,5
144,18,7,4.33,5
144,19,6,4.45,5
144,20,10,2.89,5
144,21,11,2.68,5
144,22,19,3.86,5
144,23,21,3.12,5
144,24,8,4.66,5
144,25,21,2.38,5
144,26,22,2.47,5
144,27,19,3.92,5
144,28,9,2.56,5
144,29,12,3.99,5
144,30,22,3.54,5
144,31,9,4.22,5
144,32,12,3.01,5
144,33,19,2.33,5
144,34,17,3.21,5
144,35,13,3.63,5
144,36,10,4.22,5
144,37,19,2.52,5
144,38,21,3.76,5
144,39,17,3.5,5
144,40,7,4.81,5
144,41,8,4.73,5
144,42,17,2.46,5
144,43,12,2.92,5
144,44,6,4.09,5
144,45,11,4.29,5
144,46,16,3.53,5
144,47,11,2.68,5
144,48,7,2.5,5
144,49,13,2.95,5
144,50,19,2.13,5
144,51,10,4.01,5
144,52,11,4.24,5
145,1,0,4.23,1
145,2,0,2.29,1
145,3,0,4.89,1
145,4,0,2.43,1
145,5,0,3.45,1
145,6,0,3.69,1
145,7,0,4.8,1
145,8,0,4.46,1
145,9,0,3.6,1
145,10,0,3.15,1
145,11,0,3.64,1
145,12,0,4.39,1
145,13,0,3.88,1
145,14,0,2.31,1
145,15,1,2.58,1
145,16,0,4.53,1
145,17,0,3.44,1
145,18,0,4.33,1
145,19,0,4.45,1
145,20,0,2.89,1
145,21,0,2.68,1
145,22,0,3.86,1
145,23,0,3.12,1
145,24,0,4.66,1
145,25,0,2.38,1
145,26,1,2.47,1
145,27,0,3.92,1
145,28,1,2.56,1
145,29,0,3.99,1
145,30,0,3.54,1
145,31,0,4.22,1
145,32,1,3.01,1
145,33,0,2.33,1
145,34,1,3.21,1
145,35,0,3.63,1
145,36,0,4.22,1
145,37,0,2.52,1
145,38,0,3.76,1
145,39,0,3.5,1
145,40,0,4.81,1
145,41,0,4.73,1
145,42,0,2.46,1
145,43,1,2.92,1
145,44,0,4.09,1
145,45,0,4.29,1
145,46,0,3.53,1
145,47,0,2.68,1
145,48,1,2.5,1
145,49,0,2.95,1
145,50,1,2.13,1
145,51,0,4.01,1
145,52,0,4.24,1
146,1,2,4.23,1
146,2,4,2.29,1
146,3,0,4.89,1
146,4,3,2.43,1
146,5,3,3.45,1
146,6,3,3.69,1
146,7,2,4.8,1
146,8,0,4.46,1
146,9,1,3.6,1
146,10,2,3.15,1
146,11,0,3.64,1
146,12,1,4.39,1
146,13,2,3.88,1
146,14,3,2.31,1
146,15,2,2.58,1
146,16,0,4.53,1
146,17,2,3.44,1
146,18,1,4.33,1
146,19,1,4.45,1
146,20,0,2.89,1
146,21,4,2.68,1
146,22,1,3.86,1
146,23,3,3.12,1
146,24,0,4.66,1
146,25,5,2.38,1
146,26,6,2.47,1
146,27,0,3.92,1
146,28,4,2.56,1
146,29,2,3.99,1
146,30,1,3.54,1
146,31,0,4.22,1
146,32,4,3.01,1
146,33,3,2.33,1
146,34,5,3.21,1
146,35,2,3.63,1
146,36,2,4.22,1
146,37,3,2.52,1
146,38,3,3.76,1
146,39,3,3.5,1
146,40,1,4.81,1
146,41,1,4.73,1
146,42,2,2.46,1
146,43,1,2.92,1
146,44,5,4.09,1
146,45,0,4.29,1
146,46,1,3.53,1
146,47,1,2.68,1
146,48,6,2.5,1
146,49,3,2.95,1
146,50,6,2.13,1
146,51,3,4.01,1
146,52,1,4.24,1
147,1,0,4.23,5
147,2,2,2.29,5
147,3,0,4.89,5
147,4,3,2.43,5
147,5,0,3.45,5
147,6,0,3.69,5
147,7,0,4.8,5
147,8,1,4.46,5
147,9,0,3.6,5
147,10,1,3.15,5
147,11,0,3.64,5
147,12,0,4.39,5
147,13,1,3.88,5
147,14,3,2.31,5
147,15,4,2.58,5
147,16,0,4.53,5
147,17,1,3.44,5
147,18,1,4.33,5
147,19,0,4.45,5
147,20,0,2.89,5
147,21,0,2.68,5
147,22,0,3.86,5
147,23,1,3.12,5
147,24,0,4.66,5
147,25,4,2.38,5
147,26,4,2.47,5
147,27,0,3.92,5
147,28,2,2.56,5
147,29,1,3.99,5
147,30,0,3.54,5
147,31,0,4.22,5
147,32,2,3.01,5
147,33,1,2.33,5
147,34,1,3.21,5
147,35,3,3.63,5
147,36,0,4.22,5
147,37,4,2.52,5
147,38,1,3.76,5
147,39,2,3.5,5
147,40,0,4.81,5
147,41,0,4.73,5
147,42,1,2.46,5
147,43,0,2.92,5
147,44,1,4.09,5
147,45,1,4.29,5
147,46,0,3.53,5
147,47,1,2.68,5
147,48,2,2.5,5
147,49,1,2.95,5
147,50,2,2.13,5
147,51,0,4.01,5
147,52,1,4.24,5
148,1,4,4.23,3
148,2,13,2.29,3
148,3,5,4.89,3
148,4,11,2.43,3
148,5,7,3.45,3
148,6,3,3.69,3
148,7,5,4.8,3
148,8,3,4.46,3
148,9,5,3.6,3
148,10,11,3.15,3
148,11,4,3.64,3
148,12,5,4.39,3
148,13,5,3.88,3
148,14,10,2.31,3
148,15,11,2.58,3
148,16,4,4.53,3
148,17,4,3.44,3
148,18,5,4.33,3
148,19,6,4.45,3
148,20,9,2.89,3
148,21,10,2.68,3
148,22,4,3.86,3
148,23,6,3.12,3
148,24,1,4.66,3
148,25,14,2.38,3
148,26,12,2.47,3
148,27,4,3.92,3
148,28,15,2.56,3
148,29,4,3.99,3
148,30,5,3.54,3
148,31,7,4.22,3
148,32,9,3.01,3
148,33,14,2.33,3
148,34,5,3.21,3
148,35,5,3.63,3
148,36,5,4.22,3
148,37,13,2.52,3
148,38,7,3.76,3
148,39,7,3.5,3
148,40,4,4.81,3
148,41,3,4.73,3
148,42,8,2.46,3
148,43,7,2.92,3
148,44,2,4.09,3
148,45,5,4.29,3
148,46,4,3.53,3
148,47,8,2.68,3
148,48,15,2.5,3
148,49,4,2.95,3
148,50,21,2.13,3
148,51,5,4.01,3
148,52,6,4.24,3
149,1,2,4.23,2
149,2,7,2.29,2
149,3,0,4.89,2
149,4,7,2.43,2
149,5,2,3.45,2
149,6,4,3.69,2
149,7,0,4.8,2
149,8,0,4.46,2
149,9,0,3.6,2
149,10,3,3.15,2
149,11,2,3.64,2
149,12,0,4.39,2
149,13,1,3.88,2
149,14,5,2.31,2
149,15,2,2.58,2
149,16,0,4.53,2
149,17,4,3.44,2
149,18,1,4.33,2
149,19,3,4.45,2
149,20,3,2.89,2
149,21,1,2.68,2
149,22,0,3.86,2
149,23,3,3.12,2
149,24,1,4.66,2
149,25,2,2.38,2
149,26,2,2.47,2
149,27,1,3.92,2
149,28,6,2.56,2
149,29,1,3.99,2
149,30,3,3.54,2
149,31,1,4.22,2
149,32,3,3.01,2
149,33,7,2.33,2
149,34,1,3.21,2
149,35,1,3.63,2
149,36,0,4.22,2
149,37,11,2.52,2
149,38,1,3.76,2
149,39,4,3.5,2
149,40,0,4.81,2
149,41,1,4.73,2
149,42,8,2.46,2
149,43,2,2.92,2
149,44,3,4.09,2
149,45,0,4.29,2
149,46,1,3.53,2
149,47,6,2.68,2
149,48,4,2.5,2
149,49,7,2.95,2
149,50,7,2.13,2
149,51,3,4.01,2
149,52,0,4.24,2
150,1,11,4.23,5
150,2,25,2.29,5
150,3,8,4.89,5
150,4,9,2.43,5
150,5,12,3.45,5
150,6,13,3.69,5
150,7,8,4.8,5
150,8,8,4.46,5
150,9,15,3.6,5
150,10,10,3.15,5
150,11,14,3.64,5
150,12,8,4.39,5
150,13,16,3.88,5
150,14,14,2.31,5
150,15,16,2.58,5
150,16,7,4.53,5
150,17,19,3.44,5
150,18,14,4.33,5
150,19,11,4.45,5
150,20,13,2.89,5
150,21,17,2.68,5
150,22,13,3.86,5
150,23,8,3.12,5
150,24,5,4.66,5
150,25,9,2.38,5
150,26,19,2.47,5
150,27,17,3.92,5
150,28,11,2.56,5
150,29,11,3.99,5
150,30,12,3.54,5
150,31,8,4.22,5
150,32,13,3.01,5
150,33,19,2.33,5
150,34,16,3.21,5
150,35,12,3.63,5
150,36,7,4.22,5
150,37,21,2.52,5
150,38,14,3.76,5
150,39,19,3.5,5
150,40,7,4.81,5
150,41,11,4.73,5
150,42,10,2.46,5
150,43,13,2.92,5
150,44,12,4.09,5
150,45,9,4.29,5
150,46,11,3.53,5
150,47,15,2.68,5
150,48,22,2.5,5
150,49,11,2.95,5
150,50,14,2.13,5
150,51,12,4.01,5
150,52,8,4.24,5
151,1,0,4.23,4
151,2,1,2.29,4
151,3,1,4.89,4
151,4,3,2.43,4
151,5,0,3.45,4
151,6,0,3.69,4
151,7,0,4.8,4
151,8,0,4.46,4
151,9,1,3.6,4
151,10,0,3.15,4
151,11,0,3.64,4
151,12,0,4.39,4
151,13,1,3.88,4
151,14,2,2.31,4
151,15,2,2.58,4
151,16,0,4.53,4
151,17,2,3.44,4
151,18,0,4.33,4
151,19,0,4.45,4
151,20,0,2.89,4
151,21,2,2.68,4
151,22,0,3.86,4
151,23,1,3.12,4
151,24,0,4.66,4
151,25,3,2.38,4
151,26,1,2.47,4
151,27,0,3.92,4
151,28,0,2.56,4
151,29,0,3.99,4
151,30,0,3.54,4
151,31,0,4.22,4
151,32,1,3.01,4
151,33,1,2.33,4
151,34,2,3.21,4
151,35,0,3.63,4
151,36,0,4.22,4
151,37,2,2.52,4
151,38,0,3.76,4
151,39,0,3.5,4
151,40,0,4.81,4
151,41,0,4.73,4
151,42,2,2.46,4
151,43,3,2.92,4
151,44,0,4.09,4
151,45,0,4.29,4
151,46,1,3.53,4
151,47,1,2.68,4
151,48,2,2.5,4
151,49,0,2.95,4
151,50,2,2.13,4
151,51,0,4.01,4
151,52,0,4.24,4
152,1,3,4.23,1
152,2,2,2.29,1
152,3,1,4.89,1
152,4,3,2.43,1
152,5,2,3.45,1
152,6,3,3.69,1
152,7,0,4.8,1
152,8,0,4.46,1
152,9,4,3.6,1
152,10,0,3.15,1
152,11,3,3.64,1
152,12,1,4.39,1
152,13,2,3.88,1
152,14,1,2.31,1
152,15,4,2.58,1
152,16,2,4.53,1
152,17,4,3.44,1
152,18,0,4.33,1
152,19,2,4.45,1
152,20,3,2.89,1
152,21,3,2.68,1
152,22,0,3.86,1
152,23,2,3.12,1
152,24,1,4.66,1
152,25,5,2.38,1
152,26,1,2.47,1
152,27,0,3.92,1
152,28,4,2.56,1
152,29,1,3.99,1
152,30,2,3.54,1
152,31,3,4.22,1
152,32,3,3.01,1
152,33,6,2.33,1
152,34,2,3.21,1
152,35,1,3.63,1
152,36,4,4.22,1
152,37,2,2.52,1
152,38,3,3.76,1
152,39,3,3.5,1
152,40,1,4.81,1
152,41,1,4.73,1
152,42,3,2.46,1
152,43,4,2.92,1
152,44,1,4.09,1
152,45,0,4.29,1
152,46,3,3.53,1
152,47,1,2.68,1
152,48,1,2.5,1
152,49,3,2.95,1
152,50,3,2.13,1
152,51,3,4.01,1
152,52,2,4.24,1
153,1,10,4.23,5
153,2,15,2.29,5
153,3,10,4.89,5
153,4,17,2.43,5
153,5,13,3.45,5
153,6,15,3.69,5
153,7,6,4.8,5
153,8,5,4.46,5
153,9,13,3.6,5
153,10,16,3.15,5
153,11,19,3.64,5
153,12,9,4.39,5
153,13,8,3.88,5
153,14,22,2.31,5
153,15,18,2.58,5
153,16,11,4.53,5
153,17,16,3.44,5
153,18,12,4.33,5
153,19,8,4.45,5
153,20,11,2.89,5
153,21,13,2.68,5
153,22,18,3.86,5
153,23,9,3.12,5
153,24,6,4.66,5
153,25,8,2.38,5
153,26,19,2.47,5
153,27,15,3.92,5
153,28,9,2.56,5
153,29,6,3.99,5
153,30,10,3.54,5
153,31,6,4.22,5
153,32,9,3.01,5
153,33,8,2.33,5
153,34,10,3.21,5
153,35,18,3.63,5
153,36,5,4.22,5
153,37,16,2.52,5
153,38,19,3.76,5
153,39,13,3.5,5
153,40,7,4.81,5
153,41,8,4.73,5
153,42,16,2.46,5
153,43,8,2.92,5
153,44,8,4.09,5
153,45,9,4.29,5
153,46,14,3.53,5
153,47,18,2.68,5
153,48,14,2.5,5
153,49,14,2.95,5
153,50,15,2.13,5
153,51,5,4.01,5
153,52,6,4.24,5
154,1,0,4.23,5
154,2,4,2.29,5
154,3,0,4.89,5
154,4,4,2.43,5
154,5,0,3.45,5
154,6,1,3.69,5
154,7,0,4.8,5
154,8,0,4.46,5
154,9,0,3.6,5
154,10,2,3.15,5
154,11,0,3.64,5
154,12,1,4.39,5
154,13,0,3.88,5
154,14,1,2.31,5
154,15,7,2.58,5
154,16,0,4.53,5
154,17,1,3.44,5
154,18,0,4.33,5
154,19,0,4.45,5
154,20,3,2.89,5
154,21,2,2.68,5
154,22,0,3.86,5
154,23,3,3.12,5
154,24,0,4.66,5
154,25,1,2.38,5
154,26,4,2.47,5
154,27,1,3.92,5
154,28,1,2.56,5
154,29,1,3.99,5
154,30,0,3.54,5
154,31,1,4.22,5
154,32,1,3.01,5
154,33,3,2.33,5
154,34,1,3.21,5
154,35,1,3.63,5
154,36,0,4.22,5
154,37,3,2.52,5
154,38,0,3.76,5
154,39,0,3.5,5
154,40,0,4.81,5
154,41,0,4.73,5
154,42,2,2.46,5
154,43,0,2.92,5
154,44,1,4.09,5
154,45,0,4.29,5
154,46,0,3.53,5
154,47,4,2.68,5
154,48,2,2.5,5
154,49,1,2.95,5
154,50,3,2.13,5
154,51,0,4.01,5
154,52,0,4.24,5
155,1,1,4.23,1
155,2,4,2.29,1
155,3,0,4.89,1
155,4,3,2.43,1
155,5,2,3.45,1
155,6,7,3.69,1
155,7,0,4.8,1
155,8,2,4.46,1
155,9,1,3.6,1
155,10,1,3.15,1
155,11,1,3.64,1
155,12,4,4.39,1
155,13,1,3.88,1
155,14,2,2.31,1
155,15,4,2.58,1
155,16,1,4.53,1
155,17,2,3.44,1
155,18,2,4.33,1
155,19,2,4.45,1
155,20,1,2.89,1
155,21,3,2.68,1
155,22,4,3.86,1
155,23,4,3.12,1
155,24,0,4.66,1
155,25,6,2.38,1
155,26,3,2.47,1
155,27,3,3.92,1
155,28,4,2.56,1
155,29,1,3.99,1
155,30,1,3.54,1
155,31,1,4.22,1
155,32,1,3.01,1
155,33,4,2.33,1
155,34,0,3.21,1
155,35,3,3.63,1
155,36,1,4.22,1
155,37,7,2.52,1
155,38,3,3.76,1
155,39,1,3.5,1
155,40,1,4.81,1
155,41,3,4.73,1
155,42,5,2.46,1
155,43,3,2.92,1
155,44,1,4.09,1
155,45,0,4.29,1
155,46,2,3.53,1
155,47,1,2.68,1
155,48,1,2.5,1
155,49,4,2.95,1
155,50,7,2.13,1
155,51,3,4.01,1
155,52,2,4.24,1
156,1,2,4.23,1
156,2,7,2.29,1
156,3,3,4.89,1
156,4,3,2.43,1
156,5,2,3.45,1
156,6,2,3.69,1
156,7,2,4.8,1
156,8,1,4.46,1
156,9,2,3.6,1
156,10,5,3.15,1
156,11,8,3.64,1
156,12,2,4.39,1
156,13,0,3.88,1
156,14,4,2.31,1
156,15,1,2.58,1
156,16,4,4.53,1
156,17,0,3.44,1
156,18,3,4.33,1
156,19,1,4.45,1
156,20,7,2.89,1
156,21,0,2.68,1
156,22,1,3.86,1
156,23,3,3.12,1
156,24,2,4.66,1
156,25,5,2.38,1
156,26,5,2.47,1
156,27,4,3.92,1
156,28,1,2.56,1
156,29,2,3.99,1
156,30,3,3.54,1
156,31,1,4.22,1
156,32,1,3.01,1
156,33,4,2.33,1
156,34,3,3.21,1
156,35,1,3.63,1
156,36,4,4.22,1
156,37,4,2.52,1
156,38,1,3.76,1
156,39,2,3.5,1
156,40,1,4.81,1
156,41,0,4.73,1
156,42,2,2.46,1
156,43,3,2.92,1
156,44,1,4.09,1
156,45,1,4.29,1
156,46,0,3.53,1
156,47,7,2.68,1
156,48,3,2.5,1
156,49,4,2.95,1
156,50,7,2.13,1
156,51,3,4.01,1
156,52,0,4.24,1
157,1,15,4.23,5
157,2,18,2.29,5
157,3,18,4.89,5
157,4,10,2.43,5
157,5,18,3.45,5
157,6,17,3.69,5
157,7,18,4.8,5
157,8,6,4.46,5
157,9,14,3.6,5
157,10,11,3.15,5
157,11,9,3.64,5
157,12,18,4.39,5
157,13,16,3.88,5
157,14,15,2.31,5
157,15,18,2.58,5
157,16,15,4.53,5
157,17,16,3.44,5
157,18,25,4.33,5
157,19,25,4.45,5
157,20,11,2.89,5
157,21,11,2.68,5
157,22,15,3.86,5
157,23,13,3.12,5
157,24,21,4.66,5
157,25,11,2.38,5
157,26,14,2.47,5
157,27,14,3.92,5
157,28,17,2.56,5
157,29,18,3.99,5
157,30,16,3.54,5
157,31,13,4.22,5
157,32,11,3.01,5
157,33,16,2.33,5
157,34,14,3.21,5
157,35,18,3.63,5
157,36,14,4.22,5
157,37,11,2.52,5
157,38,13,3.76,5
157,39,19,3.5,5
157,40,11,4.81,5
157,41,11,4.73,5
157,42,17,2.46,5
157,43,16,2.92,5
157,44,14,4.09,5
157,45,17,4.29,5
157,46,15,3.53,5
157,47,13,2.68,5
157,48,17,2.5,5
157,49,9,2.95,5
157,50,12,2.13,5
157,51,14,4.01,5
157,52,13,4.24,5
158,1,0,4.23,4
158,2,0,2.29,4
158,3,0,4.89,4
158,4,1,2.43,4
158,5,0,3.45,4
158,6,0,3.69,4
158,7,0,4.8,4
158,8,0,4.46,4
158,9,0,3.6,4
158,10,1,3.15,4
158,11,1,3.64,4
158,12,0,4.39,4
158,13,0,3.88,4
158,14,5,2.31,4
158,15,5,2.58,4
158,16,0,4.53,4
158,17,0,3.44,4
158,18,0,4.33,4
158,19,0,4.45,4
158,20,1,2.89,4
158,21,0,2.68,4
158,22,0,3.86,4
158,23,0,3.12,4
158,24,1,4.66,4
158,25,1,2.38,4
158,26,3,2.47,4
158,27,0,3.92,4
158,28,1,2.56,4
158,29,0,3.99,4
158,30,0,3.54,4
158,31,0,4.22,4
158,32,0,3.01,4
158,33,5,2.33,4
158,34,0,3.21,4
158,35,0,3.63,4
158,36,0,4.22,4
158,37,2,2.52,4
158,38,1,3.76,4
158,39,0,3.5,4
158,40,0,4.81,4
158,41,0,4.73,4
158,42,2,2.46,4
158,43,1,2.92,4
158,44,2,4.09,4
158,45,0,4.29,4
158,46,0,3.53,4
158,47,2,2.68,4
158,48,3,2.5,4
158,49,1,2.95,4
158,50,2,2.13,4
158,51,0,4.01,4
158,52,0,4.24,4
159,1,9,4.23,5
159,2,16,2.29,5
159,3,2,4.89,5
159,4,23,2.43,5
159,5,17,3.45,5
159,6,22,3.69,5
159,7,6,4.8,5
159,8,6,4.46,5
159,9,11,3.6,5
159,10,24,3.15,5
159,11,15,3.64,5
159,12,7,4.39,5
159,13,16,3.88,5
159,14,14,2.31,5
159,15,14,2.58,5
159,16,11,4.53,5
159,17,14,3.44,5
159,18,9,4.33,5
159,19,10,4.45,5
159,20,17,2.89,5
159,21,15,2.68,5
159,22,15,3.86,5
159,23,12,3.12,5
159,24,11,4.66,5
159,25,17,2.38,5
159,26,18,2.47,5
159,27,12,3.92,5
159,28,16,2.56,5
159,29,13,3.99,5
159,30,17,3.54,5
159,31,8,4.22,5
159,32,19,3.01,5
159,33,12,2.33,5
159,34,12,3.21,5
159,35,20,3.63,5
159,36,11,4.22,5
159,37,25,2.52,5
159,38,20,3.76,5
159,39,21,3.5,5
159,40,6,4.81,5
159,41,6,4.73,5
159,42,15,2.46,5
159,43,15,2.92,5
159,44,10,4.09,5
159,45,13,4.29,5
159,46,15,3.53,5
159,47,17,2.68,5
159,48,14,2.5,5
159,49,19,2.95,5
159,50,17,2.13,5
159,51,18,4.01,5
159,52,5,4.24,5
160,1,2,4.23,4
160,2,22,2.29,4
160,3,3,4.89,4
160,4,17,2.43,4
160,5,12,3.45,4
160,6,6,3.69,4
160,7,5,4.8,4
160,8,3,4.46,4
160,9,6,3.6,4
160,10,10,3.15,4
160,11,6,3.64,4
160,12,4,4.39,4
160,13,3,3.88,4
160,14,13,2.31,4
160,15,13,2.58,4
160,16,0,4.53,4
160,17,11,3.44,4
160,18,6,4.33,4
160,19,4,4.45,4
160,20,10,2.89,4
160,21,10,2.68,4
160,22,7,3.86,4
160,23,8,3.12,4
160,24,1,4.66,4
160,25,14,2.38,4
160,26,23,2.47,4
160,27,7,3.92,4
160,28,14,2.56,4
160,29,8,3.99,4
160,30,6,3.54,4
160,31,4,4.22,4
160,32,11,3.01,4
160,33,18,2.33,4
160,34,5,3.21,4
160,35,8,3.63,4
160,36,4,4.22,4
160,37,6,2.52,4
160,38,4,3.76,4
160,39,13,3.5,4
160,40,0,4.81,4
160,41,0,4.73,4
160,42,18,2.46,4
160,43,17,2.92,4
160,44,4,4.09,4
160,45,5,4.29,4
160,46,13,3.53,4
160,47,15,2.68,4
160,48,15,2.5,4
160,49,21,2.95,4
160,50,15,2.13,4
160,51,8,4.01,4
160,52,8,4.24,4
161,1,0,4.23,5
161,2,5,2.29,5
161,3,0,4.89,5
161,4,3,2.43,5
161,5,0,3.45,5
161,6,0,3.69,5
161,7,1,4.8,5
161,8,0,4.46,5
161,9,1,3.6,5
161,10,1,3.15,5
161,11,1,3.64,5
161,12,0,4.39,5
161,13,0,3.88,5
161,14,4,2.31,5
161,15,1,2.58,5
161,16,1,4.53,5
161,17,1,3.44,5
161,18,0,4.33,5
161,19,1,4.45,5
161,20,0,2.89,5
161,21,1,2.68,5
161,22,0,3.86,5
161,23,0,3.12,5
161,24,0,4.66,5
161,25,5,2.38,5
161,26,5,2.47,5
161,27,0,3.92,5
161,28,2,2.56,5
161,29,0,3.99,5
161,30,2,3.54,5
161,31,0,4.22,5
161,32,1,3.01,5
161,33,7,2.33,5
161,34,1,3.21,5
161,35,1,3.63,5
161,36,0,4.22,5
161,37,2,2.52,5
161,38,0,3.76,5
161,39,1,3.5,5
161,40,0,4.81,5
161,41,0,4.73,5
161,42,3,2.46,5
161,43,3,2.92,5
161,44,0,4.09,5
161,45,0,4.29,5
161,46,0,3.53,5
161,47,5,2.68,5
161,48,1,2.5,5
161,49,2,2.95,5
161,50,7,2.13,5
161,51,0,4.01,5
161,52,0,4.24,5
162,1,7,4.23,5
162,2,20,2.29,5
162,3,5,4.89,5
162,4,11,2.43,5
162,5,15,3.45,5
162,6,12,3.69,5
162,7,4,4.8,5
162,8,8,4.46,5
162,9,25,3.6,5
162,10,10,3.15,5
162,11,12,3.64,5
162,12,7,4.39,5
162,13,16,3.88,5
162,14,22,2.31,5
162,15,14,2.58,5
162,16,13,4.53,5
162,17,16,3.44,5
162,18,6,4.33,5
162,19,6,4.45,5
162,20,17,2.89,5
162,21,17,2.68,5
162,22,17,3.86,5
162,23,16,3.12,5
162,24,4,4.66,5
162,25,11,2.38,5
162,26,14,2.47,5
162,27,18,3.92,5
162,28,14,2.56,5
162,29,13,3.99,5
162,30,16,3.54,5
162,31,7,4.22,5
162,32,13,3.01,5
162,33,15,2.33,5
162,34,17,3.21,5
162,35,16,3.63,5
162,36,7,4.22,5
162,37,16,2.52,5
162,38,13,3.76,5
162,39,22,3.5,5
162,40,6,4.81,5
162,41,9,4.73,5
162,42,16,2.46,5
162,43,21,2.92,5
162,44,9,4.09,5
162,45,6,4.29,5
162,46,15,3.53,5
162,47,12,2.68,5
162,48,15,2.5,5
162,49,18,2.95,5
162,50,18,2.13,5
162,51,10,4.01,5
162,52,8,4.24,5
163,1,3,4.23,1
163,2,2,2.29,1
163,3,1,4.89,1
163,4,2,2.43,1
163,5,4,3.45,1
163,6,4,3.69,1
163,7,2,4.8,1
163,8,1,4.46,1
163,9,2,3.6,1
163,10,1,3.15,1
163,11,1,3.64,1
163,12,0,4.39,1
163,13,1,3.88,1
163,14,3,2.31,1
163,15,2,2.58,1
163,16,0,4.53,1
163,17,3,3.44,1
163,18,2,4.33,1
163,19,3,4.45,1
163,20,2,2.89,1
163,21,2,2.68,1
163,22,3,3.86,1
163,23,0,3.12,1
163,24,3,4.66,1
163,25,1,2.38,1
163,26,1,2.47,1
163,27,1,3.92,1
163,28,1,2.56,1
163,29,5,3.99,1
163,30,6,3.54,1
163,31,2,4.22,1
163,32,1,3.01,1
163,33,4,2.33,1
163,34,1,3.21,1
163,35,1,3.63,1
163,36,1,4.22,1
163,37,1,2.52,1
163,38,6,3.76,1
163,39,4,3.5,1
163,40,1,4.81,1
163,41,0,4.73,1
163,42,5,2.46,1
163,43,2,2.92,1
163,44,1,4.09,1
163,45,1,4.29,1
163,46,2,3.53,1
163,47,1,2.68,1
163,48,2,2.5,1
163,49,3,2.95,1
163,50,4,2.13,1
163,51,0,4.01,1
163,52,1,4.24,1
164,1,2,4.23,2
164,2,2,2.29,2
164,3,3,4.89,2
164,4,10,2.43,2
164,5,3,3.45,2
164,6,2,3.69,2
164,7,0,4.8,2
164,8,5,4.46,2
164,9,1,3.6,2
164,10,3,3.15,2
164,11,4,3.64,2
164,12,3,4.39,2
164,13,3,3.88,2
164,14,10,2.31,2
164,15,9,2.58,2
164,16,1,4.53,2
164,17,3,3.44,2
164,18,1,4.33,2
164,19,1,4.45,2
164,20,5,2.89,2
164,21,5,2.68,2
164,22,6,3.86,2
164,23,1,3.12,2
164,24,0,4.66,2
164,25,6,2.38,2
164,26,8,2.47,2
164,27,4,3.92,2
164,28,4,2.56,2
164,29,3,3.99,2
164,30,0,3.54,2
164,31,1,4.22,2
164,32,6,3.01,2
164,33,9,2.33,2
164,34,2,3.21,2
164,35,2,3.63,2
164,36,2,4.22,2
164,37,5,2.52,2
164,38,6,3.76,2
164,39,3,3.5,2
164,40,1,4.81,2
164,41,1,4.73,2
164,42,8,2.46,2
164,43,2,2.92,2
164,44,0,4.09,2
164,45,5,4.29,2
164,46,3,3.53,2
164,47,6,2.68,2
164,48,6,2.5,2
164,49,8,2.95,2
164,50,8,2.13,2
164,51,3,4.01,2
164,52,3,4.24,2
165,1,0,4.23,5
165,2,0,2.29,5
165,3,0,4.89,5
165,4,1,2.43,5
165,5,0,3.45,5
165,6,1,3.69,5
165,7,0,4.8,5
165,8,0,4.46,5
165,9,0,3.6,5
165,10,1,3.15,5
165,11,1,3.64,5
165,12,1,4.39,5
165,13,0,3.88,5
165,14,1,2.31,5
165,15,2,2.58,5
165,16,0,4.53,5
165,17,0,3.44,5
165,18,1,4.33,5
165,19,0,4.45,5
165,20,3,2.89,5
165,21,0,2.68,5
165,22,0,3.86,5
165,23,2,3.12,5
165,24,0,4.66,5
165,25,5,2.38,5
165,26,2,2.47,5
165,27,0,3.92,5
165,28,0,2.56,5
165,29,0,3.99,5
165,30,1,3.54,5
165,31,1,4.22,5
165,32,0,3.01,5
165,33,8,2.33,5
165,34,1,3.21,5
165,35,1,3.63,5
165,36,1,4.22,5
165,37,3,2.52,5
165,38,0,3.76,5
165,39,1,3.5,5
165,40,0,4.81,5
165,41,0,4.73,5
165,42,2,2.46,5
165,43,2,2.92,5
165,44,0,4.09,5
165,45,1,4.29,5
165,46,1,3.53,5
165,47,3,2.68,5
165,48,5,2.5,5
165,49,1,2.95,5
165,50,1,2.13,5
165,51,1,4.01,5
165,52,0,4.24,5
166,1,0,4.23,1
166,2,5,2.29,1
166,3,1,4.89,1
166,4,1,2.43,1
166,5,4,3.45,1
166,6,1,3.69,1
166,7,0,4.8,1
166,8,0,4.46,1
166,9,1,3.6,1
166,10,4,3.15,1
166,11,1,3.64,1
166,12,1,4.39,1
166,13,1,3.88,1
166,14,5,2.31,1
166,15,1,2.58,1
166,16,2,4.53,1
166,17,2,3.44,1
166,18,0,4.33,1
166,19,0,4.45,1
166,20,2,2.89,1
166,21,2,2.68,1
166,22,0,3.86,1
166,23,3,3.12,1
166,24,0,4.66,1
166,25,7,2.38,1
166,26,4,2.47,1
166,27,1,3.92,1
166,28,1,2.56,1
166,29,0,3.99,1
166,30,2,3.54,1
166,31,0,4.22,1
166,32,1,3.01,1
166,33,2,2.33,1
166,34,1,3.21,1
166,35,1,3.63,1
166,36,0,4.22,1
166,37,3,2.52,1
166,38,0,3.76,1
166,39,1,3.5,1
166,40,1,4.81,1
166,41,1,4.73,1
166,42,3,2.46,1
166,43,2,2.92,1
166,44,0,4.09,1
166,45,0,4.29,1
166,46,1,3.53,1
166,47,1,2.68,1
166,48,4,2.5,1
166,49,1,2.95,1
166,50,4,2.13,1
166,51,0,4.01,1
166,52,0,4.24,1
167,1,0,4.23,5
167,2,1,2.29,5
167,3,0,4.89,5
167,4,1,2.43,5
167,5,2,3.45,5
167,6,1,3.69,5
167,7,0,4.8,5
167,8,0,4.46,5
167,9,0,3.6,5
167,10,1,3.15,5
167,11,0,3.64,5
167,12,0,4.39,5
167,13,1,3.88,5
167,14,2,2.31,5
167,15,2,2.58,5
167,16,1,4.53,5
167,17,0,3.44,5
167,18,0,4.33,5
167,19,0,4.45,5
167,20,1,2.89,5
167,21,1,2.68,5
167,22,1,3.86,5
167,23,3,3.12,5
167,24,1,4.66,5
167,25,3,2.38,5
167,26,1,2.47,5
167,27,0,3.92,5
167,28,1,2.56,5
167,29,0,3.99,5
167,30,0,3.54,5
167,31,0,4.22,5
167,32,2,3.01,5
167,33,2,2.33,5
167,34,1,3.21,5
167,35,2,3.63,5
167,36,0,4.22,5
167,37,1,2.52,5
167,38,0,3.76,5
167,39,0,3.5,5
167,40,0,4.81,5
167,41,0,4.73,5
167,42,2,2.46,5
167,43,1,2.92,5
167,44,0,4.09,5
167,45,0,4.29,5
167,46,2,3.53,5
167,47,2,2.68,5
167,48,1,2.5,5
167,49,0,2.95,5
167,50,7,2.13,5
167,51,1,4.01,5
167,52,1,4.24,5
168,1,5,4.23,4
168,2,13,2.29,4
168,3,1,4.89,4
168,4,18,2.43,4
168,5,14,3.45,4
168,6,13,3.69,4
168,7,3,4.8,4
168,8,6,4.46,4
168,9,6,3.6,4
168,10,12,3.15,4
168,11,8,3.64,4
168,12,3,4.39,4
168,13,2,3.88,4
168,14,18,2.31,4
168,15,11,2.58,4
168,16,1,4.53,4
168,17,7,3.44,4
168,18,7,4.33,4
168,19,2,4.45,4
168,20,13,2.89,4
168,21,16,2.68,4
168,22,4,3.86,4
168,23,16,3.12,4
168,24,0,4.66,4
168,25,20,2.38,4
168,26,9,2.47,4
168,27,12,3.92,4
168,28,14,2.56,4
168,29,3,3.99,4
168,30,9,3.54,4
168,31,2,4.22,4
168,32,11,3.01,4
168,33,18,2.33,4
168,34,8,3.21,4
168,35,7,3.63,4
168,36,1,4.22,4
168,37,20,2.52,4
168,38,12,3.76,4
168,39,8,3.5,4
168,40,1,4.81,4
168,41,1,4.73,4
168,42,18,2.46,4
168,43,17,2.92,4
168,44,1,4.09,4
168,45,4,4.29,4
168,46,10,3.53,4
168,47,11,2.68,4
168,48,17,2.5,4
168,49,10,2.95,4
168,50,14,2.13,4
168,51,8,4.01,4
168,52,7,4.24,4
169,1,6,4.23,3
169,2,11,2.29,3
169,3,4,4.89,3
169,4,10,2.43,3
169,5,5,3.45,3
169,6,6,3.69,3
169,7,2,4.8,3
169,8,3,4.46,3
169,9,7,3.6,3
169,10,5,3.15,3
169,11,9,3.64,3
169,12,5,4.39,3
169,13,4,3.88,3
169,14,11,2.31,3
169,15,16,2.58,3
169,16,7,4.53,3
169,17,7,3.44,3
169,18,8,4.33,3
169,19,5,4.45,3
169,20,10,2.89,3
169,21,7,2.68,3
169,22,5,3.86,3
169,23,6,3.12,3
169,24,4,4.66,3
169,25,13,2.38,3
169,26,9,2.47,3
169,27,3,3.92,3
169,28,14,2.56,3
169,29,5,3.99,3
169,30,7,3.54,3
169,31,9,4.22,3
169,32,11,3.01,3
169,33,14,2.33,3
169,34,6,3.21,3
169,35,8,3.63,3
169,36,5,4.22,3
169,37,11,2.52,3
169,38,8,3.76,3
169,39,12,3.5,3
169,40,3,4.81,3
169,41,3,4.73,3
169,42,3,2.46,3
169,43,7,2.92,3
169,44,6,4.09,3
169,45,4,4.29,3
169,46,4,3.53,3
169,47,6,2.68,3
169,48,4,2.5,3
169,49,8,2.95,3
169,50,16,2.13,3
169,51,7,4.01,3
169,52,2,4.24,3
170,1,9,4.23,4
170,2,21,2.29,4
170,3,4,4.89,4
170,4,12,2.43,4
170,5,10,3.45,4
170,6,11,3.69,4
170,7,5,4.8,4
170,8,11,4.46,4
170,9,8,3.6,4
170,10,8,3.15,4
170,11,14,3.64,4
170,12,2,4.39,4
170,13,15,3.88,4
170,14,17,2.31,4
170,15,9,2.58,4
170,16,3,4.53,4
170,17,10,3.44,4
170,18,10,4.33,4
170,19,10,4.45,4
170,20,15,2.89,4
170,21,18,2.68,4
170,22,11,3.86,4
170,23,19,3.12,4
170,24,8,4.66,4
170,25,29,2.38,4
170,26,18,2.47,4
170,27,17,3.92,4
170,28,12,2.56,4
170,29,10,3.99,4
170,30,12,3.54,4
170,31,10,4.22,4
170,32,8,3.01,4
170,33,11,2.33,4
170,34,19,3.21,4
170,35,13,3.63,4
170,36,8,4.22,4
170,37,17,2.52,4
170,38,16,3.76,4
170,39,6,3.5,4
170,40,8,4.81,4
170,41,10,4.73,4
170,42,12,2.46,4
170,43,10,2.92,4
170,44,11,4.09,4
170,45,11,4.29,4
170,46,9,3.53,4
170,47,14,2.68,4
170,48,16,2.5,4
170,49,14,2.95,4
170,50,17,2.13,4
170,51,6,4.01,4
170,52,8,4.24,4
171,1,0,4.23,3
171,2,1,2.29,3
171,3,0,4.89,3
171,4,2,2.43,3
171,5,1,3.45,3
171,6,0,3.69,3
171,7,0,4.8,3
171,8,0,4.46,3
171,9,0,3.6,3
171,10,0,3.15,3
171,11,0,3.64,3
171,12,0,4.39,3
171,13,0,3.88,3
171,14,4,2.31,3
171,15,0,2.58,3
171,16,0,4.53,3
171,17,0,3.44,3
171,18,0,4.33,3
171,19,0,4.45,3
171,20,1,2.89,3
171,21,1,2.68,3
171,22,0,3.86,3
171,23,0,3.12,3
171,24,0,4.66,3
171,25,0,2.38,3
171,26,0,2.47,3
171,27,0,3.92,3
171,28,3,2.56,3
171,29,0,3.99,3
171,30,0,3.54,3
171,31,0,4.22,3
171,32,0,3.01,3
171,33,1,2.33,3
171,34,2,3.21,3
171,35,0,3.63,3
171,36,0,4.22,3
171,37,1,2.52,3
171,38,0,3.76,3
171,39,2,3.5,3
171,40,0,4.81,3
171,41,0,4.73,3
171,42,0,2.46,3
171,43,0,2.92,3
171,44,0,4.09,3
171,45,0,4.29,3
171,46,0,3.53,3
171,47,1,2.68,3
171,48,0,2.5,3
171,49,1,2.95,3
171,50,0,2.13,3
171,51,0,4.01,3
171,52,0,4.24,3
172,1,5,4.23,1
172,2,4,2.29,1
172,3,1,4.89,1
172,4,4,2.43,1
172,5,1,3.45,1
172,6,3,3.69,1
172,7,2,4.8,1
172,8,1,4.46,1
172,9,1,3.6,1
172,10,2,3.15,1
172,11,2,3.64,1
172,12,1,4.39,1
172,13,0,3.88,1
172,14,5,2.31,1
172,15,3,2.58,1
172,16,0,4.53,1
172,17,3,3.44,1
172,18,1,4.33,1
172,19,1,4.45,1
172,20,4,2.89,1
172,21,1,2.68,1
172,22,2,3.86,1
172,23,1,3.12,1
172,24,1,4.66,1
172,25,0,2.38,1
172,26,5,2.47,1
172,27,1,3.92,1
172,28,1,2.56,1
172,29,4,3.99,1
172,30,4,3.54,1
172,31,4,4.22,1
172,32,6,3.01,1
172,33,5,2.33,1
172,34,2,3.21,1
172,35,3,3.63,1
172,36,0,4.22,1
172,37,2,2.52,1
172,38,2,3.76,1
172,39,3,3.5,1
172,40,1,4.81,1
172,41,1,4.73,1
172,42,4,2.46,1
172,43,0,2.92,1
172,44,5,4.09,1
172,45,1,4.29,1
172,46,0,3.53,1
172,47,0,2.68,1
172,48,0,2.5,1
172,49,1,2.95,1
172,50,1,2.13,1
172,51,1,4.01,1
172,52,0,4.24,1
173,1,0,4.23,1
173,2,4,2.29,1
173,3,0,4.89,1
173,4,1,2.43,1
173,5,0,3.45,1
173,6,1,3.69,1
173,7,2,4.8,1
173,8,1,4.46,1
173,9,1,3.6,1
173,10,1,3.15,1
173,11,1,3.64,1
173,12,0,4.39,1
173,13,1,3.88,1
173,14,3,2.31,1
173,15,2,2.58,1
173,16,1,4.53,1
173,17,2,3.44,1
173,18,0,4.33,1
173,19,0,4.45,1
173,20,3,2.89,1
173,21,1,2.68,1
173,22,1,3.86,1
173,23,0,3.12,1
173,24,0,4.66,1
173,25,1,2.38,1
173,26,1,2.47,1
173,27,0,3.92,1
173,28,1,2.56,1
173,29,2,3.99,1
173,30,1,3.54,1
173,31,0,4.22,1
173,32,4,3.01,1
173,33,3,2.33,1
173,34,2,3.21,1
173,35,1,3.63,1
173,36,1,4.22,1
173,37,4,2.52,1
173,38,0,3.76,1
173,39,0,3.5,1
173,40,0,4.81,1
173,41,0,4.73,1
173,42,3,2.46,1
173,43,2,2.92,1
173,44,1,4.09,1
173,45,1,4.29,1
173,46,1,3.53,1
173,47,1,2.68,1
173,48,3,2.5,1
173,49,0,2.95,1
173,50,3,2.13,1
173,51,0,4.01,1
173,52,0,4.24,1
174,1,1,4.23,1
174,2,0,2.29,1
174,3,0,4.89,1
174,4,1,2.43,1
174,5,0,3.45,1
174,6,0,3.69,1
174,7,0,4.8,1
174,8,1,4.46,1
174,9,0,3.6,1
174,10,1,3.15,1
174,11,0,3.64,1
174,12,0,4.39,1
174,13,1,3.88,1
174,14,1,2.31,1
174,15,0,2.58,1
174,16,0,4.53,1
174,17,0,3.44,1
174,18,0,4.33,1
174,19,0,4.45,1
174,20,0,2.89,1
174,21,0,2.68,1
174,22,0,3.86,1
174,23,0,3.12,1
174,24,0,4.66,1
174,25,0,2.38,1
174,26,0,2.47,1
174,27,0,3.92,1
174,28,0,2.56,1
174,29,0,3.99,1
174,30,0,3.54,1
174,31,0,4.22,1
174,32,0,3.01,1
174,33,1,2.33,1
174,34,0,3.21,1
174,35,0,3.63,1
174,36,0,4.22,1
174,37,0,2.52,1
174,38,0,3.76,1
174,39,0,3.5,1
174,40,0,4.81,1
174,41,0,4.73,1
174,42,1,2.46,1
174,43,0,2.92,1
174,44,0,4.09,1
174,45,0,4.29,1
174,46,0,3.53,1
174,47,0,2.68,1
174,48,1,2.5,1
174,49,1,2.95,1
174,50,0,2.13,1
174,51,0,4.01,1
174,52,0,4.24,1
175,1,0,4.23,5
175,2,5,2.29,5
175,3,0,4.89,5
175,4,4,2.43,5
175,5,0,3.45,5
175,6,1,3.69,5
175,7,0,4.8,5
175,8,0,4.46,5
175,9,0,3.6,5
175,10,0,3.15,5
175,11,1,3.64,5
175,12,0,4.39,5
175,13,0,3.88,5
175,14,7,2.31,5
175,15,3,2.58,5
175,16,0,4.53,5
175,17,0,3.44,5
175,18,0,4.33,5
175,19,0,4.45,5
175,20,3,2.89,5
175,21,1,2.68,5
175,22,0,3.86,5
175,23,0,3.12,5
175,24,0,4.66,5
175,25,2,2.38,5
175,26,1,2.47,5
175,27,1,3.92,5
175,28,4,2.56,5
175,29,1,3.99,5
175,30,0,3.54,5
175,31,1,4.22,5
175,32,1,3.01,5
175,33,4,2.33,5
175,34,2,3.21,5
175,35,0,3.63,5
175,36,0,4.22,5
175,37,1,2.52,5
175,38,0,3.76,5
175,39,1,3.5,5
175,40,0,4.81,5
175,41,0,4.73,5
175,42,5,2.46,5
175,43,3,2.92,5
175,44,1,4.09,5
175,45,0,4.29,5
175,46,2,3.53,5
175,47,1,2.68,5
175,48,4,2.5,5
175,49,1,2.95,5
175,50,2,2.13,5
175,51,0,4.01,5
175,52,0,4.24,5
176,1,1,4.23,1
176,2,3,2.29,1
176,3,1,4.89,1
176,4,2,2.43,1
176,5,3,3.45,1
176,6,1,3.69,1
176,7,0,4.8,1
176,8,1,4.46,1
176,9,0,3.6,1
176,10,0,3.15,1
176,11,0,3.64,1
176,12,1,4.39,1
176,13,0,3.88,1
176,14,5,2.31,1
176,15,4,2.58,1
176,16,0,4.53,1
176,17,1,3.44,1
176,18,0,4.33,1
176,19,1,4.45,1
176,20,4,2.89,1
176,21,2,2.68,1
176,22,0,3.86,1
176,23,3,3.12,1
176,24,0,4.66,1
176,25,2,2.38,1
176,26,3,2.47,1
176,27,0,3.92,1
176,28,1,2.56,1
176,29,4,3.99,1
176,30,1,3.54,1
176,31,0,4.22,1
176,32,0,3.01,1
176,33,2,2.33,1
176,34,0,3.21,1
176,35,3,3.63,1
176,36,2,4.22,1
176,37,3,2.52,1
176,38,2,3.76,1
176,39,0,3.5,1
176,40,1,4.81,1
176,41,0,4.73,1
176,42,3,2.46,1
176,43,0,2.92,1
176,44,0,4.09,1
176,45,0,4.29,1
176,46,1,3.53,1
176,47,1,2.68,1
176,48,4,2.5,1
176,49,2,2.95,1
176,50,2,2.13,1
176,51,1,4.01,1
176,52,0,4.24,1
177,1,7,4.23,4
177,2,14,2.29,4
177,3,8,4.89,4
177,4,15,2.43,4
177,5,14,3.45,4
177,6,11,3.69,4
177,7,6,4.8,4
177,8,6,4.46,4
177,9,8,3.6,4
177,10,13,3.15,4
177,11,8,3.64,4
177,12,4,4.39,4
177,13,3,3.88,4
177,14,13,2.31,4
177,15,13,2.58,4
177,16,5,4.53,4
177,17,12,3.44,4
177,18,14,4.33,4
177,19,9,4.45,4
177,20,17,2.89,4
177,21,10,2.68,4
177,22,6,3.86,4
177,23,21,3.12,4
177,24,9,4.66,4
177,25,13,2.38,4
177,26,19,2.47,4
177,27,10,3.92,4
177,28,14,2.56,4
177,29,9,3.99,4
177,30,7,3.54,4
177,31,5,4.22,4
177,32,15,3.01,4
177,33,17,2.33,4
177,34,14,3.21,4
177,35,15,3.63,4
177,36,8,4.22,4
177,37,8,2.52,4
177,38,11,3.76,4
177,39,9,3.5,4
177,40,9,4.81,4
177,41,8,4.73,4
177,42,22,2.46,4
177,43,16,2.92,4
177,44,7,4.09,4
177,45,10,4.29,4
177,46,10,3.53,4
177,47,17,2.68,4
177,48,23,2.5,4
177,49,15,2.95,4
177,50,8,2.13,4
177,51,12,4.01,4
177,52,12,4.24,4
178,1,1,4.23,5
178,2,5,2.29,5
178,3,0,4.89,5
178,4,2,2.43,5
178,5,0,3.45,5
178,6,0,3.69,5
178,7,0,4.8,5
178,8,0,4.46,5
178,9,0,3.6,5
178,10,0,3.15,5
178,11,1,3.64,5
178,12,0,4.39,5
178,13,0,3.88,5
178,14,1,2.31,5
178,15,3,2.58,5
178,16,0,4.53,5
178,17,0,3.44,5
178,18,0,4.33,5
178,19,0,4.45,5
178,20,4,2.89,5
178,21,1,2.68,5
178,22,0,3.86,5
178,23,3,3.12,5
178,24,0,4.66,5
178,25,2,2.38,5
178,26,2,2.47,5
178,27,1,3.92,5
178,28,2,2.56,5
178,29,0,3.99,5
178,30,1,3.54,5
178,31,0,4.22,5
178,32,1,3.01,5
178,33,2,2.33,5
178,34,0,3.21,5
178,35,2,3.63,5
178,36,1,4.22,5
178,37,4,2.52,5
178,38,0,3.76,5
178,39,0,3.5,5
178,40,0,4.81,5
178,41,0,4.73,5
178,42,4,2.46,5
178,43,1,2.92,5
178,44,0,4.09,5
178,45,1,4.29,5
178,46,2,3.53,5
178,47,3,2.68,5
178,48,1,2.5,5
178,49,2,2.95,5
178,50,3,2.13,5
178,51,0,4.01,5
178,52,1,4.24,5
179,1,2,4.23,2
179,2,6,2.29,2
179,3,0,4.89,2
179,4,5,2.43,2
179,5,2,3.45,2
179,6,3,3.69,2
179,7,1,4.8,2
179,8,2,4.46,2
179,9,4,3.6,2
179,10,3,3.15,2
179,11,2,3.64,2
179,12,1,4.39,2
179,13,0,3.88,2
179,14,7,2.31,2
179,15,5,2.58,2
179,16,0,4.53,2
179,17,0,3.44,2
179,18,1,4.33,2
179,19,1,4.45,2
179,20,5,2.89,2
179,21,6,2.68,2
179,22,2,3.86,2
179,23,4,3.12,2
179,24,2,4.66,2
179,25,4,2.38,2
179,26,4,2.47,2
179,27,1,3.92,2
179,28,5,2.56,2
179,29,0,3.99,2
179,30,3,3.54,2
179,31,2,4.22,2
179,32,4,3.01,2
179,33,7,2.33,2
179,34,2,3.21,2
179,35,1,3.63,2
179,36,0,4.22,2
179,37,3,2.52,2
179,38,5,3.76,2
179,39,3,3.5,2
179,40,0,4.81,2
179,41,0,4.73,2
179,42,7,2.46,2
179,43,4,2.92,2
179,44,0,4.09,2
179,45,1,4.29,2
179,46,1,3.53,2
179,47,5,2.68,2
179,48,5,2.5,2
179,49,7,2.95,2
179,50,7,2.13,2
179,51,2,4.01,2
179,52,1,4.24,2
180,1,0,4.23,1
180,2,6,2.29,1
180,3,0,4.89,1
180,4,4,2.43,1
180,5,0,3.45,1
180,6,0,3.69,1
180,7,0,4.8,1
180,8,0,4.46,1
180,9,0,3.6,1
180,10,1,3.15,1
180,11,1,3.64,1
180,12,0,4.39,1
180,13,0,3.88,1
180,14,5,2.31,1
180,15,1,2.58,1
180,16,0,4.53,1
180,17,0,3.44,1
180,18,0,4.33,1
180,19,0,4.45,1
180,20,3,2.89,1
180,21,3,2.68,1
180,22,0,3.86,1
180,23,1,3.12,1
180,24,0,4.66,1
180,25,1,2.38,1
180,26,8,2.47,1
180,27,3,3.92,1
180,28,2,2.56,1
180,29,1,3.99,1
180,30,1,3.54,1
180,31,2,4.22,1
180,32,1,3.01,1
180,33,2,2.33,1
180,34,0,3.21,1
180,35,4,3.63,1
180,36,0,4.22,1
180,37,4,2.52,1
180,38,1,3.76,1
180,39,1,3.5,1
180,40,0,4.81,1
180,41,0,4.73,1
180,42,4,2.46,1
180,43,2,2.92,1
180,44,1,4.09,1
180,45,0,4.29,1
180,46,0,3.53,1
180,47,2,2.68,1
180,48,2,2.5,1
180,49,3,2.95,1
180,50,2,2.13,1
180,51,0,4.01,1
180,52,1,4.24,1
181,1,1,4.23,4
181,2,1,2.29,4
181,3,0,4.89,4
181,4,3,2.43,4
181,5,0,3.45,4
181,6,1,3.69,4
181,7,0,4.8,4
181,8,0,4.46,4
181,9,2,3.6,4
181,10,0,3.15,4
181,11,0,3.64,4
181,12,0,4.39,4
181,13,0,3.88,4
181,14,3,2.31,4
181,15,4,2.58,4
181,16,0,4.53,4
181,17,1,3.44,4
181,18,0,4.33,4
181,19,0,4.45,4
181,20,1,2.89,4
181,21,0,2.68,4
181,22,0,3.86,4
181,23,2,3.12,4
181,24,0,4.66,4
181,25,5,2.38,4
181,26,1,2.47,4
181,27,0,3.92,4
181,28,1,2.56,4
181,29,0,3.99,4
181,30,0,3.54,4
181,31,0,4.22,4
181,32,1,3.01,4
181,33,0,2.33,4
181,34,1,3.21,4
181,35,0,3.63,4
181,36,0,4.22,4
181,37,2,2.52,4
181,38,1,3.76,4
181,39,1,3.5,4
181,40,0,4.81,4
181,41,0,4.73,4
181,42,1,2.46,4
181,43,2,2.92,4
181,44,0,4.09,4
181,45,0,4.29,4
181,46,0,3.53,4
181,47,1,2.68,4
181,48,0,2.5,4
181,49,0,2.95,4
181,50,3,2.13,4
181,51,1,4.01,4
181,52,0,4.24,4
182,1,6,4.23,5
182,2,9,2.29,5
182,3,4,4.89,5
182,4,11,2.43,5
182,5,16,3.45,5
182,6,20,3.69,5
182,7,4,4.8,5
182,8,7,4.46,5
182,9,15,3.6,5
182,10,16,3.15,5
182,11,16,3.64,5
182,12,9,4.39,5
182,13,16,3.88,5
182,14,20,2.31,5
182,15,9,2.58,5
182,16,11,4.53,5
182,17,19,3.44,5
182,18,7,4.33,5
182,19,8,4.45,5
182,20,11,2.89,5
182,21,23,2.68,5
182,22,14,3.86,5
182,23,10,3.12,5
182,24,11,4.66,5
182,25,11,2.38,5
182,26,19,2.47,5
182,27,12,3.92,5
182,28,11,2.56,5
182,29,14,3.99,5
182,30,13,3.54,5
182,31,16,4.22,5
182,32,17,3.01,5
182,33,17,2.33,5
182,34,15,3.21,5
182,35,9,3.63,5
182,36,14,4.22,5
182,37,18,2.52,5
182,38,12,3.76,5
182,39,15,3.5,5
182,40,7,4.81,5
182,41,4,4.73,5
182,42,19,2.46,5
182,43,19,2.92,5
182,44,7,4.09,5
182,45,12,4.29,5
182,46,17,3.53,5
182,47,13,2.68,5
182,48,20,2.5,5
182,49,18,2.95,5
182,50,6,2.13,5
182,51,18,4.01,5
182,52,6,4.24,5
183,1,0,4.23,3
183,2,5,2.29,3
183,3,0,4.89,3
183,4,0,2.43,3
183,5,0,3.45,3
183,6,0,3.69,3
183,7,0,4.8,3
183,8,0,4.46,3
183,9,0,3.6,3
183,10,1,3.15,3
183,11,0,3.64,3
183,12,0,4.39,3
183,13,0,3.88,3
183,14,2,2.31,3
183,15,1,2.58,3
183,16,0,4.53,3
183,17,0,3.44,3
183,18,0,4.33,3
183,19,0,4.45,3
183,20,1,2.89,3
183,21,0,2.68,3
183,22,0,3.86,3
183,23,0,3.12,3
183,24,0,4.66,3
183,25,2,2.38,3
183,26,4,2.47,3
183,27,0,3.92,3
183,28,1,2.56,3
183,29,0,3.99,3
183,30,1,3.54,3
183,31,0,4.22,3
183,32,0,3.01,3
183,33,1,2.33,3
183,34,1,3.21,3
183,35,0,3.63,3
183,36,0,4.22,3
183,37,1,2.52,3
183,38,0,3.76,3
183,39,0,3.5,3
183,40,0,4.81,3
183,41,0,4.73,3
183,42,0,2.46,3
183,43,0,2.92,3
183,44,0,4.09,3
183,45,0,4.29,3
183,46,1,3.53,3
183,47,1,2.68,3
183,48,3,2.5,3
183,49,1,2.95,3
183,50,2,2.13,3
183,51,0,4.01,3
183,52,0,4.24,3
184,1,0,4.23,1
184,2,1,2.29,1
184,3,0,4.89,1
184,4,1,2.43,1
184,5,0,3.45,1
184,6,0,3.69,1
184,7,0,4.8,1
184,8,0,4.46,1
184,9,0,3.6,1
184,10,0,3.15,1
184,11,0,3.64,1
184,12,0,4.39,1
184,13,0,3.88,1
184,14,2,2.31,1
184,15,0,2.58,1
184,16,0,4.53,1
184,17,0,3.44,1
184,18,0,4.33,1
184,19,0,4.45,1
184,20,0,2.89,1
184,21,0,2.68,1
184,22,0,3.86,1
184,23,1,3.12,1
184,24,0,4.66,1
184,25,1,2.38,1
184,26,1,2.47,1
184,27,0,3.92,1
184,28,1,2.56,1
184,29,0,3.99,1
184,30,0,3.54,1
184,31,0,4.22,1
184,32,0,3.01,1
184,33,0,2.33,1
184,34,0,3.21,1
184,35,0,3.63,1
184,36,0,4.22,1
184,37,0,2.52,1
184,38,1,3.76,1
184,39,0,3.5,1
184,40,0,4.81,1
184,41,0,4.73,1
184,42,2,2.46,1
184,43,0,2.92,1
184,44,0,4.09,1
184,45,0,4.29,1
184,46,0,3.53,1
184,47,0,2.68,1
184,48,1,2.5,1
184,49,0,2.95,1
184,50,1,2.13,1
184,51,0,4.01,1
184,52,0,4.24,1
185,1,5,4.23,4
185,2,15,2.29,4
185,3,2,4.89,4
185,4,22,2.43,4
185,5,10,3.45,4
185,6,3,3.69,4
185,7,2,4.8,4
185,8,3,4.46,4
185,9,9,3.6,4
185,10,14,3.15,4
185,11,8,3.64,4
185,12,4,4.39,4
185,13,7,3.88,4
185,14,12,2.31,4
185,15,11,2.58,4
185,16,4,4.53,4
185,17,8,3.44,4
185,18,5,4.33,4
185,19,5,4.45,4
185,20,18,2.89,4
185,21,12,2.68,4
185,22,9,3.86,4
185,23,11,3.12,4
185,24,0,4.66,4
185,25,18,2.38,4
185,26,14,2.47,4
185,27,3,3.92,4
185,28,14,2.56,4
185,29,6,3.99,4
185,30,11,3.54,4
185,31,5,4.22,4
185,32,10,3.01,4
185,33,14,2.33,4
185,34,14,3.21,4
185,35,4,3.63,4
185,36,4,4.22,4
185,37,18,2.52,4
185,38,10,3.76,4
185,39,13,3.5,4
185,40,5,4.81,4
185,41,4,4.73,4
185,42,10,2.46,4
185,43,13,2.92,4
185,44,5,4.09,4
185,45,3,4.29,4
185,46,14,3.53,4
185,47,15,2.68,4
185,48,13,2.5,4
185,49,22,2.95,4
185,50,19,2.13,4
185,51,9,4.01,4
185,52,2,4.24,4
186,1,0,4.23,4
186,2,4,2.29,4
186,3,0,4.89,4
186,4,2,2.43,4
186,5,0,3.45,4
186,6,0,3.69,4
186,7,0,4.8,4
186,8,0,4.46,4
186,9,0,3.6,4
186,10,1,3.15,4
186,11,2,3.64,4
186,12,0,4.39,4
186,13,0,3.88,4
186,14,3,2.31,4
186,15,1,2.58,4
186,16,0,4.53,4
186,17,0,3.44,4
186,18,0,4.33,4
186,19,0,4.45,4
186,20,2,2.89,4
186,21,1,2.68,4
186,22,2,3.86,4
186,23,2,3.12,4
186,24,0,4.66,4
186,25,5,2.38,4
186,26,1,2.47,4
186,27,1,3.92,4
186,28,3,2.56,4
186,29,0,3.99,4
186,30,0,3.54,4
186,31,1,4.22,4
186,32,0,3.01,4
186,33,0,2.33,4
186,34,0,3.21,4
186,35,0,3.63,4
186,36,0,4.22,4
186,37,4,2.52,4
186,38,1,3.76,4
186,39,1,3.5,4
186,40,1,4.81,4
186,41,0,4.73,4
186,42,4,2.46,4
186,43,0,2.92,4
186,44,0,4.09,4
186,45,0,4.29,4
186,46,1,3.53,4
186,47,1,2.68,4
186,48,2,2.5,4
186,49,0,2.95,4
186,50,2,2.13,4
186,51,0,4.01,4
186,52,1,4.24,4
187,1,1,4.23,1
187,2,5,2.29,1
187,3,1,4.89,1
187,4,3,2.43,1
187,5,2,3.45,1
187,6,2,3.69,1
187,7,0,4.8,1
187,8,2,4.46,1
187,9,1,3.6,1
187,10,1,3.15,1
187,11,3,3.64,1
187,12,2,4.39,1
187,13,3,3.88,1
187,14,1,2.31,1
187,15,4,2.58,1
187,16,1,4.53,1
187,17,1,3.44,1
187,18,0,4.33,1
187,19,1,4.45,1
187,20,4,2.89,1
187,21,2,2.68,1
187,22,0,3.86,1
187,23,2,3.12,1
187,24,0,4.66,1
187,25,2,2.38,1
187,26,1,2.47,1
187,27,1,3.92,1
187,28,4,2.56,1
187,29,1,3.99,1
187,30,0,3.54,1
187,31,2,4.22,1
187,32,1,3.01,1
187,33,2,2.33,1
187,34,4,3.21,1
187,35,1,3.63,1
187,36,1,4.22,1
187,37,4,2.52,1
187,38,4,3.76,1
187,39,1,3.5,1
187,40,2,4.81,1
187,41,0,4.73,1
187,42,5,2.46,1
187,43,3,2.92,1
187,44,1,4.09,1
187,45,0,4.29,1
187,46,1,3.53,1
187,47,6,2.68,1
187,48,4,2.5,1
187,49,3,2.95,1
187,50,3,2.13,1
187,51,1,4.01,1
187,52,2,4.24,1
188,1,0,4.23,1
188,2,1,2.29,1
188,3,0,4.89,1
188,4,1,2.43,1
188,5,0,3.45,1
188,6,1,3.69,1
188,7,1,4.8,1
188,8,0,4.46,1
188,9,0,3.6,1
188,10,0,3.15,1
188,11,0,3.64,1
188,12,1,4.39,1
188,13,0,3.88,1
188,14,1,2.31,1
188,15,0,2.58,1
188,16,0,4.53,1
188,17,0,3.44,1
188,18,1,4.33,1
188,19,0,4.45,1
188,20,0,2.89,1
188,21,1,2.68,1
188,22,0,3.86,1
188,23,1,3.12,1
188,24,0,4.66,1
188,25,0,2.38,1
188,26,2,2.47,1
188,27,0,3.92,1
188,28,0,2.56,1
188,29,0,3.99,1
188,30,0,3.54,1
188,31,0,4.22,1
188,32,0,3.01,1
188,33,0,2.33,1
188,34,0,3.21,1
188,35,0,3.63,1
188,36,0,4.22,1
188,37,0,2.52,1
188,38,0,3.76,1
188,39,0,3.5,1
188,40,0,4.81,1
188,41,0,4.73,1
188,42,0,2.46,1
188,43,1,2.92,1
188,44,0,4.09,1
188,45,0,4.29,1
188,46,0,3.53,1
188,47,0,2.68,1
188,48,1,2.5,1
188,49,0,2.95,1
188,50,0,2.13,1
188,51,1,4.01,1
188,52,0,4.24,1
189,1,0,4.23,3
189,2,1,2.29,3
189,3,0,4.89,3
189,4,0,2.43,3
189,5,1,3.45,3
189,6,0,3.69,3
189,7,0,4.8,3
189,8,0,4.46,3
189,9,0,3.6,3
189,10,0,3.15,3
189,11,0,3.64,3
189,12,0,4.39,3
189,13,0,3.88,3
189,14,2,2.31,3
189,15,2,2.58,3
189,16,0,4.53,3
189,17,0,3.44,3
189,18,0,4.33,3
189,19,0,4.45,3
189,20,0,2.89,3
189,21,3,2.68,3
189,22,0,3.86,3
189,23,2,3.12,3
189,24,0,4.66,3
189,25,1,2.38,3
189,26,6,2.47,3
189,27,1,3.92,3
189,28,1,2.56,3
189,29,0,3.99,3
189,30,1,3.54,3
189,31,0,4.22,3
189,32,0,3.01,3
189,33,1,2.33,3
189,34,1,3.21,3
189,35,0,3.63,3
189,36,0,4.22,3
189,37,0,2.52,3
189,38,0,3.76,3
189,39,0,3.5,3
189,40,1,4.81,3
189,41,0,4.73,3
189,42,2,2.46,3
189,43,0,2.92,3
189,44,0,4.09,3
189,45,1,4.29,3
189,46,0,3.53,3
189,47,1,2.68,3
189,48,1,2.5,3
189,49,1,2.95,3
189,50,3,2.13,3
189,51,0,4.01,3
189,52,1,4.24,3
190,1,4,4.23,4
190,2,14,2.29,4
190,3,1,4.89,4
190,4,9,2.43,4
190,5,9,3.45,4
190,6,8,3.69,4
190,7,3,4.8,4
190,8,3,4.46,4
190,9,13,3.6,4
190,10,11,3.15,4
190,11,9,3.64,4
190,12,5,4.39,4
190,13,7,3.88,4
190,14,14,2.31,4
190,15,14,2.58,4
190,16,2,4.53,4
190,17,11,3.44,4
190,18,4,4.33,4
190,19,5,4.45,4
190,20,16,2.89,4
190,21,10,2.68,4
190,22,6,3.86,4
190,23,12,3.12,4
190,24,7,4.66,4
190,25,12,2.38,4
190,26,19,2.47,4
190,27,9,3.92,4
190,28,15,2.56,4
190,29,6,3.99,4
190,30,10,3.54,4
190,31,4,4.22,4
190,32,10,3.01,4
190,33,9,2.33,4
190,34,11,3.21,4
190,35,13,3.63,4
190,36,6,4.22,4
190,37,17,2.52,4
190,38,2,3.76,4
190,39,9,3.5,4
190,40,1,4.81,4
190,41,5,4.73,4
190,42,12,2.46,4
190,43,20,2.92,4
190,44,3,4.09,4
190,45,5,4.29,4
190,46,10,3.53,4
190,47,25,2.68,4
190,48,11,2.5,4
190,49,13,2.95,4
190,50,14,2.13,4
190,51,9,4.01,4
190,52,4,4.24,4
191,1,0,4.23,5
191,2,3,2.29,5
191,3,0,4.89,5
191,4,4,2.43,5
191,5,2,3.45,5
191,6,0,3.69,5
191,7,0,4.8,5
191,8,0,4.46,5
191,9,1,3.6,5
191,10,0,3.15,5
191,11,1,3.64,5
191,12,1,4.39,5
191,13,0,3.88,5
191,14,1,2.31,5
191,15,0,2.58,5
191,16,0,4.53,5
191,17,0,3.44,5
191,18,0,4.33,5
191,19,0,4.45,5
191,20,0,2.89,5
191,21,2,2.68,5
191,22,1,3.86,5
191,23,0,3.12,5
191,24,0,4.66,5
191,25,7,2.38,5
191,26,3,2.47,5
191,27,0,3.92,5
191,28,4,2.56,5
191,29,1,3.99,5
191,30,0,3.54,5
191,31,0,4.22,5
191,32,1,3.01,5
191,33,5,2.33,5
191,34,0,3.21,5
191,35,1,3.63,5
191,36,0,4.22,5
191,37,2,2.52,5
191,38,0,3.76,5
191,39,0,3.5,5
191,40,0,4.81,5
191,41,1,4.73,5
191,42,5,2.46,5
191,43,2,2.92,5
191,44,0,4.09,5
191,45,0,4.29,5
191,46,0,3.53,5
191,47,0,2.68,5
191,48,3,2.5,5
191,49,3,2.95,5
191,50,3,2.13,5
191,51,0,4.01,5
191,52,1,4.24,5
192,1,1,4.23,1
192,2,1,2.29,1
192,3,1,4.89,1
192,4,4,2.43,1
192,5,0,3.45,1
192,6,0,3.69,1
192,7,0,4.8,1
192,8,0,4.46,1
192,9,1,3.6,1
192,10,1,3.15,1
192,11,1,3.64,1
192,12,0,4.39,1
192,13,3,3.88,1
192,14,5,2.31,1
192,15,3,2.58,1
192,16,0,4.53,1
192,17,2,3.44,1
192,18,2,4.33,1
192,19,0,4.45,1
192,20,3,2.89,1
192,21,4,2.68,1
192,22,0,3.86,1
192,23,0,3.12,1
192,24,1,4.66,1
192,25,1,2.38,1
192,26,5,2.47,1
192,27,1,3.92,1
192,28,2,2.56,1
192,29,0,3.99,1
192,30,1,3.54,1
192,31,0,4.22,1
192,32,0,3.01,1
192,33,0,2.33,1
192,34,1,3.21,1
192,35,0,3.63,1
192,36,0,4.22,1
192,37,1,2.52,1
192,38,1,3.76,1
192,39,0,3.5,1
192,40,1,4.81,1
192,41,0,4.73,1
192,42,3,2.46,1
192,43,0,2.92,1
192,44,0,4.09,1
192,45,0,4.29,1
192,46,2,3.53,1
192,47,2,2.68,1
192,48,2,2.5,1
192,49,7,2.95,1
192,50,5,2.13,1
192,51,1,4.01,1
192,52,0,4.24,1
193,1,0,4.23,1
193,2,0,2.29,1
193,3,0,4.89,1
193,4,0,2.43,1
193,5,0,3.45,1
193,6,0,3.69,1
193,7,0,4.8,1
193,8,0,4.46,1
193,9,0,3.6,1
193,10,0,3.15,1
193,11,0,3.64,1
193,12,0,4.39,1
193,13,0,3.88,1
193,14,2,2.31,1
193,15,0,2.58,1
193,16,0,4.53,1
193,17,0,3.44,1
193,18,0,4.33,1
193,19,0,4.45,1
193,20,0,2.89,1
193,21,0,2.68,1
193,22,0,3.86,1
193,23,0,3.12,1
193,24,0,4.66,1
193,25,1,2.38,1
193,26,0,2.47,1
193,27,0,3.92,1
193,28,0,2.56,1
193,29,0,3.99,1
193,30,0,3.54,1
193,31,0,4.22,1
193,32,1,3.01,1
193,33,0,2.33,1
193,34,0,3.21,1
193,35,0,3.63,1
193,36,0,4.22,1
193,37,0,2.52,1
193,38,0,3.76,1
193,39,0,3.5,1
193,40,0,4.81,1
193,41,0,4.73,1
193,42,2,2.46,1
193,43,1,2.92,1
193,44,0,4.09,1
193,45,0,4.29,1
193,46,0,3.53,1
193,47,0,2.68,1
193,48,0,2.5,1
193,49,0,2.95,1
193,50,0,2.13,1
193,51,0,4.01,1
193,52,0,4.24,1
194,1,0,4.23,5
194,2,2,2.29,5
194,3,0,4.89,5
194,4,3,2.43,5
194,5,2,3.45,5
194,6,2,3.69,5
194,7,0,4.8,5
194,8,0,4.46,5
194,9,0,3.6,5
194,10,1,3.15,5
194,11,1,3.64,5
194,12,0,4.39,5
194,13,0,3.88,5
194,14,3,2.31,5
194,15,2,2.58,5
194,16,0,4.53,5
194,17,1,3.44,5
194,18,0,4.33,5
194,19,0,4.45,5
194,20,0,2.89,5
194,21,2,2.68,5
194,22,0,3.86,5
194,23,0,3.12,5
194,24,0,4.66,5
194,25,1,2.38,5
194,26,1,2.47,5
194,27,0,3.92,5
194,28,4,2.56,5
194,29,1,3.99,5
194,30,0,3.54,5
194,31,0,4.22,5
194,32,1,3.01,5
194,33,5,2.33,5
194,34,2,3.21,5
194,35,1,3.63,5
194,36,1,4.22,5
194,37,3,2.52,5
194,38,1,3.76,5
194,39,0,3.5,5
194,40,0,4.81,5
194,41,0,4.73,5
194,42,3,2.46,5
194,43,1,2.92,5
194,44,0,4.09,5
194,45,0,4.29,5
194,46,3,3.53,5
194,47,0,2.68,5
194,48,2,2.5,5
194,49,0,2.95,5
194,50,4,2.13,5
194,51,0,4.01,5
194,52,0,4.24,5
195,1,0,4.23,3
195,2,3,2.29,3
195,3,0,4.89,3
195,4,1,2.43,3
195,5,0,3.45,3
195,6,0,3.69,3
195,7,0,4.8,3
195,8,0,4.46,3
195,9,1,3.6,3
195,10,0,3.15,3
195,11,0,3.64,3
195,12,0,4.39,3
195,13,0,3.88,3
195,14,0,2.31,3
195,15,0,2.58,3
195,16,0,4.53,3
195,17,1,3.44,3
195,18,0,4.33,3
195,19,0,4.45,3
195,20,1,2.89,3
195,21,1,2.68,3
195,22,1,3.86,3
195,23,1,3.12,3
195,24,0,4.66,3
195,25,2,2.38,3
195,26,1,2.47,3
195,27,0,3.92,3
195,28,2,2.56,3
195,29,0,3.99,3
195,30,0,3.54,3
195,31,1,4.22,3
195,32,1,3.01,3
195,33,2,2.33,3
195,34,0,3.21,3
195,35,0,3.63,3
195,36,0,4.22,3
195,37,3,2.52,3
195,38,0,3.76,3
195,39,0,3.5,3
195,40,0,4.81,3
195,41,0,4.73,3
195,42,1,2.46,3
195,43,0,2.92,3
195,44,0,4.09,3
195,45,0,4.29,3
195,46,1,3.53,3
195,47,1,2.68,3
195,48,1,2.5,3
195,49,0,2.95,3
195,50,3,2.13,3
195,51,0,4.01,3
195,52,0,4.24,3
196,1,6,4.23,4
196,2,10,2.29,4
196,3,10,4.89,4
196,4,8,2.43,4
196,5,15,3.45,4
196,6,5,3.69,4
196,7,6,4.8,4
196,8,6,4.46,4
196,9,17,3.6,4
196,10,13,3.15,4
196,11,8,3.64,4
196,12,12,4.39,4
196,13,8,3.88,4
196,14,13,2.31,4
196,15,8,2.58,4
196,16,6,4.53,4
196,17,13,3.44,4
196,18,6,4.33,4
196,19,7,4.45,4
196,20,22,2.89,4
196,21,12,2.68,4
196,22,9,3.86,4
196,23,15,3.12,4
196,24,7,4.66,4
196,25,20,2.38,4
196,26,22,2.47,4
196,27,11,3.92,4
196,28,19,2.56,4
196,29,8,3.99,4
196,30,19,3.54,4
196,31,6,4.22,4
196,32,17,3.01,4
196,33,15,2.33,4
196,34,10,3.21,4
196,35,10,3.63,4
196,36,6,4.22,4
196,37,18,2.52,4
196,38,17,3.76,4
196,39,18,3.5,4
196,40,7,4.81,4
196,41,4,4.73,4
196,42,16,2.46,4
196,43,13,2.92,4
196,44,8,4.09,4
196,45,5,4.29,4
196,46,11,3.53,4
196,47,26,2.68,4
196,48,25,2.5,4
196,49,11,2.95,4
196,50,20,2.13,4
196,51,12,4.01,4
196,52,10,4.24,4
197,1,2,4.23,3
197,2,13,2.29,3
197,3,2,4.89,3
197,4,18,2.43,3
197,5,7,3.45,3
197,6,3,3.69,3
197,7,4,4.8,3
197,8,1,4.46,3
197,9,10,3.6,3
197,10,4,3.15,3
197,11,4,3.64,3
197,12,12,4.39,3
197,13,7,3.88,3
197,14,14,2.31,3
197,15,6,2.58,3
197,16,3,4.53,3
197,17,8,3.44,3
197,18,7,4.33,3
197,19,3,4.45,3
197,20,4,2.89,3
197,21,11,2.68,3
197,22,5,3.86,3
197,23,7,3.12,3
197,24,5,4.66,3
197,25,6,2.38,3
197,26,14,2.47,3
197,27,5,3.92,3
197,28,10,2.56,3
197,29,3,3.99,3
197,30,12,3.54,3
197,31,6,4.22,3
197,32,7,3.01,3
197,33,12,2.33,3
197,34,5,3.21,3
197,35,13,3.63,3
197,36,4,4.22,3
197,37,14,2.52,3
197,38,6,3.76,3
197,39,5,3.5,3
197,40,5,4.81,3
197,41,1,4.73,3
197,42,12,2.46,3
197,43,9,2.92,3
197,44,4,4.09,3
197,45,3,4.29,3
197,46,5,3.53,3
197,47,14,2.68,3
197,48,13,2.5,3
197,49,8,2.95,3
197,50,12,2.13,3
197,51,7,4.01,3
197,52,4,4.24,3
198,1,3,4.23,2
198,2,3,2.29,2
198,3,1,4.89,2
198,4,5,2.43,2
198,5,2,3.45,2
198,6,1,3.69,2
198,7,1,4.8,2
198,8,2,4.46,2
198,9,1,3.6,2
198,10,3,3.15,2
198,11,2,3.64,2
198,12,3,4.39,2
198,13,0,3.88,2
198,14,6,2.31,2
198,15,4,2.58,2
198,16,1,4.53,2
198,17,3,3.44,2
198,18,0,4.33,2
198,19,0,4.45,2
198,20,4,2.89,2
198,21,2,2.68,2
198,22,3,3.86,2
198,23,2,3.12,2
198,24,0,4.66,2
198,25,0,2.38,2
198,26,6,2.47,2
198,27,1,3.92,2
198,28,4,2.56,2
198,29,1,3.99,2
198,30,1,3.54,2
198,31,0,4.22,2
198,32,2,3.01,2
198,33,10,2.33,2
198,34,4,3.21,2
198,35,2,3.63,2
198,36,2,4.22,2
198,37,9,2.52,2
198,38,0,3.76,2
198,39,3,3.5,2
198,40,0,4.81,2
198,41,0,4.73,2
198,42,7,2.46,2
198,43,3,2.92,2
198,44,0,4.09,2
198,45,0,4.29,2
198,46,5,3.53,2
198,47,8,2.68,2
198,48,5,2.5,2
198,49,3,2.95,2
198,50,5,2.13,2
198,51,0,4.01,2
198,52,2,4.24,2
199,1,0,4.23,2
199,2,2,2.29,2
199,3,0,4.89,2
199,4,1,2.43,2
199,5,0,3.45,2
199,6,0,3.69,2
199,7,0,4.8,2
199,8,0,4.46,2
199,9,0,3.6,2
199,10,0,3.15,2
199,11,0,3.64,2
199,12,0,4.39,2
199,13,0,3.88,2
199,14,0,2.31,2
199,15,4,2.58,2
199,16,0,4.53,2
199,17,0,3.44,2
199,18,0,4.33,2
199,19,0,4.45,2
199,20,0,2.89,2
199,21,0,2.68,2
199,22,0,3.86,2
199,23,1,3.12,2
199,24,0,4.66,2
199,25,0,2.38,2
199,26,0,2.47,2
199,27,0,3.92,2
199,28,0,2.56,2
199,29,0,3.99,2
199,30,1,3.54,2
199,31,0,4.22,2
199,32,1,3.01,2
199,33,1,2.33,2
199,34,0,3.21,2
199,35,0,3.63,2
199,36,1,4.22,2
199,37,0,2.52,2
199,38,0,3.76,2
199,39,1,3.5,2
199,40,0,4.81,2
199,41,0,4.73,2
199,42,0,2.46,2
199,43,0,2.92,2
199,44,0,4.09,2
199,45,0,4.29,2
199,46,0,3.53,2
199,47,0,2.68,2
199,48,0,2.5,2
199,49,0,2.95,2
199,50,1,2.13,2
199,51,0,4.01,2
199,52,0,4.24,2
200,1,6,4.23,4
200,2,17,2.29,4
200,3,1,4.89,4
200,4,23,2.43,4
200,5,9,3.45,4
200,6,10,3.69,4
200,7,1,4.8,4
200,8,5,4.46,4
200,9,5,3.6,4
200,10,9,3.15,4
200,11,10,3.64,4
200,12,4,4.39,4
200,13,6,3.88,4
200,14,19,2.31,4
200,15,17,2.58,4
200,16,1,4.53,4
200,17,9,3.44,4
200,18,3,4.33,4
200,19,3,4.45,4
200,20,17,2.89,4
200,21,14,2.68,4
200,22,5,3.86,4
200,23,14,3.12,4
200,24,2,4.66,4
200,25,12,2.38,4
200,26,20,2.47,4
200,27,5,3.92,4
200,28,10,2.56,4
200,29,4,3.99,4
200,30,9,3.54,4
200,31,11,4.22,4
200,32,11,3.01,4
200,33,16,2.33,4
200,34,7,3.21,4
200,35,8,3.63,4
200,36,6,4.22,4
200,37,17,2.52,4
200,38,5,3.76,4
200,39,8,3.5,4
200,40,2,4.81,4
200,41,3,4.73,4
200,42,16,2.46,4
200,43,14,2.92,4
200,44,6,4.09,4
200,45,5,4.29,4
200,46,9,3.53,4
200,47,10,2.68,4
200,48,18,2.5,4
200,49,17,2.95,4
200,50,16,2.13,4
200,51,8,4.01,4
200,52,3,4.24,4
201,1,4,4.23,3
201,2,11,2.29,3
201,3,0,4.89,3
201,4,10,2.43,3
201,5,11,3.45,3
201,6,9,3.69,3
201,7,3,4.8,3
201,8,2,4.46,3
201,9,4,3.6,3
201,10,6,3.15,3
201,11,9,3.64,3
201,12,3,4.39,3
201,13,6,3.88,3
201,14,10,2.31,3
201,15,6,2.58,3
201,16,5,4.53,3
201,17,12,3.44,3
201,18,6,4.33,3
201,19,5,4.45,3
201,20,14,2.89,3
201,21,14,2.68,3
201,22,4,3.86,3
201,23,6,3.12,3
201,24,5,4.66,3
201,25,11,2.38,3
201,26,9,2.47,3
201,27,7,3.92,3
201,28,6,2.56,3
201,29,6,3.99,3
201,30,7,3.54,3
201,31,1,4.22,3
201,32,6,3.01,3
201,33,10,2.33,3
201,34,8,3.21,3
201,35,7,3.63,3
201,36,5,4.22,3
201,37,9,2.52,3
201,38,3,3.76,3
201,39,9,3.5,3
201,40,3,4.81,3
201,41,2,4.73,3
201,42,9,2.46,3
201,43,10,2.92,3
201,44,4,4.09,3
201,45,3,4.29,3
201,46,6,3.53,3
201,47,15,2.68,3
201,48,9,2.5,3
201,49,3,2.95,3
201,50,13,2.13,3
201,51,2,4.01,3
201,52,8,4.24,3
202,1,2,4.23,2
202,2,5,2.29,2
202,3,0,4.89,2
202,4,4,2.43,2
202,5,3,3.45,2
202,6,1,3.69,2
202,7,0,4.8,2
202,8,1,4.46,2
202,9,2,3.6,2
202,10,2,3.15,2
202,11,3,3.64,2
202,12,1,4.39,2
202,13,0,3.88,2
202,14,5,2.31,2
202,15,2,2.58,2
202,16,0,4.53,2
202,17,2,3.44,2
202,18,0,4.33,2
202,19,2,4.45,2
202,20,2,2.89,2
202,21,4,2.68,2
202,22,3,3.86,2
202,23,4,3.12,2
202,24,0,4.66,2
202,25,7,2.38,2
202,26,6,2.47,2
202,27,0,3.92,2
202,28,3,2.56,2
202,29,2,3.99,2
202,30,2,3.54,2
202,31,2,4.22,2
202,32,4,3.01,2
202,33,9,2.33,2
202,34,1,3.21,2
202,35,1,3.63,2
202,36,1,4.22,2
202,37,5,2.52,2
202,38,5,3.76,2
202,39,0,3.5,2
202,40,2,4.81,2
202,41,1,4.73,2
202,42,1,2.46,2
202,43,4,2.92,2
202,44,0,4.09,2
202,45,0,4.29,2
202,46,2,3.53,2
202,47,2,2.68,2
202,48,3,2.5,2
202,49,2,2.95,2
202,50,2,2.13,2
202,51,0,4.01,2
202,52,1,4.24,2
203,1,10,4.23,4
203,2,21,2.29,4
203,3,3,4.89,4
203,4,14,2.43,4
203,5,16,3.45,4
203,6,15,3.69,4
203,7,8,4.8,4
203,8,5,4.46,4
203,9,15,3.6,4
203,10,11,3.15,4
203,11,11,3.64,4
203,12,4,4.39,4
203,13,13,3.88,4
203,14,14,2.31,4
203,15,20,2.58,4
203,16,9,4.53,4
203,17,18,3.44,4
203,18,12,4.33,4
203,19,6,4.45,4
203,20,10,2.89,4
203,21,14,2.68,4
203,22,5,3.86,4
203,23,7,3.12,4
203,24,6,4.66,4
203,25,13,2.38,4
203,26,18,2.47,4
203,27,8,3.92,4
203,28,15,2.56,4
203,29,12,3.99,4
203,30,8,3.54,4
203,31,11,4.22,4
203,32,21,3.01,4
203,33,16,2.33,4
203,34,16,3.21,4
203,35,10,3.63,4
203,36,5,4.22,4
203,37,17,2.52,4
203,38,11,3.76,4
203,39,12,3.5,4
203,40,6,4.81,4
203,41,7,4.73,4
203,42,15,2.46,4
203,43,14,2.92,4
203,44,11,4.09,4
203,45,2,4.29,4
203,46,12,3.53,4
203,47,17,2.68,4
203,48,14,2.5,4
203,49,18,2.95,4
203,50,17,2.13,4
203,51,7,4.01,4
203,52,12,4.24,4
204,1,4,4.23,4
204,2,15,2.29,4
204,3,3,4.89,4
204,4,12,2.43,4
204,5,12,3.45,4
204,6,7,3.69,4
204,7,5,4.8,4
204,8,1,4.46,4
204,9,9,3.6,4
204,10,11,3.15,4
204,11,5,3.64,4
204,12,4,4.39,4
204,13,6,3.88,4
204,14,10,2.31,4
204,15,14,2.58,4
204,16,2,4.53,4
204,17,12,3.44,4
204,18,4,4.33,4
204,19,4,4.45,4
204,20,17,2.89,4
204,21,14,2.68,4
204,22,9,3.86,4
204,23,12,3.12,4
204,24,3,4.66,4
204,25,7,2.38,4
204,26,18,2.47,4
204,27,5,3.92,4
204,28,17,2.56,4
204,29,5,3.99,4
204,30,12,3.54,4
204,31,4,4.22,4
204,32,19,3.01,4
204,33,12,2.33,4
204,34,12,3.21,4
204,35,7,3.63,4
204,36,1,4.22,4
204,37,12,2.52,4
204,38,12,3.76,4
204,39,3,3.5,4
204,40,0,4.81,4
204,41,2,4.73,4
204,42,19,2.46,4
204,43,11,2.92,4
204,44,7,4.09,4
204,45,9,4.29,4
204,46,6,3.53,4
204,47,14,2.68,4
204,48,18,2.5,4
204,49,20,2.95,4
204,50,21,2.13,4
204,51,9,4.01,4
204,52,4,4.24,4
205,1,17,4.23,5
205,2,22,2.29,5
205,3,14,4.89,5
205,4,14,2.43,5
205,5,18,3.45,5
205,6,25,3.69,5
205,7,10,4.8,5
205,8,12,4.46,5
205,9,10,3.6,5
205,10,14,3.15,5
205,11,19,3.64,5
205,12,13,4.39,5
205,13,9,3.88,5
205,14,14,2.31,5
205,15,12,2.58,5
205,16,19,4.53,5
205,17,15,3.44,5
205,18,11,4.33,5
205,19,10,4.45,5
205,20,15,2.89,5
205,21,15,2.68,5
205,22,15,3.86,5
205,23,14,3.12,5
205,24,10,4.66,5
205,25,22,2.38,5
205,26,7,2.47,5
205,27,9,3.92,5
205,28,12,2.56,5
205,29,18,3.99,5
205,30,18,3.54,5
205,31,13,4.22,5
205,32,14,3.01,5
205,33,19,2.33,5
205,34,12,3.21,5
205,35,27,3.63,5
205,36,10,4.22,5
205,37,7,2.52,5
205,38,9,3.76,5
205,39,22,3.5,5
205,40,10,4.81,5
205,41,12,4.73,5
205,42,14,2.46,5
205,43,16,2.92,5
205,44,18,4.09,5
205,45,19,4.29,5
205,46,13,3.53,5
205,47,14,2.68,5
205,48,10,2.5,5
205,49,22,2.95,5
205,50,20,2.13,5
205,51,19,4.01,5
205,52,17,4.24,5
206,1,0,4.23,5
206,2,2,2.29,5
206,3,0,4.89,5
206,4,2,2.43,5
206,5,1,3.45,5
206,6,0,3.69,5
206,7,0,4.8,5
206,8,0,4.46,5
206,9,2,3.6,5
206,10,4,3.15,5
206,11,0,3.64,5
206,12,0,4.39,5
206,13,1,3.88,5
206,14,3,2.31,5
206,15,4,2.58,5
206,16,0,4.53,5
206,17,2,3.44,5
206,18,0,4.33,5
206,19,0,4.45,5
206,20,3,2.89,5
206,21,2,2.68,5
206,22,0,3.86,5
206,23,0,3.12,5
206,24,0,4.66,5
206,25,5,2.38,5
206,26,3,2.47,5
206,27,0,3.92,5
206,28,2,2.56,5
206,29,1,3.99,5
206,30,0,3.54,5
206,31,0,4.22,5
206,32,1,3.01,5
206,33,3,2.33,5
206,34,3,3.21,5
206,35,0,3.63,5
206,36,0,4.22,5
206,37,2,2.52,5
206,38,1,3.76,5
206,39,0,3.5,5
206,40,0,4.81,5
206,41,0,4.73,5
206,42,2,2.46,5
206,43,1,2.92,5
206,44,0,4.09,5
206,45,1,4.29,5
206,46,0,3.53,5
206,47,0,2.68,5
206,48,2,2.5,5
206,49,1,2.95,5
206,50,7,2.13,5
206,51,0,4.01,5
206,52,0,4.24,5
207,1,0,4.23,1
207,2,2,2.29,1
207,3,0,4.89,1
207,4,0,2.43,1
207,5,0,3.45,1
207,6,0,3.69,1
207,7,0,4.8,1
207,8,0,4.46,1
207,9,0,3.6,1
207,10,1,3.15,1
207,11,0,3.64,1
207,12,0,4.39,1
207,13,0,3.88,1
207,14,1,2.31,1
207,15,0,2.58,1
207,16,0,4.53,1
207,17,0,3.44,1
207,18,0,4.33,1
207,19,0,4.45,1
207,20,0,2.89,1
207,21,0,2.68,1
207,22,0,3.86,1
207,23,1,3.12,1
207,24,0,4.66,1
207,25,2,2.38,1
207,26,1,2.47,1
207,27,0,3.92,1
207,28,3,2.56,1
207,29,0,3.99,1
207,30,0,3.54,1
207,31,0,4.22,1
207,32,1,3.01,1
207,33,0,2.33,1
207,34,0,3.21,1
207,35,0,3.63,1
207,36,0,4.22,1
207,37,0,2.52,1
207,38,0,3.76,1
207,39,0,3.5,1
207,40,1,4.81,1
207,41,0,4.73,1
207,42,0,2.46,1
207,43,0,2.92,1
207,44,0,4.09,1
207,45,0,4.29,1
207,46,0,3.53,1
207,47,1,2.68,1
207,48,0,2.5,1
207,49,0,2.95,1
207,50,1,2.13,1
207,51,0,4.01,1
207,52,0,4.24,1
208,1,0,4.23,5
208,2,4,2.29,5
208,3,0,4.89,5
208,4,7,2.43,5
208,5,2,3.45,5
208,6,0,3.69,5
208,7,0,4.8,5
208,8,0,4.46,5
208,9,1,3.6,5
208,10,2,3.15,5
208,11,0,3.64,5
208,12,0,4.39,5
208,13,0,3.88,5
208,14,2,2.31,5
208,15,4,2.58,5
208,16,0,4.53,5
208,17,1,3.44,5
208,18,0,4.33,5
208,19,0,4.45,5
208,20,0,2.89,5
208,21,4,2.68,5
208,22,0,3.86,5
208,23,2,3.12,5
208,24,0,4.66,5
208,25,3,2.38,5
208,26,3,2.47,5
208,27,0,3.92,5
208,28,5,2.56,5
208,29,0,3.99,5
208,30,1,3.54,5
208,31,0,4.22,5
208,32,4,3.01,5
208,33,5,2.33,5
208,34,0,3.21,5
208,35,1,3.63,5
208,36,2,4.22,5
208,37,1,2.52,5
208,38,0,3.76,5
208,39,0,3.5,5
208,40,0,4.81,5
208,41,0,4.73,5
208,42,5,2.46,5
208,43,3,2.92,5
208,44,0,4.09,5
208,45,1,4.29,5
208,46,0,3.53,5
208,47,5,2.68,5
208,48,3,2.5,5
208,49,2,2.95,5
208,50,5,2.13,5
208,51,1,4.01,5
208,52,0,4.24,5
209,1,0,4.23,3
209,2,3,2.29,3
209,3,0,4.89,3
209,4,1,2.43,3
209,5,0,3.45,3
209,6,0,3.69,3
209,7,0,4.8,3
209,8,0,4.46,3
209,9,0,3.6,3
209,10,0,3.15,3
209,11,0,3.64,3
209,12,0,4.39,3
209,13,0,3.88,3
209,14,1,2.31,3
209,15,0,2.58,3
209,16,0,4.53,3
209,17,1,3.44,3
209,18,0,4.33,3
209,19,0,4.45,3
209,20,1,2.89,3
209,21,0,2.68,3
209,22,0,3.86,3
209,23,0,3.12,3
209,24,0,4.66,3
209,25,2,2.38,3
209,26,1,2.47,3
209,27,0,3.92,3
209,28,0,2.56,3
209,29,0,3.99,3
209,30,0,3.54,3
209,31,0,4.22,3
209,32,0,3.01,3
209,33,4,2.33,3
209,34,0,3.21,3
209,35,0,3.63,3
209,36,0,4.22,3
209,37,0,2.52,3
209,38,0,3.76,3
209,39,0,3.5,3
209,40,0,4.81,3
209,41,0,4.73,3
209,42,2,2.46,3
209,43,0,2.92,3
209,44,0,4.09,3
209,45,0,4.29,3
209,46,0,3.53,3
209,47,1,2.68,3
209,48,1,2.5,3
209,49,1,2.95,3
209,50,2,2.13,3
209,51,0,4.01,3
209,52,0,4.24,3
210,1,1,4.23,2
210,2,8,2.29,2
210,3,1,4.89,2
210,4,8,2.43,2
210,5,3,3.45,2
210,6,4,3.69,2
210,7,1,4.8,2
210,8,2,4.46,2
210,9,2,3.6,2
210,10,5,3.15,2
210,11,3,3.64,2
210,12,2,4.39,2
210,13,1,3.88,2
210,14,7,2.31,2
210,15,10,2.58,2
210,16,3,4.53,2
210,17,4,3.44,2
210,18,3,4.33,2
210,19,1,4.45,2
210,20,11,2.89,2
210,21,5,2.68,2
210,22,2,3.86,2
210,23,2,3.12,2
210,24,2,4.66,2
210,25,12,2.38,2
210,26,3,2.47,2
210,27,3,3.92,2
210,28,7,2.56,2
210,29,4,3.99,2
210,30,2,3.54,2
210,31,2,4.22,2
210,32,2,3.01,2
210,33,11,2.33,2
210,34,4,3.21,2
210,35,3,3.63,2
210,36,2,4.22,2
210,37,4,2.52,2
210,38,5,3.76,2
210,39,3,3.5,2
210,40,1,4.81,2
210,41,2,4.73,2
210,42,9,2.46,2
210,43,4,2.92,2
210,44,1,4.09,2
210,45,3,4.29,2
210,46,7,3.53,2
210,47,8,2.68,2
210,48,9,2.5,2
210,49,2,2.95,2
210,50,9,2.13,2
210,51,3,4.01,2
210,52,3,4.24,2
211,1,0,4.23,1
211,2,2,2.29,1
211,3,0,4.89,1
211,4,4,2.43,1
211,5,2,3.45,1
211,6,0,3.69,1
211,7,0,4.8,1
211,8,0,4.46,1
211,9,3,3.6,1
211,10,0,3.15,1
211,11,1,3.64,1
211,12,0,4.39,1
211,13,0,3.88,1
211,14,2,2.31,1
211,15,5,2.58,1
211,16,1,4.53,1
211,17,1,3.44,1
211,18,0,4.33,1
211,19,1,4.45,1
211,20,2,2.89,1
211,21,1,2.68,1
211,22,0,3.86,1
211,23,1,3.12,1
211,24,1,4.66,1
211,25,6,2.38,1
211,26,4,2.47,1
211,27,1,3.92,1
211,28,2,2.56,1
211,29,1,3.99,1
211,30,1,3.54,1
211,31,0,4.22,1
211,32,2,3.01,1
211,33,5,2.33,1
211,34,0,3.21,1
211,35,1,3.63,1
211,36,1,4.22,1
211,37,6,2.52,1
211,38,0,3.76,1
211,39,0,3.5,1
211,40,0,4.81,1
211,41,0,4.73,1
211,42,2,2.46,1
211,43,3,2.92,1
211,44,1,4.09,1
211,45,1,4.29,1
211,46,1,3.53,1
211,47,1,2.68,1
211,48,2,2.5,1
211,49,1,2.95,1
211,50,1,2.13,1
211,51,0,4.01,1
211,52,0,4.24,1
212,1,0,4.23,1
212,2,0,2.29,1
212,3,0,4.89,1
212,4,1,2.43,1
212,5,0,3.45,1
212,6,0,3.69,1
212,7,0,4.8,1
212,8,0,4.46,1
212,9,0,3.6,1
212,10,0,3.15,1
212,11,0,3.64,1
212,12,0,4.39,1
212,13,0,3.88,1
212,14,2,2.31,1
212,15,1,2.58,1
212,16,0,4.53,1
212,17,0,3.44,1
212,18,0,4.33,1
212,19,0,4.45,1
212,20,0,2.89,1
212,21,0,2.68,1
212,22,1,3.86,1
212,23,0,3.12,1
212,24,0,4.66,1
212,25,0,2.38,1
212,26,1,2.47,1
212,27,0,3.92,1
212,28,1,2.56,1
212,29,0,3.99,1
212,30,0,3.54,1
212,31,0,4.22,1
212,32,2,3.01,1
212,33,0,2.33,1
212,34,0,3.21,1
212,35,0,3.63,1
212,36,0,4.22,1
212,37,1,2.52,1
212,38,0,3.76,1
212,39,0,3.5,1
212,40,0,4.81,1
212,41,0,4.73,1
212,42,2,2.46,1
212,43,0,2.92,1
212,44,0,4.09,1
212,45,0,4.29,1
212,46,0,3.53,1
212,47,0,2.68,1
212,48,1,2.5,1
212,49,1,2.95,1
212,50,1,2.13,1
212,51,0,4.01,1
212,52,0,4.24,1
213,1,2,4.23,3
213,2,13,2.29,3
213,3,3,4.89,3
213,4,8,2.43,3
213,5,7,3.45,3
213,6,4,3.69,3
213,7,2,4.8,3
213,8,1,4.46,3
213,9,3,3.6,3
213,10,8,3.15,3
213,11,4,3.64,3
213,12,0,4.39,3
213,13,1,3.88,3
213,14,18,2.31,3
213,15,10,2.58,3
213,16,2,4.53,3
213,17,4,3.44,3
213,18,7,4.33,3
213,19,3,4.45,3
213,20,13,2.89,3
213,21,6,2.68,3
213,22,4,3.86,3
213,23,9,3.12,3
213,24,2,4.66,3
213,25,15,2.38,3
213,26,6,2.47,3
213,27,4,3.92,3
213,28,10,2.56,3
213,29,2,3.99,3
213,30,3,3.54,3
213,31,2,4.22,3
213,32,10,3.01,3
213,33,7,2.33,3
213,34,7,3.21,3
213,35,6,3.63,3
213,36,1,4.22,3
213,37,16,2.52,3
213,38,2,3.76,3
213,39,6,3.5,3
213,40,1,4.81,3
213,41,2,4.73,3
213,42,12,2.46,3
213,43,13,2.92,3
213,44,4,4.09,3
213,45,0,4.29,3
213,46,6,3.53,3
213,47,5,2.68,3
213,48,8,2.5,3
213,49,5,2.95,3
213,50,7,2.13,3
213,51,5,4.01,3
213,52,2,4.24,3
214,1,0,4.23,2
214,2,1,2.29,2
214,3,0,4.89,2
214,4,0,2.43,2
214,5,1,3.45,2
214,6,0,3.69,2
214,7,0,4.8,2
214,8,0,4.46,2
214,9,0,3.6,2
214,10,0,3.15,2
214,11,0,3.64,2
214,12,0,4.39,2
214,13,0,3.88,2
214,14,0,2.31,2
214,15,0,2.58,2
214,16,0,4.53,2
214,17,0,3.44,2
214,18,0,4.33,2
214,19,0,4.45,2
214,20,0,2.89,2
214,21,0,2.68,2
214,22,0,3.86,2
214,23,1,3.12,2
214,24,0,4.66,2
214,25,3,2.38,2
214,26,1,2.47,2
214,27,1,3.92,2
214,28,0,2.56,2
214,29,0,3.99,2
214,30,1,3.54,2
214,31,0,4.22,2
214,32,0,3.01,2
214,33,1,2.33,2
214,34,2,3.21,2
214,35,0,3.63,2
214,36,0,4.22,2
214,37,3,2.52,2
214,38,0,3.76,2
214,39,0,3.5,2
214,40,0,4.81,2
214,41,0,4.73,2
214,42,2,2.46,2
214,43,1,2.92,2
214,44,0,4.09,2
214,45,0,4.29,2
214,46,0,3.53,2
214,47,0,2.68,2
214,48,0,2.5,2
214,49,0,2.95,2
214,50,1,2.13,2
214,51,0,4.01,2
214,52,0,4.24,2
215,1,4,4.23,2
215,2,7,2.29,2
215,3,3,4.89,2
215,4,3,2.43,2
215,5,3,3.45,2
215,6,4,3.69,2
215,7,4,4.8,2
215,8,2,4.46,2
215,9,3,3.6,2
215,10,6,3.15,2
215,11,3,3.64,2
215,12,4,4.39,2
215,13,2,3.88,2
215,14,7,2.31,2
215,15,6,2.58,2
215,16,2,4.53,2
215,17,4,3.44,2
215,18,3,4.33,2
215,19,5,4.45,2
215,20,8,2.89,2
215,21,9,2.68,2
215,22,2,3.86,2
215,23,3,3.12,2
215,24,1,4.66,2
215,25,9,2.38,2
215,26,7,2.47,2
215,27,4,3.92,2
215,28,5,2.56,2
215,29,4,3.99,2
215,30,2,3.54,2
215,31,0,4.22,2
215,32,5,3.01,2
215,33,6,2.33,2
215,34,2,3.21,2
215,35,6,3.63,2
215,36,2,4.22,2
215,37,6,2.52,2
215,38,3,3.76,2
215,39,4,3.5,2
215,40,0,4.81,2
215,41,1,4.73,2
215,42,8,2.46,2
215,43,7,2.92,2
215,44,7,4.09,2
215,45,2,4.29,2
215,46,3,3.53,2
215,47,6,2.68,2
215,48,3,2.5,2
215,49,3,2.95,2
215,50,9,2.13,2
215,51,5,4.01,2
215,52,4,4.24,2
216,1,5,4.23,3
216,2,13,2.29,3
216,3,4,4.89,3
216,4,11,2.43,3
216,5,7,3.45,3
216,6,12,3.69,3
216,7,4,4.8,3
216,8,1,4.46,3
216,9,5,3.6,3
216,10,8,3.15,3
216,11,2,3.64,3
216,12,5,4.39,3
216,13,4,3.88,3
216,14,11,2.31,3
216,15,10,2.58,3
216,16,1,4.53,3
216,17,4,3.44,3
216,18,3,4.33,3
216,19,4,4.45,3
216,20,13,2.89,3
216,21,9,2.68,3
216,22,10,3.86,3
216,23,5,3.12,3
216,24,3,4.66,3
216,25,14,2.38,3
216,26,13,2.47,3
216,27,6,3.92,3
216,28,11,2.56,3
216,29,6,3.99,3
216,30,11,3.54,3
216,31,5,4.22,3
216,32,11,3.01,3
216,33,8,2.33,3
216,34,8,3.21,3
216,35,9,3.63,3
216,36,4,4.22,3
216,37,12,2.52,3
216,38,6,3.76,3
216,39,6,3.5,3
216,40,2,4.81,3
216,41,3,4.73,3
216,42,14,2.46,3
216,43,10,2.92,3
216,44,9,4.09,3
216,45,4,4.29,3
216,46,6,3.53,3
216,47,8,2.68,3
216,48,7,2.5,3
216,49,7,2.95,3
216,50,15,2.13,3
216,51,6,4.01,3
216,52,2,4.24,3
217,1,1,4.23,5
217,2,5,2.29,5
217,3,0,4.89,5
217,4,6,2.43,5
217,5,0,3.45,5
217,6,2,3.69,5
217,7,0,4.8,5
217,8,0,4.46,5
217,9,1,3.6,5
217,10,0,3.15,5
217,11,0,3.64,5
217,12,0,4.39,5
217,13,0,3.88,5
217,14,7,2.31,5
217,15,7,2.58,5
217,16,0,4.53,5
217,17,0,3.44,5
217,18,0,4.33,5
217,19,1,4.45,5
217,20,0,2.89,5
217,21,1,2.68,5
217,22,0,3.86,5
217,23,2,3.12,5
217,24,0,4.66,5
217,25,7,2.38,5
217,26,2,2.47,5
217,27,0,3.92,5
217,28,1,2.56,5
217,29,0,3.99,5
217,30,1,3.54,5
217,31,0,4.22,5
217,32,0,3.01,5
217,33,8,2.33,5
217,34,0,3.21,5
217,35,0,3.63,5
217,36,1,4.22,5
217,37,2,2.52,5
217,38,0,3.76,5
217,39,0,3.5,5
217,40,0,4.81,5
217,41,0,4.73,5
217,42,3,2.46,5
217,43,1,2.92,5
217,44,0,4.09,5
217,45,0,4.29,5
217,46,0,3.53,5
217,47,2,2.68,5
217,48,1,2.5,5
217,49,5,2.95,5
217,50,6,2.13,5
217,51,0,4.01,5
217,52,0,4.24,5
218,1,10,4.23,5
218,2,15,2.29,5
218,3,5,4.89,5
218,4,14,2.43,5
218,5,16,3.45,5
218,6,28,3.69,5
218,7,6,4.8,5
218,8,5,4.46,5
218,9,17,3.6,5
218,10,13,3.15,5
218,11,11,3.64,5
218,12,3,4.39,5
218,13,11,3.88,5
218,14,16,2.31,5
218,15,18,2.58,5
218,16,8,4.53,5
218,17,17,3.44,5
218,18,10,4.33,5
218,19,8,4.45,5
218,20,21,2.89,5
218,21,11,2.68,5
218,22,16,3.86,5
218,23,18,3.12,5
218,24,4,4.66,5
218,25,11,2.38,5
218,26,14,2.47,5
218,27,10,3.92,5
218,28,14,2.56,5
218,29,13,3.99,5
218,30,21,3.54,5
218,31,10,4.22,5
218,32,16,3.01,5
218,33,16,2.33,5
218,34,20,3.21,5
218,35,14,3.63,5
218,36,10,4.22,5
218,37,13,2.52,5
218,38,14,3.76,5
218,39,20,3.5,5
218,40,7,4.81,5
218,41,6,4.73,5
218,42,22,2.46,5
218,43,9,2.92,5
218,44,9,4.09,5
218,45,8,4.29,5
218,46,16,3.53,5
218,47,17,2.68,5
218,48,21,2.5,5
218,49,20,2.95,5
218,50,16,2.13,5
218,51,17,4.01,5
218,52,10,4.24,5
219,1,22,4.23,5
219,2,15,2.29,5
219,3,11,4.89,5
219,4,18,2.43,5
219,5,14,3.45,5
219,6,14,3.69,5
219,7,7,4.8,5
219,8,12,4.46,5
219,9,17,3.6,5
219,10,19,3.15,5
219,11,12,3.64,5
219,12,21,4.39,5
219,13,21,3.88,5
219,14,9,2.31,5
219,15,18,2.58,5
219,16,10,4.53,5
219,17,14,3.44,5
219,18,13,4.33,5
219,19,14,4.45,5
219,20,14,2.89,5
219,21,12,2.68,5
219,22,21,3.86,5
219,23,13,3.12,5
219,24,15,4.66,5
219,25,17,2.38,5
219,26,19,2.47,5
219,27,10,3.92,5
219,28,15,2.56,5
219,29,19,3.99,5
219,30,19,3.54,5
219,31,20,4.22,5
219,32,17,3.01,5
219,33,16,2.33,5
219,34,17,3.21,5
219,35,9,3.63,5
219,36,16,4.22,5
219,37,16,2.52,5
219,38,18,3.76,5
219,39,20,3.5,5
219,40,13,4.81,5
219,41,13,4.73,5
219,42,16,2.46,5
219,43,22,2.92,5
219,44,13,4.09,5
219,45,15,4.29,5
219,46,12,3.53,5
219,47,18,2.68,5
219,48,12,2.5,5
219,49,16,2.95,5
219,50,17,2.13,5
219,51,16,4.01,5
219,52,15,4.24,5
220,1,0,4.23,4
220,2,6,2.29,4
220,3,0,4.89,4
220,4,0,2.43,4
220,5,1,3.45,4
220,6,1,3.69,4
220,7,0,4.8,4
220,8,0,4.46,4
220,9,0,3.6,4
220,10,0,3.15,4
220,11,0,3.64,4
220,12,0,4.39,4
220,13,0,3.88,4
220,14,0,2.31,4
220,15,3,2.58,4
220,16,1,4.53,4
220,17,1,3.44,4
220,18,0,4.33,4
220,19,0,4.45,4
220,20,1,2.89,4
220,21,4,2.68,4
220,22,1,3.86,4
220,23,0,3.12,4
220,24,0,4.66,4
220,25,2,2.38,4
220,26,1,2.47,4
220,27,0,3.92,4
220,28,2,2.56,4
220,29,0,3.99,4
220,30,1,3.54,4
220,31,0,4.22,4
220,32,1,3.01,4
220,33,3,2.33,4
220,34,2,3.21,4
220,35,1,3.63,4
220,36,1,4.22,4
220,37,0,2.52,4
220,38,0,3.76,4
220,39,0,3.5,4
220,40,0,4.81,4
220,41,0,4.73,4
220,42,2,2.46,4
220,43,0,2.92,4
220,44,0,4.09,4
220,45,0,4.29,4
220,46,0,3.53,4
220,47,1,2.68,4
220,48,1,2.5,4
220,49,1,2.95,4
220,50,2,2.13,4
220,51,0,4.01,4
220,52,0,4.24,4
221,1,1,4.23,1
221,2,7,2.29,1
221,3,3,4.89,1
221,4,7,2.43,1
221,5,2,3.45,1
221,6,3,3.69,1
221,7,1,4.8,1
221,8,0,4.46,1
221,9,1,3.6,1
221,10,3,3.15,1
221,11,0,3.64,1
221,12,2,4.39,1
221,13,2,3.88,1
221,14,1,2.31,1
221,15,1,2.58,1
221,16,0,4.53,1
221,17,2,3.44,1
221,18,2,4.33,1
221,19,1,4.45,1
221,20,6,2.89,1
221,21,0,2.68,1
221,22,2,3.86,1
221,23,1,3.12,1
221,24,2,4.66,1
221,25,4,2.38,1
221,26,3,2.47,1
221,27,1,3.92,1
221,28,4,2.56,1
221,29,1,3.99,1
221,30,3,3.54,1
221,31,3,4.22,1
221,32,4,3.01,1
221,33,4,2.33,1
221,34,4,3.21,1
221,35,2,3.63,1
221,36,2,4.22,1
221,37,3,2.52,1
221,38,3,3.76,1
221,39,2,3.5,1
221,40,0,4.81,1
221,41,1,4.73,1
221,42,6,2.46,1
221,43,1,2.92,1
221,44,2,4.09,1
221,45,0,4.29,1
221,46,0,3.53,1
221,47,2,2.68,1
221,48,1,2.5,1
221,49,1,2.95,1
221,50,4,2.13,1
221,51,0,4.01,1
221,52,1,4.24,1
222,1,1,4.23,2
222,2,3,2.29,2
222,3,0,4.89,2
222,4,4,2.43,2
222,5,0,3.45,2
222,6,0,3.69,2
222,7,1,4.8,2
222,8,2,4.46,2
222,9,3,3.6,2
222,10,2,3.15,2
222,11,3,3.64,2
222,12,1,4.39,2
222,13,1,3.88,2
222,14,8,2.31,2
222,15,10,2.58,2
222,16,2,4.53,2
222,17,1,3.44,2
222,18,2,4.33,2
222,19,1,4.45,2
222,20,3,2.89,2
222,21,7,2.68,2
222,22,2,3.86,2
222,23,2,3.12,2
222,24,0,4.66,2
222,25,6,2.38,2
222,26,6,2.47,2
222,27,3,3.92,2
222,28,2,2.56,2
222,29,1,3.99,2
222,30,0,3.54,2
222,31,0,4.22,2
222,32,4,3.01,2
222,33,5,2.33,2
222,34,3,3.21,2
222,35,1,3.63,2
222,36,1,4.22,2
222,37,4,2.52,2
222,38,0,3.76,2
222,39,3,3.5,2
222,40,1,4.81,2
222,41,0,4.73,2
222,42,12,2.46,2
222,43,2,2.92,2
222,44,3,4.09,2
222,45,1,4.29,2
222,46,1,3.53,2
222,47,6,2.68,2
222,48,3,2.5,2
222,49,4,2.95,2
222,50,12,2.13,2
222,51,1,4.01,2
222,52,1,4.24,2
223,1,0,4.23,4
223,2,3,2.29,4
223,3,0,4.89,4
223,4,3,2.43,4
223,5,0,3.45,4
223,6,1,3.69,4
223,7,0,4.8,4
223,8,0,4.46,4
223,9,0,3.6,4
223,10,0,3.15,4
223,11,2,3.64,4
223,12,0,4.39,4
223,13,1,3.88,4
223,14,2,2.31,4
223,15,1,2.58,4
223,16,0,4.53,4
223,17,1,3.44,4
223,18,0,4.33,4
223,19,1,4.45,4
223,20,0,2.89,4
223,21,0,2.68,4
223,22,0,3.86,4
223,23,1,3.12,4
223,24,0,4.66,4
223,25,3,2.38,4
223,26,1,2.47,4
223,27,0,3.92,4
223,28,1,2.56,4
223,29,0,3.99,4
223,30,0,3.54,4
223,31,0,4.22,4
223,32,0,3.01,4
223,33,3,2.33,4
223,34,1,3.21,4
223,35,0,3.63,4
223,36,0,4.22,4
223,37,0,2.52,4
223,38,0,3.76,4
223,39,1,3.5,4
223,40,0,4.81,4
223,41,0,4.73,4
223,42,4,2.46,4
223,43,0,2.92,4
223,44,0,4.09,4
223,45,0,4.29,4
223,46,0,3.53,4
223,47,0,2.68,4
223,48,1,2.5,4
223,49,0,2.95,4
223,50,3,2.13,4
223,51,0,4.01,4
223,52,0,4.24,4
224,1,1,4.23,5
224,2,5,2.29,5
224,3,0,4.89,5
224,4,5,2.43,5
224,5,0,3.45,5
224,6,0,3.69,5
224,7,1,4.8,5
224,8,0,4.46,5
224,9,0,3.6,5
224,10,2,3.15,5
224,11,1,3.64,5
224,12,0,4.39,5
224,13,0,3.88,5
224,14,4,2.31,5
224,15,7,2.58,5
224,16,1,4.53,5
224,17,1,3.44,5
224,18,0,4.33,5
224,19,1,4.45,5
224,20,2,2.89,5
224,21,2,2.68,5
224,22,0,3.86,5
224,23,0,3.12,5
224,24,0,4.66,5
224,25,2,2.38,5
224,26,3,2.47,5
224,27,0,3.92,5
224,28,5,2.56,5
224,29,0,3.99,5
224,30,0,3.54,5
224,31,0,4.22,5
224,32,0,3.01,5
224,33,3,2.33,5
224,34,0,3.21,5
224,35,2,3.63,5
224,36,0,4.22,5
224,37,5,2.52,5
224,38,0,3.76,5
224,39,1,3.5,5
224,40,0,4.81,5
224,41,0,4.73,5
224,42,2,2.46,5
224,43,1,2.92,5
224,44,0,4.09,5
224,45,0,4.29,5
224,46,0,3.53,5
224,47,4,2.68,5
224,48,5,2.5,5
224,49,1,2.95,5
224,50,5,2.13,5
224,51,0,4.01,5
224,52,2,4.24,5
225,1,0,4.23,2
225,2,1,2.29,2
225,3,0,4.89,2
225,4,0,2.43,2
225,5,1,3.45,2
225,6,1,3.69,2
225,7,0,4.8,2
225,8,0,4.46,2
225,9,0,3.6,2
225,10,0,3.15,2
225,11,1,3.64,2
225,12,0,4.39,2
225,13,0,3.88,2
225,14,0,2.31,2
225,15,0,2.58,2
225,16,0,4.53,2
225,17,0,3.44,2
225,18,0,4.33,2
225,19,0,4.45,2
225,20,1,2.89,2
225,21,0,2.68,2
225,22,0,3.86,2
225,23,0,3.12,2
225,24,0,4.66,2
225,25,3,2.38,2
225,26,3,2.47,2
225,27,0,3.92,2
225,28,1,2.56,2
225,29,0,3.99,2
225,30,0,3.54,2
225,31,0,4.22,2
225,32,0,3.01,2
225,33,1,2.33,2
225,34,0,3.21,2
225,35,0,3.63,2
225,36,0,4.22,2
225,37,0,2.52,2
225,38,0,3.76,2
225,39,0,3.5,2
225,40,0,4.81,2
225,41,0,4.73,2
225,42,0,2.46,2
225,43,0,2.92,2
225,44,0,4.09,2
225,45,0,4.29,2
225,46,0,3.53,2
225,47,0,2.68,2
225,48,0,2.5,2
225,49,0,2.95,2
225,50,1,2.13,2
225,51,0,4.01,2
225,52,0,4.24,2
226,1,0,4.23,4
226,2,3,2.29,4
226,3,0,4.89,4
226,4,1,2.43,4
226,5,0,3.45,4
226,6,0,3.69,4
226,7,0,4.8,4
226,8,0,4.46,4
226,9,0,3.6,4
226,10,1,3.15,4
226,11,0,3.64,4
226,12,0,4.39,4
226,13,0,3.88,4
226,14,1,2.31,4
226,15,2,2.58,4
226,16,0,4.53,4
226,17,1,3.44,4
226,18,0,4.33,4
226,19,0,4.45,4
226,20,1,2.89,4
226,21,1,2.68,4
226,22,0,3.86,4
226,23,0,3.12,4
226,24,0,4.66,4
226,25,4,2.38,4
226,26,3,2.47,4
226,27,1,3.92,4
226,28,4,2.56,4
226,29,0,3.99,4
226,30,0,3.54,4
226,31,0,4.22,4
226,32,0,3.01,4
226,33,2,2.33,4
226,34,2,3.21,4
226,35,0,3.63,4
226,36,0,4.22,4
226,37,3,2.52,4
226,38,0,3.76,4
226,39,0,3.5,4
226,40,0,4.81,4
226,41,0,4.73,4
226,42,2,2.46,4
226,43,1,2.92,4
226,44,0,4.09,4
226,45,0,4.29,4
226,46,1,3.53,4
226,47,1,2.68,4
226,48,1,2.5,4
226,49,1,2.95,4
226,50,7,2.13,4
226,51,0,4.01,4
226,52,0,4.24,4
227,1,0,4.23,1
227,2,2,2.29,1
227,3,1,4.89,1
227,4,0,2.43,1
227,5,0,3.45,1
227,6,0,3.69,1
227,7,0,4.8,1
227,8,0,4.46,1
227,9,0,3.6,1
227,10,0,3.15,1
227,11,0,3.64,1
227,12,0,4.39,1
227,13,0,3.88,1
227,14,0,2.31,1
227,15,1,2.58,1
227,16,0,4.53,1
227,17,0,3.44,1
227,18,0,4.33,1
227,19,0,4.45,1
227,20,0,2.89,1
227,21,0,2.68,1
227,22,0,3.86,1
227,23,0,3.12,1
227,24,0,4.66,1
227,25,1,2.38,1
227,26,1,2.47,1
227,27,0,3.92,1
227,28,1,2.56,1
227,29,0,3.99,1
227,30,0,3.54,1
227,31,0,4.22,1
227,32,0,3.01,1
227,33,0,2.33,1
227,34,0,3.21,1
227,35,0,3.63,1
227,36,0,4.22,1
227,37,0,2.52,1
227,38,0,3.76,1
227,39,0,3.5,1
227,40,0,4.81,1
227,41,0,4.73,1
227,42,1,2.46,1
227,43,0,2.92,1
227,44,0,4.09,1
227,45,0,4.29,1
227,46,0,3.53,1
227,47,0,2.68,1
227,48,1,2.5,1
227,49,0,2.95,1
227,50,0,2.13,1
227,51,0,4.01,1
227,52,0,4.24,1
228,1,13,4.23,5
228,2,19,2.29,5
228,3,11,4.89,5
228,4,16,2.43,5
228,5,15,3.45,5
228,6,17,3.69,5
228,7,18,4.8,5
228,8,15,4.46,5
228,9,14,3.6,5
228,10,13,3.15,5
228,11,9,3.64,5
228,12,9,4.39,5
228,13,13,3.88,5
228,14,18,2.31,5
228,15,15,2.58,5
228,16,18,4.53,5
228,17,17,3.44,5
228,18,12,4.33,5
228,19,19,4.45,5
228,20,15,2.89,5
228,21,20,2.68,5
228,22,9,3.86,5
228,23,16,3.12,5
228,24,9,4.66,5
228,25,15,2.38,5
228,26,14,2.47,5
228,27,12,3.92,5
228,28,11,2.56,5
228,29,14,3.99,5
228,30,17,3.54,5
228,31,21,4.22,5
228,32,12,3.01,5
228,33,19,2.33,5
228,34,16,3.21,5
228,35,17,3.63,5
228,36,22,4.22,5
228,37,22,2.52,5
228,38,21,3.76,5
228,39,15,3.5,5
228,40,10,4.81,5
228,41,16,4.73,5
228,42,10,2.46,5
228,43,20,2.92,5
228,44,21,4.09,5
228,45,17,4.29,5
228,46,17,3.53,5
228,47,10,2.68,5
228,48,12,2.5,5
228,49,9,2.95,5
228,50,20,2.13,5
228,51,14,4.01,5
228,52,19,4.24,5
229,1,5,4.23,4
229,2,20,2.29,4
229,3,1,4.89,4
229,4,17,2.43,4
229,5,3,3.45,4
229,6,9,3.69,4
229,7,3,4.8,4
229,8,4,4.46,4
229,9,9,3.6,4
229,10,12,3.15,4
229,11,10,3.64,4
229,12,3,4.39,4
229,13,3,3.88,4
229,14,13,2.31,4
229,15,8,2.58,4
229,16,2,4.53,4
229,17,12,3.44,4
229,18,4,4.33,4
229,19,2,4.45,4
229,20,14,2.89,4
229,21,14,2.68,4
229,22,9,3.86,4
229,23,9,3.12,4
229,24,0,4.66,4
229,25,18,2.38,4
229,26,19,2.47,4
229,27,3,3.92,4
229,28,15,2.56,4
229,29,8,3.99,4
229,30,12,3.54,4
229,31,0,4.22,4
229,32,19,3.01,4
229,33,15,2.33,4
229,34,15,3.21,4
229,35,8,3.63,4
229,36,4,4.22,4
229,37,16,2.52,4
229,38,6,3.76,4
229,39,8,3.5,4
229,40,3,4.81,4
229,41,4,4.73,4
229,42,16,2.46,4
229,43,11,2.92,4
229,44,5,4.09,4
229,45,5,4.29,4
229,46,11,3.53,4
229,47,20,2.68,4
229,48,16,2.5,4
229,49,13,2.95,4
229,50,11,2.13,4
229,51,4,4.01,4
229,52,4,4.24,4
230,1,10,4.23,5
230,2,14,2.29,5
230,3,5,4.89,5
230,4,15,2.43,5
230,5,15,3.45,5
230,6,18,3.69,5
230,7,4,4.8,5
230,8,4,4.46,5
230,9,20,3.6,5
230,10,12,3.15,5
230,11,22,3.64,5
230,12,9,4.39,5
230,13,11,3.88,5
230,14,13,2.31,5
230,15,17,2.58,5
230,16,2,4.53,5
230,17,8,3.44,5
230,18,8,4.33,5
230,19,6,4.45,5
230,20,14,2.89,5
230,21,16,2.68,5
230,22,9,3.86,5
230,23,12,3.12,5
230,24,10,4.66,5
230,25,16,2.38,5
230,26,13,2.47,5
230,27,10,3.92,5
230,28,12,2.56,5
230,29,8,3.99,5
230,30,17,3.54,5
230,31,11,4.22,5
230,32,25,3.01,5
230,33,14,2.33,5
230,34,24,3.21,5
230,35,13,3.63,5
230,36,6,4.22,5
230,37,17,2.52,5
230,38,17,3.76,5
230,39,17,3.5,5
230,40,4,4.81,5
230,41,8,4.73,5
230,42,15,2.46,5
230,43,15,2.92,5
230,44,7,4.09,5
230,45,7,4.29,5
230,46,16,3.53,5
230,47,15,2.68,5
230,48,18,2.5,5
230,49,21,2.95,5
230,50,13,2.13,5
230,51,15,4.01,5
230,52,10,4.24,5
231,1,2,4.23,2
231,2,11,2.29,2
231,3,0,4.89,2
231,4,10,2.43,2
231,5,4,3.45,2
231,6,3,3.69,2
231,7,0,4.8,2
231,8,3,4.46,2
231,9,4,3.6,2
231,10,3,3.15,2
231,11,0,3.64,2
231,12,0,4.39,2
231,13,4,3.88,2
231,14,7,2.31,2
231,15,3,2.58,2
231,16,3,4.53,2
231,17,4,3.44,2
231,18,2,4.33,2
231,19,2,4.45,2
231,20,4,2.89,2
231,21,2,2.68,2
231,22,1,3.86,2
231,23,2,3.12,2
231,24,1,4.66,2
231,25,8,2.38,2
231,26,6,2.47,2
231,27,1,3.92,2
231,28,4,2.56,2
231,29,1,3.99,2
231,30,3,3.54,2
231,31,2,4.22,2
231,32,4,3.01,2
231,33,8,2.33,2
231,34,1,3.21,2
231,35,4,3.63,2
231,36,2,4.22,2
231,37,5,2.52,2
231,38,2,3.76,2
231,39,2,3.5,2
231,40,1,4.81,2
231,41,0,4.73,2
231,42,4,2.46,2
231,43,4,2.92,2
231,44,2,4.09,2
231,45,1,4.29,2
231,46,0,3.53,2
231,47,3,2.68,2
231,48,7,2.5,2
231,49,2,2.95,2
231,50,6,2.13,2
231,51,5,4.01,2
231,52,0,4.24,2
232,1,16,4.23,5
232,2,8,2.29,5
232,3,10,4.89,5
232,4,10,2.43,5
232,5,12,3.45,5
232,6,9,3.69,5
232,7,8,4.8,5
232,8,12,4.46,5
232,9,13,3.6,5
232,10,13,3.15,5
232,11,13,3.64,5
232,12,17,4.39,5
232,13,20,3.88,5
232,14,21,2.31,5
232,15,13,2.58,5
232,16,21,4.53,5
232,17,13,3.44,5
232,18,13,4.33,5
232,19,11,4.45,5
232,20,14,2.89,5
232,21,14,2.68,5
232,22,13,3.86,5
232,23,12,3.12,5
232,24,6,4.66,5
232,25,15,2.38,5
232,26,13,2.47,5
232,27,11,3.92,5
232,28,10,2.56,5
232,29,22,3.99,5
232,30,15,3.54,5
232,31,13,4.22,5
232,32,18,3.01,5
232,33,17,2.33,5
232,34,15,3.21,5
232,35,16,3.63,5
232,36,14,4.22,5
232,37,15,2.52,5
232,38,17,3.76,5
232,39,14,3.5,5
232,40,7,4.81,5
232,41,9,4.73,5
232,42,14,2.46,5
232,43,14,2.92,5
232,44,16,4.09,5
232,45,13,4.29,5
232,46,19,3.53,5
232,47,12,2.68,5
232,48,15,2.5,5
232,49,17,2.95,5
232,50,17,2.13,5
232,51,10,4.01,5
232,52,11,4.24,5
233,1,0,4.23,4
233,2,0,2.29,4
233,3,0,4.89,4
233,4,1,2.43,4
233,5,0,3.45,4
233,6,0,3.69,4
233,7,0,4.8,4
233,8,0,4.46,4
233,9,0,3.6,4
233,10,2,3.15,4
233,11,0,3.64,4
233,12,1,4.39,4
233,13,0,3.88,4
233,14,1,2.31,4
233,15,2,2.58,4
233,16,0,4.53,4
233,17,2,3.44,4
233,18,0,4.33,4
233,19,0,4.45,4
233,20,2,2.89,4
233,21,1,2.68,4
233,22,0,3.86,4
233,23,0,3.12,4
233,24,0,4.66,4
233,25,2,2.38,4
233,26,4,2.47,4
233,27,0,3.92,4
233,28,0,2.56,4
233,29,1,3.99,4
233,30,0,3.54,4
233,31,1,4.22,4
233,32,0,3.01,4
233,33,2,2.33,4
233,34,0,3.21,4
233,35,0,3.63,4
233,36,0,4.22,4
233,37,2,2.52,4
233,38,0,3.76,4
233,39,2,3.5,4
233,40,0,4.81,4
233,41,0,4.73,4
233,42,3,2.46,4
233,43,0,2.92,4
233,44,0,4.09,4
233,45,0,4.29,4
233,46,0,3.53,4
233,47,0,2.68,4
233,48,3,2.5,4
233,49,2,2.95,4
233,50,1,2.13,4
233,51,0,4.01,4
233,52,0,4.24,4
234,1,0,4.23,1
234,2,1,2.29,1
234,3,0,4.89,1
234,4,1,2.43,1
234,5,0,3.45,1
234,6,0,3.69,1
234,7,0,4.8,1
234,8,0,4.46,1
234,9,1,3.6,1
234,10,2,3.15,1
234,11,0,3.64,1
234,12,1,4.39,1
234,13,1,3.88,1
234,14,2,2.31,1
234,15,1,2.58,1
234,16,2,4.53,1
234,17,0,3.44,1
234,18,1,4.33,1
234,19,0,4.45,1
234,20,1,2.89,1
234,21,0,2.68,1
234,22,0,3.86,1
234,23,1,3.12,1
234,24,0,4.66,1
234,25,2,2.38,1
234,26,3,2.47,1
234,27,3,3.92,1
234,28,2,2.56,1
234,29,1,3.99,1
234,30,1,3.54,1
234,31,1,4.22,1
234,32,1,3.01,1
234,33,1,2.33,1
234,34,0,3.21,1
234,35,0,3.63,1
234,36,0,4.22,1
234,37,0,2.52,1
234,38,1,3.76,1
234,39,0,3.5,1
234,40,0,4.81,1
234,41,0,4.73,1
234,42,4,2.46,1
234,43,1,2.92,1
234,44,0,4.09,1
234,45,0,4.29,1
234,46,0,3.53,1
234,47,1,2.68,1
234,48,3,2.5,1
234,49,0,2.95,1
234,50,2,2.13,1
234,51,0,4.01,1
234,52,0,4.24,1
235,1,0,4.23,2
235,2,6,2.29,2
235,3,0,4.89,2
235,4,8,2.43,2
235,5,3,3.45,2
235,6,2,3.69,2
235,7,1,4.8,2
235,8,1,4.46,2
235,9,5,3.6,2
235,10,3,3.15,2
235,11,1,3.64,2
235,12,0,4.39,2
235,13,2,3.88,2
235,14,10,2.31,2
235,15,4,2.58,2
235,16,2,4.53,2
235,17,3,3.44,2
235,18,0,4.33,2
235,19,0,4.45,2
235,20,3,2.89,2
235,21,7,2.68,2
235,22,1,3.86,2
235,23,1,3.12,2
235,24,2,4.66,2
235,25,5,2.38,2
235,26,4,2.47,2
235,27,3,3.92,2
235,28,6,2.56,2
235,29,1,3.99,2
235,30,2,3.54,2
235,31,2,4.22,2
235,32,3,3.01,2
235,33,5,2.33,2
235,34,4,3.21,2
235,35,2,3.63,2
235,36,2,4.22,2
235,37,11,2.52,2
235,38,5,3.76,2
235,39,1,3.5,2
235,40,2,4.81,2
235,41,4,4.73,2
235,42,6,2.46,2
235,43,2,2.92,2
235,44,0,4.09,2
235,45,0,4.29,2
235,46,1,3.53,2
235,47,6,2.68,2
235,48,2,2.5,2
235,49,3,2.95,2
235,50,9,2.13,2
235,51,2,4.01,2
235,52,1,4.24,2
236,1,0,4.23,2
236,2,1,2.29,2
236,3,0,4.89,2
236,4,0,2.43,2
236,5,0,3.45,2
236,6,0,3.69,2
236,7,0,4.8,2
236,8,0,4.46,2
236,9,0,3.6,2
236,10,0,3.15,2
236,11,0,3.64,2
236,12,0,4.39,2
236,13,0,3.88,2
236,14,1,2.31,2
236,15,1,2.58,2
236,16,0,4.53,2
236,17,0,3.44,2
236,18,0,4.33,2
236,19,0,4.45,2
236,20,2,2.89,2
236,21,0,2.68,2
236,22,0,3.86,2
236,23,1,3.12,2
236,24,0,4.66,2
236,25,2,2.38,2
236,26,0,2.47,2
236,27,0,3.92,2
236,28,0,2.56,2
236,29,0,3.99,2
236,30,0,3.54,2
236,31,0,4.22,2
236,32,1,3.01,2
236,33,1,2.33,2
236,34,0,3.21,2
236,35,0,3.63,2
236,36,0,4.22,2
236,37,0,2.52,2
236,38,0,3.76,2
236,39,0,3.5,2
236,40,0,4.81,2
236,41,0,4.73,2
236,42,1,2.46,2
236,43,0,2.92,2
236,44,0,4.09,2
236,45,0,4.29,2
236,46,0,3.53,2
236,47,1,2.68,2
236,48,1,2.5,2
236,49,0,2.95,2
236,50,2,2.13,2
236,51,0,4.01,2
236,52,0,4.24,2
237,1,2,4.23,2
237,2,5,2.29,2
237,3,1,4.89,2
237,4,8,2.43,2
237,5,2,3.45,2
237,6,1,3.69,2
237,7,2,4.8,2
237,8,0,4.46,2
237,9,1,3.6,2
237,10,3,3.15,2
237,11,0,3.64,2
237,12,2,4.39,2
237,13,2,3.88,2
237,14,7,2.31,2
237,15,4,2.58,2
237,16,1,4.53,2
237,17,3,3.44,2
237,18,0,4.33,2
237,19,2,4.45,2
237,20,7,2.89,2
237,21,4,2.68,2
237,22,1,3.86,2
237,23,2,3.12,2
237,24,2,4.66,2
237,25,4,2.38,2
237,26,10,2.47,2
237,27,2,3.92,2
237,28,5,2.56,2
237,29,0,3.99,2
237,30,0,3.54,2
237,31,0,4.22,2
237,32,2,3.01,2
237,33,9,2.33,2
237,34,1,3.21,2
237,35,2,3.63,2
237,36,0,4.22,2
237,37,3,2.52,2
237,38,3,3.76,2
237,39,0,3.5,2
237,40,1,4.81,2
237,41,0,4.73,2
237,42,3,2.46,2
237,43,1,2.92,2
237,44,1,4.09,2
237,45,3,4.29,2
237,46,1,3.53,2
237,47,1,2.68,2
237,48,10,2.5,2
237,49,5,2.95,2
237,50,6,2.13,2
237,51,1,4.01,2
237,52,1,4.24,2
238,1,0,4.23,5
238,2,1,2.29,5
238,3,0,4.89,5
238,4,5,2.43,5
238,5,1,3.45,5
238,6,1,3.69,5
238,7,0,4.8,5
238,8,0,4.46,5
238,9,1,3.6,5
238,10,0,3.15,5
238,11,0,3.64,5
238,12,0,4.39,5
238,13,0,3.88,5
238,14,1,2.31,5
238,15,5,2.58,5
238,16,0,4.53,5
238,17,0,3.44,5
238,18,1,4.33,5
238,19,0,4.45,5
238,20,2,2.89,5
238,21,1,2.68,5
238,22,0,3.86,5
238,23,2,3.12,5
238,24,1,4.66,5
238,25,3,2.38,5
238,26,5,2.47,5
238,27,0,3.92,5
238,28,2,2.56,5
238,29,0,3.99,5
238,30,0,3.54,5
238,31,0,4.22,5
238,32,2,3.01,5
238,33,4,2.33,5
238,34,1,3.21,5
238,35,2,3.63,5
238,36,0,4.22,5
238,37,0,2.52,5
238,38,1,3.76,5
238,39,2,3.5,5
238,40,1,4.81,5
238,41,0,4.73,5
238,42,2,2.46,5
238,43,1,2.92,5
238,44,1,4.09,5
238,45,0,4.29,5
238,46,0,3.53,5
238,47,1,2.68,5
238,48,5,2.5,5
238,49,3,2.95,5
238,50,4,2.13,5
238,51,0,4.01,5
238,52,0,4.24,5
239,1,0,4.23,5
239,2,5,2.29,5
239,3,0,4.89,5
239,4,4,2.43,5
239,5,1,3.45,5
239,6,2,3.69,5
239,7,0,4.8,5
239,8,0,4.46,5
239,9,2,3.6,5
239,10,2,3.15,5
239,11,3,3.64,5
239,12,0,4.39,5
239,13,1,3.88,5
239,14,3,2.31,5
239,15,6,2.58,5
239,16,0,4.53,5
239,17,3,3.44,5
239,18,0,4.33,5
239,19,0,4.45,5
239,20,1,2.89,5
239,21,4,2.68,5
239,22,0,3.86,5
239,23,2,3.12,5
239,24,0,4.66,5
239,25,5,2.38,5
239,26,3,2.47,5
239,27,0,3.92,5
239,28,1,2.56,5
239,29,0,3.99,5
239,30,1,3.54,5
239,31,0,4.22,5
239,32,0,3.01,5
239,33,4,2.33,5
239,34,1,3.21,5
239,35,0,3.63,5
239,36,0,4.22,5
239,37,1,2.52,5
239,38,0,3.76,5
239,39,0,3.5,5
239,40,0,4.81,5
239,41,0,4.73,5
239,42,3,2.46,5
239,43,2,2.92,5
239,44,0,4.09,5
239,45,0,4.29,5
239,46,0,3.53,5
239,47,1,2.68,5
239,48,3,2.5,5
239,49,1,2.95,5
239,50,4,2.13,5
239,51,0,4.01,5
239,52,0,4.24,5
240,1,3,4.23,3
240,2,14,2.29,3
240,3,0,4.89,3
240,4,16,2.43,3
240,5,4,3.45,3
240,6,5,3.69,3
240,7,0,4.8,3
240,8,1,4.46,3
240,9,3,3.6,3
240,10,4,3.15,3
240,11,2,3.64,3
240,12,3,4.39,3
240,13,1,3.88,3
240,14,10,2.31,3
240,15,13,2.58,3
240,16,2,4.53,3
240,17,5,3.44,3
240,18,2,4.33,3
240,19,0,4.45,3
240,20,5,2.89,3
240,21,7,2.68,3
240,22,3,3.86,3
240,23,12,3.12,3
240,24,2,4.66,3
240,25,7,2.38,3
240,26,10,2.47,3
240,27,3,3.92,3
240,28,10,2.56,3
240,29,8,3.99,3
240,30,1,3.54,3
240,31,2,4.22,3
240,32,6,3.01,3
240,33,15,2.33,3
240,34,3,3.21,3
240,35,5,3.63,3
240,36,3,4.22,3
240,37,8,2.52,3
240,38,2,3.76,3
240,39,4,3.5,3
240,40,1,4.81,3
240,41,2,4.73,3
240,42,5,2.46,3
240,43,7,2.92,3
240,44,6,4.09,3
240,45,0,4.29,3
240,46,3,3.53,3
240,47,10,2.68,3
240,48,11,2.5,3
240,49,9,2.95,3
240,50,10,2.13,3
240,51,1,4.01,3
240,52,2,4.24,3
241,1,3,4.23,2
241,2,6,2.29,2
241,3,1,4.89,2
241,4,5,2.43,2
241,5,4,3.45,2
241,6,3,3.69,2
241,7,1,4.8,2
241,8,7,4.46,2
241,9,0,3.6,2
241,10,1,3.15,2
241,11,3,3.64,2
241,12,2,4.39,2
241,13,3,3.88,2
241,14,6,2.31,2
241,15,3,2.58,2
241,16,1,4.53,2
241,17,3,3.44,2
241,18,2,4.33,2
241,19,2,4.45,2
241,20,3,2.89,2
241,21,3,2.68,2
241,22,1,3.86,2
241,23,1,3.12,2
241,24,0,4.66,2
241,25,0,2.38,2
241,26,6,2.47,2
241,27,1,3.92,2
241,28,10,2.56,2
241,29,2,3.99,2
241,30,3,3.54,2
241,31,2,4.22,2
241,32,6,3.01,2
241,33,3,2.33,2
241,34,5,3.21,2
241,35,0,3.63,2
241,36,2,4.22,2
241,37,2,2.52,2
241,38,6,3.76,2
241,39,2,3.5,2
241,40,3,4.81,2
241,41,3,4.73,2
241,42,5,2.46,2
241,43,7,2.92,2
241,44,4,4.09,2
241,45,3,4.29,2
241,46,4,3.53,2
241,47,5,2.68,2
241,48,3,2.5,2
241,49,5,2.95,2
241,50,4,2.13,2
241,51,1,4.01,2
241,52,5,4.24,2
242,1,0,4.23,2
242,2,2,2.29,2
242,3,0,4.89,2
242,4,2,2.43,2
242,5,0,3.45,2
242,6,0,3.69,2
242,7,0,4.8,2
242,8,0,4.46,2
242,9,0,3.6,2
242,10,0,3.15,2
242,11,0,3.64,2
242,12,0,4.39,2
242,13,0,3.88,2
242,14,1,2.31,2
242,15,1,2.58,2
242,16,0,4.53,2
242,17,0,3.44,2
242,18,0,4.33,2
242,19,0,4.45,2
242,20,1,2.89,2
242,21,0,2.68,2
242,22,0,3.86,2
242,23,0,3.12,2
242,24,0,4.66,2
242,25,0,2.38,2
242,26,0,2.47,2
242,27,0,3.92,2
242,28,1,2.56,2
242,29,0,3.99,2
242,30,0,3.54,2
242,31,0,4.22,2
242,32,0,3.01,2
242,33,2,2.33,2
242,34,0,3.21,2
242,35,0,3.63,2
242,36,0,4.22,2
242,37,2,2.52,2
242,38,0,3.76,2
242,39,0,3.5,2
242,40,0,4.81,2
242,41,0,4.73,2
242,42,2,2.46,2
242,43,1,2.92,2
242,44,0,4.09,2
242,45,0,4.29,2
242,46,0,3.53,2
242,47,0,2.68,2
242,48,1,2.5,2
242,49,0,2.95,2
242,50,0,2.13,2
242,51,0,4.01,2
242,52,0,4.24,2
243,1,6,4.23,3
243,2,12,2.29,3
243,3,4,4.89,3
243,4,17,2.43,3
243,5,11,3.45,3
243,6,6,3.69,3
243,7,8,4.8,3
243,8,7,4.46,3
243,9,5,3.6,3
243,10,5,3.15,3
243,11,4,3.64,3
243,12,7,4.39,3
243,13,7,3.88,3
243,14,10,2.31,3
243,15,11,2.58,3
243,16,2,4.53,3
243,17,7,3.44,3
243,18,3,4.33,3
243,19,2,4.45,3
243,20,4,2.89,3
243,21,15,2.68,3
243,22,8,3.86,3
243,23,5,3.12,3
243,24,5,4.66,3
243,25,15,2.38,3
243,26,8,2.47,3
243,27,10,3.92,3
243,28,10,2.56,3
243,29,4,3.99,3
243,30,15,3.54,3
243,31,5,4.22,3
243,32,11,3.01,3
243,33,7,2.33,3
243,34,7,3.21,3
243,35,9,3.63,3
243,36,6,4.22,3
243,37,9,2.52,3
243,38,7,3.76,3
243,39,8,3.5,3
243,40,1,4.81,3
243,41,1,4.73,3
243,42,13,2.46,3
243,43,10,2.92,3
243,44,3,4.09,3
243,45,3,4.29,3
243,46,12,3.53,3
243,47,7,2.68,3
243,48,18,2.5,3
243,49,7,2.95,3
243,50,13,2.13,3
243,51,5,4.01,3
243,52,5,4.24,3
244,1,0,4.23,3
244,2,2,2.29,3
244,3,0,4.89,3
244,4,2,2.43,3
244,5,0,3.45,3
244,6,1,3.69,3
244,7,0,4.8,3
244,8,0,4.46,3
244,9,0,3.6,3
244,10,1,3.15,3
244,11,0,3.64,3
244,12,0,4.39,3
244,13,0,3.88,3
244,14,5,2.31,3
244,15,1,2.58,3
244,16,0,4.53,3
244,17,0,3.44,3
244,18,0,4.33,3
244,19,0,4.45,3
244,20,1,2.89,3
244,21,0,2.68,3
244,22,1,3.86,3
244,23,1,3.12,3
244,24,0,4.66,3
244,25,3,2.38,3
244,26,2,2.47,3
244,27,0,3.92,3
244,28,0,2.56,3
244,29,0,3.99,3
244,30,0,3.54,3
244,31,0,4.22,3
244,32,2,3.01,3
244,33,1,2.33,3
244,34,0,3.21,3
244,35,0,3.63,3
244,36,0,4.22,3
244,37,1,2.52,3
244,38,0,3.76,3
244,39,0,3.5,3
244,40,0,4.81,3
244,41,0,4.73,3
244,42,0,2.46,3
244,43,0,2.92,3
244,44,0,4.09,3
244,45,0,4.29,3
244,46,1,3.53,3
244,47,1,2.68,3
244,48,3,2.5,3
244,49,0,2.95,3
244,50,2,2.13,3
244,51,0,4.01,3
244,52,0,4.24,3
245,1,2,4.23,3
245,2,15,2.29,3
245,3,4,4.89,3
245,4,5,2.43,3
245,5,6,3.45,3
245,6,4,3.69,3
245,7,2,4.8,3
245,8,3,4.46,3
245,9,4,3.6,3
245,10,6,3.15,3
245,11,4,3.64,3
245,12,4,4.39,3
245,13,3,3.88,3
245,14,17,2.31,3
245,15,11,2.58,3
245,16,0,4.53,3
245,17,7,3.44,3
245,18,3,4.33,3
245,19,5,4.45,3
245,20,5,2.89,3
245,21,14,2.68,3
245,22,1,3.86,3
245,23,3,3.12,3
245,24,3,4.66,3
245,25,19,2.38,3
245,26,14,2.47,3
245,27,5,3.92,3
245,28,7,2.56,3
245,29,6,3.99,3
245,30,3,3.54,3
245,31,2,4.22,3
245,32,3,3.01,3
245,33,9,2.33,3
245,34,4,3.21,3
245,35,6,3.63,3
245,36,1,4.22,3
245,37,10,2.52,3
245,38,5,3.76,3
245,39,5,3.5,3
245,40,1,4.81,3
245,41,0,4.73,3
245,42,11,2.46,3
245,43,8,2.92,3
245,44,2,4.09,3
245,45,2,4.29,3
245,46,4,3.53,3
245,47,11,2.68,3
245,48,7,2.5,3
245,49,6,2.95,3
245,50,20,2.13,3
245,51,3,4.01,3
245,52,2,4.24,3
246,1,0,4.23,4
246,2,2,2.29,4
246,3,0,4.89,4
246,4,2,2.43,4
246,5,0,3.45,4
246,6,0,3.69,4
246,7,0,4.8,4
246,8,0,4.46,4
246,9,0,3.6,4
246,10,0,3.15,4
246,11,1,3.64,4
246,12,0,4.39,4
246,13,0,3.88,4
246,14,2,2.31,4
246,15,2,2.58,4
246,16,0,4.53,4
246,17,1,3.44,4
246,18,0,4.33,4
246,19,0,4.45,4
246,20,0,2.89,4
246,21,2,2.68,4
246,22,0,3.86,4
246,23,0,3.12,4
246,24,0,4.66,4
246,25,3,2.38,4
246,26,2,2.47,4
246,27,0,3.92,4
246,28,2,2.56,4
246,29,0,3.99,4
246,30,0,3.54,4
246,31,0,4.22,4
246,32,0,3.01,4
246,33,2,2.33,4
246,34,0,3.21,4
246,35,1,3.63,4
246,36,0,4.22,4
246,37,0,2.52,4
246,38,0,3.76,4
246,39,0,3.5,4
246,40,0,4.81,4
246,41,0,4.73,4
246,42,2,2.46,4
246,43,0,2.92,4
246,44,0,4.09,4
246,45,0,4.29,4
246,46,0,3.53,4
246,47,2,2.68,4
246,48,0,2.5,4
246,49,0,2.95,4
246,50,2,2.13,4
246,51,0,4.01,4
246,52,0,4.24,4
247,1,1,4.23,1
247,2,1,2.29,1
247,3,1,4.89,1
247,4,1,2.43,1
247,5,0,3.45,1
247,6,0,3.69,1
247,7,0,4.8,1
247,8,1,4.46,1
247,9,0,3.6,1
247,10,0,3.15,1
247,11,0,3.64,1
247,12,0,4.39,1
247,13,1,3.88,1
247,14,2,2.31,1
247,15,2,2.58,1
247,16,1,4.53,1
247,17,1,3.44,1
247,18,0,4.33,1
247,19,0,4.45,1
247,20,4,2.89,1
247,21,1,2.68,1
247,22,1,3.86,1
247,23,4,3.12,1
247,24,0,4.66,1
247,25,4,2.38,1
247,26,2,2.47,1
247,27,1,3.92,1
247,28,2,2.56,1
247,29,2,3.99,1
247,30,2,3.54,1
247,31,0,4.22,1
247,32,2,3.01,1
247,33,6,2.33,1
247,34,1,3.21,1
247,35,0,3.63,1
247,36,0,4.22,1
247,37,0,2.52,1
247,38,0,3.76,1
247,39,1,3.5,1
247,40,1,4.81,1
247,41,1,4.73,1
247,42,2,2.46,1
247,43,1,2.92,1
247,44,0,4.09,1
247,45,2,4.29,1
247,46,0,3.53,1
247,47,2,2.68,1
247,48,5,2.5,1
247,49,1,2.95,1
247,50,2,2.13,1
247,51,0,4.01,1
247,52,2,4.24,1
248,1,10,4.23,5
248,2,15,2.29,5
248,3,4,4.89,5
248,4,16,2.43,5
248,5,18,3.45,5
248,6,14,3.69,5
248,7,7,4.8,5
248,8,10,4.46,5
248,9,17,3.6,5
248,10,12,3.15,5
248,11,13,3.64,5
248,12,8,4.39,5
248,13,11,3.88,5
248,14,14,2.31,5
248,15,11,2.58,5
248,16,5,4.53,5
248,17,17,3.44,5
248,18,9,4.33,5
248,19,10,4.45,5
248,20,10,2.89,5
248,21,18,2.68,5
248,22,20,3.86,5
248,23,17,3.12,5
248,24,6,4.66,5
248,25,22,2.38,5
248,26,21,2.47,5
248,27,15,3.92,5
248,28,15,2.56,5
248,29,16,3.99,5
248,30,14,3.54,5
248,31,11,4.22,5
248,32,10,3.01,5
248,33,16,2.33,5
248,34,18,3.21,5
248,35,11,3.63,5
248,36,15,4.22,5
248,37,14,2.52,5
248,38,11,3.76,5
248,39,9,3.5,5
248,40,6,4.81,5
248,41,5,4.73,5
248,42,8,2.46,5
248,43,22,2.92,5
248,44,8,4.09,5
248,45,7,4.29,5
248,46,14,3.53,5
248,47,16,2.68,5
248,48,13,2.5,5
248,49,22,2.95,5
248,50,14,2.13,5
248,51,8,4.01,5
248,52,14,4.24,5
249,1,0,4.23,2
249,2,9,2.29,2
249,3,0,4.89,2
249,4,5,2.43,2
249,5,5,3.45,2
249,6,1,3.69,2
249,7,1,4.8,2
249,8,1,4.46,2
249,9,4,3.6,2
249,10,3,3.15,2
249,11,4,3.64,2
249,12,0,4.39,2
249,13,0,3.88,2
249,14,8,2.31,2
249,15,7,2.58,2
249,16,0,4.53,2
249,17,3,3.44,2
249,18,1,4.33,2
249,19,1,4.45,2
249,20,2,2.89,2
249,21,4,2.68,2
249,22,1,3.86,2
249,23,3,3.12,2
249,24,1,4.66,2
249,25,0,2.38,2
249,26,8,2.47,2
249,27,1,3.92,2
249,28,7,2.56,2
249,29,0,3.99,2
249,30,2,3.54,2
249,31,2,4.22,2
249,32,2,3.01,2
249,33,6,2.33,2
249,34,2,3.21,2
249,35,2,3.63,2
249,36,2,4.22,2
249,37,5,2.52,2
249,38,1,3.76,2
249,39,2,3.5,2
249,40,0,4.81,2
249,41,1,4.73,2
249,42,6,2.46,2
249,43,4,2.92,2
249,44,2,4.09,2
249,45,0,4.29,2
249,46,5,3.53,2
249,47,5,2.68,2
249,48,0,2.5,2
249,49,5,2.95,2
249,50,6,2.13,2
249,51,2,4.01,2
249,52,2,4.24,2
250,1,1,4.23,1
250,2,2,2.29,1
250,3,0,4.89,1
250,4,2,2.43,1
250,5,3,3.45,1
250,6,1,3.69,1
250,7,0,4.8,1
250,8,1,4.46,1
250,9,3,3.6,1
250,10,3,3.15,1
250,11,5,3.64,1
250,12,1,4.39,1
250,13,3,3.88,1
250,14,2,2.31,1
250,15,1,2.58,1
250,16,2,4.53,1
250,17,1,3.44,1
250,18,0,4.33,1
250,19,3,4.45,1
250,20,1,2.89,1
250,21,4,2.68,1
250,22,1,3.86,1
250,23,3,3.12,1
250,24,1,4.66,1
250,25,1,2.38,1
250,26,2,2.47,1
250,27,1,3.92,1
250,28,3,2.56,1
250,29,5,3.99,1
250,30,2,3.54,1
250,31,1,4.22,1
250,32,6,3.01,1
250,33,4,2.33,1
250,34,2,3.21,1
250,35,3,3.63,1
250,36,1,4.22,1
250,37,5,2.52,1
250,38,0,3.76,1
250,39,4,3.5,1
250,40,0,4.81,1
250,41,1,4.73,1
250,42,5,2.46,1
250,43,3,2.92,1
250,44,1,4.09,1
250,45,2,4.29,1
250,46,1,3.53,1
250,47,0,2.68,1
250,48,2,2.5,1
250,49,4,2.95,1
250,50,2,2.13,1
250,51,1,4.01,1
250,52,2,4.24,1
251,1,0,4.23,1
251,2,0,2.29,1
251,3,0,4.89,1
251,4,0,2.43,1
251,5,0,3.45,1
251,6,0,3.69,1
251,7,0,4.8,1
251,8,0,4.46,1
251,9,0,3.6,1
251,10,0,3.15,1
251,11,0,3.64,1
251,12,0,4.39,1
251,13,0,3.88,1
251,14,0,2.31,1
251,15,0,2.58,1
251,16,0,4.53,1
251,17,1,3.44,1
251,18,0,4.33,1
251,19,0,4.45,1
251,20,0,2.89,1
251,21,4,2.68,1
251,22,0,3.86,1
251,23,0,3.12,1
251,24,0,4.66,1
251,25,1,2.38,1
251,26,1,2.47,1
251,27,0,3.92,1
251,28,3,2.56,1
251,29,0,3.99,1
251,30,0,3.54,1
251,31,0,4.22,1
251,32,0,3.01,1
251,33,0,2.33,1
251,34,0,3.21,1
251,35,0,3.63,1
251,36,0,4.22,1
251,37,1,2.52,1
251,38,0,3.76,1
251,39,0,3.5,1
251,40,0,4.81,1
251,41,0,4.73,1
251,42,0,2.46,1
251,43,1,2.92,1
251,44,0,4.09,1
251,45,0,4.29,1
251,46,1,3.53,1
251,47,0,2.68,1
251,48,1,2.5,1
251,49,0,2.95,1
251,50,0,2.13,1
251,51,0,4.01,1
251,52,0,4.24,1
252,1,0,4.23,1
252,2,0,2.29,1
252,3,0,4.89,1
252,4,1,2.43,1
252,5,0,3.45,1
252,6,0,3.69,1
252,7,0,4.8,1
252,8,0,4.46,1
252,9,0,3.6,1
252,10,0,3.15,1
252,11,0,3.64,1
252,12,0,4.39,1
252,13,0,3.88,1
252,14,1,2.31,1
252,15,0,2.58,1
252,16,0,4.53,1
252,17,1,3.44,1
252,18,0,4.33,1
252,19,0,4.45,1
252,20,0,2.89,1
252,21,1,2.68,1
252,22,0,3.86,1
252,23,0,3.12,1
252,24,0,4.66,1
252,25,2,2.38,1
252,26,3,2.47,1
252,27,0,3.92,1
252,28,0,2.56,1
252,29,0,3.99,1
252,30,0,3.54,1
252,31,0,4.22,1
252,32,0,3.01,1
252,33,0,2.33,1
252,34,1,3.21,1
252,35,0,3.63,1
252,36,0,4.22,1
252,37,0,2.52,1
252,38,0,3.76,1
252,39,1,3.5,1
252,40,0,4.81,1
252,41,0,4.73,1
252,42,1,2.46,1
252,43,1,2.92,1
252,44,0,4.09,1
252,45,0,4.29,1
252,46,0,3.53,1
252,47,1,2.68,1
252,48,0,2.5,1
252,49,1,2.95,1
252,50,1,2.13,1
252,51,0,4.01,1
252,52,0,4.24,1
253,1,0,4.23,5
253,2,5,2.29,5
253,3,0,4.89,5
253,4,4,2.43,5
253,5,0,3.45,5
253,6,0,3.69,5
253,7,0,4.8,5
253,8,1,4.46,5
253,9,1,3.6,5
253,10,0,3.15,5
253,11,0,3.64,5
253,12,0,4.39,5
253,13,0,3.88,5
253,14,7,2.31,5
253,15,2,2.58,5
253,16,0,4.53,5
253,17,1,3.44,5
253,18,0,4.33,5
253,19,1,4.45,5
253,20,0,2.89,5
253,21,4,2.68,5
253,22,1,3.86,5
253,23,1,3.12,5
253,24,2,4.66,5
253,25,4,2.38,5
253,26,1,2.47,5
253,27,0,3.92,5
253,28,2,2.56,5
253,29,0,3.99,5
253,30,1,3.54,5
253,31,1,4.22,5
253,32,0,3.01,5
253,33,2,2.33,5
253,34,0,3.21,5
253,35,0,3.63,5
253,36,1,4.22,5
253,37,2,2.52,5
253,38,0,3.76,5
253,39,0,3.5,5
253,40,0,4.81,5
253,41,0,4.73,5
253,42,4,2.46,5
253,43,1,2.92,5
253,44,1,4.09,5
253,45,0,4.29,5
253,46,1,3.53,5
253,47,2,2.68,5
253,48,3,2.5,5
253,49,3,2.95,5
253,50,6,2.13,5
253,51,0,4.01,5
253,52,0,4.24,5
254,1,0,4.23,1
254,2,0,2.29,1
254,3,0,4.89,1
254,4,0,2.43,1
254,5,0,3.45,1
254,6,0,3.69,1
254,7,0,4.8,1
254,8,0,4.46,1
254,9,0,3.6,1
254,10,0,3.15,1
254,11,0,3.64,1
254,12,0,4.39,1
254,13,0,3.88,1
254,14,2,2.31,1
254,15,0,2.58,1
254,16,0,4.53,1
254,17,0,3.44,1
254,18,0,4.33,1
254,19,0,4.45,1
254,20,0,2.89,1
254,21,1,2.68,1
254,22,0,3.86,1
254,23,1,3.12,1
254,24,0,4.66,1
254,25,0,2.38,1
254,26,1,2.47,1
254,27,0,3.92,1
254,28,1,2.56,1
254,29,0,3.99,1
254,30,0,3.54,1
254,31,0,4.22,1
254,32,0,3.01,1
254,33,0,2.33,1
254,34,1,3.21,1
254,35,0,3.63,1
254,36,0,4.22,1
254,37,1,2.52,1
254,38,0,3.76,1
254,39,0,3.5,1
254,40,0,4.81,1
254,41,0,4.73,1
254,42,0,2.46,1
254,43,0,2.92,1
254,44,0,4.09,1
254,45,0,4.29,1
254,46,0,3.53,1
254,47,0,2.68,1
254,48,0,2.5,1
254,49,0,2.95,1
254,50,0,2.13,1
254,51,0,4.01,1
254,52,0,4.24,1
255,1,1,4.23,2
255,2,5,2.29,2
255,3,2,4.89,2
255,4,4,2.43,2
255,5,4,3.45,2
255,6,5,3.69,2
255,7,0,4.8,2
255,8,2,4.46,2
255,9,3,3.6,2
255,10,4,3.15,2
255,11,3,3.64,2
255,12,1,4.39,2
255,13,3,3.88,2
255,14,11,2.31,2
255,15,5,2.58,2
255,16,4,4.53,2
255,17,2,3.44,2
255,18,2,4.33,2
255,19,2,4.45,2
255,20,0,2.89,2
255,21,6,2.68,2
255,22,4,3.86,2
255,23,3,3.12,2
255,24,2,4.66,2
255,25,2,2.38,2
255,26,6,2.47,2
255,27,2,3.92,2
255,28,9,2.56,2
255,29,3,3.99,2
255,30,3,3.54,2
255,31,2,4.22,2
255,32,6,3.01,2
255,33,8,2.33,2
255,34,2,3.21,2
255,35,3,3.63,2
255,36,3,4.22,2
255,37,12,2.52,2
255,38,6,3.76,2
255,39,5,3.5,2
255,40,2,4.81,2
255,41,2,4.73,2
255,42,5,2.46,2
255,43,4,2.92,2
255,44,2,4.09,2
255,45,1,4.29,2
255,46,3,3.53,2
255,47,6,2.68,2
255,48,3,2.5,2
255,49,7,2.95,2
255,50,5,2.13,2
255,51,2,4.01,2
255,52,2,4.24,2
256,1,0,4.23,4
256,2,0,2.29,4
256,3,0,4.89,4
256,4,3,2.43,4
256,5,0,3.45,4
256,6,0,3.69,4
256,7,0,4.8,4
256,8,0,4.46,4
256,9,0,3.6,4
256,10,0,3.15,4
256,11,0,3.64,4
256,12,0,4.39,4
256,13,0,3.88,4
256,14,4,2.31,4
256,15,2,2.58,4
256,16,0,4.53,4
256,17,0,3.44,4
256,18,0,4.33,4
256,19,0,4.45,4
256,20,1,2.89,4
256,21,0,2.68,4
256,22,0,3.86,4
256,23,0,3.12,4
256,24,0,4.66,4
256,25,1,2.38,4
256,26,2,2.47,4
256,27,1,3.92,4
256,28,2,2.56,4
256,29,0,3.99,4
256,30,1,3.54,4
256,31,0,4.22,4
256,32,0,3.01,4
256,33,0,2.33,4
256,34,1,3.21,4
256,35,0,3.63,4
256,36,0,4.22,4
256,37,1,2.52,4
256,38,1,3.76,4
256,39,0,3.5,4
256,40,1,4.81,4
256,41,0,4.73,4
256,42,4,2.46,4
256,43,0,2.92,4
256,44,0,4.09,4
256,45,1,4.29,4
256,46,1,3.53,4
256,47,2,2.68,4
256,48,2,2.5,4
256,49,0,2.95,4
256,50,4,2.13,4
256,51,1,4.01,4
256,52,0,4.24,4
257,1,1,4.23,2
257,2,7,2.29,2
257,3,1,4.89,2
257,4,8,2.43,2
257,5,2,3.45,2
257,6,1,3.69,2
257,7,1,4.8,2
257,8,2,4.46,2
257,9,4,3.6,2
257,10,2,3.15,2
257,11,1,3.64,2
257,12,1,4.39,2
257,13,1,3.88,2
257,14,11,2.31,2
257,15,6,2.58,2
257,16,1,4.53,2
257,17,4,3.44,2
257,18,0,4.33,2
257,19,0,4.45,2
257,20,6,2.89,2
257,21,5,2.68,2
257,22,0,3.86,2
257,23,5,3.12,2
257,24,0,4.66,2
257,25,8,2.38,2
257,26,7,2.47,2
257,27,2,3.92,2
257,28,4,2.56,2
257,29,3,3.99,2
257,30,1,3.54,2
257,31,2,4.22,2
257,32,1,3.01,2
257,33,9,2.33,2
257,34,2,3.21,2
257,35,2,3.63,2
257,36,0,4.22,2
257,37,4,2.52,2
257,38,1,3.76,2
257,39,1,3.5,2
257,40,0,4.81,2
257,41,1,4.73,2
257,42,2,2.46,2
257,43,1,2.92,2
257,44,0,4.09,2
257,45,1,4.29,2
257,46,0,3.53,2
257,47,4,2.68,2
257,48,7,2.5,2
257,49,2,2.95,2
257,50,4,2.13,2
257,51,2,4.01,2
257,52,0,4.24,2
258,1,0,4.23,5
258,2,5,2.29,5
258,3,0,4.89,5
258,4,1,2.43,5
258,5,0,3.45,5
258,6,0,3.69,5
258,7,0,4.8,5
258,8,1,4.46,5
258,9,0,3.6,5
258,10,0,3.15,5
258,11,0,3.64,5
258,12,1,4.39,5
258,13,0,3.88,5
258,14,3,2.31,5
258,15,0,2.58,5
258,16,0,4.53,5
258,17,0,3.44,5
258,18,0,4.33,5
258,19,1,4.45,5
258,20,0,2.89,5
258,21,4,2.68,5
258,22,0,3.86,5
258,23,0,3.12,5
258,24,1,4.66,5
258,25,6,2.38,5
258,26,3,2.47,5
258,27,0,3.92,5
258,28,4,2.56,5
258,29,1,3.99,5
258,30,0,3.54,5
258,31,0,4.22,5
258,32,2,3.01,5
258,33,1,2.33,5
258,34,1,3.21,5
258,35,3,3.63,5
258,36,0,4.22,5
258,37,2,2.52,5
258,38,0,3.76,5
258,39,1,3.5,5
258,40,0,4.81,5
258,41,0,4.73,5
258,42,3,2.46,5
258,43,2,2.92,5
258,44,0,4.09,5
258,45,0,4.29,5
258,46,0,3.53,5
258,47,1,2.68,5
258,48,3,2.5,5
258,49,0,2.95,5
258,50,4,2.13,5
258,51,1,4.01,5
258,52,0,4.24,5
259,1,0,4.23,2
259,2,2,2.29,2
259,3,0,4.89,2
259,4,6,2.43,2
259,5,2,3.45,2
259,6,1,3.69,2
259,7,1,4.8,2
259,8,2,4.46,2
259,9,4,3.6,2
259,10,3,3.15,2
259,11,2,3.64,2
259,12,1,4.39,2
259,13,2,3.88,2
259,14,7,2.31,2
259,15,5,2.58,2
259,16,1,4.53,2
259,17,0,3.44,2
259,18,1,4.33,2
259,19,0,4.45,2
259,20,6,2.89,2
259,21,2,2.68,2
259,22,0,3.86,2
259,23,2,3.12,2
259,24,2,4.66,2
259,25,4,2.38,2
259,26,7,2.47,2
259,27,3,3.92,2
259,28,6,2.56,2
259,29,0,3.99,2
259,30,3,3.54,2
259,31,2,4.22,2
259,32,8,3.01,2
259,33,4,2.33,2
259,34,3,3.21,2
259,35,1,3.63,2
259,36,0,4.22,2
259,37,7,2.52,2
259,38,1,3.76,2
259,39,3,3.5,2
259,40,0,4.81,2
259,41,1,4.73,2
259,42,4,2.46,2
259,43,2,2.92,2
259,44,1,4.09,2
259,45,2,4.29,2
259,46,1,3.53,2
259,47,5,2.68,2
259,48,6,2.5,2
259,49,7,2.95,2
259,50,2,2.13,2
259,51,1,4.01,2
259,52,3,4.24,2
260,1,4,4.23,2
260,2,8,2.29,2
260,3,1,4.89,2
260,4,6,2.43,2
260,5,6,3.45,2
260,6,2,3.69,2
260,7,0,4.8,2
260,8,1,4.46,2
260,9,1,3.6,2
260,10,3,3.15,2
260,11,2,3.64,2
260,12,2,4.39,2
260,13,1,3.88,2
260,14,7,2.31,2
260,15,9,2.58,2
260,16,0,4.53,2
260,17,2,3.44,2
260,18,0,4.33,2
260,19,1,4.45,2
260,20,4,2.89,2
260,21,6,2.68,2
260,22,0,3.86,2
260,23,9,3.12,2
260,24,2,4.66,2
260,25,9,2.38,2
260,26,6,2.47,2
260,27,0,3.92,2
260,28,2,2.56,2
260,29,4,3.99,2
260,30,0,3.54,2
260,31,2,4.22,2
260,32,3,3.01,2
260,33,8,2.33,2
260,34,7,3.21,2
260,35,1,3.63,2
260,36,0,4.22,2
260,37,7,2.52,2
260,38,3,3.76,2
260,39,2,3.5,2
260,40,0,4.81,2
260,41,1,4.73,2
260,42,3,2.46,2
260,43,2,2.92,2
260,44,2,4.09,2
260,45,0,4.29,2
260,46,0,3.53,2
260,47,7,2.68,2
260,48,8,2.5,2
260,49,5,2.95,2
260,50,8,2.13,2
260,51,1,4.01,2
260,52,0,4.24,2
261,1,0,4.23,5
261,2,1,2.29,5
261,3,0,4.89,5
261,4,1,2.43,5
261,5,0,3.45,5
261,6,1,3.69,5
261,7,0,4.8,5
261,8,0,4.46,5
261,9,1,3.6,5
261,10,5,3.15,5
261,11,0,3.64,5
261,12,0,4.39,5
261,13,0,3.88,5
261,14,3,2.31,5
261,15,2,2.58,5
261,16,0,4.53,5
261,17,2,3.44,5
261,18,0,4.33,5
261,19,0,4.45,5
261,20,0,2.89,5
261,21,3,2.68,5
261,22,0,3.86,5
261,23,2,3.12,5
261,24,0,4.66,5
261,25,3,2.38,5
261,26,1,2.47,5
261,27,0,3.92,5
261,28,2,2.56,5
261,29,1,3.99,5
261,30,0,3.54,5
261,31,0,4.22,5
261,32,0,3.01,5
261,33,5,2.33,5
261,34,0,3.21,5
261,35,0,3.63,5
261,36,0,4.22,5
261,37,1,2.52,5
261,38,0,3.76,5
261,39,2,3.5,5
261,40,0,4.81,5
261,41,0,4.73,5
261,42,3,2.46,5
261,43,1,2.92,5
261,44,0,4.09,5
261,45,0,4.29,5
261,46,1,3.53,5
261,47,2,2.68,5
261,48,5,2.5,5
261,49,1,2.95,5
261,50,8,2.13,5
261,51,0,4.01,5
261,52,2,4.24,5
262,1,0,4.23,4
262,2,3,2.29,4
262,3,0,4.89,4
262,4,3,2.43,4
262,5,0,3.45,4
262,6,1,3.69,4
262,7,0,4.8,4
262,8,0,4.46,4
262,9,0,3.6,4
262,10,0,3.15,4
262,11,0,3.64,4
262,12,0,4.39,4
262,13,0,3.88,4
262,14,0,2.31,4
262,15,3,2.58,4
262,16,0,4.53,4
262,17,0,3.44,4
262,18,1,4.33,4
262,19,0,4.45,4
262,20,2,2.89,4
262,21,3,2.68,4
262,22,0,3.86,4
262,23,1,3.12,4
262,24,0,4.66,4
262,25,3,2.38,4
262,26,4,2.47,4
262,27,0,3.92,4
262,28,4,2.56,4
262,29,0,3.99,4
262,30,0,3.54,4
262,31,0,4.22,4
262,32,0,3.01,4
262,33,4,2.33,4
262,34,0,3.21,4
262,35,0,3.63,4
262,36,0,4.22,4
262,37,3,2.52,4
262,38,0,3.76,4
262,39,1,3.5,4
262,40,0,4.81,4
262,41,0,4.73,4
262,42,3,2.46,4
262,43,1,2.92,4
262,44,0,4.09,4
262,45,0,4.29,4
262,46,2,3.53,4
262,47,0,2.68,4
262,48,0,2.5,4
262,49,1,2.95,4
262,50,2,2.13,4
262,51,0,4.01,4
262,52,0,4.24,4
263,1,0,4.23,3
263,2,1,2.29,3
263,3,0,4.89,3
263,4,0,2.43,3
263,5,0,3.45,3
263,6,0,3.69,3
263,7,0,4.8,3
263,8,0,4.46,3
263,9,1,3.6,3
263,10,0,3.15,3
263,11,0,3.64,3
263,12,0,4.39,3
263,13,0,3.88,3
263,14,0,2.31,3
263,15,2,2.58,3
263,16,0,4.53,3
263,17,0,3.44,3
263,18,0,4.33,3
263,19,0,4.45,3
263,20,0,2.89,3
263,21,1,2.68,3
263,22,1,3.86,3
263,23,1,3.12,3
263,24,0,4.66,3
263,25,0,2.38,3
263,26,0,2.47,3
263,27,0,3.92,3
263,28,0,2.56,3
263,29,0,3.99,3
263,30,1,3.54,3
263,31,0,4.22,3
263,32,0,3.01,3
263,33,0,2.33,3
263,34,0,3.21,3
263,35,0,3.63,3
263,36,0,4.22,3
263,37,1,2.52,3
263,38,0,3.76,3
263,39,0,3.5,3
263,40,0,4.81,3
263,41,0,4.73,3
263,42,0,2.46,3
263,43,1,2.92,3
263,44,0,4.09,3
263,45,0,4.29,3
263,46,0,3.53,3
263,47,1,2.68,3
263,48,1,2.5,3
263,49,0,2.95,3
263,50,4,2.13,3
263,51,0,4.01,3
263,52,0,4.24,3
264,1,1,4.23,5
264,2,6,2.29,5
264,3,0,4.89,5
264,4,3,2.43,5
264,5,0,3.45,5
264,6,1,3.69,5
264,7,0,4.8,5
264,8,0,4.46,5
264,9,1,3.6,5
264,10,2,3.15,5
264,11,0,3.64,5
264,12,0,4.39,5
264,13,1,3.88,5
264,14,6,2.31,5
264,15,1,2.58,5
264,16,0,4.53,5
264,17,1,3.44,5
264,18,0,4.33,5
264,19,0,4.45,5
264,20,1,2.89,5
264,21,1,2.68,5
264,22,1,3.86,5
264,23,1,3.12,5
264,24,0,4.66,5
264,25,3,2.38,5
264,26,5,2.47,5
264,27,0,3.92,5
264,28,2,2.56,5
264,29,0,3.99,5
264,30,2,3.54,5
264,31,0,4.22,5
264,32,0,3.01,5
264,33,3,2.33,5
264,34,0,3.21,5
264,35,0,3.63,5
264,36,0,4.22,5
264,37,3,2.52,5
264,38,0,3.76,5
264,39,1,3.5,5
264,40,0,4.81,5
264,41,0,4.73,5
264,42,3,2.46,5
264,43,2,2.92,5
264,44,0,4.09,5
264,45,0,4.29,5
264,46,0,3.53,5
264,47,1,2.68,5
264,48,5,2.5,5
264,49,3,2.95,5
264,50,0,2.13,5
264,51,0,4.01,5
264,52,0,4.24,5
265,1,5,4.23,3
265,2,10,2.29,3
265,3,4,4.89,3
265,4,11,2.43,3
265,5,8,3.45,3
265,6,3,3.69,3
265,7,7,4.8,3
265,8,5,4.46,3
265,9,6,3.6,3
265,10,8,3.15,3
265,11,12,3.64,3
265,12,5,4.39,3
265,13,1,3.88,3
265,14,13,2.31,3
265,15,13,2.58,3
265,16,5,4.53,3
265,17,8,3.44,3
265,18,2,4.33,3
265,19,5,4.45,3
265,20,10,2.89,3
265,21,13,2.68,3
265,22,6,3.86,3
265,23,6,3.12,3
265,24,3,4.66,3
265,25,9,2.38,3
265,26,7,2.47,3
265,27,5,3.92,3
265,28,7,2.56,3
265,29,5,3.99,3
265,30,8,3.54,3
265,31,3,4.22,3
265,32,2,3.01,3
265,33,12,2.33,3
265,34,9,3.21,3
265,35,5,3.63,3
265,36,3,4.22,3
265,37,20,2.52,3
265,38,3,3.76,3
265,39,8,3.5,3
265,40,2,4.81,3
265,41,4,4.73,3
265,42,16,2.46,3
265,43,11,2.92,3
265,44,4,4.09,3
265,45,1,4.29,3
265,46,12,3.53,3
265,47,11,2.68,3
265,48,14,2.5,3
265,49,14,2.95,3
265,50,17,2.13,3
265,51,8,4.01,3
265,52,6,4.24,3
266,1,1,4.23,4
266,2,1,2.29,4
266,3,0,4.89,4
266,4,2,2.43,4
266,5,3,3.45,4
266,6,2,3.69,4
266,7,0,4.8,4
266,8,0,4.46,4
266,9,0,3.6,4
266,10,1,3.15,4
266,11,0,3.64,4
266,12,0,4.39,4
266,13,0,3.88,4
266,14,1,2.31,4
266,15,3,2.58,4
266,16,0,4.53,4
266,17,0,3.44,4
266,18,1,4.33,4
266,19,0,4.45,4
266,20,2,2.89,4
266,21,3,2.68,4
266,22,0,3.86,4
266,23,0,3.12,4
266,24,1,4.66,4
266,25,0,2.38,4
266,26,3,2.47,4
266,27,0,3.92,4
266,28,4,2.56,4
266,29,0,3.99,4
266,30,0,3.54,4
266,31,0,4.22,4
266,32,2,3.01,4
266,33,1,2.33,4
266,34,1,3.21,4
266,35,0,3.63,4
266,36,0,4.22,4
266,37,0,2.52,4
266,38,0,3.76,4
266,39,2,3.5,4
266,40,0,4.81,4
266,41,1,4.73,4
266,42,3,2.46,4
266,43,0,2.92,4
266,44,0,4.09,4
266,45,0,4.29,4
266,46,0,3.53,4
266,47,2,2.68,4
266,48,0,2.5,4
266,49,1,2.95,4
266,50,5,2.13,4
266,51,0,4.01,4
266,52,0,4.24,4
267,1,0,4.23,1
267,2,2,2.29,1
267,3,0,4.89,1
267,4,0,2.43,1
267,5,0,3.45,1
267,6,0,3.69,1
267,7,0,4.8,1
267,8,0,4.46,1
267,9,0,3.6,1
267,10,0,3.15,1
267,11,0,3.64,1
267,12,0,4.39,1
267,13,1,3.88,1
267,14,0,2.31,1
267,15,0,2.58,1
267,16,0,4.53,1
267,17,0,3.44,1
267,18,0,4.33,1
267,19,0,4.45,1
267,20,0,2.89,1
267,21,2,2.68,1
267,22,0,3.86,1
267,23,0,3.12,1
267,24,0,4.66,1
267,25,0,2.38,1
267,26,1,2.47,1
267,27,0,3.92,1
267,28,1,2.56,1
267,29,0,3.99,1
267,30,0,3.54,1
267,31,0,4.22,1
267,32,0,3.01,1
267,33,0,2.33,1
267,34,0,3.21,1
267,35,0,3.63,1
267,36,0,4.22,1
267,37,1,2.52,1
267,38,0,3.76,1
267,39,0,3.5,1
267,40,0,4.81,1
267,41,0,4.73,1
267,42,1,2.46,1
267,43,0,2.92,1
267,44,0,4.09,1
267,45,0,4.29,1
267,46,0,3.53,1
267,47,0,2.68,1
267,48,1,2.5,1
267,49,1,2.95,1
267,50,1,2.13,1
267,51,0,4.01,1
267,52,0,4.24,1
268,1,0,4.23,4
268,2,7,2.29,4
268,3,0,4.89,4
268,4,2,2.43,4
268,5,0,3.45,4
268,6,0,3.69,4
268,7,1,4.8,4
268,8,0,4.46,4
268,9,1,3.6,4
268,10,0,3.15,4
268,11,0,3.64,4
268,12,0,4.39,4
268,13,1,3.88,4
268,14,3,2.31,4
268,15,3,2.58,4
268,16,0,4.53,4
268,17,0,3.44,4
268,18,0,4.33,4
268,19,0,4.45,4
268,20,1,2.89,4
268,21,1,2.68,4
268,22,0,3.86,4
268,23,0,3.12,4
268,24,0,4.66,4
268,25,3,2.38,4
268,26,1,2.47,4
268,27,0,3.92,4
268,28,1,2.56,4
268,29,0,3.99,4
268,30,0,3.54,4
268,31,0,4.22,4
268,32,0,3.01,4
268,33,3,2.33,4
268,34,1,3.21,4
268,35,0,3.63,4
268,36,0,4.22,4
268,37,2,2.52,4
268,38,0,3.76,4
268,39,2,3.5,4
268,40,0,4.81,4
268,41,0,4.73,4
268,42,2,2.46,4
268,43,0,2.92,4
268,44,0,4.09,4
268,45,0,4.29,4
268,46,1,3.53,4
268,47,3,2.68,4
268,48,4,2.5,4
268,49,1,2.95,4
268,50,2,2.13,4
268,51,0,4.01,4
268,52,0,4.24,4
269,1,1,4.23,2
269,2,5,2.29,2
269,3,1,4.89,2
269,4,7,2.43,2
269,5,1,3.45,2
269,6,0,3.69,2
269,7,1,4.8,2
269,8,1,4.46,2
269,9,3,3.6,2
269,10,3,3.15,2
269,11,2,3.64,2
269,12,1,4.39,2
269,13,0,3.88,2
269,14,5,2.31,2
269,15,3,2.58,2
269,16,1,4.53,2
269,17,5,3.44,2
269,18,1,4.33,2
269,19,0,4.45,2
269,20,1,2.89,2
269,21,6,2.68,2
269,22,3,3.86,2
269,23,0,3.12,2
269,24,0,4.66,2
269,25,4,2.38,2
269,26,3,2.47,2
269,27,4,3.92,2
269,28,3,2.56,2
269,29,2,3.99,2
269,30,3,3.54,2
269,31,2,4.22,2
269,32,3,3.01,2
269,33,7,2.33,2
269,34,2,3.21,2
269,35,2,3.63,2
269,36,0,4.22,2
269,37,5,2.52,2
269,38,2,3.76,2
269,39,1,3.5,2
269,40,3,4.81,2
269,41,0,4.73,2
269,42,8,2.46,2
269,43,3,2.92,2
269,44,1,4.09,2
269,45,1,4.29,2
269,46,2,3.53,2
269,47,11,2.68,2
269,48,7,2.5,2
269,49,1,2.95,2
269,50,11,2.13,2
269,51,1,4.01,2
269,52,2,4.24,2
270,1,0,4.23,1
270,2,4,2.29,1
270,3,0,4.89,1
270,4,1,2.43,1
270,5,0,3.45,1
270,6,1,3.69,1
270,7,0,4.8,1
270,8,3,4.46,1
270,9,1,3.6,1
270,10,5,3.15,1
270,11,2,3.64,1
270,12,0,4.39,1
270,13,2,3.88,1
270,14,0,2.31,1
270,15,1,2.58,1
270,16,0,4.53,1
270,17,1,3.44,1
270,18,0,4.33,1
270,19,0,4.45,1
270,20,2,2.89,1
270,21,2,2.68,1
270,22,0,3.86,1
270,23,3,3.12,1
270,24,0,4.66,1
270,25,1,2.38,1
270,26,2,2.47,1
270,27,0,3.92,1
270,28,2,2.56,1
270,29,0,3.99,1
270,30,3,3.54,1
270,31,0,4.22,1
270,32,3,3.01,1
270,33,2,2.33,1
270,34,0,3.21,1
270,35,2,3.63,1
270,36,0,4.22,1
270,37,3,2.52,1
270,38,0,3.76,1
270,39,1,3.5,1
270,40,0,4.81,1
270,41,0,4.73,1
270,42,0,2.46,1
270,43,1,2.92,1
270,44,0,4.09,1
270,45,1,4.29,1
270,46,1,3.53,1
270,47,4,2.68,1
270,48,4,2.5,1
270,49,0,2.95,1
270,50,3,2.13,1
270,51,0,4.01,1
270,52,1,4.24,1
271,1,15,4.23,5
271,2,12,2.29,5
271,3,10,4.89,5
271,4,8,2.43,5
271,5,17,3.45,5
271,6,14,3.69,5
271,7,13,4.8,5
271,8,14,4.46,5
271,9,12,3.6,5
271,10,16,3.15,5
271,11,14,3.64,5
271,12,11,4.39,5
271,13,14,3.88,5
271,14,18,2.31,5
271,15,18,2.58,5
271,16,15,4.53,5
271,17,15,3.44,5
271,18,20,4.33,5
271,19,17,4.45,5
271,20,19,2.89,5
271,21,21,2.68,5
271,22,20,3.86,5
271,23,13,3.12,5
271,24,13,4.66,5
271,25,17,2.38,5
271,26,10,2.47,5
271,27,18,3.92,5
271,28,12,2.56,5
271,29,11,3.99,5
271,30,12,3.54,5
271,31,16,4.22,5
271,32,5,3.01,5
271,33,19,2.33,5
271,34,10,3.21,5
271,35,8,3.63,5
271,36,9,4.22,5
271,37,7,2.52,5
271,38,12,3.76,5
271,39,16,3.5,5
271,40,15,4.81,5
271,41,21,4.73,5
271,42,14,2.46,5
271,43,22,2.92,5
271,44,19,4.09,5
271,45,20,4.29,5
271,46,23,3.53,5
271,47,12,2.68,5
271,48,11,2.5,5
271,49,18,2.95,5
271,50,16,2.13,5
271,51,12,4.01,5
271,52,10,4.24,5
272,1,1,4.23,3
272,2,5,2.29,3
272,3,2,4.89,3
272,4,11,2.43,3
272,5,6,3.45,3
272,6,2,3.69,3
272,7,2,4.8,3
272,8,1,4.46,3
272,9,2,3.6,3
272,10,4,3.15,3
272,11,4,3.64,3
272,12,2,4.39,3
272,13,0,3.88,3
272,14,6,2.31,3
272,15,4,2.58,3
272,16,1,4.53,3
272,17,4,3.44,3
272,18,0,4.33,3
272,19,2,4.45,3
272,20,12,2.89,3
272,21,5,2.68,3
272,22,3,3.86,3
272,23,6,3.12,3
272,24,0,4.66,3
272,25,15,2.38,3
272,26,12,2.47,3
272,27,3,3.92,3
272,28,8,2.56,3
272,29,1,3.99,3
272,30,4,3.54,3
272,31,2,4.22,3
272,32,5,3.01,3
272,33,15,2.33,3
272,34,4,3.21,3
272,35,1,3.63,3
272,36,1,4.22,3
272,37,10,2.52,3
272,38,5,3.76,3
272,39,1,3.5,3
272,40,1,4.81,3
272,41,1,4.73,3
272,42,16,2.46,3
272,43,9,2.92,3
272,44,1,4.09,3
272,45,0,4.29,3
272,46,4,3.53,3
272,47,10,2.68,3
272,48,11,2.5,3
272,49,5,2.95,3
272,50,16,2.13,3
272,51,4,4.01,3
272,52,2,4.24,3
273,1,5,4.23,4
273,2,15,2.29,4
273,3,3,4.89,4
273,4,18,2.43,4
273,5,11,3.45,4
273,6,8,3.69,4
273,7,5,4.8,4
273,8,11,4.46,4
273,9,7,3.6,4
273,10,17,3.15,4
273,11,8,3.64,4
273,12,6,4.39,4
273,13,17,3.88,4
273,14,15,2.31,4
273,15,17,2.58,4
273,16,8,4.53,4
273,17,14,3.44,4
273,18,4,4.33,4
273,19,4,4.45,4
273,20,19,2.89,4
273,21,10,2.68,4
273,22,13,3.86,4
273,23,18,3.12,4
273,24,6,4.66,4
273,25,14,2.38,4
273,26,15,2.47,4
273,27,9,3.92,4
273,28,20,2.56,4
273,29,3,3.99,4
273,30,16,3.54,4
273,31,9,4.22,4
273,32,13,3.01,4
273,33,16,2.33,4
273,34,17,3.21,4
273,35,12,3.63,4
273,36,6,4.22,4
273,37,9,2.52,4
273,38,9,3.76,4
273,39,18,3.5,4
273,40,6,4.81,4
273,41,10,4.73,4
273,42,15,2.46,4
273,43,10,2.92,4
273,44,12,4.09,4
273,45,4,4.29,4
273,46,12,3.53,4
273,47,18,2.68,4
273,48,11,2.5,4
273,49,17,2.95,4
273,50,14,2.13,4
273,51,4,4.01,4
273,52,15,4.24,4
274,1,0,4.23,4
274,2,3,2.29,4
274,3,0,4.89,4
274,4,3,2.43,4
274,5,1,3.45,4
274,6,0,3.69,4
274,7,0,4.8,4
274,8,1,4.46,4
274,9,0,3.6,4
274,10,0,3.15,4
274,11,0,3.64,4
274,12,1,4.39,4
274,13,0,3.88,4
274,14,1,2.31,4
274,15,5,2.58,4
274,16,0,4.53,4
274,17,0,3.44,4
274,18,0,4.33,4
274,19,0,4.45,4
274,20,0,2.89,4
274,21,0,2.68,4
274,22,0,3.86,4
274,23,0,3.12,4
274,24,0,4.66,4
274,25,3,2.38,4
274,26,3,2.47,4
274,27,0,3.92,4
274,28,3,2.56,4
274,29,0,3.99,4
274,30,0,3.54,4
274,31,0,4.22,4
274,32,1,3.01,4
274,33,5,2.33,4
274,34,2,3.21,4
274,35,0,3.63,4
274,36,0,4.22,4
274,37,3,2.52,4
274,38,0,3.76,4
274,39,0,3.5,4
274,40,1,4.81,4
274,41,0,4.73,4
274,42,0,2.46,4
274,43,1,2.92,4
274,44,0,4.09,4
274,45,0,4.29,4
274,46,3,3.53,4
274,47,0,2.68,4
274,48,2,2.5,4
274,49,0,2.95,4
274,50,2,2.13,4
274,51,0,4.01,4
274,52,0,4.24,4
275,1,0,4.23,1
275,2,1,2.29,1
275,3,0,4.89,1
275,4,1,2.43,1
275,5,0,3.45,1
275,6,0,3.69,1
275,7,0,4.8,1
275,8,0,4.46,1
275,9,0,3.6,1
275,10,0,3.15,1
275,11,0,3.64,1
275,12,0,4.39,1
275,13,0,3.88,1
275,14,1,2.31,1
275,15,0,2.58,1
275,16,0,4.53,1
275,17,0,3.44,1
275,18,0,4.33,1
275,19,0,4.45,1
275,20,0,2.89,1
275,21,1,2.68,1
275,22,0,3.86,1
275,23,0,3.12,1
275,24,0,4.66,1
275,25,1,2.38,1
275,26,0,2.47,1
275,27,0,3.92,1
275,28,1,2.56,1
275,29,0,3.99,1
275,30,0,3.54,1
275,31,0,4.22,1
275,32,0,3.01,1
275,33,1,2.33,1
275,34,0,3.21,1
275,35,0,3.63,1
275,36,0,4.22,1
275,37,0,2.52,1
275,38,0,3.76,1
275,39,1,3.5,1
275,40,0,4.81,1
275,41,0,4.73,1
275,42,0,2.46,1
275,43,0,2.92,1
275,44,0,4.09,1
275,45,0,4.29,1
275,46,3,3.53,1
275,47,0,2.68,1
275,48,1,2.5,1
275,49,0,2.95,1
275,50,0,2.13,1
275,51,0,4.01,1
275,52,0,4.24,1
276,1,0,4.23,4
276,2,1,2.29,4
276,3,0,4.89,4
276,4,4,2.43,4
276,5,0,3.45,4
276,6,0,3.69,4
276,7,0,4.8,4
276,8,0,4.46,4
276,9,0,3.6,4
276,10,2,3.15,4
276,11,0,3.64,4
276,12,1,4.39,4
276,13,1,3.88,4
276,14,4,2.31,4
276,15,2,2.58,4
276,16,0,4.53,4
276,17,1,3.44,4
276,18,1,4.33,4
276,19,0,4.45,4
276,20,1,2.89,4
276,21,1,2.68,4
276,22,0,3.86,4
276,23,1,3.12,4
276,24,0,4.66,4
276,25,1,2.38,4
276,26,2,2.47,4
276,27,0,3.92,4
276,28,0,2.56,4
276,29,0,3.99,4
276,30,0,3.54,4
276,31,0,4.22,4
276,32,0,3.01,4
276,33,5,2.33,4
276,34,0,3.21,4
276,35,0,3.63,4
276,36,0,4.22,4
276,37,1,2.52,4
276,38,0,3.76,4
276,39,1,3.5,4
276,40,0,4.81,4
276,41,0,4.73,4
276,42,2,2.46,4
276,43,1,2.92,4
276,44,0,4.09,4
276,45,0,4.29,4
276,46,0,3.53,4
276,47,0,2.68,4
276,48,1,2.5,4
276,49,1,2.95,4
276,50,4,2.13,4
276,51,0,4.01,4
276,52,0,4.24,4
277,1,0,4.23,4
277,2,2,2.29,4
277,3,0,4.89,4
277,4,0,2.43,4
277,5,0,3.45,4
277,6,0,3.69,4
277,7,0,4.8,4
277,8,0,4.46,4
277,9,0,3.6,4
277,10,1,3.15,4
277,11,0,3.64,4
277,12,0,4.39,4
277,13,0,3.88,4
277,14,1,2.31,4
277,15,1,2.58,4
277,16,0,4.53,4
277,17,3,3.44,4
277,18,1,4.33,4
277,19,0,4.45,4
277,20,1,2.89,4
277,21,1,2.68,4
277,22,0,3.86,4
277,23,0,3.12,4
277,24,0,4.66,4
277,25,0,2.38,4
277,26,2,2.47,4
277,27,0,3.92,4
277,28,4,2.56,4
277,29,0,3.99,4
277,30,0,3.54,4
277,31,0,4.22,4
277,32,1,3.01,4
277,33,2,2.33,4
277,34,2,3.21,4
277,35,0,3.63,4
277,36,0,4.22,4
277,37,1,2.52,4
277,38,1,3.76,4
277,39,0,3.5,4
277,40,0,4.81,4
277,41,0,4.73,4
277,42,0,2.46,4
277,43,4,2.92,4
277,44,1,4.09,4
277,45,1,4.29,4
277,46,0,3.53,4
277,47,2,2.68,4
277,48,1,2.5,4
277,49,1,2.95,4
277,50,3,2.13,4
277,51,0,4.01,4
277,52,1,4.24,4
278,1,0,4.23,3
278,2,0,2.29,3
278,3,0,4.89,3
278,4,1,2.43,3
278,5,0,3.45,3
278,6,0,3.69,3
278,7,1,4.8,3
278,8,0,4.46,3
278,9,0,3.6,3
278,10,0,3.15,3
278,11,0,3.64,3
278,12,0,4.39,3
278,13,0,3.88,3
278,14,2,2.31,3
278,15,1,2.58,3
278,16,0,4.53,3
278,17,0,3.44,3
278,18,0,4.33,3
278,19,0,4.45,3
278,20,0,2.89,3
278,21,1,2.68,3
278,22,0,3.86,3
278,23,1,3.12,3
278,24,0,4.66,3
278,25,2,2.38,3
278,26,2,2.47,3
278,27,1,3.92,3
278,28,0,2.56,3
278,29,0,3.99,3
278,30,0,3.54,3
278,31,0,4.22,3
278,32,0,3.01,3
278,33,3,2.33,3
278,34,1,3.21,3
278,35,0,3.63,3
278,36,0,4.22,3
278,37,1,2.52,3
278,38,0,3.76,3
278,39,0,3.5,3
278,40,0,4.81,3
278,41,0,4.73,3
278,42,3,2.46,3
278,43,1,2.92,3
278,44,0,4.09,3
278,45,0,4.29,3
278,46,1,3.53,3
278,47,2,2.68,3
278,48,4,2.5,3
278,49,0,2.95,3
278,50,1,2.13,3
278,51,1,4.01,3
278,52,0,4.24,3
279,1,1,4.23,1
279,2,3,2.29,1
279,3,2,4.89,1
279,4,7,2.43,1
279,5,1,3.45,1
279,6,1,3.69,1
279,7,1,4.8,1
279,8,0,4.46,1
279,9,2,3.6,1
279,10,1,3.15,1
279,11,0,3.64,1
279,12,3,4.39,1
279,13,0,3.88,1
279,14,2,2.31,1
279,15,4,2.58,1
279,16,2,4.53,1
279,17,4,3.44,1
279,18,0,4.33,1
279,19,0,4.45,1
279,20,0,2.89,1
279,21,4,2.68,1
279,22,0,3.86,1
279,23,1,3.12,1
279,24,1,4.66,1
279,25,4,2.38,1
279,26,3,2.47,1
279,27,1,3.92,1
279,28,2,2.56,1
279,29,2,3.99,1
279,30,0,3.54,1
279,31,1,4.22,1
279,32,4,3.01,1
279,33,3,2.33,1
279,34,3,3.21,1
279,35,1,3.63,1
279,36,2,4.22,1
279,37,5,2.52,1
279,38,0,3.76,1
279,39,2,3.5,1
279,40,1,4.81,1
279,41,0,4.73,1
279,42,5,2.46,1
279,43,1,2.92,1
279,44,0,4.09,1
279,45,0,4.29,1
279,46,3,3.53,1
279,47,5,2.68,1
279,48,6,2.5,1
279,49,3,2.95,1
279,50,4,2.13,1
279,51,2,4.01,1
279,52,1,4.24,1
280,1,0,4.23,5
280,2,2,2.29,5
280,3,0,4.89,5
280,4,1,2.43,5
280,5,1,3.45,5
280,6,0,3.69,5
280,7,0,4.8,5
280,8,0,4.46,5
280,9,0,3.6,5
280,10,0,3.15,5
280,11,2,3.64,5
280,12,0,4.39,5
280,13,0,3.88,5
280,14,4,2.31,5
280,15,0,2.58,5
280,16,0,4.53,5
280,17,1,3.44,5
280,18,0,4.33,5
280,19,0,4.45,5
280,20,0,2.89,5
280,21,1,2.68,5
280,22,0,3.86,5
280,23,1,3.12,5
280,24,0,4.66,5
280,25,1,2.38,5
280,26,1,2.47,5
280,27,2,3.92,5
280,28,1,2.56,5
280,29,1,3.99,5
280,30,0,3.54,5
280,31,0,4.22,5
280,32,0,3.01,5
280,33,2,2.33,5
280,34,2,3.21,5
280,35,1,3.63,5
280,36,0,4.22,5
280,37,4,2.52,5
280,38,0,3.76,5
280,39,2,3.5,5
280,40,0,4.81,5
280,41,0,4.73,5
280,42,1,2.46,5
280,43,1,2.92,5
280,44,2,4.09,5
280,45,0,4.29,5
280,46,2,3.53,5
280,47,3,2.68,5
280,48,3,2.5,5
280,49,3,2.95,5
280,50,4,2.13,5
280,51,1,4.01,5
280,52,0,4.24,5
281,1,0,4.23,4
281,2,2,2.29,4
281,3,0,4.89,4
281,4,2,2.43,4
281,5,0,3.45,4
281,6,0,3.69,4
281,7,0,4.8,4
281,8,0,4.46,4
281,9,0,3.6,4
281,10,1,3.15,4
281,11,0,3.64,4
281,12,0,4.39,4
281,13,0,3.88,4
281,14,2,2.31,4
281,15,3,2.58,4
281,16,0,4.53,4
281,17,0,3.44,4
281,18,0,4.33,4
281,19,1,4.45,4
281,20,0,2.89,4
281,21,0,2.68,4
281,22,0,3.86,4
281,23,0,3.12,4
281,24,0,4.66,4
281,25,3,2.38,4
281,26,1,2.47,4
281,27,0,3.92,4
281,28,2,2.56,4
281,29,0,3.99,4
281,30,0,3.54,4
281,31,1,4.22,4
281,32,1,3.01,4
281,33,5,2.33,4
281,34,0,3.21,4
281,35,0,3.63,4
281,36,0,4.22,4
281,37,1,2.52,4
281,38,0,3.76,4
281,39,0,3.5,4
281,40,0,4.81,4
281,41,0,4.73,4
281,42,1,2.46,4
281,43,0,2.92,4
281,44,0,4.09,4
281,45,0,4.29,4
281,46,0,3.53,4
281,47,0,2.68,4
281,48,0,2.5,4
281,49,0,2.95,4
281,50,3,2.13,4
281,51,1,4.01,4
281,52,0,4.24,4
282,1,1,4.23,3
282,2,15,2.29,3
282,3,3,4.89,3
282,4,10,2.43,3
282,5,7,3.45,3
282,6,10,3.69,3
282,7,5,4.8,3
282,8,3,4.46,3
282,9,10,3.6,3
282,10,10,3.15,3
282,11,2,3.64,3
282,12,4,4.39,3
282,13,5,3.88,3
282,14,16,2.31,3
282,15,4,2.58,3
282,16,2,4.53,3
282,17,4,3.44,3
282,18,3,4.33,3
282,19,3,4.45,3
282,20,13,2.89,3
282,21,11,2.68,3
282,22,7,3.86,3
282,23,8,3.12,3
282,24,3,4.66,3
282,25,16,2.38,3
282,26,15,2.47,3
282,27,7,3.92,3
282,28,10,2.56,3
282,29,5,3.99,3
282,30,8,3.54,3
282,31,7,4.22,3
282,32,14,3.01,3
282,33,18,2.33,3
282,34,8,3.21,3
282,35,12,3.63,3
282,36,4,4.22,3
282,37,7,2.52,3
282,38,3,3.76,3
282,39,13,3.5,3
282,40,4,4.81,3
282,41,3,4.73,3
282,42,5,2.46,3
282,43,10,2.92,3
282,44,8,4.09,3
282,45,5,4.29,3
282,46,10,3.53,3
282,47,10,2.68,3
282,48,18,2.5,3
282,49,7,2.95,3
282,50,16,2.13,3
282,51,10,4.01,3
282,52,3,4.24,3
283,1,7,4.23,4
283,2,19,2.29,4
283,3,12,4.89,4
283,4,13,2.43,4
283,5,13,3.45,4
283,6,6,3.69,4
283,7,8,4.8,4
283,8,2,4.46,4
283,9,10,3.6,4
283,10,10,3.15,4
283,11,14,3.64,4
283,12,11,4.39,4
283,13,13,3.88,4
283,14,10,2.31,4
283,15,16,2.58,4
283,16,7,4.53,4
283,17,14,3.44,4
283,18,7,4.33,4
283,19,5,4.45,4
283,20,17,2.89,4
283,21,13,2.68,4
283,22,10,3.86,4
283,23,25,3.12,4
283,24,14,4.66,4
283,25,22,2.38,4
283,26,19,2.47,4
283,27,5,3.92,4
283,28,10,2.56,4
283,29,9,3.99,4
283,30,14,3.54,4
283,31,14,4.22,4
283,32,13,3.01,4
283,33,24,2.33,4
283,34,16,3.21,4
283,35,11,3.63,4
283,36,11,4.22,4
283,37,16,2.52,4
283,38,18,3.76,4
283,39,8,3.5,4
283,40,5,4.81,4
283,41,9,4.73,4
283,42,21,2.46,4
283,43,19,2.92,4
283,44,8,4.09,4
283,45,10,4.29,4
283,46,13,3.53,4
283,47,19,2.68,4
283,48,15,2.5,4
283,49,16,2.95,4
283,50,17,2.13,4
283,51,12,4.01,4
283,52,8,4.24,4
284,1,8,4.23,4
284,2,6,2.29,4
284,3,3,4.89,4
284,4,14,2.43,4
284,5,12,3.45,4
284,6,6,3.69,4
284,7,2,4.8,4
284,8,6,4.46,4
284,9,3,3.6,4
284,10,9,3.15,4
284,11,10,3.64,4
284,12,3,4.39,4
284,13,2,3.88,4
284,14,16,2.31,4
284,15,12,2.58,4
284,16,2,4.53,4
284,17,13,3.44,4
284,18,4,4.33,4
284,19,3,4.45,4
284,20,11,2.89,4
284,21,20,2.68,4
284,22,6,3.86,4
284,23,16,3.12,4
284,24,2,4.66,4
284,25,14,2.38,4
284,26,15,2.47,4
284,27,4,3.92,4
284,28,16,2.56,4
284,29,4,3.99,4
284,30,6,3.54,4
284,31,6,4.22,4
284,32,20,3.01,4
284,33,20,2.33,4
284,34,10,3.21,4
284,35,3,3.63,4
284,36,9,4.22,4
284,37,11,2.52,4
284,38,6,3.76,4
284,39,6,3.5,4
284,40,0,4.81,4
284,41,3,4.73,4
284,42,15,2.46,4
284,43,12,2.92,4
284,44,6,4.09,4
284,45,6,4.29,4
284,46,8,3.53,4
284,47,10,2.68,4
284,48,16,2.5,4
284,49,13,2.95,4
284,50,11,2.13,4
284,51,2,4.01,4
284,52,5,4.24,4
285,1,0,4.23,4
285,2,1,2.29,4
285,3,0,4.89,4
285,4,0,2.43,4
285,5,1,3.45,4
285,6,0,3.69,4
285,7,0,4.8,4
285,8,0,4.46,4
285,9,1,3.6,4
285,10,2,3.15,4
285,11,0,3.64,4
285,12,0,4.39,4
285,13,0,3.88,4
285,14,3,2.31,4
285,15,3,2.58,4
285,16,1,4.53,4
285,17,0,3.44,4
285,18,0,4.33,4
285,19,0,4.45,4
285,20,1,2.89,4
285,21,4,2.68,4
285,22,0,3.86,4
285,23,3,3.12,4
285,24,1,4.66,4
285,25,1,2.38,4
285,26,2,2.47,4
285,27,0,3.92,4
285,28,1,2.56,4
285,29,1,3.99,4
285,30,1,3.54,4
285,31,0,4.22,4
285,32,0,3.01,4
285,33,4,2.33,4
285,34,0,3.21,4
285,35,0,3.63,4
285,36,1,4.22,4
285,37,1,2.52,4
285,38,0,3.76,4
285,39,1,3.5,4
285,40,0,4.81,4
285,41,0,4.73,4
285,42,1,2.46,4
285,43,0,2.92,4
285,44,0,4.09,4
285,45,0,4.29,4
285,46,0,3.53,4
285,47,0,2.68,4
285,48,1,2.5,4
285,49,2,2.95,4
285,50,9,2.13,4
285,51,0,4.01,4
285,52,1,4.24,4
286,1,0,4.23,3
286,2,0,2.29,3
286,3,0,4.89,3
286,4,2,2.43,3
286,5,1,3.45,3
286,6,0,3.69,3
286,7,0,4.8,3
286,8,0,4.46,3
286,9,1,3.6,3
286,10,0,3.15,3
286,11,1,3.64,3
286,12,0,4.39,3
286,13,1,3.88,3
286,14,1,2.31,3
286,15,2,2.58,3
286,16,0,4.53,3
286,17,2,3.44,3
286,18,0,4.33,3
286,19,0,4.45,3
286,20,0,2.89,3
286,21,1,2.68,3
286,22,0,3.86,3
286,23,0,3.12,3
286,24,0,4.66,3
286,25,0,2.38,3
286,26,0,2.47,3
286,27,1,3.92,3
286,28,1,2.56,3
286,29,0,3.99,3
286,30,0,3.54,3
286,31,0,4.22,3
286,32,2,3.01,3
286,33,3,2.33,3
286,34,0,3.21,3
286,35,0,3.63,3
286,36,1,4.22,3
286,37,0,2.52,3
286,38,1,3.76,3
286,39,0,3.5,3
286,40,0,4.81,3
286,41,0,4.73,3
286,42,1,2.46,3
286,43,0,2.92,3
286,44,0,4.09,3
286,45,0,4.29,3
286,46,1,3.53,3
286,47,1,2.68,3
286,48,0,2.5,3
286,49,0,2.95,3
286,50,1,2.13,3
286,51,0,4.01,3
286,52,0,4.24,3
287,1,0,4.23,3
287,2,1,2.29,3
287,3,0,4.89,3
287,4,1,2.43,3
287,5,0,3.45,3
287,6,0,3.69,3
287,7,0,4.8,3
287,8,1,4.46,3
287,9,0,3.6,3
287,10,0,3.15,3
287,11,0,3.64,3
287,12,0,4.39,3
287,13,1,3.88,3
287,14,3,2.31,3
287,15,1,2.58,3
287,16,1,4.53,3
287,17,1,3.44,3
287,18,0,4.33,3
287,19,0,4.45,3
287,20,0,2.89,3
287,21,2,2.68,3
287,22,0,3.86,3
287,23,0,3.12,3
287,24,0,4.66,3
287,25,1,2.38,3
287,26,0,2.47,3
287,27,0,3.92,3
287,28,0,2.56,3
287,29,0,3.99,3
287,30,1,3.54,3
287,31,1,4.22,3
287,32,1,3.01,3
287,33,0,2.33,3
287,34,0,3.21,3
287,35,0,3.63,3
287,36,0,4.22,3
287,37,2,2.52,3
287,38,0,3.76,3
287,39,0,3.5,3
287,40,0,4.81,3
287,41,0,4.73,3
287,42,1,2.46,3
287,43,0,2.92,3
287,44,0,4.09,3
287,45,0,4.29,3
287,46,0,3.53,3
287,47,1,2.68,3
287,48,2,2.5,3
287,49,2,2.95,3
287,50,4,2.13,3
287,51,0,4.01,3
287,52,0,4.24,3
288,1,2,4.23,3
288,2,9,2.29,3
288,3,1,4.89,3
288,4,7,2.43,3
288,5,9,3.45,3
288,6,6,3.69,3
288,7,0,4.8,3
288,8,4,4.46,3
288,9,1,3.6,3
288,10,2,3.15,3
288,11,1,3.64,3
288,12,2,4.39,3
288,13,1,3.88,3
288,14,6,2.31,3
288,15,14,2.58,3
288,16,0,4.53,3
288,17,9,3.44,3
288,18,3,4.33,3
288,19,1,4.45,3
288,20,5,2.89,3
288,21,6,2.68,3
288,22,5,3.86,3
288,23,5,3.12,3
288,24,3,4.66,3
288,25,19,2.38,3
288,26,7,2.47,3
288,27,2,3.92,3
288,28,8,2.56,3
288,29,1,3.99,3
288,30,5,3.54,3
288,31,1,4.22,3
288,32,10,3.01,3
288,33,13,2.33,3
288,34,6,3.21,3
288,35,3,3.63,3
288,36,4,4.22,3
288,37,13,2.52,3
288,38,3,3.76,3
288,39,3,3.5,3
288,40,3,4.81,3
288,41,1,4.73,3
288,42,9,2.46,3
288,43,11,2.92,3
288,44,2,4.09,3
288,45,5,4.29,3
288,46,11,3.53,3
288,47,12,2.68,3
288,48,8,2.5,3
288,49,9,2.95,3
288,50,25,2.13,3
288,51,2,4.01,3
288,52,2,4.24,3
289,1,0,4.23,4
289,2,1,2.29,4
289,3,0,4.89,4
289,4,3,2.43,4
289,5,1,3.45,4
289,6,1,3.69,4
289,7,0,4.8,4
289,8,0,4.46,4
289,9,1,3.6,4
289,10,1,3.15,4
289,11,1,3.64,4
289,12,0,4.39,4
289,13,1,3.88,4
289,14,3,2.31,4
289,15,2,2.58,4
289,16,0,4.53,4
289,17,0,3.44,4
289,18,0,4.33,4
289,19,0,4.45,4
289,20,0,2.89,4
289,21,0,2.68,4
289,22,0,3.86,4
289,23,0,3.12,4
289,24,0,4.66,4
289,25,2,2.38,4
289,26,1,2.47,4
289,27,0,3.92,4
289,28,2,2.56,4
289,29,0,3.99,4
289,30,0,3.54,4
289,31,1,4.22,4
289,32,2,3.01,4
289,33,0,2.33,4
289,34,0,3.21,4
289,35,0,3.63,4
289,36,1,4.22,4
289,37,1,2.52,4
289,38,1,3.76,4
289,39,2,3.5,4
289,40,0,4.81,4
289,41,0,4.73,4
289,42,2,2.46,4
289,43,2,2.92,4
289,44,0,4.09,4
289,45,0,4.29,4
289,46,0,3.53,4
289,47,1,2.68,4
289,48,3,2.5,4
289,49,0,2.95,4
289,50,3,2.13,4
289,51,0,4.01,4
289,52,0,4.24,4
290,1,3,4.23,3
290,2,16,2.29,3
290,3,2,4.89,3
290,4,13,2.43,3
290,5,3,3.45,3
290,6,3,3.69,3
290,7,0,4.8,3
290,8,4,4.46,3
290,9,5,3.6,3
290,10,5,3.15,3
290,11,3,3.64,3
290,12,7,4.39,3
290,13,2,3.88,3
290,14,14,2.31,3
290,15,9,2.58,3
290,16,2,4.53,3
290,17,3,3.44,3
290,18,1,4.33,3
290,19,3,4.45,3
290,20,8,2.89,3
290,21,14,2.68,3
290,22,2,3.86,3
290,23,6,3.12,3
290,24,1,4.66,3
290,25,9,2.38,3
290,26,16,2.47,3
290,27,1,3.92,3
290,28,17,2.56,3
290,29,2,3.99,3
290,30,4,3.54,3
290,31,4,4.22,3
290,32,7,3.01,3
290,33,14,2.33,3
290,34,5,3.21,3
290,35,4,3.63,3
290,36,4,4.22,3
290,37,9,2.52,3
290,38,6,3.76,3
290,39,5,3.5,3
290,40,1,4.81,3
290,41,2,4.73,3
290,42,12,2.46,3
290,43,15,2.92,3
290,44,4,4.09,3
290,45,1,4.29,3
290,46,6,3.53,3
290,47,8,2.68,3
290,48,6,2.5,3
290,49,13,2.95,3
290,50,12,2.13,3
290,51,3,4.01,3
290,52,2,4.24,3
291,1,0,4.23,3
291,2,2,2.29,3
291,3,0,4.89,3
291,4,1,2.43,3
291,5,0,3.45,3
291,6,2,3.69,3
291,7,0,4.8,3
291,8,0,4.46,3
291,9,1,3.6,3
291,10,0,3.15,3
291,11,0,3.64,3
291,12,1,4.39,3
291,13,0,3.88,3
291,14,4,2.31,3
291,15,1,2.58,3
291,16,1,4.53,3
291,17,0,3.44,3
291,18,0,4.33,3
291,19,0,4.45,3
291,20,1,2.89,3
291,21,1,2.68,3
291,22,0,3.86,3
291,23,1,3.12,3
291,24,0,4.66,3
291,25,2,2.38,3
291,26,0,2.47,3
291,27,0,3.92,3
291,28,0,2.56,3
291,29,0,3.99,3
291,30,0,3.54,3
291,31,0,4.22,3
291,32,0,3.01,3
291,33,2,2.33,3
291,34,1,3.21,3
291,35,0,3.63,3
291,36,0,4.22,3
291,37,1,2.52,3
291,38,1,3.76,3
291,39,0,3.5,3
291,40,0,4.81,3
291,41,0,4.73,3
291,42,0,2.46,3
291,43,1,2.92,3
291,44,0,4.09,3
291,45,0,4.29,3
291,46,0,3.53,3
291,47,1,2.68,3
291,48,1,2.5,3
291,49,1,2.95,3
291,50,4,2.13,3
291,51,0,4.01,3
291,52,0,4.24,3
292,1,0,4.23,2
292,2,0,2.29,2
292,3,0,4.89,2
292,4,4,2.43,2
292,5,1,3.45,2
292,6,0,3.69,2
292,7,0,4.8,2
292,8,0,4.46,2
292,9,1,3.6,2
292,10,0,3.15,2
292,11,0,3.64,2
292,12,0,4.39,2
292,13,0,3.88,2
292,14,2,2.31,2
292,15,1,2.58,2
292,16,0,4.53,2
292,17,0,3.44,2
292,18,0,4.33,2
292,19,0,4.45,2
292,20,0,2.89,2
292,21,1,2.68,2
292,22,0,3.86,2
292,23,0,3.12,2
292,24,0,4.66,2
292,25,0,2.38,2
292,26,4,2.47,2
292,27,0,3.92,2
292,28,0,2.56,2
292,29,0,3.99,2
292,30,0,3.54,2
292,31,0,4.22,2
292,32,0,3.01,2
292,33,2,2.33,2
292,34,0,3.21,2
292,35,0,3.63,2
292,36,0,4.22,2
292,37,1,2.52,2
292,38,0,3.76,2
292,39,0,3.5,2
292,40,0,4.81,2
292,41,0,4.73,2
292,42,0,2.46,2
292,43,0,2.92,2
292,44,0,4.09,2
292,45,0,4.29,2
292,46,0,3.53,2
292,47,1,2.68,2
292,48,1,2.5,2
292,49,0,2.95,2
292,50,0,2.13,2
292,51,0,4.01,2
292,52,1,4.24,2
293,1,6,4.23,4
293,2,7,2.29,4
293,3,8,4.89,4
293,4,12,2.43,4
293,5,17,3.45,4
293,6,7,3.69,4
293,7,11,4.8,4
293,8,17,4.46,4
293,9,15,3.6,4
293,10,14,3.15,4
293,11,14,3.64,4
293,12,14,4.39,4
293,13,8,3.88,4
293,14,13,2.31,4
293,15,20,2.58,4
293,16,5,4.53,4
293,17,12,3.44,4
293,18,7,4.33,4
293,19,6,4.45,4
293,20,11,2.89,4
293,21,10,2.68,4
293,22,12,3.86,4
293,23,12,3.12,4
293,24,4,4.66,4
293,25,21,2.38,4
293,26,20,2.47,4
293,27,9,3.92,4
293,28,18,2.56,4
293,29,9,3.99,4
293,30,13,3.54,4
293,31,9,4.22,4
293,32,13,3.01,4
293,33,16,2.33,4
293,34,11,3.21,4
293,35,14,3.63,4
293,36,7,4.22,4
293,37,13,2.52,4
293,38,9,3.76,4
293,39,6,3.5,4
293,40,9,4.81,4
293,41,7,4.73,4
293,42,13,2.46,4
293,43,16,2.92,4
293,44,8,4.09,4
293,45,7,4.29,4
293,46,14,3.53,4
293,47,16,2.68,4
293,48,10,2.5,4
293,49,17,2.95,4
293,50,7,2.13,4
293,51,11,4.01,4
293,52,16,4.24,4
294,1,13,4.23,4
294,2,14,2.29,4
294,3,4,4.89,4
294,4,9,2.43,4
294,5,8,3.45,4
294,6,11,3.69,4
294,7,9,4.8,4
294,8,8,4.46,4
294,9,7,3.6,4
294,10,20,3.15,4
294,11,15,3.64,4
294,12,5,4.39,4
294,13,9,3.88,4
294,14,12,2.31,4
294,15,12,2.58,4
294,16,8,4.53,4
294,17,13,3.44,4
294,18,7,4.33,4
294,19,9,4.45,4
294,20,16,2.89,4
294,21,12,2.68,4
294,22,6,3.86,4
294,23,14,3.12,4
294,24,8,4.66,4
294,25,11,2.38,4
294,26,9,2.47,4
294,27,7,3.92,4
294,28,16,2.56,4
294,29,14,3.99,4
294,30,12,3.54,4
294,31,8,4.22,4
294,32,10,3.01,4
294,33,16,2.33,4
294,34,20,3.21,4
294,35,12,3.63,4
294,36,7,4.22,4
294,37,9,2.52,4
294,38,12,3.76,4
294,39,13,3.5,4
294,40,4,4.81,4
294,41,4,4.73,4
294,42,23,2.46,4
294,43,11,2.92,4
294,44,6,4.09,4
294,45,5,4.29,4
294,46,20,3.53,4
294,47,16,2.68,4
294,48,15,2.5,4
294,49,17,2.95,4
294,50,19,2.13,4
294,51,8,4.01,4
294,52,9,4.24,4
295,1,1,4.23,2
295,2,8,2.29,2
295,3,0,4.89,2
295,4,4,2.43,2
295,5,1,3.45,2
295,6,0,3.69,2
295,7,0,4.8,2
295,8,1,4.46,2
295,9,0,3.6,2
295,10,4,3.15,2
295,11,3,3.64,2
295,12,1,4.39,2
295,13,1,3.88,2
295,14,6,2.31,2
295,15,6,2.58,2
295,16,0,4.53,2
295,17,2,3.44,2
295,18,1,4.33,2
295,19,1,4.45,2
295,20,4,2.89,2
295,21,7,2.68,2
295,22,2,3.86,2
295,23,3,3.12,2
295,24,0,4.66,2
295,25,6,2.38,2
295,26,2,2.47,2
295,27,2,3.92,2
295,28,6,2.56,2
295,29,0,3.99,2
295,30,3,3.54,2
295,31,1,4.22,2
295,32,6,3.01,2
295,33,7,2.33,2
295,34,2,3.21,2
295,35,4,3.63,2
295,36,1,4.22,2
295,37,5,2.52,2
295,38,0,3.76,2
295,39,5,3.5,2
295,40,0,4.81,2
295,41,0,4.73,2
295,42,4,2.46,2
295,43,4,2.92,2
295,44,1,4.09,2
295,45,2,4.29,2
295,46,3,3.53,2
295,47,5,2.68,2
295,48,5,2.5,2
295,49,2,2.95,2
295,50,5,2.13,2
295,51,2,4.01,2
295,52,0,4.24,2
296,1,4,4.23,4
296,2,13,2.29,4
296,3,3,4.89,4
296,4,9,2.43,4
296,5,13,3.45,4
296,6,8,3.69,4
296,7,7,4.8,4
296,8,3,4.46,4
296,9,8,3.6,4
296,10,10,3.15,4
296,11,4,3.64,4
296,12,3,4.39,4
296,13,6,3.88,4
296,14,10,2.31,4
296,15,15,2.58,4
296,16,10,4.53,4
296,17,9,3.44,4
296,18,6,4.33,4
296,19,3,4.45,4
296,20,11,2.89,4
296,21,10,2.68,4
296,22,12,3.86,4
296,23,14,3.12,4
296,24,1,4.66,4
296,25,9,2.38,4
296,26,14,2.47,4
296,27,4,3.92,4
296,28,18,2.56,4
296,29,6,3.99,4
296,30,10,3.54,4
296,31,5,4.22,4
296,32,14,3.01,4
296,33,18,2.33,4
296,34,7,3.21,4
296,35,5,3.63,4
296,36,4,4.22,4
296,37,13,2.52,4
296,38,6,3.76,4
296,39,6,3.5,4
296,40,3,4.81,4
296,41,0,4.73,4
296,42,13,2.46,4
296,43,10,2.92,4
296,44,6,4.09,4
296,45,7,4.29,4
296,46,15,3.53,4
296,47,18,2.68,4
296,48,8,2.5,4
296,49,10,2.95,4
296,50,16,2.13,4
296,51,3,4.01,4
296,52,7,4.24,4
297,1,1,4.23,5
297,2,2,2.29,5
297,3,0,4.89,5
297,4,1,2.43,5
297,5,0,3.45,5
297,6,2,3.69,5
297,7,1,4.8,5
297,8,1,4.46,5
297,9,0,3.6,5
297,10,1,3.15,5
297,11,0,3.64,5
297,12,1,4.39,5
297,13,0,3.88,5
297,14,4,2.31,5
297,15,3,2.58,5
297,16,0,4.53,5
297,17,2,3.44,5
297,18,0,4.33,5
297,19,0,4.45,5
297,20,0,2.89,5
297,21,2,2.68,5
297,22,0,3.86,5
297,23,1,3.12,5
297,24,0,4.66,5
297,25,7,2.38,5
297,26,3,2.47,5
297,27,0,3.92,5
297,28,2,2.56,5
297,29,0,3.99,5
297,30,0,3.54,5
297,31,1,4.22,5
297,32,0,3.01,5
297,33,1,2.33,5
297,34,2,3.21,5
297,35,0,3.63,5
297,36,0,4.22,5
297,37,2,2.52,5
297,38,0,3.76,5
297,39,1,3.5,5
297,40,0,4.81,5
297,41,0,4.73,5
297,42,2,2.46,5
297,43,1,2.92,5
297,44,1,4.09,5
297,45,0,4.29,5
297,46,2,3.53,5
297,47,1,2.68,5
297,48,1,2.5,5
297,49,2,2.95,5
297,50,6,2.13,5
297,51,0,4.01,5
297,52,0,4.24,5
298,1,9,4.23,4
298,2,12,2.29,4
298,3,4,4.89,4
298,4,11,2.43,4
298,5,15,3.45,4
298,6,19,3.69,4
298,7,4,4.8,4
298,8,9,4.46,4
298,9,12,3.6,4
298,10,25,3.15,4
298,11,8,3.64,4
298,12,8,4.39,4
298,13,8,3.88,4
298,14,10,2.31,4
298,15,12,2.58,4
298,16,8,4.53,4
298,17,11,3.44,4
298,18,8,4.33,4
298,19,5,4.45,4
298,20,17,2.89,4
298,21,12,2.68,4
298,22,12,3.86,4
298,23,15,3.12,4
298,24,4,4.66,4
298,25,12,2.38,4
298,26,16,2.47,4
298,27,8,3.92,4
298,28,15,2.56,4
298,29,9,3.99,4
298,30,6,3.54,4
298,31,13,4.22,4
298,32,10,3.01,4
298,33,14,2.33,4
298,34,13,3.21,4
298,35,14,3.63,4
298,36,11,4.22,4
298,37,18,2.52,4
298,38,15,3.76,4
298,39,14,3.5,4
298,40,5,4.81,4
298,41,12,4.73,4
298,42,11,2.46,4
298,43,15,2.92,4
298,44,4,4.09,4
298,45,6,4.29,4
298,46,11,3.53,4
298,47,20,2.68,4
298,48,14,2.5,4
298,49,12,2.95,4
298,50,13,2.13,4
298,51,9,4.01,4
298,52,5,4.24,4
299,1,0,4.23,1
299,2,0,2.29,1
299,3,0,4.89,1
299,4,1,2.43,1
299,5,0,3.45,1
299,6,0,3.69,1
299,7,0,4.8,1
299,8,0,4.46,1
299,9,1,3.6,1
299,10,0,3.15,1
299,11,0,3.64,1
299,12,1,4.39,1
299,13,0,3.88,1
299,14,1,2.31,1
299,15,1,2.58,1
299,16,0,4.53,1
299,17,0,3.44,1
299,18,0,4.33,1
299,19,0,4.45,1
299,20,1,2.89,1
299,21,1,2.68,1
299,22,0,3.86,1
299,23,0,3.12,1
299,24,0,4.66,1
299,25,0,2.38,1
299,26,0,2.47,1
299,27,0,3.92,1
299,28,1,2.56,1
299,29,0,3.99,1
299,30,0,3.54,1
299,31,0,4.22,1
299,32,0,3.01,1
299,33,0,2.33,1
299,34,0,3.21,1
299,35,0,3.63,1
299,36,0,4.22,1
299,37,0,2.52,1
299,38,0,3.76,1
299,39,0,3.5,1
299,40,0,4.81,1
299,41,0,4.73,1
299,42,1,2.46,1
299,43,0,2.92,1
299,44,0,4.09,1
299,45,0,4.29,1
299,46,0,3.53,1
299,47,0,2.68,1
299,48,0,2.5,1
299,49,1,2.95,1
299,50,1,2.13,1
299,51,0,4.01,1
299,52,0,4.24,1
300,1,0,4.23,5
300,2,2,2.29,5
300,3,0,4.89,5
300,4,4,2.43,5
300,5,1,3.45,5
300,6,1,3.69,5
300,7,0,4.8,5
300,8,0,4.46,5
300,9,0,3.6,5
300,10,3,3.15,5
300,11,1,3.64,5
300,12,1,4.39,5
300,13,0,3.88,5
300,14,1,2.31,5
300,15,5,2.58,5
300,16,0,4.53,5
300,17,0,3.44,5
300,18,0,4.33,5
300,19,1,4.45,5
300,20,2,2.89,5
300,21,2,2.68,5
300,22,0,3.86,5
300,23,2,3.12,5
300,24,0,4.66,5
300,25,2,2.38,5
300,26,1,2.47,5
300,27,2,3.92,5
300,28,5,2.56,5
300,29,0,3.99,5
300,30,1,3.54,5
300,31,1,4.22,5
300,32,0,3.01,5
300,33,2,2.33,5
300,34,2,3.21,5
300,35,0,3.63,5
300,36,0,4.22,5
300,37,5,2.52,5
300,38,0,3.76,5
300,39,1,3.5,5
300,40,1,4.81,5
300,41,0,4.73,5
300,42,1,2.46,5
300,43,3,2.92,5
300,44,0,4.09,5
300,45,0,4.29,5
300,46,0,3.53,5
300,47,4,2.68,5
300,48,3,2.5,5
300,49,0,2.95,5
300,50,7,2.13,5
300,51,0,4.01,5
300,52,0,4.24,5
301,1,4,4.23,3
301,2,12,2.29,3
301,3,4,4.89,3
301,4,17,2.43,3
301,5,1,3.45,3
301,6,3,3.69,3
301,7,1,4.8,3
301,8,1,4.46,3
301,9,5,3.6,3
301,10,2,3.15,3
301,11,1,3.64,3
301,12,3,4.39,3
301,13,3,3.88,3
301,14,14,2.31,3
301,15,8,2.58,3
301,16,2,4.53,3
301,17,5,3.44,3
301,18,5,4.33,3
301,19,0,4.45,3
301,20,7,2.89,3
301,21,11,2.68,3
301,22,3,3.86,3
301,23,10,3.12,3
301,24,4,4.66,3
301,25,13,2.38,3
301,26,9,2.47,3
301,27,3,3.92,3
301,28,5,2.56,3
301,29,3,3.99,3
301,30,3,3.54,3
301,31,3,4.22,3
301,32,9,3.01,3
301,33,15,2.33,3
301,34,6,3.21,3
301,35,2,3.63,3
301,36,0,4.22,3
301,37,10,2.52,3
301,38,5,3.76,3
301,39,1,3.5,3
301,40,3,4.81,3
301,41,1,4.73,3
301,42,11,2.46,3
301,43,4,2.92,3
301,44,5,4.09,3
301,45,3,4.29,3
301,46,4,3.53,3
301,47,12,2.68,3
301,48,9,2.5,3
301,49,9,2.95,3
301,50,13,2.13,3
301,51,1,4.01,3
301,52,3,4.24,3
302,1,0,4.23,3
302,2,3,2.29,3
302,3,0,4.89,3
302,4,0,2.43,3
302,5,0,3.45,3
302,6,0,3.69,3
302,7,0,4.8,3
302,8,1,4.46,3
302,9,1,3.6,3
302,10,0,3.15,3
302,11,0,3.64,3
302,12,0,4.39,3
302,13,0,3.88,3
302,14,1,2.31,3
302,15,1,2.58,3
302,16,1,4.53,3
302,17,0,3.44,3
302,18,0,4.33,3
302,19,0,4.45,3
302,20,0,2.89,3
302,21,2,2.68,3
302,22,2,3.86,3
302,23,0,3.12,3
302,24,0,4.66,3
302,25,1,2.38,3
302,26,2,2.47,3
302,27,0,3.92,3
302,28,1,2.56,3
302,29,0,3.99,3
302,30,0,3.54,3
302,31,0,4.22,3
302,32,0,3.01,3
302,33,0,2.33,3
302,34,0,3.21,3
302,35,1,3.63,3
302,36,0,4.22,3
302,37,4,2.52,3
302,38,0,3.76,3
302,39,0,3.5,3
302,40,0,4.81,3
302,41,0,4.73,3
302,42,0,2.46,3
302,43,1,2.92,3
302,44,0,4.09,3
302,45,0,4.29,3
302,46,0,3.53,3
302,47,1,2.68,3
302,48,0,2.5,3
302,49,0,2.95,3
302,50,1,2.13,3
302,51,0,4.01,3
302,52,0,4.24,3
303,1,2,4.23,1
303,2,3,2.29,1
303,3,0,4.89,1
303,4,4,2.43,1
303,5,2,3.45,1
303,6,0,3.69,1
303,7,0,4.8,1
303,8,0,4.46,1
303,9,0,3.6,1
303,10,1,3.15,1
303,11,0,3.64,1
303,12,0,4.39,1
303,13,0,3.88,1
303,14,3,2.31,1
303,15,2,2.58,1
303,16,0,4.53,1
303,17,2,3.44,1
303,18,0,4.33,1
303,19,0,4.45,1
303,20,1,2.89,1
303,21,0,2.68,1
303,22,0,3.86,1
303,23,0,3.12,1
303,24,1,4.66,1
303,25,1,2.38,1
303,26,4,2.47,1
303,27,2,3.92,1
303,28,2,2.56,1
303,29,0,3.99,1
303,30,1,3.54,1
303,31,2,4.22,1
303,32,1,3.01,1
303,33,0,2.33,1
303,34,1,3.21,1
303,35,0,3.63,1
303,36,0,4.22,1
303,37,5,2.52,1
303,38,0,3.76,1
303,39,1,3.5,1
303,40,0,4.81,1
303,41,0,4.73,1
303,42,1,2.46,1
303,43,4,2.92,1
303,44,1,4.09,1
303,45,0,4.29,1
303,46,2,3.53,1
303,47,2,2.68,1
303,48,4,2.5,1
303,49,1,2.95,1
303,50,1,2.13,1
303,51,0,4.01,1
303,52,0,4.24,1
304,1,0,4.23,1
304,2,2,2.29,1
304,3,1,4.89,1
304,4,2,2.43,1
304,5,0,3.45,1
304,6,2,3.69,1
304,7,0,4.8,1
304,8,2,4.46,1
304,9,1,3.6,1
304,10,1,3.15,1
304,11,1,3.64,1
304,12,0,4.39,1
304,13,0,3.88,1
304,14,5,2.31,1
304,15,1,2.58,1
304,16,0,4.53,1
304,17,3,3.44,1
304,18,1,4.33,1
304,19,1,4.45,1
304,20,3,2.89,1
304,21,2,2.68,1
304,22,1,3.86,1
304,23,1,3.12,1
304,24,3,4.66,1
304,25,0,2.38,1
304,26,1,2.47,1
304,27,0,3.92,1
304,28,5,2.56,1
304,29,0,3.99,1
304,30,1,3.54,1
304,31,1,4.22,1
304,32,0,3.01,1
304,33,1,2.33,1
304,34,3,3.21,1
304,35,0,3.63,1
304,36,1,4.22,1
304,37,4,2.52,1
304,38,3,3.76,1
304,39,4,3.5,1
304,40,0,4.81,1
304,41,0,4.73,1
304,42,4,2.46,1
304,43,2,2.92,1
304,44,0,4.09,1
304,45,0,4.29,1
304,46,0,3.53,1
304,47,2,2.68,1
304,48,3,2.5,1
304,49,0,2.95,1
304,50,5,2.13,1
304,51,0,4.01,1
304,52,1,4.24,1
305,1,1,4.23,3
305,2,12,2.29,3
305,3,1,4.89,3
305,4,10,2.43,3
305,5,9,3.45,3
305,6,5,3.69,3
305,7,0,4.8,3
305,8,2,4.46,3
305,9,1,3.6,3
305,10,7,3.15,3
305,11,4,3.64,3
305,12,2,4.39,3
305,13,4,3.88,3
305,14,8,2.31,3
305,15,9,2.58,3
305,16,0,4.53,3
305,17,4,3.44,3
305,18,2,4.33,3
305,19,2,4.45,3
305,20,7,2.89,3
305,21,15,2.68,3
305,22,6,3.86,3
305,23,7,3.12,3
305,24,1,4.66,3
305,25,18,2.38,3
305,26,5,2.47,3
305,27,4,3.92,3
305,28,8,2.56,3
305,29,2,3.99,3
305,30,4,3.54,3
305,31,2,4.22,3
305,32,5,3.01,3
305,33,14,2.33,3
305,34,8,3.21,3
305,35,3,3.63,3
305,36,1,4.22,3
305,37,14,2.52,3
305,38,2,3.76,3
305,39,0,3.5,3
305,40,1,4.81,3
305,41,0,4.73,3
305,42,13,2.46,3
305,43,6,2.92,3
305,44,3,4.09,3
305,45,1,4.29,3
305,46,7,3.53,3
305,47,8,2.68,3
305,48,14,2.5,3
305,49,6,2.95,3
305,50,11,2.13,3
305,51,4,4.01,3
305,52,1,4.24,3
306,1,3,4.23,4
306,2,9,2.29,4
306,3,2,4.89,4
306,4,16,2.43,4
306,5,12,3.45,4
306,6,10,3.69,4
306,7,2,4.8,4
306,8,5,4.46,4
306,9,4,3.6,4
306,10,15,3.15,4
306,11,10,3.64,4
306,12,6,4.39,4
306,13,6,3.88,4
306,14,20,2.31,4
306,15,12,2.58,4
306,16,2,4.53,4
306,17,11,3.44,4
306,18,1,4.33,4
306,19,4,4.45,4
306,20,14,2.89,4
306,21,19,2.68,4
306,22,7,3.86,4
306,23,15,3.12,4
306,24,2,4.66,4
306,25,9,2.38,4
306,26,15,2.47,4
306,27,7,3.92,4
306,28,18,2.56,4
306,29,5,3.99,4
306,30,6,3.54,4
306,31,8,4.22,4
306,32,16,3.01,4
306,33,16,2.33,4
306,34,9,3.21,4
306,35,10,3.63,4
306,36,3,4.22,4
306,37,17,2.52,4
306,38,9,3.76,4
306,39,9,3.5,4
306,40,1,4.81,4
306,41,6,4.73,4
306,42,14,2.46,4
306,43,14,2.92,4
306,44,6,4.09,4
306,45,6,4.29,4
306,46,10,3.53,4
306,47,10,2.68,4
306,48,10,2.5,4
306,49,15,2.95,4
306,50,17,2.13,4
306,51,10,4.01,4
306,52,2,4.24,4
307,1,5,4.23,4
307,2,21,2.29,4
307,3,6,4.89,4
307,4,17,2.43,4
307,5,14,3.45,4
307,6,14,3.69,4
307,7,7,4.8,4
307,8,10,4.46,4
307,9,10,3.6,4
307,10,15,3.15,4
307,11,20,3.64,4
307,12,8,4.39,4
307,13,7,3.88,4
307,14,20,2.31,4
307,15,14,2.58,4
307,16,9,4.53,4
307,17,19,3.44,4
307,18,9,4.33,4
307,19,1,4.45,4
307,20,16,2.89,4
307,21,12,2.68,4
307,22,11,3.86,4
307,23,14,3.12,4
307,24,7,4.66,4
307,25,12,2.38,4
307,26,16,2.47,4
307,27,18,3.92,4
307,28,11,2.56,4
307,29,10,3.99,4
307,30,10,3.54,4
307,31,14,4.22,4
307,32,9,3.01,4
307,33,14,2.33,4
307,34,14,3.21,4
307,35,12,3.63,4
307,36,8,4.22,4
307,37,15,2.52,4
307,38,10,3.76,4
307,39,13,3.5,4
307,40,7,4.81,4
307,41,7,4.73,4
307,42,24,2.46,4
307,43,4,2.92,4
307,44,3,4.09,4
307,45,7,4.29,4
307,46,20,3.53,4
307,47,33,2.68,4
307,48,11,2.5,4
307,49,18,2.95,4
307,50,11,2.13,4
307,51,13,4.01,4
307,52,9,4.24,4
308,1,6,4.23,3
308,2,13,2.29,3
308,3,5,4.89,3
308,4,13,2.43,3
308,5,5,3.45,3
308,6,5,3.69,3
308,7,4,4.8,3
308,8,3,4.46,3
308,9,7,3.6,3
308,10,8,3.15,3
308,11,10,3.64,3
308,12,3,4.39,3
308,13,4,3.88,3
308,14,18,2.31,3
308,15,12,2.58,3
308,16,2,4.53,3
308,17,3,3.44,3
308,18,3,4.33,3
308,19,1,4.45,3
308,20,5,2.89,3
308,21,9,2.68,3
308,22,3,3.86,3
308,23,4,3.12,3
308,24,3,4.66,3
308,25,14,2.38,3
308,26,9,2.47,3
308,27,6,3.92,3
308,28,8,2.56,3
308,29,4,3.99,3
308,30,6,3.54,3
308,31,2,4.22,3
308,32,8,3.01,3
308,33,15,2.33,3
308,34,8,3.21,3
308,35,5,3.63,3
308,36,3,4.22,3
308,37,15,2.52,3
308,38,6,3.76,3
308,39,8,3.5,3
308,40,2,4.81,3
308,41,3,4.73,3
308,42,18,2.46,3
308,43,10,2.92,3
308,44,6,4.09,3
308,45,2,4.29,3
308,46,4,3.53,3
308,47,17,2.68,3
308,48,12,2.5,3
308,49,9,2.95,3
308,50,9,2.13,3
308,51,6,4.01,3
308,52,5,4.24,3
309,1,16,4.23,5
309,2,16,2.29,5
309,3,17,4.89,5
309,4,22,2.43,5
309,5,20,3.45,5
309,6,18,3.69,5
309,7,10,4.8,5
309,8,11,4.46,5
309,9,23,3.6,5
309,10,12,3.15,5
309,11,13,3.64,5
309,12,23,4.39,5
309,13,15,3.88,5
309,14,14,2.31,5
309,15,13,2.58,5
309,16,11,4.53,5
309,17,12,3.44,5
309,18,17,4.33,5
309,19,15,4.45,5
309,20,10,2.89,5
309,21,20,2.68,5
309,22,10,3.86,5
309,23,17,3.12,5
309,24,4,4.66,5
309,25,22,2.38,5
309,26,15,2.47,5
309,27,16,3.92,5
309,28,13,2.56,5
309,29,13,3.99,5
309,30,17,3.54,5
309,31,23,4.22,5
309,32,18,3.01,5
309,33,15,2.33,5
309,34,6,3.21,5
309,35,6,3.63,5
309,36,17,4.22,5
309,37,21,2.52,5
309,38,16,3.76,5
309,39,12,3.5,5
309,40,15,4.81,5
309,41,12,4.73,5
309,42,15,2.46,5
309,43,14,2.92,5
309,44,16,4.09,5
309,45,21,4.29,5
309,46,14,3.53,5
309,47,14,2.68,5
309,48,15,2.5,5
309,49,15,2.95,5
309,50,15,2.13,5
309,51,9,4.01,5
309,52,12,4.24,5
310,1,2,4.23,1
310,2,3,2.29,1
310,3,0,4.89,1
310,4,0,2.43,1
310,5,2,3.45,1
310,6,2,3.69,1
310,7,3,4.8,1
310,8,1,4.46,1
310,9,5,3.6,1
310,10,5,3.15,1
310,11,2,3.64,1
310,12,3,4.39,1
310,13,0,3.88,1
310,14,4,2.31,1
310,15,4,2.58,1
310,16,1,4.53,1
310,17,3,3.44,1
310,18,3,4.33,1
310,19,1,4.45,1
310,20,3,2.89,1
310,21,2,2.68,1
310,22,2,3.86,1
310,23,1,3.12,1
310,24,0,4.66,1
310,25,3,2.38,1
310,26,5,2.47,1
310,27,1,3.92,1
310,28,3,2.56,1
310,29,2,3.99,1
310,30,4,3.54,1
310,31,1,4.22,1
310,32,0,3.01,1
310,33,6,2.33,1
310,34,1,3.21,1
310,35,2,3.63,1
310,36,2,4.22,1
310,37,1,2.52,1
310,38,1,3.76,1
310,39,2,3.5,1
310,40,1,4.81,1
310,41,1,4.73,1
310,42,3,2.46,1
310,43,3,2.92,1
310,44,0,4.09,1
310,45,3,4.29,1
310,46,3,3.53,1
310,47,1,2.68,1
310,48,3,2.5,1
310,49,1,2.95,1
310,50,1,2.13,1
310,51,0,4.01,1
310,52,0,4.24,1
311,1,1,4.23,5
311,2,5,2.29,5
311,3,0,4.89,5
311,4,3,2.43,5
311,5,1,3.45,5
311,6,1,3.69,5
311,7,0,4.8,5
311,8,0,4.46,5
311,9,0,3.6,5
311,10,1,3.15,5
311,11,1,3.64,5
311,12,0,4.39,5
311,13,0,3.88,5
311,14,2,2.31,5
311,15,2,2.58,5
311,16,0,4.53,5
311,17,1,3.44,5
311,18,0,4.33,5
311,19,0,4.45,5
311,20,2,2.89,5
311,21,1,2.68,5
311,22,1,3.86,5
311,23,1,3.12,5
311,24,0,4.66,5
311,25,2,2.38,5
311,26,6,2.47,5
311,27,0,3.92,5
311,28,0,2.56,5
311,29,0,3.99,5
311,30,0,3.54,5
311,31,0,4.22,5
311,32,1,3.01,5
311,33,1,2.33,5
311,34,1,3.21,5
311,35,0,3.63,5
311,36,1,4.22,5
311,37,3,2.52,5
311,38,1,3.76,5
311,39,1,3.5,5
311,40,0,4.81,5
311,41,0,4.73,5
311,42,2,2.46,5
311,43,3,2.92,5
311,44,0,4.09,5
311,45,1,4.29,5
311,46,1,3.53,5
311,47,1,2.68,5
311,48,2,2.5,5
311,49,0,2.95,5
311,50,4,2.13,5
311,51,0,4.01,5
311,52,0,4.24,5
312,1,0,4.23,1
312,2,5,2.29,1
312,3,0,4.89,1
312,4,5,2.43,1
312,5,1,3.45,1
312,6,2,3.69,1
312,7,0,4.8,1
312,8,2,4.46,1
312,9,1,3.6,1
312,10,4,3.15,1
312,11,1,3.64,1
312,12,0,4.39,1
312,13,1,3.88,1
312,14,6,2.31,1
312,15,4,2.58,1
312,16,0,4.53,1
312,17,2,3.44,1
312,18,0,4.33,1
312,19,1,4.45,1
312,20,0,2.89,1
312,21,4,2.68,1
312,22,2,3.86,1
312,23,1,3.12,1
312,24,2,4.66,1
312,25,4,2.38,1
312,26,3,2.47,1
312,27,3,3.92,1
312,28,4,2.56,1
312,29,3,3.99,1
312,30,1,3.54,1
312,31,1,4.22,1
312,32,1,3.01,1
312,33,5,2.33,1
312,34,1,3.21,1
312,35,3,3.63,1
312,36,0,4.22,1
312,37,2,2.52,1
312,38,3,3.76,1
312,39,3,3.5,1
312,40,3,4.81,1
312,41,2,4.73,1
312,42,4,2.46,1
312,43,3,2.92,1
312,44,2,4.09,1
312,45,3,4.29,1
312,46,5,3.53,1
312,47,3,2.68,1
312,48,4,2.5,1
312,49,2,2.95,1
312,50,3,2.13,1
312,51,4,4.01,1
312,52,4,4.24,1
313,1,1,4.23,1
313,2,1,2.29,1
313,3,0,4.89,1
313,4,5,2.43,1
313,5,2,3.45,1
313,6,1,3.69,1
313,7,0,4.8,1
313,8,0,4.46,1
313,9,2,3.6,1
313,10,1,3.15,1
313,11,1,3.64,1
313,12,1,4.39,1
313,13,3,3.88,1
313,14,3,2.31,1
313,15,2,2.58,1
313,16,1,4.53,1
313,17,4,3.44,1
313,18,1,4.33,1
313,19,0,4.45,1
313,20,2,2.89,1
313,21,5,2.68,1
313,22,4,3.86,1
313,23,1,3.12,1
313,24,3,4.66,1
313,25,4,2.38,1
313,26,2,2.47,1
313,27,2,3.92,1
313,28,4,2.56,1
313,29,2,3.99,1
313,30,4,3.54,1
313,31,1,4.22,1
313,32,1,3.01,1
313,33,6,2.33,1
313,34,1,3.21,1
313,35,2,3.63,1
313,36,1,4.22,1
313,37,4,2.52,1
313,38,2,3.76,1
313,39,3,3.5,1
313,40,0,4.81,1
313,41,1,4.73,1
313,42,6,2.46,1
313,43,2,2.92,1
313,44,2,4.09,1
313,45,2,4.29,1
313,46,2,3.53,1
313,47,3,2.68,1
313,48,3,2.5,1
313,49,2,2.95,1
313,50,3,2.13,1
313,51,3,4.01,1
313,52,1,4.24,1
314,1,9,4.23,4
314,2,19,2.29,4
314,3,5,4.89,4
314,4,17,2.43,4
314,5,14,3.45,4
314,6,8,3.69,4
314,7,7,4.8,4
314,8,9,4.46,4
314,9,14,3.6,4
314,10,7,3.15,4
314,11,17,3.64,4
314,12,10,4.39,4
314,13,5,3.88,4
314,14,14,2.31,4
314,15,11,2.58,4
314,16,9,4.53,4
314,17,13,3.44,4
314,18,7,4.33,4
314,19,5,4.45,4
314,20,14,2.89,4
314,21,13,2.68,4
314,22,13,3.86,4
314,23,12,3.12,4
314,24,10,4.66,4
314,25,12,2.38,4
314,26,20,2.47,4
314,27,8,3.92,4
314,28,17,2.56,4
314,29,7,3.99,4
314,30,11,3.54,4
314,31,11,4.22,4
314,32,18,3.01,4
314,33,12,2.33,4
314,34,17,3.21,4
314,35,8,3.63,4
314,36,11,4.22,4
314,37,13,2.52,4
314,38,13,3.76,4
314,39,14,3.5,4
314,40,4,4.81,4
314,41,11,4.73,4
314,42,20,2.46,4
314,43,15,2.92,4
314,44,11,4.09,4
314,45,7,4.29,4
314,46,14,3.53,4
314,47,10,2.68,4
314,48,16,2.5,4
314,49,11,2.95,4
314,50,9,2.13,4
314,51,14,4.01,4
314,52,8,4.24,4
315,1,1,4.23,3
315,2,17,2.29,3
315,3,0,4.89,3
315,4,11,2.43,3
315,5,6,3.45,3
315,6,3,3.69,3
315,7,1,4.8,3
315,8,5,4.46,3
315,9,1,3.6,3
315,10,5,3.15,3
315,11,3,3.64,3
315,12,3,4.39,3
315,13,3,3.88,3
315,14,11,2.31,3
315,15,9,2.58,3
315,16,1,4.53,3
315,17,4,3.44,3
315,18,2,4.33,3
315,19,3,4.45,3
315,20,9,2.89,3
315,21,10,2.68,3
315,22,1,3.86,3
315,23,2,3.12,3
315,24,3,4.66,3
315,25,12,2.38,3
315,26,14,2.47,3
315,27,2,3.92,3
315,28,10,2.56,3
315,29,4,3.99,3
315,30,5,3.54,3
315,31,3,4.22,3
315,32,10,3.01,3
315,33,12,2.33,3
315,34,7,3.21,3
315,35,5,3.63,3
315,36,1,4.22,3
315,37,6,2.52,3
315,38,7,3.76,3
315,39,8,3.5,3
315,40,1,4.81,3
315,41,0,4.73,3
315,42,9,2.46,3
315,43,8,2.92,3
315,44,2,4.09,3
315,45,1,4.29,3
315,46,4,3.53,3
315,47,8,2.68,3
315,48,6,2.5,3
315,49,4,2.95,3
315,50,11,2.13,3
315,51,0,4.01,3
315,52,0,4.24,3
316,1,5,4.23,4
316,2,16,2.29,4
316,3,6,4.89,4
316,4,17,2.43,4
316,5,15,3.45,4
316,6,15,3.69,4
316,7,7,4.8,4
316,8,5,4.46,4
316,9,12,3.6,4
316,10,15,3.15,4
316,11,10,3.64,4
316,12,5,4.39,4
316,13,11,3.88,4
316,14,15,2.31,4
316,15,20,2.58,4
316,16,4,4.53,4
316,17,14,3.44,4
316,18,5,4.33,4
316,19,12,4.45,4
316,20,13,2.89,4
316,21,15,2.68,4
316,22,11,3.86,4
316,23,20,3.12,4
316,24,8,4.66,4
316,25,16,2.38,4
316,26,13,2.47,4
316,27,7,3.92,4
316,28,18,2.56,4
316,29,6,3.99,4
316,30,12,3.54,4
316,31,7,4.22,4
316,32,19,3.01,4
316,33,16,2.33,4
316,34,14,3.21,4
316,35,11,3.63,4
316,36,9,4.22,4
316,37,11,2.52,4
316,38,11,3.76,4
316,39,19,3.5,4
316,40,6,4.81,4
316,41,4,4.73,4
316,42,9,2.46,4
316,43,15,2.92,4
316,44,6,4.09,4
316,45,7,4.29,4
316,46,8,3.53,4
316,47,10,2.68,4
316,48,10,2.5,4
316,49,19,2.95,4
316,50,21,2.13,4
316,51,9,4.01,4
316,52,4,4.24,4
317,1,10,4.23,3
317,2,10,2.29,3
317,3,4,4.89,3
317,4,7,2.43,3
317,5,10,3.45,3
317,6,3,3.69,3
317,7,8,4.8,3
317,8,3,4.46,3
317,9,6,3.6,3
317,10,3,3.15,3
317,11,7,3.64,3
317,12,4,4.39,3
317,13,2,3.88,3
317,14,8,2.31,3
317,15,7,2.58,3
317,16,5,4.53,3
317,17,4,3.44,3
317,18,2,4.33,3
317,19,2,4.45,3
317,20,11,2.89,3
317,21,6,2.68,3
317,22,4,3.86,3
317,23,4,3.12,3
317,24,3,4.66,3
317,25,11,2.38,3
317,26,11,2.47,3
317,27,3,3.92,3
317,28,13,2.56,3
317,29,1,3.99,3
317,30,8,3.54,3
317,31,4,4.22,3
317,32,5,3.01,3
317,33,3,2.33,3
317,34,10,3.21,3
317,35,5,3.63,3
317,36,3,4.22,3
317,37,13,2.52,3
317,38,3,3.76,3
317,39,4,3.5,3
317,40,1,4.81,3
317,41,4,4.73,3
317,42,4,2.46,3
317,43,14,2.92,3
317,44,6,4.09,3
317,45,6,4.29,3
317,46,3,3.53,3
317,47,11,2.68,3
317,48,15,2.5,3
317,49,9,2.95,3
317,50,19,2.13,3
317,51,8,4.01,3
317,52,4,4.24,3
318,1,0,4.23,1
318,2,5,2.29,1
318,3,2,4.89,1
318,4,1,2.43,1
318,5,2,3.45,1
318,6,1,3.69,1
318,7,1,4.8,1
318,8,1,4.46,1
318,9,2,3.6,1
318,10,2,3.15,1
318,11,2,3.64,1
318,12,0,4.39,1
318,13,1,3.88,1
318,14,3,2.31,1
318,15,1,2.58,1
318,16,1,4.53,1
318,17,5,3.44,1
318,18,4,4.33,1
318,19,0,4.45,1
318,20,4,2.89,1
318,21,4,2.68,1
318,22,4,3.86,1
318,23,3,3.12,1
318,24,3,4.66,1
318,25,9,2.38,1
318,26,2,2.47,1
318,27,4,3.92,1
318,28,2,2.56,1
318,29,0,3.99,1
318,30,0,3.54,1
318,31,0,4.22,1
318,32,3,3.01,1
318,33,8,2.33,1
318,34,3,3.21,1
318,35,3,3.63,1
318,36,2,4.22,1
318,37,4,2.52,1
318,38,0,3.76,1
318,39,1,3.5,1
318,40,0,4.81,1
318,41,1,4.73,1
318,42,2,2.46,1
318,43,3,2.92,1
318,44,1,4.09,1
318,45,1,4.29,1
318,46,3,3.53,1
318,47,2,2.68,1
318,48,3,2.5,1
318,49,3,2.95,1
318,50,4,2.13,1
318,51,2,4.01,1
318,52,3,4.24,1
319,1,0,4.23,2
319,2,0,2.29,2
319,3,0,4.89,2
319,4,0,2.43,2
319,5,0,3.45,2
319,6,0,3.69,2
319,7,0,4.8,2
319,8,0,4.46,2
319,9,0,3.6,2
319,10,0,3.15,2
319,11,0,3.64,2
319,12,0,4.39,2
319,13,0,3.88,2
319,14,0,2.31,2
319,15,1,2.58,2
319,16,0,4.53,2
319,17,0,3.44,2
319,18,0,4.33,2
319,19,0,4.45,2
319,20,0,2.89,2
319,21,2,2.68,2
319,22,0,3.86,2
319,23,0,3.12,2
319,24,0,4.66,2
319,25,2,2.38,2
319,26,0,2.47,2
319,27,0,3.92,2
319,28,0,2.56,2
319,29,0,3.99,2
319,30,0,3.54,2
319,31,0,4.22,2
319,32,0,3.01,2
319,33,1,2.33,2
319,34,0,3.21,2
319,35,0,3.63,2
319,36,0,4.22,2
319,37,0,2.52,2
319,38,0,3.76,2
319,39,1,3.5,2
319,40,0,4.81,2
319,41,0,4.73,2
319,42,2,2.46,2
319,43,0,2.92,2
319,44,1,4.09,2
319,45,0,4.29,2
319,46,1,3.53,2
319,47,0,2.68,2
319,48,0,2.5,2
319,49,0,2.95,2
319,50,0,2.13,2
319,51,0,4.01,2
319,52,0,4.24,2
320,1,0,4.23,3
320,2,2,2.29,3
320,3,0,4.89,3
320,4,1,2.43,3
320,5,0,3.45,3
320,6,0,3.69,3
320,7,0,4.8,3
320,8,1,4.46,3
320,9,0,3.6,3
320,10,2,3.15,3
320,11,0,3.64,3
320,12,0,4.39,3
320,13,0,3.88,3
320,14,1,2.31,3
320,15,1,2.58,3
320,16,0,4.53,3
320,17,0,3.44,3
320,18,0,4.33,3
320,19,0,4.45,3
320,20,0,2.89,3
320,21,0,2.68,3
320,22,0,3.86,3
320,23,0,3.12,3
320,24,0,4.66,3
320,25,0,2.38,3
320,26,2,2.47,3
320,27,0,3.92,3
320,28,0,2.56,3
320,29,0,3.99,3
320,30,0,3.54,3
320,31,0,4.22,3
320,32,1,3.01,3
320,33,2,2.33,3
320,34,2,3.21,3
320,35,0,3.63,3
320,36,0,4.22,3
320,37,3,2.52,3
320,38,1,3.76,3
320,39,1,3.5,3
320,40,0,4.81,3
320,41,0,4.73,3
320,42,0,2.46,3
320,43,0,2.92,3
320,44,0,4.09,3
320,45,0,4.29,3
320,46,0,3.53,3
320,47,0,2.68,3
320,48,1,2.5,3
320,49,0,2.95,3
320,50,4,2.13,3
320,51,0,4.01,3
320,52,0,4.24,3
321,1,4,4.23,3
321,2,10,2.29,3
321,3,0,4.89,3
321,4,7,2.43,3
321,5,10,3.45,3
321,6,8,3.69,3
321,7,2,4.8,3
321,8,2,4.46,3
321,9,4,3.6,3
321,10,8,3.15,3
321,11,7,3.64,3
321,12,2,4.39,3
321,13,5,3.88,3
321,14,16,2.31,3
321,15,14,2.58,3
321,16,3,4.53,3
321,17,7,3.44,3
321,18,4,4.33,3
321,19,4,4.45,3
321,20,6,2.89,3
321,21,6,2.68,3
321,22,8,3.86,3
321,23,9,3.12,3
321,24,7,4.66,3
321,25,12,2.38,3
321,26,12,2.47,3
321,27,6,3.92,3
321,28,4,2.56,3
321,29,7,3.99,3
321,30,4,3.54,3
321,31,6,4.22,3
321,32,5,3.01,3
321,33,14,2.33,3
321,34,8,3.21,3
321,35,2,3.63,3
321,36,6,4.22,3
321,37,10,2.52,3
321,38,9,3.76,3
321,39,6,3.5,3
321,40,7,4.81,3
321,41,4,4.73,3
321,42,13,2.46,3
321,43,7,2.92,3
321,44,6,4.09,3
321,45,4,4.29,3
321,46,9,3.53,3
321,47,6,2.68,3
321,48,8,2.5,3
321,49,5,2.95,3
321,50,14,2.13,3
321,51,3,4.01,3
321,52,5,4.24,3
322,1,0,4.23,1
322,2,3,2.29,1
322,3,2,4.89,1
322,4,1,2.43,1
322,5,2,3.45,1
322,6,0,3.69,1
322,7,1,4.8,1
322,8,2,4.46,1
322,9,0,3.6,1
322,10,2,3.15,1
322,11,2,3.64,1
322,12,0,4.39,1
322,13,0,3.88,1
322,14,4,2.31,1
322,15,1,2.58,1
322,16,0,4.53,1
322,17,0,3.44,1
322,18,0,4.33,1
322,19,0,4.45,1
322,20,0,2.89,1
322,21,1,2.68,1
322,22,1,3.86,1
322,23,3,3.12,1
322,24,0,4.66,1
322,25,3,2.38,1
322,26,3,2.47,1
322,27,1,3.92,1
322,28,3,2.56,1
322,29,1,3.99,1
322,30,1,3.54,1
322,31,0,4.22,1
322,32,1,3.01,1
322,33,1,2.33,1
322,34,2,3.21,1
322,35,0,3.63,1
322,36,0,4.22,1
322,37,4,2.52,1
322,38,0,3.76,1
322,39,1,3.5,1
322,40,0,4.81,1
322,41,0,4.73,1
322,42,4,2.46,1
322,43,3,2.92,1
322,44,0,4.09,1
322,45,0,4.29,1
322,46,0,3.53,1
322,47,1,2.68,1
322,48,4,2.5,1
322,49,3,2.95,1
322,50,2,2.13,1
322,51,0,4.01,1
322,52,1,4.24,1
323,1,1,4.23,1
323,2,2,2.29,1
323,3,1,4.89,1
323,4,2,2.43,1
323,5,0,3.45,1
323,6,2,3.69,1
323,7,2,4.8,1
323,8,0,4.46,1
323,9,1,3.6,1
323,10,4,3.15,1
323,11,4,3.64,1
323,12,3,4.39,1
323,13,2,3.88,1
323,14,1,2.31,1
323,15,5,2.58,1
323,16,1,4.53,1
323,17,1,3.44,1
323,18,2,4.33,1
323,19,1,4.45,1
323,20,2,2.89,1
323,21,3,2.68,1
323,22,1,3.86,1
323,23,2,3.12,1
323,24,1,4.66,1
323,25,4,2.38,1
323,26,4,2.47,1
323,27,2,3.92,1
323,28,1,2.56,1
323,29,2,3.99,1
323,30,1,3.54,1
323,31,3,4.22,1
323,32,3,3.01,1
323,33,1,2.33,1
323,34,2,3.21,1
323,35,3,3.63,1
323,36,0,4.22,1
323,37,4,2.52,1
323,38,1,3.76,1
323,39,1,3.5,1
323,40,1,4.81,1
323,41,3,4.73,1
323,42,1,2.46,1
323,43,4,2.92,1
323,44,1,4.09,1
323,45,1,4.29,1
323,46,0,3.53,1
323,47,3,2.68,1
323,48,5,2.5,1
323,49,2,2.95,1
323,50,6,2.13,1
323,51,2,4.01,1
323,52,1,4.24,1
324,1,1,4.23,1
324,2,2,2.29,1
324,3,0,4.89,1
324,4,2,2.43,1
324,5,1,3.45,1
324,6,1,3.69,1
324,7,0,4.8,1
324,8,0,4.46,1
324,9,1,3.6,1
324,10,3,3.15,1
324,11,0,3.64,1
324,12,2,4.39,1
324,13,0,3.88,1
324,14,2,2.31,1
324,15,4,2.58,1
324,16,0,4.53,1
324,17,1,3.44,1
324,18,0,4.33,1
324,19,1,4.45,1
324,20,3,2.89,1
324,21,2,2.68,1
324,22,0,3.86,1
324,23,2,3.12,1
324,24,0,4.66,1
324,25,3,2.38,1
324,26,1,2.47,1
324,27,0,3.92,1
324,28,2,2.56,1
324,29,0,3.99,1
324,30,1,3.54,1
324,31,0,4.22,1
324,32,4,3.01,1
324,33,5,2.33,1
324,34,0,3.21,1
324,35,0,3.63,1
324,36,0,4.22,1
324,37,3,2.52,1
324,38,0,3.76,1
324,39,0,3.5,1
324,40,1,4.81,1
324,41,0,4.73,1
324,42,5,2.46,1
324,43,1,2.92,1
324,44,0,4.09,1
324,45,0,4.29,1
324,46,3,3.53,1
324,47,3,2.68,1
324,48,2,2.5,1
324,49,2,2.95,1
324,50,5,2.13,1
324,51,1,4.01,1
324,52,0,4.24,1
325,1,0,4.23,1
325,2,2,2.29,1
325,3,0,4.89,1
325,4,0,2.43,1
325,5,0,3.45,1
325,6,0,3.69,1
325,7,0,4.8,1
325,8,0,4.46,1
325,9,0,3.6,1
325,10,0,3.15,1
325,11,1,3.64,1
325,12,0,4.39,1
325,13,0,3.88,1
325,14,1,2.31,1
325,15,0,2.58,1
325,16,0,4.53,1
325,17,0,3.44,1
325,18,1,4.33,1
325,19,0,4.45,1
325,20,0,2.89,1
325,21,0,2.68,1
325,22,0,3.86,1
325,23,0,3.12,1
325,24,0,4.66,1
325,25,1,2.38,1
325,26,1,2.47,1
325,27,0,3.92,1
325,28,2,2.56,1
325,29,0,3.99,1
325,30,2,3.54,1
325,31,0,4.22,1
325,32,1,3.01,1
325,33,1,2.33,1
325,34,0,3.21,1
325,35,0,3.63,1
325,36,0,4.22,1
325,37,0,2.52,1
325,38,1,3.76,1
325,39,0,3.5,1
325,40,0,4.81,1
325,41,0,4.73,1
325,42,0,2.46,1
325,43,1,2.92,1
325,44,0,4.09,1
325,45,0,4.29,1
325,46,0,3.53,1
325,47,1,2.68,1
325,48,0,2.5,1
325,49,0,2.95,1
325,50,2,2.13,1
325,51,0,4.01,1
325,52,0,4.24,1
326,1,0,4.23,2
326,2,6,2.29,2
326,3,1,4.89,2
326,4,1,2.43,2
326,5,2,3.45,2
326,6,2,3.69,2
326,7,0,4.8,2
326,8,2,4.46,2
326,9,2,3.6,2
326,10,2,3.15,2
326,11,1,3.64,2
326,12,0,4.39,2
326,13,2,3.88,2
326,14,6,2.31,2
326,15,10,2.58,2
326,16,0,4.53,2
326,17,3,3.44,2
326,18,2,4.33,2
326,19,4,4.45,2
326,20,2,2.89,2
326,21,7,2.68,2
326,22,1,3.86,2
326,23,3,3.12,2
326,24,1,4.66,2
326,25,7,2.38,2
326,26,5,2.47,2
326,27,2,3.92,2
326,28,1,2.56,2
326,29,1,3.99,2
326,30,0,3.54,2
326,31,0,4.22,2
326,32,3,3.01,2
326,33,5,2.33,2
326,34,1,3.21,2
326,35,0,3.63,2
326,36,1,4.22,2
326,37,5,2.52,2
326,38,3,3.76,2
326,39,3,3.5,2
326,40,2,4.81,2
326,41,1,4.73,2
326,42,8,2.46,2
326,43,3,2.92,2
326,44,3,4.09,2
326,45,2,4.29,2
326,46,5,3.53,2
326,47,4,2.68,2
326,48,8,2.5,2
326,49,6,2.95,2
326,50,4,2.13,2
326,51,1,4.01,2
326,52,0,4.24,2
327,1,1,4.23,2
327,2,4,2.29,2
327,3,1,4.89,2
327,4,6,2.43,2
327,5,3,3.45,2
327,6,4,3.69,2
327,7,1,4.8,2
327,8,2,4.46,2
327,9,1,3.6,2
327,10,2,3.15,2
327,11,1,3.64,2
327,12,0,4.39,2
327,13,0,3.88,2
327,14,8,2.31,2
327,15,6,2.58,2
327,16,0,4.53,2
327,17,4,3.44,2
327,18,1,4.33,2
327,19,1,4.45,2
327,20,6,2.89,2
327,21,5,2.68,2
327,22,1,3.86,2
327,23,1,3.12,2
327,24,2,4.66,2
327,25,6,2.38,2
327,26,3,2.47,2
327,27,2,3.92,2
327,28,5,2.56,2
327,29,1,3.99,2
327,30,3,3.54,2
327,31,1,4.22,2
327,32,4,3.01,2
327,33,5,2.33,2
327,34,2,3.21,2
327,35,4,3.63,2
327,36,4,4.22,2
327,37,4,2.52,2
327,38,1,3.76,2
327,39,1,3.5,2
327,40,0,4.81,2
327,41,0,4.73,2
327,42,2,2.46,2
327,43,2,2.92,2
327,44,0,4.09,2
327,45,1,4.29,2
327,46,4,3.53,2
327,47,5,2.68,2
327,48,4,2.5,2
327,49,4,2.95,2
327,50,10,2.13,2
327,51,3,4.01,2
327,52,3,4.24,2
328,1,1,4.23,1
328,2,5,2.29,1
328,3,2,4.89,1
328,4,3,2.43,1
328,5,2,3.45,1
328,6,1,3.69,1
328,7,1,4.8,1
328,8,2,4.46,1
328,9,2,3.6,1
328,10,1,3.15,1
328,11,1,3.64,1
328,12,0,4.39,1
328,13,1,3.88,1
328,14,3,2.31,1
328,15,2,2.58,1
328,16,1,4.53,1
328,17,3,3.44,1
328,18,2,4.33,1
328,19,1,4.45,1
328,20,2,2.89,1
328,21,5,2.68,1
328,22,0,3.86,1
328,23,1,3.12,1
328,24,1,4.66,1
328,25,3,2.38,1
328,26,4,2.47,1
328,27,0,3.92,1
328,28,2,2.56,1
328,29,1,3.99,1
328,30,2,3.54,1
328,31,0,4.22,1
328,32,1,3.01,1
328,33,4,2.33,1
328,34,2,3.21,1
328,35,2,3.63,1
328,36,1,4.22,1
328,37,3,2.52,1
328,38,1,3.76,1
328,39,1,3.5,1
328,40,0,4.81,1
328,41,0,4.73,1
328,42,1,2.46,1
328,43,1,2.92,1
328,44,2,4.09,1
328,45,0,4.29,1
328,46,0,3.53,1
328,47,6,2.68,1
328,48,1,2.5,1
328,49,2,2.95,1
328,50,3,2.13,1
328,51,1,4.01,1
328,52,1,4.24,1
329,1,0,4.23,2
329,2,1,2.29,2
329,3,0,4.89,2
329,4,1,2.43,2
329,5,0,3.45,2
329,6,0,3.69,2
329,7,0,4.8,2
329,8,0,4.46,2
329,9,0,3.6,2
329,10,1,3.15,2
329,11,0,3.64,2
329,12,0,4.39,2
329,13,0,3.88,2
329,14,1,2.31,2
329,15,2,2.58,2
329,16,0,4.53,2
329,17,1,3.44,2
329,18,0,4.33,2
329,19,0,4.45,2
329,20,0,2.89,2
329,21,1,2.68,2
329,22,0,3.86,2
329,23,0,3.12,2
329,24,0,4.66,2
329,25,3,2.38,2
329,26,1,2.47,2
329,27,0,3.92,2
329,28,1,2.56,2
329,29,0,3.99,2
329,30,0,3.54,2
329,31,0,4.22,2
329,32,0,3.01,2
329,33,0,2.33,2
329,34,1,3.21,2
329,35,0,3.63,2
329,36,0,4.22,2
329,37,2,2.52,2
329,38,0,3.76,2
329,39,0,3.5,2
329,40,0,4.81,2
329,41,0,4.73,2
329,42,3,2.46,2
329,43,0,2.92,2
329,44,0,4.09,2
329,45,0,4.29,2
329,46,0,3.53,2
329,47,2,2.68,2
329,48,1,2.5,2
329,49,0,2.95,2
329,50,3,2.13,2
329,51,0,4.01,2
329,52,0,4.24,2
330,1,0,4.23,4
330,2,3,2.29,4
330,3,0,4.89,4
330,4,0,2.43,4
330,5,0,3.45,4
330,6,0,3.69,4
330,7,0,4.8,4
330,8,0,4.46,4
330,9,1,3.6,4
330,10,0,3.15,4
330,11,0,3.64,4
330,12,0,4.39,4
330,13,2,3.88,4
330,14,2,2.31,4
330,15,2,2.58,4
330,16,1,4.53,4
330,17,1,3.44,4
330,18,0,4.33,4
330,19,0,4.45,4
330,20,3,2.89,4
330,21,1,2.68,4
330,22,0,3.86,4
330,23,0,3.12,4
330,24,0,4.66,4
330,25,2,2.38,4
330,26,1,2.47,4
330,27,0,3.92,4
330,28,1,2.56,4
330,29,0,3.99,4
330,30,0,3.54,4
330,31,0,4.22,4
330,32,2,3.01,4
330,33,3,2.33,4
330,34,1,3.21,4
330,35,0,3.63,4
330,36,0,4.22,4
330,37,2,2.52,4
330,38,0,3.76,4
330,39,0,3.5,4
330,40,0,4.81,4
330,41,0,4.73,4
330,42,9,2.46,4
330,43,0,2.92,4
330,44,0,4.09,4
330,45,0,4.29,4
330,46,0,3.53,4
330,47,1,2.68,4
330,48,3,2.5,4
330,49,2,2.95,4
330,50,7,2.13,4
330,51,1,4.01,4
330,52,1,4.24,4
331,1,0,4.23,1
331,2,3,2.29,1
331,3,0,4.89,1
331,4,0,2.43,1
331,5,1,3.45,1
331,6,0,3.69,1
331,7,0,4.8,1
331,8,0,4.46,1
331,9,0,3.6,1
331,10,0,3.15,1
331,11,0,3.64,1
331,12,0,4.39,1
331,13,0,3.88,1
331,14,0,2.31,1
331,15,1,2.58,1
331,16,0,4.53,1
331,17,0,3.44,1
331,18,0,4.33,1
331,19,0,4.45,1
331,20,0,2.89,1
331,21,0,2.68,1
331,22,0,3.86,1
331,23,0,3.12,1
331,24,0,4.66,1
331,25,0,2.38,1
331,26,0,2.47,1
331,27,0,3.92,1
331,28,0,2.56,1
331,29,0,3.99,1
331,30,0,3.54,1
331,31,0,4.22,1
331,32,1,3.01,1
331,33,1,2.33,1
331,34,0,3.21,1
331,35,0,3.63,1
331,36,0,4.22,1
331,37,2,2.52,1
331,38,0,3.76,1
331,39,0,3.5,1
331,40,0,4.81,1
331,41,0,4.73,1
331,42,0,2.46,1
331,43,0,2.92,1
331,44,0,4.09,1
331,45,0,4.29,1
331,46,0,3.53,1
331,47,3,2.68,1
331,48,0,2.5,1
331,49,0,2.95,1
331,50,2,2.13,1
331,51,0,4.01,1
331,52,0,4.24,1
332,1,4,4.23,3
332,2,12,2.29,3
332,3,4,4.89,3
332,4,12,2.43,3
332,5,7,3.45,3
332,6,12,3.69,3
332,7,4,4.8,3
332,8,3,4.46,3
332,9,6,3.6,3
332,10,8,3.15,3
332,11,7,3.64,3
332,12,8,4.39,3
332,13,6,3.88,3
332,14,15,2.31,3
332,15,10,2.58,3
332,16,5,4.53,3
332,17,8,3.44,3
332,18,6,4.33,3
332,19,2,4.45,3
332,20,10,2.89,3
332,21,7,2.68,3
332,22,7,3.86,3
332,23,7,3.12,3
332,24,5,4.66,3
332,25,11,2.38,3
332,26,13,2.47,3
332,27,8,3.92,3
332,28,9,2.56,3
332,29,8,3.99,3
332,30,10,3.54,3
332,31,6,4.22,3
332,32,7,3.01,3
332,33,17,2.33,3
332,34,7,3.21,3
332,35,8,3.63,3
332,36,1,4.22,3
332,37,15,2.52,3
332,38,7,3.76,3
332,39,8,3.5,3
332,40,2,4.81,3
332,41,2,4.73,3
332,42,11,2.46,3
332,43,14,2.92,3
332,44,6,4.09,3
332,45,6,4.29,3
332,46,6,3.53,3
332,47,11,2.68,3
332,48,10,2.5,3
332,49,12,2.95,3
332,50,17,2.13,3
332,51,7,4.01,3
332,52,6,4.24,3
333,1,4,4.23,3
333,2,15,2.29,3
333,3,4,4.89,3
333,4,7,2.43,3
333,5,7,3.45,3
333,6,2,3.69,3
333,7,4,4.8,3
333,8,4,4.46,3
333,9,7,3.6,3
333,10,9,3.15,3
333,11,6,3.64,3
333,12,1,4.39,3
333,13,6,3.88,3
333,14,13,2.31,3
333,15,9,2.58,3
333,16,8,4.53,3
333,17,4,3.44,3
333,18,7,4.33,3
333,19,6,4.45,3
333,20,8,2.89,3
333,21,10,2.68,3
333,22,7,3.86,3
333,23,9,3.12,3
333,24,2,4.66,3
333,25,5,2.38,3
333,26,8,2.47,3
333,27,5,3.92,3
333,28,16,2.56,3
333,29,3,3.99,3
333,30,5,3.54,3
333,31,1,4.22,3
333,32,6,3.01,3
333,33,9,2.33,3
333,34,8,3.21,3
333,35,7,3.63,3
333,36,12,4.22,3
333,37,14,2.52,3
333,38,2,3.76,3
333,39,10,3.5,3
333,40,4,4.81,3
333,41,4,4.73,3
333,42,7,2.46,3
333,43,10,2.92,3
333,44,5,4.09,3
333,45,3,4.29,3
333,46,5,3.53,3
333,47,14,2.68,3
333,48,13,2.5,3
333,49,13,2.95,3
333,50,17,2.13,3
333,51,5,4.01,3
333,52,3,4.24,3
334,1,0,4.23,5
334,2,4,2.29,5
334,3,0,4.89,5
334,4,3,2.43,5
334,5,0,3.45,5
334,6,1,3.69,5
334,7,0,4.8,5
334,8,0,4.46,5
334,9,1,3.6,5
334,10,1,3.15,5
334,11,0,3.64,5
334,12,0,4.39,5
334,13,0,3.88,5
334,14,5,2.31,5
334,15,1,2.58,5
334,16,0,4.53,5
334,17,0,3.44,5
334,18,0,4.33,5
334,19,2,4.45,5
334,20,1,2.89,5
334,21,3,2.68,5
334,22,1,3.86,5
334,23,1,3.12,5
334,24,0,4.66,5
334,25,3,2.38,5
334,26,4,2.47,5
334,27,0,3.92,5
334,28,2,2.56,5
334,29,0,3.99,5
334,30,1,3.54,5
334,31,1,4.22,5
334,32,1,3.01,5
334,33,3,2.33,5
334,34,1,3.21,5
334,35,0,3.63,5
334,36,0,4.22,5
334,37,4,2.52,5
334,38,1,3.76,5
334,39,0,3.5,5
334,40,2,4.81,5
334,41,0,4.73,5
334,42,2,2.46,5
334,43,1,2.92,5
334,44,0,4.09,5
334,45,0,4.29,5
334,46,1,3.53,5
334,47,4,2.68,5
334,48,2,2.5,5
334,49,0,2.95,5
334,50,6,2.13,5
334,51,0,4.01,5
334,52,0,4.24,5
335,1,0,4.23,2
335,2,1,2.29,2
335,3,0,4.89,2
335,4,0,2.43,2
335,5,0,3.45,2
335,6,0,3.69,2
335,7,0,4.8,2
335,8,0,4.46,2
335,9,0,3.6,2
335,10,1,3.15,2
335,11,0,3.64,2
335,12,0,4.39,2
335,13,0,3.88,2
335,14,0,2.31,2
335,15,0,2.58,2
335,16,0,4.53,2
335,17,0,3.44,2
335,18,0,4.33,2
335,19,0,4.45,2
335,20,0,2.89,2
335,21,0,2.68,2
335,22,0,3.86,2
335,23,1,3.12,2
335,24,0,4.66,2
335,25,3,2.38,2
335,26,1,2.47,2
335,27,0,3.92,2
335,28,2,2.56,2
335,29,0,3.99,2
335,30,0,3.54,2
335,31,0,4.22,2
335,32,1,3.01,2
335,33,2,2.33,2
335,34,1,3.21,2
335,35,0,3.63,2
335,36,0,4.22,2
335,37,1,2.52,2
335,38,0,3.76,2
335,39,0,3.5,2
335,40,0,4.81,2
335,41,0,4.73,2
335,42,1,2.46,2
335,43,1,2.92,2
335,44,0,4.09,2
335,45,0,4.29,2
335,46,0,3.53,2
335,47,0,2.68,2
335,48,0,2.5,2
335,49,0,2.95,2
335,50,2,2.13,2
335,51,0,4.01,2
335,52,0,4.24,2
336,1,5,4.23,4
336,2,12,2.29,4
336,3,4,4.89,4
336,4,26,2.43,4
336,5,15,3.45,4
336,6,6,3.69,4
336,7,9,4.8,4
336,8,11,4.46,4
336,9,5,3.6,4
336,10,19,3.15,4
336,11,14,3.64,4
336,12,10,4.39,4
336,13,11,3.88,4
336,14,8,2.31,4
336,15,21,2.58,4
336,16,8,4.53,4
336,17,14,3.44,4
336,18,4,4.33,4
336,19,12,4.45,4
336,20,19,2.89,4
336,21,19,2.68,4
336,22,11,3.86,4
336,23,9,3.12,4
336,24,7,4.66,4
336,25,17,2.38,4
336,26,13,2.47,4
336,27,15,3.92,4
336,28,15,2.56,4
336,29,6,3.99,4
336,30,13,3.54,4
336,31,13,4.22,4
336,32,19,3.01,4
336,33,14,2.33,4
336,34,12,3.21,4
336,35,10,3.63,4
336,36,7,4.22,4
336,37,16,2.52,4
336,38,13,3.76,4
336,39,13,3.5,4
336,40,4,4.81,4
336,41,6,4.73,4
336,42,13,2.46,4
336,43,10,2.92,4
336,44,12,4.09,4
336,45,8,4.29,4
336,46,10,3.53,4
336,47,15,2.68,4
336,48,20,2.5,4
336,49,19,2.95,4
336,50,14,2.13,4
336,51,6,4.01,4
336,52,11,4.24,4
337,1,0,4.23,4
337,2,2,2.29,4
337,3,0,4.89,4
337,4,0,2.43,4
337,5,0,3.45,4
337,6,0,3.69,4
337,7,0,4.8,4
337,8,0,4.46,4
337,9,1,3.6,4
337,10,0,3.15,4
337,11,1,3.64,4
337,12,0,4.39,4
337,13,0,3.88,4
337,14,3,2.31,4
337,15,2,2.58,4
337,16,0,4.53,4
337,17,0,3.44,4
337,18,0,4.33,4
337,19,0,4.45,4
337,20,2,2.89,4
337,21,1,2.68,4
337,22,0,3.86,4
337,23,1,3.12,4
337,24,0,4.66,4
337,25,2,2.38,4
337,26,0,2.47,4
337,27,1,3.92,4
337,28,3,2.56,4
337,29,0,3.99,4
337,30,0,3.54,4
337,31,0,4.22,4
337,32,0,3.01,4
337,33,2,2.33,4
337,34,0,3.21,4
337,35,1,3.63,4
337,36,0,4.22,4
337,37,0,2.52,4
337,38,0,3.76,4
337,39,1,3.5,4
337,40,0,4.81,4
337,41,0,4.73,4
337,42,1,2.46,4
337,43,1,2.92,4
337,44,0,4.09,4
337,45,0,4.29,4
337,46,0,3.53,4
337,47,0,2.68,4
337,48,2,2.5,4
337,49,0,2.95,4
337,50,3,2.13,4
337,51,0,4.01,4
337,52,0,4.24,4
338,1,3,4.23,2
338,2,7,2.29,2
338,3,3,4.89,2
338,4,9,2.43,2
338,5,3,3.45,2
338,6,2,3.69,2
338,7,1,4.8,2
338,8,2,4.46,2
338,9,1,3.6,2
338,10,6,3.15,2
338,11,1,3.64,2
338,12,2,4.39,2
338,13,4,3.88,2
338,14,5,2.31,2
338,15,6,2.58,2
338,16,3,4.53,2
338,17,3,3.44,2
338,18,2,4.33,2
338,19,1,4.45,2
338,20,10,2.89,2
338,21,6,2.68,2
338,22,4,3.86,2
338,23,5,3.12,2
338,24,1,4.66,2
338,25,8,2.38,2
338,26,3,2.47,2
338,27,1,3.92,2
338,28,9,2.56,2
338,29,1,3.99,2
338,30,1,3.54,2
338,31,2,4.22,2
338,32,4,3.01,2
338,33,2,2.33,2
338,34,4,3.21,2
338,35,3,3.63,2
338,36,0,4.22,2
338,37,7,2.52,2
338,38,1,3.76,2
338,39,5,3.5,2
338,40,1,4.81,2
338,41,2,4.73,2
338,42,4,2.46,2
338,43,3,2.92,2
338,44,3,4.09,2
338,45,0,4.29,2
338,46,2,3.53,2
338,47,5,2.68,2
338,48,7,2.5,2
338,49,3,2.95,2
338,50,11,2.13,2
338,51,1,4.01,2
338,52,1,4.24,2
339,1,2,4.23,1
339,2,3,2.29,1
339,3,0,4.89,1
339,4,3,2.43,1
339,5,0,3.45,1
339,6,2,3.69,1
339,7,1,4.8,1
339,8,0,4.46,1
339,9,0,3.6,1
339,10,0,3.15,1
339,11,0,3.64,1
339,12,2,4.39,1
339,13,2,3.88,1
339,14,2,2.31,1
339,15,1,2.58,1
339,16,1,4.53,1
339,17,0,3.44,1
339,18,1,4.33,1
339,19,0,4.45,1
339,20,0,2.89,1
339,21,9,2.68,1
339,22,2,3.86,1
339,23,1,3.12,1
339,24,1,4.66,1
339,25,2,2.38,1
339,26,4,2.47,1
339,27,1,3.92,1
339,28,0,2.56,1
339,29,1,3.99,1
339,30,1,3.54,1
339,31,1,4.22,1
339,32,0,3.01,1
339,33,1,2.33,1
339,34,1,3.21,1
339,35,2,3.63,1
339,36,0,4.22,1
339,37,2,2.52,1
339,38,1,3.76,1
339,39,2,3.5,1
339,40,0,4.81,1
339,41,2,4.73,1
339,42,2,2.46,1
339,43,1,2.92,1
339,44,0,4.09,1
339,45,0,4.29,1
339,46,1,3.53,1
339,47,3,2.68,1
339,48,4,2.5,1
339,49,3,2.95,1
339,50,2,2.13,1
339,51,0,4.01,1
339,52,1,4.24,1
340,1,0,4.23,2
340,2,0,2.29,2
340,3,0,4.89,2
340,4,1,2.43,2
340,5,1,3.45,2
340,6,1,3.69,2
340,7,0,4.8,2
340,8,0,4.46,2
340,9,0,3.6,2
340,10,0,3.15,2
340,11,0,3.64,2
340,12,0,4.39,2
340,13,0,3.88,2
340,14,0,2.31,2
340,15,0,2.58,2
340,16,0,4.53,2
340,17,0,3.44,2
340,18,0,4.33,2
340,19,0,4.45,2
340,20,0,2.89,2
340,21,1,2.68,2
340,22,0,3.86,2
340,23,1,3.12,2
340,24,0,4.66,2
340,25,1,2.38,2
340,26,0,2.47,2
340,27,0,3.92,2
340,28,0,2.56,2
340,29,1,3.99,2
340,30,0,3.54,2
340,31,1,4.22,2
340,32,0,3.01,2
340,33,0,2.33,2
340,34,1,3.21,2
340,35,0,3.63,2
340,36,0,4.22,2
340,37,1,2.52,2
340,38,0,3.76,2
340,39,0,3.5,2
340,40,0,4.81,2
340,41,0,4.73,2
340,42,1,2.46,2
340,43,1,2.92,2
340,44,0,4.09,2
340,45,0,4.29,2
340,46,0,3.53,2
340,47,0,2.68,2
340,48,0,2.5,2
340,49,1,2.95,2
340,50,0,2.13,2
340,51,0,4.01,2
340,52,0,4.24,2
341,1,1,4.23,5
341,2,6,2.29,5
341,3,0,4.89,5
341,4,2,2.43,5
341,5,1,3.45,5
341,6,1,3.69,5
341,7,0,4.8,5
341,8,0,4.46,5
341,9,1,3.6,5
341,10,0,3.15,5
341,11,0,3.64,5
341,12,0,4.39,5
341,13,0,3.88,5
341,14,2,2.31,5
341,15,1,2.58,5
341,16,0,4.53,5
341,17,1,3.44,5
341,18,0,4.33,5
341,19,0,4.45,5
341,20,1,2.89,5
341,21,3,2.68,5
341,22,0,3.86,5
341,23,2,3.12,5
341,24,0,4.66,5
341,25,2,2.38,5
341,26,2,2.47,5
341,27,1,3.92,5
341,28,3,2.56,5
341,29,0,3.99,5
341,30,0,3.54,5
341,31,0,4.22,5
341,32,0,3.01,5
341,33,3,2.33,5
341,34,2,3.21,5
341,35,0,3.63,5
341,36,0,4.22,5
341,37,2,2.52,5
341,38,1,3.76,5
341,39,1,3.5,5
341,40,0,4.81,5
341,41,1,4.73,5
341,42,5,2.46,5
341,43,1,2.92,5
341,44,1,4.09,5
341,45,0,4.29,5
341,46,0,3.53,5
341,47,4,2.68,5
341,48,6,2.5,5
341,49,1,2.95,5
341,50,4,2.13,5
341,51,1,4.01,5
341,52,1,4.24,5
342,1,1,4.23,2
342,2,5,2.29,2
342,3,1,4.89,2
342,4,5,2.43,2
342,5,2,3.45,2
342,6,1,3.69,2
342,7,2,4.8,2
342,8,1,4.46,2
342,9,4,3.6,2
342,10,6,3.15,2
342,11,2,3.64,2
342,12,3,4.39,2
342,13,3,3.88,2
342,14,6,2.31,2
342,15,5,2.58,2
342,16,2,4.53,2
342,17,3,3.44,2
342,18,1,4.33,2
342,19,0,4.45,2
342,20,2,2.89,2
342,21,8,2.68,2
342,22,5,3.86,2
342,23,0,3.12,2
342,24,2,4.66,2
342,25,6,2.38,2
342,26,8,2.47,2
342,27,4,3.92,2
342,28,9,2.56,2
342,29,2,3.99,2
342,30,5,3.54,2
342,31,1,4.22,2
342,32,5,3.01,2
342,33,6,2.33,2
342,34,4,3.21,2
342,35,0,3.63,2
342,36,9,4.22,2
342,37,11,2.52,2
342,38,5,3.76,2
342,39,3,3.5,2
342,40,1,4.81,2
342,41,2,4.73,2
342,42,9,2.46,2
342,43,7,2.92,2
342,44,3,4.09,2
342,45,5,4.29,2
342,46,3,3.53,2
342,47,8,2.68,2
342,48,4,2.5,2
342,49,4,2.95,2
342,50,4,2.13,2
342,51,3,4.01,2
342,52,3,4.24,2
343,1,17,4.23,5
343,2,14,2.29,5
343,3,8,4.89,5
343,4,15,2.43,5
343,5,12,3.45,5
343,6,25,3.69,5
343,7,9,4.8,5
343,8,9,4.46,5
343,9,20,3.6,5
343,10,16,3.15,5
343,11,14,3.64,5
343,12,7,4.39,5
343,13,19,3.88,5
343,14,12,2.31,5
343,15,19,2.58,5
343,16,9,4.53,5
343,17,16,3.44,5
343,18,5,4.33,5
343,19,5,4.45,5
343,20,14,2.89,5
343,21,17,2.68,5
343,22,12,3.86,5
343,23,16,3.12,5
343,24,6,4.66,5
343,25,19,2.38,5
343,26,11,2.47,5
343,27,13,3.92,5
343,28,21,2.56,5
343,29,18,3.99,5
343,30,18,3.54,5
343,31,13,4.22,5
343,32,22,3.01,5
343,33,16,2.33,5
343,34,20,3.21,5
343,35,15,3.63,5
343,36,12,4.22,5
343,37,16,2.52,5
343,38,12,3.76,5
343,39,13,3.5,5
343,40,4,4.81,5
343,41,7,4.73,5
343,42,18,2.46,5
343,43,15,2.92,5
343,44,6,4.09,5
343,45,10,4.29,5
343,46,15,3.53,5
343,47,16,2.68,5
343,48,10,2.5,5
343,49,18,2.95,5
343,50,12,2.13,5
343,51,7,4.01,5
343,52,11,4.24,5
344,1,2,4.23,1
344,2,5,2.29,1
344,3,2,4.89,1
344,4,4,2.43,1
344,5,1,3.45,1
344,6,1,3.69,1
344,7,2,4.8,1
344,8,1,4.46,1
344,9,0,3.6,1
344,10,3,3.15,1
344,11,0,3.64,1
344,12,1,4.39,1
344,13,3,3.88,1
344,14,2,2.31,1
344,15,4,2.58,1
344,16,2,4.53,1
344,17,5,3.44,1
344,18,1,4.33,1
344,19,0,4.45,1
344,20,4,2.89,1
344,21,6,2.68,1
344,22,1,3.86,1
344,23,3,3.12,1
344,24,2,4.66,1
344,25,3,2.38,1
344,26,4,2.47,1
344,27,4,3.92,1
344,28,4,2.56,1
344,29,2,3.99,1
344,30,1,3.54,1
344,31,1,4.22,1
344,32,2,3.01,1
344,33,3,2.33,1
344,34,4,3.21,1
344,35,1,3.63,1
344,36,1,4.22,1
344,37,1,2.52,1
344,38,1,3.76,1
344,39,3,3.5,1
344,40,0,4.81,1
344,41,0,4.73,1
344,42,1,2.46,1
344,43,1,2.92,1
344,44,1,4.09,1
344,45,0,4.29,1
344,46,4,3.53,1
344,47,1,2.68,1
344,48,3,2.5,1
344,49,3,2.95,1
344,50,5,2.13,1
344,51,1,4.01,1
344,52,0,4.24,1
345,1,2,4.23,3
345,2,13,2.29,3
345,3,1,4.89,3
345,4,12,2.43,3
345,5,4,3.45,3
345,6,4,3.69,3
345,7,0,4.8,3
345,8,2,4.46,3
345,9,5,3.6,3
345,10,7,3.15,3
345,11,6,3.64,3
345,12,1,4.39,3
345,13,7,3.88,3
345,14,11,2.31,3
345,15,10,2.58,3
345,16,2,4.53,3
345,17,3,3.44,3
345,18,2,4.33,3
345,19,0,4.45,3
345,20,9,2.89,3
345,21,7,2.68,3
345,22,3,3.86,3
345,23,6,3.12,3
345,24,1,4.66,3
345,25,13,2.38,3
345,26,8,2.47,3
345,27,4,3.92,3
345,28,9,2.56,3
345,29,5,3.99,3
345,30,3,3.54,3
345,31,2,4.22,3
345,32,5,3.01,3
345,33,17,2.33,3
345,34,5,3.21,3
345,35,6,3.63,3
345,36,3,4.22,3
345,37,12,2.52,3
345,38,4,3.76,3
345,39,3,3.5,3
345,40,1,4.81,3
345,41,4,4.73,3
345,42,12,2.46,3
345,43,9,2.92,3
345,44,2,4.09,3
345,45,1,4.29,3
345,46,3,3.53,3
345,47,13,2.68,3
345,48,10,2.5,3
345,49,6,2.95,3
345,50,12,2.13,3
345,51,4,4.01,3
345,52,3,4.24,3
346,1,0,4.23,4
346,2,2,2.29,4
346,3,0,4.89,4
346,4,1,2.43,4
346,5,0,3.45,4
346,6,1,3.69,4
346,7,0,4.8,4
346,8,0,4.46,4
346,9,0,3.6,4
346,10,0,3.15,4
346,11,0,3.64,4
346,12,0,4.39,4
346,13,0,3.88,4
346,14,3,2.31,4
346,15,0,2.58,4
346,16,0,4.53,4
346,17,0,3.44,4
346,18,0,4.33,4
346,19,0,4.45,4
346,20,2,2.89,4
346,21,1,2.68,4
346,22,0,3.86,4
346,23,0,3.12,4
346,24,1,4.66,4
346,25,3,2.38,4
346,26,3,2.47,4
346,27,1,3.92,4
346,28,2,2.56,4
346,29,0,3.99,4
346,30,1,3.54,4
346,31,0,4.22,4
346,32,1,3.01,4
346,33,0,2.33,4
346,34,0,3.21,4
346,35,1,3.63,4
346,36,0,4.22,4
346,37,2,2.52,4
346,38,0,3.76,4
346,39,2,3.5,4
346,40,0,4.81,4
346,41,0,4.73,4
346,42,1,2.46,4
346,43,1,2.92,4
346,44,0,4.09,4
346,45,0,4.29,4
346,46,0,3.53,4
346,47,3,2.68,4
346,48,1,2.5,4
346,49,0,2.95,4
346,50,3,2.13,4
346,51,0,4.01,4
346,52,0,4.24,4
347,1,0,4.23,1
347,2,1,2.29,1
347,3,0,4.89,1
347,4,4,2.43,1
347,5,2,3.45,1
347,6,4,3.69,1
347,7,0,4.8,1
347,8,1,4.46,1
347,9,4,3.6,1
347,10,1,3.15,1
347,11,2,3.64,1
347,12,0,4.39,1
347,13,0,3.88,1
347,14,3,2.31,1
347,15,6,2.58,1
347,16,1,4.53,1
347,17,1,3.44,1
347,18,1,4.33,1
347,19,0,4.45,1
347,20,4,2.89,1
347,21,3,2.68,1
347,22,0,3.86,1
347,23,3,3.12,1
347,24,0,4.66,1
347,25,3,2.38,1
347,26,3,2.47,1
347,27,0,3.92,1
347,28,3,2.56,1
347,29,1,3.99,1
347,30,3,3.54,1
347,31,0,4.22,1
347,32,0,3.01,1
347,33,5,2.33,1
347,34,2,3.21,1
347,35,0,3.63,1
347,36,0,4.22,1
347,37,2,2.52,1
347,38,1,3.76,1
347,39,1,3.5,1
347,40,0,4.81,1
347,41,0,4.73,1
347,42,2,2.46,1
347,43,3,2.92,1
347,44,0,4.09,1
347,45,0,4.29,1
347,46,4,3.53,1
347,47,4,2.68,1
347,48,3,2.5,1
347,49,0,2.95,1
347,50,2,2.13,1
347,51,1,4.01,1
347,52,0,4.24,1
348,1,0,4.23,1
348,2,5,2.29,1
348,3,0,4.89,1
348,4,0,2.43,1
348,5,3,3.45,1
348,6,0,3.69,1
348,7,1,4.8,1
348,8,0,4.46,1
348,9,1,3.6,1
348,10,1,3.15,1
348,11,0,3.64,1
348,12,3,4.39,1
348,13,2,3.88,1
348,14,2,2.31,1
348,15,3,2.58,1
348,16,3,4.53,1
348,17,2,3.44,1
348,18,0,4.33,1
348,19,1,4.45,1
348,20,0,2.89,1
348,21,3,2.68,1
348,22,2,3.86,1
348,23,4,3.12,1
348,24,0,4.66,1
348,25,4,2.38,1
348,26,2,2.47,1
348,27,2,3.92,1
348,28,4,2.56,1
348,29,3,3.99,1
348,30,2,3.54,1
348,31,2,4.22,1
348,32,2,3.01,1
348,33,3,2.33,1
348,34,5,3.21,1
348,35,0,3.63,1
348,36,3,4.22,1
348,37,2,2.52,1
348,38,0,3.76,1
348,39,1,3.5,1
348,40,0,4.81,1
348,41,0,4.73,1
348,42,3,2.46,1
348,43,1,2.92,1
348,44,1,4.09,1
348,45,4,4.29,1
348,46,2,3.53,1
348,47,2,2.68,1
348,48,7,2.5,1
348,49,2,2.95,1
348,50,4,2.13,1
348,51,1,4.01,1
348,52,1,4.24,1
349,1,3,4.23,4
349,2,17,2.29,4
349,3,1,4.89,4
349,4,20,2.43,4
349,5,13,3.45,4
349,6,9,3.69,4
349,7,3,4.8,4
349,8,6,4.46,4
349,9,7,3.6,4
349,10,4,3.15,4
349,11,8,3.64,4
349,12,4,4.39,4
349,13,9,3.88,4
349,14,18,2.31,4
349,15,22,2.58,4
349,16,5,4.53,4
349,17,7,3.44,4
349,18,4,4.33,4
349,19,6,4.45,4
349,20,9,2.89,4
349,21,15,2.68,4
349,22,7,3.86,4
349,23,13,3.12,4
349,24,6,4.66,4
349,25,12,2.38,4
349,26,12,2.47,4
349,27,4,3.92,4
349,28,20,2.56,4
349,29,6,3.99,4
349,30,11,3.54,4
349,31,3,4.22,4
349,32,17,3.01,4
349,33,18,2.33,4
349,34,18,3.21,4
349,35,10,3.63,4
349,36,5,4.22,4
349,37,12,2.52,4
349,38,9,3.76,4
349,39,14,3.5,4
349,40,2,4.81,4
349,41,2,4.73,4
349,42,8,2.46,4
349,43,22,2.92,4
349,44,1,4.09,4
349,45,8,4.29,4
349,46,10,3.53,4
349,47,15,2.68,4
349,48,12,2.5,4
349,49,15,2.95,4
349,50,15,2.13,4
349,51,7,4.01,4
349,52,2,4.24,4
350,1,13,4.23,5
350,2,18,2.29,5
350,3,16,4.89,5
350,4,10,2.43,5
350,5,12,3.45,5
350,6,18,3.69,5
350,7,12,4.8,5
350,8,21,4.46,5
350,9,22,3.6,5
350,10,13,3.15,5
350,11,15,3.64,5
350,12,13,4.39,5
350,13,21,3.88,5
350,14,18,2.31,5
350,15,20,2.58,5
350,16,10,4.53,5
350,17,19,3.44,5
350,18,18,4.33,5
350,19,11,4.45,5
350,20,20,2.89,5
350,21,14,2.68,5
350,22,14,3.86,5
350,23,7,3.12,5
350,24,12,4.66,5
350,25,21,2.38,5
350,26,16,2.47,5
350,27,16,3.92,5
350,28,13,2.56,5
350,29,21,3.99,5
350,30,16,3.54,5
350,31,12,4.22,5
350,32,22,3.01,5
350,33,14,2.33,5
350,34,21,3.21,5
350,35,17,3.63,5
350,36,9,4.22,5
350,37,15,2.52,5
350,38,19,3.76,5
350,39,13,3.5,5
350,40,9,4.81,5
350,41,13,4.73,5
350,42,15,2.46,5
350,43,13,2.92,5
350,44,20,4.09,5
350,45,18,4.29,5
350,46,16,3.53,5
350,47,10,2.68,5
350,48,17,2.5,5
350,49,22,2.95,5
350,50,18,2.13,5
350,51,15,4.01,5
350,52,10,4.24,5
351,1,1,4.23,2
351,2,6,2.29,2
351,3,1,4.89,2
351,4,12,2.43,2
351,5,6,3.45,2
351,6,3,3.69,2
351,7,0,4.8,2
351,8,0,4.46,2
351,9,6,3.6,2
351,10,4,3.15,2
351,11,5,3.64,2
351,12,3,4.39,2
351,13,1,3.88,2
351,14,4,2.31,2
351,15,7,2.58,2
351,16,0,4.53,2
351,17,2,3.44,2
351,18,5,4.33,2
351,19,0,4.45,2
351,20,5,2.89,2
351,21,7,2.68,2
351,22,3,3.86,2
351,23,4,3.12,2
351,24,2,4.66,2
351,25,6,2.38,2
351,26,6,2.47,2
351,27,3,3.92,2
351,28,5,2.56,2
351,29,2,3.99,2
351,30,4,3.54,2
351,31,0,4.22,2
351,32,6,3.01,2
351,33,7,2.33,2
351,34,4,3.21,2
351,35,2,3.63,2
351,36,1,4.22,2
351,37,10,2.52,2
351,38,1,3.76,2
351,39,7,3.5,2
351,40,5,4.81,2
351,41,3,4.73,2
351,42,4,2.46,2
351,43,4,2.92,2
351,44,3,4.09,2
351,45,1,4.29,2
351,46,4,3.53,2
351,47,5,2.68,2
351,48,3,2.5,2
351,49,3,2.95,2
351,50,9,2.13,2
351,51,2,4.01,2
351,52,1,4.24,2
352,1,0,4.23,1
352,2,0,2.29,1
352,3,0,4.89,1
352,4,1,2.43,1
352,5,0,3.45,1
352,6,0,3.69,1
352,7,0,4.8,1
352,8,0,4.46,1
352,9,0,3.6,1
352,10,0,3.15,1
352,11,0,3.64,1
352,12,1,4.39,1
352,13,0,3.88,1
352,14,2,2.31,1
352,15,0,2.58,1
352,16,0,4.53,1
352,17,0,3.44,1
352,18,0,4.33,1
352,19,0,4.45,1
352,20,1,2.89,1
352,21,0,2.68,1
352,22,1,3.86,1
352,23,1,3.12,1
352,24,0,4.66,1
352,25,0,2.38,1
352,26,2,2.47,1
352,27,0,3.92,1
352,28,1,2.56,1
352,29,1,3.99,1
352,30,0,3.54,1
352,31,0,4.22,1
352,32,0,3.01,1
352,33,0,2.33,1
352,34,0,3.21,1
352,35,0,3.63,1
352,36,0,4.22,1
352,37,0,2.52,1
352,38,1,3.76,1
352,39,0,3.5,1
352,40,0,4.81,1
352,41,0,4.73,1
352,42,1,2.46,1
352,43,0,2.92,1
352,44,1,4.09,1
352,45,0,4.29,1
352,46,0,3.53,1
352,47,0,2.68,1
352,48,0,2.5,1
352,49,1,2.95,1
352,50,1,2.13,1
352,51,1,4.01,1
352,52,0,4.24,1
353,1,1,4.23,1
353,2,4,2.29,1
353,3,1,4.89,1
353,4,2,2.43,1
353,5,1,3.45,1
353,6,1,3.69,1
353,7,0,4.8,1
353,8,0,4.46,1
353,9,3,3.6,1
353,10,1,3.15,1
353,11,1,3.64,1
353,12,0,4.39,1
353,13,0,3.88,1
353,14,7,2.31,1
353,15,5,2.58,1
353,16,0,4.53,1
353,17,2,3.44,1
353,18,0,4.33,1
353,19,1,4.45,1
353,20,1,2.89,1
353,21,5,2.68,1
353,22,0,3.86,1
353,23,0,3.12,1
353,24,0,4.66,1
353,25,3,2.38,1
353,26,4,2.47,1
353,27,2,3.92,1
353,28,5,2.56,1
353,29,0,3.99,1
353,30,1,3.54,1
353,31,0,4.22,1
353,32,0,3.01,1
353,33,5,2.33,1
353,34,1,3.21,1
353,35,1,3.63,1
353,36,1,4.22,1
353,37,4,2.52,1
353,38,1,3.76,1
353,39,4,3.5,1
353,40,0,4.81,1
353,41,0,4.73,1
353,42,1,2.46,1
353,43,0,2.92,1
353,44,2,4.09,1
353,45,0,4.29,1
353,46,1,3.53,1
353,47,4,2.68,1
353,48,3,2.5,1
353,49,3,2.95,1
353,50,3,2.13,1
353,51,0,4.01,1
353,52,0,4.24,1
354,1,1,4.23,2
354,2,1,2.29,2
354,3,0,4.89,2
354,4,0,2.43,2
354,5,0,3.45,2
354,6,0,3.69,2
354,7,0,4.8,2
354,8,1,4.46,2
354,9,1,3.6,2
354,10,0,3.15,2
354,11,0,3.64,2
354,12,0,4.39,2
354,13,1,3.88,2
354,14,2,2.31,2
354,15,3,2.58,2
354,16,0,4.53,2
354,17,1,3.44,2
354,18,0,4.33,2
354,19,0,4.45,2
354,20,0,2.89,2
354,21,1,2.68,2
354,22,0,3.86,2
354,23,1,3.12,2
354,24,0,4.66,2
354,25,0,2.38,2
354,26,0,2.47,2
354,27,0,3.92,2
354,28,1,2.56,2
354,29,0,3.99,2
354,30,0,3.54,2
354,31,0,4.22,2
354,32,0,3.01,2
354,33,3,2.33,2
354,34,1,3.21,2
354,35,0,3.63,2
354,36,0,4.22,2
354,37,3,2.52,2
354,38,0,3.76,2
354,39,1,3.5,2
354,40,0,4.81,2
354,41,0,4.73,2
354,42,2,2.46,2
354,43,0,2.92,2
354,44,0,4.09,2
354,45,0,4.29,2
354,46,0,3.53,2
354,47,0,2.68,2
354,48,0,2.5,2
354,49,1,2.95,2
354,50,2,2.13,2
354,51,0,4.01,2
354,52,0,4.24,2
355,1,6,4.23,4
355,2,21,2.29,4
355,3,1,4.89,4
355,4,11,2.43,4
355,5,9,3.45,4
355,6,4,3.69,4
355,7,3,4.8,4
355,8,2,4.46,4
355,9,13,3.6,4
355,10,10,3.15,4
355,11,13,3.64,4
355,12,3,4.39,4
355,13,6,3.88,4
355,14,17,2.31,4
355,15,13,2.58,4
355,16,3,4.53,4
355,17,15,3.44,4
355,18,4,4.33,4
355,19,2,4.45,4
355,20,8,2.89,4
355,21,19,2.68,4
355,22,6,3.86,4
355,23,13,3.12,4
355,24,1,4.66,4
355,25,13,2.38,4
355,26,22,2.47,4
355,27,2,3.92,4
355,28,15,2.56,4
355,29,8,3.99,4
355,30,13,3.54,4
355,31,4,4.22,4
355,32,17,3.01,4
355,33,12,2.33,4
355,34,13,3.21,4
355,35,10,3.63,4
355,36,3,4.22,4
355,37,10,2.52,4
355,38,9,3.76,4
355,39,8,3.5,4
355,40,2,4.81,4
355,41,5,4.73,4
355,42,17,2.46,4
355,43,20,2.92,4
355,44,4,4.09,4
355,45,2,4.29,4
355,46,11,3.53,4
355,47,13,2.68,4
355,48,14,2.5,4
355,49,12,2.95,4
355,50,10,2.13,4
355,51,5,4.01,4
355,52,7,4.24,4
356,1,1,4.23,3
356,2,13,2.29,3
356,3,1,4.89,3
356,4,6,2.43,3
356,5,2,3.45,3
356,6,0,3.69,3
356,7,1,4.8,3
356,8,1,4.46,3
356,9,2,3.6,3
356,10,4,3.15,3
356,11,4,3.64,3
356,12,3,4.39,3
356,13,2,3.88,3
356,14,9,2.31,3
356,15,11,2.58,3
356,16,1,4.53,3
356,17,2,3.44,3
356,18,1,4.33,3
356,19,1,4.45,3
356,20,5,2.89,3
356,21,11,2.68,3
356,22,4,3.86,3
356,23,7,3.12,3
356,24,3,4.66,3
356,25,10,2.38,3
356,26,8,2.47,3
356,27,5,3.92,3
356,28,8,2.56,3
356,29,5,3.99,3
356,30,4,3.54,3
356,31,5,4.22,3
356,32,3,3.01,3
356,33,14,2.33,3
356,34,3,3.21,3
356,35,2,3.63,3
356,36,1,4.22,3
356,37,7,2.52,3
356,38,2,3.76,3
356,39,3,3.5,3
356,40,2,4.81,3
356,41,3,4.73,3
356,42,13,2.46,3
356,43,5,2.92,3
356,44,0,4.09,3
356,45,0,4.29,3
356,46,6,3.53,3
356,47,14,2.68,3
356,48,11,2.5,3
356,49,5,2.95,3
356,50,8,2.13,3
356,51,2,4.01,3
356,52,1,4.24,3
357,1,2,4.23,3
357,2,7,2.29,3
357,3,1,4.89,3
357,4,9,2.43,3
357,5,7,3.45,3
357,6,5,3.69,3
357,7,2,4.8,3
357,8,1,4.46,3
357,9,8,3.6,3
357,10,5,3.15,3
357,11,4,3.64,3
357,12,3,4.39,3
357,13,6,3.88,3
357,14,13,2.31,3
357,15,10,2.58,3
357,16,2,4.53,3
357,17,5,3.44,3
357,18,3,4.33,3
357,19,0,4.45,3
357,20,6,2.89,3
357,21,9,2.68,3
357,22,1,3.86,3
357,23,12,3.12,3
357,24,4,4.66,3
357,25,14,2.38,3
357,26,16,2.47,3
357,27,3,3.92,3
357,28,7,2.56,3
357,29,1,3.99,3
357,30,3,3.54,3
357,31,1,4.22,3
357,32,10,3.01,3
357,33,15,2.33,3
357,34,8,3.21,3
357,35,4,3.63,3
357,36,3,4.22,3
357,37,12,2.52,3
357,38,4,3.76,3
357,39,4,3.5,3
357,40,1,4.81,3
357,41,1,4.73,3
357,42,11,2.46,3
357,43,6,2.92,3
357,44,4,4.09,3
357,45,3,4.29,3
357,46,5,3.53,3
357,47,8,2.68,3
357,48,10,2.5,3
357,49,8,2.95,3
357,50,23,2.13,3
357,51,2,4.01,3
357,52,4,4.24,3
358,1,0,4.23,1
358,2,6,2.29,1
358,3,0,4.89,1
358,4,2,2.43,1
358,5,2,3.45,1
358,6,0,3.69,1
358,7,0,4.8,1
358,8,1,4.46,1
358,9,0,3.6,1
358,10,1,3.15,1
358,11,1,3.64,1
358,12,1,4.39,1
358,13,0,3.88,1
358,14,2,2.31,1
358,15,3,2.58,1
358,16,0,4.53,1
358,17,0,3.44,1
358,18,1,4.33,1
358,19,2,4.45,1
358,20,5,2.89,1
358,21,1,2.68,1
358,22,1,3.86,1
358,23,0,3.12,1
358,24,0,4.66,1
358,25,1,2.38,1
358,26,4,2.47,1
358,27,0,3.92,1
358,28,0,2.56,1
358,29,1,3.99,1
358,30,0,3.54,1
358,31,0,4.22,1
358,32,4,3.01,1
358,33,7,2.33,1
358,34,2,3.21,1
358,35,0,3.63,1
358,36,1,4.22,1
358,37,3,2.52,1
358,38,0,3.76,1
358,39,0,3.5,1
358,40,0,4.81,1
358,41,0,4.73,1
358,42,3,2.46,1
358,43,3,2.92,1
358,44,0,4.09,1
358,45,0,4.29,1
358,46,2,3.53,1
358,47,3,2.68,1
358,48,6,2.5,1
358,49,4,2.95,1
358,50,5,2.13,1
358,51,1,4.01,1
358,52,2,4.24,1
359,1,0,4.23,2
359,2,1,2.29,2
359,3,0,4.89,2
359,4,0,2.43,2
359,5,0,3.45,2
359,6,0,3.69,2
359,7,1,4.8,2
359,8,0,4.46,2
359,9,0,3.6,2
359,10,1,3.15,2
359,11,1,3.64,2
359,12,0,4.39,2
359,13,0,3.88,2
359,14,2,2.31,2
359,15,1,2.58,2
359,16,0,4.53,2
359,17,0,3.44,2
359,18,0,4.33,2
359,19,0,4.45,2
359,20,0,2.89,2
359,21,0,2.68,2
359,22,0,3.86,2
359,23,1,3.12,2
359,24,0,4.66,2
359,25,0,2.38,2
359,26,0,2.47,2
359,27,0,3.92,2
359,28,0,2.56,2
359,29,0,3.99,2
359,30,1,3.54,2
359,31,0,4.22,2
359,32,0,3.01,2
359,33,1,2.33,2
359,34,0,3.21,2
359,35,0,3.63,2
359,36,0,4.22,2
359,37,1,2.52,2
359,38,0,3.76,2
359,39,1,3.5,2
359,40,0,4.81,2
359,41,0,4.73,2
359,42,0,2.46,2
359,43,0,2.92,2
359,44,0,4.09,2
359,45,0,4.29,2
359,46,0,3.53,2
359,47,0,2.68,2
359,48,0,2.5,2
359,49,0,2.95,2
359,50,0,2.13,2
359,51,0,4.01,2
359,52,0,4.24,2
360,1,15,4.23,5
360,2,10,2.29,5
360,3,6,4.89,5
360,4,14,2.43,5
360,5,9,3.45,5
360,6,17,3.69,5
360,7,5,4.8,5
360,8,8,4.46,5
360,9,13,3.6,5
360,10,9,3.15,5
360,11,15,3.64,5
360,12,4,4.39,5
360,13,9,3.88,5
360,14,14,2.31,5
360,15,9,2.58,5
360,16,8,4.53,5
360,17,13,3.44,5
360,18,7,4.33,5
360,19,6,4.45,5
360,20,14,2.89,5
360,21,16,2.68,5
360,22,10,3.86,5
360,23,10,3.12,5
360,24,7,4.66,5
360,25,11,2.38,5
360,26,21,2.47,5
360,27,11,3.92,5
360,28,10,2.56,5
360,29,16,3.99,5
360,30,23,3.54,5
360,31,10,4.22,5
360,32,18,3.01,5
360,33,9,2.33,5
360,34,11,3.21,5
360,35,14,3.63,5
360,36,9,4.22,5
360,37,22,2.52,5
360,38,12,3.76,5
360,39,17,3.5,5
360,40,3,4.81,5
360,41,5,4.73,5
360,42,17,2.46,5
360,43,13,2.92,5
360,44,8,4.09,5
360,45,6,4.29,5
360,46,17,3.53,5
360,47,17,2.68,5
360,48,16,2.5,5
360,49,18,2.95,5
360,50,17,2.13,5
360,51,10,4.01,5
360,52,4,4.24,5
361,1,0,4.23,3
361,2,1,2.29,3
361,3,0,4.89,3
361,4,0,2.43,3
361,5,0,3.45,3
361,6,0,3.69,3
361,7,0,4.8,3
361,8,1,4.46,3
361,9,0,3.6,3
361,10,0,3.15,3
361,11,0,3.64,3
361,12,0,4.39,3
361,13,0,3.88,3
361,14,1,2.31,3
361,15,1,2.58,3
361,16,0,4.53,3
361,17,1,3.44,3
361,18,0,4.33,3
361,19,0,4.45,3
361,20,1,2.89,3
361,21,1,2.68,3
361,22,1,3.86,3
361,23,0,3.12,3
361,24,0,4.66,3
361,25,0,2.38,3
361,26,1,2.47,3
361,27,0,3.92,3
361,28,2,2.56,3
361,29,0,3.99,3
361,30,0,3.54,3
361,31,0,4.22,3
361,32,0,3.01,3
361,33,2,2.33,3
361,34,0,3.21,3
361,35,0,3.63,3
361,36,0,4.22,3
361,37,0,2.52,3
361,38,0,3.76,3
361,39,0,3.5,3
361,40,0,4.81,3
361,41,0,4.73,3
361,42,2,2.46,3
361,43,1,2.92,3
361,44,0,4.09,3
361,45,0,4.29,3
361,46,0,3.53,3
361,47,0,2.68,3
361,48,1,2.5,3
361,49,0,2.95,3
361,50,3,2.13,3
361,51,0,4.01,3
361,52,0,4.24,3
362,1,1,4.23,2
362,2,8,2.29,2
362,3,1,4.89,2
362,4,5,2.43,2
362,5,3,3.45,2
362,6,1,3.69,2
362,7,2,4.8,2
362,8,0,4.46,2
362,9,3,3.6,2
362,10,4,3.15,2
362,11,3,3.64,2
362,12,1,4.39,2
362,13,0,3.88,2
362,14,6,2.31,2
362,15,4,2.58,2
362,16,1,4.53,2
362,17,3,3.44,2
362,18,0,4.33,2
362,19,0,4.45,2
362,20,5,2.89,2
362,21,5,2.68,2
362,22,2,3.86,2
362,23,5,3.12,2
362,24,0,4.66,2
362,25,8,2.38,2
362,26,3,2.47,2
362,27,1,3.92,2
362,28,5,2.56,2
362,29,2,3.99,2
362,30,2,3.54,2
362,31,0,4.22,2
362,32,6,3.01,2
362,33,4,2.33,2
362,34,1,3.21,2
362,35,1,3.63,2
362,36,4,4.22,2
362,37,3,2.52,2
362,38,0,3.76,2
362,39,3,3.5,2
362,40,0,4.81,2
362,41,2,4.73,2
362,42,6,2.46,2
362,43,2,2.92,2
362,44,4,4.09,2
362,45,1,4.29,2
362,46,2,3.53,2
362,47,1,2.68,2
362,48,7,2.5,2
362,49,4,2.95,2
362,50,6,2.13,2
362,51,4,4.01,2
362,52,2,4.24,2
363,1,0,4.23,3
363,2,1,2.29,3
363,3,0,4.89,3
363,4,0,2.43,3
363,5,0,3.45,3
363,6,1,3.69,3
363,7,0,4.8,3
363,8,0,4.46,3
363,9,0,3.6,3
363,10,1,3.15,3
363,11,0,3.64,3
363,12,1,4.39,3
363,13,0,3.88,3
363,14,3,2.31,3
363,15,2,2.58,3
363,16,0,4.53,3
363,17,0,3.44,3
363,18,0,4.33,3
363,19,0,4.45,3
363,20,2,2.89,3
363,21,1,2.68,3
363,22,0,3.86,3
363,23,0,3.12,3
363,24,0,4.66,3
363,25,2,2.38,3
363,26,1,2.47,3
363,27,0,3.92,3
363,28,2,2.56,3
363,29,0,3.99,3
363,30,2,3.54,3
363,31,1,4.22,3
363,32,0,3.01,3
363,33,3,2.33,3
363,34,1,3.21,3
363,35,0,3.63,3
363,36,0,4.22,3
363,37,1,2.52,3
363,38,0,3.76,3
363,39,0,3.5,3
363,40,0,4.81,3
363,41,0,4.73,3
363,42,0,2.46,3
363,43,2,2.92,3
363,44,0,4.09,3
363,45,0,4.29,3
363,46,0,3.53,3
363,47,2,2.68,3
363,48,0,2.5,3
363,49,0,2.95,3
363,50,3,2.13,3
363,51,0,4.01,3
363,52,0,4.24,3
364,1,6,4.23,3
364,2,13,2.29,3
364,3,7,4.89,3
364,4,8,2.43,3
364,5,5,3.45,3
364,6,5,3.69,3
364,7,2,4.8,3
364,8,7,4.46,3
364,9,6,3.6,3
364,10,9,3.15,3
364,11,6,3.64,3
364,12,8,4.39,3
364,13,2,3.88,3
364,14,17,2.31,3
364,15,15,2.58,3
364,16,1,4.53,3
364,17,10,3.44,3
364,18,4,4.33,3
364,19,2,4.45,3
364,20,13,2.89,3
364,21,11,2.68,3
364,22,5,3.86,3
364,23,11,3.12,3
364,24,8,4.66,3
364,25,13,2.38,3
364,26,18,2.47,3
364,27,4,3.92,3
364,28,10,2.56,3
364,29,8,3.99,3
364,30,7,3.54,3
364,31,5,4.22,3
364,32,7,3.01,3
364,33,11,2.33,3
364,34,4,3.21,3
364,35,11,3.63,3
364,36,5,4.22,3
364,37,10,2.52,3
364,38,4,3.76,3
364,39,7,3.5,3
364,40,2,4.81,3
364,41,7,4.73,3
364,42,7,2.46,3
364,43,6,2.92,3
364,44,6,4.09,3
364,45,3,4.29,3
364,46,13,3.53,3
364,47,5,2.68,3
364,48,15,2.5,3
364,49,6,2.95,3
364,50,10,2.13,3
364,51,5,4.01,3
364,52,5,4.24,3
365,1,2,4.23,2
365,2,6,2.29,2
365,3,1,4.89,2
365,4,6,2.43,2
365,5,2,3.45,2
365,6,1,3.69,2
365,7,1,4.8,2
365,8,1,4.46,2
365,9,3,3.6,2
365,10,0,3.15,2
365,11,3,3.64,2
365,12,0,4.39,2
365,13,1,3.88,2
365,14,5,2.31,2
365,15,6,2.58,2
365,16,1,4.53,2
365,17,0,3.44,2
365,18,1,4.33,2
365,19,0,4.45,2
365,20,0,2.89,2
365,21,5,2.68,2
365,22,0,3.86,2
365,23,2,3.12,2
365,24,0,4.66,2
365,25,2,2.38,2
365,26,2,2.47,2
365,27,0,3.92,2
365,28,8,2.56,2
365,29,1,3.99,2
365,30,2,3.54,2
365,31,1,4.22,2
365,32,4,3.01,2
365,33,11,2.33,2
365,34,2,3.21,2
365,35,1,3.63,2
365,36,0,4.22,2
365,37,10,2.52,2
365,38,2,3.76,2
365,39,1,3.5,2
365,40,0,4.81,2
365,41,0,4.73,2
365,42,9,2.46,2
365,43,1,2.92,2
365,44,1,4.09,2
365,45,0,4.29,2
365,46,4,3.53,2
365,47,5,2.68,2
365,48,4,2.5,2
365,49,1,2.95,2
365,50,11,2.13,2
365,51,0,4.01,2
365,52,1,4.24,2
366,1,0,4.23,3
366,2,2,2.29,3
366,3,0,4.89,3
366,4,1,2.43,3
366,5,0,3.45,3
366,6,0,3.69,3
366,7,0,4.8,3
366,8,0,4.46,3
366,9,0,3.6,3
366,10,1,3.15,3
366,11,0,3.64,3
366,12,0,4.39,3
366,13,0,3.88,3
366,14,2,2.31,3
366,15,2,2.58,3
366,16,0,4.53,3
366,17,0,3.44,3
366,18,0,4.33,3
366,19,0,4.45,3
366,20,1,2.89,3
366,21,0,2.68,3
366,22,0,3.86,3
366,23,0,3.12,3
366,24,0,4.66,3
366,25,0,2.38,3
366,26,1,2.47,3
366,27,0,3.92,3
366,28,1,2.56,3
366,29,0,3.99,3
366,30,0,3.54,3
366,31,0,4.22,3
366,32,0,3.01,3
366,33,3,2.33,3
366,34,0,3.21,3
366,35,2,3.63,3
366,36,0,4.22,3
366,37,1,2.52,3
366,38,0,3.76,3
366,39,0,3.5,3
366,40,0,4.81,3
366,41,0,4.73,3
366,42,1,2.46,3
366,43,1,2.92,3
366,44,0,4.09,3
366,45,0,4.29,3
366,46,0,3.53,3
366,47,2,2.68,3
366,48,4,2.5,3
366,49,0,2.95,3
366,50,4,2.13,3
366,51,0,4.01,3
366,52,0,4.24,3
367,1,8,4.23,4
367,2,15,2.29,4
367,3,4,4.89,4
367,4,13,2.43,4
367,5,11,3.45,4
367,6,9,3.69,4
367,7,10,4.8,4
367,8,7,4.46,4
367,9,16,3.6,4
367,10,22,3.15,4
367,11,10,3.64,4
367,12,9,4.39,4
367,13,7,3.88,4
367,14,11,2.31,4
367,15,12,2.58,4
367,16,6,4.53,4
367,17,6,3.44,4
367,18,9,4.33,4
367,19,8,4.45,4
367,20,18,2.89,4
367,21,18,2.68,4
367,22,10,3.86,4
367,23,14,3.12,4
367,24,7,4.66,4
367,25,15,2.38,4
367,26,17,2.47,4
367,27,9,3.92,4
367,28,17,2.56,4
367,29,11,3.99,4
367,30,13,3.54,4
367,31,2,4.22,4
367,32,24,3.01,4
367,33,19,2.33,4
367,34,15,3.21,4
367,35,10,3.63,4
367,36,9,4.22,4
367,37,13,2.52,4
367,38,15,3.76,4
367,39,12,3.5,4
367,40,8,4.81,4
367,41,8,4.73,4
367,42,10,2.46,4
367,43,16,2.92,4
367,44,7,4.09,4
367,45,11,4.29,4
367,46,11,3.53,4
367,47,16,2.68,4
367,48,10,2.5,4
367,49,16,2.95,4
367,50,17,2.13,4
367,51,11,4.01,4
367,52,3,4.24,4
368,1,1,4.23,3
368,2,11,2.29,3
368,3,2,4.89,3
368,4,17,2.43,3
368,5,3,3.45,3
368,6,4,3.69,3
368,7,1,4.8,3
368,8,1,4.46,3
368,9,5,3.6,3
368,10,15,3.15,3
368,11,4,3.64,3
368,12,3,4.39,3
368,13,5,3.88,3
368,14,18,2.31,3
368,15,7,2.58,3
368,16,2,4.53,3
368,17,3,3.44,3
368,18,2,4.33,3
368,19,1,4.45,3
368,20,6,2.89,3
368,21,12,2.68,3
368,22,4,3.86,3
368,23,5,3.12,3
368,24,1,4.66,3
368,25,6,2.38,3
368,26,9,2.47,3
368,27,5,3.92,3
368,28,11,2.56,3
368,29,6,3.99,3
368,30,2,3.54,3
368,31,0,4.22,3
368,32,9,3.01,3
368,33,6,2.33,3
368,34,4,3.21,3
368,35,7,3.63,3
368,36,4,4.22,3
368,37,10,2.52,3
368,38,6,3.76,3
368,39,8,3.5,3
368,40,0,4.81,3
368,41,1,4.73,3
368,42,17,2.46,3
368,43,6,2.92,3
368,44,2,4.09,3
368,45,4,4.29,3
368,46,3,3.53,3
368,47,10,2.68,3
368,48,9,2.5,3
368,49,8,2.95,3
368,50,6,2.13,3
368,51,2,4.01,3
368,52,1,4.24,3
369,1,5,4.23,3
369,2,12,2.29,3
369,3,3,4.89,3
369,4,10,2.43,3
369,5,5,3.45,3
369,6,5,3.69,3
369,7,4,4.8,3
369,8,4,4.46,3
369,9,7,3.6,3
369,10,11,3.15,3
369,11,6,3.64,3
369,12,2,4.39,3
369,13,4,3.88,3
369,14,13,2.31,3
369,15,11,2.58,3
369,16,4,4.53,3
369,17,4,3.44,3
369,18,7,4.33,3
369,19,3,4.45,3
369,20,12,2.89,3
369,21,11,2.68,3
369,22,5,3.86,3
369,23,4,3.12,3
369,24,2,4.66,3
369,25,13,2.38,3
369,26,10,2.47,3
369,27,1,3.92,3
369,28,13,2.56,3
369,29,5,3.99,3
369,30,5,3.54,3
369,31,7,4.22,3
369,32,10,3.01,3
369,33,10,2.33,3
369,34,10,3.21,3
369,35,4,3.63,3
369,36,3,4.22,3
369,37,14,2.52,3
369,38,6,3.76,3
369,39,6,3.5,3
369,40,2,4.81,3
369,41,7,4.73,3
369,42,11,2.46,3
369,43,5,2.92,3
369,44,5,4.09,3
369,45,2,4.29,3
369,46,8,3.53,3
369,47,11,2.68,3
369,48,6,2.5,3
369,49,10,2.95,3
369,50,12,2.13,3
369,51,7,4.01,3
369,52,5,4.24,3
370,1,1,4.23,2
370,2,2,2.29,2
370,3,0,4.89,2
370,4,5,2.43,2
370,5,1,3.45,2
370,6,1,3.69,2
370,7,0,4.8,2
370,8,1,4.46,2
370,9,1,3.6,2
370,10,2,3.15,2
370,11,0,3.64,2
370,12,1,4.39,2
370,13,3,3.88,2
370,14,10,2.31,2
370,15,4,2.58,2
370,16,1,4.53,2
370,17,2,3.44,2
370,18,1,4.33,2
370,19,2,4.45,2
370,20,4,2.89,2
370,21,3,2.68,2
370,22,0,3.86,2
370,23,5,3.12,2
370,24,0,4.66,2
370,25,2,2.38,2
370,26,4,2.47,2
370,27,0,3.92,2
370,28,3,2.56,2
370,29,1,3.99,2
370,30,2,3.54,2
370,31,3,4.22,2
370,32,5,3.01,2
370,33,3,2.33,2
370,34,4,3.21,2
370,35,1,3.63,2
370,36,0,4.22,2
370,37,4,2.52,2
370,38,2,3.76,2
370,39,2,3.5,2
370,40,0,4.81,2
370,41,1,4.73,2
370,42,8,2.46,2
370,43,4,2.92,2
370,44,0,4.09,2
370,45,0,4.29,2
370,46,2,3.53,2
370,47,6,2.68,2
370,48,9,2.5,2
370,49,6,2.95,2
370,50,13,2.13,2
370,51,0,4.01,2
370,52,0,4.24,2
371,1,24,4.23,5
371,2,15,2.29,5
371,3,8,4.89,5
371,4,10,2.43,5
371,5,13,3.45,5
371,6,10,3.69,5
371,7,12,4.8,5
371,8,15,4.46,5
371,9,20,3.6,5
371,10,14,3.15,5
371,11,16,3.64,5
371,12,20,4.39,5
371,13,13,3.88,5
371,14,18,2.31,5
371,15,23,2.58,5
371,16,13,4.53,5
371,17,15,3.44,5
371,18,11,4.33,5
371,19,13,4.45,5
371,20,20,2.89,5
371,21,21,2.68,5
371,22,17,3.86,5
371,23,11,3.12,5
371,24,6,4.66,5
371,25,16,2.38,5
371,26,10,2.47,5
371,27,17,3.92,5
371,28,17,2.56,5
371,29,18,3.99,5
371,30,18,3.54,5
371,31,18,4.22,5
371,32,18,3.01,5
371,33,19,2.33,5
371,34,13,3.21,5
371,35,14,3.63,5
371,36,17,4.22,5
371,37,23,2.52,5
371,38,13,3.76,5
371,39,13,3.5,5
371,40,15,4.81,5
371,41,9,4.73,5
371,42,12,2.46,5
371,43,7,2.92,5
371,44,19,4.09,5
371,45,14,4.29,5
371,46,11,3.53,5
371,47,9,2.68,5
371,48,11,2.5,5
371,49,13,2.95,5
371,50,18,2.13,5
371,51,12,4.01,5
371,52,11,4.24,5
372,1,22,4.23,5
372,2,12,2.29,5
372,3,6,4.89,5
372,4,18,2.43,5
372,5,15,3.45,5
372,6,21,3.69,5
372,7,14,4.8,5
372,8,15,4.46,5
372,9,19,3.6,5
372,10,19,3.15,5
372,11,20,3.64,5
372,12,15,4.39,5
372,13,13,3.88,5
372,14,15,2.31,5
372,15,6,2.58,5
372,16,10,4.53,5
372,17,10,3.44,5
372,18,10,4.33,5
372,19,11,4.45,5
372,20,7,2.89,5
372,21,21,2.68,5
372,22,10,3.86,5
372,23,15,3.12,5
372,24,19,4.66,5
372,25,7,2.38,5
372,26,14,2.47,5
372,27,15,3.92,5
372,28,11,2.56,5
372,29,16,3.99,5
372,30,6,3.54,5
372,31,17,4.22,5
372,32,15,3.01,5
372,33,12,2.33,5
372,34,19,3.21,5
372,35,18,3.63,5
372,36,12,4.22,5
372,37,19,2.52,5
372,38,20,3.76,5
372,39,9,3.5,5
372,40,9,4.81,5
372,41,21,4.73,5
372,42,17,2.46,5
372,43,19,2.92,5
372,44,18,4.09,5
372,45,9,4.29,5
372,46,15,3.53,5
372,47,12,2.68,5
372,48,16,2.5,5
372,49,11,2.95,5
372,50,16,2.13,5
372,51,15,4.01,5
372,52,12,4.24,5
373,1,0,4.23,4
373,2,7,2.29,4
373,3,0,4.89,4
373,4,1,2.43,4
373,5,2,3.45,4
373,6,0,3.69,4
373,7,1,4.8,4
373,8,1,4.46,4
373,9,0,3.6,4
373,10,2,3.15,4
373,11,1,3.64,4
373,12,0,4.39,4
373,13,2,3.88,4
373,14,3,2.31,4
373,15,0,2.58,4
373,16,0,4.53,4
373,17,0,3.44,4
373,18,0,4.33,4
373,19,1,4.45,4
373,20,2,2.89,4
373,21,0,2.68,4
373,22,0,3.86,4
373,23,0,3.12,4
373,24,0,4.66,4
373,25,4,2.38,4
373,26,2,2.47,4
373,27,0,3.92,4
373,28,3,2.56,4
373,29,0,3.99,4
373,30,1,3.54,4
373,31,0,4.22,4
373,32,3,3.01,4
373,33,0,2.33,4
373,34,0,3.21,4
373,35,2,3.63,4
373,36,0,4.22,4
373,37,0,2.52,4
373,38,0,3.76,4
373,39,1,3.5,4
373,40,0,4.81,4
373,41,0,4.73,4
373,42,4,2.46,4
373,43,1,2.92,4
373,44,0,4.09,4
373,45,0,4.29,4
373,46,0,3.53,4
373,47,1,2.68,4
373,48,1,2.5,4
373,49,2,2.95,4
373,50,2,2.13,4
373,51,0,4.01,4
373,52,0,4.24,4
374,1,3,4.23,4
374,2,6,2.29,4
374,3,2,4.89,4
374,4,21,2.43,4
374,5,5,3.45,4
374,6,4,3.69,4
374,7,0,4.8,4
374,8,6,4.46,4
374,9,4,3.6,4
374,10,7,3.15,4
374,11,7,3.64,4
374,12,6,4.39,4
374,13,8,3.88,4
374,14,15,2.31,4
374,15,8,2.58,4
374,16,3,4.53,4
374,17,7,3.44,4
374,18,6,4.33,4
374,19,3,4.45,4
374,20,9,2.89,4
374,21,13,2.68,4
374,22,11,3.86,4
374,23,15,3.12,4
374,24,5,4.66,4
374,25,18,2.38,4
374,26,13,2.47,4
374,27,8,3.92,4
374,28,10,2.56,4
374,29,6,3.99,4
374,30,9,3.54,4
374,31,5,4.22,4
374,32,15,3.01,4
374,33,22,2.33,4
374,34,10,3.21,4
374,35,6,3.63,4
374,36,4,4.22,4
374,37,16,2.52,4
374,38,9,3.76,4
374,39,5,3.5,4
374,40,2,4.81,4
374,41,2,4.73,4
374,42,11,2.46,4
374,43,16,2.92,4
374,44,7,4.09,4
374,45,8,4.29,4
374,46,7,3.53,4
374,47,11,2.68,4
374,48,17,2.5,4
374,49,18,2.95,4
374,50,18,2.13,4
374,51,5,4.01,4
374,52,8,4.24,4
375,1,3,4.23,3
375,2,13,2.29,3
375,3,6,4.89,3
375,4,12,2.43,3
375,5,4,3.45,3
375,6,5,3.69,3
375,7,6,4.8,3
375,8,3,4.46,3
375,9,8,3.6,3
375,10,6,3.15,3
375,11,6,3.64,3
375,12,6,4.39,3
375,13,6,3.88,3
375,14,10,2.31,3
375,15,10,2.58,3
375,16,4,4.53,3
375,17,12,3.44,3
375,18,3,4.33,3
375,19,5,4.45,3
375,20,5,2.89,3
375,21,5,2.68,3
375,22,7,3.86,3
375,23,7,3.12,3
375,24,2,4.66,3
375,25,13,2.38,3
375,26,10,2.47,3
375,27,3,3.92,3
375,28,6,2.56,3
375,29,10,3.99,3
375,30,6,3.54,3
375,31,5,4.22,3
375,32,16,3.01,3
375,33,15,2.33,3
375,34,8,3.21,3
375,35,4,3.63,3
375,36,5,4.22,3
375,37,10,2.52,3
375,38,7,3.76,3
375,39,5,3.5,3
375,40,3,4.81,3
375,41,3,4.73,3
375,42,17,2.46,3
375,43,7,2.92,3
375,44,3,4.09,3
375,45,8,4.29,3
375,46,3,3.53,3
375,47,11,2.68,3
375,48,9,2.5,3
375,49,6,2.95,3
375,50,9,2.13,3
375,51,4,4.01,3
375,52,7,4.24,3
376,1,0,4.23,1
376,2,0,2.29,1
376,3,0,4.89,1
376,4,0,2.43,1
376,5,0,3.45,1
376,6,0,3.69,1
376,7,0,4.8,1
376,8,0,4.46,1
376,9,0,3.6,1
376,10,0,3.15,1
376,11,0,3.64,1
376,12,0,4.39,1
376,13,0,3.88,1
376,14,0,2.31,1
376,15,0,2.58,1
376,16,1,4.53,1
376,17,0,3.44,1
376,18,0,4.33,1
376,19,0,4.45,1
376,20,1,2.89,1
376,21,0,2.68,1
376,22,0,3.86,1
376,23,0,3.12,1
376,24,0,4.66,1
376,25,0,2.38,1
376,26,1,2.47,1
376,27,0,3.92,1
376,28,1,2.56,1
376,29,0,3.99,1
376,30,0,3.54,1
376,31,0,4.22,1
376,32,1,3.01,1
376,33,1,2.33,1
376,34,0,3.21,1
376,35,0,3.63,1
376,36,0,4.22,1
376,37,0,2.52,1
376,38,0,3.76,1
376,39,0,3.5,1
376,40,0,4.81,1
376,41,0,4.73,1
376,42,0,2.46,1
376,43,0,2.92,1
376,44,0,4.09,1
376,45,0,4.29,1
376,46,0,3.53,1
376,47,0,2.68,1
376,48,1,2.5,1
376,49,0,2.95,1
376,50,0,2.13,1
376,51,0,4.01,1
376,52,0,4.24,1
377,1,0,4.23,5
377,2,2,2.29,5
377,3,0,4.89,5
377,4,2,2.43,5
377,5,1,3.45,5
377,6,0,3.69,5
377,7,0,4.8,5
377,8,1,4.46,5
377,9,2,3.6,5
377,10,0,3.15,5
377,11,1,3.64,5
377,12,0,4.39,5
377,13,0,3.88,5
377,14,4,2.31,5
377,15,3,2.58,5
377,16,0,4.53,5
377,17,2,3.44,5
377,18,0,4.33,5
377,19,0,4.45,5
377,20,0,2.89,5
377,21,1,2.68,5
377,22,0,3.86,5
377,23,2,3.12,5
377,24,0,4.66,5
377,25,4,2.38,5
377,26,3,2.47,5
377,27,0,3.92,5
377,28,3,2.56,5
377,29,1,3.99,5
377,30,1,3.54,5
377,31,0,4.22,5
377,32,0,3.01,5
377,33,2,2.33,5
377,34,1,3.21,5
377,35,1,3.63,5
377,36,1,4.22,5
377,37,1,2.52,5
377,38,0,3.76,5
377,39,4,3.5,5
377,40,0,4.81,5
377,41,0,4.73,5
377,42,1,2.46,5
377,43,1,2.92,5
377,44,0,4.09,5
377,45,0,4.29,5
377,46,1,3.53,5
377,47,3,2.68,5
377,48,4,2.5,5
377,49,0,2.95,5
377,50,5,2.13,5
377,51,1,4.01,5
377,52,0,4.24,5
378,1,20,4.23,5
378,2,21,2.29,5
378,3,17,4.89,5
378,4,17,2.43,5
378,5,12,3.45,5
378,6,13,3.69,5
378,7,6,4.8,5
378,8,11,4.46,5
378,9,13,3.6,5
378,10,16,3.15,5
378,11,11,3.64,5
378,12,12,4.39,5
378,13,16,3.88,5
378,14,16,2.31,5
378,15,10,2.58,5
378,16,8,4.53,5
378,17,17,3.44,5
378,18,15,4.33,5
378,19,17,4.45,5
378,20,15,2.89,5
378,21,15,2.68,5
378,22,14,3.86,5
378,23,10,3.12,5
378,24,14,4.66,5
378,25,11,2.38,5
378,26,17,2.47,5
378,27,21,3.92,5
378,28,12,2.56,5
378,29,22,3.99,5
378,30,12,3.54,5
378,31,14,4.22,5
378,32,15,3.01,5
378,33,25,2.33,5
378,34,18,3.21,5
378,35,11,3.63,5
378,36,16,4.22,5
378,37,18,2.52,5
378,38,13,3.76,5
378,39,18,3.5,5
378,40,12,4.81,5
378,41,16,4.73,5
378,42,16,2.46,5
378,43,14,2.92,5
378,44,10,4.09,5
378,45,16,4.29,5
378,46,15,3.53,5
378,47,16,2.68,5
378,48,11,2.5,5
378,49,14,2.95,5
378,50,23,2.13,5
378,51,17,4.01,5
378,52,13,4.24,5
379,1,10,4.23,5
379,2,13,2.29,5
379,3,10,4.89,5
379,4,14,2.43,5
379,5,11,3.45,5
379,6,19,3.69,5
379,7,11,4.8,5
379,8,6,4.46,5
379,9,16,3.6,5
379,10,14,3.15,5
379,11,16,3.64,5
379,12,15,4.39,5
379,13,18,3.88,5
379,14,13,2.31,5
379,15,12,2.58,5
379,16,6,4.53,5
379,17,18,3.44,5
379,18,7,4.33,5
379,19,5,4.45,5
379,20,17,2.89,5
379,21,15,2.68,5
379,22,14,3.86,5
379,23,17,3.12,5
379,24,7,4.66,5
379,25,15,2.38,5
379,26,22,2.47,5
379,27,13,3.92,5
379,28,16,2.56,5
379,29,9,3.99,5
379,30,10,3.54,5
379,31,12,4.22,5
379,32,12,3.01,5
379,33,10,2.33,5
379,34,6,3.21,5
379,35,16,3.63,5
379,36,9,4.22,5
379,37,10,2.52,5
379,38,15,3.76,5
379,39,11,3.5,5
379,40,3,4.81,5
379,41,3,4.73,5
379,42,14,2.46,5
379,43,17,2.92,5
379,44,14,4.09,5
379,45,7,4.29,5
379,46,15,3.53,5
379,47,12,2.68,5
379,48,17,2.5,5
379,49,18,2.95,5
379,50,10,2.13,5
379,51,10,4.01,5
379,52,9,4.24,5
380,1,19,4.23,5
380,2,14,2.29,5
380,3,16,4.89,5
380,4,16,2.43,5
380,5,14,3.45,5
380,6,15,3.69,5
380,7,8,4.8,5
380,8,8,4.46,5
380,9,12,3.6,5
380,10,14,3.15,5
380,11,18,3.64,5
380,12,6,4.39,5
380,13,12,3.88,5
380,14,14,2.31,5
380,15,10,2.58,5
380,16,14,4.53,5
380,17,6,3.44,5
380,18,11,4.33,5
380,19,16,4.45,5
380,20,16,2.89,5
380,21,17,2.68,5
380,22,11,3.86,5
380,23,11,3.12,5
380,24,17,4.66,5
380,25,15,2.38,5
380,26,16,2.47,5
380,27,10,3.92,5
380,28,12,2.56,5
380,29,15,3.99,5
380,30,15,3.54,5
380,31,16,4.22,5
380,32,9,3.01,5
380,33,13,2.33,5
380,34,12,3.21,5
380,35,16,3.63,5
380,36,14,4.22,5
380,37,14,2.52,5
380,38,12,3.76,5
380,39,13,3.5,5
380,40,20,4.81,5
380,41,9,4.73,5
380,42,17,2.46,5
380,43,20,2.92,5
380,44,17,4.09,5
380,45,21,4.29,5
380,46,7,3.53,5
380,47,16,2.68,5
380,48,19,2.5,5
380,49,13,2.95,5
380,50,11,2.13,5
380,51,11,4.01,5
380,52,12,4.24,5
381,1,1,4.23,3
381,2,11,2.29,3
381,3,1,4.89,3
381,4,11,2.43,3
381,5,7,3.45,3
381,6,3,3.69,3
381,7,4,4.8,3
381,8,2,4.46,3
381,9,3,3.6,3
381,10,10,3.15,3
381,11,5,3.64,3
381,12,2,4.39,3
381,13,1,3.88,3
381,14,15,2.31,3
381,15,17,2.58,3
381,16,0,4.53,3
381,17,5,3.44,3
381,18,4,4.33,3
381,19,2,4.45,3
381,20,6,2.89,3
381,21,8,2.68,3
381,22,0,3.86,3
381,23,5,3.12,3
381,24,2,4.66,3
381,25,11,2.38,3
381,26,9,2.47,3
381,27,2,3.92,3
381,28,17,2.56,3
381,29,3,3.99,3
381,30,3,3.54,3
381,31,0,4.22,3
381,32,7,3.01,3
381,33,6,2.33,3
381,34,4,3.21,3
381,35,4,3.63,3
381,36,3,4.22,3
381,37,15,2.52,3
381,38,2,3.76,3
381,39,6,3.5,3
381,40,4,4.81,3
381,41,0,4.73,3
381,42,13,2.46,3
381,43,8,2.92,3
381,44,3,4.09,3
381,45,2,4.29,3
381,46,4,3.53,3
381,47,15,2.68,3
381,48,11,2.5,3
381,49,9,2.95,3
381,50,16,2.13,3
381,51,4,4.01,3
381,52,3,4.24,3
382,1,3,4.23,4
382,2,7,2.29,4
382,3,0,4.89,4
382,4,8,2.43,4
382,5,11,3.45,4
382,6,6,3.69,4
382,7,0,4.8,4
382,8,6,4.46,4
382,9,6,3.6,4
382,10,19,3.15,4
382,11,4,3.64,4
382,12,7,4.39,4
382,13,4,3.88,4
382,14,14,2.31,4
382,15,16,2.58,4
382,16,4,4.53,4
382,17,9,3.44,4
382,18,3,4.33,4
382,19,2,4.45,4
382,20,13,2.89,4
382,21,20,2.68,4
382,22,9,3.86,4
382,23,14,3.12,4
382,24,1,4.66,4
382,25,14,2.38,4
382,26,16,2.47,4
382,27,5,3.92,4
382,28,10,2.56,4
382,29,9,3.99,4
382,30,7,3.54,4
382,31,2,4.22,4
382,32,14,3.01,4
382,33,15,2.33,4
382,34,10,3.21,4
382,35,9,3.63,4
382,36,5,4.22,4
382,37,10,2.52,4
382,38,5,3.76,4
382,39,3,3.5,4
382,40,4,4.81,4
382,41,1,4.73,4
382,42,10,2.46,4
382,43,17,2.92,4
382,44,6,4.09,4
382,45,7,4.29,4
382,46,9,3.53,4
382,47,17,2.68,4
382,48,18,2.5,4
382,49,16,2.95,4
382,50,13,2.13,4
382,51,7,4.01,4
382,52,7,4.24,4
383,1,0,4.23,1
383,2,4,2.29,1
383,3,0,4.89,1
383,4,0,2.43,1
383,5,0,3.45,1
383,6,1,3.69,1
383,7,1,4.8,1
383,8,0,4.46,1
383,9,0,3.6,1
383,10,1,3.15,1
383,11,3,3.64,1
383,12,0,4.39,1
383,13,1,3.88,1
383,14,4,2.31,1
383,15,2,2.58,1
383,16,1,4.53,1
383,17,0,3.44,1
383,18,4,4.33,1
383,19,0,4.45,1
383,20,0,2.89,1
383,21,0,2.68,1
383,22,0,3.86,1
383,23,0,3.12,1
383,24,1,4.66,1
383,25,2,2.38,1
383,26,0,2.47,1
383,27,2,3.92,1
383,28,2,2.56,1
383,29,0,3.99,1
383,30,2,3.54,1
383,31,0,4.22,1
383,32,3,3.01,1
383,33,2,2.33,1
383,34,0,3.21,1
383,35,0,3.63,1
383,36,0,4.22,1
383,37,3,2.52,1
383,38,0,3.76,1
383,39,1,3.5,1
383,40,1,4.81,1
383,41,1,4.73,1
383,42,0,2.46,1
383,43,4,2.92,1
383,44,0,4.09,1
383,45,1,4.29,1
383,46,1,3.53,1
383,47,4,2.68,1
383,48,4,2.5,1
383,49,3,2.95,1
383,50,8,2.13,1
383,51,0,4.01,1
383,52,0,4.24,1
384,1,0,4.23,5
384,2,3,2.29,5
384,3,0,4.89,5
384,4,4,2.43,5
384,5,1,3.45,5
384,6,0,3.69,5
384,7,0,4.8,5
384,8,1,4.46,5
384,9,0,3.6,5
384,10,0,3.15,5
384,11,0,3.64,5
384,12,1,4.39,5
384,13,1,3.88,5
384,14,6,2.31,5
384,15,2,2.58,5
384,16,1,4.53,5
384,17,1,3.44,5
384,18,0,4.33,5
384,19,0,4.45,5
384,20,4,2.89,5
384,21,3,2.68,5
384,22,1,3.86,5
384,23,1,3.12,5
384,24,1,4.66,5
384,25,4,2.38,5
384,26,6,2.47,5
384,27,1,3.92,5
384,28,3,2.56,5
384,29,0,3.99,5
384,30,1,3.54,5
384,31,2,4.22,5
384,32,0,3.01,5
384,33,3,2.33,5
384,34,1,3.21,5
384,35,1,3.63,5
384,36,0,4.22,5
384,37,1,2.52,5
384,38,0,3.76,5
384,39,0,3.5,5
384,40,0,4.81,5
384,41,0,4.73,5
384,42,2,2.46,5
384,43,0,2.92,5
384,44,0,4.09,5
384,45,0,4.29,5
384,46,0,3.53,5
384,47,2,2.68,5
384,48,3,2.5,5
384,49,3,2.95,5
384,50,4,2.13,5
384,51,0,4.01,5
384,52,0,4.24,5
385,1,2,4.23,2
385,2,3,2.29,2
385,3,0,4.89,2
385,4,7,2.43,2
385,5,1,3.45,2
385,6,3,3.69,2
385,7,0,4.8,2
385,8,0,4.46,2
385,9,1,3.6,2
385,10,4,3.15,2
385,11,2,3.64,2
385,12,1,4.39,2
385,13,1,3.88,2
385,14,6,2.31,2
385,15,3,2.58,2
385,16,1,4.53,2
385,17,2,3.44,2
385,18,1,4.33,2
385,19,0,4.45,2
385,20,2,2.89,2
385,21,8,2.68,2
385,22,0,3.86,2
385,23,1,3.12,2
385,24,0,4.66,2
385,25,11,2.38,2
385,26,5,2.47,2
385,27,2,3.92,2
385,28,4,2.56,2
385,29,0,3.99,2
385,30,1,3.54,2
385,31,0,4.22,2
385,32,3,3.01,2
385,33,3,2.33,2
385,34,4,3.21,2
385,35,3,3.63,2
385,36,0,4.22,2
385,37,4,2.52,2
385,38,1,3.76,2
385,39,1,3.5,2
385,40,2,4.81,2
385,41,2,4.73,2
385,42,7,2.46,2
385,43,1,2.92,2
385,44,2,4.09,2
385,45,2,4.29,2
385,46,4,3.53,2
385,47,5,2.68,2
385,48,6,2.5,2
385,49,3,2.95,2
385,50,10,2.13,2
385,51,3,4.01,2
385,52,0,4.24,2
386,1,0,4.23,1
386,2,1,2.29,1
386,3,0,4.89,1
386,4,2,2.43,1
386,5,0,3.45,1
386,6,0,3.69,1
386,7,0,4.8,1
386,8,0,4.46,1
386,9,0,3.6,1
386,10,0,3.15,1
386,11,0,3.64,1
386,12,0,4.39,1
386,13,1,3.88,1
386,14,1,2.31,1
386,15,1,2.58,1
386,16,0,4.53,1
386,17,0,3.44,1
386,18,0,4.33,1
386,19,0,4.45,1
386,20,0,2.89,1
386,21,1,2.68,1
386,22,0,3.86,1
386,23,0,3.12,1
386,24,0,4.66,1
386,25,0,2.38,1
386,26,1,2.47,1
386,27,1,3.92,1
386,28,0,2.56,1
386,29,0,3.99,1
386,30,1,3.54,1
386,31,0,4.22,1
386,32,2,3.01,1
386,33,3,2.33,1
386,34,0,3.21,1
386,35,0,3.63,1
386,36,0,4.22,1
386,37,0,2.52,1
386,38,0,3.76,1
386,39,0,3.5,1
386,40,0,4.81,1
386,41,0,4.73,1
386,42,1,2.46,1
386,43,0,2.92,1
386,44,0,4.09,1
386,45,0,4.29,1
386,46,0,3.53,1
386,47,3,2.68,1
386,48,0,2.5,1
386,49,0,2.95,1
386,50,2,2.13,1
386,51,0,4.01,1
386,52,0,4.24,1
387,1,0,4.23,5
387,2,5,2.29,5
387,3,1,4.89,5
387,4,2,2.43,5
387,5,1,3.45,5
387,6,1,3.69,5
387,7,0,4.8,5
387,8,0,4.46,5
387,9,1,3.6,5
387,10,1,3.15,5
387,11,0,3.64,5
387,12,0,4.39,5
387,13,1,3.88,5
387,14,6,2.31,5
387,15,6,2.58,5
387,16,0,4.53,5
387,17,0,3.44,5
387,18,1,4.33,5
387,19,1,4.45,5
387,20,3,2.89,5
387,21,2,2.68,5
387,22,0,3.86,5
387,23,0,3.12,5
387,24,1,4.66,5
387,25,5,2.38,5
387,26,5,2.47,5
387,27,0,3.92,5
387,28,6,2.56,5
387,29,0,3.99,5
387,30,0,3.54,5
387,31,1,4.22,5
387,32,2,3.01,5
387,33,0,2.33,5
387,34,1,3.21,5
387,35,0,3.63,5
387,36,0,4.22,5
387,37,2,2.52,5
387,38,1,3.76,5
387,39,0,3.5,5
387,40,0,4.81,5
387,41,0,4.73,5
387,42,2,2.46,5
387,43,2,2.92,5
387,44,0,4.09,5
387,45,0,4.29,5
387,46,1,3.53,5
387,47,4,2.68,5
387,48,5,2.5,5
387,49,0,2.95,5
387,50,5,2.13,5
387,51,0,4.01,5
387,52,2,4.24,5
388,1,0,4.23,3
388,2,2,2.29,3
388,3,0,4.89,3
388,4,0,2.43,3
388,5,0,3.45,3
388,6,0,3.69,3
388,7,0,4.8,3
388,8,0,4.46,3
388,9,0,3.6,3
388,10,1,3.15,3
388,11,0,3.64,3
388,12,0,4.39,3
388,13,0,3.88,3
388,14,2,2.31,3
388,15,2,2.58,3
388,16,0,4.53,3
388,17,0,3.44,3
388,18,0,4.33,3
388,19,0,4.45,3
388,20,2,2.89,3
388,21,0,2.68,3
388,22,0,3.86,3
388,23,1,3.12,3
388,24,0,4.66,3
388,25,5,2.38,3
388,26,2,2.47,3
388,27,0,3.92,3
388,28,1,2.56,3
388,29,0,3.99,3
388,30,0,3.54,3
388,31,0,4.22,3
388,32,0,3.01,3
388,33,2,2.33,3
388,34,0,3.21,3
388,35,0,3.63,3
388,36,0,4.22,3
388,37,0,2.52,3
388,38,0,3.76,3
388,39,0,3.5,3
388,40,0,4.81,3
388,41,0,4.73,3
388,42,3,2.46,3
388,43,1,2.92,3
388,44,0,4.09,3
388,45,0,4.29,3
388,46,0,3.53,3
388,47,0,2.68,3
388,48,1,2.5,3
388,49,0,2.95,3
388,50,3,2.13,3
388,51,0,4.01,3
388,52,0,4.24,3
389,1,0,4.23,1
389,2,3,2.29,1
389,3,1,4.89,1
389,4,3,2.43,1
389,5,3,3.45,1
389,6,0,3.69,1
389,7,0,4.8,1
389,8,1,4.46,1
389,9,0,3.6,1
389,10,0,3.15,1
389,11,0,3.64,1
389,12,0,4.39,1
389,13,2,3.88,1
389,14,2,2.31,1
389,15,4,2.58,1
389,16,0,4.53,1
389,17,0,3.44,1
389,18,2,4.33,1
389,19,1,4.45,1
389,20,1,2.89,1
389,21,2,2.68,1
389,22,1,3.86,1
389,23,1,3.12,1
389,24,0,4.66,1
389,25,4,2.38,1
389,26,4,2.47,1
389,27,0,3.92,1
389,28,3,2.56,1
389,29,1,3.99,1
389,30,2,3.54,1
389,31,0,4.22,1
389,32,2,3.01,1
389,33,2,2.33,1
389,34,0,3.21,1
389,35,1,3.63,1
389,36,0,4.22,1
389,37,0,2.52,1
389,38,1,3.76,1
389,39,1,3.5,1
389,40,1,4.81,1
389,41,1,4.73,1
389,42,4,2.46,1
389,43,2,2.92,1
389,44,1,4.09,1
389,45,0,4.29,1
389,46,1,3.53,1
389,47,1,2.68,1
389,48,3,2.5,1
389,49,0,2.95,1
389,50,2,2.13,1
389,51,2,4.01,1
389,52,0,4.24,1
390,1,0,4.23,2
390,2,4,2.29,2
390,3,1,4.89,2
390,4,4,2.43,2
390,5,0,3.45,2
390,6,3,3.69,2
390,7,1,4.8,2
390,8,1,4.46,2
390,9,2,3.6,2
390,10,2,3.15,2
390,11,0,3.64,2
390,12,3,4.39,2
390,13,3,3.88,2
390,14,10,2.31,2
390,15,5,2.58,2
390,16,0,4.53,2
390,17,1,3.44,2
390,18,2,4.33,2
390,19,1,4.45,2
390,20,3,2.89,2
390,21,9,2.68,2
390,22,4,3.86,2
390,23,3,3.12,2
390,24,0,4.66,2
390,25,4,2.38,2
390,26,8,2.47,2
390,27,3,3.92,2
390,28,7,2.56,2
390,29,0,3.99,2
390,30,1,3.54,2
390,31,3,4.22,2
390,32,3,3.01,2
390,33,7,2.33,2
390,34,5,3.21,2
390,35,0,3.63,2
390,36,0,4.22,2
390,37,3,2.52,2
390,38,1,3.76,2
390,39,3,3.5,2
390,40,2,4.81,2
390,41,0,4.73,2
390,42,9,2.46,2
390,43,4,2.92,2
390,44,1,4.09,2
390,45,1,4.29,2
390,46,3,3.53,2
390,47,3,2.68,2
390,48,3,2.5,2
390,49,3,2.95,2
390,50,11,2.13,2
390,51,0,4.01,2
390,52,0,4.24,2
391,1,6,4.23,2
391,2,7,2.29,2
391,3,0,4.89,2
391,4,6,2.43,2
391,5,5,3.45,2
391,6,2,3.69,2
391,7,2,4.8,2
391,8,3,4.46,2
391,9,4,3.6,2
391,10,6,3.15,2
391,11,2,3.64,2
391,12,1,4.39,2
391,13,3,3.88,2
391,14,5,2.31,2
391,15,5,2.58,2
391,16,4,4.53,2
391,17,3,3.44,2
391,18,4,4.33,2
391,19,1,4.45,2
391,20,6,2.89,2
391,21,8,2.68,2
391,22,4,3.86,2
391,23,2,3.12,2
391,24,2,4.66,2
391,25,7,2.38,2
391,26,6,2.47,2
391,27,2,3.92,2
391,28,3,2.56,2
391,29,2,3.99,2
391,30,7,3.54,2
391,31,1,4.22,2
391,32,6,3.01,2
391,33,5,2.33,2
391,34,3,3.21,2
391,35,4,3.63,2
391,36,2,4.22,2
391,37,6,2.52,2
391,38,3,3.76,2
391,39,5,3.5,2
391,40,1,4.81,2
391,41,3,4.73,2
391,42,2,2.46,2
391,43,6,2.92,2
391,44,2,4.09,2
391,45,3,4.29,2
391,46,4,3.53,2
391,47,6,2.68,2
391,48,4,2.5,2
391,49,0,2.95,2
391,50,4,2.13,2
391,51,0,4.01,2
391,52,3,4.24,2
392,1,1,4.23,2
392,2,11,2.29,2
392,3,1,4.89,2
392,4,2,2.43,2
392,5,4,3.45,2
392,6,2,3.69,2
392,7,1,4.8,2
392,8,0,4.46,2
392,9,3,3.6,2
392,10,5,3.15,2
392,11,4,3.64,2
392,12,0,4.39,2
392,13,8,3.88,2
392,14,10,2.31,2
392,15,8,2.58,2
392,16,2,4.53,2
392,17,4,3.44,2
392,18,6,4.33,2
392,19,5,4.45,2
392,20,5,2.89,2
392,21,9,2.68,2
392,22,3,3.86,2
392,23,6,3.12,2
392,24,4,4.66,2
392,25,8,2.38,2
392,26,5,2.47,2
392,27,2,3.92,2
392,28,5,2.56,2
392,29,4,3.99,2
392,30,4,3.54,2
392,31,3,4.22,2
392,32,9,3.01,2
392,33,6,2.33,2
392,34,2,3.21,2
392,35,2,3.63,2
392,36,1,4.22,2
392,37,2,2.52,2
392,38,1,3.76,2
392,39,2,3.5,2
392,40,3,4.81,2
392,41,1,4.73,2
392,42,6,2.46,2
392,43,1,2.92,2
392,44,2,4.09,2
392,45,1,4.29,2
392,46,5,3.53,2
392,47,4,2.68,2
392,48,5,2.5,2
392,49,3,2.95,2
392,50,9,2.13,2
392,51,4,4.01,2
392,52,4,4.24,2
393,1,0,4.23,5
393,2,3,2.29,5
393,3,0,4.89,5
393,4,2,2.43,5
393,5,0,3.45,5
393,6,1,3.69,5
393,7,0,4.8,5
393,8,0,4.46,5
393,9,0,3.6,5
393,10,2,3.15,5
393,11,1,3.64,5
393,12,0,4.39,5
393,13,0,3.88,5
393,14,2,2.31,5
393,15,1,2.58,5
393,16,1,4.53,5
393,17,0,3.44,5
393,18,1,4.33,5
393,19,0,4.45,5
393,20,3,2.89,5
393,21,1,2.68,5
393,22,1,3.86,5
393,23,2,3.12,5
393,24,0,4.66,5
393,25,4,2.38,5
393,26,8,2.47,5
393,27,1,3.92,5
393,28,4,2.56,5
393,29,0,3.99,5
393,30,0,3.54,5
393,31,0,4.22,5
393,32,2,3.01,5
393,33,6,2.33,5
393,34,0,3.21,5
393,35,0,3.63,5
393,36,0,4.22,5
393,37,2,2.52,5
393,38,0,3.76,5
393,39,1,3.5,5
393,40,0,4.81,5
393,41,0,4.73,5
393,42,6,2.46,5
393,43,1,2.92,5
393,44,0,4.09,5
393,45,0,4.29,5
393,46,0,3.53,5
393,47,3,2.68,5
393,48,2,2.5,5
393,49,3,2.95,5
393,50,3,2.13,5
393,51,0,4.01,5
393,52,0,4.24,5
394,1,7,4.23,5
394,2,14,2.29,5
394,3,5,4.89,5
394,4,13,2.43,5
394,5,18,3.45,5
394,6,15,3.69,5
394,7,7,4.8,5
394,8,7,4.46,5
394,9,14,3.6,5
394,10,17,3.15,5
394,11,17,3.64,5
394,12,8,4.39,5
394,13,21,3.88,5
394,14,16,2.31,5
394,15,18,2.58,5
394,16,8,4.53,5
394,17,13,3.44,5
394,18,7,4.33,5
394,19,12,4.45,5
394,20,13,2.89,5
394,21,16,2.68,5
394,22,15,3.86,5
394,23,16,3.12,5
394,24,4,4.66,5
394,25,12,2.38,5
394,26,15,2.47,5
394,27,12,3.92,5
394,28,14,2.56,5
394,29,9,3.99,5
394,30,14,3.54,5
394,31,8,4.22,5
394,32,11,3.01,5
394,33,10,2.33,5
394,34,12,3.21,5
394,35,15,3.63,5
394,36,6,4.22,5
394,37,16,2.52,5
394,38,12,3.76,5
394,39,5,3.5,5
394,40,3,4.81,5
394,41,3,4.73,5
394,42,18,2.46,5
394,43,9,2.92,5
394,44,10,4.09,5
394,45,11,4.29,5
394,46,15,3.53,5
394,47,15,2.68,5
394,48,20,2.5,5
394,49,17,2.95,5
394,50,17,2.13,5
394,51,7,4.01,5
394,52,6,4.24,5
395,1,8,4.23,4
395,2,15,2.29,4
395,3,1,4.89,4
395,4,16,2.43,4
395,5,11,3.45,4
395,6,6,3.69,4
395,7,1,4.8,4
395,8,2,4.46,4
395,9,8,3.6,4
395,10,9,3.15,4
395,11,6,3.64,4
395,12,4,4.39,4
395,13,3,3.88,4
395,14,10,2.31,4
395,15,13,2.58,4
395,16,5,4.53,4
395,17,12,3.44,4
395,18,2,4.33,4
395,19,4,4.45,4
395,20,11,2.89,4
395,21,12,2.68,4
395,22,8,3.86,4
395,23,5,3.12,4
395,24,2,4.66,4
395,25,13,2.38,4
395,26,17,2.47,4
395,27,5,3.92,4
395,28,15,2.56,4
395,29,8,3.99,4
395,30,5,3.54,4
395,31,2,4.22,4
395,32,9,3.01,4
395,33,20,2.33,4
395,34,17,3.21,4
395,35,9,3.63,4
395,36,6,4.22,4
395,37,21,2.52,4
395,38,5,3.76,4
395,39,8,3.5,4
395,40,3,4.81,4
395,41,3,4.73,4
395,42,12,2.46,4
395,43,11,2.92,4
395,44,1,4.09,4
395,45,4,4.29,4
395,46,11,3.53,4
395,47,14,2.68,4
395,48,16,2.5,4
395,49,12,2.95,4
395,50,19,2.13,4
395,51,2,4.01,4
395,52,3,4.24,4
396,1,8,4.23,3
396,2,17,2.29,3
396,3,3,4.89,3
396,4,12,2.43,3
396,5,7,3.45,3
396,6,4,3.69,3
396,7,2,4.8,3
396,8,6,4.46,3
396,9,6,3.6,3
396,10,8,3.15,3
396,11,3,3.64,3
396,12,7,4.39,3
396,13,9,3.88,3
396,14,18,2.31,3
396,15,6,2.58,3
396,16,6,4.53,3
396,17,4,3.44,3
396,18,7,4.33,3
396,19,5,4.45,3
396,20,16,2.89,3
396,21,11,2.68,3
396,22,7,3.86,3
396,23,8,3.12,3
396,24,4,4.66,3
396,25,7,2.38,3
396,26,13,2.47,3
396,27,4,3.92,3
396,28,11,2.56,3
396,29,5,3.99,3
396,30,2,3.54,3
396,31,9,4.22,3
396,32,7,3.01,3
396,33,6,2.33,3
396,34,2,3.21,3
396,35,5,3.63,3
396,36,4,4.22,3
396,37,13,2.52,3
396,38,5,3.76,3
396,39,8,3.5,3
396,40,8,4.81,3
396,41,5,4.73,3
396,42,10,2.46,3
396,43,9,2.92,3
396,44,6,4.09,3
396,45,8,4.29,3
396,46,9,3.53,3
396,47,12,2.68,3
396,48,10,2.5,3
396,49,10,2.95,3
396,50,13,2.13,3
396,51,4,4.01,3
396,52,1,4.24,3
397,1,6,4.23,3
397,2,4,2.29,3
397,3,2,4.89,3
397,4,11,2.43,3
397,5,5,3.45,3
397,6,5,3.69,3
397,7,5,4.8,3
397,8,3,4.46,3
397,9,9,3.6,3
397,10,7,3.15,3
397,11,5,3.64,3
397,12,3,4.39,3
397,13,2,3.88,3
397,14,18,2.31,3
397,15,10,2.58,3
397,16,8,4.53,3
397,17,5,3.44,3
397,18,3,4.33,3
397,19,8,4.45,3
397,20,4,2.89,3
397,21,12,2.68,3
397,22,5,3.86,3
397,23,6,3.12,3
397,24,6,4.66,3
397,25,11,2.38,3
397,26,12,2.47,3
397,27,1,3.92,3
397,28,13,2.56,3
397,29,6,3.99,3
397,30,7,3.54,3
397,31,5,4.22,3
397,32,12,3.01,3
397,33,13,2.33,3
397,34,7,3.21,3
397,35,6,3.63,3
397,36,4,4.22,3
397,37,7,2.52,3
397,38,4,3.76,3
397,39,9,3.5,3
397,40,6,4.81,3
397,41,7,4.73,3
397,42,13,2.46,3
397,43,13,2.92,3
397,44,4,4.09,3
397,45,4,4.29,3
397,46,12,3.53,3
397,47,18,2.68,3
397,48,12,2.5,3
397,49,6,2.95,3
397,50,10,2.13,3
397,51,2,4.01,3
397,52,4,4.24,3
398,1,0,4.23,1
398,2,3,2.29,1
398,3,1,4.89,1
398,4,6,2.43,1
398,5,0,3.45,1
398,6,1,3.69,1
398,7,0,4.8,1
398,8,2,4.46,1
398,9,0,3.6,1
398,10,1,3.15,1
398,11,3,3.64,1
398,12,1,4.39,1
398,13,2,3.88,1
398,14,3,2.31,1
398,15,5,2.58,1
398,16,0,4.53,1
398,17,5,3.44,1
398,18,1,4.33,1
398,19,0,4.45,1
398,20,5,2.89,1
398,21,1,2.68,1
398,22,1,3.86,1
398,23,2,3.12,1
398,24,2,4.66,1
398,25,5,2.38,1
398,26,4,2.47,1
398,27,2,3.92,1
398,28,2,2.56,1
398,29,4,3.99,1
398,30,4,3.54,1
398,31,0,4.22,1
398,32,2,3.01,1
398,33,6,2.33,1
398,34,2,3.21,1
398,35,4,3.63,1
398,36,2,4.22,1
398,37,4,2.52,1
398,38,2,3.76,1
398,39,2,3.5,1
398,40,1,4.81,1
398,41,1,4.73,1
398,42,5,2.46,1
398,43,2,2.92,1
398,44,2,4.09,1
398,45,2,4.29,1
398,46,4,3.53,1
398,47,2,2.68,1
398,48,3,2.5,1
398,49,2,2.95,1
398,50,5,2.13,1
398,51,1,4.01,1
398,52,1,4.24,1
399,1,3,4.23,3
399,2,13,2.29,3
399,3,3,4.89,3
399,4,12,2.43,3
399,5,6,3.45,3
399,6,4,3.69,3
399,7,1,4.8,3
399,8,4,4.46,3
399,9,4,3.6,3
399,10,5,3.15,3
399,11,9,3.64,3
399,12,2,4.39,3
399,13,7,3.88,3
399,14,14,2.31,3
399,15,7,2.58,3
399,16,2,4.53,3
399,17,13,3.44,3
399,18,6,4.33,3
399,19,5,4.45,3
399,20,7,2.89,3
399,21,12,2.68,3
399,22,4,3.86,3
399,23,10,3.12,3
399,24,5,4.66,3
399,25,8,2.38,3
399,26,6,2.47,3
399,27,6,3.92,3
399,28,9,2.56,3
399,29,4,3.99,3
399,30,3,3.54,3
399,31,4,4.22,3
399,32,10,3.01,3
399,33,11,2.33,3
399,34,9,3.21,3
399,35,4,3.63,3
399,36,3,4.22,3
399,37,5,2.52,3
399,38,4,3.76,3
399,39,9,3.5,3
399,40,5,4.81,3
399,41,5,4.73,3
399,42,17,2.46,3
399,43,11,2.92,3
399,44,6,4.09,3
399,45,3,4.29,3
399,46,5,3.53,3
399,47,14,2.68,3
399,48,2,2.5,3
399,49,9,2.95,3
399,50,8,2.13,3
399,51,7,4.01,3
399,52,3,4.24,3
400,1,3,4.23,3
400,2,12,2.29,3
400,3,0,4.89,3
400,4,12,2.43,3
400,5,3,3.45,3
400,6,6,3.69,3
400,7,5,4.8,3
400,8,4,4.46,3
400,9,2,3.6,3
400,10,4,3.15,3
400,11,7,3.64,3
400,12,1,4.39,3
400,13,1,3.88,3
400,14,16,2.31,3
400,15,12,2.58,3
400,16,2,4.53,3
400,17,4,3.44,3
400,18,1,4.33,3
400,19,0,4.45,3
400,20,7,2.89,3
400,21,11,2.68,3
400,22,4,3.86,3
400,23,6,3.12,3
400,24,2,4.66,3
400,25,13,2.38,3
400,26,16,2.47,3
400,27,2,3.92,3
400,28,13,2.56,3
400,29,0,3.99,3
400,30,6,3.54,3
400,31,3,4.22,3
400,32,5,3.01,3
400,33,14,2.33,3
400,34,6,3.21,3
400,35,0,3.63,3
400,36,4,4.22,3
400,37,15,2.52,3
400,38,3,3.76,3
400,39,3,3.5,3
400,40,1,4.81,3
400,41,0,4.73,3
400,42,11,2.46,3
400,43,5,2.92,3
400,44,2,4.09,3
400,45,1,4.29,3
400,46,6,3.53,3
400,47,11,2.68,3
400,48,9,2.5,3
400,49,9,2.95,3
400,50,14,2.13,3
400,51,2,4.01,3
400,52,2,4.24,3
401,1,0,4.23,1
401,2,0,2.29,1
401,3,0,4.89,1
401,4,0,2.43,1
401,5,0,3.45,1
401,6,0,3.69,1
401,7,0,4.8,1
401,8,0,4.46,1
401,9,0,3.6,1
401,10,1,3.15,1
401,11,0,3.64,1
401,12,0,4.39,1
401,13,1,3.88,1
401,14,0,2.31,1
401,15,0,2.58,1
401,16,0,4.53,1
401,17,0,3.44,1
401,18,0,4.33,1
401,19,0,4.45,1
401,20,0,2.89,1
401,21,1,2.68,1
401,22,0,3.86,1
401,23,0,3.12,1
401,24,0,4.66,1
401,25,1,2.38,1
401,26,2,2.47,1
401,27,0,3.92,1
401,28,1,2.56,1
401,29,0,3.99,1
401,30,1,3.54,1
401,31,0,4.22,1
401,32,0,3.01,1
401,33,0,2.33,1
401,34,0,3.21,1
401,35,0,3.63,1
401,36,0,4.22,1
401,37,1,2.52,1
401,38,0,3.76,1
401,39,0,3.5,1
401,40,0,4.81,1
401,41,0,4.73,1
401,42,1,2.46,1
401,43,0,2.92,1
401,44,0,4.09,1
401,45,0,4.29,1
401,46,0,3.53,1
401,47,2,2.68,1
401,48,0,2.5,1
401,49,0,2.95,1
401,50,0,2.13,1
401,51,0,4.01,1
401,52,0,4.24,1
402,1,0,4.23,4
402,2,5,2.29,4
402,3,0,4.89,4
402,4,2,2.43,4
402,5,1,3.45,4
402,6,1,3.69,4
402,7,0,4.8,4
402,8,0,4.46,4
402,9,1,3.6,4
402,10,0,3.15,4
402,11,0,3.64,4
402,12,0,4.39,4
402,13,1,3.88,4
402,14,3,2.31,4
402,15,0,2.58,4
402,16,1,4.53,4
402,17,1,3.44,4
402,18,0,4.33,4
402,19,0,4.45,4
402,20,0,2.89,4
402,21,1,2.68,4
402,22,0,3.86,4
402,23,0,3.12,4
402,24,0,4.66,4
402,25,2,2.38,4
402,26,0,2.47,4
402,27,0,3.92,4
402,28,2,2.56,4
402,29,0,3.99,4
402,30,0,3.54,4
402,31,0,4.22,4
402,32,1,3.01,4
402,33,2,2.33,4
402,34,1,3.21,4
402,35,1,3.63,4
402,36,0,4.22,4
402,37,0,2.52,4
402,38,0,3.76,4
402,39,3,3.5,4
402,40,0,4.81,4
402,41,0,4.73,4
402,42,0,2.46,4
402,43,1,2.92,4
402,44,0,4.09,4
402,45,1,4.29,4
402,46,0,3.53,4
402,47,0,2.68,4
402,48,2,2.5,4
402,49,0,2.95,4
402,50,3,2.13,4
402,51,0,4.01,4
402,52,0,4.24,4
403,1,7,4.23,4
403,2,13,2.29,4
403,3,8,4.89,4
403,4,11,2.43,4
403,5,14,3.45,4
403,6,7,3.69,4
403,7,8,4.8,4
403,8,8,4.46,4
403,9,16,3.6,4
403,10,16,3.15,4
403,11,12,3.64,4
403,12,4,4.39,4
403,13,11,3.88,4
403,14,15,2.31,4
403,15,15,2.58,4
403,16,11,4.53,4
403,17,18,3.44,4
403,18,14,4.33,4
403,19,8,4.45,4
403,20,13,2.89,4
403,21,16,2.68,4
403,22,11,3.86,4
403,23,14,3.12,4
403,24,7,4.66,4
403,25,14,2.38,4
403,26,17,2.47,4
403,27,10,3.92,4
403,28,18,2.56,4
403,29,8,3.99,4
403,30,18,3.54,4
403,31,5,4.22,4
403,32,13,3.01,4
403,33,15,2.33,4
403,34,16,3.21,4
403,35,12,3.63,4
403,36,10,4.22,4
403,37,14,2.52,4
403,38,15,3.76,4
403,39,13,3.5,4
403,40,7,4.81,4
403,41,5,4.73,4
403,42,12,2.46,4
403,43,15,2.92,4
403,44,8,4.09,4
403,45,13,4.29,4
403,46,11,3.53,4
403,47,19,2.68,4
403,48,12,2.5,4
403,49,19,2.95,4
403,50,12,2.13,4
403,51,8,4.01,4
403,52,9,4.24,4
404,1,1,4.23,3
404,2,4,2.29,3
404,3,0,4.89,3
404,4,2,2.43,3
404,5,0,3.45,3
404,6,0,3.69,3
404,7,0,4.8,3
404,8,0,4.46,3
404,9,1,3.6,3
404,10,0,3.15,3
404,11,0,3.64,3
404,12,0,4.39,3
404,13,0,3.88,3
404,14,2,2.31,3
404,15,1,2.58,3
404,16,0,4.53,3
404,17,0,3.44,3
404,18,1,4.33,3
404,19,0,4.45,3
404,20,0,2.89,3
404,21,1,2.68,3
404,22,0,3.86,3
404,23,0,3.12,3
404,24,0,4.66,3
404,25,2,2.38,3
404,26,1,2.47,3
404,27,0,3.92,3
404,28,0,2.56,3
404,29,0,3.99,3
404,30,1,3.54,3
404,31,0,4.22,3
404,32,0,3.01,3
404,33,4,2.33,3
404,34,0,3.21,3
404,35,0,3.63,3
404,36,0,4.22,3
404,37,2,2.52,3
404,38,0,3.76,3
404,39,0,3.5,3
404,40,0,4.81,3
404,41,0,4.73,3
404,42,1,2.46,3
404,43,0,2.92,3
404,44,0,4.09,3
404,45,0,4.29,3
404,46,0,3.53,3
404,47,0,2.68,3
404,48,1,2.5,3
404,49,0,2.95,3
404,50,2,2.13,3
404,51,0,4.01,3
404,52,0,4.24,3
405,1,1,4.23,3
405,2,6,2.29,3
405,3,1,4.89,3
405,4,13,2.43,3
405,5,4,3.45,3
405,6,7,3.69,3
405,7,2,4.8,3
405,8,3,4.46,3
405,9,8,3.6,3
405,10,11,3.15,3
405,11,6,3.64,3
405,12,5,4.39,3
405,13,5,3.88,3
405,14,15,2.31,3
405,15,8,2.58,3
405,16,0,4.53,3
405,17,9,3.44,3
405,18,4,4.33,3
405,19,1,4.45,3
405,20,5,2.89,3
405,21,11,2.68,3
405,22,4,3.86,3
405,23,3,3.12,3
405,24,1,4.66,3
405,25,13,2.38,3
405,26,14,2.47,3
405,27,1,3.92,3
405,28,13,2.56,3
405,29,2,3.99,3
405,30,2,3.54,3
405,31,1,4.22,3
405,32,8,3.01,3
405,33,10,2.33,3
405,34,3,3.21,3
405,35,3,3.63,3
405,36,2,4.22,3
405,37,11,2.52,3
405,38,1,3.76,3
405,39,3,3.5,3
405,40,1,4.81,3
405,41,1,4.73,3
405,42,12,2.46,3
405,43,6,2.92,3
405,44,0,4.09,3
405,45,2,4.29,3
405,46,6,3.53,3
405,47,9,2.68,3
405,48,18,2.5,3
405,49,7,2.95,3
405,50,12,2.13,3
405,51,5,4.01,3
405,52,2,4.24,3
406,1,1,4.23,3
406,2,14,2.29,3
406,3,1,4.89,3
406,4,14,2.43,3
406,5,4,3.45,3
406,6,5,3.69,3
406,7,0,4.8,3
406,8,1,4.46,3
406,9,2,3.6,3
406,10,5,3.15,3
406,11,8,3.64,3
406,12,1,4.39,3
406,13,4,3.88,3
406,14,17,2.31,3
406,15,10,2.58,3
406,16,1,4.53,3
406,17,4,3.44,3
406,18,0,4.33,3
406,19,0,4.45,3
406,20,4,2.89,3
406,21,10,2.68,3
406,22,5,3.86,3
406,23,4,3.12,3
406,24,2,4.66,3
406,25,9,2.38,3
406,26,11,2.47,3
406,27,5,3.92,3
406,28,6,2.56,3
406,29,2,3.99,3
406,30,1,3.54,3
406,31,1,4.22,3
406,32,11,3.01,3
406,33,9,2.33,3
406,34,4,3.21,3
406,35,2,3.63,3
406,36,2,4.22,3
406,37,11,2.52,3
406,38,3,3.76,3
406,39,3,3.5,3
406,40,1,4.81,3
406,41,1,4.73,3
406,42,18,2.46,3
406,43,9,2.92,3
406,44,0,4.09,3
406,45,3,4.29,3
406,46,5,3.53,3
406,47,6,2.68,3
406,48,6,2.5,3
406,49,4,2.95,3
406,50,18,2.13,3
406,51,2,4.01,3
406,52,1,4.24,3
407,1,1,4.23,1
407,2,3,2.29,1
407,3,0,4.89,1
407,4,3,2.43,1
407,5,3,3.45,1
407,6,1,3.69,1
407,7,0,4.8,1
407,8,0,4.46,1
407,9,1,3.6,1
407,10,1,3.15,1
407,11,8,3.64,1
407,12,3,4.39,1
407,13,1,3.88,1
407,14,3,2.31,1
407,15,1,2.58,1
407,16,1,4.53,1
407,17,2,3.44,1
407,18,0,4.33,1
407,19,1,4.45,1
407,20,4,2.89,1
407,21,1,2.68,1
407,22,1,3.86,1
407,23,2,3.12,1
407,24,1,4.66,1
407,25,2,2.38,1
407,26,3,2.47,1
407,27,4,3.92,1
407,28,3,2.56,1
407,29,0,3.99,1
407,30,1,3.54,1
407,31,2,4.22,1
407,32,2,3.01,1
407,33,3,2.33,1
407,34,2,3.21,1
407,35,2,3.63,1
407,36,0,4.22,1
407,37,1,2.52,1
407,38,2,3.76,1
407,39,2,3.5,1
407,40,2,4.81,1
407,41,0,4.73,1
407,42,6,2.46,1
407,43,2,2.92,1
407,44,3,4.09,1
407,45,1,4.29,1
407,46,1,3.53,1
407,47,1,2.68,1
407,48,3,2.5,1
407,49,3,2.95,1
407,50,5,2.13,1
407,51,1,4.01,1
407,52,2,4.24,1
408,1,8,4.23,5
408,2,10,2.29,5
408,3,3,4.89,5
408,4,13,2.43,5
408,5,22,3.45,5
408,6,19,3.69,5
408,7,8,4.8,5
408,8,4,4.46,5
408,9,7,3.6,5
408,10,13,3.15,5
408,11,13,3.64,5
408,12,7,4.39,5
408,13,20,3.88,5
408,14,13,2.31,5
408,15,19,2.58,5
408,16,7,4.53,5
408,17,14,3.44,5
408,18,7,4.33,5
408,19,10,4.45,5
408,20,16,2.89,5
408,21,8,2.68,5
408,22,13,3.86,5
408,23,16,3.12,5
408,24,5,4.66,5
408,25,19,2.38,5
408,26,18,2.47,5
408,27,10,3.92,5
408,28,19,2.56,5
408,29,10,3.99,5
408,30,19,3.54,5
408,31,10,4.22,5
408,32,14,3.01,5
408,33,15,2.33,5
408,34,14,3.21,5
408,35,19,3.63,5
408,36,6,4.22,5
408,37,12,2.52,5
408,38,15,3.76,5
408,39,18,3.5,5
408,40,9,4.81,5
408,41,4,4.73,5
408,42,21,2.46,5
408,43,16,2.92,5
408,44,9,4.09,5
408,45,12,4.29,5
408,46,13,3.53,5
408,47,17,2.68,5
408,48,11,2.5,5
408,49,16,2.95,5
408,50,11,2.13,5
408,51,9,4.01,5
408,52,6,4.24,5
409,1,0,4.23,4
409,2,1,2.29,4
409,3,0,4.89,4
409,4,0,2.43,4
409,5,2,3.45,4
409,6,0,3.69,4
409,7,0,4.8,4
409,8,0,4.46,4
409,9,0,3.6,4
409,10,0,3.15,4
409,11,0,3.64,4
409,12,0,4.39,4
409,13,0,3.88,4
409,14,2,2.31,4
409,15,1,2.58,4
409,16,0,4.53,4
409,17,0,3.44,4
409,18,1,4.33,4
409,19,0,4.45,4
409,20,3,2.89,4
409,21,0,2.68,4
409,22,1,3.86,4
409,23,1,3.12,4
409,24,0,4.66,4
409,25,3,2.38,4
409,26,3,2.47,4
409,27,0,3.92,4
409,28,1,2.56,4
409,29,0,3.99,4
409,30,0,3.54,4
409,31,0,4.22,4
409,32,0,3.01,4
409,33,1,2.33,4
409,34,0,3.21,4
409,35,0,3.63,4
409,36,0,4.22,4
409,37,1,2.52,4
409,38,0,3.76,4
409,39,0,3.5,4
409,40,0,4.81,4
409,41,0,4.73,4
409,42,1,2.46,4
409,43,1,2.92,4
409,44,0,4.09,4
409,45,0,4.29,4
409,46,0,3.53,4
409,47,1,2.68,4
409,48,3,2.5,4
409,49,1,2.95,4
409,50,4,2.13,4
409,51,0,4.01,4
409,52,0,4.24,4
410,1,4,4.23,3
410,2,15,2.29,3
410,3,2,4.89,3
410,4,18,2.43,3
410,5,5,3.45,3
410,6,6,3.69,3
410,7,5,4.8,3
410,8,3,4.46,3
410,9,8,3.6,3
410,10,6,3.15,3
410,11,7,3.64,3
410,12,5,4.39,3
410,13,6,3.88,3
410,14,11,2.31,3
410,15,13,2.58,3
410,16,7,4.53,3
410,17,10,3.44,3
410,18,6,4.33,3
410,19,4,4.45,3
410,20,11,2.89,3
410,21,9,2.68,3
410,22,8,3.86,3
410,23,10,3.12,3
410,24,2,4.66,3
410,25,8,2.38,3
410,26,13,2.47,3
410,27,8,3.92,3
410,28,12,2.56,3
410,29,9,3.99,3
410,30,9,3.54,3
410,31,4,4.22,3
410,32,9,3.01,3
410,33,12,2.33,3
410,34,9,3.21,3
410,35,8,3.63,3
410,36,7,4.22,3
410,37,9,2.52,3
410,38,7,3.76,3
410,39,8,3.5,3
410,40,5,4.81,3
410,41,5,4.73,3
410,42,14,2.46,3
410,43,3,2.92,3
410,44,5,4.09,3
410,45,1,4.29,3
410,46,5,3.53,3
410,47,15,2.68,3
410,48,11,2.5,3
410,49,12,2.95,3
410,50,15,2.13,3
410,51,10,4.01,3
410,52,6,4.24,3
411,1,1,4.23,5
411,2,2,2.29,5
411,3,0,4.89,5
411,4,2,2.43,5
411,5,4,3.45,5
411,6,0,3.69,5
411,7,0,4.8,5
411,8,0,4.46,5
411,9,0,3.6,5
411,10,2,3.15,5
411,11,1,3.64,5
411,12,1,4.39,5
411,13,0,3.88,5
411,14,4,2.31,5
411,15,1,2.58,5
411,16,0,4.53,5
411,17,2,3.44,5
411,18,0,4.33,5
411,19,0,4.45,5
411,20,0,2.89,5
411,21,2,2.68,5
411,22,0,3.86,5
411,23,0,3.12,5
411,24,0,4.66,5
411,25,4,2.38,5
411,26,2,2.47,5
411,27,0,3.92,5
411,28,3,2.56,5
411,29,1,3.99,5
411,30,2,3.54,5
411,31,0,4.22,5
411,32,0,3.01,5
411,33,2,2.33,5
411,34,1,3.21,5
411,35,0,3.63,5
411,36,0,4.22,5
411,37,3,2.52,5
411,38,0,3.76,5
411,39,2,3.5,5
411,40,0,4.81,5
411,41,0,4.73,5
411,42,0,2.46,5
411,43,1,2.92,5
411,44,1,4.09,5
411,45,0,4.29,5
411,46,0,3.53,5
411,47,1,2.68,5
411,48,5,2.5,5
411,49,1,2.95,5
411,50,6,2.13,5
411,51,1,4.01,5
411,52,0,4.24,5
412,1,0,4.23,1
412,2,0,2.29,1
412,3,0,4.89,1
412,4,3,2.43,1
412,5,0,3.45,1
412,6,0,3.69,1
412,7,0,4.8,1
412,8,0,4.46,1
412,9,0,3.6,1
412,10,0,3.15,1
412,11,0,3.64,1
412,12,0,4.39,1
412,13,0,3.88,1
412,14,1,2.31,1
412,15,1,2.58,1
412,16,0,4.53,1
412,17,0,3.44,1
412,18,0,4.33,1
412,19,0,4.45,1
412,20,1,2.89,1
412,21,1,2.68,1
412,22,0,3.86,1
412,23,0,3.12,1
412,24,0,4.66,1
412,25,2,2.38,1
412,26,0,2.47,1
412,27,0,3.92,1
412,28,0,2.56,1
412,29,0,3.99,1
412,30,0,3.54,1
412,31,0,4.22,1
412,32,0,3.01,1
412,33,0,2.33,1
412,34,0,3.21,1
412,35,0,3.63,1
412,36,0,4.22,1
412,37,1,2.52,1
412,38,0,3.76,1
412,39,0,3.5,1
412,40,0,4.81,1
412,41,0,4.73,1
412,42,0,2.46,1
412,43,0,2.92,1
412,44,0,4.09,1
412,45,0,4.29,1
412,46,0,3.53,1
412,47,2,2.68,1
412,48,0,2.5,1
412,49,0,2.95,1
412,50,1,2.13,1
412,51,0,4.01,1
412,52,0,4.24,1
413,1,14,4.23,5
413,2,18,2.29,5
413,3,13,4.89,5
413,4,20,2.43,5
413,5,16,3.45,5
413,6,20,3.69,5
413,7,9,4.8,5
413,8,14,4.46,5
413,9,15,3.6,5
413,10,18,3.15,5
413,11,18,3.64,5
413,12,14,4.39,5
413,13,10,3.88,5
413,14,19,2.31,5
413,15,16,2.58,5
413,16,14,4.53,5
413,17,11,3.44,5
413,18,8,4.33,5
413,19,7,4.45,5
413,20,17,2.89,5
413,21,20,2.68,5
413,22,9,3.86,5
413,23,11,3.12,5
413,24,7,4.66,5
413,25,8,2.38,5
413,26,14,2.47,5
413,27,12,3.92,5
413,28,17,2.56,5
413,29,10,3.99,5
413,30,10,3.54,5
413,31,19,4.22,5
413,32,16,3.01,5
413,33,15,2.33,5
413,34,10,3.21,5
413,35,22,3.63,5
413,36,16,4.22,5
413,37,14,2.52,5
413,38,19,3.76,5
413,39,16,3.5,5
413,40,18,4.81,5
413,41,8,4.73,5
413,42,24,2.46,5
413,43,15,2.92,5
413,44,17,4.09,5
413,45,22,4.29,5
413,46,10,3.53,5
413,47,17,2.68,5
413,48,15,2.5,5
413,49,16,2.95,5
413,50,21,2.13,5
413,51,10,4.01,5
413,52,18,4.24,5
414,1,2,4.23,1
414,2,4,2.29,1
414,3,0,4.89,1
414,4,2,2.43,1
414,5,0,3.45,1
414,6,0,3.69,1
414,7,0,4.8,1
414,8,2,4.46,1
414,9,0,3.6,1
414,10,2,3.15,1
414,11,0,3.64,1
414,12,0,4.39,1
414,13,0,3.88,1
414,14,1,2.31,1
414,15,1,2.58,1
414,16,1,4.53,1
414,17,1,3.44,1
414,18,0,4.33,1
414,19,1,4.45,1
414,20,3,2.89,1
414,21,3,2.68,1
414,22,1,3.86,1
414,23,3,3.12,1
414,24,0,4.66,1
414,25,3,2.38,1
414,26,5,2.47,1
414,27,1,3.92,1
414,28,1,2.56,1
414,29,0,3.99,1
414,30,2,3.54,1
414,31,0,4.22,1
414,32,3,3.01,1
414,33,2,2.33,1
414,34,2,3.21,1
414,35,0,3.63,1
414,36,0,4.22,1
414,37,2,2.52,1
414,38,0,3.76,1
414,39,1,3.5,1
414,40,0,4.81,1
414,41,1,4.73,1
414,42,2,2.46,1
414,43,0,2.92,1
414,44,0,4.09,1
414,45,1,4.29,1
414,46,2,3.53,1
414,47,4,2.68,1
414,48,2,2.5,1
414,49,2,2.95,1
414,50,4,2.13,1
414,51,0,4.01,1
414,52,2,4.24,1
415,1,0,4.23,1
415,2,0,2.29,1
415,3,0,4.89,1
415,4,0,2.43,1
415,5,0,3.45,1
415,6,0,3.69,1
415,7,0,4.8,1
415,8,0,4.46,1
415,9,0,3.6,1
415,10,0,3.15,1
415,11,0,3.64,1
415,12,0,4.39,1
415,13,0,3.88,1
415,14,1,2.31,1
415,15,0,2.58,1
415,16,0,4.53,1
415,17,0,3.44,1
415,18,0,4.33,1
415,19,0,4.45,1
415,20,2,2.89,1
415,21,0,2.68,1
415,22,0,3.86,1
415,23,0,3.12,1
415,24,0,4.66,1
415,25,0,2.38,1
415,26,2,2.47,1
415,27,0,3.92,1
415,28,1,2.56,1
415,29,0,3.99,1
415,30,0,3.54,1
415,31,0,4.22,1
415,32,1,3.01,1
415,33,0,2.33,1
415,34,0,3.21,1
415,35,0,3.63,1
415,36,0,4.22,1
415,37,0,2.52,1
415,38,1,3.76,1
415,39,0,3.5,1
415,40,0,4.81,1
415,41,0,4.73,1
415,42,0,2.46,1
415,43,0,2.92,1
415,44,0,4.09,1
415,45,1,4.29,1
415,46,0,3.53,1
415,47,0,2.68,1
415,48,1,2.5,1
415,49,0,2.95,1
415,50,1,2.13,1
415,51,0,4.01,1
415,52,0,4.24,1
416,1,0,4.23,3
416,2,1,2.29,3
416,3,0,4.89,3
416,4,1,2.43,3
416,5,0,3.45,3
416,6,0,3.69,3
416,7,0,4.8,3
416,8,0,4.46,3
416,9,0,3.6,3
416,10,0,3.15,3
416,11,0,3.64,3
416,12,0,4.39,3
416,13,0,3.88,3
416,14,0,2.31,3
416,15,0,2.58,3
416,16,0,4.53,3
416,17,0,3.44,3
416,18,0,4.33,3
416,19,0,4.45,3
416,20,0,2.89,3
416,21,1,2.68,3
416,22,1,3.86,3
416,23,1,3.12,3
416,24,1,4.66,3
416,25,3,2.38,3
416,26,5,2.47,3
416,27,0,3.92,3
416,28,3,2.56,3
416,29,1,3.99,3
416,30,1,3.54,3
416,31,0,4.22,3
416,32,0,3.01,3
416,33,3,2.33,3
416,34,0,3.21,3
416,35,0,3.63,3
416,36,0,4.22,3
416,37,1,2.52,3
416,38,0,3.76,3
416,39,0,3.5,3
416,40,0,4.81,3
416,41,0,4.73,3
416,42,1,2.46,3
416,43,1,2.92,3
416,44,0,4.09,3
416,45,0,4.29,3
416,46,1,3.53,3
416,47,0,2.68,3
416,48,4,2.5,3
416,49,3,2.95,3
416,50,1,2.13,3
416,51,0,4.01,3
416,52,0,4.24,3
417,1,12,4.23,5
417,2,18,2.29,5
417,3,7,4.89,5
417,4,12,2.43,5
417,5,18,3.45,5
417,6,21,3.69,5
417,7,6,4.8,5
417,8,6,4.46,5
417,9,19,3.6,5
417,10,11,3.15,5
417,11,22,3.64,5
417,12,9,4.39,5
417,13,16,3.88,5
417,14,13,2.31,5
417,15,14,2.58,5
417,16,15,4.53,5
417,17,11,3.44,5
417,18,7,4.33,5
417,19,10,4.45,5
417,20,16,2.89,5
417,21,17,2.68,5
417,22,19,3.86,5
417,23,13,3.12,5
417,24,5,4.66,5
417,25,18,2.38,5
417,26,13,2.47,5
417,27,9,3.92,5
417,28,17,2.56,5
417,29,12,3.99,5
417,30,21,3.54,5
417,31,12,4.22,5
417,32,13,3.01,5
417,33,15,2.33,5
417,34,16,3.21,5
417,35,16,3.63,5
417,36,11,4.22,5
417,37,18,2.52,5
417,38,12,3.76,5
417,39,10,3.5,5
417,40,5,4.81,5
417,41,7,4.73,5
417,42,15,2.46,5
417,43,11,2.92,5
417,44,13,4.09,5
417,45,4,4.29,5
417,46,7,3.53,5
417,47,19,2.68,5
417,48,21,2.5,5
417,49,13,2.95,5
417,50,12,2.13,5
417,51,8,4.01,5
417,52,10,4.24,5
418,1,10,4.23,5
418,2,15,2.29,5
418,3,7,4.89,5
418,4,17,2.43,5
418,5,6,3.45,5
418,6,21,3.69,5
418,7,3,4.8,5
418,8,6,4.46,5
418,9,16,3.6,5
418,10,21,3.15,5
418,11,17,3.64,5
418,12,10,4.39,5
418,13,11,3.88,5
418,14,18,2.31,5
418,15,15,2.58,5
418,16,6,4.53,5
418,17,19,3.44,5
418,18,5,4.33,5
418,19,6,4.45,5
418,20,12,2.89,5
418,21,14,2.68,5
418,22,8,3.86,5
418,23,14,3.12,5
418,24,5,4.66,5
418,25,14,2.38,5
418,26,7,2.47,5
418,27,15,3.92,5
418,28,13,2.56,5
418,29,15,3.99,5
418,30,15,3.54,5
418,31,13,4.22,5
418,32,16,3.01,5
418,33,13,2.33,5
418,34,10,3.21,5
418,35,20,3.63,5
418,36,13,4.22,5
418,37,17,2.52,5
418,38,7,3.76,5
418,39,20,3.5,5
418,40,3,4.81,5
418,41,6,4.73,5
418,42,14,2.46,5
418,43,18,2.92,5
418,44,10,4.09,5
418,45,5,4.29,5
418,46,16,3.53,5
418,47,13,2.68,5
418,48,13,2.5,5
418,49,14,2.95,5
418,50,15,2.13,5
418,51,11,4.01,5
418,52,7,4.24,5
419,1,3,4.23,3
419,2,8,2.29,3
419,3,0,4.89,3
419,4,5,2.43,3
419,5,6,3.45,3
419,6,6,3.69,3
419,7,1,4.8,3
419,8,3,4.46,3
419,9,2,3.6,3
419,10,7,3.15,3
419,11,5,3.64,3
419,12,4,4.39,3
419,13,3,3.88,3
419,14,7,2.31,3
419,15,12,2.58,3
419,16,3,4.53,3
419,17,4,3.44,3
419,18,2,4.33,3
419,19,1,4.45,3
419,20,11,2.89,3
419,21,9,2.68,3
419,22,3,3.86,3
419,23,4,3.12,3
419,24,1,4.66,3
419,25,8,2.38,3
419,26,12,2.47,3
419,27,3,3.92,3
419,28,5,2.56,3
419,29,3,3.99,3
419,30,3,3.54,3
419,31,1,4.22,3
419,32,7,3.01,3
419,33,5,2.33,3
419,34,6,3.21,3
419,35,4,3.63,3
419,36,2,4.22,3
419,37,7,2.52,3
419,38,7,3.76,3
419,39,4,3.5,3
419,40,1,4.81,3
419,41,2,4.73,3
419,42,7,2.46,3
419,43,8,2.92,3
419,44,5,4.09,3
419,45,2,4.29,3
419,46,2,3.53,3
419,47,9,2.68,3
419,48,16,2.5,3
419,49,6,2.95,3
419,50,14,2.13,3
419,51,4,4.01,3
419,52,2,4.24,3
420,1,9,4.23,5
420,2,16,2.29,5
420,3,4,4.89,5
420,4,17,2.43,5
420,5,12,3.45,5
420,6,13,3.69,5
420,7,6,4.8,5
420,8,6,4.46,5
420,9,12,3.6,5
420,10,13,3.15,5
420,11,18,3.64,5
420,12,4,4.39,5
420,13,14,3.88,5
420,14,20,2.31,5
420,15,23,2.58,5
420,16,12,4.53,5
420,17,15,3.44,5
420,18,5,4.33,5
420,19,7,4.45,5
420,20,15,2.89,5
420,21,21,2.68,5
420,22,13,3.86,5
420,23,14,3.12,5
420,24,13,4.66,5
420,25,19,2.38,5
420,26,18,2.47,5
420,27,9,3.92,5
420,28,15,2.56,5
420,29,11,3.99,5
420,30,8,3.54,5
420,31,5,4.22,5
420,32,14,3.01,5
420,33,15,2.33,5
420,34,11,3.21,5
420,35,19,3.63,5
420,36,9,4.22,5
420,37,13,2.52,5
420,38,9,3.76,5
420,39,14,3.5,5
420,40,4,4.81,5
420,41,7,4.73,5
420,42,14,2.46,5
420,43,20,2.92,5
420,44,7,4.09,5
420,45,5,4.29,5
420,46,10,3.53,5
420,47,17,2.68,5
420,48,21,2.5,5
420,49,11,2.95,5
420,50,17,2.13,5
420,51,11,4.01,5
420,52,10,4.24,5
421,1,0,4.23,4
421,2,4,2.29,4
421,3,0,4.89,4
421,4,2,2.43,4
421,5,1,3.45,4
421,6,2,3.69,4
421,7,0,4.8,4
421,8,0,4.46,4
421,9,1,3.6,4
421,10,1,3.15,4
421,11,0,3.64,4
421,12,0,4.39,4
421,13,1,3.88,4
421,14,2,2.31,4
421,15,2,2.58,4
421,16,1,4.53,4
421,17,2,3.44,4
421,18,0,4.33,4
421,19,0,4.45,4
421,20,0,2.89,4
421,21,2,2.68,4
421,22,1,3.86,4
421,23,0,3.12,4
421,24,0,4.66,4
421,25,3,2.38,4
421,26,3,2.47,4
421,27,0,3.92,4
421,28,4,2.56,4
421,29,0,3.99,4
421,30,0,3.54,4
421,31,1,4.22,4
421,32,2,3.01,4
421,33,2,2.33,4
421,34,0,3.21,4
421,35,2,3.63,4
421,36,0,4.22,4
421,37,2,2.52,4
421,38,0,3.76,4
421,39,0,3.5,4
421,40,0,4.81,4
421,41,0,4.73,4
421,42,2,2.46,4
421,43,1,2.92,4
421,44,0,4.09,4
421,45,0,4.29,4
421,46,0,3.53,4
421,47,0,2.68,4
421,48,3,2.5,4
421,49,2,2.95,4
421,50,3,2.13,4
421,51,0,4.01,4
421,52,1,4.24,4
422,1,10,4.23,4
422,2,13,2.29,4
422,3,2,4.89,4
422,4,12,2.43,4
422,5,17,3.45,4
422,6,8,3.69,4
422,7,3,4.8,4
422,8,7,4.46,4
422,9,19,3.6,4
422,10,19,3.15,4
422,11,12,3.64,4
422,12,7,4.39,4
422,13,4,3.88,4
422,14,15,2.31,4
422,15,14,2.58,4
422,16,9,4.53,4
422,17,15,3.44,4
422,18,7,4.33,4
422,19,11,4.45,4
422,20,10,2.89,4
422,21,17,2.68,4
422,22,13,3.86,4
422,23,14,3.12,4
422,24,9,4.66,4
422,25,15,2.38,4
422,26,9,2.47,4
422,27,17,3.92,4
422,28,13,2.56,4
422,29,9,3.99,4
422,30,14,3.54,4
422,31,14,4.22,4
422,32,16,3.01,4
422,33,15,2.33,4
422,34,25,3.21,4
422,35,10,3.63,4
422,36,9,4.22,4
422,37,12,2.52,4
422,38,11,3.76,4
422,39,13,3.5,4
422,40,6,4.81,4
422,41,9,4.73,4
422,42,16,2.46,4
422,43,7,2.92,4
422,44,13,4.09,4
422,45,12,4.29,4
422,46,12,3.53,4
422,47,20,2.68,4
422,48,14,2.5,4
422,49,12,2.95,4
422,50,11,2.13,4
422,51,14,4.01,4
422,52,11,4.24,4
423,1,10,4.23,4
423,2,18,2.29,4
423,3,6,4.89,4
423,4,21,2.43,4
423,5,9,3.45,4
423,6,8,3.69,4
423,7,6,4.8,4
423,8,13,4.46,4
423,9,10,3.6,4
423,10,20,3.15,4
423,11,14,3.64,4
423,12,8,4.39,4
423,13,9,3.88,4
423,14,12,2.31,4
423,15,11,2.58,4
423,16,8,4.53,4
423,17,12,3.44,4
423,18,5,4.33,4
423,19,6,4.45,4
423,20,18,2.89,4
423,21,14,2.68,4
423,22,7,3.86,4
423,23,16,3.12,4
423,24,8,4.66,4
423,25,16,2.38,4
423,26,12,2.47,4
423,27,10,3.92,4
423,28,10,2.56,4
423,29,12,3.99,4
423,30,11,3.54,4
423,31,12,4.22,4
423,32,24,3.01,4
423,33,16,2.33,4
423,34,15,3.21,4
423,35,7,3.63,4
423,36,6,4.22,4
423,37,16,2.52,4
423,38,16,3.76,4
423,39,17,3.5,4
423,40,9,4.81,4
423,41,4,4.73,4
423,42,17,2.46,4
423,43,16,2.92,4
423,44,12,4.09,4
423,45,9,4.29,4
423,46,10,3.53,4
423,47,19,2.68,4
423,48,8,2.5,4
423,49,8,2.95,4
423,50,21,2.13,4
423,51,8,4.01,4
423,52,11,4.24,4
424,1,1,4.23,3
424,2,11,2.29,3
424,3,0,4.89,3
424,4,10,2.43,3
424,5,3,3.45,3
424,6,4,3.69,3
424,7,3,4.8,3
424,8,1,4.46,3
424,9,5,3.6,3
424,10,6,3.15,3
424,11,4,3.64,3
424,12,4,4.39,3
424,13,5,3.88,3
424,14,17,2.31,3
424,15,8,2.58,3
424,16,5,4.53,3
424,17,5,3.44,3
424,18,2,4.33,3
424,19,0,4.45,3
424,20,8,2.89,3
424,21,12,2.68,3
424,22,1,3.86,3
424,23,2,3.12,3
424,24,3,4.66,3
424,25,15,2.38,3
424,26,13,2.47,3
424,27,1,3.92,3
424,28,8,2.56,3
424,29,3,3.99,3
424,30,1,3.54,3
424,31,1,4.22,3
424,32,6,3.01,3
424,33,8,2.33,3
424,34,3,3.21,3
424,35,3,3.63,3
424,36,2,4.22,3
424,37,10,2.52,3
424,38,3,3.76,3
424,39,3,3.5,3
424,40,2,4.81,3
424,41,1,4.73,3
424,42,15,2.46,3
424,43,4,2.92,3
424,44,2,4.09,3
424,45,2,4.29,3
424,46,4,3.53,3
424,47,8,2.68,3
424,48,12,2.5,3
424,49,6,2.95,3
424,50,18,2.13,3
424,51,4,4.01,3
424,52,1,4.24,3
425,1,7,4.23,4
425,2,18,2.29,4
425,3,8,4.89,4
425,4,21,2.43,4
425,5,9,3.45,4
425,6,6,3.69,4
425,7,8,4.8,4
425,8,10,4.46,4
425,9,14,3.6,4
425,10,15,3.15,4
425,11,15,3.64,4
425,12,10,4.39,4
425,13,7,3.88,4
425,14,10,2.31,4
425,15,17,2.58,4
425,16,10,4.53,4
425,17,15,3.44,4
425,18,8,4.33,4
425,19,10,4.45,4
425,20,20,2.89,4
425,21,12,2.68,4
425,22,14,3.86,4
425,23,16,3.12,4
425,24,5,4.66,4
425,25,13,2.38,4
425,26,15,2.47,4
425,27,9,3.92,4
425,28,16,2.56,4
425,29,14,3.99,4
425,30,14,3.54,4
425,31,5,4.22,4
425,32,22,3.01,4
425,33,12,2.33,4
425,34,18,3.21,4
425,35,16,3.63,4
425,36,4,4.22,4
425,37,13,2.52,4
425,38,12,3.76,4
425,39,16,3.5,4
425,40,6,4.81,4
425,41,5,4.73,4
425,42,13,2.46,4
425,43,17,2.92,4
425,44,15,4.09,4
425,45,3,4.29,4
425,46,12,3.53,4
425,47,15,2.68,4
425,48,9,2.5,4
425,49,13,2.95,4
425,50,16,2.13,4
425,51,14,4.01,4
425,52,8,4.24,4
426,1,12,4.23,5
426,2,13,2.29,5
426,3,12,4.89,5
426,4,11,2.43,5
426,5,14,3.45,5
426,6,22,3.69,5
426,7,7,4.8,5
426,8,10,4.46,5
426,9,22,3.6,5
426,10,12,3.15,5
426,11,22,3.64,5
426,12,18,4.39,5
426,13,16,3.88,5
426,14,21,2.31,5
426,15,19,2.58,5
426,16,14,4.53,5
426,17,16,3.44,5
426,18,20,4.33,5
426,19,11,4.45,5
426,20,9,2.89,5
426,21,19,2.68,5
426,22,18,3.86,5
426,23,12,3.12,5
426,24,10,4.66,5
426,25,17,2.38,5
426,26,25,2.47,5
426,27,17,3.92,5
426,28,14,2.56,5
426,29,10,3.99,5
426,30,15,3.54,5
426,31,20,4.22,5
426,32,7,3.01,5
426,33,17,2.33,5
426,34,16,3.21,5
426,35,13,3.63,5
426,36,14,4.22,5
426,37,14,2.52,5
426,38,14,3.76,5
426,39,25,3.5,5
426,40,15,4.81,5
426,41,10,4.73,5
426,42,14,2.46,5
426,43,23,2.92,5
426,44,14,4.09,5
426,45,15,4.29,5
426,46,13,3.53,5
426,47,14,2.68,5
426,48,9,2.5,5
426,49,16,2.95,5
426,50,20,2.13,5
426,51,16,4.01,5
426,52,16,4.24,5
427,1,12,4.23,4
427,2,9,2.29,4
427,3,10,4.89,4
427,4,15,2.43,4
427,5,18,3.45,4
427,6,16,3.69,4
427,7,7,4.8,4
427,8,5,4.46,4
427,9,11,3.6,4
427,10,17,3.15,4
427,11,9,3.64,4
427,12,9,4.39,4
427,13,12,3.88,4
427,14,16,2.31,4
427,15,13,2.58,4
427,16,6,4.53,4
427,17,7,3.44,4
427,18,7,4.33,4
427,19,7,4.45,4
427,20,10,2.89,4
427,21,11,2.68,4
427,22,5,3.86,4
427,23,12,3.12,4
427,24,7,4.66,4
427,25,14,2.38,4
427,26,14,2.47,4
427,27,17,3.92,4
427,28,14,2.56,4
427,29,8,3.99,4
427,30,11,3.54,4
427,31,11,4.22,4
427,32,11,3.01,4
427,33,19,2.33,4
427,34,14,3.21,4
427,35,8,3.63,4
427,36,11,4.22,4
427,37,20,2.52,4
427,38,12,3.76,4
427,39,17,3.5,4
427,40,4,4.81,4
427,41,8,4.73,4
427,42,15,2.46,4
427,43,17,2.92,4
427,44,12,4.09,4
427,45,10,4.29,4
427,46,14,3.53,4
427,47,15,2.68,4
427,48,12,2.5,4
427,49,20,2.95,4
427,50,16,2.13,4
427,51,11,4.01,4
427,52,3,4.24,4
428,1,1,4.23,2
428,2,8,2.29,2
428,3,1,4.89,2
428,4,4,2.43,2
428,5,2,3.45,2
428,6,0,3.69,2
428,7,1,4.8,2
428,8,2,4.46,2
428,9,1,3.6,2
428,10,1,3.15,2
428,11,3,3.64,2
428,12,2,4.39,2
428,13,4,3.88,2
428,14,8,2.31,2
428,15,5,2.58,2
428,16,2,4.53,2
428,17,3,3.44,2
428,18,1,4.33,2
428,19,1,4.45,2
428,20,7,2.89,2
428,21,2,2.68,2
428,22,2,3.86,2
428,23,2,3.12,2
428,24,1,4.66,2
428,25,3,2.38,2
428,26,5,2.47,2
428,27,4,3.92,2
428,28,7,2.56,2
428,29,3,3.99,2
428,30,2,3.54,2
428,31,2,4.22,2
428,32,3,3.01,2
428,33,5,2.33,2
428,34,4,3.21,2
428,35,3,3.63,2
428,36,0,4.22,2
428,37,2,2.52,2
428,38,3,3.76,2
428,39,4,3.5,2
428,40,3,4.81,2
428,41,1,4.73,2
428,42,5,2.46,2
428,43,4,2.92,2
428,44,0,4.09,2
428,45,1,4.29,2
428,46,2,3.53,2
428,47,7,2.68,2
428,48,4,2.5,2
428,49,7,2.95,2
428,50,4,2.13,2
428,51,0,4.01,2
428,52,1,4.24,2
429,1,8,4.23,4
429,2,19,2.29,4
429,3,10,4.89,4
429,4,13,2.43,4
429,5,10,3.45,4
429,6,9,3.69,4
429,7,6,4.8,4
429,8,5,4.46,4
429,9,16,3.6,4
429,10,19,3.15,4
429,11,10,3.64,4
429,12,7,4.39,4
429,13,19,3.88,4
429,14,11,2.31,4
429,15,11,2.58,4
429,16,6,4.53,4
429,17,12,3.44,4
429,18,11,4.33,4
429,19,4,4.45,4
429,20,15,2.89,4
429,21,14,2.68,4
429,22,13,3.86,4
429,23,23,3.12,4
429,24,5,4.66,4
429,25,8,2.38,4
429,26,18,2.47,4
429,27,10,3.92,4
429,28,16,2.56,4
429,29,16,3.99,4
429,30,10,3.54,4
429,31,8,4.22,4
429,32,21,3.01,4
429,33,18,2.33,4
429,34,12,3.21,4
429,35,7,3.63,4
429,36,9,4.22,4
429,37,16,2.52,4
429,38,13,3.76,4
429,39,11,3.5,4
429,40,6,4.81,4
429,41,7,4.73,4
429,42,13,2.46,4
429,43,17,2.92,4
429,44,6,4.09,4
429,45,7,4.29,4
429,46,7,3.53,4
429,47,10,2.68,4
429,48,9,2.5,4
429,49,9,2.95,4
429,50,18,2.13,4
429,51,9,4.01,4
429,52,6,4.24,4
430,1,6,4.23,3
430,2,10,2.29,3
430,3,3,4.89,3
430,4,13,2.43,3
430,5,7,3.45,3
430,6,8,3.69,3
430,7,6,4.8,3
430,8,2,4.46,3
430,9,5,3.6,3
430,10,5,3.15,3
430,11,3,3.64,3
430,12,1,4.39,3
430,13,6,3.88,3
430,14,8,2.31,3
430,15,11,2.58,3
430,16,4,4.53,3
430,17,10,3.44,3
430,18,9,4.33,3
430,19,2,4.45,3
430,20,10,2.89,3
430,21,9,2.68,3
430,22,5,3.86,3
430,23,6,3.12,3
430,24,1,4.66,3
430,25,14,2.38,3
430,26,12,2.47,3
430,27,9,3.92,3
430,28,13,2.56,3
430,29,4,3.99,3
430,30,7,3.54,3
430,31,4,4.22,3
430,32,10,3.01,3
430,33,7,2.33,3
430,34,12,3.21,3
430,35,8,3.63,3
430,36,2,4.22,3
430,37,13,2.52,3
430,38,7,3.76,3
430,39,10,3.5,3
430,40,0,4.81,3
430,41,4,4.73,3
430,42,8,2.46,3
430,43,11,2.92,3
430,44,7,4.09,3
430,45,4,4.29,3
430,46,8,3.53,3
430,47,9,2.68,3
430,48,17,2.5,3
430,49,6,2.95,3
430,50,12,2.13,3
430,51,8,4.01,3
430,52,4,4.24,3
431,1,0,4.23,1
431,2,4,2.29,1
431,3,1,4.89,1
431,4,3,2.43,1
431,5,2,3.45,1
431,6,0,3.69,1
431,7,1,4.8,1
431,8,0,4.46,1
431,9,3,3.6,1
431,10,2,3.15,1
431,11,2,3.64,1
431,12,0,4.39,1
431,13,2,3.88,1
431,14,8,2.31,1
431,15,1,2.58,1
431,16,0,4.53,1
431,17,0,3.44,1
431,18,1,4.33,1
431,19,1,4.45,1
431,20,3,2.89,1
431,21,2,2.68,1
431,22,0,3.86,1
431,23,1,3.12,1
431,24,0,4.66,1
431,25,3,2.38,1
431,26,3,2.47,1
431,27,1,3.92,1
431,28,2,2.56,1
431,29,1,3.99,1
431,30,1,3.54,1
431,31,1,4.22,1
431,32,2,3.01,1
431,33,4,2.33,1
431,34,1,3.21,1
431,35,0,3.63,1
431,36,0,4.22,1
431,37,3,2.52,1
431,38,0,3.76,1
431,39,3,3.5,1
431,40,1,4.81,1
431,41,0,4.73,1
431,42,4,2.46,1
431,43,2,2.92,1
431,44,1,4.09,1
431,45,1,4.29,1
431,46,1,3.53,1
431,47,2,2.68,1
431,48,2,2.5,1
431,49,2,2.95,1
431,50,1,2.13,1
431,51,0,4.01,1
431,52,0,4.24,1
432,1,2,4.23,3
432,2,11,2.29,3
432,3,0,4.89,3
432,4,4,2.43,3
432,5,3,3.45,3
432,6,4,3.69,3
432,7,3,4.8,3
432,8,1,4.46,3
432,9,2,3.6,3
432,10,8,3.15,3
432,11,4,3.64,3
432,12,5,4.39,3
432,13,5,3.88,3
432,14,12,2.31,3
432,15,13,2.58,3
432,16,0,4.53,3
432,17,8,3.44,3
432,18,1,4.33,3
432,19,2,4.45,3
432,20,10,2.89,3
432,21,15,2.68,3
432,22,1,3.86,3
432,23,6,3.12,3
432,24,2,4.66,3
432,25,7,2.38,3
432,26,13,2.47,3
432,27,0,3.92,3
432,28,7,2.56,3
432,29,1,3.99,3
432,30,5,3.54,3
432,31,4,4.22,3
432,32,5,3.01,3
432,33,15,2.33,3
432,34,2,3.21,3
432,35,2,3.63,3
432,36,2,4.22,3
432,37,7,2.52,3
432,38,1,3.76,3
432,39,5,3.5,3
432,40,1,4.81,3
432,41,0,4.73,3
432,42,11,2.46,3
432,43,6,2.92,3
432,44,2,4.09,3
432,45,0,4.29,3
432,46,3,3.53,3
432,47,14,2.68,3
432,48,3,2.5,3
432,49,7,2.95,3
432,50,16,2.13,3
432,51,2,4.01,3
432,52,1,4.24,3
433,1,16,4.23,5
433,2,16,2.29,5
433,3,10,4.89,5
433,4,18,2.43,5
433,5,22,3.45,5
433,6,15,3.69,5
433,7,6,4.8,5
433,8,10,4.46,5
433,9,14,3.6,5
433,10,18,3.15,5
433,11,19,3.64,5
433,12,19,4.39,5
433,13,15,3.88,5
433,14,14,2.31,5
433,15,22,2.58,5
433,16,14,4.53,5
433,17,13,3.44,5
433,18,19,4.33,5
433,19,14,4.45,5
433,20,20,2.89,5
433,21,23,2.68,5
433,22,14,3.86,5
433,23,14,3.12,5
433,24,15,4.66,5
433,25,18,2.38,5
433,26,5,2.47,5
433,27,19,3.92,5
433,28,11,2.56,5
433,29,16,3.99,5
433,30,12,3.54,5
433,31,17,4.22,5
433,32,20,3.01,5
433,33,15,2.33,5
433,34,15,3.21,5
433,35,17,3.63,5
433,36,20,4.22,5
433,37,18,2.52,5
433,38,16,3.76,5
433,39,20,3.5,5
433,40,13,4.81,5
433,41,12,4.73,5
433,42,17,2.46,5
433,43,12,2.92,5
433,44,13,4.09,5
433,45,21,4.29,5
433,46,16,3.53,5
433,47,10,2.68,5
433,48,12,2.5,5
433,49,10,2.95,5
433,50,14,2.13,5
433,51,11,4.01,5
433,52,21,4.24,5
434,1,7,4.23,5
434,2,15,2.29,5
434,3,4,4.89,5
434,4,6,2.43,5
434,5,18,3.45,5
434,6,11,3.69,5
434,7,5,4.8,5
434,8,3,4.46,5
434,9,23,3.6,5
434,10,13,3.15,5
434,11,11,3.64,5
434,12,11,4.39,5
434,13,14,3.88,5
434,14,10,2.31,5
434,15,11,2.58,5
434,16,6,4.53,5
434,17,17,3.44,5
434,18,10,4.33,5
434,19,8,4.45,5
434,20,11,2.89,5
434,21,16,2.68,5
434,22,13,3.86,5
434,23,8,3.12,5
434,24,8,4.66,5
434,25,20,2.38,5
434,26,21,2.47,5
434,27,16,3.92,5
434,28,11,2.56,5
434,29,8,3.99,5
434,30,14,3.54,5
434,31,5,4.22,5
434,32,10,3.01,5
434,33,17,2.33,5
434,34,7,3.21,5
434,35,8,3.63,5
434,36,16,4.22,5
434,37,19,2.52,5
434,38,15,3.76,5
434,39,13,3.5,5
434,40,5,4.81,5
434,41,5,4.73,5
434,42,12,2.46,5
434,43,14,2.92,5
434,44,8,4.09,5
434,45,7,4.29,5
434,46,21,3.53,5
434,47,16,2.68,5
434,48,12,2.5,5
434,49,27,2.95,5
434,50,13,2.13,5
434,51,17,4.01,5
434,52,14,4.24,5
435,1,1,4.23,2
435,2,8,2.29,2
435,3,2,4.89,2
435,4,6,2.43,2
435,5,1,3.45,2
435,6,4,3.69,2
435,7,0,4.8,2
435,8,4,4.46,2
435,9,7,3.6,2
435,10,11,3.15,2
435,11,5,3.64,2
435,12,0,4.39,2
435,13,2,3.88,2
435,14,4,2.31,2
435,15,9,2.58,2
435,16,2,4.53,2
435,17,2,3.44,2
435,18,2,4.33,2
435,19,0,4.45,2
435,20,7,2.89,2
435,21,3,2.68,2
435,22,3,3.86,2
435,23,7,3.12,2
435,24,1,4.66,2
435,25,3,2.38,2
435,26,6,2.47,2
435,27,4,3.92,2
435,28,6,2.56,2
435,29,2,3.99,2
435,30,6,3.54,2
435,31,4,4.22,2
435,32,4,3.01,2
435,33,7,2.33,2
435,34,2,3.21,2
435,35,3,3.63,2
435,36,2,4.22,2
435,37,1,2.52,2
435,38,3,3.76,2
435,39,7,3.5,2
435,40,0,4.81,2
435,41,2,4.73,2
435,42,8,2.46,2
435,43,7,2.92,2
435,44,3,4.09,2
435,45,0,4.29,2
435,46,3,3.53,2
435,47,6,2.68,2
435,48,7,2.5,2
435,49,5,2.95,2
435,50,8,2.13,2
435,51,5,4.01,2
435,52,0,4.24,2
436,1,1,4.23,3
436,2,10,2.29,3
436,3,4,4.89,3
436,4,13,2.43,3
436,5,8,3.45,3
436,6,4,3.69,3
436,7,2,4.8,3
436,8,1,4.46,3
436,9,5,3.6,3
436,10,6,3.15,3
436,11,6,3.64,3
436,12,2,4.39,3
436,13,3,3.88,3
436,14,21,2.31,3
436,15,8,2.58,3
436,16,1,4.53,3
436,17,3,3.44,3
436,18,1,4.33,3
436,19,3,4.45,3
436,20,8,2.89,3
436,21,5,2.68,3
436,22,3,3.86,3
436,23,2,3.12,3
436,24,1,4.66,3
436,25,18,2.38,3
436,26,13,2.47,3
436,27,6,3.92,3
436,28,9,2.56,3
436,29,0,3.99,3
436,30,2,3.54,3
436,31,3,4.22,3
436,32,7,3.01,3
436,33,16,2.33,3
436,34,4,3.21,3
436,35,5,3.63,3
436,36,3,4.22,3
436,37,14,2.52,3
436,38,2,3.76,3
436,39,5,3.5,3
436,40,1,4.81,3
436,41,1,4.73,3
436,42,11,2.46,3
436,43,10,2.92,3
436,44,4,4.09,3
436,45,0,4.29,3
436,46,7,3.53,3
436,47,12,2.68,3
436,48,11,2.5,3
436,49,11,2.95,3
436,50,14,2.13,3
436,51,1,4.01,3
436,52,1,4.24,3
437,1,2,4.23,3
437,2,14,2.29,3
437,3,1,4.89,3
437,4,10,2.43,3
437,5,7,3.45,3
437,6,1,3.69,3
437,7,1,4.8,3
437,8,0,4.46,3
437,9,2,3.6,3
437,10,5,3.15,3
437,11,4,3.64,3
437,12,5,4.39,3
437,13,4,3.88,3
437,14,8,2.31,3
437,15,6,2.58,3
437,16,4,4.53,3
437,17,2,3.44,3
437,18,0,4.33,3
437,19,2,4.45,3
437,20,8,2.89,3
437,21,8,2.68,3
437,22,2,3.86,3
437,23,9,3.12,3
437,24,2,4.66,3
437,25,11,2.38,3
437,26,19,2.47,3
437,27,4,3.92,3
437,28,10,2.56,3
437,29,3,3.99,3
437,30,7,3.54,3
437,31,1,4.22,3
437,32,9,3.01,3
437,33,13,2.33,3
437,34,5,3.21,3
437,35,2,3.63,3
437,36,3,4.22,3
437,37,9,2.52,3
437,38,3,3.76,3
437,39,4,3.5,3
437,40,1,4.81,3
437,41,1,4.73,3
437,42,16,2.46,3
437,43,10,2.92,3
437,44,4,4.09,3
437,45,4,4.29,3
437,46,2,3.53,3
437,47,9,2.68,3
437,48,7,2.5,3
437,49,5,2.95,3
437,50,8,2.13,3
437,51,2,4.01,3
437,52,4,4.24,3
438,1,0,4.23,1
438,2,3,2.29,1
438,3,0,4.89,1
438,4,1,2.43,1
438,5,1,3.45,1
438,6,0,3.69,1
438,7,0,4.8,1
438,8,0,4.46,1
438,9,0,3.6,1
438,10,1,3.15,1
438,11,0,3.64,1
438,12,0,4.39,1
438,13,0,3.88,1
438,14,0,2.31,1
438,15,1,2.58,1
438,16,0,4.53,1
438,17,0,3.44,1
438,18,0,4.33,1
438,19,0,4.45,1
438,20,0,2.89,1
438,21,1,2.68,1
438,22,0,3.86,1
438,23,0,3.12,1
438,24,0,4.66,1
438,25,2,2.38,1
438,26,1,2.47,1
438,27,0,3.92,1
438,28,0,2.56,1
438,29,0,3.99,1
438,30,0,3.54,1
438,31,0,4.22,1
438,32,0,3.01,1
438,33,0,2.33,1
438,34,1,3.21,1
438,35,1,3.63,1
438,36,0,4.22,1
438,37,1,2.52,1
438,38,1,3.76,1
438,39,0,3.5,1
438,40,0,4.81,1
438,41,0,4.73,1
438,42,0,2.46,1
438,43,1,2.92,1
438,44,0,4.09,1
438,45,0,4.29,1
438,46,0,3.53,1
438,47,0,2.68,1
438,48,1,2.5,1
438,49,0,2.95,1
438,50,1,2.13,1
438,51,0,4.01,1
438,52,0,4.24,1
439,1,0,4.23,2
439,2,6,2.29,2
439,3,1,4.89,2
439,4,5,2.43,2
439,5,4,3.45,2
439,6,2,3.69,2
439,7,1,4.8,2
439,8,1,4.46,2
439,9,4,3.6,2
439,10,3,3.15,2
439,11,1,3.64,2
439,12,1,4.39,2
439,13,2,3.88,2
439,14,3,2.31,2
439,15,3,2.58,2
439,16,0,4.53,2
439,17,5,3.44,2
439,18,0,4.33,2
439,19,0,4.45,2
439,20,6,2.89,2
439,21,4,2.68,2
439,22,2,3.86,2
439,23,2,3.12,2
439,24,0,4.66,2
439,25,7,2.38,2
439,26,6,2.47,2
439,27,1,3.92,2
439,28,3,2.56,2
439,29,0,3.99,2
439,30,1,3.54,2
439,31,0,4.22,2
439,32,5,3.01,2
439,33,2,2.33,2
439,34,3,3.21,2
439,35,0,3.63,2
439,36,2,4.22,2
439,37,6,2.52,2
439,38,1,3.76,2
439,39,3,3.5,2
439,40,1,4.81,2
439,41,1,4.73,2
439,42,7,2.46,2
439,43,8,2.92,2
439,44,1,4.09,2
439,45,3,4.29,2
439,46,1,3.53,2
439,47,6,2.68,2
439,48,8,2.5,2
439,49,4,2.95,2
439,50,9,2.13,2
439,51,3,4.01,2
439,52,1,4.24,2
440,1,9,4.23,4
440,2,13,2.29,4
440,3,5,4.89,4
440,4,21,2.43,4
440,5,9,3.45,4
440,6,8,3.69,4
440,7,10,4.8,4
440,8,10,4.46,4
440,9,13,3.6,4
440,10,16,3.15,4
440,11,11,3.64,4
440,12,8,4.39,4
440,13,14,3.88,4
440,14,8,2.31,4
440,15,5,2.58,4
440,16,9,4.53,4
440,17,11,3.44,4
440,18,9,4.33,4
440,19,10,4.45,4
440,20,11,2.89,4
440,21,13,2.68,4
440,22,12,3.86,4
440,23,14,3.12,4
440,24,10,4.66,4
440,25,15,2.38,4
440,26,14,2.47,4
440,27,9,3.92,4
440,28,10,2.56,4
440,29,10,3.99,4
440,30,9,3.54,4
440,31,5,4.22,4
440,32,16,3.01,4
440,33,21,2.33,4
440,34,22,3.21,4
440,35,11,3.63,4
440,36,7,4.22,4
440,37,13,2.52,4
440,38,12,3.76,4
440,39,10,3.5,4
440,40,2,4.81,4
440,41,8,4.73,4
440,42,18,2.46,4
440,43,23,2.92,4
440,44,8,4.09,4
440,45,7,4.29,4
440,46,11,3.53,4
440,47,18,2.68,4
440,48,12,2.5,4
440,49,18,2.95,4
440,50,13,2.13,4
440,51,5,4.01,4
440,52,6,4.24,4
441,1,0,4.23,3
441,2,0,2.29,3
441,3,0,4.89,3
441,4,1,2.43,3
441,5,0,3.45,3
441,6,0,3.69,3
441,7,0,4.8,3
441,8,0,4.46,3
441,9,0,3.6,3
441,10,0,3.15,3
441,11,1,3.64,3
441,12,0,4.39,3
441,13,0,3.88,3
441,14,4,2.31,3
441,15,4,2.58,3
441,16,0,4.53,3
441,17,1,3.44,3
441,18,0,4.33,3
441,19,0,4.45,3
441,20,0,2.89,3
441,21,1,2.68,3
441,22,0,3.86,3
441,23,1,3.12,3
441,24,0,4.66,3
441,25,2,2.38,3
441,26,0,2.47,3
441,27,0,3.92,3
441,28,1,2.56,3
441,29,0,3.99,3
441,30,0,3.54,3
441,31,0,4.22,3
441,32,3,3.01,3
441,33,0,2.33,3
441,34,0,3.21,3
441,35,0,3.63,3
441,36,0,4.22,3
441,37,0,2.52,3
441,38,0,3.76,3
441,39,1,3.5,3
441,40,0,4.81,3
441,41,0,4.73,3
441,42,1,2.46,3
441,43,0,2.92,3
441,44,1,4.09,3
441,45,0,4.29,3
441,46,2,3.53,3
441,47,0,2.68,3
441,48,1,2.5,3
441,49,2,2.95,3
441,50,2,2.13,3
441,51,0,4.01,3
441,52,0,4.24,3
442,1,0,4.23,4
442,2,1,2.29,4
442,3,0,4.89,4
442,4,3,2.43,4
442,5,0,3.45,4
442,6,0,3.69,4
442,7,0,4.8,4
442,8,0,4.46,4
442,9,0,3.6,4
442,10,1,3.15,4
442,11,1,3.64,4
442,12,0,4.39,4
442,13,0,3.88,4
442,14,4,2.31,4
442,15,0,2.58,4
442,16,0,4.53,4
442,17,0,3.44,4
442,18,1,4.33,4
442,19,0,4.45,4
442,20,0,2.89,4
442,21,2,2.68,4
442,22,0,3.86,4
442,23,2,3.12,4
442,24,0,4.66,4
442,25,1,2.38,4
442,26,2,2.47,4
442,27,2,3.92,4
442,28,0,2.56,4
442,29,0,3.99,4
442,30,0,3.54,4
442,31,0,4.22,4
442,32,0,3.01,4
442,33,4,2.33,4
442,34,0,3.21,4
442,35,0,3.63,4
442,36,0,4.22,4
442,37,0,2.52,4
442,38,1,3.76,4
442,39,0,3.5,4
442,40,0,4.81,4
442,41,0,4.73,4
442,42,2,2.46,4
442,43,2,2.92,4
442,44,0,4.09,4
442,45,0,4.29,4
442,46,0,3.53,4
442,47,1,2.68,4
442,48,3,2.5,4
442,49,1,2.95,4
442,50,4,2.13,4
442,51,0,4.01,4
442,52,0,4.24,4
443,1,3,4.23,2
443,2,6,2.29,2
443,3,3,4.89,2
443,4,5,2.43,2
443,5,4,3.45,2
443,6,4,3.69,2
443,7,7,4.8,2
443,8,2,4.46,2
443,9,10,3.6,2
443,10,5,3.15,2
443,11,0,3.64,2
443,12,0,4.39,2
443,13,4,3.88,2
443,14,7,2.31,2
443,15,4,2.58,2
443,16,6,4.53,2
443,17,2,3.44,2
443,18,1,4.33,2
443,19,2,4.45,2
443,20,4,2.89,2
443,21,3,2.68,2
443,22,7,3.86,2
443,23,2,3.12,2
443,24,1,4.66,2
443,25,7,2.38,2
443,26,3,2.47,2
443,27,5,3.92,2
443,28,8,2.56,2
443,29,4,3.99,2
443,30,5,3.54,2
443,31,4,4.22,2
443,32,4,3.01,2
443,33,9,2.33,2
443,34,0,3.21,2
443,35,3,3.63,2
443,36,2,4.22,2
443,37,6,2.52,2
443,38,1,3.76,2
443,39,3,3.5,2
443,40,3,4.81,2
443,41,1,4.73,2
443,42,11,2.46,2
443,43,7,2.92,2
443,44,7,4.09,2
443,45,1,4.29,2
443,46,3,3.53,2
443,47,7,2.68,2
443,48,6,2.5,2
443,49,5,2.95,2
443,50,7,2.13,2
443,51,1,4.01,2
443,52,4,4.24,2
444,1,8,4.23,4
444,2,8,2.29,4
444,3,0,4.89,4
444,4,17,2.43,4
444,5,8,3.45,4
444,6,10,3.69,4
444,7,3,4.8,4
444,8,2,4.46,4
444,9,8,3.6,4
444,10,12,3.15,4
444,11,3,3.64,4
444,12,4,4.39,4
444,13,4,3.88,4
444,14,15,2.31,4
444,15,8,2.58,4
444,16,3,4.53,4
444,17,5,3.44,4
444,18,7,4.33,4
444,19,4,4.45,4
444,20,11,2.89,4
444,21,11,2.68,4
444,22,5,3.86,4
444,23,14,3.12,4
444,24,2,4.66,4
444,25,15,2.38,4
444,26,10,2.47,4
444,27,9,3.92,4
444,28,13,2.56,4
444,29,8,3.99,4
444,30,13,3.54,4
444,31,2,4.22,4
444,32,15,3.01,4
444,33,10,2.33,4
444,34,14,3.21,4
444,35,11,3.63,4
444,36,5,4.22,4
444,37,18,2.52,4
444,38,5,3.76,4
444,39,8,3.5,4
444,40,5,4.81,4
444,41,5,4.73,4
444,42,20,2.46,4
444,43,12,2.92,4
444,44,2,4.09,4
444,45,2,4.29,4
444,46,5,3.53,4
444,47,15,2.68,4
444,48,7,2.5,4
444,49,12,2.95,4
444,50,20,2.13,4
444,51,4,4.01,4
444,52,5,4.24,4
445,1,0,4.23,4
445,2,2,2.29,4
445,3,0,4.89,4
445,4,3,2.43,4
445,5,0,3.45,4
445,6,0,3.69,4
445,7,0,4.8,4
445,8,0,4.46,4
445,9,0,3.6,4
445,10,1,3.15,4
445,11,1,3.64,4
445,12,0,4.39,4
445,13,0,3.88,4
445,14,1,2.31,4
445,15,1,2.58,4
445,16,1,4.53,4
445,17,2,3.44,4
445,18,0,4.33,4
445,19,0,4.45,4
445,20,3,2.89,4
445,21,1,2.68,4
445,22,0,3.86,4
445,23,0,3.12,4
445,24,1,4.66,4
445,25,4,2.38,4
445,26,0,2.47,4
445,27,0,3.92,4
445,28,1,2.56,4
445,29,0,3.99,4
445,30,2,3.54,4
445,31,1,4.22,4
445,32,0,3.01,4
445,33,2,2.33,4
445,34,0,3.21,4
445,35,0,3.63,4
445,36,0,4.22,4
445,37,1,2.52,4
445,38,0,3.76,4
445,39,0,3.5,4
445,40,0,4.81,4
445,41,1,4.73,4
445,42,4,2.46,4
445,43,1,2.92,4
445,44,0,4.09,4
445,45,0,4.29,4
445,46,1,3.53,4
445,47,2,2.68,4
445,48,1,2.5,4
445,49,2,2.95,4
445,50,5,2.13,4
445,51,2,4.01,4
445,52,0,4.24,4
446,1,0,4.23,2
446,2,1,2.29,2
446,3,0,4.89,2
446,4,1,2.43,2
446,5,2,3.45,2
446,6,0,3.69,2
446,7,0,4.8,2
446,8,0,4.46,2
446,9,0,3.6,2
446,10,0,3.15,2
446,11,1,3.64,2
446,12,0,4.39,2
446,13,0,3.88,2
446,14,3,2.31,2
446,15,0,2.58,2
446,16,0,4.53,2
446,17,0,3.44,2
446,18,1,4.33,2
446,19,0,4.45,2
446,20,1,2.89,2
446,21,1,2.68,2
446,22,0,3.86,2
446,23,0,3.12,2
446,24,1,4.66,2
446,25,1,2.38,2
446,26,0,2.47,2
446,27,0,3.92,2
446,28,2,2.56,2
446,29,0,3.99,2
446,30,0,3.54,2
446,31,0,4.22,2
446,32,0,3.01,2
446,33,0,2.33,2
446,34,0,3.21,2
446,35,0,3.63,2
446,36,0,4.22,2
446,37,2,2.52,2
446,38,1,3.76,2
446,39,0,3.5,2
446,40,0,4.81,2
446,41,1,4.73,2
446,42,0,2.46,2
446,43,0,2.92,2
446,44,0,4.09,2
446,45,0,4.29,2
446,46,0,3.53,2
446,47,0,2.68,2
446,48,0,2.5,2
446,49,0,2.95,2
446,50,0,2.13,2
446,51,0,4.01,2
446,52,0,4.24,2
447,1,1,4.23,1
447,2,6,2.29,1
447,3,0,4.89,1
447,4,7,2.43,1
447,5,0,3.45,1
447,6,0,3.69,1
447,7,1,4.8,1
447,8,1,4.46,1
447,9,1,3.6,1
447,10,5,3.15,1
447,11,1,3.64,1
447,12,1,4.39,1
447,13,2,3.88,1
447,14,3,2.31,1
447,15,3,2.58,1
447,16,2,4.53,1
447,17,3,3.44,1
447,18,1,4.33,1
447,19,0,4.45,1
447,20,3,2.89,1
447,21,5,2.68,1
447,22,0,3.86,1
447,23,2,3.12,1
447,24,1,4.66,1
447,25,1,2.38,1
447,26,6,2.47,1
447,27,2,3.92,1
447,28,2,2.56,1
447,29,0,3.99,1
447,30,2,3.54,1
447,31,1,4.22,1
447,32,5,3.01,1
447,33,6,2.33,1
447,34,5,3.21,1
447,35,3,3.63,1
447,36,2,4.22,1
447,37,2,2.52,1
447,38,3,3.76,1
447,39,3,3.5,1
447,40,2,4.81,1
447,41,1,4.73,1
447,42,6,2.46,1
447,43,1,2.92,1
447,44,1,4.09,1
447,45,1,4.29,1
447,46,2,3.53,1
447,47,6,2.68,1
447,48,1,2.5,1
447,49,2,2.95,1
447,50,6,2.13,1
447,51,1,4.01,1
447,52,2,4.24,1
448,1,3,4.23,1
448,2,5,2.29,1
448,3,2,4.89,1
448,4,8,2.43,1
448,5,1,3.45,1
448,6,2,3.69,1
448,7,0,4.8,1
448,8,1,4.46,1
448,9,3,3.6,1
448,10,3,3.15,1
448,11,3,3.64,1
448,12,2,4.39,1
448,13,1,3.88,1
448,14,5,2.31,1
448,15,1,2.58,1
448,16,3,4.53,1
448,17,2,3.44,1
448,18,1,4.33,1
448,19,1,4.45,1
448,20,3,2.89,1
448,21,4,2.68,1
448,22,4,3.86,1
448,23,3,3.12,1
448,24,0,4.66,1
448,25,3,2.38,1
448,26,5,2.47,1
448,27,4,3.92,1
448,28,3,2.56,1
448,29,1,3.99,1
448,30,3,3.54,1
448,31,1,4.22,1
448,32,2,3.01,1
448,33,6,2.33,1
448,34,2,3.21,1
448,35,3,3.63,1
448,36,3,4.22,1
448,37,4,2.52,1
448,38,1,3.76,1
448,39,1,3.5,1
448,40,2,4.81,1
448,41,0,4.73,1
448,42,3,2.46,1
448,43,1,2.92,1
448,44,2,4.09,1
448,45,0,4.29,1
448,46,2,3.53,1
448,47,1,2.68,1
448,48,6,2.5,1
448,49,0,2.95,1
448,50,5,2.13,1
448,51,2,4.01,1
448,52,2,4.24,1
449,1,24,4.23,5
449,2,12,2.29,5
449,3,6,4.89,5
449,4,16,2.43,5
449,5,17,3.45,5
449,6,16,3.69,5
449,7,6,4.8,5
449,8,9,4.46,5
449,9,17,3.6,5
449,10,17,3.15,5
449,11,11,3.64,5
449,12,16,4.39,5
449,13,14,3.88,5
449,14,16,2.31,5
449,15,13,2.58,5
449,16,11,4.53,5
449,17,11,3.44,5
449,18,13,4.33,5
449,19,10,4.45,5
449,20,12,2.89,5
449,21,17,2.68,5
449,22,21,3.86,5
449,23,21,3.12,5
449,24,11,4.66,5
449,25,15,2.38,5
449,26,17,2.47,5
449,27,11,3.92,5
449,28,21,2.56,5
449,29,18,3.99,5
449,30,15,3.54,5
449,31,15,4.22,5
449,32,13,3.01,5
449,33,13,2.33,5
449,34,16,3.21,5
449,35,12,3.63,5
449,36,14,4.22,5
449,37,15,2.52,5
449,38,13,3.76,5
449,39,27,3.5,5
449,40,9,4.81,5
449,41,10,4.73,5
449,42,13,2.46,5
449,43,13,2.92,5
449,44,14,4.09,5
449,45,14,4.29,5
449,46,9,3.53,5
449,47,5,2.68,5
449,48,9,2.5,5
449,49,13,2.95,5
449,50,20,2.13,5
449,51,16,4.01,5
449,52,22,4.24,5
450,1,0,4.23,1
450,2,1,2.29,1
450,3,0,4.89,1
450,4,1,2.43,1
450,5,0,3.45,1
450,6,0,3.69,1
450,7,0,4.8,1
450,8,0,4.46,1
450,9,0,3.6,1
450,10,0,3.15,1
450,11,0,3.64,1
450,12,0,4.39,1
450,13,0,3.88,1
450,14,1,2.31,1
450,15,1,2.58,1
450,16,0,4.53,1
450,17,0,3.44,1
450,18,0,4.33,1
450,19,1,4.45,1
450,20,0,2.89,1
450,21,2,2.68,1
450,22,0,3.86,1
450,23,0,3.12,1
450,24,0,4.66,1
450,25,0,2.38,1
450,26,0,2.47,1
450,27,1,3.92,1
450,28,1,2.56,1
450,29,0,3.99,1
450,30,0,3.54,1
450,31,0,4.22,1
450,32,1,3.01,1
450,33,0,2.33,1
450,34,0,3.21,1
450,35,0,3.63,1
450,36,0,4.22,1
450,37,0,2.52,1
450,38,0,3.76,1
450,39,0,3.5,1
450,40,0,4.81,1
450,41,0,4.73,1
450,42,0,2.46,1
450,43,2,2.92,1
450,44,1,4.09,1
450,45,0,4.29,1
450,46,0,3.53,1
450,47,1,2.68,1
450,48,0,2.5,1
450,49,1,2.95,1
450,50,3,2.13,1
450,51,0,4.01,1
450,52,0,4.24,1
451,1,6,4.23,5
451,2,9,2.29,5
451,3,5,4.89,5
451,4,19,2.43,5
451,5,21,3.45,5
451,6,15,3.69,5
451,7,6,4.8,5
451,8,8,4.46,5
451,9,20,3.6,5
451,10,11,3.15,5
451,11,15,3.64,5
451,12,18,4.39,5
451,13,16,3.88,5
451,14,8,2.31,5
451,15,16,2.58,5
451,16,5,4.53,5
451,17,9,3.44,5
451,18,9,4.33,5
451,19,9,4.45,5
451,20,12,2.89,5
451,21,16,2.68,5
451,22,9,3.86,5
451,23,17,3.12,5
451,24,10,4.66,5
451,25,18,2.38,5
451,26,15,2.47,5
451,27,14,3.92,5
451,28,9,2.56,5
451,29,8,3.99,5
451,30,8,3.54,5
451,31,9,4.22,5
451,32,18,3.01,5
451,33,13,2.33,5
451,34,14,3.21,5
451,35,14,3.63,5
451,36,7,4.22,5
451,37,13,2.52,5
451,38,17,3.76,5
451,39,13,3.5,5
451,40,3,4.81,5
451,41,12,4.73,5
451,42,15,2.46,5
451,43,15,2.92,5
451,44,6,4.09,5
451,45,1,4.29,5
451,46,12,3.53,5
451,47,18,2.68,5
451,48,19,2.5,5
451,49,13,2.95,5
451,50,15,2.13,5
451,51,9,4.01,5
451,52,7,4.24,5
452,1,6,4.23,4
452,2,17,2.29,4
452,3,0,4.89,4
452,4,27,2.43,4
452,5,15,3.45,4
452,6,4,3.69,4
452,7,2,4.8,4
452,8,3,4.46,4
452,9,6,3.6,4
452,10,10,3.15,4
452,11,12,3.64,4
452,12,4,4.39,4
452,13,7,3.88,4
452,14,11,2.31,4
452,15,27,2.58,4
452,16,6,4.53,4
452,17,6,3.44,4
452,18,1,4.33,4
452,19,3,4.45,4
452,20,11,2.89,4
452,21,17,2.68,4
452,22,9,3.86,4
452,23,9,3.12,4
452,24,4,4.66,4
452,25,21,2.38,4
452,26,10,2.47,4
452,27,3,3.92,4
452,28,9,2.56,4
452,29,6,3.99,4
452,30,2,3.54,4
452,31,3,4.22,4
452,32,19,3.01,4
452,33,13,2.33,4
452,34,11,3.21,4
452,35,6,3.63,4
452,36,4,4.22,4
452,37,8,2.52,4
452,38,9,3.76,4
452,39,10,3.5,4
452,40,5,4.81,4
452,41,1,4.73,4
452,42,14,2.46,4
452,43,15,2.92,4
452,44,7,4.09,4
452,45,6,4.29,4
452,46,4,3.53,4
452,47,15,2.68,4
452,48,10,2.5,4
452,49,9,2.95,4
452,50,16,2.13,4
452,51,8,4.01,4
452,52,8,4.24,4
453,1,1,4.23,1
453,2,1,2.29,1
453,3,1,4.89,1
453,4,1,2.43,1
453,5,2,3.45,1
453,6,1,3.69,1
453,7,1,4.8,1
453,8,1,4.46,1
453,9,2,3.6,1
453,10,5,3.15,1
453,11,4,3.64,1
453,12,3,4.39,1
453,13,1,3.88,1
453,14,2,2.31,1
453,15,2,2.58,1
453,16,1,4.53,1
453,17,1,3.44,1
453,18,1,4.33,1
453,19,1,4.45,1
453,20,3,2.89,1
453,21,2,2.68,1
453,22,2,3.86,1
453,23,5,3.12,1
453,24,0,4.66,1
453,25,1,2.38,1
453,26,2,2.47,1
453,27,1,3.92,1
453,28,3,2.56,1
453,29,0,3.99,1
453,30,3,3.54,1
453,31,3,4.22,1
453,32,4,3.01,1
453,33,4,2.33,1
453,34,1,3.21,1
453,35,1,3.63,1
453,36,3,4.22,1
453,37,4,2.52,1
453,38,1,3.76,1
453,39,1,3.5,1
453,40,0,4.81,1
453,41,1,4.73,1
453,42,6,2.46,1
453,43,1,2.92,1
453,44,1,4.09,1
453,45,3,4.29,1
453,46,0,3.53,1
453,47,2,2.68,1
453,48,1,2.5,1
453,49,2,2.95,1
453,50,2,2.13,1
453,51,2,4.01,1
453,52,2,4.24,1
454,1,0,4.23,1
454,2,7,2.29,1
454,3,0,4.89,1
454,4,3,2.43,1
454,5,5,3.45,1
454,6,3,3.69,1
454,7,2,4.8,1
454,8,3,4.46,1
454,9,0,3.6,1
454,10,0,3.15,1
454,11,1,3.64,1
454,12,1,4.39,1
454,13,2,3.88,1
454,14,4,2.31,1
454,15,2,2.58,1
454,16,0,4.53,1
454,17,5,3.44,1
454,18,3,4.33,1
454,19,2,4.45,1
454,20,0,2.89,1
454,21,4,2.68,1
454,22,3,3.86,1
454,23,2,3.12,1
454,24,3,4.66,1
454,25,2,2.38,1
454,26,4,2.47,1
454,27,2,3.92,1
454,28,10,2.56,1
454,29,2,3.99,1
454,30,0,3.54,1
454,31,1,4.22,1
454,32,3,3.01,1
454,33,6,2.33,1
454,34,1,3.21,1
454,35,0,3.63,1
454,36,0,4.22,1
454,37,4,2.52,1
454,38,0,3.76,1
454,39,2,3.5,1
454,40,0,4.81,1
454,41,0,4.73,1
454,42,1,2.46,1
454,43,1,2.92,1
454,44,1,4.09,1
454,45,1,4.29,1
454,46,4,3.53,1
454,47,8,2.68,1
454,48,6,2.5,1
454,49,3,2.95,1
454,50,5,2.13,1
454,51,0,4.01,1
454,52,2,4.24,1
455,1,3,4.23,3
455,2,12,2.29,3
455,3,2,4.89,3
455,4,9,2.43,3
455,5,5,3.45,3
455,6,2,3.69,3
455,7,4,4.8,3
455,8,2,4.46,3
455,9,6,3.6,3
455,10,8,3.15,3
455,11,5,3.64,3
455,12,4,4.39,3
455,13,1,3.88,3
455,14,13,2.31,3
455,15,12,2.58,3
455,16,2,4.53,3
455,17,12,3.44,3
455,18,5,4.33,3
455,19,3,4.45,3
455,20,10,2.89,3
455,21,12,2.68,3
455,22,4,3.86,3
455,23,7,3.12,3
455,24,6,4.66,3
455,25,14,2.38,3
455,26,8,2.47,3
455,27,2,3.92,3
455,28,18,2.56,3
455,29,5,3.99,3
455,30,8,3.54,3
455,31,3,4.22,3
455,32,8,3.01,3
455,33,13,2.33,3
455,34,9,3.21,3
455,35,7,3.63,3
455,36,6,4.22,3
455,37,11,2.52,3
455,38,5,3.76,3
455,39,7,3.5,3
455,40,2,4.81,3
455,41,6,4.73,3
455,42,14,2.46,3
455,43,5,2.92,3
455,44,11,4.09,3
455,45,3,4.29,3
455,46,1,3.53,3
455,47,4,2.68,3
455,48,13,2.5,3
455,49,12,2.95,3
455,50,14,2.13,3
455,51,3,4.01,3
455,52,6,4.24,3
456,1,16,4.23,5
456,2,17,2.29,5
456,3,10,4.89,5
456,4,18,2.43,5
456,5,13,3.45,5
456,6,11,3.69,5
456,7,12,4.8,5
456,8,11,4.46,5
456,9,20,3.6,5
456,10,18,3.15,5
456,11,18,3.64,5
456,12,15,4.39,5
456,13,13,3.88,5
456,14,13,2.31,5
456,15,14,2.58,5
456,16,11,4.53,5
456,17,18,3.44,5
456,18,21,4.33,5
456,19,12,4.45,5
456,20,8,2.89,5
456,21,8,2.68,5
456,22,16,3.86,5
456,23,20,3.12,5
456,24,15,4.66,5
456,25,16,2.38,5
456,26,11,2.47,5
456,27,16,3.92,5
456,28,12,2.56,5
456,29,17,3.99,5
456,30,13,3.54,5
456,31,13,4.22,5
456,32,12,3.01,5
456,33,12,2.33,5
456,34,10,3.21,5
456,35,11,3.63,5
456,36,11,4.22,5
456,37,16,2.52,5
456,38,19,3.76,5
456,39,19,3.5,5
456,40,11,4.81,5
456,41,15,4.73,5
456,42,15,2.46,5
456,43,17,2.92,5
456,44,16,4.09,5
456,45,12,4.29,5
456,46,11,3.53,5
456,47,12,2.68,5
456,48,16,2.5,5
456,49,14,2.95,5
456,50,14,2.13,5
456,51,15,4.01,5
456,52,15,4.24,5
457,1,12,4.23,5
457,2,10,2.29,5
457,3,3,4.89,5
457,4,12,2.43,5
457,5,10,3.45,5
457,6,13,3.69,5
457,7,7,4.8,5
457,8,8,4.46,5
457,9,15,3.6,5
457,10,12,3.15,5
457,11,9,3.64,5
457,12,3,4.39,5
457,13,11,3.88,5
457,14,16,2.31,5
457,15,8,2.58,5
457,16,9,4.53,5
457,17,11,3.44,5
457,18,6,4.33,5
457,19,8,4.45,5
457,20,20,2.89,5
457,21,19,2.68,5
457,22,9,3.86,5
457,23,14,3.12,5
457,24,4,4.66,5
457,25,14,2.38,5
457,26,17,2.47,5
457,27,13,3.92,5
457,28,12,2.56,5
457,29,8,3.99,5
457,30,16,3.54,5
457,31,7,4.22,5
457,32,17,3.01,5
457,33,21,2.33,5
457,34,19,3.21,5
457,35,17,3.63,5
457,36,7,4.22,5
457,37,16,2.52,5
457,38,18,3.76,5
457,39,11,3.5,5
457,40,1,4.81,5
457,41,5,4.73,5
457,42,14,2.46,5
457,43,8,2.92,5
457,44,12,4.09,5
457,45,9,4.29,5
457,46,21,3.53,5
457,47,13,2.68,5
457,48,13,2.5,5
457,49,13,2.95,5
457,50,21,2.13,5
457,51,9,4.01,5
457,52,10,4.24,5
458,1,0,4.23,1
458,2,1,2.29,1
458,3,0,4.89,1
458,4,1,2.43,1
458,5,0,3.45,1
458,6,0,3.69,1
458,7,0,4.8,1
458,8,0,4.46,1
458,9,0,3.6,1
458,10,0,3.15,1
458,11,0,3.64,1
458,12,0,4.39,1
458,13,0,3.88,1
458,14,1,2.31,1
458,15,0,2.58,1
458,16,0,4.53,1
458,17,0,3.44,1
458,18,0,4.33,1
458,19,0,4.45,1
458,20,0,2.89,1
458,21,0,2.68,1
458,22,0,3.86,1
458,23,0,3.12,1
458,24,0,4.66,1
458,25,1,2.38,1
458,26,1,2.47,1
458,27,0,3.92,1
458,28,0,2.56,1
458,29,0,3.99,1
458,30,0,3.54,1
458,31,0,4.22,1
458,32,1,3.01,1
458,33,0,2.33,1
458,34,1,3.21,1
458,35,0,3.63,1
458,36,0,4.22,1
458,37,0,2.52,1
458,38,0,3.76,1
458,39,1,3.5,1
458,40,0,4.81,1
458,41,0,4.73,1
458,42,0,2.46,1
458,43,0,2.92,1
458,44,0,4.09,1
458,45,0,4.29,1
458,46,0,3.53,1
458,47,1,2.68,1
458,48,0,2.5,1
458,49,0,2.95,1
458,50,0,2.13,1
458,51,0,4.01,1
458,52,0,4.24,1
459,1,2,4.23,1
459,2,1,2.29,1
459,3,3,4.89,1
459,4,1,2.43,1
459,5,2,3.45,1
459,6,1,3.69,1
459,7,0,4.8,1
459,8,1,4.46,1
459,9,4,3.6,1
459,10,3,3.15,1
459,11,1,3.64,1
459,12,0,4.39,1
459,13,1,3.88,1
459,14,2,2.31,1
459,15,1,2.58,1
459,16,1,4.53,1
459,17,3,3.44,1
459,18,0,4.33,1
459,19,0,4.45,1
459,20,2,2.89,1
459,21,3,2.68,1
459,22,0,3.86,1
459,23,1,3.12,1
459,24,1,4.66,1
459,25,3,2.38,1
459,26,1,2.47,1
459,27,1,3.92,1
459,28,6,2.56,1
459,29,2,3.99,1
459,30,2,3.54,1
459,31,1,4.22,1
459,32,1,3.01,1
459,33,6,2.33,1
459,34,2,3.21,1
459,35,4,3.63,1
459,36,0,4.22,1
459,37,0,2.52,1
459,38,0,3.76,1
459,39,2,3.5,1
459,40,2,4.81,1
459,41,2,4.73,1
459,42,5,2.46,1
459,43,1,2.92,1
459,44,2,4.09,1
459,45,0,4.29,1
459,46,2,3.53,1
459,47,1,2.68,1
459,48,3,2.5,1
459,49,3,2.95,1
459,50,4,2.13,1
459,51,0,4.01,1
459,52,0,4.24,1
460,1,1,4.23,3
460,2,12,2.29,3
460,3,1,4.89,3
460,4,12,2.43,3
460,5,8,3.45,3
460,6,4,3.69,3
460,7,0,4.8,3
460,8,1,4.46,3
460,9,1,3.6,3
460,10,3,3.15,3
460,11,9,3.64,3
460,12,2,4.39,3
460,13,3,3.88,3
460,14,17,2.31,3
460,15,9,2.58,3
460,16,3,4.53,3
460,17,4,3.44,3
460,18,2,4.33,3
460,19,4,4.45,3
460,20,15,2.89,3
460,21,11,2.68,3
460,22,1,3.86,3
460,23,6,3.12,3
460,24,1,4.66,3
460,25,15,2.38,3
460,26,15,2.47,3
460,27,3,3.92,3
460,28,8,2.56,3
460,29,6,3.99,3
460,30,3,3.54,3
460,31,0,4.22,3
460,32,4,3.01,3
460,33,12,2.33,3
460,34,6,3.21,3
460,35,2,3.63,3
460,36,1,4.22,3
460,37,7,2.52,3
460,38,5,3.76,3
460,39,3,3.5,3
460,40,2,4.81,3
460,41,3,4.73,3
460,42,17,2.46,3
460,43,13,2.92,3
460,44,6,4.09,3
460,45,3,4.29,3
460,46,4,3.53,3
460,47,13,2.68,3
460,48,10,2.5,3
460,49,7,2.95,3
460,50,7,2.13,3
460,51,1,4.01,3
460,52,1,4.24,3
461,1,1,4.23,1
461,2,2,2.29,1
461,3,0,4.89,1
461,4,1,2.43,1
461,5,0,3.45,1
461,6,0,3.69,1
461,7,0,4.8,1
461,8,0,4.46,1
461,9,0,3.6,1
461,10,0,3.15,1
461,11,0,3.64,1
461,12,0,4.39,1
461,13,1,3.88,1
461,14,0,2.31,1
461,15,1,2.58,1
461,16,0,4.53,1
461,17,0,3.44,1
461,18,0,4.33,1
461,19,0,4.45,1
461,20,1,2.89,1
461,21,0,2.68,1
461,22,0,3.86,1
461,23,1,3.12,1
461,24,0,4.66,1
461,25,0,2.38,1
461,26,0,2.47,1
461,27,1,3.92,1
461,28,0,2.56,1
461,29,0,3.99,1
461,30,0,3.54,1
461,31,0,4.22,1
461,32,1,3.01,1
461,33,0,2.33,1
461,34,0,3.21,1
461,35,0,3.63,1
461,36,0,4.22,1
461,37,0,2.52,1
461,38,0,3.76,1
461,39,0,3.5,1
461,40,0,4.81,1
461,41,0,4.73,1
461,42,0,2.46,1
461,43,0,2.92,1
461,44,0,4.09,1
461,45,0,4.29,1
461,46,0,3.53,1
461,47,0,2.68,1
461,48,1,2.5,1
461,49,0,2.95,1
461,50,4,2.13,1
461,51,0,4.01,1
461,52,0,4.24,1
462,1,1,4.23,1
462,2,3,2.29,1
462,3,1,4.89,1
462,4,4,2.43,1
462,5,1,3.45,1
462,6,1,3.69,1
462,7,0,4.8,1
462,8,1,4.46,1
462,9,1,3.6,1
462,10,1,3.15,1
462,11,1,3.64,1
462,12,0,4.39,1
462,13,3,3.88,1
462,14,4,2.31,1
462,15,1,2.58,1
462,16,2,4.53,1
462,17,2,3.44,1
462,18,1,4.33,1
462,19,2,4.45,1
462,20,3,2.89,1
462,21,2,2.68,1
462,22,1,3.86,1
462,23,6,3.12,1
462,24,1,4.66,1
462,25,6,2.38,1
462,26,4,2.47,1
462,27,2,3.92,1
462,28,1,2.56,1
462,29,1,3.99,1
462,30,4,3.54,1
462,31,2,4.22,1
462,32,1,3.01,1
462,33,2,2.33,1
462,34,5,3.21,1
462,35,1,3.63,1
462,36,2,4.22,1
462,37,1,2.52,1
462,38,1,3.76,1
462,39,3,3.5,1
462,40,2,4.81,1
462,41,4,4.73,1
462,42,2,2.46,1
462,43,1,2.92,1
462,44,0,4.09,1
462,45,1,4.29,1
462,46,0,3.53,1
462,47,1,2.68,1
462,48,5,2.5,1
462,49,4,2.95,1
462,50,6,2.13,1
462,51,1,4.01,1
462,52,1,4.24,1
463,1,3,4.23,3
463,2,14,2.29,3
463,3,3,4.89,3
463,4,5,2.43,3
463,5,4,3.45,3
463,6,7,3.69,3
463,7,1,4.8,3
463,8,8,4.46,3
463,9,4,3.6,3
463,10,6,3.15,3
463,11,6,3.64,3
463,12,8,4.39,3
463,13,7,3.88,3
463,14,15,2.31,3
463,15,17,2.58,3
463,16,3,4.53,3
463,17,14,3.44,3
463,18,4,4.33,3
463,19,6,4.45,3
463,20,7,2.89,3
463,21,10,2.68,3
463,22,4,3.86,3
463,23,9,3.12,3
463,24,8,4.66,3
463,25,12,2.38,3
463,26,10,2.47,3
463,27,2,3.92,3
463,28,12,2.56,3
463,29,5,3.99,3
463,30,8,3.54,3
463,31,3,4.22,3
463,32,10,3.01,3
463,33,18,2.33,3
463,34,4,3.21,3
463,35,5,3.63,3
463,36,2,4.22,3
463,37,12,2.52,3
463,38,14,3.76,3
463,39,4,3.5,3
463,40,3,4.81,3
463,41,6,4.73,3
463,42,13,2.46,3
463,43,8,2.92,3
463,44,4,4.09,3
463,45,4,4.29,3
463,46,11,3.53,3
463,47,11,2.68,3
463,48,14,2.5,3
463,49,9,2.95,3
463,50,11,2.13,3
463,51,3,4.01,3
463,52,6,4.24,3
464,1,4,4.23,3
464,2,9,2.29,3
464,3,7,4.89,3
464,4,7,2.43,3
464,5,9,3.45,3
464,6,7,3.69,3
464,7,2,4.8,3
464,8,6,4.46,3
464,9,4,3.6,3
464,10,6,3.15,3
464,11,11,3.64,3
464,12,3,4.39,3
464,13,6,3.88,3
464,14,19,2.31,3
464,15,7,2.58,3
464,16,2,4.53,3
464,17,5,3.44,3
464,18,2,4.33,3
464,19,5,4.45,3
464,20,6,2.89,3
464,21,8,2.68,3
464,22,6,3.86,3
464,23,8,3.12,3
464,24,5,4.66,3
464,25,18,2.38,3
464,26,15,2.47,3
464,27,7,3.92,3
464,28,8,2.56,3
464,29,4,3.99,3
464,30,7,3.54,3
464,31,1,4.22,3
464,32,14,3.01,3
464,33,8,2.33,3
464,34,11,3.21,3
464,35,5,3.63,3
464,36,6,4.22,3
464,37,16,2.52,3
464,38,11,3.76,3
464,39,7,3.5,3
464,40,6,4.81,3
464,41,4,4.73,3
464,42,10,2.46,3
464,43,5,2.92,3
464,44,9,4.09,3
464,45,5,4.29,3
464,46,6,3.53,3
464,47,6,2.68,3
464,48,10,2.5,3
464,49,9,2.95,3
464,50,17,2.13,3
464,51,6,4.01,3
464,52,3,4.24,3
465,1,2,4.23,2
465,2,7,2.29,2
465,3,2,4.89,2
465,4,3,2.43,2
465,5,0,3.45,2
465,6,0,3.69,2
465,7,2,4.8,2
465,8,0,4.46,2
465,9,1,3.6,2
465,10,3,3.15,2
465,11,1,3.64,2
465,12,1,4.39,2
465,13,2,3.88,2
465,14,9,2.31,2
465,15,9,2.58,2
465,16,1,4.53,2
465,17,4,3.44,2
465,18,2,4.33,2
465,19,1,4.45,2
465,20,4,2.89,2
465,21,0,2.68,2
465,22,1,3.86,2
465,23,2,3.12,2
465,24,0,4.66,2
465,25,3,2.38,2
465,26,5,2.47,2
465,27,1,3.92,2
465,28,6,2.56,2
465,29,0,3.99,2
465,30,0,3.54,2
465,31,1,4.22,2
465,32,5,3.01,2
465,33,14,2.33,2
465,34,1,3.21,2
465,35,6,3.63,2
465,36,0,4.22,2
465,37,8,2.52,2
465,38,1,3.76,2
465,39,2,3.5,2
465,40,1,4.81,2
465,41,0,4.73,2
465,42,7,2.46,2
465,43,5,2.92,2
465,44,1,4.09,2
465,45,4,4.29,2
465,46,2,3.53,2
465,47,2,2.68,2
465,48,5,2.5,2
465,49,4,2.95,2
465,50,7,2.13,2
465,51,0,4.01,2
465,52,0,4.24,2
466,1,0,4.23,1
466,2,0,2.29,1
466,3,0,4.89,1
466,4,2,2.43,1
466,5,0,3.45,1
466,6,0,3.69,1
466,7,0,4.8,1
466,8,0,4.46,1
466,9,0,3.6,1
466,10,0,3.15,1
466,11,0,3.64,1
466,12,0,4.39,1
466,13,0,3.88,1
466,14,1,2.31,1
466,15,1,2.58,1
466,16,0,4.53,1
466,17,0,3.44,1
466,18,0,4.33,1
466,19,0,4.45,1
466,20,1,2.89,1
466,21,0,2.68,1
466,22,0,3.86,1
466,23,0,3.12,1
466,24,0,4.66,1
466,25,0,2.38,1
466,26,2,2.47,1
466,27,0,3.92,1
466,28,0,2.56,1
466,29,0,3.99,1
466,30,0,3.54,1
466,31,0,4.22,1
466,32,0,3.01,1
466,33,1,2.33,1
466,34,0,3.21,1
466,35,1,3.63,1
466,36,0,4.22,1
466,37,0,2.52,1
466,38,0,3.76,1
466,39,0,3.5,1
466,40,0,4.81,1
466,41,0,4.73,1
466,42,0,2.46,1
466,43,0,2.92,1
466,44,0,4.09,1
466,45,0,4.29,1
466,46,0,3.53,1
466,47,1,2.68,1
466,48,0,2.5,1
466,49,0,2.95,1
466,50,0,2.13,1
466,51,0,4.01,1
466,52,0,4.24,1
467,1,13,4.23,5
467,2,16,2.29,5
467,3,5,4.89,5
467,4,17,2.43,5
467,5,8,3.45,5
467,6,10,3.69,5
467,7,4,4.8,5
467,8,7,4.46,5
467,9,9,3.6,5
467,10,14,3.15,5
467,11,15,3.64,5
467,12,17,4.39,5
467,13,14,3.88,5
467,14,18,2.31,5
467,15,12,2.58,5
467,16,4,4.53,5
467,17,11,3.44,5
467,18,12,4.33,5
467,19,6,4.45,5
467,20,14,2.89,5
467,21,14,2.68,5
467,22,10,3.86,5
467,23,16,3.12,5
467,24,8,4.66,5
467,25,9,2.38,5
467,26,15,2.47,5
467,27,9,3.92,5
467,28,17,2.56,5
467,29,15,3.99,5
467,30,14,3.54,5
467,31,11,4.22,5
467,32,8,3.01,5
467,33,11,2.33,5
467,34,17,3.21,5
467,35,17,3.63,5
467,36,5,4.22,5
467,37,15,2.52,5
467,38,10,3.76,5
467,39,12,3.5,5
467,40,9,4.81,5
467,41,5,4.73,5
467,42,10,2.46,5
467,43,14,2.92,5
467,44,16,4.09,5
467,45,11,4.29,5
467,46,8,3.53,5
467,47,13,2.68,5
467,48,7,2.5,5
467,49,13,2.95,5
467,50,11,2.13,5
467,51,12,4.01,5
467,52,9,4.24,5
468,1,7,4.23,4
468,2,17,2.29,4
468,3,5,4.89,4
468,4,14,2.43,4
468,5,12,3.45,4
468,6,17,3.69,4
468,7,10,4.8,4
468,8,9,4.46,4
468,9,10,3.6,4
468,10,15,3.15,4
468,11,12,3.64,4
468,12,8,4.39,4
468,13,9,3.88,4
468,14,13,2.31,4
468,15,10,2.58,4
468,16,10,4.53,4
468,17,15,3.44,4
468,18,16,4.33,4
468,19,6,4.45,4
468,20,11,2.89,4
468,21,21,2.68,4
468,22,12,3.86,4
468,23,18,3.12,4
468,24,6,4.66,4
468,25,15,2.38,4
468,26,14,2.47,4
468,27,13,3.92,4
468,28,19,2.56,4
468,29,10,3.99,4
468,30,12,3.54,4
468,31,7,4.22,4
468,32,17,3.01,4
468,33,14,2.33,4
468,34,16,3.21,4
468,35,11,3.63,4
468,36,9,4.22,4
468,37,18,2.52,4
468,38,7,3.76,4
468,39,8,3.5,4
468,40,6,4.81,4
468,41,6,4.73,4
468,42,12,2.46,4
468,43,13,2.92,4
468,44,4,4.09,4
468,45,9,4.29,4
468,46,16,3.53,4
468,47,13,2.68,4
468,48,14,2.5,4
468,49,13,2.95,4
468,50,19,2.13,4
468,51,14,4.01,4
468,52,6,4.24,4
469,1,0,4.23,5
469,2,5,2.29,5
469,3,0,4.89,5
469,4,3,2.43,5
469,5,2,3.45,5
469,6,0,3.69,5
469,7,0,4.8,5
469,8,0,4.46,5
469,9,0,3.6,5
469,10,2,3.15,5
469,11,0,3.64,5
469,12,0,4.39,5
469,13,0,3.88,5
469,14,5,2.31,5
469,15,2,2.58,5
469,16,0,4.53,5
469,17,0,3.44,5
469,18,0,4.33,5
469,19,0,4.45,5
469,20,1,2.89,5
469,21,5,2.68,5
469,22,0,3.86,5
469,23,2,3.12,5
469,24,1,4.66,5
469,25,4,2.38,5
469,26,3,2.47,5
469,27,0,3.92,5
469,28,4,2.56,5
469,29,1,3.99,5
469,30,0,3.54,5
469,31,0,4.22,5
469,32,1,3.01,5
469,33,2,2.33,5
469,34,2,3.21,5
469,35,2,3.63,5
469,36,0,4.22,5
469,37,1,2.52,5
469,38,0,3.76,5
469,39,2,3.5,5
469,40,0,4.81,5
469,41,0,4.73,5
469,42,3,2.46,5
469,43,3,2.92,5
469,44,0,4.09,5
469,45,0,4.29,5
469,46,1,3.53,5
469,47,4,2.68,5
469,48,1,2.5,5
469,49,4,2.95,5
469,50,3,2.13,5
469,51,0,4.01,5
469,52,1,4.24,5
470,1,1,4.23,2
470,2,2,2.29,2
470,3,2,4.89,2
470,4,4,2.43,2
470,5,1,3.45,2
470,6,2,3.69,2
470,7,0,4.8,2
470,8,1,4.46,2
470,9,3,3.6,2
470,10,9,3.15,2
470,11,1,3.64,2
470,12,2,4.39,2
470,13,1,3.88,2
470,14,4,2.31,2
470,15,7,2.58,2
470,16,2,4.53,2
470,17,2,3.44,2
470,18,1,4.33,2
470,19,1,4.45,2
470,20,2,2.89,2
470,21,3,2.68,2
470,22,1,3.86,2
470,23,0,3.12,2
470,24,0,4.66,2
470,25,8,2.38,2
470,26,7,2.47,2
470,27,1,3.92,2
470,28,4,2.56,2
470,29,1,3.99,2
470,30,4,3.54,2
470,31,1,4.22,2
470,32,1,3.01,2
470,33,3,2.33,2
470,34,3,3.21,2
470,35,1,3.63,2
470,36,0,4.22,2
470,37,4,2.52,2
470,38,1,3.76,2
470,39,1,3.5,2
470,40,2,4.81,2
470,41,0,4.73,2
470,42,6,2.46,2
470,43,2,2.92,2
470,44,0,4.09,2
470,45,3,4.29,2
470,46,2,3.53,2
470,47,3,2.68,2
470,48,4,2.5,2
470,49,3,2.95,2
470,50,8,2.13,2
470,51,0,4.01,2
470,52,0,4.24,2
471,1,0,4.23,5
471,2,2,2.29,5
471,3,0,4.89,5
471,4,3,2.43,5
471,5,2,3.45,5
471,6,1,3.69,5
471,7,0,4.8,5
471,8,0,4.46,5
471,9,1,3.6,5
471,10,1,3.15,5
471,11,1,3.64,5
471,12,0,4.39,5
471,13,1,3.88,5
471,14,4,2.31,5
471,15,3,2.58,5
471,16,0,4.53,5
471,17,0,3.44,5
471,18,0,4.33,5
471,19,0,4.45,5
471,20,0,2.89,5
471,21,3,2.68,5
471,22,0,3.86,5
471,23,0,3.12,5
471,24,0,4.66,5
471,25,3,2.38,5
471,26,2,2.47,5
471,27,1,3.92,5
471,28,2,2.56,5
471,29,0,3.99,5
471,30,0,3.54,5
471,31,0,4.22,5
471,32,1,3.01,5
471,33,1,2.33,5
471,34,2,3.21,5
471,35,2,3.63,5
471,36,0,4.22,5
471,37,1,2.52,5
471,38,0,3.76,5
471,39,0,3.5,5
471,40,0,4.81,5
471,41,0,4.73,5
471,42,3,2.46,5
471,43,1,2.92,5
471,44,0,4.09,5
471,45,0,4.29,5
471,46,1,3.53,5
471,47,3,2.68,5
471,48,4,2.5,5
471,49,0,2.95,5
471,50,1,2.13,5
471,51,0,4.01,5
471,52,0,4.24,5
472,1,2,4.23,1
472,2,2,2.29,1
472,3,1,4.89,1
472,4,6,2.43,1
472,5,1,3.45,1
472,6,1,3.69,1
472,7,0,4.8,1
472,8,1,4.46,1
472,9,1,3.6,1
472,10,2,3.15,1
472,11,3,3.64,1
472,12,0,4.39,1
472,13,0,3.88,1
472,14,4,2.31,1
472,15,2,2.58,1
472,16,3,4.53,1
472,17,0,3.44,1
472,18,1,4.33,1
472,19,0,4.45,1
472,20,1,2.89,1
472,21,2,2.68,1
472,22,0,3.86,1
472,23,0,3.12,1
472,24,0,4.66,1
472,25,1,2.38,1
472,26,1,2.47,1
472,27,1,3.92,1
472,28,3,2.56,1
472,29,0,3.99,1
472,30,2,3.54,1
472,31,0,4.22,1
472,32,0,3.01,1
472,33,4,2.33,1
472,34,1,3.21,1
472,35,0,3.63,1
472,36,1,4.22,1
472,37,0,2.52,1
472,38,0,3.76,1
472,39,0,3.5,1
472,40,0,4.81,1
472,41,0,4.73,1
472,42,2,2.46,1
472,43,2,2.92,1
472,44,0,4.09,1
472,45,0,4.29,1
472,46,0,3.53,1
472,47,3,2.68,1
472,48,3,2.5,1
472,49,4,2.95,1
472,50,2,2.13,1
472,51,1,4.01,1
472,52,0,4.24,1
473,1,3,4.23,3
473,2,14,2.29,3
473,3,1,4.89,3
473,4,8,2.43,3
473,5,2,3.45,3
473,6,8,3.69,3
473,7,0,4.8,3
473,8,1,4.46,3
473,9,3,3.6,3
473,10,5,3.15,3
473,11,6,3.64,3
473,12,3,4.39,3
473,13,3,3.88,3
473,14,17,2.31,3
473,15,14,2.58,3
473,16,2,4.53,3
473,17,6,3.44,3
473,18,0,4.33,3
473,19,2,4.45,3
473,20,8,2.89,3
473,21,6,2.68,3
473,22,4,3.86,3
473,23,4,3.12,3
473,24,2,4.66,3
473,25,8,2.38,3
473,26,7,2.47,3
473,27,2,3.92,3
473,28,7,2.56,3
473,29,0,3.99,3
473,30,7,3.54,3
473,31,3,4.22,3
473,32,9,3.01,3
473,33,9,2.33,3
473,34,4,3.21,3
473,35,5,3.63,3
473,36,4,4.22,3
473,37,9,2.52,3
473,38,7,3.76,3
473,39,8,3.5,3
473,40,3,4.81,3
473,41,0,4.73,3
473,42,8,2.46,3
473,43,5,2.92,3
473,44,2,4.09,3
473,45,3,4.29,3
473,46,4,3.53,3
473,47,5,2.68,3
473,48,12,2.5,3
473,49,6,2.95,3
473,50,15,2.13,3
473,51,0,4.01,3
473,52,1,4.24,3
474,1,2,4.23,1
474,2,2,2.29,1
474,3,0,4.89,1
474,4,1,2.43,1
474,5,4,3.45,1
474,6,5,3.69,1
474,7,1,4.8,1
474,8,0,4.46,1
474,9,0,3.6,1
474,10,3,3.15,1
474,11,3,3.64,1
474,12,1,4.39,1
474,13,3,3.88,1
474,14,0,2.31,1
474,15,1,2.58,1
474,16,1,4.53,1
474,17,1,3.44,1
474,18,1,4.33,1
474,19,0,4.45,1
474,20,2,2.89,1
474,21,3,2.68,1
474,22,2,3.86,1
474,23,2,3.12,1
474,24,3,4.66,1
474,25,1,2.38,1
474,26,6,2.47,1
474,27,1,3.92,1
474,28,1,2.56,1
474,29,1,3.99,1
474,30,4,3.54,1
474,31,2,4.22,1
474,32,4,3.01,1
474,33,3,2.33,1
474,34,1,3.21,1
474,35,2,3.63,1
474,36,2,4.22,1
474,37,2,2.52,1
474,38,2,3.76,1
474,39,3,3.5,1
474,40,1,4.81,1
474,41,3,4.73,1
474,42,3,2.46,1
474,43,3,2.92,1
474,44,0,4.09,1
474,45,1,4.29,1
474,46,3,3.53,1
474,47,5,2.68,1
474,48,7,2.5,1
474,49,1,2.95,1
474,50,6,2.13,1
474,51,5,4.01,1
474,52,2,4.24,1
475,1,2,4.23,1
475,2,5,2.29,1
475,3,0,4.89,1
475,4,3,2.43,1
475,5,2,3.45,1
475,6,0,3.69,1
475,7,3,4.8,1
475,8,1,4.46,1
475,9,1,3.6,1
475,10,3,3.15,1
475,11,1,3.64,1
475,12,1,4.39,1
475,13,1,3.88,1
475,14,4,2.31,1
475,15,2,2.58,1
475,16,0,4.53,1
475,17,1,3.44,1
475,18,0,4.33,1
475,19,0,4.45,1
475,20,2,2.89,1
475,21,3,2.68,1
475,22,0,3.86,1
475,23,4,3.12,1
475,24,0,4.66,1
475,25,2,2.38,1
475,26,0,2.47,1
475,27,0,3.92,1
475,28,2,2.56,1
475,29,0,3.99,1
475,30,2,3.54,1
475,31,1,4.22,1
475,32,3,3.01,1
475,33,5,2.33,1
475,34,3,3.21,1
475,35,1,3.63,1
475,36,3,4.22,1
475,37,5,2.52,1
475,38,1,3.76,1
475,39,0,3.5,1
475,40,2,4.81,1
475,41,0,4.73,1
475,42,2,2.46,1
475,43,0,2.92,1
475,44,1,4.09,1
475,45,0,4.29,1
475,46,1,3.53,1
475,47,2,2.68,1
475,48,5,2.5,1
475,49,1,2.95,1
475,50,1,2.13,1
475,51,1,4.01,1
475,52,0,4.24,1
476,1,6,4.23,5
476,2,13,2.29,5
476,3,8,4.89,5
476,4,13,2.43,5
476,5,17,3.45,5
476,6,13,3.69,5
476,7,4,4.8,5
476,8,6,4.46,5
476,9,19,3.6,5
476,10,17,3.15,5
476,11,13,3.64,5
476,12,5,4.39,5
476,13,13,3.88,5
476,14,17,2.31,5
476,15,11,2.58,5
476,16,9,4.53,5
476,17,18,3.44,5
476,18,10,4.33,5
476,19,11,4.45,5
476,20,10,2.89,5
476,21,8,2.68,5
476,22,15,3.86,5
476,23,12,3.12,5
476,24,7,4.66,5
476,25,11,2.38,5
476,26,19,2.47,5
476,27,12,3.92,5
476,28,14,2.56,5
476,29,11,3.99,5
476,30,14,3.54,5
476,31,6,4.22,5
476,32,10,3.01,5
476,33,9,2.33,5
476,34,13,3.21,5
476,35,17,3.63,5
476,36,10,4.22,5
476,37,16,2.52,5
476,38,13,3.76,5
476,39,12,3.5,5
476,40,5,4.81,5
476,41,7,4.73,5
476,42,17,2.46,5
476,43,17,2.92,5
476,44,10,4.09,5
476,45,10,4.29,5
476,46,16,3.53,5
476,47,15,2.68,5
476,48,13,2.5,5
476,49,13,2.95,5
476,50,21,2.13,5
476,51,8,4.01,5
476,52,8,4.24,5
477,1,1,4.23,2
477,2,12,2.29,2
477,3,0,4.89,2
477,4,6,2.43,2
477,5,3,3.45,2
477,6,3,3.69,2
477,7,2,4.8,2
477,8,0,4.46,2
477,9,3,3.6,2
477,10,3,3.15,2
477,11,1,3.64,2
477,12,1,4.39,2
477,13,4,3.88,2
477,14,3,2.31,2
477,15,5,2.58,2
477,16,1,4.53,2
477,17,1,3.44,2
477,18,2,4.33,2
477,19,3,4.45,2
477,20,11,2.89,2
477,21,6,2.68,2
477,22,2,3.86,2
477,23,4,3.12,2
477,24,1,4.66,2
477,25,5,2.38,2
477,26,5,2.47,2
477,27,1,3.92,2
477,28,3,2.56,2
477,29,2,3.99,2
477,30,1,3.54,2
477,31,1,4.22,2
477,32,4,3.01,2
477,33,5,2.33,2
477,34,3,3.21,2
477,35,0,3.63,2
477,36,2,4.22,2
477,37,10,2.52,2
477,38,1,3.76,2
477,39,2,3.5,2
477,40,0,4.81,2
477,41,1,4.73,2
477,42,6,2.46,2
477,43,3,2.92,2
477,44,0,4.09,2
477,45,1,4.29,2
477,46,3,3.53,2
477,47,6,2.68,2
477,48,7,2.5,2
477,49,1,2.95,2
477,50,8,2.13,2
477,51,2,4.01,2
477,52,0,4.24,2
478,1,1,4.23,1
478,2,3,2.29,1
478,3,0,4.89,1
478,4,4,2.43,1
478,5,2,3.45,1
478,6,1,3.69,1
478,7,0,4.8,1
478,8,0,4.46,1
478,9,0,3.6,1
478,10,3,3.15,1
478,11,2,3.64,1
478,12,0,4.39,1
478,13,0,3.88,1
478,14,0,2.31,1
478,15,2,2.58,1
478,16,0,4.53,1
478,17,2,3.44,1
478,18,1,4.33,1
478,19,0,4.45,1
478,20,1,2.89,1
478,21,1,2.68,1
478,22,1,3.86,1
478,23,2,3.12,1
478,24,0,4.66,1
478,25,1,2.38,1
478,26,2,2.47,1
478,27,0,3.92,1
478,28,4,2.56,1
478,29,0,3.99,1
478,30,1,3.54,1
478,31,0,4.22,1
478,32,4,3.01,1
478,33,1,2.33,1
478,34,4,3.21,1
478,35,0,3.63,1
478,36,0,4.22,1
478,37,2,2.52,1
478,38,2,3.76,1
478,39,1,3.5,1
478,40,0,4.81,1
478,41,0,4.73,1
478,42,2,2.46,1
478,43,1,2.92,1
478,44,0,4.09,1
478,45,1,4.29,1
478,46,2,3.53,1
478,47,2,2.68,1
478,48,4,2.5,1
478,49,2,2.95,1
478,50,3,2.13,1
478,51,0,4.01,1
478,52,0,4.24,1
479,1,2,4.23,2
479,2,5,2.29,2
479,3,0,4.89,2
479,4,6,2.43,2
479,5,3,3.45,2
479,6,4,3.69,2
479,7,0,4.8,2
479,8,2,4.46,2
479,9,3,3.6,2
479,10,4,3.15,2
479,11,1,3.64,2
479,12,0,4.39,2
479,13,3,3.88,2
479,14,8,2.31,2
479,15,6,2.58,2
479,16,0,4.53,2
479,17,2,3.44,2
479,18,1,4.33,2
479,19,2,4.45,2
479,20,2,2.89,2
479,21,5,2.68,2
479,22,1,3.86,2
479,23,3,3.12,2
479,24,1,4.66,2
479,25,3,2.38,2
479,26,5,2.47,2
479,27,1,3.92,2
479,28,7,2.56,2
479,29,1,3.99,2
479,30,2,3.54,2
479,31,0,4.22,2
479,32,7,3.01,2
479,33,7,2.33,2
479,34,2,3.21,2
479,35,3,3.63,2
479,36,2,4.22,2
479,37,4,2.52,2
479,38,1,3.76,2
479,39,2,3.5,2
479,40,1,4.81,2
479,41,0,4.73,2
479,42,4,2.46,2
479,43,2,2.92,2
479,44,0,4.09,2
479,45,1,4.29,2
479,46,3,3.53,2
479,47,5,2.68,2
479,48,6,2.5,2
479,49,5,2.95,2
479,50,9,2.13,2
479,51,0,4.01,2
479,52,0,4.24,2
480,1,4,4.23,3
480,2,7,2.29,3
480,3,6,4.89,3
480,4,15,2.43,3
480,5,10,3.45,3
480,6,3,3.69,3
480,7,2,4.8,3
480,8,4,4.46,3
480,9,9,3.6,3
480,10,4,3.15,3
480,11,6,3.64,3
480,12,3,4.39,3
480,13,4,3.88,3
480,14,9,2.31,3
480,15,9,2.58,3
480,16,3,4.53,3
480,17,3,3.44,3
480,18,5,4.33,3
480,19,0,4.45,3
480,20,9,2.89,3
480,21,10,2.68,3
480,22,2,3.86,3
480,23,6,3.12,3
480,24,4,4.66,3
480,25,10,2.38,3
480,26,9,2.47,3
480,27,6,3.92,3
480,28,13,2.56,3
480,29,5,3.99,3
480,30,7,3.54,3
480,31,10,4.22,3
480,32,10,3.01,3
480,33,11,2.33,3
480,34,8,3.21,3
480,35,10,3.63,3
480,36,1,4.22,3
480,37,10,2.52,3
480,38,8,3.76,3
480,39,9,3.5,3
480,40,2,4.81,3
480,41,5,4.73,3
480,42,14,2.46,3
480,43,6,2.92,3
480,44,6,4.09,3
480,45,3,4.29,3
480,46,10,3.53,3
480,47,15,2.68,3
480,48,13,2.5,3
480,49,5,2.95,3
480,50,12,2.13,3
480,51,2,4.01,3
480,52,4,4.24,3
481,1,0,4.23,1
481,2,1,2.29,1
481,3,0,4.89,1
481,4,0,2.43,1
481,5,0,3.45,1
481,6,0,3.69,1
481,7,0,4.8,1
481,8,0,4.46,1
481,9,0,3.6,1
481,10,0,3.15,1
481,11,0,3.64,1
481,12,0,4.39,1
481,13,0,3.88,1
481,14,0,2.31,1
481,15,0,2.58,1
481,16,0,4.53,1
481,17,0,3.44,1
481,18,0,4.33,1
481,19,0,4.45,1
481,20,2,2.89,1
481,21,0,2.68,1
481,22,0,3.86,1
481,23,0,3.12,1
481,24,0,4.66,1
481,25,0,2.38,1
481,26,2,2.47,1
481,27,0,3.92,1
481,28,1,2.56,1
481,29,0,3.99,1
481,30,0,3.54,1
481,31,0,4.22,1
481,32,0,3.01,1
481,33,0,2.33,1
481,34,0,3.21,1
481,35,0,3.63,1
481,36,0,4.22,1
481,37,1,2.52,1
481,38,0,3.76,1
481,39,0,3.5,1
481,40,0,4.81,1
481,41,0,4.73,1
481,42,1,2.46,1
481,43,0,2.92,1
481,44,1,4.09,1
481,45,0,4.29,1
481,46,0,3.53,1
481,47,1,2.68,1
481,48,0,2.5,1
481,49,0,2.95,1
481,50,0,2.13,1
481,51,0,4.01,1
481,52,1,4.24,1
482,1,0,4.23,5
482,2,5,2.29,5
482,3,0,4.89,5
482,4,4,2.43,5
482,5,0,3.45,5
482,6,0,3.69,5
482,7,0,4.8,5
482,8,1,4.46,5
482,9,0,3.6,5
482,10,2,3.15,5
482,11,1,3.64,5
482,12,0,4.39,5
482,13,0,3.88,5
482,14,4,2.31,5
482,15,0,2.58,5
482,16,0,4.53,5
482,17,2,3.44,5
482,18,0,4.33,5
482,19,1,4.45,5
482,20,2,2.89,5
482,21,4,2.68,5
482,22,0,3.86,5
482,23,1,3.12,5
482,24,0,4.66,5
482,25,2,2.38,5
482,26,4,2.47,5
482,27,3,3.92,5
482,28,2,2.56,5
482,29,0,3.99,5
482,30,1,3.54,5
482,31,0,4.22,5
482,32,2,3.01,5
482,33,2,2.33,5
482,34,1,3.21,5
482,35,0,3.63,5
482,36,0,4.22,5
482,37,2,2.52,5
482,38,0,3.76,5
482,39,2,3.5,5
482,40,0,4.81,5
482,41,0,4.73,5
482,42,5,2.46,5
482,43,3,2.92,5
482,44,0,4.09,5
482,45,0,4.29,5
482,46,0,3.53,5
482,47,2,2.68,5
482,48,1,2.5,5
482,49,1,2.95,5
482,50,5,2.13,5
482,51,0,4.01,5
482,52,0,4.24,5
483,1,4,4.23,2
483,2,5,2.29,2
483,3,5,4.89,2
483,4,5,2.43,2
483,5,5,3.45,2
483,6,5,3.69,2
483,7,3,4.8,2
483,8,0,4.46,2
483,9,5,3.6,2
483,10,3,3.15,2
483,11,5,3.64,2
483,12,2,4.39,2
483,13,4,3.88,2
483,14,12,2.31,2
483,15,9,2.58,2
483,16,4,4.53,2
483,17,3,3.44,2
483,18,2,4.33,2
483,19,2,4.45,2
483,20,2,2.89,2
483,21,5,2.68,2
483,22,2,3.86,2
483,23,4,3.12,2
483,24,1,4.66,2
483,25,6,2.38,2
483,26,7,2.47,2
483,27,1,3.92,2
483,28,1,2.56,2
483,29,2,3.99,2
483,30,7,3.54,2
483,31,1,4.22,2
483,32,6,3.01,2
483,33,14,2.33,2
483,34,8,3.21,2
483,35,2,3.63,2
483,36,5,4.22,2
483,37,9,2.52,2
483,38,3,3.76,2
483,39,5,3.5,2
483,40,6,4.81,2
483,41,1,4.73,2
483,42,8,2.46,2
483,43,6,2.92,2
483,44,3,4.09,2
483,45,1,4.29,2
483,46,0,3.53,2
483,47,6,2.68,2
483,48,9,2.5,2
483,49,4,2.95,2
483,50,4,2.13,2
483,51,2,4.01,2
483,52,0,4.24,2
484,1,0,4.23,2
484,2,7,2.29,2
484,3,1,4.89,2
484,4,4,2.43,2
484,5,2,3.45,2
484,6,2,3.69,2
484,7,6,4.8,2
484,8,6,4.46,2
484,9,3,3.6,2
484,10,4,3.15,2
484,11,2,3.64,2
484,12,3,4.39,2
484,13,2,3.88,2
484,14,5,2.31,2
484,15,4,2.58,2
484,16,1,4.53,2
484,17,3,3.44,2
484,18,0,4.33,2
484,19,3,4.45,2
484,20,4,2.89,2
484,21,4,2.68,2
484,22,4,3.86,2
484,23,5,3.12,2
484,24,0,4.66,2
484,25,7,2.38,2
484,26,4,2.47,2
484,27,4,3.92,2
484,28,6,2.56,2
484,29,3,3.99,2
484,30,2,3.54,2
484,31,3,4.22,2
484,32,5,3.01,2
484,33,9,2.33,2
484,34,2,3.21,2
484,35,4,3.63,2
484,36,1,4.22,2
484,37,6,2.52,2
484,38,1,3.76,2
484,39,5,3.5,2
484,40,2,4.81,2
484,41,2,4.73,2
484,42,3,2.46,2
484,43,3,2.92,2
484,44,1,4.09,2
484,45,3,4.29,2
484,46,5,3.53,2
484,47,7,2.68,2
484,48,7,2.5,2
484,49,3,2.95,2
484,50,7,2.13,2
484,51,3,4.01,2
484,52,1,4.24,2
485,1,0,4.23,1
485,2,4,2.29,1
485,3,2,4.89,1
485,4,4,2.43,1
485,5,3,3.45,1
485,6,2,3.69,1
485,7,1,4.8,1
485,8,2,4.46,1
485,9,1,3.6,1
485,10,1,3.15,1
485,11,0,3.64,1
485,12,2,4.39,1
485,13,3,3.88,1
485,14,5,2.31,1
485,15,2,2.58,1
485,16,3,4.53,1
485,17,4,3.44,1
485,18,2,4.33,1
485,19,1,4.45,1
485,20,2,2.89,1
485,21,2,2.68,1
485,22,1,3.86,1
485,23,2,3.12,1
485,24,0,4.66,1
485,25,0,2.38,1
485,26,6,2.47,1
485,27,1,3.92,1
485,28,6,2.56,1
485,29,2,3.99,1
485,30,2,3.54,1
485,31,0,4.22,1
485,32,3,3.01,1
485,33,4,2.33,1
485,34,3,3.21,1
485,35,0,3.63,1
485,36,2,4.22,1
485,37,6,2.52,1
485,38,0,3.76,1
485,39,2,3.5,1
485,40,1,4.81,1
485,41,1,4.73,1
485,42,6,2.46,1
485,43,3,2.92,1
485,44,0,4.09,1
485,45,2,4.29,1
485,46,3,3.53,1
485,47,7,2.68,1
485,48,1,2.5,1
485,49,2,2.95,1
485,50,2,2.13,1
485,51,3,4.01,1
485,52,0,4.24,1
486,1,3,4.23,3
486,2,12,2.29,3
486,3,6,4.89,3
486,4,13,2.43,3
486,5,6,3.45,3
486,6,5,3.69,3
486,7,6,4.8,3
486,8,7,4.46,3
486,9,9,3.6,3
486,10,10,3.15,3
486,11,5,3.64,3
486,12,11,4.39,3
486,13,6,3.88,3
486,14,12,2.31,3
486,15,15,2.58,3
486,16,3,4.53,3
486,17,9,3.44,3
486,18,1,4.33,3
486,19,1,4.45,3
486,20,3,2.89,3
486,21,18,2.68,3
486,22,4,3.86,3
486,23,3,3.12,3
486,24,9,4.66,3
486,25,6,2.38,3
486,26,10,2.47,3
486,27,9,3.92,3
486,28,11,2.56,3
486,29,3,3.99,3
486,30,8,3.54,3
486,31,6,4.22,3
486,32,8,3.01,3
486,33,6,2.33,3
486,34,6,3.21,3
486,35,3,3.63,3
486,36,4,4.22,3
486,37,18,2.52,3
486,38,4,3.76,3
486,39,9,3.5,3
486,40,2,4.81,3
486,41,4,4.73,3
486,42,11,2.46,3
486,43,15,2.92,3
486,44,6,4.09,3
486,45,6,4.29,3
486,46,8,3.53,3
486,47,7,2.68,3
486,48,9,2.5,3
486,49,7,2.95,3
486,50,12,2.13,3
486,51,4,4.01,3
486,52,2,4.24,3
487,1,3,4.23,1
487,2,3,2.29,1
487,3,0,4.89,1
487,4,4,2.43,1
487,5,0,3.45,1
487,6,1,3.69,1
487,7,0,4.8,1
487,8,0,4.46,1
487,9,1,3.6,1
487,10,3,3.15,1
487,11,0,3.64,1
487,12,1,4.39,1
487,13,1,3.88,1
487,14,5,2.31,1
487,15,2,2.58,1
487,16,1,4.53,1
487,17,3,3.44,1
487,18,0,4.33,1
487,19,0,4.45,1
487,20,2,2.89,1
487,21,1,2.68,1
487,22,2,3.86,1
487,23,1,3.12,1
487,24,0,4.66,1
487,25,2,2.38,1
487,26,2,2.47,1
487,27,1,3.92,1
487,28,4,2.56,1
487,29,3,3.99,1
487,30,0,3.54,1
487,31,2,4.22,1
487,32,2,3.01,1
487,33,6,2.33,1
487,34,1,3.21,1
487,35,0,3.63,1
487,36,0,4.22,1
487,37,2,2.52,1
487,38,2,3.76,1
487,39,1,3.5,1
487,40,0,4.81,1
487,41,0,4.73,1
487,42,2,2.46,1
487,43,3,2.92,1
487,44,0,4.09,1
487,45,0,4.29,1
487,46,1,3.53,1
487,47,2,2.68,1
487,48,5,2.5,1
487,49,1,2.95,1
487,50,2,2.13,1
487,51,0,4.01,1
487,52,1,4.24,1
488,1,0,4.23,4
488,2,1,2.29,4
488,3,1,4.89,4
488,4,3,2.43,4
488,5,1,3.45,4
488,6,0,3.69,4
488,7,0,4.8,4
488,8,0,4.46,4
488,9,0,3.6,4
488,10,0,3.15,4
488,11,2,3.64,4
488,12,0,4.39,4
488,13,0,3.88,4
488,14,2,2.31,4
488,15,3,2.58,4
488,16,0,4.53,4
488,17,0,3.44,4
488,18,0,4.33,4
488,19,0,4.45,4
488,20,2,2.89,4
488,21,0,2.68,4
488,22,0,3.86,4
488,23,0,3.12,4
488,24,0,4.66,4
488,25,2,2.38,4
488,26,1,2.47,4
488,27,1,3.92,4
488,28,4,2.56,4
488,29,0,3.99,4
488,30,0,3.54,4
488,31,0,4.22,4
488,32,1,3.01,4
488,33,4,2.33,4
488,34,2,3.21,4
488,35,1,3.63,4
488,36,0,4.22,4
488,37,0,2.52,4
488,38,0,3.76,4
488,39,2,3.5,4
488,40,0,4.81,4
488,41,0,4.73,4
488,42,0,2.46,4
488,43,1,2.92,4
488,44,0,4.09,4
488,45,0,4.29,4
488,46,4,3.53,4
488,47,2,2.68,4
488,48,1,2.5,4
488,49,0,2.95,4
488,50,3,2.13,4
488,51,0,4.01,4
488,52,1,4.24,4
489,1,0,4.23,1
489,2,1,2.29,1
489,3,0,4.89,1
489,4,1,2.43,1
489,5,0,3.45,1
489,6,0,3.69,1
489,7,0,4.8,1
489,8,0,4.46,1
489,9,0,3.6,1
489,10,0,3.15,1
489,11,0,3.64,1
489,12,0,4.39,1
489,13,0,3.88,1
489,14,0,2.31,1
489,15,1,2.58,1
489,16,0,4.53,1
489,17,0,3.44,1
489,18,0,4.33,1
489,19,0,4.45,1
489,20,1,2.89,1
489,21,0,2.68,1
489,22,0,3.86,1
489,23,0,3.12,1
489,24,0,4.66,1
489,25,0,2.38,1
489,26,0,2.47,1
489,27,1,3.92,1
489,28,1,2.56,1
489,29,0,3.99,1
489,30,0,3.54,1
489,31,0,4.22,1
489,32,0,3.01,1
489,33,0,2.33,1
489,34,0,3.21,1
489,35,0,3.63,1
489,36,0,4.22,1
489,37,1,2.52,1
489,38,0,3.76,1
489,39,0,3.5,1
489,40,0,4.81,1
489,41,0,4.73,1
489,42,0,2.46,1
489,43,0,2.92,1
489,44,0,4.09,1
489,45,0,4.29,1
489,46,0,3.53,1
489,47,0,2.68,1
489,48,0,2.5,1
489,49,0,2.95,1
489,50,2,2.13,1
489,51,0,4.01,1
489,52,0,4.24,1
490,1,6,4.23,4
490,2,14,2.29,4
490,3,9,4.89,4
490,4,12,2.43,4
490,5,18,3.45,4
490,6,11,3.69,4
490,7,5,4.8,4
490,8,10,4.46,4
490,9,14,3.6,4
490,10,15,3.15,4
490,11,12,3.64,4
490,12,6,4.39,4
490,13,15,3.88,4
490,14,15,2.31,4
490,15,22,2.58,4
490,16,5,4.53,4
490,17,7,3.44,4
490,18,11,4.33,4
490,19,11,4.45,4
490,20,12,2.89,4
490,21,24,2.68,4
490,22,8,3.86,4
490,23,8,3.12,4
490,24,11,4.66,4
490,25,16,2.38,4
490,26,15,2.47,4
490,27,12,3.92,4
490,28,17,2.56,4
490,29,6,3.99,4
490,30,9,3.54,4
490,31,9,4.22,4
490,32,19,3.01,4
490,33,13,2.33,4
490,34,21,3.21,4
490,35,11,3.63,4
490,36,10,4.22,4
490,37,16,2.52,4
490,38,10,3.76,4
490,39,15,3.5,4
490,40,7,4.81,4
490,41,7,4.73,4
490,42,17,2.46,4
490,43,20,2.92,4
490,44,15,4.09,4
490,45,7,4.29,4
490,46,18,3.53,4
490,47,10,2.68,4
490,48,11,2.5,4
490,49,9,2.95,4
490,50,15,2.13,4
490,51,16,4.01,4
490,52,11,4.24,4
491,1,1,4.23,2
491,2,3,2.29,2
491,3,0,4.89,2
491,4,5,2.43,2
491,5,2,3.45,2
491,6,4,3.69,2
491,7,2,4.8,2
491,8,0,4.46,2
491,9,1,3.6,2
491,10,0,3.15,2
491,11,2,3.64,2
491,12,3,4.39,2
491,13,3,3.88,2
491,14,1,2.31,2
491,15,7,2.58,2
491,16,0,4.53,2
491,17,1,3.44,2
491,18,1,4.33,2
491,19,2,4.45,2
491,20,5,2.89,2
491,21,6,2.68,2
491,22,1,3.86,2
491,23,4,3.12,2
491,24,3,4.66,2
491,25,4,2.38,2
491,26,5,2.47,2
491,27,0,3.92,2
491,28,7,2.56,2
491,29,2,3.99,2
491,30,3,3.54,2
491,31,1,4.22,2
491,32,5,3.01,2
491,33,9,2.33,2
491,34,2,3.21,2
491,35,2,3.63,2
491,36,1,4.22,2
491,37,8,2.52,2
491,38,0,3.76,2
491,39,1,3.5,2
491,40,0,4.81,2
491,41,0,4.73,2
491,42,9,2.46,2
491,43,4,2.92,2
491,44,1,4.09,2
491,45,3,4.29,2
491,46,1,3.53,2
491,47,5,2.68,2
491,48,2,2.5,2
491,49,6,2.95,2
491,50,5,2.13,2
491,51,3,4.01,2
491,52,0,4.24,2
492,1,2,4.23,3
492,2,14,2.29,3
492,3,1,4.89,3
492,4,15,2.43,3
492,5,7,3.45,3
492,6,1,3.69,3
492,7,2,4.8,3
492,8,2,4.46,3
492,9,6,3.6,3
492,10,6,3.15,3
492,11,3,3.64,3
492,12,1,4.39,3
492,13,2,3.88,3
492,14,9,2.31,3
492,15,10,2.58,3
492,16,1,4.53,3
492,17,5,3.44,3
492,18,2,4.33,3
492,19,1,4.45,3
492,20,8,2.89,3
492,21,10,2.68,3
492,22,0,3.86,3
492,23,7,3.12,3
492,24,0,4.66,3
492,25,13,2.38,3
492,26,10,2.47,3
492,27,1,3.92,3
492,28,12,2.56,3
492,29,5,3.99,3
492,30,5,3.54,3
492,31,5,4.22,3
492,32,7,3.01,3
492,33,19,2.33,3
492,34,6,3.21,3
492,35,3,3.63,3
492,36,1,4.22,3
492,37,12,2.52,3
492,38,1,3.76,3
492,39,3,3.5,3
492,40,1,4.81,3
492,41,3,4.73,3
492,42,17,2.46,3
492,43,4,2.92,3
492,44,1,4.09,3
492,45,0,4.29,3
492,46,2,3.53,3
492,47,6,2.68,3
492,48,6,2.5,3
492,49,5,2.95,3
492,50,20,2.13,3
492,51,6,4.01,3
492,52,2,4.24,3
493,1,6,4.23,3
493,2,10,2.29,3
493,3,2,4.89,3
493,4,11,2.43,3
493,5,14,3.45,3
493,6,8,3.69,3
493,7,4,4.8,3
493,8,2,4.46,3
493,9,12,3.6,3
493,10,6,3.15,3
493,11,7,3.64,3
493,12,3,4.39,3
493,13,6,3.88,3
493,14,20,2.31,3
493,15,5,2.58,3
493,16,1,4.53,3
493,17,6,3.44,3
493,18,8,4.33,3
493,19,5,4.45,3
493,20,7,2.89,3
493,21,12,2.68,3
493,22,3,3.86,3
493,23,11,3.12,3
493,24,1,4.66,3
493,25,12,2.38,3
493,26,7,2.47,3
493,27,8,3.92,3
493,28,8,2.56,3
493,29,6,3.99,3
493,30,7,3.54,3
493,31,4,4.22,3
493,32,12,3.01,3
493,33,15,2.33,3
493,34,7,3.21,3
493,35,10,3.63,3
493,36,11,4.22,3
493,37,10,2.52,3
493,38,9,3.76,3
493,39,6,3.5,3
493,40,7,4.81,3
493,41,2,4.73,3
493,42,8,2.46,3
493,43,8,2.92,3
493,44,9,4.09,3
493,45,1,4.29,3
493,46,3,3.53,3
493,47,8,2.68,3
493,48,13,2.5,3
493,49,8,2.95,3
493,50,10,2.13,3
493,51,3,4.01,3
493,52,4,4.24,3
494,1,1,4.23,5
494,2,3,2.29,5
494,3,0,4.89,5
494,4,1,2.43,5
494,5,1,3.45,5
494,6,1,3.69,5
494,7,0,4.8,5
494,8,0,4.46,5
494,9,1,3.6,5
494,10,3,3.15,5
494,11,0,3.64,5
494,12,0,4.39,5
494,13,0,3.88,5
494,14,9,2.31,5
494,15,3,2.58,5
494,16,0,4.53,5
494,17,0,3.44,5
494,18,1,4.33,5
494,19,0,4.45,5
494,20,0,2.89,5
494,21,0,2.68,5
494,22,0,3.86,5
494,23,1,3.12,5
494,24,0,4.66,5
494,25,2,2.38,5
494,26,3,2.47,5
494,27,0,3.92,5
494,28,3,2.56,5
494,29,0,3.99,5
494,30,1,3.54,5
494,31,0,4.22,5
494,32,2,3.01,5
494,33,2,2.33,5
494,34,0,3.21,5
494,35,1,3.63,5
494,36,0,4.22,5
494,37,3,2.52,5
494,38,0,3.76,5
494,39,0,3.5,5
494,40,0,4.81,5
494,41,0,4.73,5
494,42,1,2.46,5
494,43,3,2.92,5
494,44,0,4.09,5
494,45,1,4.29,5
494,46,1,3.53,5
494,47,2,2.68,5
494,48,6,2.5,5
494,49,1,2.95,5
494,50,1,2.13,5
494,51,1,4.01,5
494,52,0,4.24,5
495,1,0,4.23,1
495,2,7,2.29,1
495,3,2,4.89,1
495,4,5,2.43,1
495,5,3,3.45,1
495,6,4,3.69,1
495,7,0,4.8,1
495,8,0,4.46,1
495,9,0,3.6,1
495,10,5,3.15,1
495,11,1,3.64,1
495,12,3,4.39,1
495,13,0,3.88,1
495,14,3,2.31,1
495,15,2,2.58,1
495,16,2,4.53,1
495,17,1,3.44,1
495,18,1,4.33,1
495,19,0,4.45,1
495,20,2,2.89,1
495,21,2,2.68,1
495,22,2,3.86,1
495,23,1,3.12,1
495,24,0,4.66,1
495,25,4,2.38,1
495,26,4,2.47,1
495,27,2,3.92,1
495,28,1,2.56,1
495,29,1,3.99,1
495,30,3,3.54,1
495,31,1,4.22,1
495,32,6,3.01,1
495,33,3,2.33,1
495,34,2,3.21,1
495,35,2,3.63,1
495,36,1,4.22,1
495,37,4,2.52,1
495,38,1,3.76,1
495,39,2,3.5,1
495,40,2,4.81,1
495,41,1,4.73,1
495,42,1,2.46,1
495,43,2,2.92,1
495,44,1,4.09,1
495,45,3,4.29,1
495,46,2,3.53,1
495,47,1,2.68,1
495,48,5,2.5,1
495,49,5,2.95,1
495,50,3,2.13,1
495,51,0,4.01,1
495,52,1,4.24,1
496,1,3,4.23,3
496,2,8,2.29,3
496,3,3,4.89,3
496,4,9,2.43,3
496,5,3,3.45,3
496,6,5,3.69,3
496,7,5,4.8,3
496,8,6,4.46,3
496,9,6,3.6,3
496,10,9,3.15,3
496,11,4,3.64,3
496,12,4,4.39,3
496,13,7,3.88,3
496,14,10,2.31,3
496,15,5,2.58,3
496,16,5,4.53,3
496,17,8,3.44,3
496,18,2,4.33,3
496,19,2,4.45,3
496,20,11,2.89,3
496,21,12,2.68,3
496,22,5,3.86,3
496,23,9,3.12,3
496,24,2,4.66,3
496,25,11,2.38,3
496,26,8,2.47,3
496,27,5,3.92,3
496,28,7,2.56,3
496,29,6,3.99,3
496,30,8,3.54,3
496,31,4,4.22,3
496,32,7,3.01,3
496,33,13,2.33,3
496,34,7,3.21,3
496,35,8,3.63,3
496,36,3,4.22,3
496,37,10,2.52,3
496,38,6,3.76,3
496,39,6,3.5,3
496,40,2,4.81,3
496,41,7,4.73,3
496,42,6,2.46,3
496,43,6,2.92,3
496,44,10,4.09,3
496,45,3,4.29,3
496,46,9,3.53,3
496,47,12,2.68,3
496,48,20,2.5,3
496,49,9,2.95,3
496,50,10,2.13,3
496,51,4,4.01,3
496,52,6,4.24,3
497,1,0,4.23,1
497,2,1,2.29,1
497,3,0,4.89,1
497,4,0,2.43,1
497,5,1,3.45,1
497,6,0,3.69,1
497,7,0,4.8,1
497,8,0,4.46,1
497,9,1,3.6,1
497,10,0,3.15,1
497,11,0,3.64,1
497,12,0,4.39,1
497,13,0,3.88,1
497,14,1,2.31,1
497,15,0,2.58,1
497,16,0,4.53,1
497,17,0,3.44,1
497,18,0,4.33,1
497,19,0,4.45,1
497,20,0,2.89,1
497,21,1,2.68,1
497,22,0,3.86,1
497,23,0,3.12,1
497,24,0,4.66,1
497,25,1,2.38,1
497,26,0,2.47,1
497,27,0,3.92,1
497,28,0,2.56,1
497,29,0,3.99,1
497,30,0,3.54,1
497,31,1,4.22,1
497,32,0,3.01,1
497,33,0,2.33,1
497,34,0,3.21,1
497,35,0,3.63,1
497,36,0,4.22,1
497,37,1,2.52,1
497,38,0,3.76,1
497,39,0,3.5,1
497,40,0,4.81,1
497,41,0,4.73,1
497,42,1,2.46,1
497,43,1,2.92,1
497,44,1,4.09,1
497,45,0,4.29,1
497,46,0,3.53,1
497,47,0,2.68,1
497,48,0,2.5,1
497,49,1,2.95,1
497,50,1,2.13,1
497,51,1,4.01,1
497,52,0,4.24,1
498,1,0,4.23,4
498,2,2,2.29,4
498,3,0,4.89,4
498,4,2,2.43,4
498,5,1,3.45,4
498,6,1,3.69,4
498,7,0,4.8,4
498,8,0,4.46,4
498,9,0,3.6,4
498,10,0,3.15,4
498,11,0,3.64,4
498,12,0,4.39,4
498,13,0,3.88,4
498,14,0,2.31,4
498,15,3,2.58,4
498,16,1,4.53,4
498,17,0,3.44,4
498,18,0,4.33,4
498,19,0,4.45,4
498,20,0,2.89,4
498,21,1,2.68,4
498,22,0,3.86,4
498,23,0,3.12,4
498,24,0,4.66,4
498,25,4,2.38,4
498,26,3,2.47,4
498,27,0,3.92,4
498,28,1,2.56,4
498,29,0,3.99,4
498,30,0,3.54,4
498,31,1,4.22,4
498,32,0,3.01,4
498,33,0,2.33,4
498,34,1,3.21,4
498,35,0,3.63,4
498,36,0,4.22,4
498,37,3,2.52,4
498,38,0,3.76,4
498,39,0,3.5,4
498,40,0,4.81,4
498,41,0,4.73,4
498,42,0,2.46,4
498,43,2,2.92,4
498,44,0,4.09,4
498,45,0,4.29,4
498,46,1,3.53,4
498,47,0,2.68,4
498,48,0,2.5,4
498,49,1,2.95,4
498,50,1,2.13,4
498,51,0,4.01,4
498,52,1,4.24,4
499,1,5,4.23,3
499,2,12,2.29,3
499,3,6,4.89,3
499,4,10,2.43,3
499,5,7,3.45,3
499,6,6,3.69,3
499,7,5,4.8,3
499,8,3,4.46,3
499,9,7,3.6,3
499,10,6,3.15,3
499,11,5,3.64,3
499,12,6,4.39,3
499,13,5,3.88,3
499,14,14,2.31,3
499,15,12,2.58,3
499,16,9,4.53,3
499,17,10,3.44,3
499,18,8,4.33,3
499,19,4,4.45,3
499,20,12,2.89,3
499,21,12,2.68,3
499,22,5,3.86,3
499,23,8,3.12,3
499,24,4,4.66,3
499,25,9,2.38,3
499,26,9,2.47,3
499,27,4,3.92,3
499,28,8,2.56,3
499,29,7,3.99,3
499,30,6,3.54,3
499,31,3,4.22,3
499,32,7,3.01,3
499,33,8,2.33,3
499,34,6,3.21,3
499,35,10,3.63,3
499,36,3,4.22,3
499,37,13,2.52,3
499,38,8,3.76,3
499,39,5,3.5,3
499,40,7,4.81,3
499,41,3,4.73,3
499,42,9,2.46,3
499,43,12,2.92,3
499,44,4,4.09,3
499,45,2,4.29,3
499,46,11,3.53,3
499,47,8,2.68,3
499,48,13,2.5,3
499,49,9,2.95,3
499,50,15,2.13,3
499,51,5,4.01,3
499,52,4,4.24,3
500,1,0,4.23,1
500,2,5,2.29,1
500,3,1,4.89,1
500,4,2,2.43,1
500,5,1,3.45,1
500,6,1,3.69,1
500,7,0,4.8,1
500,8,1,4.46,1
500,9,1,3.6,1
500,10,2,3.15,1
500,11,1,3.64,1
500,12,1,4.39,1
500,13,2,3.88,1
500,14,5,2.31,1
500,15,1,2.58,1
500,16,2,4.53,1
500,17,1,3.44,1
500,18,4,4.33,1
500,19,2,4.45,1
500,20,4,2.89,1
500,21,1,2.68,1
500,22,2,3.86,1
500,23,4,3.12,1
500,24,1,4.66,1
500,25,1,2.38,1
500,26,6,2.47,1
500,27,1,3.92,1
500,28,1,2.56,1
500,29,1,3.99,1
500,30,3,3.54,1
500,31,0,4.22,1
500,32,1,3.01,1
500,33,3,2.33,1
500,34,0,3.21,1
500,35,0,3.63,1
500,36,2,4.22,1
500,37,3,2.52,1
500,38,1,3.76,1
500,39,3,3.5,1
500,40,0,4.81,1
500,41,1,4.73,1
500,42,3,2.46,1
500,43,3,2.92,1
500,44,1,4.09,1
500,45,2,4.29,1
500,46,0,3.53,1
500,47,1,2.68,1
500,48,1,2.5,1
500,49,3,2.95,1
500,50,3,2.13,1
500,51,4,4.01,1
500,52,3,4.24,1
501,1,3,4.23,3
501,2,13,2.29,3
501,3,2,4.89,3
501,4,10,2.43,3
501,5,5,3.45,3
501,6,2,3.69,3
501,7,2,4.8,3
501,8,1,4.46,3
501,9,2,3.6,3
501,10,3,3.15,3
501,11,7,3.64,3
501,12,3,4.39,3
501,13,3,3.88,3
501,14,12,2.31,3
501,15,10,2.58,3
501,16,0,4.53,3
501,17,5,3.44,3
501,18,1,4.33,3
501,19,3,4.45,3
501,20,9,2.89,3
501,21,12,2.68,3
501,22,2,3.86,3
501,23,6,3.12,3
501,24,1,4.66,3
501,25,12,2.38,3
501,26,6,2.47,3
501,27,2,3.92,3
501,28,13,2.56,3
501,29,5,3.99,3
501,30,1,3.54,3
501,31,1,4.22,3
501,32,5,3.01,3
501,33,10,2.33,3
501,34,4,3.21,3
501,35,4,3.63,3
501,36,2,4.22,3
501,37,13,2.52,3
501,38,6,3.76,3
501,39,2,3.5,3
501,40,2,4.81,3
501,41,0,4.73,3
501,42,11,2.46,3
501,43,9,2.92,3
501,44,3,4.09,3
501,45,1,4.29,3
501,46,6,3.53,3
501,47,15,2.68,3
501,48,13,2.5,3
501,49,7,2.95,3
501,50,10,2.13,3
501,51,8,4.01,3
501,52,0,4.24,3
502,1,0,4.23,1
502,2,4,2.29,1
502,3,0,4.89,1
502,4,3,2.43,1
502,5,0,3.45,1
502,6,0,3.69,1
502,7,0,4.8,1
502,8,0,4.46,1
502,9,3,3.6,1
502,10,2,3.15,1
502,11,3,3.64,1
502,12,0,4.39,1
502,13,0,3.88,1
502,14,2,2.31,1
502,15,1,2.58,1
502,16,0,4.53,1
502,17,0,3.44,1
502,18,1,4.33,1
502,19,0,4.45,1
502,20,3,2.89,1
502,21,2,2.68,1
502,22,0,3.86,1
502,23,2,3.12,1
502,24,1,4.66,1
502,25,3,2.38,1
502,26,3,2.47,1
502,27,1,3.92,1
502,28,5,2.56,1
502,29,0,3.99,1
502,30,0,3.54,1
502,31,0,4.22,1
502,32,1,3.01,1
502,33,2,2.33,1
502,34,0,3.21,1
502,35,0,3.63,1
502,36,1,4.22,1
502,37,3,2.52,1
502,38,1,3.76,1
502,39,0,3.5,1
502,40,1,4.81,1
502,41,0,4.73,1
502,42,1,2.46,1
502,43,1,2.92,1
502,44,0,4.09,1
502,45,0,4.29,1
502,46,3,3.53,1
502,47,3,2.68,1
502,48,6,2.5,1
502,49,3,2.95,1
502,50,3,2.13,1
502,51,0,4.01,1
502,52,0,4.24,1
503,1,6,4.23,3
503,2,13,2.29,3
503,3,3,4.89,3
503,4,15,2.43,3
503,5,7,3.45,3
503,6,8,3.69,3
503,7,4,4.8,3
503,8,7,4.46,3
503,9,6,3.6,3
503,10,9,3.15,3
503,11,3,3.64,3
503,12,3,4.39,3
503,13,4,3.88,3
503,14,13,2.31,3
503,15,12,2.58,3
503,16,3,4.53,3
503,17,6,3.44,3
503,18,5,4.33,3
503,19,4,4.45,3
503,20,9,2.89,3
503,21,9,2.68,3
503,22,8,3.86,3
503,23,9,3.12,3
503,24,2,4.66,3
503,25,6,2.38,3
503,26,7,2.47,3
503,27,12,3.92,3
503,28,7,2.56,3
503,29,5,3.99,3
503,30,8,3.54,3
503,31,4,4.22,3
503,32,9,3.01,3
503,33,6,2.33,3
503,34,12,3.21,3
503,35,5,3.63,3
503,36,5,4.22,3
503,37,10,2.52,3
503,38,4,3.76,3
503,39,3,3.5,3
503,40,2,4.81,3
503,41,5,4.73,3
503,42,12,2.46,3
503,43,11,2.92,3
503,44,2,4.09,3
503,45,8,4.29,3
503,46,8,3.53,3
503,47,8,2.68,3
503,48,14,2.5,3
503,49,10,2.95,3
503,50,14,2.13,3
503,51,4,4.01,3
503,52,4,4.24,3
504,1,4,4.23,4
504,2,11,2.29,4
504,3,2,4.89,4
504,4,4,2.43,4
504,5,8,3.45,4
504,6,4,3.69,4
504,7,2,4.8,4
504,8,1,4.46,4
504,9,9,3.6,4
504,10,11,3.15,4
504,11,11,3.64,4
504,12,5,4.39,4
504,13,6,3.88,4
504,14,17,2.31,4
504,15,22,2.58,4
504,16,6,4.53,4
504,17,10,3.44,4
504,18,3,4.33,4
504,19,4,4.45,4
504,20,11,2.89,4
504,21,10,2.68,4
504,22,5,3.86,4
504,23,8,3.12,4
504,24,1,4.66,4
504,25,17,2.38,4
504,26,19,2.47,4
504,27,1,3.92,4
504,28,9,2.56,4
504,29,8,3.99,4
504,30,4,3.54,4
504,31,3,4.22,4
504,32,12,3.01,4
504,33,21,2.33,4
504,34,12,3.21,4
504,35,5,3.63,4
504,36,6,4.22,4
504,37,21,2.52,4
504,38,5,3.76,4
504,39,7,3.5,4
504,40,3,4.81,4
504,41,1,4.73,4
504,42,11,2.46,4
504,43,15,2.92,4
504,44,8,4.09,4
504,45,5,4.29,4
504,46,12,3.53,4
504,47,18,2.68,4
504,48,13,2.5,4
504,49,14,2.95,4
504,50,18,2.13,4
504,51,4,4.01,4
504,52,5,4.24,4
505,1,3,4.23,1
505,2,1,2.29,1
505,3,1,4.89,1
505,4,5,2.43,1
505,5,1,3.45,1
505,6,3,3.69,1
505,7,1,4.8,1
505,8,1,4.46,1
505,9,2,3.6,1
505,10,0,3.15,1
505,11,3,3.64,1
505,12,0,4.39,1
505,13,0,3.88,1
505,14,4,2.31,1
505,15,3,2.58,1
505,16,0,4.53,1
505,17,2,3.44,1
505,18,0,4.33,1
505,19,3,4.45,1
505,20,3,2.89,1
505,21,1,2.68,1
505,22,0,3.86,1
505,23,1,3.12,1
505,24,0,4.66,1
505,25,5,2.38,1
505,26,7,2.47,1
505,27,2,3.92,1
505,28,3,2.56,1
505,29,0,3.99,1
505,30,4,3.54,1
505,31,0,4.22,1
505,32,3,3.01,1
505,33,3,2.33,1
505,34,0,3.21,1
505,35,1,3.63,1
505,36,1,4.22,1
505,37,3,2.52,1
505,38,2,3.76,1
505,39,3,3.5,1
505,40,1,4.81,1
505,41,1,4.73,1
505,42,1,2.46,1
505,43,1,2.92,1
505,44,0,4.09,1
505,45,0,4.29,1
505,46,1,3.53,1
505,47,2,2.68,1
505,48,4,2.5,1
505,49,5,2.95,1
505,50,3,2.13,1
505,51,1,4.01,1
505,52,1,4.24,1
506,1,1,4.23,1
506,2,2,2.29,1
506,3,0,4.89,1
506,4,4,2.43,1
506,5,1,3.45,1
506,6,1,3.69,1
506,7,1,4.8,1
506,8,1,4.46,1
506,9,3,3.6,1
506,10,4,3.15,1
506,11,4,3.64,1
506,12,2,4.39,1
506,13,3,3.88,1
506,14,4,2.31,1
506,15,2,2.58,1
506,16,1,4.53,1
506,17,0,3.44,1
506,18,2,4.33,1
506,19,1,4.45,1
506,20,2,2.89,1
506,21,3,2.68,1
506,22,2,3.86,1
506,23,4,3.12,1
506,24,1,4.66,1
506,25,3,2.38,1
506,26,2,2.47,1
506,27,1,3.92,1
506,28,3,2.56,1
506,29,1,3.99,1
506,30,2,3.54,1
506,31,0,4.22,1
506,32,4,3.01,1
506,33,6,2.33,1
506,34,4,3.21,1
506,35,3,3.63,1
506,36,2,4.22,1
506,37,3,2.52,1
506,38,0,3.76,1
506,39,2,3.5,1
506,40,1,4.81,1
506,41,0,4.73,1
506,42,5,2.46,1
506,43,2,2.92,1
506,44,1,4.09,1
506,45,1,4.29,1
506,46,0,3.53,1
506,47,3,2.68,1
506,48,4,2.5,1
506,49,5,2.95,1
506,50,2,2.13,1
506,51,2,4.01,1
506,52,1,4.24,1
507,1,2,4.23,2
507,2,7,2.29,2
507,3,1,4.89,2
507,4,5,2.43,2
507,5,1,3.45,2
507,6,4,3.69,2
507,7,0,4.8,2
507,8,2,4.46,2
507,9,1,3.6,2
507,10,3,3.15,2
507,11,2,3.64,2
507,12,1,4.39,2
507,13,2,3.88,2
507,14,8,2.31,2
507,15,10,2.58,2
507,16,0,4.53,2
507,17,2,3.44,2
507,18,3,4.33,2
507,19,2,4.45,2
507,20,5,2.89,2
507,21,4,2.68,2
507,22,1,3.86,2
507,23,3,3.12,2
507,24,3,4.66,2
507,25,10,2.38,2
507,26,9,2.47,2
507,27,1,3.92,2
507,28,8,2.56,2
507,29,3,3.99,2
507,30,4,3.54,2
507,31,2,4.22,2
507,32,3,3.01,2
507,33,3,2.33,2
507,34,1,3.21,2
507,35,1,3.63,2
507,36,1,4.22,2
507,37,5,2.52,2
507,38,1,3.76,2
507,39,0,3.5,2
507,40,1,4.81,2
507,41,0,4.73,2
507,42,4,2.46,2
507,43,2,2.92,2
507,44,0,4.09,2
507,45,0,4.29,2
507,46,2,3.53,2
507,47,10,2.68,2
507,48,6,2.5,2
507,49,4,2.95,2
507,50,8,2.13,2
507,51,1,4.01,2
507,52,0,4.24,2
508,1,14,4.23,5
508,2,10,2.29,5
508,3,10,4.89,5
508,4,20,2.43,5
508,5,13,3.45,5
508,6,12,3.69,5
508,7,16,4.8,5
508,8,11,4.46,5
508,9,20,3.6,5
508,10,14,3.15,5
508,11,22,3.64,5
508,12,14,4.39,5
508,13,23,3.88,5
508,14,12,2.31,5
508,15,15,2.58,5
508,16,10,4.53,5
508,17,15,3.44,5
508,18,12,4.33,5
508,19,13,4.45,5
508,20,15,2.89,5
508,21,7,2.68,5
508,22,12,3.86,5
508,23,9,3.12,5
508,24,14,4.66,5
508,25,14,2.38,5
508,26,12,2.47,5
508,27,17,3.92,5
508,28,19,2.56,5
508,29,12,3.99,5
508,30,11,3.54,5
508,31,10,4.22,5
508,32,13,3.01,5
508,33,20,2.33,5
508,34,22,3.21,5
508,35,13,3.63,5
508,36,14,4.22,5
508,37,12,2.52,5
508,38,10,3.76,5
508,39,12,3.5,5
508,40,10,4.81,5
508,41,10,4.73,5
508,42,10,2.46,5
508,43,9,2.92,5
508,44,11,4.09,5
508,45,15,4.29,5
508,46,11,3.53,5
508,47,13,2.68,5
508,48,14,2.5,5
508,49,12,2.95,5
508,50,16,2.13,5
508,51,17,4.01,5
508,52,7,4.24,5
509,1,1,4.23,2
509,2,12,2.29,2
509,3,2,4.89,2
509,4,10,2.43,2
509,5,4,3.45,2
509,6,1,3.69,2
509,7,4,4.8,2
509,8,2,4.46,2
509,9,5,3.6,2
509,10,3,3.15,2
509,11,2,3.64,2
509,12,4,4.39,2
509,13,3,3.88,2
509,14,4,2.31,2
509,15,5,2.58,2
509,16,4,4.53,2
509,17,0,3.44,2
509,18,2,4.33,2
509,19,2,4.45,2
509,20,2,2.89,2
509,21,3,2.68,2
509,22,1,3.86,2
509,23,5,3.12,2
509,24,1,4.66,2
509,25,3,2.38,2
509,26,4,2.47,2
509,27,2,3.92,2
509,28,10,2.56,2
509,29,6,3.99,2
509,30,3,3.54,2
509,31,2,4.22,2
509,32,3,3.01,2
509,33,7,2.33,2
509,34,5,3.21,2
509,35,4,3.63,2
509,36,2,4.22,2
509,37,9,2.52,2
509,38,0,3.76,2
509,39,6,3.5,2
509,40,0,4.81,2
509,41,4,4.73,2
509,42,8,2.46,2
509,43,1,2.92,2
509,44,2,4.09,2
509,45,0,4.29,2
509,46,3,3.53,2
509,47,6,2.68,2
509,48,6,2.5,2
509,49,6,2.95,2
509,50,12,2.13,2
509,51,3,4.01,2
509,52,2,4.24,2
510,1,1,4.23,5
510,2,3,2.29,5
510,3,0,4.89,5
510,4,3,2.43,5
510,5,1,3.45,5
510,6,2,3.69,5
510,7,0,4.8,5
510,8,0,4.46,5
510,9,2,3.6,5
510,10,1,3.15,5
510,11,0,3.64,5
510,12,0,4.39,5
510,13,1,3.88,5
510,14,4,2.31,5
510,15,4,2.58,5
510,16,0,4.53,5
510,17,1,3.44,5
510,18,0,4.33,5
510,19,0,4.45,5
510,20,0,2.89,5
510,21,3,2.68,5
510,22,0,3.86,5
510,23,2,3.12,5
510,24,0,4.66,5
510,25,1,2.38,5
510,26,2,2.47,5
510,27,3,3.92,5
510,28,1,2.56,5
510,29,1,3.99,5
510,30,2,3.54,5
510,31,1,4.22,5
510,32,3,3.01,5
510,33,3,2.33,5
510,34,1,3.21,5
510,35,0,3.63,5
510,36,0,4.22,5
510,37,1,2.52,5
510,38,0,3.76,5
510,39,0,3.5,5
510,40,0,4.81,5
510,41,0,4.73,5
510,42,2,2.46,5
510,43,2,2.92,5
510,44,1,4.09,5
510,45,0,4.29,5
510,46,2,3.53,5
510,47,4,2.68,5
510,48,1,2.5,5
510,49,0,2.95,5
510,50,6,2.13,5
510,51,0,4.01,5
510,52,0,4.24,5
511,1,2,4.23,3
511,2,7,2.29,3
511,3,1,4.89,3
511,4,12,2.43,3
511,5,9,3.45,3
511,6,6,3.69,3
511,7,3,4.8,3
511,8,3,4.46,3
511,9,4,3.6,3
511,10,8,3.15,3
511,11,4,3.64,3
511,12,8,4.39,3
511,13,5,3.88,3
511,14,16,2.31,3
511,15,7,2.58,3
511,16,3,4.53,3
511,17,3,3.44,3
511,18,5,4.33,3
511,19,2,4.45,3
511,20,11,2.89,3
511,21,15,2.68,3
511,22,7,3.86,3
511,23,14,3.12,3
511,24,5,4.66,3
511,25,9,2.38,3
511,26,11,2.47,3
511,27,6,3.92,3
511,28,9,2.56,3
511,29,6,3.99,3
511,30,6,3.54,3
511,31,4,4.22,3
511,32,9,3.01,3
511,33,8,2.33,3
511,34,14,3.21,3
511,35,6,3.63,3
511,36,7,4.22,3
511,37,7,2.52,3
511,38,7,3.76,3
511,39,3,3.5,3
511,40,4,4.81,3
511,41,3,4.73,3
511,42,13,2.46,3
511,43,12,2.92,3
511,44,4,4.09,3
511,45,6,4.29,3
511,46,5,3.53,3
511,47,11,2.68,3
511,48,9,2.5,3
511,49,9,2.95,3
511,50,15,2.13,3
511,51,5,4.01,3
511,52,5,4.24,3
512,1,0,4.23,2
512,2,1,2.29,2
512,3,0,4.89,2
512,4,1,2.43,2
512,5,0,3.45,2
512,6,1,3.69,2
512,7,0,4.8,2
512,8,0,4.46,2
512,9,0,3.6,2
512,10,1,3.15,2
512,11,0,3.64,2
512,12,0,4.39,2
512,13,0,3.88,2
512,14,1,2.31,2
512,15,2,2.58,2
512,16,0,4.53,2
512,17,0,3.44,2
512,18,0,4.33,2
512,19,0,4.45,2
512,20,0,2.89,2
512,21,1,2.68,2
512,22,0,3.86,2
512,23,0,3.12,2
512,24,0,4.66,2
512,25,4,2.38,2
512,26,1,2.47,2
512,27,0,3.92,2
512,28,1,2.56,2
512,29,0,3.99,2
512,30,0,3.54,2
512,31,0,4.22,2
512,32,0,3.01,2
512,33,1,2.33,2
512,34,0,3.21,2
512,35,1,3.63,2
512,36,0,4.22,2
512,37,1,2.52,2
512,38,1,3.76,2
512,39,0,3.5,2
512,40,0,4.81,2
512,41,1,4.73,2
512,42,1,2.46,2
512,43,2,2.92,2
512,44,0,4.09,2
512,45,0,4.29,2
512,46,0,3.53,2
512,47,0,2.68,2
512,48,1,2.5,2
512,49,0,2.95,2
512,50,1,2.13,2
512,51,0,4.01,2
512,52,0,4.24,2
513,1,3,4.23,4
513,2,20,2.29,4
513,3,3,4.89,4
513,4,21,2.43,4
513,5,10,3.45,4
513,6,7,3.69,4
513,7,5,4.8,4
513,8,2,4.46,4
513,9,8,3.6,4
513,10,13,3.15,4
513,11,12,3.64,4
513,12,4,4.39,4
513,13,8,3.88,4
513,14,13,2.31,4
513,15,19,2.58,4
513,16,1,4.53,4
513,17,9,3.44,4
513,18,3,4.33,4
513,19,5,4.45,4
513,20,14,2.89,4
513,21,12,2.68,4
513,22,3,3.86,4
513,23,11,3.12,4
513,24,3,4.66,4
513,25,20,2.38,4
513,26,21,2.47,4
513,27,10,3.92,4
513,28,22,2.56,4
513,29,10,3.99,4
513,30,8,3.54,4
513,31,6,4.22,4
513,32,15,3.01,4
513,33,14,2.33,4
513,34,18,3.21,4
513,35,4,3.63,4
513,36,3,4.22,4
513,37,19,2.52,4
513,38,4,3.76,4
513,39,11,3.5,4
513,40,2,4.81,4
513,41,0,4.73,4
513,42,12,2.46,4
513,43,23,2.92,4
513,44,5,4.09,4
513,45,7,4.29,4
513,46,14,3.53,4
513,47,12,2.68,4
513,48,15,2.5,4
513,49,11,2.95,4
513,50,9,2.13,4
513,51,6,4.01,4
513,52,2,4.24,4
514,1,1,4.23,5
514,2,7,2.29,5
514,3,0,4.89,5
514,4,1,2.43,5
514,5,2,3.45,5
514,6,2,3.69,5
514,7,0,4.8,5
514,8,0,4.46,5
514,9,1,3.6,5
514,10,0,3.15,5
514,11,1,3.64,5
514,12,0,4.39,5
514,13,0,3.88,5
514,14,3,2.31,5
514,15,2,2.58,5
514,16,2,4.53,5
514,17,0,3.44,5
514,18,0,4.33,5
514,19,0,4.45,5
514,20,1,2.89,5
514,21,1,2.68,5
514,22,0,3.86,5
514,23,2,3.12,5
514,24,0,4.66,5
514,25,3,2.38,5
514,26,4,2.47,5
514,27,0,3.92,5
514,28,3,2.56,5
514,29,0,3.99,5
514,30,0,3.54,5
514,31,0,4.22,5
514,32,1,3.01,5
514,33,4,2.33,5
514,34,0,3.21,5
514,35,0,3.63,5
514,36,0,4.22,5
514,37,1,2.52,5
514,38,0,3.76,5
514,39,0,3.5,5
514,40,1,4.81,5
514,41,0,4.73,5
514,42,0,2.46,5
514,43,0,2.92,5
514,44,0,4.09,5
514,45,1,4.29,5
514,46,0,3.53,5
514,47,2,2.68,5
514,48,1,2.5,5
514,49,2,2.95,5
514,50,8,2.13,5
514,51,0,4.01,5
514,52,0,4.24,5
515,1,3,4.23,1
515,2,4,2.29,1
515,3,2,4.89,1
515,4,3,2.43,1
515,5,5,3.45,1
515,6,2,3.69,1
515,7,3,4.8,1
515,8,0,4.46,1
515,9,0,3.6,1
515,10,3,3.15,1
515,11,6,3.64,1
515,12,5,4.39,1
515,13,1,3.88,1
515,14,7,2.31,1
515,15,2,2.58,1
515,16,0,4.53,1
515,17,2,3.44,1
515,18,0,4.33,1
515,19,1,4.45,1
515,20,4,2.89,1
515,21,3,2.68,1
515,22,3,3.86,1
515,23,1,3.12,1
515,24,4,4.66,1
515,25,4,2.38,1
515,26,1,2.47,1
515,27,1,3.92,1
515,28,2,2.56,1
515,29,1,3.99,1
515,30,4,3.54,1
515,31,1,4.22,1
515,32,3,3.01,1
515,33,3,2.33,1
515,34,3,3.21,1
515,35,1,3.63,1
515,36,2,4.22,1
515,37,2,2.52,1
515,38,2,3.76,1
515,39,2,3.5,1
515,40,0,4.81,1
515,41,0,4.73,1
515,42,6,2.46,1
515,43,2,2.92,1
515,44,0,4.09,1
515,45,1,4.29,1
515,46,1,3.53,1
515,47,1,2.68,1
515,48,5,2.5,1
515,49,5,2.95,1
515,50,7,2.13,1
515,51,1,4.01,1
515,52,2,4.24,1
516,1,13,4.23,5
516,2,20,2.29,5
516,3,10,4.89,5
516,4,12,2.43,5
516,5,10,3.45,5
516,6,12,3.69,5
516,7,14,4.8,5
516,8,23,4.46,5
516,9,9,3.6,5
516,10,14,3.15,5
516,11,15,3.64,5
516,12,16,4.39,5
516,13,19,3.88,5
516,14,19,2.31,5
516,15,12,2.58,5
516,16,11,4.53,5
516,17,14,3.44,5
516,18,14,4.33,5
516,19,14,4.45,5
516,20,19,2.89,5
516,21,16,2.68,5
516,22,15,3.86,5
516,23,12,3.12,5
516,24,10,4.66,5
516,25,21,2.38,5
516,26,14,2.47,5
516,27,11,3.92,5
516,28,17,2.56,5
516,29,7,3.99,5
516,30,21,3.54,5
516,31,13,4.22,5
516,32,15,3.01,5
516,33,24,2.33,5
516,34,14,3.21,5
516,35,17,3.63,5
516,36,19,4.22,5
516,37,13,2.52,5
516,38,17,3.76,5
516,39,18,3.5,5
516,40,11,4.81,5
516,41,13,4.73,5
516,42,13,2.46,5
516,43,13,2.92,5
516,44,17,4.09,5
516,45,14,4.29,5
516,46,11,3.53,5
516,47,19,2.68,5
516,48,9,2.5,5
516,49,25,2.95,5
516,50,22,2.13,5
516,51,15,4.01,5
516,52,15,4.24,5
517,1,0,4.23,1
517,2,7,2.29,1
517,3,0,4.89,1
517,4,3,2.43,1
517,5,0,3.45,1
517,6,0,3.69,1
517,7,0,4.8,1
517,8,1,4.46,1
517,9,1,3.6,1
517,10,2,3.15,1
517,11,2,3.64,1
517,12,0,4.39,1
517,13,3,3.88,1
517,14,0,2.31,1
517,15,0,2.58,1
517,16,0,4.53,1
517,17,2,3.44,1
517,18,1,4.33,1
517,19,1,4.45,1
517,20,1,2.89,1
517,21,0,2.68,1
517,22,0,3.86,1
517,23,1,3.12,1
517,24,2,4.66,1
517,25,5,2.38,1
517,26,4,2.47,1
517,27,1,3.92,1
517,28,3,2.56,1
517,29,1,3.99,1
517,30,2,3.54,1
517,31,2,4.22,1
517,32,0,3.01,1
517,33,1,2.33,1
517,34,2,3.21,1
517,35,0,3.63,1
517,36,0,4.22,1
517,37,2,2.52,1
517,38,1,3.76,1
517,39,1,3.5,1
517,40,0,4.81,1
517,41,1,4.73,1
517,42,2,2.46,1
517,43,1,2.92,1
517,44,1,4.09,1
517,45,0,4.29,1
517,46,1,3.53,1
517,47,4,2.68,1
517,48,2,2.5,1
517,49,2,2.95,1
517,50,7,2.13,1
517,51,0,4.01,1
517,52,1,4.24,1
518,1,1,4.23,1
518,2,6,2.29,1
518,3,0,4.89,1
518,4,0,2.43,1
518,5,2,3.45,1
518,6,1,3.69,1
518,7,0,4.8,1
518,8,1,4.46,1
518,9,1,3.6,1
518,10,0,3.15,1
518,11,2,3.64,1
518,12,0,4.39,1
518,13,0,3.88,1
518,14,2,2.31,1
518,15,2,2.58,1
518,16,0,4.53,1
518,17,0,3.44,1
518,18,1,4.33,1
518,19,2,4.45,1
518,20,3,2.89,1
518,21,3,2.68,1
518,22,1,3.86,1
518,23,3,3.12,1
518,24,0,4.66,1
518,25,1,2.38,1
518,26,1,2.47,1
518,27,0,3.92,1
518,28,3,2.56,1
518,29,0,3.99,1
518,30,1,3.54,1
518,31,0,4.22,1
518,32,4,3.01,1
518,33,5,2.33,1
518,34,3,3.21,1
518,35,1,3.63,1
518,36,0,4.22,1
518,37,1,2.52,1
518,38,0,3.76,1
518,39,0,3.5,1
518,40,1,4.81,1
518,41,1,4.73,1
518,42,2,2.46,1
518,43,2,2.92,1
518,44,0,4.09,1
518,45,0,4.29,1
518,46,0,3.53,1
518,47,2,2.68,1
518,48,1,2.5,1
518,49,1,2.95,1
518,50,3,2.13,1
518,51,0,4.01,1
518,52,1,4.24,1
519,1,0,4.23,2
519,2,3,2.29,2
519,3,0,4.89,2
519,4,1,2.43,2
519,5,0,3.45,2
519,6,0,3.69,2
519,7,0,4.8,2
519,8,0,4.46,2
519,9,0,3.6,2
519,10,0,3.15,2
519,11,0,3.64,2
519,12,0,4.39,2
519,13,0,3.88,2
519,14,1,2.31,2
519,15,2,2.58,2
519,16,0,4.53,2
519,17,0,3.44,2
519,18,0,4.33,2
519,19,0,4.45,2
519,20,1,2.89,2
519,21,0,2.68,2
519,22,1,3.86,2
519,23,0,3.12,2
519,24,0,4.66,2
519,25,2,2.38,2
519,26,1,2.47,2
519,27,0,3.92,2
519,28,2,2.56,2
519,29,0,3.99,2
519,30,0,3.54,2
519,31,0,4.22,2
519,32,1,3.01,2
519,33,2,2.33,2
519,34,0,3.21,2
519,35,0,3.63,2
519,36,0,4.22,2
519,37,1,2.52,2
519,38,0,3.76,2
519,39,0,3.5,2
519,40,0,4.81,2
519,41,0,4.73,2
519,42,0,2.46,2
519,43,1,2.92,2
519,44,0,4.09,2
519,45,0,4.29,2
519,46,1,3.53,2
519,47,1,2.68,2
519,48,1,2.5,2
519,49,0,2.95,2
519,50,1,2.13,2
519,51,1,4.01,2
519,52,0,4.24,2
520,1,2,4.23,2
520,2,7,2.29,2
520,3,1,4.89,2
520,4,5,2.43,2
520,5,1,3.45,2
520,6,1,3.69,2
520,7,0,4.8,2
520,8,1,4.46,2
520,9,2,3.6,2
520,10,1,3.15,2
520,11,2,3.64,2
520,12,0,4.39,2
520,13,3,3.88,2
520,14,7,2.31,2
520,15,4,2.58,2
520,16,0,4.53,2
520,17,2,3.44,2
520,18,0,4.33,2
520,19,0,4.45,2
520,20,4,2.89,2
520,21,8,2.68,2
520,22,1,3.86,2
520,23,4,3.12,2
520,24,0,4.66,2
520,25,9,2.38,2
520,26,7,2.47,2
520,27,2,3.92,2
520,28,6,2.56,2
520,29,2,3.99,2
520,30,0,3.54,2
520,31,0,4.22,2
520,32,6,3.01,2
520,33,5,2.33,2
520,34,5,3.21,2
520,35,6,3.63,2
520,36,1,4.22,2
520,37,3,2.52,2
520,38,0,3.76,2
520,39,2,3.5,2
520,40,2,4.81,2
520,41,2,4.73,2
520,42,8,2.46,2
520,43,3,2.92,2
520,44,2,4.09,2
520,45,1,4.29,2
520,46,4,3.53,2
520,47,2,2.68,2
520,48,2,2.5,2
520,49,4,2.95,2
520,50,11,2.13,2
520,51,0,4.01,2
520,52,2,4.24,2
521,1,4,4.23,1
521,2,4,2.29,1
521,3,1,4.89,1
521,4,6,2.43,1
521,5,4,3.45,1
521,6,4,3.69,1
521,7,1,4.8,1
521,8,1,4.46,1
521,9,4,3.6,1
521,10,4,3.15,1
521,11,2,3.64,1
521,12,1,4.39,1
521,13,3,3.88,1
521,14,0,2.31,1
521,15,2,2.58,1
521,16,2,4.53,1
521,17,1,3.44,1
521,18,3,4.33,1
521,19,2,4.45,1
521,20,4,2.89,1
521,21,1,2.68,1
521,22,2,3.86,1
521,23,5,3.12,1
521,24,2,4.66,1
521,25,4,2.38,1
521,26,1,2.47,1
521,27,0,3.92,1
521,28,4,2.56,1
521,29,0,3.99,1
521,30,2,3.54,1
521,31,0,4.22,1
521,32,3,3.01,1
521,33,3,2.33,1
521,34,3,3.21,1
521,35,1,3.63,1
521,36,1,4.22,1
521,37,7,2.52,1
521,38,4,3.76,1
521,39,1,3.5,1
521,40,0,4.81,1
521,41,0,4.73,1
521,42,2,2.46,1
521,43,2,2.92,1
521,44,0,4.09,1
521,45,3,4.29,1
521,46,3,3.53,1
521,47,4,2.68,1
521,48,2,2.5,1
521,49,6,2.95,1
521,50,2,2.13,1
521,51,3,4.01,1
521,52,2,4.24,1
522,1,6,4.23,3
522,2,10,2.29,3
522,3,2,4.89,3
522,4,9,2.43,3
522,5,5,3.45,3
522,6,6,3.69,3
522,7,1,4.8,3
522,8,3,4.46,3
522,9,6,3.6,3
522,10,2,3.15,3
522,11,3,3.64,3
522,12,5,4.39,3
522,13,2,3.88,3
522,14,7,2.31,3
522,15,9,2.58,3
522,16,1,4.53,3
522,17,7,3.44,3
522,18,5,4.33,3
522,19,2,4.45,3
522,20,6,2.89,3
522,21,13,2.68,3
522,22,8,3.86,3
522,23,6,3.12,3
522,24,5,4.66,3
522,25,16,2.38,3
522,26,10,2.47,3
522,27,6,3.92,3
522,28,14,2.56,3
522,29,7,3.99,3
522,30,7,3.54,3
522,31,3,4.22,3
522,32,7,3.01,3
522,33,6,2.33,3
522,34,8,3.21,3
522,35,4,3.63,3
522,36,4,4.22,3
522,37,10,2.52,3
522,38,7,3.76,3
522,39,5,3.5,3
522,40,2,4.81,3
522,41,4,4.73,3
522,42,16,2.46,3
522,43,14,2.92,3
522,44,5,4.09,3
522,45,4,4.29,3
522,46,7,3.53,3
522,47,14,2.68,3
522,48,5,2.5,3
522,49,3,2.95,3
522,50,7,2.13,3
522,51,2,4.01,3
522,52,1,4.24,3
523,1,1,4.23,1
523,2,1,2.29,1
523,3,1,4.89,1
523,4,4,2.43,1
523,5,3,3.45,1
523,6,3,3.69,1
523,7,0,4.8,1
523,8,2,4.46,1
523,9,3,3.6,1
523,10,2,3.15,1
523,11,1,3.64,1
523,12,0,4.39,1
523,13,3,3.88,1
523,14,6,2.31,1
523,15,2,2.58,1
523,16,0,4.53,1
523,17,1,3.44,1
523,18,0,4.33,1
523,19,4,4.45,1
523,20,2,2.89,1
523,21,5,2.68,1
523,22,2,3.86,1
523,23,0,3.12,1
523,24,0,4.66,1
523,25,5,2.38,1
523,26,4,2.47,1
523,27,2,3.92,1
523,28,3,2.56,1
523,29,0,3.99,1
523,30,2,3.54,1
523,31,1,4.22,1
523,32,2,3.01,1
523,33,4,2.33,1
523,34,4,3.21,1
523,35,3,3.63,1
523,36,0,4.22,1
523,37,4,2.52,1
523,38,2,3.76,1
523,39,0,3.5,1
523,40,0,4.81,1
523,41,0,4.73,1
523,42,3,2.46,1
523,43,1,2.92,1
523,44,1,4.09,1
523,45,0,4.29,1
523,46,1,3.53,1
523,47,3,2.68,1
523,48,1,2.5,1
523,49,4,2.95,1
523,50,1,2.13,1
523,51,1,4.01,1
523,52,3,4.24,1
524,1,0,4.23,2
524,2,8,2.29,2
524,3,0,4.89,2
524,4,10,2.43,2
524,5,2,3.45,2
524,6,2,3.69,2
524,7,0,4.8,2
524,8,1,4.46,2
524,9,2,3.6,2
524,10,3,3.15,2
524,11,1,3.64,2
524,12,2,4.39,2
524,13,0,3.88,2
524,14,9,2.31,2
524,15,4,2.58,2
524,16,2,4.53,2
524,17,4,3.44,2
524,18,0,4.33,2
524,19,1,4.45,2
524,20,2,2.89,2
524,21,6,2.68,2
524,22,2,3.86,2
524,23,6,3.12,2
524,24,1,4.66,2
524,25,4,2.38,2
524,26,3,2.47,2
524,27,0,3.92,2
524,28,4,2.56,2
524,29,1,3.99,2
524,30,1,3.54,2
524,31,0,4.22,2
524,32,3,3.01,2
524,33,5,2.33,2
524,34,1,3.21,2
524,35,0,3.63,2
524,36,2,4.22,2
524,37,3,2.52,2
524,38,1,3.76,2
524,39,3,3.5,2
524,40,2,4.81,2
524,41,3,4.73,2
524,42,7,2.46,2
524,43,3,2.92,2
524,44,2,4.09,2
524,45,1,4.29,2
524,46,1,3.53,2
524,47,5,2.68,2
524,48,7,2.5,2
524,49,4,2.95,2
524,50,8,2.13,2
524,51,1,4.01,2
524,52,2,4.24,2
525,1,0,4.23,3
525,2,2,2.29,3
525,3,0,4.89,3
525,4,2,2.43,3
525,5,0,3.45,3
525,6,0,3.69,3
525,7,0,4.8,3
525,8,0,4.46,3
525,9,0,3.6,3
525,10,0,3.15,3
525,11,0,3.64,3
525,12,0,4.39,3
525,13,0,3.88,3
525,14,0,2.31,3
525,15,1,2.58,3
525,16,0,4.53,3
525,17,2,3.44,3
525,18,0,4.33,3
525,19,0,4.45,3
525,20,0,2.89,3
525,21,0,2.68,3
525,22,1,3.86,3
525,23,1,3.12,3
525,24,0,4.66,3
525,25,1,2.38,3
525,26,0,2.47,3
525,27,0,3.92,3
525,28,0,2.56,3
525,29,0,3.99,3
525,30,0,3.54,3
525,31,0,4.22,3
525,32,0,3.01,3
525,33,1,2.33,3
525,34,0,3.21,3
525,35,0,3.63,3
525,36,0,4.22,3
525,37,3,2.52,3
525,38,0,3.76,3
525,39,1,3.5,3
525,40,1,4.81,3
525,41,0,4.73,3
525,42,1,2.46,3
525,43,1,2.92,3
525,44,0,4.09,3
525,45,0,4.29,3
525,46,1,3.53,3
525,47,0,2.68,3
525,48,2,2.5,3
525,49,1,2.95,3
525,50,2,2.13,3
525,51,0,4.01,3
525,52,0,4.24,3
526,1,1,4.23,1
526,2,5,2.29,1
526,3,1,4.89,1
526,4,4,2.43,1
526,5,0,3.45,1
526,6,0,3.69,1
526,7,0,4.8,1
526,8,0,4.46,1
526,9,3,3.6,1
526,10,1,3.15,1
526,11,0,3.64,1
526,12,0,4.39,1
526,13,0,3.88,1
526,14,8,2.31,1
526,15,4,2.58,1
526,16,0,4.53,1
526,17,0,3.44,1
526,18,0,4.33,1
526,19,0,4.45,1
526,20,5,2.89,1
526,21,3,2.68,1
526,22,0,3.86,1
526,23,0,3.12,1
526,24,0,4.66,1
526,25,2,2.38,1
526,26,2,2.47,1
526,27,1,3.92,1
526,28,2,2.56,1
526,29,0,3.99,1
526,30,0,3.54,1
526,31,0,4.22,1
526,32,0,3.01,1
526,33,5,2.33,1
526,34,0,3.21,1
526,35,0,3.63,1
526,36,0,4.22,1
526,37,1,2.52,1
526,38,2,3.76,1
526,39,1,3.5,1
526,40,0,4.81,1
526,41,1,4.73,1
526,42,1,2.46,1
526,43,2,2.92,1
526,44,0,4.09,1
526,45,0,4.29,1
526,46,0,3.53,1
526,47,2,2.68,1
526,48,4,2.5,1
526,49,1,2.95,1
526,50,1,2.13,1
526,51,0,4.01,1
526,52,0,4.24,1
527,1,0,4.23,1
527,2,2,2.29,1
527,3,0,4.89,1
527,4,2,2.43,1
527,5,3,3.45,1
527,6,1,3.69,1
527,7,2,4.8,1
527,8,2,4.46,1
527,9,5,3.6,1
527,10,1,3.15,1
527,11,2,3.64,1
527,12,4,4.39,1
527,13,1,3.88,1
527,14,4,2.31,1
527,15,2,2.58,1
527,16,2,4.53,1
527,17,2,3.44,1
527,18,2,4.33,1
527,19,0,4.45,1
527,20,2,2.89,1
527,21,3,2.68,1
527,22,2,3.86,1
527,23,0,3.12,1
527,24,0,4.66,1
527,25,1,2.38,1
527,26,3,2.47,1
527,27,0,3.92,1
527,28,9,2.56,1
527,29,0,3.99,1
527,30,1,3.54,1
527,31,2,4.22,1
527,32,2,3.01,1
527,33,3,2.33,1
527,34,2,3.21,1
527,35,2,3.63,1
527,36,2,4.22,1
527,37,4,2.52,1
527,38,1,3.76,1
527,39,2,3.5,1
527,40,0,4.81,1
527,41,2,4.73,1
527,42,1,2.46,1
527,43,3,2.92,1
527,44,1,4.09,1
527,45,3,4.29,1
527,46,4,3.53,1
527,47,0,2.68,1
527,48,3,2.5,1
527,49,2,2.95,1
527,50,3,2.13,1
527,51,1,4.01,1
527,52,1,4.24,1
528,1,0,4.23,2
528,2,10,2.29,2
528,3,1,4.89,2
528,4,6,2.43,2
528,5,2,3.45,2
528,6,0,3.69,2
528,7,0,4.8,2
528,8,1,4.46,2
528,9,1,3.6,2
528,10,2,3.15,2
528,11,0,3.64,2
528,12,3,4.39,2
528,13,2,3.88,2
528,14,5,2.31,2
528,15,1,2.58,2
528,16,2,4.53,2
528,17,2,3.44,2
528,18,2,4.33,2
528,19,1,4.45,2
528,20,4,2.89,2
528,21,5,2.68,2
528,22,3,3.86,2
528,23,2,3.12,2
528,24,1,4.66,2
528,25,5,2.38,2
528,26,2,2.47,2
528,27,1,3.92,2
528,28,2,2.56,2
528,29,2,3.99,2
528,30,3,3.54,2
528,31,3,4.22,2
528,32,1,3.01,2
528,33,7,2.33,2
528,34,4,3.21,2
528,35,3,3.63,2
528,36,0,4.22,2
528,37,6,2.52,2
528,38,1,3.76,2
528,39,2,3.5,2
528,40,0,4.81,2
528,41,2,4.73,2
528,42,3,2.46,2
528,43,3,2.92,2
528,44,1,4.09,2
528,45,3,4.29,2
528,46,1,3.53,2
528,47,2,2.68,2
528,48,2,2.5,2
528,49,3,2.95,2
528,50,3,2.13,2
528,51,1,4.01,2
528,52,0,4.24,2
529,1,7,4.23,4
529,2,17,2.29,4
529,3,6,4.89,4
529,4,19,2.43,4
529,5,19,3.45,4
529,6,17,3.69,4
529,7,5,4.8,4
529,8,7,4.46,4
529,9,19,3.6,4
529,10,13,3.15,4
529,11,11,3.64,4
529,12,8,4.39,4
529,13,9,3.88,4
529,14,16,2.31,4
529,15,16,2.58,4
529,16,10,4.53,4
529,17,15,3.44,4
529,18,10,4.33,4
529,19,7,4.45,4
529,20,10,2.89,4
529,21,20,2.68,4
529,22,13,3.86,4
529,23,11,3.12,4
529,24,5,4.66,4
529,25,20,2.38,4
529,26,18,2.47,4
529,27,11,3.92,4
529,28,12,2.56,4
529,29,8,3.99,4
529,30,13,3.54,4
529,31,7,4.22,4
529,32,16,3.01,4
529,33,20,2.33,4
529,34,17,3.21,4
529,35,15,3.63,4
529,36,9,4.22,4
529,37,13,2.52,4
529,38,18,3.76,4
529,39,11,3.5,4
529,40,6,4.81,4
529,41,8,4.73,4
529,42,12,2.46,4
529,43,11,2.92,4
529,44,5,4.09,4
529,45,8,4.29,4
529,46,7,3.53,4
529,47,12,2.68,4
529,48,22,2.5,4
529,49,23,2.95,4
529,50,12,2.13,4
529,51,11,4.01,4
529,52,9,4.24,4
530,1,16,4.23,5
530,2,18,2.29,5
530,3,10,4.89,5
530,4,11,2.43,5
530,5,13,3.45,5
530,6,17,3.69,5
530,7,11,4.8,5
530,8,20,4.46,5
530,9,17,3.6,5
530,10,8,3.15,5
530,11,14,3.64,5
530,12,15,4.39,5
530,13,12,3.88,5
530,14,13,2.31,5
530,15,17,2.58,5
530,16,14,4.53,5
530,17,16,3.44,5
530,18,12,4.33,5
530,19,11,4.45,5
530,20,15,2.89,5
530,21,18,2.68,5
530,22,16,3.86,5
530,23,18,3.12,5
530,24,14,4.66,5
530,25,13,2.38,5
530,26,13,2.47,5
530,27,17,3.92,5
530,28,11,2.56,5
530,29,16,3.99,5
530,30,11,3.54,5
530,31,18,4.22,5
530,32,16,3.01,5
530,33,16,2.33,5
530,34,18,3.21,5
530,35,16,3.63,5
530,36,14,4.22,5
530,37,9,2.52,5
530,38,16,3.76,5
530,39,19,3.5,5
530,40,15,4.81,5
530,41,7,4.73,5
530,42,16,2.46,5
530,43,15,2.92,5
530,44,15,4.09,5
530,45,16,4.29,5
530,46,21,3.53,5
530,47,13,2.68,5
530,48,15,2.5,5
530,49,20,2.95,5
530,50,11,2.13,5
530,51,19,4.01,5
530,52,16,4.24,5
531,1,0,4.23,1
531,2,0,2.29,1
531,3,0,4.89,1
531,4,0,2.43,1
531,5,0,3.45,1
531,6,1,3.69,1
531,7,0,4.8,1
531,8,0,4.46,1
531,9,0,3.6,1
531,10,0,3.15,1
531,11,0,3.64,1
531,12,0,4.39,1
531,13,0,3.88,1
531,14,0,2.31,1
531,15,0,2.58,1
531,16,0,4.53,1
531,17,0,3.44,1
531,18,0,4.33,1
531,19,0,4.45,1
531,20,0,2.89,1
531,21,0,2.68,1
531,22,0,3.86,1
531,23,0,3.12,1
531,24,0,4.66,1
531,25,0,2.38,1
531,26,0,2.47,1
531,27,0,3.92,1
531,28,0,2.56,1
531,29,0,3.99,1
531,30,0,3.54,1
531,31,0,4.22,1
531,32,0,3.01,1
531,33,0,2.33,1
531,34,0,3.21,1
531,35,0,3.63,1
531,36,0,4.22,1
531,37,0,2.52,1
531,38,0,3.76,1
531,39,1,3.5,1
531,40,0,4.81,1
531,41,0,4.73,1
531,42,0,2.46,1
531,43,0,2.92,1
531,44,0,4.09,1
531,45,0,4.29,1
531,46,0,3.53,1
531,47,0,2.68,1
531,48,0,2.5,1
531,49,0,2.95,1
531,50,1,2.13,1
531,51,0,4.01,1
531,52,0,4.24,1
532,1,10,4.23,5
532,2,12,2.29,5
532,3,2,4.89,5
532,4,16,2.43,5
532,5,18,3.45,5
532,6,17,3.69,5
532,7,11,4.8,5
532,8,5,4.46,5
532,9,15,3.6,5
532,10,17,3.15,5
532,11,13,3.64,5
532,12,15,4.39,5
532,13,13,3.88,5
532,14,16,2.31,5
532,15,14,2.58,5
532,16,9,4.53,5
532,17,18,3.44,5
532,18,4,4.33,5
532,19,7,4.45,5
532,20,16,2.89,5
532,21,14,2.68,5
532,22,11,3.86,5
532,23,9,3.12,5
532,24,8,4.66,5
532,25,14,2.38,5
532,26,12,2.47,5
532,27,14,3.92,5
532,28,15,2.56,5
532,29,11,3.99,5
532,30,18,3.54,5
532,31,6,4.22,5
532,32,13,3.01,5
532,33,24,2.33,5
532,34,10,3.21,5
532,35,16,3.63,5
532,36,11,4.22,5
532,37,18,2.52,5
532,38,11,3.76,5
532,39,18,3.5,5
532,40,4,4.81,5
532,41,8,4.73,5
532,42,18,2.46,5
532,43,15,2.92,5
532,44,6,4.09,5
532,45,5,4.29,5
532,46,17,3.53,5
532,47,17,2.68,5
532,48,16,2.5,5
532,49,16,2.95,5
532,50,18,2.13,5
532,51,13,4.01,5
532,52,10,4.24,5
533,1,1,4.23,2
533,2,7,2.29,2
533,3,2,4.89,2
533,4,3,2.43,2
533,5,2,3.45,2
533,6,0,3.69,2
533,7,1,4.8,2
533,8,0,4.46,2
533,9,4,3.6,2
533,10,3,3.15,2
533,11,4,3.64,2
533,12,4,4.39,2
533,13,0,3.88,2
533,14,11,2.31,2
533,15,3,2.58,2
533,16,0,4.53,2
533,17,1,3.44,2
533,18,1,4.33,2
533,19,1,4.45,2
533,20,4,2.89,2
533,21,3,2.68,2
533,22,1,3.86,2
533,23,4,3.12,2
533,24,0,4.66,2
533,25,2,2.38,2
533,26,4,2.47,2
533,27,4,3.92,2
533,28,8,2.56,2
533,29,2,3.99,2
533,30,2,3.54,2
533,31,2,4.22,2
533,32,4,3.01,2
533,33,8,2.33,2
533,34,2,3.21,2
533,35,0,3.63,2
533,36,1,4.22,2
533,37,7,2.52,2
533,38,1,3.76,2
533,39,4,3.5,2
533,40,1,4.81,2
533,41,0,4.73,2
533,42,6,2.46,2
533,43,4,2.92,2
533,44,0,4.09,2
533,45,0,4.29,2
533,46,2,3.53,2
533,47,4,2.68,2
533,48,6,2.5,2
533,49,3,2.95,2
533,50,10,2.13,2
533,51,0,4.01,2
533,52,1,4.24,2
534,1,0,4.23,1
534,2,3,2.29,1
534,3,0,4.89,1
534,4,3,2.43,1
534,5,1,3.45,1
534,6,2,3.69,1
534,7,1,4.8,1
534,8,0,4.46,1
534,9,1,3.6,1
534,10,2,3.15,1
534,11,0,3.64,1
534,12,0,4.39,1
534,13,0,3.88,1
534,14,4,2.31,1
534,15,6,2.58,1
534,16,0,4.53,1
534,17,2,3.44,1
534,18,0,4.33,1
534,19,0,4.45,1
534,20,2,2.89,1
534,21,3,2.68,1
534,22,0,3.86,1
534,23,4,3.12,1
534,24,1,4.66,1
534,25,2,2.38,1
534,26,3,2.47,1
534,27,0,3.92,1
534,28,0,2.56,1
534,29,0,3.99,1
534,30,1,3.54,1
534,31,0,4.22,1
534,32,2,3.01,1
534,33,6,2.33,1
534,34,1,3.21,1
534,35,3,3.63,1
534,36,0,4.22,1
534,37,2,2.52,1
534,38,0,3.76,1
534,39,1,3.5,1
534,40,0,4.81,1
534,41,0,4.73,1
534,42,2,2.46,1
534,43,0,2.92,1
534,44,2,4.09,1
534,45,0,4.29,1
534,46,1,3.53,1
534,47,3,2.68,1
534,48,3,2.5,1
534,49,0,2.95,1
534,50,6,2.13,1
534,51,1,4.01,1
534,52,0,4.24,1
535,1,3,4.23,4
535,2,10,2.29,4
535,3,2,4.89,4
535,4,8,2.43,4
535,5,9,3.45,4
535,6,5,3.69,4
535,7,2,4.8,4
535,8,3,4.46,4
535,9,9,3.6,4
535,10,16,3.15,4
535,11,13,3.64,4
535,12,4,4.39,4
535,13,2,3.88,4
535,14,11,2.31,4
535,15,15,2.58,4
535,16,3,4.53,4
535,17,8,3.44,4
535,18,4,4.33,4
535,19,2,4.45,4
535,20,25,2.89,4
535,21,9,2.68,4
535,22,10,3.86,4
535,23,10,3.12,4
535,24,2,4.66,4
535,25,10,2.38,4
535,26,16,2.47,4
535,27,5,3.92,4
535,28,14,2.56,4
535,29,6,3.99,4
535,30,5,3.54,4
535,31,5,4.22,4
535,32,17,3.01,4
535,33,8,2.33,4
535,34,13,3.21,4
535,35,6,3.63,4
535,36,4,4.22,4
535,37,19,2.52,4
535,38,6,3.76,4
535,39,8,3.5,4
535,40,4,4.81,4
535,41,4,4.73,4
535,42,9,2.46,4
535,43,21,2.92,4
535,44,11,4.09,4
535,45,8,4.29,4
535,46,13,3.53,4
535,47,17,2.68,4
535,48,18,2.5,4
535,49,18,2.95,4
535,50,14,2.13,4
535,51,4,4.01,4
535,52,5,4.24,4
536,1,4,4.23,4
536,2,19,2.29,4
536,3,2,4.89,4
536,4,11,2.43,4
536,5,11,3.45,4
536,6,8,3.69,4
536,7,4,4.8,4
536,8,3,4.46,4
536,9,5,3.6,4
536,10,15,3.15,4
536,11,5,3.64,4
536,12,11,4.39,4
536,13,1,3.88,4
536,14,14,2.31,4
536,15,7,2.58,4
536,16,3,4.53,4
536,17,10,3.44,4
536,18,6,4.33,4
536,19,6,4.45,4
536,20,11,2.89,4
536,21,8,2.68,4
536,22,11,3.86,4
536,23,8,3.12,4
536,24,2,4.66,4
536,25,12,2.38,4
536,26,12,2.47,4
536,27,9,3.92,4
536,28,12,2.56,4
536,29,7,3.99,4
536,30,8,3.54,4
536,31,5,4.22,4
536,32,11,3.01,4
536,33,20,2.33,4
536,34,12,3.21,4
536,35,9,3.63,4
536,36,0,4.22,4
536,37,14,2.52,4
536,38,6,3.76,4
536,39,6,3.5,4
536,40,3,4.81,4
536,41,2,4.73,4
536,42,22,2.46,4
536,43,10,2.92,4
536,44,3,4.09,4
536,45,4,4.29,4
536,46,4,3.53,4
536,47,21,2.68,4
536,48,19,2.5,4
536,49,12,2.95,4
536,50,13,2.13,4
536,51,6,4.01,4
536,52,4,4.24,4
537,1,0,4.23,3
537,2,1,2.29,3
537,3,0,4.89,3
537,4,0,2.43,3
537,5,0,3.45,3
537,6,0,3.69,3
537,7,0,4.8,3
537,8,0,4.46,3
537,9,0,3.6,3
537,10,1,3.15,3
537,11,0,3.64,3
537,12,1,4.39,3
537,13,0,3.88,3
537,14,2,2.31,3
537,15,1,2.58,3
537,16,0,4.53,3
537,17,0,3.44,3
537,18,0,4.33,3
537,19,0,4.45,3
537,20,1,2.89,3
537,21,1,2.68,3
537,22,0,3.86,3
537,23,1,3.12,3
537,24,0,4.66,3
537,25,1,2.38,3
537,26,2,2.47,3
537,27,1,3.92,3
537,28,0,2.56,3
537,29,0,3.99,3
537,30,1,3.54,3
537,31,0,4.22,3
537,32,1,3.01,3
537,33,1,2.33,3
537,34,0,3.21,3
537,35,0,3.63,3
537,36,0,4.22,3
537,37,1,2.52,3
537,38,0,3.76,3
537,39,0,3.5,3
537,40,0,4.81,3
537,41,0,4.73,3
537,42,2,2.46,3
537,43,1,2.92,3
537,44,0,4.09,3
537,45,0,4.29,3
537,46,0,3.53,3
537,47,0,2.68,3
537,48,0,2.5,3
537,49,4,2.95,3
537,50,2,2.13,3
537,51,0,4.01,3
537,52,1,4.24,3
538,1,0,4.23,2
538,2,0,2.29,2
538,3,0,4.89,2
538,4,2,2.43,2
538,5,0,3.45,2
538,6,0,3.69,2
538,7,0,4.8,2
538,8,0,4.46,2
538,9,0,3.6,2
538,10,0,3.15,2
538,11,0,3.64,2
538,12,0,4.39,2
538,13,0,3.88,2
538,14,1,2.31,2
538,15,0,2.58,2
538,16,0,4.53,2
538,17,0,3.44,2
538,18,0,4.33,2
538,19,0,4.45,2
538,20,0,2.89,2
538,21,0,2.68,2
538,22,0,3.86,2
538,23,0,3.12,2
538,24,0,4.66,2
538,25,0,2.38,2
538,26,2,2.47,2
538,27,0,3.92,2
538,28,2,2.56,2
538,29,0,3.99,2
538,30,1,3.54,2
538,31,0,4.22,2
538,32,2,3.01,2
538,33,1,2.33,2
538,34,0,3.21,2
538,35,0,3.63,2
538,36,0,4.22,2
538,37,2,2.52,2
538,38,0,3.76,2
538,39,0,3.5,2
538,40,0,4.81,2
538,41,0,4.73,2
538,42,2,2.46,2
538,43,1,2.92,2
538,44,0,4.09,2
538,45,0,4.29,2
538,46,0,3.53,2
538,47,0,2.68,2
538,48,2,2.5,2
538,49,0,2.95,2
538,50,1,2.13,2
538,51,0,4.01,2
538,52,0,4.24,2
539,1,10,4.23,4
539,2,15,2.29,4
539,3,5,4.89,4
539,4,14,2.43,4
539,5,13,3.45,4
539,6,9,3.69,4
539,7,5,4.8,4
539,8,7,4.46,4
539,9,10,3.6,4
539,10,16,3.15,4
539,11,9,3.64,4
539,12,6,4.39,4
539,13,10,3.88,4
539,14,13,2.31,4
539,15,10,2.58,4
539,16,12,4.53,4
539,17,13,3.44,4
539,18,15,4.33,4
539,19,6,4.45,4
539,20,17,2.89,4
539,21,20,2.68,4
539,22,11,3.86,4
539,23,18,3.12,4
539,24,7,4.66,4
539,25,16,2.38,4
539,26,10,2.47,4
539,27,4,3.92,4
539,28,6,2.56,4
539,29,10,3.99,4
539,30,8,3.54,4
539,31,10,4.22,4
539,32,18,3.01,4
539,33,20,2.33,4
539,34,19,3.21,4
539,35,19,3.63,4
539,36,10,4.22,4
539,37,17,2.52,4
539,38,18,3.76,4
539,39,11,3.5,4
539,40,13,4.81,4
539,41,7,4.73,4
539,42,9,2.46,4
539,43,17,2.92,4
539,44,15,4.09,4
539,45,9,4.29,4
539,46,15,3.53,4
539,47,11,2.68,4
539,48,15,2.5,4
539,49,20,2.95,4
539,50,16,2.13,4
539,51,12,4.01,4
539,52,6,4.24,4
540,1,1,4.23,3
540,2,2,2.29,3
540,3,0,4.89,3
540,4,3,2.43,3
540,5,0,3.45,3
540,6,0,3.69,3
540,7,0,4.8,3
540,8,0,4.46,3
540,9,0,3.6,3
540,10,1,3.15,3
540,11,0,3.64,3
540,12,0,4.39,3
540,13,0,3.88,3
540,14,1,2.31,3
540,15,3,2.58,3
540,16,0,4.53,3
540,17,0,3.44,3
540,18,0,4.33,3
540,19,0,4.45,3
540,20,0,2.89,3
540,21,1,2.68,3
540,22,1,3.86,3
540,23,0,3.12,3
540,24,0,4.66,3
540,25,7,2.38,3
540,26,0,2.47,3
540,27,1,3.92,3
540,28,1,2.56,3
540,29,0,3.99,3
540,30,1,3.54,3
540,31,0,4.22,3
540,32,0,3.01,3
540,33,1,2.33,3
540,34,0,3.21,3
540,35,1,3.63,3
540,36,0,4.22,3
540,37,1,2.52,3
540,38,0,3.76,3
540,39,0,3.5,3
540,40,0,4.81,3
540,41,0,4.73,3
540,42,2,2.46,3
540,43,0,2.92,3
540,44,0,4.09,3
540,45,0,4.29,3
540,46,0,3.53,3
540,47,0,2.68,3
540,48,0,2.5,3
540,49,1,2.95,3
540,50,5,2.13,3
540,51,0,4.01,3
540,52,0,4.24,3
541,1,5,4.23,3
541,2,10,2.29,3
541,3,1,4.89,3
541,4,9,2.43,3
541,5,5,3.45,3
541,6,5,3.69,3
541,7,6,4.8,3
541,8,2,4.46,3
541,9,7,3.6,3
541,10,8,3.15,3
541,11,4,3.64,3
541,12,7,4.39,3
541,13,5,3.88,3
541,14,13,2.31,3
541,15,16,2.58,3
541,16,3,4.53,3
541,17,5,3.44,3
541,18,1,4.33,3
541,19,6,4.45,3
541,20,8,2.89,3
541,21,8,2.68,3
541,22,4,3.86,3
541,23,14,3.12,3
541,24,6,4.66,3
541,25,7,2.38,3
541,26,5,2.47,3
541,27,9,3.92,3
541,28,9,2.56,3
541,29,4,3.99,3
541,30,11,3.54,3
541,31,2,4.22,3
541,32,11,3.01,3
541,33,17,2.33,3
541,34,9,3.21,3
541,35,10,3.63,3
541,36,4,4.22,3
541,37,12,2.52,3
541,38,5,3.76,3
541,39,14,3.5,3
541,40,6,4.81,3
541,41,1,4.73,3
541,42,9,2.46,3
541,43,9,2.92,3
541,44,6,4.09,3
541,45,2,4.29,3
541,46,2,3.53,3
541,47,8,2.68,3
541,48,18,2.5,3
541,49,8,2.95,3
541,50,13,2.13,3
541,51,6,4.01,3
541,52,9,4.24,3
542,1,2,4.23,2
542,2,7,2.29,2
542,3,1,4.89,2
542,4,5,2.43,2
542,5,2,3.45,2
542,6,3,3.69,2
542,7,2,4.8,2
542,8,1,4.46,2
542,9,3,3.6,2
542,10,5,3.15,2
542,11,1,3.64,2
542,12,1,4.39,2
542,13,4,3.88,2
542,14,9,2.31,2
542,15,7,2.58,2
542,16,1,4.53,2
542,17,3,3.44,2
542,18,2,4.33,2
542,19,3,4.45,2
542,20,3,2.89,2
542,21,7,2.68,2
542,22,2,3.86,2
542,23,2,3.12,2
542,24,1,4.66,2
542,25,3,2.38,2
542,26,7,2.47,2
542,27,4,3.92,2
542,28,3,2.56,2
542,29,2,3.99,2
542,30,5,3.54,2
542,31,2,4.22,2
542,32,5,3.01,2
542,33,4,2.33,2
542,34,4,3.21,2
542,35,4,3.63,2
542,36,6,4.22,2
542,37,4,2.52,2
542,38,1,3.76,2
542,39,5,3.5,2
542,40,0,4.81,2
542,41,2,4.73,2
542,42,10,2.46,2
542,43,4,2.92,2
542,44,6,4.09,2
542,45,7,4.29,2
542,46,3,3.53,2
542,47,3,2.68,2
542,48,4,2.5,2
542,49,5,2.95,2
542,50,5,2.13,2
542,51,3,4.01,2
542,52,5,4.24,2
543,1,0,4.23,1
543,2,3,2.29,1
543,3,0,4.89,1
543,4,5,2.43,1
543,5,1,3.45,1
543,6,0,3.69,1
543,7,2,4.8,1
543,8,0,4.46,1
543,9,3,3.6,1
543,10,0,3.15,1
543,11,1,3.64,1
543,12,1,4.39,1
543,13,1,3.88,1
543,14,5,2.31,1
543,15,1,2.58,1
543,16,0,4.53,1
543,17,1,3.44,1
543,18,0,4.33,1
543,19,0,4.45,1
543,20,1,2.89,1
543,21,2,2.68,1
543,22,0,3.86,1
543,23,1,3.12,1
543,24,0,4.66,1
543,25,1,2.38,1
543,26,3,2.47,1
543,27,1,3.92,1
543,28,1,2.56,1
543,29,0,3.99,1
543,30,1,3.54,1
543,31,1,4.22,1
543,32,0,3.01,1
543,33,4,2.33,1
543,34,0,3.21,1
543,35,0,3.63,1
543,36,2,4.22,1
543,37,1,2.52,1
543,38,0,3.76,1
543,39,0,3.5,1
543,40,0,4.81,1
543,41,0,4.73,1
543,42,4,2.46,1
543,43,2,2.92,1
543,44,0,4.09,1
543,45,0,4.29,1
543,46,0,3.53,1
543,47,2,2.68,1
543,48,4,2.5,1
543,49,2,2.95,1
543,50,3,2.13,1
543,51,0,4.01,1
543,52,1,4.24,1
544,1,12,4.23,4
544,2,10,2.29,4
544,3,7,4.89,4
544,4,17,2.43,4
544,5,14,3.45,4
544,6,11,3.69,4
544,7,5,4.8,4
544,8,8,4.46,4
544,9,12,3.6,4
544,10,10,3.15,4
544,11,11,3.64,4
544,12,10,4.39,4
544,13,11,3.88,4
544,14,18,2.31,4
544,15,10,2.58,4
544,16,5,4.53,4
544,17,14,3.44,4
544,18,7,4.33,4
544,19,9,4.45,4
544,20,10,2.89,4
544,21,21,2.68,4
544,22,11,3.86,4
544,23,13,3.12,4
544,24,9,4.66,4
544,25,11,2.38,4
544,26,13,2.47,4
544,27,13,3.92,4
544,28,14,2.56,4
544,29,5,3.99,4
544,30,8,3.54,4
544,31,8,4.22,4
544,32,14,3.01,4
544,33,10,2.33,4
544,34,10,3.21,4
544,35,13,3.63,4
544,36,16,4.22,4
544,37,17,2.52,4
544,38,10,3.76,4
544,39,19,3.5,4
544,40,6,4.81,4
544,41,8,4.73,4
544,42,13,2.46,4
544,43,19,2.92,4
544,44,10,4.09,4
544,45,5,4.29,4
544,46,12,3.53,4
544,47,15,2.68,4
544,48,13,2.5,4
544,49,16,2.95,4
544,50,20,2.13,4
544,51,12,4.01,4
544,52,8,4.24,4
545,1,10,4.23,5
545,2,17,2.29,5
545,3,4,4.89,5
545,4,19,2.43,5
545,5,12,3.45,5
545,6,14,3.69,5
545,7,7,4.8,5
545,8,6,4.46,5
545,9,13,3.6,5
545,10,15,3.15,5
545,11,14,3.64,5
545,12,7,4.39,5
545,13,19,3.88,5
545,14,14,2.31,5
545,15,16,2.58,5
545,16,6,4.53,5
545,17,20,3.44,5
545,18,11,4.33,5
545,19,8,4.45,5
545,20,19,2.89,5
545,21,15,2.68,5
545,22,13,3.86,5
545,23,12,3.12,5
545,24,7,4.66,5
545,25,15,2.38,5
545,26,10,2.47,5
545,27,10,3.92,5
545,28,11,2.56,5
545,29,20,3.99,5
545,30,12,3.54,5
545,31,11,4.22,5
545,32,16,3.01,5
545,33,17,2.33,5
545,34,23,3.21,5
545,35,14,3.63,5
545,36,12,4.22,5
545,37,16,2.52,5
545,38,18,3.76,5
545,39,11,3.5,5
545,40,3,4.81,5
545,41,9,4.73,5
545,42,8,2.46,5
545,43,16,2.92,5
545,44,13,4.09,5
545,45,11,4.29,5
545,46,11,3.53,5
545,47,15,2.68,5
545,48,11,2.5,5
545,49,14,2.95,5
545,50,15,2.13,5
545,51,11,4.01,5
545,52,8,4.24,5
546,1,0,4.23,5
546,2,5,2.29,5
546,3,2,4.89,5
546,4,3,2.43,5
546,5,0,3.45,5
546,6,2,3.69,5
546,7,1,4.8,5
546,8,0,4.46,5
546,9,0,3.6,5
546,10,1,3.15,5
546,11,1,3.64,5
546,12,0,4.39,5
546,13,0,3.88,5
546,14,1,2.31,5
546,15,1,2.58,5
546,16,0,4.53,5
546,17,1,3.44,5
546,18,0,4.33,5
546,19,0,4.45,5
546,20,0,2.89,5
546,21,1,2.68,5
546,22,0,3.86,5
546,23,1,3.12,5
546,24,0,4.66,5
546,25,2,2.38,5
546,26,7,2.47,5
546,27,0,3.92,5
546,28,4,2.56,5
546,29,0,3.99,5
546,30,1,3.54,5
546,31,0,4.22,5
546,32,1,3.01,5
546,33,6,2.33,5
546,34,3,3.21,5
546,35,1,3.63,5
546,36,0,4.22,5
546,37,5,2.52,5
546,38,0,3.76,5
546,39,0,3.5,5
546,40,0,4.81,5
546,41,0,4.73,5
546,42,2,2.46,5
546,43,0,2.92,5
546,44,0,4.09,5
546,45,0,4.29,5
546,46,1,3.53,5
546,47,3,2.68,5
546,48,3,2.5,5
546,49,2,2.95,5
546,50,5,2.13,5
546,51,0,4.01,5
546,52,1,4.24,5
547,1,0,4.23,5
547,2,2,2.29,5
547,3,0,4.89,5
547,4,0,2.43,5
547,5,0,3.45,5
547,6,0,3.69,5
547,7,0,4.8,5
547,8,0,4.46,5
547,9,1,3.6,5
547,10,0,3.15,5
547,11,1,3.64,5
547,12,0,4.39,5
547,13,0,3.88,5
547,14,5,2.31,5
547,15,3,2.58,5
547,16,0,4.53,5
547,17,1,3.44,5
547,18,0,4.33,5
547,19,0,4.45,5
547,20,1,2.89,5
547,21,0,2.68,5
547,22,1,3.86,5
547,23,0,3.12,5
547,24,0,4.66,5
547,25,3,2.38,5
547,26,3,2.47,5
547,27,0,3.92,5
547,28,4,2.56,5
547,29,0,3.99,5
547,30,0,3.54,5
547,31,1,4.22,5
547,32,1,3.01,5
547,33,4,2.33,5
547,34,2,3.21,5
547,35,1,3.63,5
547,36,0,4.22,5
547,37,6,2.52,5
547,38,1,3.76,5
547,39,2,3.5,5
547,40,0,4.81,5
547,41,1,4.73,5
547,42,3,2.46,5
547,43,1,2.92,5
547,44,1,4.09,5
547,45,0,4.29,5
547,46,1,3.53,5
547,47,2,2.68,5
547,48,6,2.5,5
547,49,1,2.95,5
547,50,4,2.13,5
547,51,0,4.01,5
547,52,1,4.24,5
548,1,10,4.23,5
548,2,17,2.29,5
548,3,4,4.89,5
548,4,19,2.43,5
548,5,17,3.45,5
548,6,14,3.69,5
548,7,6,4.8,5
548,8,13,4.46,5
548,9,16,3.6,5
548,10,8,3.15,5
548,11,19,3.64,5
548,12,10,4.39,5
548,13,15,3.88,5
548,14,14,2.31,5
548,15,11,2.58,5
548,16,4,4.53,5
548,17,15,3.44,5
548,18,8,4.33,5
548,19,7,4.45,5
548,20,13,2.89,5
548,21,20,2.68,5
548,22,9,3.86,5
548,23,17,3.12,5
548,24,3,4.66,5
548,25,11,2.38,5
548,26,11,2.47,5
548,27,14,3.92,5
548,28,15,2.56,5
548,29,12,3.99,5
548,30,24,3.54,5
548,31,7,4.22,5
548,32,19,3.01,5
548,33,10,2.33,5
548,34,13,3.21,5
548,35,16,3.63,5
548,36,12,4.22,5
548,37,15,2.52,5
548,38,18,3.76,5
548,39,12,3.5,5
548,40,3,4.81,5
548,41,7,4.73,5
548,42,13,2.46,5
548,43,14,2.92,5
548,44,12,4.09,5
548,45,9,4.29,5
548,46,13,3.53,5
548,47,16,2.68,5
548,48,20,2.5,5
548,49,23,2.95,5
548,50,22,2.13,5
548,51,6,4.01,5
548,52,6,4.24,5
549,1,0,4.23,2
549,2,1,2.29,2
549,3,0,4.89,2
549,4,1,2.43,2
549,5,0,3.45,2
549,6,0,3.69,2
549,7,0,4.8,2
549,8,0,4.46,2
549,9,0,3.6,2
549,10,0,3.15,2
549,11,0,3.64,2
549,12,0,4.39,2
549,13,0,3.88,2
549,14,2,2.31,2
549,15,0,2.58,2
549,16,0,4.53,2
549,17,0,3.44,2
549,18,0,4.33,2
549,19,0,4.45,2
549,20,1,2.89,2
549,21,0,2.68,2
549,22,0,3.86,2
549,23,0,3.12,2
549,24,0,4.66,2
549,25,2,2.38,2
549,26,1,2.47,2
549,27,0,3.92,2
549,28,1,2.56,2
549,29,0,3.99,2
549,30,0,3.54,2
549,31,0,4.22,2
549,32,0,3.01,2
549,33,1,2.33,2
549,34,0,3.21,2
549,35,0,3.63,2
549,36,0,4.22,2
549,37,1,2.52,2
549,38,0,3.76,2
549,39,1,3.5,2
549,40,0,4.81,2
549,41,0,4.73,2
549,42,0,2.46,2
549,43,0,2.92,2
549,44,0,4.09,2
549,45,0,4.29,2
549,46,0,3.53,2
549,47,0,2.68,2
549,48,2,2.5,2
549,49,0,2.95,2
549,50,2,2.13,2
549,51,0,4.01,2
549,52,0,4.24,2
550,1,1,4.23,2
550,2,6,2.29,2
550,3,3,4.89,2
550,4,9,2.43,2
550,5,5,3.45,2
550,6,1,3.69,2
550,7,4,4.8,2
550,8,4,4.46,2
550,9,5,3.6,2
550,10,3,3.15,2
550,11,0,3.64,2
550,12,3,4.39,2
550,13,2,3.88,2
550,14,8,2.31,2
550,15,7,2.58,2
550,16,2,4.53,2
550,17,4,3.44,2
550,18,1,4.33,2
550,19,1,4.45,2
550,20,2,2.89,2
550,21,4,2.68,2
550,22,4,3.86,2
550,23,3,3.12,2
550,24,1,4.66,2
550,25,5,2.38,2
550,26,11,2.47,2
550,27,2,3.92,2
550,28,7,2.56,2
550,29,1,3.99,2
550,30,7,3.54,2
550,31,2,4.22,2
550,32,4,3.01,2
550,33,7,2.33,2
550,34,5,3.21,2
550,35,3,3.63,2
550,36,1,4.22,2
550,37,11,2.52,2
550,38,2,3.76,2
550,39,4,3.5,2
550,40,0,4.81,2
550,41,1,4.73,2
550,42,6,2.46,2
550,43,6,2.92,2
550,44,2,4.09,2
550,45,0,4.29,2
550,46,1,3.53,2
550,47,6,2.68,2
550,48,1,2.5,2
550,49,3,2.95,2
550,50,9,2.13,2
550,51,5,4.01,2
550,52,4,4.24,2
551,1,11,4.23,5
551,2,18,2.29,5
551,3,7,4.89,5
551,4,11,2.43,5
551,5,17,3.45,5
551,6,14,3.69,5
551,7,13,4.8,5
551,8,9,4.46,5
551,9,13,3.6,5
551,10,17,3.15,5
551,11,24,3.64,5
551,12,10,4.39,5
551,13,10,3.88,5
551,14,16,2.31,5
551,15,9,2.58,5
551,16,5,4.53,5
551,17,15,3.44,5
551,18,11,4.33,5
551,19,7,4.45,5
551,20,14,2.89,5
551,21,15,2.68,5
551,22,14,3.86,5
551,23,14,3.12,5
551,24,7,4.66,5
551,25,10,2.38,5
551,26,13,2.47,5
551,27,17,3.92,5
551,28,11,2.56,5
551,29,10,3.99,5
551,30,24,3.54,5
551,31,6,4.22,5
551,32,20,3.01,5
551,33,9,2.33,5
551,34,18,3.21,5
551,35,15,3.63,5
551,36,8,4.22,5
551,37,9,2.52,5
551,38,10,3.76,5
551,39,7,3.5,5
551,40,2,4.81,5
551,41,5,4.73,5
551,42,11,2.46,5
551,43,19,2.92,5
551,44,12,4.09,5
551,45,11,4.29,5
551,46,20,3.53,5
551,47,13,2.68,5
551,48,8,2.5,5
551,49,14,2.95,5
551,50,13,2.13,5
551,51,12,4.01,5
551,52,12,4.24,5
552,1,4,4.23,3
552,2,15,2.29,3
552,3,1,4.89,3
552,4,10,2.43,3
552,5,1,3.45,3
552,6,3,3.69,3
552,7,2,4.8,3
552,8,3,4.46,3
552,9,6,3.6,3
552,10,7,3.15,3
552,11,4,3.64,3
552,12,1,4.39,3
552,13,3,3.88,3
552,14,17,2.31,3
552,15,14,2.58,3
552,16,3,4.53,3
552,17,5,3.44,3
552,18,3,4.33,3
552,19,1,4.45,3
552,20,8,2.89,3
552,21,18,2.68,3
552,22,6,3.86,3
552,23,7,3.12,3
552,24,4,4.66,3
552,25,13,2.38,3
552,26,17,2.47,3
552,27,2,3.92,3
552,28,11,2.56,3
552,29,4,3.99,3
552,30,5,3.54,3
552,31,2,4.22,3
552,32,9,3.01,3
552,33,14,2.33,3
552,34,6,3.21,3
552,35,6,3.63,3
552,36,2,4.22,3
552,37,9,2.52,3
552,38,5,3.76,3
552,39,3,3.5,3
552,40,0,4.81,3
552,41,2,4.73,3
552,42,10,2.46,3
552,43,11,2.92,3
552,44,6,4.09,3
552,45,0,4.29,3
552,46,4,3.53,3
552,47,10,2.68,3
552,48,15,2.5,3
552,49,4,2.95,3
552,50,16,2.13,3
552,51,3,4.01,3
552,52,4,4.24,3
553,1,1,4.23,1
553,2,7,2.29,1
553,3,1,4.89,1
553,4,5,2.43,1
553,5,0,3.45,1
553,6,4,3.69,1
553,7,0,4.8,1
553,8,0,4.46,1
553,9,3,3.6,1
553,10,5,3.15,1
553,11,1,3.64,1
553,12,0,4.39,1
553,13,0,3.88,1
553,14,3,2.31,1
553,15,5,2.58,1
553,16,1,4.53,1
553,17,3,3.44,1
553,18,1,4.33,1
553,19,3,4.45,1
553,20,1,2.89,1
553,21,2,2.68,1
553,22,2,3.86,1
553,23,2,3.12,1
553,24,3,4.66,1
553,25,4,2.38,1
553,26,7,2.47,1
553,27,1,3.92,1
553,28,5,2.56,1
553,29,0,3.99,1
553,30,1,3.54,1
553,31,1,4.22,1
553,32,3,3.01,1
553,33,6,2.33,1
553,34,1,3.21,1
553,35,2,3.63,1
553,36,1,4.22,1
553,37,3,2.52,1
553,38,0,3.76,1
553,39,0,3.5,1
553,40,2,4.81,1
553,41,1,4.73,1
553,42,2,2.46,1
553,43,3,2.92,1
553,44,3,4.09,1
553,45,3,4.29,1
553,46,2,3.53,1
553,47,2,2.68,1
553,48,1,2.5,1
553,49,4,2.95,1
553,50,10,2.13,1
553,51,0,4.01,1
553,52,2,4.24,1
554,1,0,4.23,2
554,2,3,2.29,2
554,3,0,4.89,2
554,4,1,2.43,2
554,5,0,3.45,2
554,6,0,3.69,2
554,7,0,4.8,2
554,8,0,4.46,2
554,9,0,3.6,2
554,10,1,3.15,2
554,11,0,3.64,2
554,12,0,4.39,2
554,13,0,3.88,2
554,14,0,2.31,2
554,15,4,2.58,2
554,16,0,4.53,2
554,17,0,3.44,2
554,18,0,4.33,2
554,19,0,4.45,2
554,20,0,2.89,2
554,21,0,2.68,2
554,22,1,3.86,2
554,23,0,3.12,2
554,24,0,4.66,2
554,25,0,2.38,2
554,26,2,2.47,2
554,27,0,3.92,2
554,28,0,2.56,2
554,29,0,3.99,2
554,30,0,3.54,2
554,31,0,4.22,2
554,32,0,3.01,2
554,33,1,2.33,2
554,34,0,3.21,2
554,35,0,3.63,2
554,36,1,4.22,2
554,37,4,2.52,2
554,38,0,3.76,2
554,39,0,3.5,2
554,40,0,4.81,2
554,41,0,4.73,2
554,42,2,2.46,2
554,43,0,2.92,2
554,44,0,4.09,2
554,45,0,4.29,2
554,46,0,3.53,2
554,47,2,2.68,2
554,48,3,2.5,2
554,49,1,2.95,2
554,50,0,2.13,2
554,51,1,4.01,2
554,52,0,4.24,2
555,1,0,4.23,2
555,2,1,2.29,2
555,3,0,4.89,2
555,4,1,2.43,2
555,5,0,3.45,2
555,6,0,3.69,2
555,7,0,4.8,2
555,8,0,4.46,2
555,9,0,3.6,2
555,10,0,3.15,2
555,11,0,3.64,2
555,12,0,4.39,2
555,13,1,3.88,2
555,14,2,2.31,2
555,15,0,2.58,2
555,16,0,4.53,2
555,17,0,3.44,2
555,18,0,4.33,2
555,19,0,4.45,2
555,20,0,2.89,2
555,21,0,2.68,2
555,22,0,3.86,2
555,23,0,3.12,2
555,24,0,4.66,2
555,25,2,2.38,2
555,26,0,2.47,2
555,27,0,3.92,2
555,28,0,2.56,2
555,29,0,3.99,2
555,30,0,3.54,2
555,31,0,4.22,2
555,32,0,3.01,2
555,33,1,2.33,2
555,34,0,3.21,2
555,35,0,3.63,2
555,36,1,4.22,2
555,37,1,2.52,2
555,38,0,3.76,2
555,39,1,3.5,2
555,40,0,4.81,2
555,41,0,4.73,2
555,42,0,2.46,2
555,43,0,2.92,2
555,44,0,4.09,2
555,45,0,4.29,2
555,46,2,3.53,2
555,47,0,2.68,2
555,48,1,2.5,2
555,49,0,2.95,2
555,50,1,2.13,2
555,51,1,4.01,2
555,52,0,4.24,2
556,1,10,4.23,5
556,2,17,2.29,5
556,3,5,4.89,5
556,4,11,2.43,5
556,5,13,3.45,5
556,6,14,3.69,5
556,7,6,4.8,5
556,8,8,4.46,5
556,9,18,3.6,5
556,10,11,3.15,5
556,11,11,3.64,5
556,12,6,4.39,5
556,13,15,3.88,5
556,14,18,2.31,5
556,15,22,2.58,5
556,16,2,4.53,5
556,17,18,3.44,5
556,18,12,4.33,5
556,19,12,4.45,5
556,20,16,2.89,5
556,21,15,2.68,5
556,22,14,3.86,5
556,23,15,3.12,5
556,24,9,4.66,5
556,25,7,2.38,5
556,26,15,2.47,5
556,27,8,3.92,5
556,28,14,2.56,5
556,29,11,3.99,5
556,30,14,3.54,5
556,31,10,4.22,5
556,32,14,3.01,5
556,33,10,2.33,5
556,34,9,3.21,5
556,35,8,3.63,5
556,36,9,4.22,5
556,37,18,2.52,5
556,38,9,3.76,5
556,39,13,3.5,5
556,40,6,4.81,5
556,41,2,4.73,5
556,42,17,2.46,5
556,43,13,2.92,5
556,44,5,4.09,5
556,45,8,4.29,5
556,46,18,3.53,5
556,47,15,2.68,5
556,48,16,2.5,5
556,49,6,2.95,5
556,50,12,2.13,5
556,51,16,4.01,5
556,52,8,4.24,5
557,1,14,4.23,5
557,2,12,2.29,5
557,3,11,4.89,5
557,4,17,2.43,5
557,5,12,3.45,5
557,6,14,3.69,5
557,7,18,4.8,5
557,8,17,4.46,5
557,9,15,3.6,5
557,10,21,3.15,5
557,11,16,3.64,5
557,12,14,4.39,5
557,13,11,3.88,5
557,14,17,2.31,5
557,15,14,2.58,5
557,16,8,4.53,5
557,17,21,3.44,5
557,18,10,4.33,5
557,19,15,4.45,5
557,20,15,2.89,5
557,21,15,2.68,5
557,22,15,3.86,5
557,23,16,3.12,5
557,24,10,4.66,5
557,25,25,2.38,5
557,26,11,2.47,5
557,27,11,3.92,5
557,28,10,2.56,5
557,29,10,3.99,5
557,30,18,3.54,5
557,31,20,4.22,5
557,32,16,3.01,5
557,33,15,2.33,5
557,34,22,3.21,5
557,35,20,3.63,5
557,36,17,4.22,5
557,37,12,2.52,5
557,38,17,3.76,5
557,39,12,3.5,5
557,40,18,4.81,5
557,41,8,4.73,5
557,42,16,2.46,5
557,43,13,2.92,5
557,44,11,4.09,5
557,45,15,4.29,5
557,46,11,3.53,5
557,47,17,2.68,5
557,48,13,2.5,5
557,49,13,2.95,5
557,50,15,2.13,5
557,51,11,4.01,5
557,52,17,4.24,5
558,1,0,4.23,1
558,2,0,2.29,1
558,3,0,4.89,1
558,4,0,2.43,1
558,5,0,3.45,1
558,6,0,3.69,1
558,7,0,4.8,1
558,8,0,4.46,1
558,9,0,3.6,1
558,10,0,3.15,1
558,11,0,3.64,1
558,12,0,4.39,1
558,13,1,3.88,1
558,14,1,2.31,1
558,15,0,2.58,1
558,16,0,4.53,1
558,17,0,3.44,1
558,18,0,4.33,1
558,19,0,4.45,1
558,20,0,2.89,1
558,21,1,2.68,1
558,22,1,3.86,1
558,23,0,3.12,1
558,24,0,4.66,1
558,25,0,2.38,1
558,26,0,2.47,1
558,27,1,3.92,1
558,28,0,2.56,1
558,29,0,3.99,1
558,30,0,3.54,1
558,31,0,4.22,1
558,32,1,3.01,1
558,33,2,2.33,1
558,34,0,3.21,1
558,35,0,3.63,1
558,36,0,4.22,1
558,37,0,2.52,1
558,38,0,3.76,1
558,39,0,3.5,1
558,40,0,4.81,1
558,41,0,4.73,1
558,42,0,2.46,1
558,43,0,2.92,1
558,44,0,4.09,1
558,45,0,4.29,1
558,46,1,3.53,1
558,47,1,2.68,1
558,48,1,2.5,1
558,49,0,2.95,1
558,50,0,2.13,1
558,51,0,4.01,1
558,52,0,4.24,1
559,1,0,4.23,1
559,2,0,2.29,1
559,3,0,4.89,1
559,4,0,2.43,1
559,5,0,3.45,1
559,6,0,3.69,1
559,7,0,4.8,1
559,8,0,4.46,1
559,9,0,3.6,1
559,10,0,3.15,1
559,11,0,3.64,1
559,12,0,4.39,1
559,13,0,3.88,1
559,14,1,2.31,1
559,15,0,2.58,1
559,16,0,4.53,1
559,17,0,3.44,1
559,18,0,4.33,1
559,19,0,4.45,1
559,20,2,2.89,1
559,21,1,2.68,1
559,22,0,3.86,1
559,23,0,3.12,1
559,24,0,4.66,1
559,25,3,2.38,1
559,26,0,2.47,1
559,27,0,3.92,1
559,28,0,2.56,1
559,29,0,3.99,1
559,30,0,3.54,1
559,31,0,4.22,1
559,32,1,3.01,1
559,33,2,2.33,1
559,34,0,3.21,1
559,35,0,3.63,1
559,36,0,4.22,1
559,37,0,2.52,1
559,38,0,3.76,1
559,39,0,3.5,1
559,40,0,4.81,1
559,41,0,4.73,1
559,42,0,2.46,1
559,43,0,2.92,1
559,44,0,4.09,1
559,45,0,4.29,1
559,46,0,3.53,1
559,47,1,2.68,1
559,48,0,2.5,1
559,49,0,2.95,1
559,50,0,2.13,1
559,51,0,4.01,1
559,52,0,4.24,1
560,1,2,4.23,2
560,2,9,2.29,2
560,3,1,4.89,2
560,4,9,2.43,2
560,5,5,3.45,2
560,6,4,3.69,2
560,7,5,4.8,2
560,8,1,4.46,2
560,9,2,3.6,2
560,10,3,3.15,2
560,11,2,3.64,2
560,12,5,4.39,2
560,13,6,3.88,2
560,14,6,2.31,2
560,15,3,2.58,2
560,16,2,4.53,2
560,17,4,3.44,2
560,18,5,4.33,2
560,19,1,4.45,2
560,20,4,2.89,2
560,21,12,2.68,2
560,22,2,3.86,2
560,23,5,3.12,2
560,24,0,4.66,2
560,25,5,2.38,2
560,26,11,2.47,2
560,27,5,3.92,2
560,28,8,2.56,2
560,29,3,3.99,2
560,30,5,3.54,2
560,31,2,4.22,2
560,32,6,3.01,2
560,33,5,2.33,2
560,34,6,3.21,2
560,35,2,3.63,2
560,36,0,4.22,2
560,37,6,2.52,2
560,38,1,3.76,2
560,39,4,3.5,2
560,40,1,4.81,2
560,41,2,4.73,2
560,42,9,2.46,2
560,43,5,2.92,2
560,44,3,4.09,2
560,45,3,4.29,2
560,46,4,3.53,2
560,47,5,2.68,2
560,48,4,2.5,2
560,49,1,2.95,2
560,50,8,2.13,2
560,51,0,4.01,2
560,52,3,4.24,2
561,1,1,4.23,2
561,2,7,2.29,2
561,3,0,4.89,2
561,4,5,2.43,2
561,5,4,3.45,2
561,6,4,3.69,2
561,7,1,4.8,2
561,8,6,4.46,2
561,9,5,3.6,2
561,10,5,3.15,2
561,11,2,3.64,2
561,12,2,4.39,2
561,13,4,3.88,2
561,14,5,2.31,2
561,15,8,2.58,2
561,16,4,4.53,2
561,17,9,3.44,2
561,18,1,4.33,2
561,19,3,4.45,2
561,20,10,2.89,2
561,21,1,2.68,2
561,22,7,3.86,2
561,23,4,3.12,2
561,24,2,4.66,2
561,25,5,2.38,2
561,26,7,2.47,2
561,27,2,3.92,2
561,28,7,2.56,2
561,29,1,3.99,2
561,30,1,3.54,2
561,31,3,4.22,2
561,32,6,3.01,2
561,33,4,2.33,2
561,34,4,3.21,2
561,35,2,3.63,2
561,36,5,4.22,2
561,37,4,2.52,2
561,38,2,3.76,2
561,39,5,3.5,2
561,40,7,4.81,2
561,41,2,4.73,2
561,42,6,2.46,2
561,43,4,2.92,2
561,44,0,4.09,2
561,45,4,4.29,2
561,46,3,3.53,2
561,47,3,2.68,2
561,48,8,2.5,2
561,49,4,2.95,2
561,50,3,2.13,2
561,51,4,4.01,2
561,52,1,4.24,2
562,1,0,4.23,2
562,2,4,2.29,2
562,3,1,4.89,2
562,4,3,2.43,2
562,5,1,3.45,2
562,6,2,3.69,2
562,7,0,4.8,2
562,8,0,4.46,2
562,9,3,3.6,2
562,10,4,3.15,2
562,11,3,3.64,2
562,12,0,4.39,2
562,13,0,3.88,2
562,14,7,2.31,2
562,15,5,2.58,2
562,16,1,4.53,2
562,17,3,3.44,2
562,18,2,4.33,2
562,19,1,4.45,2
562,20,3,2.89,2
562,21,9,2.68,2
562,22,2,3.86,2
562,23,4,3.12,2
562,24,2,4.66,2
562,25,8,2.38,2
562,26,4,2.47,2
562,27,3,3.92,2
562,28,5,2.56,2
562,29,0,3.99,2
562,30,2,3.54,2
562,31,2,4.22,2
562,32,3,3.01,2
562,33,10,2.33,2
562,34,4,3.21,2
562,35,4,3.63,2
562,36,3,4.22,2
562,37,6,2.52,2
562,38,2,3.76,2
562,39,1,3.5,2
562,40,2,4.81,2
562,41,0,4.73,2
562,42,4,2.46,2
562,43,4,2.92,2
562,44,1,4.09,2
562,45,2,4.29,2
562,46,5,3.53,2
562,47,2,2.68,2
562,48,3,2.5,2
562,49,2,2.95,2
562,50,9,2.13,2
562,51,3,4.01,2
562,52,1,4.24,2
563,1,0,4.23,3
563,2,3,2.29,3
563,3,0,4.89,3
563,4,1,2.43,3
563,5,0,3.45,3
563,6,0,3.69,3
563,7,0,4.8,3
563,8,0,4.46,3
563,9,2,3.6,3
563,10,0,3.15,3
563,11,0,3.64,3
563,12,0,4.39,3
563,13,0,3.88,3
563,14,3,2.31,3
563,15,0,2.58,3
563,16,0,4.53,3
563,17,0,3.44,3
563,18,0,4.33,3
563,19,0,4.45,3
563,20,0,2.89,3
563,21,2,2.68,3
563,22,0,3.86,3
563,23,0,3.12,3
563,24,0,4.66,3
563,25,5,2.38,3
563,26,1,2.47,3
563,27,0,3.92,3
563,28,2,2.56,3
563,29,0,3.99,3
563,30,2,3.54,3
563,31,0,4.22,3
563,32,2,3.01,3
563,33,4,2.33,3
563,34,2,3.21,3
563,35,0,3.63,3
563,36,1,4.22,3
563,37,0,2.52,3
563,38,1,3.76,3
563,39,0,3.5,3
563,40,0,4.81,3
563,41,0,4.73,3
563,42,1,2.46,3
563,43,1,2.92,3
563,44,0,4.09,3
563,45,0,4.29,3
563,46,0,3.53,3
563,47,1,2.68,3
563,48,0,2.5,3
563,49,2,2.95,3
563,50,1,2.13,3
563,51,0,4.01,3
563,52,1,4.24,3
564,1,3,4.23,3
564,2,12,2.29,3
564,3,1,4.89,3
564,4,9,2.43,3
564,5,7,3.45,3
564,6,3,3.69,3
564,7,3,4.8,3
564,8,8,4.46,3
564,9,10,3.6,3
564,10,10,3.15,3
564,11,12,3.64,3
564,12,4,4.39,3
564,13,5,3.88,3
564,14,9,2.31,3
564,15,16,2.58,3
564,16,5,4.53,3
564,17,5,3.44,3
564,18,2,4.33,3
564,19,2,4.45,3
564,20,8,2.89,3
564,21,8,2.68,3
564,22,6,3.86,3
564,23,9,3.12,3
564,24,3,4.66,3
564,25,9,2.38,3
564,26,14,2.47,3
564,27,4,3.92,3
564,28,9,2.56,3
564,29,6,3.99,3
564,30,2,3.54,3
564,31,7,4.22,3
564,32,10,3.01,3
564,33,9,2.33,3
564,34,4,3.21,3
564,35,11,3.63,3
564,36,9,4.22,3
564,37,10,2.52,3
564,38,6,3.76,3
564,39,6,3.5,3
564,40,5,4.81,3
564,41,3,4.73,3
564,42,6,2.46,3
564,43,6,2.92,3
564,44,2,4.09,3
564,45,7,4.29,3
564,46,7,3.53,3
564,47,6,2.68,3
564,48,13,2.5,3
564,49,11,2.95,3
564,50,9,2.13,3
564,51,8,4.01,3
564,52,2,4.24,3
565,1,15,4.23,5
565,2,16,2.29,5
565,3,15,4.89,5
565,4,10,2.43,5
565,5,8,3.45,5
565,6,15,3.69,5
565,7,14,4.8,5
565,8,18,4.46,5
565,9,20,3.6,5
565,10,17,3.15,5
565,11,10,3.64,5
565,12,20,4.39,5
565,13,8,3.88,5
565,14,11,2.31,5
565,15,18,2.58,5
565,16,11,4.53,5
565,17,18,3.44,5
565,18,18,4.33,5
565,19,15,4.45,5
565,20,18,2.89,5
565,21,13,2.68,5
565,22,19,3.86,5
565,23,12,3.12,5
565,24,11,4.66,5
565,25,16,2.38,5
565,26,16,2.47,5
565,27,12,3.92,5
565,28,11,2.56,5
565,29,16,3.99,5
565,30,17,3.54,5
565,31,16,4.22,5
565,32,18,3.01,5
565,33,20,2.33,5
565,34,18,3.21,5
565,35,10,3.63,5
565,36,20,4.22,5
565,37,18,2.52,5
565,38,17,3.76,5
565,39,4,3.5,5
565,40,20,4.81,5
565,41,14,4.73,5
565,42,16,2.46,5
565,43,10,2.92,5
565,44,15,4.09,5
565,45,19,4.29,5
565,46,17,3.53,5
565,47,6,2.68,5
565,48,10,2.5,5
565,49,17,2.95,5
565,50,22,2.13,5
565,51,16,4.01,5
565,52,6,4.24,5
566,1,2,4.23,1
566,2,1,2.29,1
566,3,1,4.89,1
566,4,6,2.43,1
566,5,4,3.45,1
566,6,1,3.69,1
566,7,2,4.8,1
566,8,1,4.46,1
566,9,2,3.6,1
566,10,3,3.15,1
566,11,1,3.64,1
566,12,1,4.39,1
566,13,1,3.88,1
566,14,3,2.31,1
566,15,1,2.58,1
566,16,0,4.53,1
566,17,2,3.44,1
566,18,0,4.33,1
566,19,0,4.45,1
566,20,1,2.89,1
566,21,6,2.68,1
566,22,1,3.86,1
566,23,0,3.12,1
566,24,2,4.66,1
566,25,4,2.38,1
566,26,3,2.47,1
566,27,1,3.92,1
566,28,1,2.56,1
566,29,2,3.99,1
566,30,1,3.54,1
566,31,0,4.22,1
566,32,0,3.01,1
566,33,2,2.33,1
566,34,3,3.21,1
566,35,0,3.63,1
566,36,0,4.22,1
566,37,5,2.52,1
566,38,2,3.76,1
566,39,1,3.5,1
566,40,3,4.81,1
566,41,1,4.73,1
566,42,0,2.46,1
566,43,3,2.92,1
566,44,1,4.09,1
566,45,2,4.29,1
566,46,0,3.53,1
566,47,3,2.68,1
566,48,5,2.5,1
566,49,3,2.95,1
566,50,3,2.13,1
566,51,0,4.01,1
566,52,0,4.24,1
567,1,0,4.23,3
567,2,1,2.29,3
567,3,0,4.89,3
567,4,2,2.43,3
567,5,0,3.45,3
567,6,0,3.69,3
567,7,0,4.8,3
567,8,1,4.46,3
567,9,0,3.6,3
567,10,1,3.15,3
567,11,1,3.64,3
567,12,0,4.39,3
567,13,0,3.88,3
567,14,2,2.31,3
567,15,0,2.58,3
567,16,0,4.53,3
567,17,1,3.44,3
567,18,0,4.33,3
567,19,0,4.45,3
567,20,0,2.89,3
567,21,0,2.68,3
567,22,0,3.86,3
567,23,0,3.12,3
567,24,0,4.66,3
567,25,2,2.38,3
567,26,2,2.47,3
567,27,0,3.92,3
567,28,1,2.56,3
567,29,0,3.99,3
567,30,0,3.54,3
567,31,0,4.22,3
567,32,1,3.01,3
567,33,2,2.33,3
567,34,0,3.21,3
567,35,0,3.63,3
567,36,0,4.22,3
567,37,2,2.52,3
567,38,0,3.76,3
567,39,2,3.5,3
567,40,0,4.81,3
567,41,0,4.73,3
567,42,3,2.46,3
567,43,2,2.92,3
567,44,0,4.09,3
567,45,0,4.29,3
567,46,0,3.53,3
567,47,1,2.68,3
567,48,0,2.5,3
567,49,0,2.95,3
567,50,2,2.13,3
567,51,0,4.01,3
567,52,0,4.24,3
568,1,3,4.23,2
568,2,7,2.29,2
568,3,4,4.89,2
568,4,5,2.43,2
568,5,3,3.45,2
568,6,4,3.69,2
568,7,2,4.8,2
568,8,1,4.46,2
568,9,1,3.6,2
568,10,4,3.15,2
568,11,4,3.64,2
568,12,2,4.39,2
568,13,1,3.88,2
568,14,5,2.31,2
568,15,4,2.58,2
568,16,3,4.53,2
568,17,6,3.44,2
568,18,6,4.33,2
568,19,5,4.45,2
568,20,1,2.89,2
568,21,5,2.68,2
568,22,0,3.86,2
568,23,5,3.12,2
568,24,1,4.66,2
568,25,3,2.38,2
568,26,7,2.47,2
568,27,1,3.92,2
568,28,5,2.56,2
568,29,5,3.99,2
568,30,2,3.54,2
568,31,5,4.22,2
568,32,5,3.01,2
568,33,2,2.33,2
568,34,1,3.21,2
568,35,4,3.63,2
568,36,2,4.22,2
568,37,7,2.52,2
568,38,0,3.76,2
568,39,1,3.5,2
568,40,5,4.81,2
568,41,1,4.73,2
568,42,6,2.46,2
568,43,3,2.92,2
568,44,3,4.09,2
568,45,1,4.29,2
568,46,4,3.53,2
568,47,7,2.68,2
568,48,3,2.5,2
568,49,6,2.95,2
568,50,13,2.13,2
568,51,3,4.01,2
568,52,4,4.24,2
569,1,13,4.23,5
569,2,19,2.29,5
569,3,16,4.89,5
569,4,14,2.43,5
569,5,17,3.45,5
569,6,19,3.69,5
569,7,8,4.8,5
569,8,18,4.46,5
569,9,16,3.6,5
569,10,17,3.15,5
569,11,16,3.64,5
569,12,12,4.39,5
569,13,9,3.88,5
569,14,18,2.31,5
569,15,14,2.58,5
569,16,12,4.53,5
569,17,8,3.44,5
569,18,18,4.33,5
569,19,13,4.45,5
569,20,9,2.89,5
569,21,16,2.68,5
569,22,14,3.86,5
569,23,16,3.12,5
569,24,8,4.66,5
569,25,21,2.38,5
569,26,21,2.47,5
569,27,16,3.92,5
569,28,15,2.56,5
569,29,10,3.99,5
569,30,16,3.54,5
569,31,12,4.22,5
569,32,18,3.01,5
569,33,13,2.33,5
569,34,17,3.21,5
569,35,16,3.63,5
569,36,15,4.22,5
569,37,16,2.52,5
569,38,15,3.76,5
569,39,13,3.5,5
569,40,9,4.81,5
569,41,11,4.73,5
569,42,20,2.46,5
569,43,14,2.92,5
569,44,18,4.09,5
569,45,17,4.29,5
569,46,17,3.53,5
569,47,17,2.68,5
569,48,13,2.5,5
569,49,13,2.95,5
569,50,14,2.13,5
569,51,9,4.01,5
569,52,14,4.24,5
570,1,0,4.23,1
570,2,1,2.29,1
570,3,0,4.89,1
570,4,1,2.43,1
570,5,0,3.45,1
570,6,1,3.69,1
570,7,0,4.8,1
570,8,0,4.46,1
570,9,0,3.6,1
570,10,1,3.15,1
570,11,1,3.64,1
570,12,0,4.39,1
570,13,0,3.88,1
570,14,1,2.31,1
570,15,1,2.58,1
570,16,0,4.53,1
570,17,0,3.44,1
570,18,0,4.33,1
570,19,0,4.45,1
570,20,0,2.89,1
570,21,0,2.68,1
570,22,0,3.86,1
570,23,0,3.12,1
570,24,0,4.66,1
570,25,0,2.38,1
570,26,0,2.47,1
570,27,0,3.92,1
570,28,2,2.56,1
570,29,0,3.99,1
570,30,0,3.54,1
570,31,0,4.22,1
570,32,0,3.01,1
570,33,0,2.33,1
570,34,0,3.21,1
570,35,0,3.63,1
570,36,0,4.22,1
570,37,1,2.52,1
570,38,0,3.76,1
570,39,0,3.5,1
570,40,0,4.81,1
570,41,0,4.73,1
570,42,0,2.46,1
570,43,0,2.92,1
570,44,0,4.09,1
570,45,1,4.29,1
570,46,1,3.53,1
570,47,0,2.68,1
570,48,0,2.5,1
570,49,0,2.95,1
570,50,0,2.13,1
570,51,0,4.01,1
570,52,1,4.24,1
571,1,0,4.23,3
571,2,13,2.29,3
571,3,3,4.89,3
571,4,10,2.43,3
571,5,3,3.45,3
571,6,2,3.69,3
571,7,0,4.8,3
571,8,3,4.46,3
571,9,1,3.6,3
571,10,5,3.15,3
571,11,1,3.64,3
571,12,2,4.39,3
571,13,5,3.88,3
571,14,8,2.31,3
571,15,15,2.58,3
571,16,4,4.53,3
571,17,3,3.44,3
571,18,5,4.33,3
571,19,5,4.45,3
571,20,10,2.89,3
571,21,15,2.68,3
571,22,4,3.86,3
571,23,7,3.12,3
571,24,0,4.66,3
571,25,11,2.38,3
571,26,10,2.47,3
571,27,4,3.92,3
571,28,10,2.56,3
571,29,1,3.99,3
571,30,5,3.54,3
571,31,3,4.22,3
571,32,6,3.01,3
571,33,14,2.33,3
571,34,5,3.21,3
571,35,2,3.63,3
571,36,3,4.22,3
571,37,6,2.52,3
571,38,1,3.76,3
571,39,4,3.5,3
571,40,0,4.81,3
571,41,0,4.73,3
571,42,9,2.46,3
571,43,12,2.92,3
571,44,3,4.09,3
571,45,4,4.29,3
571,46,1,3.53,3
571,47,6,2.68,3
571,48,16,2.5,3
571,49,12,2.95,3
571,50,16,2.13,3
571,51,2,4.01,3
571,52,3,4.24,3
572,1,1,4.23,2
572,2,2,2.29,2
572,3,0,4.89,2
572,4,2,2.43,2
572,5,0,3.45,2
572,6,0,3.69,2
572,7,0,4.8,2
572,8,0,4.46,2
572,9,0,3.6,2
572,10,0,3.15,2
572,11,0,3.64,2
572,12,0,4.39,2
572,13,0,3.88,2
572,14,2,2.31,2
572,15,2,2.58,2
572,16,0,4.53,2
572,17,0,3.44,2
572,18,0,4.33,2
572,19,0,4.45,2
572,20,0,2.89,2
572,21,0,2.68,2
572,22,0,3.86,2
572,23,0,3.12,2
572,24,0,4.66,2
572,25,0,2.38,2
572,26,0,2.47,2
572,27,0,3.92,2
572,28,2,2.56,2
572,29,0,3.99,2
572,30,0,3.54,2
572,31,0,4.22,2
572,32,0,3.01,2
572,33,0,2.33,2
572,34,0,3.21,2
572,35,0,3.63,2
572,36,0,4.22,2
572,37,0,2.52,2
572,38,0,3.76,2
572,39,1,3.5,2
572,40,0,4.81,2
572,41,0,4.73,2
572,42,2,2.46,2
572,43,0,2.92,2
572,44,0,4.09,2
572,45,0,4.29,2
572,46,1,3.53,2
572,47,4,2.68,2
572,48,0,2.5,2
572,49,0,2.95,2
572,50,0,2.13,2
572,51,0,4.01,2
572,52,0,4.24,2
573,1,2,4.23,4
573,2,11,2.29,4
573,3,2,4.89,4
573,4,15,2.43,4
573,5,9,3.45,4
573,6,6,3.69,4
573,7,5,4.8,4
573,8,3,4.46,4
573,9,8,3.6,4
573,10,9,3.15,4
573,11,8,3.64,4
573,12,1,4.39,4
573,13,5,3.88,4
573,14,13,2.31,4
573,15,14,2.58,4
573,16,1,4.53,4
573,17,4,3.44,4
573,18,8,4.33,4
573,19,3,4.45,4
573,20,12,2.89,4
573,21,20,2.68,4
573,22,6,3.86,4
573,23,15,3.12,4
573,24,3,4.66,4
573,25,11,2.38,4
573,26,12,2.47,4
573,27,8,3.92,4
573,28,21,2.56,4
573,29,4,3.99,4
573,30,8,3.54,4
573,31,4,4.22,4
573,32,8,3.01,4
573,33,18,2.33,4
573,34,12,3.21,4
573,35,15,3.63,4
573,36,3,4.22,4
573,37,22,2.52,4
573,38,5,3.76,4
573,39,15,3.5,4
573,40,2,4.81,4
573,41,2,4.73,4
573,42,12,2.46,4
573,43,15,2.92,4
573,44,8,4.09,4
573,45,5,4.29,4
573,46,10,3.53,4
573,47,19,2.68,4
573,48,12,2.5,4
573,49,12,2.95,4
573,50,16,2.13,4
573,51,4,4.01,4
573,52,5,4.24,4
574,1,1,4.23,1
574,2,4,2.29,1
574,3,0,4.89,1
574,4,3,2.43,1
574,5,1,3.45,1
574,6,2,3.69,1
574,7,1,4.8,1
574,8,0,4.46,1
574,9,2,3.6,1
574,10,0,3.15,1
574,11,0,3.64,1
574,12,0,4.39,1
574,13,1,3.88,1
574,14,2,2.31,1
574,15,3,2.58,1
574,16,0,4.53,1
574,17,0,3.44,1
574,18,0,4.33,1
574,19,0,4.45,1
574,20,1,2.89,1
574,21,1,2.68,1
574,22,2,3.86,1
574,23,3,3.12,1
574,24,0,4.66,1
574,25,1,2.38,1
574,26,3,2.47,1
574,27,1,3.92,1
574,28,3,2.56,1
574,29,1,3.99,1
574,30,0,3.54,1
574,31,1,4.22,1
574,32,1,3.01,1
574,33,3,2.33,1
574,34,4,3.21,1
574,35,2,3.63,1
574,36,0,4.22,1
574,37,0,2.52,1
574,38,0,3.76,1
574,39,0,3.5,1
574,40,1,4.81,1
574,41,0,4.73,1
574,42,5,2.46,1
574,43,2,2.92,1
574,44,0,4.09,1
574,45,0,4.29,1
574,46,2,3.53,1
574,47,2,2.68,1
574,48,2,2.5,1
574,49,4,2.95,1
574,50,7,2.13,1
574,51,1,4.01,1
574,52,0,4.24,1
575,1,0,4.23,1
575,2,1,2.29,1
575,3,1,4.89,1
575,4,1,2.43,1
575,5,0,3.45,1
575,6,0,3.69,1
575,7,0,4.8,1
575,8,0,4.46,1
575,9,0,3.6,1
575,10,0,3.15,1
575,11,0,3.64,1
575,12,0,4.39,1
575,13,0,3.88,1
575,14,0,2.31,1
575,15,1,2.58,1
575,16,0,4.53,1
575,17,0,3.44,1
575,18,0,4.33,1
575,19,0,4.45,1
575,20,0,2.89,1
575,21,0,2.68,1
575,22,0,3.86,1
575,23,0,3.12,1
575,24,0,4.66,1
575,25,1,2.38,1
575,26,1,2.47,1
575,27,0,3.92,1
575,28,1,2.56,1
575,29,0,3.99,1
575,30,0,3.54,1
575,31,0,4.22,1
575,32,0,3.01,1
575,33,0,2.33,1
575,34,0,3.21,1
575,35,0,3.63,1
575,36,0,4.22,1
575,37,0,2.52,1
575,38,0,3.76,1
575,39,1,3.5,1
575,40,0,4.81,1
575,41,0,4.73,1
575,42,1,2.46,1
575,43,0,2.92,1
575,44,0,4.09,1
575,45,0,4.29,1
575,46,1,3.53,1
575,47,3,2.68,1
575,48,1,2.5,1
575,49,0,2.95,1
575,50,0,2.13,1
575,51,0,4.01,1
575,52,0,4.24,1
576,1,4,4.23,3
576,2,14,2.29,3
576,3,2,4.89,3
576,4,10,2.43,3
576,5,9,3.45,3
576,6,6,3.69,3
576,7,8,4.8,3
576,8,3,4.46,3
576,9,7,3.6,3
576,10,8,3.15,3
576,11,4,3.64,3
576,12,6,4.39,3
576,13,3,3.88,3
576,14,6,2.31,3
576,15,8,2.58,3
576,16,6,4.53,3
576,17,8,3.44,3
576,18,6,4.33,3
576,19,0,4.45,3
576,20,5,2.89,3
576,21,10,2.68,3
576,22,6,3.86,3
576,23,6,3.12,3
576,24,6,4.66,3
576,25,9,2.38,3
576,26,7,2.47,3
576,27,5,3.92,3
576,28,11,2.56,3
576,29,9,3.99,3
576,30,14,3.54,3
576,31,5,4.22,3
576,32,13,3.01,3
576,33,13,2.33,3
576,34,10,3.21,3
576,35,5,3.63,3
576,36,4,4.22,3
576,37,6,2.52,3
576,38,9,3.76,3
576,39,11,3.5,3
576,40,1,4.81,3
576,41,5,4.73,3
576,42,14,2.46,3
576,43,10,2.92,3
576,44,8,4.09,3
576,45,8,4.29,3
576,46,7,3.53,3
576,47,8,2.68,3
576,48,13,2.5,3
576,49,8,2.95,3
576,50,11,2.13,3
576,51,8,4.01,3
576,52,7,4.24,3
577,1,0,4.23,2
577,2,1,2.29,2
577,3,0,4.89,2
577,4,3,2.43,2
577,5,0,3.45,2
577,6,0,3.69,2
577,7,0,4.8,2
577,8,0,4.46,2
577,9,0,3.6,2
577,10,0,3.15,2
577,11,0,3.64,2
577,12,0,4.39,2
577,13,0,3.88,2
577,14,0,2.31,2
577,15,0,2.58,2
577,16,0,4.53,2
577,17,0,3.44,2
577,18,0,4.33,2
577,19,0,4.45,2
577,20,0,2.89,2
577,21,2,2.68,2
577,22,0,3.86,2
577,23,1,3.12,2
577,24,0,4.66,2
577,25,0,2.38,2
577,26,0,2.47,2
577,27,0,3.92,2
577,28,0,2.56,2
577,29,0,3.99,2
577,30,0,3.54,2
577,31,0,4.22,2
577,32,0,3.01,2
577,33,1,2.33,2
577,34,1,3.21,2
577,35,0,3.63,2
577,36,0,4.22,2
577,37,0,2.52,2
577,38,0,3.76,2
577,39,0,3.5,2
577,40,0,4.81,2
577,41,1,4.73,2
577,42,1,2.46,2
577,43,0,2.92,2
577,44,0,4.09,2
577,45,0,4.29,2
577,46,0,3.53,2
577,47,0,2.68,2
577,48,0,2.5,2
577,49,0,2.95,2
577,50,2,2.13,2
577,51,0,4.01,2
577,52,0,4.24,2
578,1,2,4.23,1
578,2,2,2.29,1
578,3,0,4.89,1
578,4,2,2.43,1
578,5,2,3.45,1
578,6,0,3.69,1
578,7,0,4.8,1
578,8,0,4.46,1
578,9,2,3.6,1
578,10,0,3.15,1
578,11,0,3.64,1
578,12,0,4.39,1
578,13,0,3.88,1
578,14,2,2.31,1
578,15,2,2.58,1
578,16,1,4.53,1
578,17,3,3.44,1
578,18,1,4.33,1
578,19,1,4.45,1
578,20,2,2.89,1
578,21,3,2.68,1
578,22,0,3.86,1
578,23,0,3.12,1
578,24,1,4.66,1
578,25,4,2.38,1
578,26,3,2.47,1
578,27,2,3.92,1
578,28,4,2.56,1
578,29,1,3.99,1
578,30,0,3.54,1
578,31,1,4.22,1
578,32,1,3.01,1
578,33,6,2.33,1
578,34,3,3.21,1
578,35,1,3.63,1
578,36,0,4.22,1
578,37,4,2.52,1
578,38,1,3.76,1
578,39,2,3.5,1
578,40,1,4.81,1
578,41,0,4.73,1
578,42,1,2.46,1
578,43,2,2.92,1
578,44,1,4.09,1
578,45,1,4.29,1
578,46,0,3.53,1
578,47,1,2.68,1
578,48,1,2.5,1
578,49,3,2.95,1
578,50,4,2.13,1
578,51,0,4.01,1
578,52,0,4.24,1
579,1,1,4.23,2
579,2,3,2.29,2
579,3,0,4.89,2
579,4,6,2.43,2
579,5,1,3.45,2
579,6,0,3.69,2
579,7,1,4.8,2
579,8,0,4.46,2
579,9,2,3.6,2
579,10,1,3.15,2
579,11,4,3.64,2
579,12,3,4.39,2
579,13,0,3.88,2
579,14,8,2.31,2
579,15,1,2.58,2
579,16,1,4.53,2
579,17,3,3.44,2
579,18,1,4.33,2
579,19,0,4.45,2
579,20,3,2.89,2
579,21,1,2.68,2
579,22,2,3.86,2
579,23,3,3.12,2
579,24,0,4.66,2
579,25,7,2.38,2
579,26,3,2.47,2
579,27,0,3.92,2
579,28,3,2.56,2
579,29,0,3.99,2
579,30,1,3.54,2
579,31,3,4.22,2
579,32,1,3.01,2
579,33,6,2.33,2
579,34,5,3.21,2
579,35,4,3.63,2
579,36,0,4.22,2
579,37,6,2.52,2
579,38,2,3.76,2
579,39,2,3.5,2
579,40,1,4.81,2
579,41,2,4.73,2
579,42,9,2.46,2
579,43,3,2.92,2
579,44,1,4.09,2
579,45,0,4.29,2
579,46,2,3.53,2
579,47,4,2.68,2
579,48,3,2.5,2
579,49,3,2.95,2
579,50,11,2.13,2
579,51,3,4.01,2
579,52,1,4.24,2
580,1,0,4.23,3
580,2,0,2.29,3
580,3,0,4.89,3
580,4,1,2.43,3
580,5,0,3.45,3
580,6,0,3.69,3
580,7,1,4.8,3
580,8,0,4.46,3
580,9,0,3.6,3
580,10,1,3.15,3
580,11,0,3.64,3
580,12,0,4.39,3
580,13,1,3.88,3
580,14,0,2.31,3
580,15,1,2.58,3
580,16,0,4.53,3
580,17,0,3.44,3
580,18,0,4.33,3
580,19,0,4.45,3
580,20,0,2.89,3
580,21,0,2.68,3
580,22,0,3.86,3
580,23,0,3.12,3
580,24,0,4.66,3
580,25,2,2.38,3
580,26,0,2.47,3
580,27,0,3.92,3
580,28,1,2.56,3
580,29,0,3.99,3
580,30,0,3.54,3
580,31,0,4.22,3
580,32,0,3.01,3
580,33,2,2.33,3
580,34,0,3.21,3
580,35,0,3.63,3
580,36,1,4.22,3
580,37,1,2.52,3
580,38,1,3.76,3
580,39,0,3.5,3
580,40,0,4.81,3
580,41,0,4.73,3
580,42,1,2.46,3
580,43,0,2.92,3
580,44,0,4.09,3
580,45,0,4.29,3
580,46,0,3.53,3
580,47,2,2.68,3
580,48,1,2.5,3
580,49,1,2.95,3
580,50,2,2.13,3
580,51,0,4.01,3
580,52,1,4.24,3
581,1,1,4.23,2
581,2,9,2.29,2
581,3,0,4.89,2
581,4,9,2.43,2
581,5,1,3.45,2
581,6,1,3.69,2
581,7,0,4.8,2
581,8,1,4.46,2
581,9,0,3.6,2
581,10,3,3.15,2
581,11,0,3.64,2
581,12,0,4.39,2
581,13,2,3.88,2
581,14,6,2.31,2
581,15,4,2.58,2
581,16,2,4.53,2
581,17,0,3.44,2
581,18,0,4.33,2
581,19,2,4.45,2
581,20,4,2.89,2
581,21,4,2.68,2
581,22,1,3.86,2
581,23,1,3.12,2
581,24,0,4.66,2
581,25,8,2.38,2
581,26,6,2.47,2
581,27,3,3.92,2
581,28,1,2.56,2
581,29,2,3.99,2
581,30,4,3.54,2
581,31,2,4.22,2
581,32,2,3.01,2
581,33,4,2.33,2
581,34,4,3.21,2
581,35,0,3.63,2
581,36,0,4.22,2
581,37,5,2.52,2
581,38,2,3.76,2
581,39,1,3.5,2
581,40,0,4.81,2
581,41,1,4.73,2
581,42,3,2.46,2
581,43,4,2.92,2
581,44,3,4.09,2
581,45,0,4.29,2
581,46,2,3.53,2
581,47,3,2.68,2
581,48,4,2.5,2
581,49,3,2.95,2
581,50,8,2.13,2
581,51,0,4.01,2
581,52,1,4.24,2
582,1,0,4.23,4
582,2,1,2.29,4
582,3,0,4.89,4
582,4,4,2.43,4
582,5,0,3.45,4
582,6,0,3.69,4
582,7,0,4.8,4
582,8,0,4.46,4
582,9,2,3.6,4
582,10,0,3.15,4
582,11,0,3.64,4
582,12,1,4.39,4
582,13,0,3.88,4
582,14,5,2.31,4
582,15,4,2.58,4
582,16,0,4.53,4
582,17,0,3.44,4
582,18,0,4.33,4
582,19,0,4.45,4
582,20,0,2.89,4
582,21,3,2.68,4
582,22,0,3.86,4
582,23,0,3.12,4
582,24,1,4.66,4
582,25,4,2.38,4
582,26,1,2.47,4
582,27,0,3.92,4
582,28,0,2.56,4
582,29,0,3.99,4
582,30,1,3.54,4
582,31,0,4.22,4
582,32,0,3.01,4
582,33,3,2.33,4
582,34,0,3.21,4
582,35,0,3.63,4
582,36,0,4.22,4
582,37,0,2.52,4
582,38,0,3.76,4
582,39,0,3.5,4
582,40,0,4.81,4
582,41,0,4.73,4
582,42,3,2.46,4
582,43,1,2.92,4
582,44,0,4.09,4
582,45,0,4.29,4
582,46,0,3.53,4
582,47,0,2.68,4
582,48,3,2.5,4
582,49,1,2.95,4
582,50,5,2.13,4
582,51,1,4.01,4
582,52,0,4.24,4
583,1,0,4.23,4
583,2,0,2.29,4
583,3,0,4.89,4
583,4,5,2.43,4
583,5,0,3.45,4
583,6,0,3.69,4
583,7,0,4.8,4
583,8,0,4.46,4
583,9,0,3.6,4
583,10,0,3.15,4
583,11,1,3.64,4
583,12,0,4.39,4
583,13,0,3.88,4
583,14,5,2.31,4
583,15,1,2.58,4
583,16,0,4.53,4
583,17,0,3.44,4
583,18,0,4.33,4
583,19,0,4.45,4
583,20,2,2.89,4
583,21,2,2.68,4
583,22,0,3.86,4
583,23,2,3.12,4
583,24,0,4.66,4
583,25,2,2.38,4
583,26,2,2.47,4
583,27,0,3.92,4
583,28,3,2.56,4
583,29,0,3.99,4
583,30,0,3.54,4
583,31,0,4.22,4
583,32,1,3.01,4
583,33,3,2.33,4
583,34,1,3.21,4
583,35,2,3.63,4
583,36,3,4.22,4
583,37,0,2.52,4
583,38,1,3.76,4
583,39,1,3.5,4
583,40,0,4.81,4
583,41,0,4.73,4
583,42,2,2.46,4
583,43,1,2.92,4
583,44,0,4.09,4
583,45,0,4.29,4
583,46,1,3.53,4
583,47,1,2.68,4
583,48,1,2.5,4
583,49,1,2.95,4
583,50,5,2.13,4
583,51,2,4.01,4
583,52,0,4.24,4
584,1,2,4.23,2
584,2,6,2.29,2
584,3,1,4.89,2
584,4,6,2.43,2
584,5,1,3.45,2
584,6,4,3.69,2
584,7,0,4.8,2
584,8,2,4.46,2
584,9,2,3.6,2
584,10,5,3.15,2
584,11,0,3.64,2
584,12,1,4.39,2
584,13,3,3.88,2
584,14,5,2.31,2
584,15,4,2.58,2
584,16,2,4.53,2
584,17,2,3.44,2
584,18,1,4.33,2
584,19,1,4.45,2
584,20,1,2.89,2
584,21,5,2.68,2
584,22,1,3.86,2
584,23,0,3.12,2
584,24,0,4.66,2
584,25,7,2.38,2
584,26,8,2.47,2
584,27,2,3.92,2
584,28,5,2.56,2
584,29,0,3.99,2
584,30,0,3.54,2
584,31,0,4.22,2
584,32,5,3.01,2
584,33,7,2.33,2
584,34,5,3.21,2
584,35,3,3.63,2
584,36,1,4.22,2
584,37,6,2.52,2
584,38,2,3.76,2
584,39,2,3.5,2
584,40,0,4.81,2
584,41,0,4.73,2
584,42,5,2.46,2
584,43,8,2.92,2
584,44,0,4.09,2
584,45,2,4.29,2
584,46,0,3.53,2
584,47,4,2.68,2
584,48,6,2.5,2
584,49,5,2.95,2
584,50,3,2.13,2
584,51,0,4.01,2
584,52,0,4.24,2
585,1,0,4.23,1
585,2,4,2.29,1
585,3,0,4.89,1
585,4,2,2.43,1
585,5,0,3.45,1
585,6,0,3.69,1
585,7,1,4.8,1
585,8,1,4.46,1
585,9,0,3.6,1
585,10,3,3.15,1
585,11,1,3.64,1
585,12,1,4.39,1
585,13,0,3.88,1
585,14,2,2.31,1
585,15,2,2.58,1
585,16,0,4.53,1
585,17,1,3.44,1
585,18,0,4.33,1
585,19,0,4.45,1
585,20,1,2.89,1
585,21,2,2.68,1
585,22,0,3.86,1
585,23,1,3.12,1
585,24,0,4.66,1
585,25,5,2.38,1
585,26,1,2.47,1
585,27,2,3.92,1
585,28,3,2.56,1
585,29,0,3.99,1
585,30,0,3.54,1
585,31,2,4.22,1
585,32,4,3.01,1
585,33,2,2.33,1
585,34,2,3.21,1
585,35,1,3.63,1
585,36,2,4.22,1
585,37,3,2.52,1
585,38,0,3.76,1
585,39,0,3.5,1
585,40,0,4.81,1
585,41,0,4.73,1
585,42,2,2.46,1
585,43,3,2.92,1
585,44,1,4.09,1
585,45,0,4.29,1
585,46,0,3.53,1
585,47,4,2.68,1
585,48,2,2.5,1
585,49,2,2.95,1
585,50,2,2.13,1
585,51,0,4.01,1
585,52,1,4.24,1
586,1,1,4.23,2
586,2,5,2.29,2
586,3,0,4.89,2
586,4,9,2.43,2
586,5,2,3.45,2
586,6,0,3.69,2
586,7,0,4.8,2
586,8,2,4.46,2
586,9,3,3.6,2
586,10,3,3.15,2
586,11,1,3.64,2
586,12,0,4.39,2
586,13,1,3.88,2
586,14,11,2.31,2
586,15,6,2.58,2
586,16,1,4.53,2
586,17,2,3.44,2
586,18,1,4.33,2
586,19,1,4.45,2
586,20,3,2.89,2
586,21,3,2.68,2
586,22,1,3.86,2
586,23,0,3.12,2
586,24,2,4.66,2
586,25,3,2.38,2
586,26,9,2.47,2
586,27,1,3.92,2
586,28,2,2.56,2
586,29,1,3.99,2
586,30,2,3.54,2
586,31,1,4.22,2
586,32,8,3.01,2
586,33,7,2.33,2
586,34,5,3.21,2
586,35,2,3.63,2
586,36,2,4.22,2
586,37,3,2.52,2
586,38,3,3.76,2
586,39,3,3.5,2
586,40,0,4.81,2
586,41,2,4.73,2
586,42,3,2.46,2
586,43,5,2.92,2
586,44,2,4.09,2
586,45,1,4.29,2
586,46,5,3.53,2
586,47,5,2.68,2
586,48,3,2.5,2
586,49,2,2.95,2
586,50,6,2.13,2
586,51,1,4.01,2
586,52,2,4.24,2
587,1,1,4.23,3
587,2,19,2.29,3
587,3,1,4.89,3
587,4,14,2.43,3
587,5,6,3.45,3
587,6,3,3.69,3
587,7,2,4.8,3
587,8,2,4.46,3
587,9,1,3.6,3
587,10,2,3.15,3
587,11,5,3.64,3
587,12,1,4.39,3
587,13,0,3.88,3
587,14,12,2.31,3
587,15,9,2.58,3
587,16,2,4.53,3
587,17,5,3.44,3
587,18,3,4.33,3
587,19,4,4.45,3
587,20,13,2.89,3
587,21,8,2.68,3
587,22,2,3.86,3
587,23,4,3.12,3
587,24,1,4.66,3
587,25,16,2.38,3
587,26,7,2.47,3
587,27,6,3.92,3
587,28,10,2.56,3
587,29,4,3.99,3
587,30,7,3.54,3
587,31,2,4.22,3
587,32,9,3.01,3
587,33,15,2.33,3
587,34,8,3.21,3
587,35,3,3.63,3
587,36,3,4.22,3
587,37,10,2.52,3
587,38,3,3.76,3
587,39,6,3.5,3
587,40,1,4.81,3
587,41,0,4.73,3
587,42,11,2.46,3
587,43,7,2.92,3
587,44,2,4.09,3
587,45,0,4.29,3
587,46,5,3.53,3
587,47,7,2.68,3
587,48,13,2.5,3
587,49,5,2.95,3
587,50,11,2.13,3
587,51,3,4.01,3
587,52,2,4.24,3
588,1,12,4.23,4
588,2,14,2.29,4
588,3,7,4.89,4
588,4,16,2.43,4
588,5,14,3.45,4
588,6,8,3.69,4
588,7,5,4.8,4
588,8,8,4.46,4
588,9,8,3.6,4
588,10,12,3.15,4
588,11,12,3.64,4
588,12,9,4.39,4
588,13,7,3.88,4
588,14,16,2.31,4
588,15,12,2.58,4
588,16,6,4.53,4
588,17,15,3.44,4
588,18,9,4.33,4
588,19,8,4.45,4
588,20,12,2.89,4
588,21,22,2.68,4
588,22,3,3.86,4
588,23,12,3.12,4
588,24,7,4.66,4
588,25,18,2.38,4
588,26,20,2.47,4
588,27,8,3.92,4
588,28,11,2.56,4
588,29,6,3.99,4
588,30,15,3.54,4
588,31,10,4.22,4
588,32,8,3.01,4
588,33,18,2.33,4
588,34,9,3.21,4
588,35,15,3.63,4
588,36,13,4.22,4
588,37,6,2.52,4
588,38,9,3.76,4
588,39,17,3.5,4
588,40,9,4.81,4
588,41,8,4.73,4
588,42,15,2.46,4
588,43,11,2.92,4
588,44,12,4.09,4
588,45,7,4.29,4
588,46,7,3.53,4
588,47,13,2.68,4
588,48,22,2.5,4
588,49,13,2.95,4
588,50,14,2.13,4
588,51,7,4.01,4
588,52,11,4.24,4
589,1,0,4.23,5
589,2,6,2.29,5
589,3,0,4.89,5
589,4,4,2.43,5
589,5,0,3.45,5
589,6,1,3.69,5
589,7,0,4.8,5
589,8,0,4.46,5
589,9,0,3.6,5
589,10,0,3.15,5
589,11,0,3.64,5
589,12,0,4.39,5
589,13,0,3.88,5
589,14,5,2.31,5
589,15,2,2.58,5
589,16,0,4.53,5
589,17,1,3.44,5
589,18,0,4.33,5
589,19,0,4.45,5
589,20,0,2.89,5
589,21,4,2.68,5
589,22,0,3.86,5
589,23,2,3.12,5
589,24,0,4.66,5
589,25,6,2.38,5
589,26,3,2.47,5
589,27,0,3.92,5
589,28,2,2.56,5
589,29,0,3.99,5
589,30,0,3.54,5
589,31,0,4.22,5
589,32,3,3.01,5
589,33,3,2.33,5
589,34,2,3.21,5
589,35,1,3.63,5
589,36,0,4.22,5
589,37,4,2.52,5
589,38,0,3.76,5
589,39,2,3.5,5
589,40,0,4.81,5
589,41,0,4.73,5
589,42,3,2.46,5
589,43,4,2.92,5
589,44,1,4.09,5
589,45,0,4.29,5
589,46,1,3.53,5
589,47,2,2.68,5
589,48,0,2.5,5
589,49,0,2.95,5
589,50,5,2.13,5
589,51,1,4.01,5
589,52,1,4.24,5
590,1,0,4.23,3
590,2,3,2.29,3
590,3,0,4.89,3
590,4,4,2.43,3
590,5,0,3.45,3
590,6,0,3.69,3
590,7,0,4.8,3
590,8,0,4.46,3
590,9,1,3.6,3
590,10,1,3.15,3
590,11,1,3.64,3
590,12,0,4.39,3
590,13,0,3.88,3
590,14,0,2.31,3
590,15,1,2.58,3
590,16,0,4.53,3
590,17,1,3.44,3
590,18,0,4.33,3
590,19,0,4.45,3
590,20,0,2.89,3
590,21,0,2.68,3
590,22,0,3.86,3
590,23,2,3.12,3
590,24,0,4.66,3
590,25,2,2.38,3
590,26,0,2.47,3
590,27,0,3.92,3
590,28,0,2.56,3
590,29,0,3.99,3
590,30,0,3.54,3
590,31,0,4.22,3
590,32,1,3.01,3
590,33,1,2.33,3
590,34,1,3.21,3
590,35,0,3.63,3
590,36,0,4.22,3
590,37,4,2.52,3
590,38,0,3.76,3
590,39,0,3.5,3
590,40,0,4.81,3
590,41,0,4.73,3
590,42,0,2.46,3
590,43,0,2.92,3
590,44,0,4.09,3
590,45,0,4.29,3
590,46,0,3.53,3
590,47,1,2.68,3
590,48,0,2.5,3
590,49,0,2.95,3
590,50,1,2.13,3
590,51,1,4.01,3
590,52,1,4.24,3
591,1,0,4.23,3
591,2,1,2.29,3
591,3,0,4.89,3
591,4,0,2.43,3
591,5,0,3.45,3
591,6,1,3.69,3
591,7,0,4.8,3
591,8,0,4.46,3
591,9,1,3.6,3
591,10,0,3.15,3
591,11,0,3.64,3
591,12,1,4.39,3
591,13,0,3.88,3
591,14,1,2.31,3
591,15,2,2.58,3
591,16,0,4.53,3
591,17,2,3.44,3
591,18,0,4.33,3
591,19,0,4.45,3
591,20,1,2.89,3
591,21,0,2.68,3
591,22,0,3.86,3
591,23,0,3.12,3
591,24,0,4.66,3
591,25,3,2.38,3
591,26,3,2.47,3
591,27,0,3.92,3
591,28,1,2.56,3
591,29,0,3.99,3
591,30,0,3.54,3
591,31,1,4.22,3
591,32,1,3.01,3
591,33,1,2.33,3
591,34,0,3.21,3
591,35,0,3.63,3
591,36,0,4.22,3
591,37,1,2.52,3
591,38,0,3.76,3
591,39,0,3.5,3
591,40,0,4.81,3
591,41,0,4.73,3
591,42,1,2.46,3
591,43,2,2.92,3
591,44,0,4.09,3
591,45,0,4.29,3
591,46,0,3.53,3
591,47,0,2.68,3
591,48,0,2.5,3
591,49,2,2.95,3
591,50,1,2.13,3
591,51,1,4.01,3
591,52,0,4.24,3
592,1,0,4.23,2
592,2,3,2.29,2
592,3,0,4.89,2
592,4,0,2.43,2
592,5,0,3.45,2
592,6,0,3.69,2
592,7,0,4.8,2
592,8,0,4.46,2
592,9,0,3.6,2
592,10,0,3.15,2
592,11,0,3.64,2
592,12,0,4.39,2
592,13,0,3.88,2
592,14,1,2.31,2
592,15,1,2.58,2
592,16,0,4.53,2
592,17,0,3.44,2
592,18,0,4.33,2
592,19,0,4.45,2
592,20,1,2.89,2
592,21,1,2.68,2
592,22,0,3.86,2
592,23,0,3.12,2
592,24,0,4.66,2
592,25,2,2.38,2
592,26,1,2.47,2
592,27,0,3.92,2
592,28,0,2.56,2
592,29,1,3.99,2
592,30,0,3.54,2
592,31,0,4.22,2
592,32,0,3.01,2
592,33,1,2.33,2
592,34,1,3.21,2
592,35,0,3.63,2
592,36,0,4.22,2
592,37,0,2.52,2
592,38,1,3.76,2
592,39,1,3.5,2
592,40,0,4.81,2
592,41,0,4.73,2
592,42,1,2.46,2
592,43,1,2.92,2
592,44,0,4.09,2
592,45,0,4.29,2
592,46,0,3.53,2
592,47,1,2.68,2
592,48,1,2.5,2
592,49,0,2.95,2
592,50,3,2.13,2
592,51,0,4.01,2
592,52,0,4.24,2
593,1,5,4.23,3
593,2,11,2.29,3
593,3,3,4.89,3
593,4,13,2.43,3
593,5,7,3.45,3
593,6,5,3.69,3
593,7,1,4.8,3
593,8,6,4.46,3
593,9,10,3.6,3
593,10,6,3.15,3
593,11,5,3.64,3
593,12,6,4.39,3
593,13,5,3.88,3
593,14,9,2.31,3
593,15,7,2.58,3
593,16,4,4.53,3
593,17,10,3.44,3
593,18,7,4.33,3
593,19,8,4.45,3
593,20,7,2.89,3
593,21,15,2.68,3
593,22,5,3.86,3
593,23,4,3.12,3
593,24,2,4.66,3
593,25,15,2.38,3
593,26,12,2.47,3
593,27,3,3.92,3
593,28,9,2.56,3
593,29,6,3.99,3
593,30,7,3.54,3
593,31,7,4.22,3
593,32,13,3.01,3
593,33,10,2.33,3
593,34,2,3.21,3
593,35,4,3.63,3
593,36,5,4.22,3
593,37,9,2.52,3
593,38,6,3.76,3
593,39,5,3.5,3
593,40,5,4.81,3
593,41,2,4.73,3
593,42,9,2.46,3
593,43,4,2.92,3
593,44,4,4.09,3
593,45,3,4.29,3
593,46,6,3.53,3
593,47,12,2.68,3
593,48,12,2.5,3
593,49,13,2.95,3
593,50,13,2.13,3
593,51,4,4.01,3
593,52,3,4.24,3
594,1,4,4.23,4
594,2,12,2.29,4
594,3,5,4.89,4
594,4,17,2.43,4
594,5,11,3.45,4
594,6,6,3.69,4
594,7,1,4.8,4
594,8,3,4.46,4
594,9,10,3.6,4
594,10,10,3.15,4
594,11,6,3.64,4
594,12,7,4.39,4
594,13,7,3.88,4
594,14,20,2.31,4
594,15,20,2.58,4
594,16,3,4.53,4
594,17,8,3.44,4
594,18,7,4.33,4
594,19,0,4.45,4
594,20,22,2.89,4
594,21,11,2.68,4
594,22,7,3.86,4
594,23,9,3.12,4
594,24,3,4.66,4
594,25,18,2.38,4
594,26,12,2.47,4
594,27,12,3.92,4
594,28,15,2.56,4
594,29,5,3.99,4
594,30,7,3.54,4
594,31,6,4.22,4
594,32,17,3.01,4
594,33,10,2.33,4
594,34,19,3.21,4
594,35,8,3.63,4
594,36,4,4.22,4
594,37,16,2.52,4
594,38,5,3.76,4
594,39,14,3.5,4
594,40,4,4.81,4
594,41,3,4.73,4
594,42,10,2.46,4
594,43,16,2.92,4
594,44,5,4.09,4
594,45,8,4.29,4
594,46,3,3.53,4
594,47,16,2.68,4
594,48,14,2.5,4
594,49,8,2.95,4
594,50,9,2.13,4
594,51,6,4.01,4
594,52,1,4.24,4
595,1,0,4.23,1
595,2,0,2.29,1
595,3,0,4.89,1
595,4,2,2.43,1
595,5,1,3.45,1
595,6,0,3.69,1
595,7,0,4.8,1
595,8,0,4.46,1
595,9,0,3.6,1
595,10,1,3.15,1
595,11,0,3.64,1
595,12,0,4.39,1
595,13,0,3.88,1
595,14,0,2.31,1
595,15,2,2.58,1
595,16,0,4.53,1
595,17,0,3.44,1
595,18,0,4.33,1
595,19,0,4.45,1
595,20,0,2.89,1
595,21,0,2.68,1
595,22,0,3.86,1
595,23,0,3.12,1
595,24,0,4.66,1
595,25,0,2.38,1
595,26,0,2.47,1
595,27,0,3.92,1
595,28,0,2.56,1
595,29,0,3.99,1
595,30,0,3.54,1
595,31,0,4.22,1
595,32,0,3.01,1
595,33,3,2.33,1
595,34,0,3.21,1
595,35,0,3.63,1
595,36,0,4.22,1
595,37,0,2.52,1
595,38,0,3.76,1
595,39,0,3.5,1
595,40,0,4.81,1
595,41,0,4.73,1
595,42,2,2.46,1
595,43,0,2.92,1
595,44,0,4.09,1
595,45,0,4.29,1
595,46,1,3.53,1
595,47,1,2.68,1
595,48,1,2.5,1
595,49,0,2.95,1
595,50,3,2.13,1
595,51,0,4.01,1
595,52,0,4.24,1
596,1,0,4.23,3
596,2,1,2.29,3
596,3,0,4.89,3
596,4,0,2.43,3
596,5,0,3.45,3
596,6,0,3.69,3
596,7,0,4.8,3
596,8,0,4.46,3
596,9,1,3.6,3
596,10,0,3.15,3
596,11,1,3.64,3
596,12,0,4.39,3
596,13,0,3.88,3
596,14,3,2.31,3
596,15,1,2.58,3
596,16,0,4.53,3
596,17,0,3.44,3
596,18,0,4.33,3
596,19,0,4.45,3
596,20,0,2.89,3
596,21,1,2.68,3
596,22,0,3.86,3
596,23,0,3.12,3
596,24,0,4.66,3
596,25,3,2.38,3
596,26,0,2.47,3
596,27,0,3.92,3
596,28,0,2.56,3
596,29,0,3.99,3
596,30,0,3.54,3
596,31,1,4.22,3
596,32,1,3.01,3
596,33,1,2.33,3
596,34,0,3.21,3
596,35,0,3.63,3
596,36,0,4.22,3
596,37,0,2.52,3
596,38,1,3.76,3
596,39,0,3.5,3
596,40,0,4.81,3
596,41,0,4.73,3
596,42,2,2.46,3
596,43,0,2.92,3
596,44,0,4.09,3
596,45,0,4.29,3
596,46,0,3.53,3
596,47,3,2.68,3
596,48,0,2.5,3
596,49,0,2.95,3
596,50,2,2.13,3
596,51,0,4.01,3
596,52,0,4.24,3
597,1,4,4.23,2
597,2,10,2.29,2
597,3,4,4.89,2
597,4,6,2.43,2
597,5,4,3.45,2
597,6,2,3.69,2
597,7,3,4.8,2
597,8,2,4.46,2
597,9,2,3.6,2
597,10,6,3.15,2
597,11,2,3.64,2
597,12,4,4.39,2
597,13,4,3.88,2
597,14,8,2.31,2
597,15,7,2.58,2
597,16,3,4.53,2
597,17,3,3.44,2
597,18,2,4.33,2
597,19,2,4.45,2
597,20,4,2.89,2
597,21,7,2.68,2
597,22,3,3.86,2
597,23,9,3.12,2
597,24,0,4.66,2
597,25,7,2.38,2
597,26,5,2.47,2
597,27,2,3.92,2
597,28,5,2.56,2
597,29,2,3.99,2
597,30,3,3.54,2
597,31,0,4.22,2
597,32,8,3.01,2
597,33,4,2.33,2
597,34,8,3.21,2
597,35,3,3.63,2
597,36,3,4.22,2
597,37,7,2.52,2
597,38,1,3.76,2
597,39,2,3.5,2
597,40,2,4.81,2
597,41,1,4.73,2
597,42,5,2.46,2
597,43,7,2.92,2
597,44,5,4.09,2
597,45,3,4.29,2
597,46,1,3.53,2
597,47,8,2.68,2
597,48,4,2.5,2
597,49,4,2.95,2
597,50,4,2.13,2
597,51,5,4.01,2
597,52,2,4.24,2
598,1,1,4.23,1
598,2,3,2.29,1
598,3,1,4.89,1
598,4,2,2.43,1
598,5,3,3.45,1
598,6,3,3.69,1
598,7,2,4.8,1
598,8,1,4.46,1
598,9,1,3.6,1
598,10,1,3.15,1
598,11,1,3.64,1
598,12,1,4.39,1
598,13,1,3.88,1
598,14,3,2.31,1
598,15,4,2.58,1
598,16,2,4.53,1
598,17,1,3.44,1
598,18,3,4.33,1
598,19,5,4.45,1
598,20,1,2.89,1
598,21,1,2.68,1
598,22,4,3.86,1
598,23,1,3.12,1
598,24,0,4.66,1
598,25,3,2.38,1
598,26,4,2.47,1
598,27,4,3.92,1
598,28,3,2.56,1
598,29,3,3.99,1
598,30,2,3.54,1
598,31,2,4.22,1
598,32,3,3.01,1
598,33,2,2.33,1
598,34,3,3.21,1
598,35,2,3.63,1
598,36,2,4.22,1
598,37,3,2.52,1
598,38,1,3.76,1
598,39,0,3.5,1
598,40,0,4.81,1
598,41,0,4.73,1
598,42,1,2.46,1
598,43,2,2.92,1
598,44,1,4.09,1
598,45,2,4.29,1
598,46,1,3.53,1
598,47,4,2.68,1
598,48,7,2.5,1
598,49,1,2.95,1
598,50,2,2.13,1
598,51,1,4.01,1
598,52,1,4.24,1
599,1,0,4.23,5
599,2,3,2.29,5
599,3,1,4.89,5
599,4,3,2.43,5
599,5,1,3.45,5
599,6,1,3.69,5
599,7,0,4.8,5
599,8,0,4.46,5
599,9,0,3.6,5
599,10,2,3.15,5
599,11,0,3.64,5
599,12,0,4.39,5
599,13,2,3.88,5
599,14,3,2.31,5
599,15,4,2.58,5
599,16,1,4.53,5
599,17,1,3.44,5
599,18,0,4.33,5
599,19,0,4.45,5
599,20,1,2.89,5
599,21,1,2.68,5
599,22,0,3.86,5
599,23,1,3.12,5
599,24,0,4.66,5
599,25,2,2.38,5
599,26,1,2.47,5
599,27,1,3.92,5
599,28,6,2.56,5
599,29,0,3.99,5
599,30,1,3.54,5
599,31,0,4.22,5
599,32,0,3.01,5
599,33,2,2.33,5
599,34,0,3.21,5
599,35,0,3.63,5
599,36,0,4.22,5
599,37,2,2.52,5
599,38,0,3.76,5
599,39,0,3.5,5
599,40,0,4.81,5
599,41,0,4.73,5
599,42,4,2.46,5
599,43,1,2.92,5
599,44,0,4.09,5
599,45,0,4.29,5
599,46,1,3.53,5
599,47,2,2.68,5
599,48,5,2.5,5
599,49,2,2.95,5
599,50,4,2.13,5
599,51,0,4.01,5
599,52,1,4.24,5
600,1,1,4.23,4
600,2,1,2.29,4
600,3,0,4.89,4
600,4,1,2.43,4
600,5,0,3.45,4
600,6,0,3.69,4
600,7,0,4.8,4
600,8,0,4.46,4
600,9,0,3.6,4
600,10,0,3.15,4
600,11,0,3.64,4
600,12,0,4.39,4
600,13,0,3.88,4
600,14,2,2.31,4
600,15,1,2.58,4
600,16,0,4.53,4
600,17,0,3.44,4
600,18,0,4.33,4
600,19,0,4.45,4
600,20,0,2.89,4
600,21,0,2.68,4
600,22,0,3.86,4
600,23,2,3.12,4
600,24,0,4.66,4
600,25,1,2.38,4
600,26,2,2.47,4
600,27,0,3.92,4
600,28,1,2.56,4
600,29,0,3.99,4
600,30,0,3.54,4
600,31,1,4.22,4
600,32,1,3.01,4
600,33,4,2.33,4
600,34,0,3.21,4
600,35,1,3.63,4
600,36,0,4.22,4
600,37,2,2.52,4
600,38,0,3.76,4
600,39,0,3.5,4
600,40,0,4.81,4
600,41,0,4.73,4
600,42,3,2.46,4
600,43,1,2.92,4
600,44,0,4.09,4
600,45,0,4.29,4
600,46,2,3.53,4
600,47,2,2.68,4
600,48,1,2.5,4
600,49,0,2.95,4
600,50,0,2.13,4
600,51,0,4.01,4
600,52,0,4.24,4
601,1,8,4.23,5
601,2,14,2.29,5
601,3,5,4.89,5
601,4,9,2.43,5
601,5,9,3.45,5
601,6,16,3.69,5
601,7,5,4.8,5
601,8,4,4.46,5
601,9,7,3.6,5
601,10,17,3.15,5
601,11,14,3.64,5
601,12,9,4.39,5
601,13,10,3.88,5
601,14,14,2.31,5
601,15,17,2.58,5
601,16,5,4.53,5
601,17,15,3.44,5
601,18,9,4.33,5
601,19,11,4.45,5
601,20,17,2.89,5
601,21,19,2.68,5
601,22,11,3.86,5
601,23,12,3.12,5
601,24,11,4.66,5
601,25,15,2.38,5
601,26,15,2.47,5
601,27,12,3.92,5
601,28,16,2.56,5
601,29,7,3.99,5
601,30,23,3.54,5
601,31,6,4.22,5
601,32,17,3.01,5
601,33,17,2.33,5
601,34,15,3.21,5
601,35,11,3.63,5
601,36,13,4.22,5
601,37,17,2.52,5
601,38,14,3.76,5
601,39,23,3.5,5
601,40,4,4.81,5
601,41,8,4.73,5
601,42,13,2.46,5
601,43,16,2.92,5
601,44,11,4.09,5
601,45,16,4.29,5
601,46,18,3.53,5
601,47,18,2.68,5
601,48,14,2.5,5
601,49,13,2.95,5
601,50,16,2.13,5
601,51,15,4.01,5
601,52,11,4.24,5
602,1,3,4.23,2
602,2,5,2.29,2
602,3,2,4.89,2
602,4,5,2.43,2
602,5,6,3.45,2
602,6,5,3.69,2
602,7,2,4.8,2
602,8,4,4.46,2
602,9,5,3.6,2
602,10,6,3.15,2
602,11,2,3.64,2
602,12,3,4.39,2
602,13,2,3.88,2
602,14,6,2.31,2
602,15,5,2.58,2
602,16,3,4.53,2
602,17,2,3.44,2
602,18,2,4.33,2
602,19,1,4.45,2
602,20,3,2.89,2
602,21,6,2.68,2
602,22,4,3.86,2
602,23,2,3.12,2
602,24,1,4.66,2
602,25,4,2.38,2
602,26,8,2.47,2
602,27,2,3.92,2
602,28,7,2.56,2
602,29,3,3.99,2
602,30,2,3.54,2
602,31,2,4.22,2
602,32,10,3.01,2
602,33,7,2.33,2
602,34,2,3.21,2
602,35,2,3.63,2
602,36,2,4.22,2
602,37,10,2.52,2
602,38,7,3.76,2
602,39,0,3.5,2
602,40,2,4.81,2
602,41,0,4.73,2
602,42,3,2.46,2
602,43,9,2.92,2
602,44,2,4.09,2
602,45,3,4.29,2
602,46,3,3.53,2
602,47,10,2.68,2
602,48,8,2.5,2
602,49,4,2.95,2
602,50,8,2.13,2
602,51,5,4.01,2
602,52,4,4.24,2
603,1,0,4.23,2
603,2,1,2.29,2
603,3,0,4.89,2
603,4,0,2.43,2
603,5,0,3.45,2
603,6,0,3.69,2
603,7,0,4.8,2
603,8,0,4.46,2
603,9,0,3.6,2
603,10,0,3.15,2
603,11,0,3.64,2
603,12,1,4.39,2
603,13,0,3.88,2
603,14,3,2.31,2
603,15,0,2.58,2
603,16,0,4.53,2
603,17,0,3.44,2
603,18,0,4.33,2
603,19,0,4.45,2
603,20,1,2.89,2
603,21,0,2.68,2
603,22,0,3.86,2
603,23,0,3.12,2
603,24,0,4.66,2
603,25,2,2.38,2
603,26,3,2.47,2
603,27,0,3.92,2
603,28,1,2.56,2
603,29,0,3.99,2
603,30,0,3.54,2
603,31,0,4.22,2
603,32,0,3.01,2
603,33,1,2.33,2
603,34,2,3.21,2
603,35,0,3.63,2
603,36,0,4.22,2
603,37,2,2.52,2
603,38,3,3.76,2
603,39,0,3.5,2
603,40,0,4.81,2
603,41,0,4.73,2
603,42,0,2.46,2
603,43,0,2.92,2
603,44,0,4.09,2
603,45,0,4.29,2
603,46,0,3.53,2
603,47,1,2.68,2
603,48,1,2.5,2
603,49,0,2.95,2
603,50,1,2.13,2
603,51,0,4.01,2
603,52,0,4.24,2
604,1,0,4.23,1
604,2,1,2.29,1
604,3,0,4.89,1
604,4,1,2.43,1
604,5,0,3.45,1
604,6,0,3.69,1
604,7,0,4.8,1
604,8,0,4.46,1
604,9,0,3.6,1
604,10,0,3.15,1
604,11,0,3.64,1
604,12,0,4.39,1
604,13,0,3.88,1
604,14,1,2.31,1
604,15,0,2.58,1
604,16,0,4.53,1
604,17,0,3.44,1
604,18,0,4.33,1
604,19,0,4.45,1
604,20,0,2.89,1
604,21,1,2.68,1
604,22,0,3.86,1
604,23,0,3.12,1
604,24,0,4.66,1
604,25,0,2.38,1
604,26,0,2.47,1
604,27,0,3.92,1
604,28,0,2.56,1
604,29,0,3.99,1
604,30,0,3.54,1
604,31,0,4.22,1
604,32,0,3.01,1
604,33,0,2.33,1
604,34,0,3.21,1
604,35,0,3.63,1
604,36,0,4.22,1
604,37,0,2.52,1
604,38,0,3.76,1
604,39,0,3.5,1
604,40,0,4.81,1
604,41,0,4.73,1
604,42,1,2.46,1
604,43,0,2.92,1
604,44,0,4.09,1
604,45,1,4.29,1
604,46,0,3.53,1
604,47,0,2.68,1
604,48,2,2.5,1
604,49,2,2.95,1
604,50,0,2.13,1
604,51,0,4.01,1
604,52,0,4.24,1
605,1,0,4.23,3
605,2,12,2.29,3
605,3,6,4.89,3
605,4,13,2.43,3
605,5,5,3.45,3
605,6,5,3.69,3
605,7,6,4.8,3
605,8,0,4.46,3
605,9,5,3.6,3
605,10,11,3.15,3
605,11,6,3.64,3
605,12,4,4.39,3
605,13,9,3.88,3
605,14,13,2.31,3
605,15,15,2.58,3
605,16,3,4.53,3
605,17,7,3.44,3
605,18,8,4.33,3
605,19,4,4.45,3
605,20,10,2.89,3
605,21,8,2.68,3
605,22,3,3.86,3
605,23,11,3.12,3
605,24,4,4.66,3
605,25,12,2.38,3
605,26,8,2.47,3
605,27,6,3.92,3
605,28,17,2.56,3
605,29,7,3.99,3
605,30,6,3.54,3
605,31,6,4.22,3
605,32,8,3.01,3
605,33,11,2.33,3
605,34,4,3.21,3
605,35,10,3.63,3
605,36,5,4.22,3
605,37,6,2.52,3
605,38,7,3.76,3
605,39,7,3.5,3
605,40,6,4.81,3
605,41,3,4.73,3
605,42,15,2.46,3
605,43,8,2.92,3
605,44,8,4.09,3
605,45,4,4.29,3
605,46,6,3.53,3
605,47,8,2.68,3
605,48,11,2.5,3
605,49,5,2.95,3
605,50,15,2.13,3
605,51,7,4.01,3
605,52,4,4.24,3
606,1,0,4.23,3
606,2,2,2.29,3
606,3,0,4.89,3
606,4,3,2.43,3
606,5,0,3.45,3
606,6,0,3.69,3
606,7,0,4.8,3
606,8,0,4.46,3
606,9,1,3.6,3
606,10,0,3.15,3
606,11,1,3.64,3
606,12,0,4.39,3
606,13,0,3.88,3
606,14,1,2.31,3
606,15,0,2.58,3
606,16,0,4.53,3
606,17,1,3.44,3
606,18,0,4.33,3
606,19,0,4.45,3
606,20,0,2.89,3
606,21,1,2.68,3
606,22,0,3.86,3
606,23,0,3.12,3
606,24,0,4.66,3
606,25,3,2.38,3
606,26,2,2.47,3
606,27,2,3.92,3
606,28,1,2.56,3
606,29,0,3.99,3
606,30,0,3.54,3
606,31,0,4.22,3
606,32,1,3.01,3
606,33,0,2.33,3
606,34,0,3.21,3
606,35,0,3.63,3
606,36,0,4.22,3
606,37,1,2.52,3
606,38,0,3.76,3
606,39,0,3.5,3
606,40,0,4.81,3
606,41,0,4.73,3
606,42,1,2.46,3
606,43,0,2.92,3
606,44,0,4.09,3
606,45,0,4.29,3
606,46,0,3.53,3
606,47,2,2.68,3
606,48,0,2.5,3
606,49,1,2.95,3
606,50,5,2.13,3
606,51,0,4.01,3
606,52,0,4.24,3
607,1,9,4.23,5
607,2,12,2.29,5
607,3,6,4.89,5
607,4,16,2.43,5
607,5,20,3.45,5
607,6,13,3.69,5
607,7,3,4.8,5
607,8,12,4.46,5
607,9,9,3.6,5
607,10,19,3.15,5
607,11,7,3.64,5
607,12,8,4.39,5
607,13,8,3.88,5
607,14,19,2.31,5
607,15,14,2.58,5
607,16,7,4.53,5
607,17,12,3.44,5
607,18,12,4.33,5
607,19,8,4.45,5
607,20,14,2.89,5
607,21,18,2.68,5
607,22,8,3.86,5
607,23,16,3.12,5
607,24,5,4.66,5
607,25,23,2.38,5
607,26,18,2.47,5
607,27,13,3.92,5
607,28,16,2.56,5
607,29,8,3.99,5
607,30,25,3.54,5
607,31,13,4.22,5
607,32,18,3.01,5
607,33,17,2.33,5
607,34,18,3.21,5
607,35,16,3.63,5
607,36,11,4.22,5
607,37,15,2.52,5
607,38,8,3.76,5
607,39,9,3.5,5
607,40,6,4.81,5
607,41,9,4.73,5
607,42,14,2.46,5
607,43,12,2.92,5
607,44,11,4.09,5
607,45,6,4.29,5
607,46,5,3.53,5
607,47,22,2.68,5
607,48,15,2.5,5
607,49,14,2.95,5
607,50,11,2.13,5
607,51,10,4.01,5
607,52,8,4.24,5
608,1,4,4.23,3
608,2,15,2.29,3
608,3,1,4.89,3
608,4,13,2.43,3
608,5,3,3.45,3
608,6,5,3.69,3
608,7,2,4.8,3
608,8,2,4.46,3
608,9,4,3.6,3
608,10,6,3.15,3
608,11,1,3.64,3
608,12,2,4.39,3
608,13,4,3.88,3
608,14,14,2.31,3
608,15,5,2.58,3
608,16,1,4.53,3
608,17,9,3.44,3
608,18,1,4.33,3
608,19,2,4.45,3
608,20,11,2.89,3
608,21,7,2.68,3
608,22,4,3.86,3
608,23,5,3.12,3
608,24,0,4.66,3
608,25,10,2.38,3
608,26,12,2.47,3
608,27,1,3.92,3
608,28,12,2.56,3
608,29,2,3.99,3
608,30,3,3.54,3
608,31,5,4.22,3
608,32,5,3.01,3
608,33,13,2.33,3
608,34,5,3.21,3
608,35,3,3.63,3
608,36,1,4.22,3
608,37,7,2.52,3
608,38,4,3.76,3
608,39,5,3.5,3
608,40,1,4.81,3
608,41,3,4.73,3
608,42,14,2.46,3
608,43,6,2.92,3
608,44,6,4.09,3
608,45,2,4.29,3
608,46,3,3.53,3
608,47,12,2.68,3
608,48,12,2.5,3
608,49,9,2.95,3
608,50,21,2.13,3
608,51,1,4.01,3
608,52,1,4.24,3
609,1,6,4.23,3
609,2,14,2.29,3
609,3,4,4.89,3
609,4,12,2.43,3
609,5,11,3.45,3
609,6,4,3.69,3
609,7,7,4.8,3
609,8,4,4.46,3
609,9,10,3.6,3
609,10,7,3.15,3
609,11,9,3.64,3
609,12,3,4.39,3
609,13,7,3.88,3
609,14,13,2.31,3
609,15,11,2.58,3
609,16,6,4.53,3
609,17,5,3.44,3
609,18,9,4.33,3
609,19,8,4.45,3
609,20,8,2.89,3
609,21,11,2.68,3
609,22,5,3.86,3
609,23,4,3.12,3
609,24,3,4.66,3
609,25,11,2.38,3
609,26,16,2.47,3
609,27,11,3.92,3
609,28,8,2.56,3
609,29,2,3.99,3
609,30,3,3.54,3
609,31,6,4.22,3
609,32,9,3.01,3
609,33,10,2.33,3
609,34,5,3.21,3
609,35,7,3.63,3
609,36,4,4.22,3
609,37,6,2.52,3
609,38,9,3.76,3
609,39,2,3.5,3
609,40,4,4.81,3
609,41,3,4.73,3
609,42,8,2.46,3
609,43,9,2.92,3
609,44,5,4.09,3
609,45,8,4.29,3
609,46,5,3.53,3
609,47,9,2.68,3
609,48,9,2.5,3
609,49,5,2.95,3
609,50,10,2.13,3
609,51,5,4.01,3
609,52,5,4.24,3
610,1,0,4.23,4
610,2,4,2.29,4
610,3,0,4.89,4
610,4,2,2.43,4
610,5,0,3.45,4
610,6,0,3.69,4
610,7,0,4.8,4
610,8,0,4.46,4
610,9,0,3.6,4
610,10,0,3.15,4
610,11,0,3.64,4
610,12,0,4.39,4
610,13,0,3.88,4
610,14,3,2.31,4
610,15,1,2.58,4
610,16,0,4.53,4
610,17,2,3.44,4
610,18,1,4.33,4
610,19,1,4.45,4
610,20,0,2.89,4
610,21,0,2.68,4
610,22,0,3.86,4
610,23,0,3.12,4
610,24,0,4.66,4
610,25,1,2.38,4
610,26,1,2.47,4
610,27,0,3.92,4
610,28,2,2.56,4
610,29,0,3.99,4
610,30,0,3.54,4
610,31,0,4.22,4
610,32,2,3.01,4
610,33,1,2.33,4
610,34,0,3.21,4
610,35,0,3.63,4
610,36,1,4.22,4
610,37,3,2.52,4
610,38,0,3.76,4
610,39,0,3.5,4
610,40,0,4.81,4
610,41,0,4.73,4
610,42,0,2.46,4
610,43,1,2.92,4
610,44,1,4.09,4
610,45,0,4.29,4
610,46,0,3.53,4
610,47,3,2.68,4
610,48,2,2.5,4
610,49,4,2.95,4
610,50,2,2.13,4
610,51,0,4.01,4
610,52,0,4.24,4
611,1,6,4.23,3
611,2,7,2.29,3
611,3,1,4.89,3
611,4,15,2.43,3
611,5,9,3.45,3
611,6,3,3.69,3
611,7,3,4.8,3
611,8,3,4.46,3
611,9,4,3.6,3
611,10,8,3.15,3
611,11,5,3.64,3
611,12,6,4.39,3
611,13,5,3.88,3
611,14,11,2.31,3
611,15,11,2.58,3
611,16,3,4.53,3
611,17,11,3.44,3
611,18,3,4.33,3
611,19,6,4.45,3
611,20,13,2.89,3
611,21,11,2.68,3
611,22,6,3.86,3
611,23,7,3.12,3
611,24,5,4.66,3
611,25,9,2.38,3
611,26,11,2.47,3
611,27,6,3.92,3
611,28,9,2.56,3
611,29,6,3.99,3
611,30,6,3.54,3
611,31,3,4.22,3
611,32,8,3.01,3
611,33,11,2.33,3
611,34,5,3.21,3
611,35,3,3.63,3
611,36,6,4.22,3
611,37,12,2.52,3
611,38,5,3.76,3
611,39,9,3.5,3
611,40,3,4.81,3
611,41,5,4.73,3
611,42,9,2.46,3
611,43,11,2.92,3
611,44,3,4.09,3
611,45,5,4.29,3
611,46,5,3.53,3
611,47,5,2.68,3
611,48,6,2.5,3
611,49,8,2.95,3
611,50,8,2.13,3
611,51,7,4.01,3
611,52,3,4.24,3
612,1,0,4.23,3
612,2,3,2.29,3
612,3,0,4.89,3
612,4,2,2.43,3
612,5,1,3.45,3
612,6,0,3.69,3
612,7,0,4.8,3
612,8,0,4.46,3
612,9,1,3.6,3
612,10,0,3.15,3
612,11,0,3.64,3
612,12,0,4.39,3
612,13,0,3.88,3
612,14,1,2.31,3
612,15,1,2.58,3
612,16,0,4.53,3
612,17,0,3.44,3
612,18,0,4.33,3
612,19,0,4.45,3
612,20,4,2.89,3
612,21,1,2.68,3
612,22,0,3.86,3
612,23,0,3.12,3
612,24,0,4.66,3
612,25,1,2.38,3
612,26,1,2.47,3
612,27,0,3.92,3
612,28,0,2.56,3
612,29,0,3.99,3
612,30,0,3.54,3
612,31,0,4.22,3
612,32,3,3.01,3
612,33,3,2.33,3
612,34,0,3.21,3
612,35,0,3.63,3
612,36,0,4.22,3
612,37,0,2.52,3
612,38,0,3.76,3
612,39,0,3.5,3
612,40,0,4.81,3
612,41,0,4.73,3
612,42,1,2.46,3
612,43,0,2.92,3
612,44,0,4.09,3
612,45,0,4.29,3
612,46,0,3.53,3
612,47,0,2.68,3
612,48,2,2.5,3
612,49,1,2.95,3
612,50,0,2.13,3
612,51,0,4.01,3
612,52,0,4.24,3
613,1,2,4.23,1
613,2,4,2.29,1
613,3,0,4.89,1
613,4,4,2.43,1
613,5,2,3.45,1
613,6,1,3.69,1
613,7,0,4.8,1
613,8,2,4.46,1
613,9,2,3.6,1
613,10,3,3.15,1
613,11,4,3.64,1
613,12,2,4.39,1
613,13,0,3.88,1
613,14,0,2.31,1
613,15,2,2.58,1
613,16,0,4.53,1
613,17,3,3.44,1
613,18,2,4.33,1
613,19,2,4.45,1
613,20,0,2.89,1
613,21,1,2.68,1
613,22,4,3.86,1
613,23,0,3.12,1
613,24,4,4.66,1
613,25,3,2.38,1
613,26,5,2.47,1
613,27,1,3.92,1
613,28,2,2.56,1
613,29,4,3.99,1
613,30,2,3.54,1
613,31,1,4.22,1
613,32,3,3.01,1
613,33,3,2.33,1
613,34,4,3.21,1
613,35,1,3.63,1
613,36,3,4.22,1
613,37,3,2.52,1
613,38,2,3.76,1
613,39,0,3.5,1
613,40,3,4.81,1
613,41,1,4.73,1
613,42,3,2.46,1
613,43,4,2.92,1
613,44,1,4.09,1
613,45,1,4.29,1
613,46,2,3.53,1
613,47,5,2.68,1
613,48,3,2.5,1
613,49,4,2.95,1
613,50,4,2.13,1
613,51,1,4.01,1
613,52,4,4.24,1
614,1,1,4.23,1
614,2,1,2.29,1
614,3,1,4.89,1
614,4,6,2.43,1
614,5,2,3.45,1
614,6,1,3.69,1
614,7,0,4.8,1
614,8,2,4.46,1
614,9,1,3.6,1
614,10,3,3.15,1
614,11,3,3.64,1
614,12,0,4.39,1
614,13,1,3.88,1
614,14,5,2.31,1
614,15,3,2.58,1
614,16,2,4.53,1
614,17,2,3.44,1
614,18,2,4.33,1
614,19,2,4.45,1
614,20,3,2.89,1
614,21,1,2.68,1
614,22,1,3.86,1
614,23,8,3.12,1
614,24,0,4.66,1
614,25,2,2.38,1
614,26,4,2.47,1
614,27,1,3.92,1
614,28,5,2.56,1
614,29,0,3.99,1
614,30,4,3.54,1
614,31,2,4.22,1
614,32,2,3.01,1
614,33,2,2.33,1
614,34,2,3.21,1
614,35,2,3.63,1
614,36,0,4.22,1
614,37,2,2.52,1
614,38,0,3.76,1
614,39,2,3.5,1
614,40,1,4.81,1
614,41,1,4.73,1
614,42,1,2.46,1
614,43,3,2.92,1
614,44,2,4.09,1
614,45,0,4.29,1
614,46,0,3.53,1
614,47,3,2.68,1
614,48,3,2.5,1
614,49,2,2.95,1
614,50,3,2.13,1
614,51,1,4.01,1
614,52,1,4.24,1
615,1,0,4.23,4
615,2,2,2.29,4
615,3,1,4.89,4
615,4,1,2.43,4
615,5,0,3.45,4
615,6,1,3.69,4
615,7,0,4.8,4
615,8,1,4.46,4
615,9,1,3.6,4
615,10,0,3.15,4
615,11,0,3.64,4
615,12,0,4.39,4
615,13,0,3.88,4
615,14,4,2.31,4
615,15,2,2.58,4
615,16,0,4.53,4
615,17,0,3.44,4
615,18,0,4.33,4
615,19,0,4.45,4
615,20,2,2.89,4
615,21,3,2.68,4
615,22,0,3.86,4
615,23,1,3.12,4
615,24,0,4.66,4
615,25,2,2.38,4
615,26,2,2.47,4
615,27,0,3.92,4
615,28,0,2.56,4
615,29,0,3.99,4
615,30,0,3.54,4
615,31,0,4.22,4
615,32,0,3.01,4
615,33,1,2.33,4
615,34,0,3.21,4
615,35,0,3.63,4
615,36,0,4.22,4
615,37,1,2.52,4
615,38,1,3.76,4
615,39,0,3.5,4
615,40,0,4.81,4
615,41,0,4.73,4
615,42,0,2.46,4
615,43,2,2.92,4
615,44,0,4.09,4
615,45,0,4.29,4
615,46,0,3.53,4
615,47,2,2.68,4
615,48,2,2.5,4
615,49,0,2.95,4
615,50,2,2.13,4
615,51,1,4.01,4
615,52,0,4.24,4
616,1,9,4.23,4
616,2,12,2.29,4
616,3,11,4.89,4
616,4,24,2.43,4
616,5,11,3.45,4
616,6,11,3.69,4
616,7,8,4.8,4
616,8,7,4.46,4
616,9,10,3.6,4
616,10,17,3.15,4
616,11,18,3.64,4
616,12,9,4.39,4
616,13,9,3.88,4
616,14,8,2.31,4
616,15,15,2.58,4
616,16,8,4.53,4
616,17,12,3.44,4
616,18,6,4.33,4
616,19,11,4.45,4
616,20,25,2.89,4
616,21,15,2.68,4
616,22,5,3.86,4
616,23,14,3.12,4
616,24,7,4.66,4
616,25,11,2.38,4
616,26,17,2.47,4
616,27,10,3.92,4
616,28,18,2.56,4
616,29,8,3.99,4
616,30,13,3.54,4
616,31,11,4.22,4
616,32,10,3.01,4
616,33,18,2.33,4
616,34,10,3.21,4
616,35,9,3.63,4
616,36,10,4.22,4
616,37,12,2.52,4
616,38,16,3.76,4
616,39,17,3.5,4
616,40,10,4.81,4
616,41,6,4.73,4
616,42,12,2.46,4
616,43,13,2.92,4
616,44,4,4.09,4
616,45,6,4.29,4
616,46,11,3.53,4
616,47,16,2.68,4
616,48,12,2.5,4
616,49,14,2.95,4
616,50,27,2.13,4
616,51,18,4.01,4
616,52,7,4.24,4
617,1,19,4.23,5
617,2,11,2.29,5
617,3,13,4.89,5
617,4,18,2.43,5
617,5,12,3.45,5
617,6,10,3.69,5
617,7,10,4.8,5
617,8,17,4.46,5
617,9,12,3.6,5
617,10,25,3.15,5
617,11,16,3.64,5
617,12,16,4.39,5
617,13,15,3.88,5
617,14,20,2.31,5
617,15,17,2.58,5
617,16,9,4.53,5
617,17,10,3.44,5
617,18,11,4.33,5
617,19,10,4.45,5
617,20,15,2.89,5
617,21,13,2.68,5
617,22,14,3.86,5
617,23,13,3.12,5
617,24,18,4.66,5
617,25,19,2.38,5
617,26,15,2.47,5
617,27,10,3.92,5
617,28,12,2.56,5
617,29,15,3.99,5
617,30,15,3.54,5
617,31,18,4.22,5
617,32,13,3.01,5
617,33,21,2.33,5
617,34,16,3.21,5
617,35,13,3.63,5
617,36,14,4.22,5
617,37,21,2.52,5
617,38,17,3.76,5
617,39,16,3.5,5
617,40,15,4.81,5
617,41,15,4.73,5
617,42,25,2.46,5
617,43,17,2.92,5
617,44,14,4.09,5
617,45,16,4.29,5
617,46,18,3.53,5
617,47,17,2.68,5
617,48,17,2.5,5
617,49,17,2.95,5
617,50,7,2.13,5
617,51,12,4.01,5
617,52,14,4.24,5
618,1,4,4.23,4
618,2,19,2.29,4
618,3,5,4.89,4
618,4,11,2.43,4
618,5,20,3.45,4
618,6,14,3.69,4
618,7,4,4.8,4
618,8,8,4.46,4
618,9,15,3.6,4
618,10,9,3.15,4
618,11,12,3.64,4
618,12,5,4.39,4
618,13,9,3.88,4
618,14,13,2.31,4
618,15,15,2.58,4
618,16,12,4.53,4
618,17,17,3.44,4
618,18,13,4.33,4
618,19,8,4.45,4
618,20,14,2.89,4
618,21,12,2.68,4
618,22,7,3.86,4
618,23,14,3.12,4
618,24,9,4.66,4
618,25,13,2.38,4
618,26,12,2.47,4
618,27,8,3.92,4
618,28,22,2.56,4
618,29,8,3.99,4
618,30,12,3.54,4
618,31,9,4.22,4
618,32,14,3.01,4
618,33,13,2.33,4
618,34,13,3.21,4
618,35,8,3.63,4
618,36,10,4.22,4
618,37,13,2.52,4
618,38,12,3.76,4
618,39,12,3.5,4
618,40,8,4.81,4
618,41,8,4.73,4
618,42,13,2.46,4
618,43,16,2.92,4
618,44,16,4.09,4
618,45,6,4.29,4
618,46,8,3.53,4
618,47,21,2.68,4
618,48,22,2.5,4
618,49,9,2.95,4
618,50,15,2.13,4
618,51,11,4.01,4
618,52,9,4.24,4
619,1,0,4.23,1
619,2,2,2.29,1
619,3,1,4.89,1
619,4,2,2.43,1
619,5,2,3.45,1
619,6,4,3.69,1
619,7,0,4.8,1
619,8,0,4.46,1
619,9,1,3.6,1
619,10,3,3.15,1
619,11,0,3.64,1
619,12,1,4.39,1
619,13,1,3.88,1
619,14,3,2.31,1
619,15,3,2.58,1
619,16,0,4.53,1
619,17,1,3.44,1
619,18,0,4.33,1
619,19,2,4.45,1
619,20,1,2.89,1
619,21,1,2.68,1
619,22,3,3.86,1
619,23,0,3.12,1
619,24,2,4.66,1
619,25,4,2.38,1
619,26,2,2.47,1
619,27,0,3.92,1
619,28,5,2.56,1
619,29,3,3.99,1
619,30,3,3.54,1
619,31,2,4.22,1
619,32,1,3.01,1
619,33,3,2.33,1
619,34,3,3.21,1
619,35,3,3.63,1
619,36,1,4.22,1
619,37,1,2.52,1
619,38,2,3.76,1
619,39,2,3.5,1
619,40,1,4.81,1
619,41,2,4.73,1
619,42,3,2.46,1
619,43,5,2.92,1
619,44,1,4.09,1
619,45,1,4.29,1
619,46,2,3.53,1
619,47,7,2.68,1
619,48,8,2.5,1
619,49,1,2.95,1
619,50,4,2.13,1
619,51,0,4.01,1
619,52,0,4.24,1
620,1,4,4.23,3
620,2,19,2.29,3
620,3,2,4.89,3
620,4,9,2.43,3
620,5,5,3.45,3
620,6,6,3.69,3
620,7,2,4.8,3
620,8,1,4.46,3
620,9,7,3.6,3
620,10,3,3.15,3
620,11,13,3.64,3
620,12,6,4.39,3
620,13,7,3.88,3
620,14,6,2.31,3
620,15,12,2.58,3
620,16,6,4.53,3
620,17,4,3.44,3
620,18,4,4.33,3
620,19,4,4.45,3
620,20,5,2.89,3
620,21,9,2.68,3
620,22,8,3.86,3
620,23,9,3.12,3
620,24,5,4.66,3
620,25,11,2.38,3
620,26,14,2.47,3
620,27,5,3.92,3
620,28,7,2.56,3
620,29,5,3.99,3
620,30,5,3.54,3
620,31,3,4.22,3
620,32,8,3.01,3
620,33,14,2.33,3
620,34,13,3.21,3
620,35,5,3.63,3
620,36,7,4.22,3
620,37,11,2.52,3
620,38,4,3.76,3
620,39,5,3.5,3
620,40,5,4.81,3
620,41,2,4.73,3
620,42,7,2.46,3
620,43,10,2.92,3
620,44,3,4.09,3
620,45,2,4.29,3
620,46,5,3.53,3
620,47,13,2.68,3
620,48,16,2.5,3
620,49,9,2.95,3
620,50,15,2.13,3
620,51,5,4.01,3
620,52,3,4.24,3
621,1,2,4.23,3
621,2,14,2.29,3
621,3,0,4.89,3
621,4,13,2.43,3
621,5,1,3.45,3
621,6,1,3.69,3
621,7,2,4.8,3
621,8,0,4.46,3
621,9,2,3.6,3
621,10,5,3.15,3
621,11,3,3.64,3
621,12,4,4.39,3
621,13,5,3.88,3
621,14,12,2.31,3
621,15,10,2.58,3
621,16,1,4.53,3
621,17,4,3.44,3
621,18,1,4.33,3
621,19,4,4.45,3
621,20,11,2.89,3
621,21,4,2.68,3
621,22,2,3.86,3
621,23,7,3.12,3
621,24,1,4.66,3
621,25,17,2.38,3
621,26,7,2.47,3
621,27,2,3.92,3
621,28,10,2.56,3
621,29,2,3.99,3
621,30,3,3.54,3
621,31,4,4.22,3
621,32,7,3.01,3
621,33,8,2.33,3
621,34,7,3.21,3
621,35,4,3.63,3
621,36,4,4.22,3
621,37,10,2.52,3
621,38,0,3.76,3
621,39,9,3.5,3
621,40,2,4.81,3
621,41,1,4.73,3
621,42,11,2.46,3
621,43,7,2.92,3
621,44,2,4.09,3
621,45,2,4.29,3
621,46,3,3.53,3
621,47,10,2.68,3
621,48,8,2.5,3
621,49,3,2.95,3
621,50,12,2.13,3
621,51,3,4.01,3
621,52,0,4.24,3
622,1,18,4.23,5
622,2,18,2.29,5
622,3,15,4.89,5
622,4,9,2.43,5
622,5,16,3.45,5
622,6,13,3.69,5
622,7,19,4.8,5
622,8,17,4.46,5
622,9,14,3.6,5
622,10,13,3.15,5
622,11,15,3.64,5
622,12,12,4.39,5
622,13,13,3.88,5
622,14,13,2.31,5
622,15,14,2.58,5
622,16,14,4.53,5
622,17,20,3.44,5
622,18,16,4.33,5
622,19,9,4.45,5
622,20,16,2.89,5
622,21,16,2.68,5
622,22,12,3.86,5
622,23,16,3.12,5
622,24,14,4.66,5
622,25,16,2.38,5
622,26,18,2.47,5
622,27,13,3.92,5
622,28,13,2.56,5
622,29,12,3.99,5
622,30,11,3.54,5
622,31,16,4.22,5
622,32,19,3.01,5
622,33,15,2.33,5
622,34,18,3.21,5
622,35,22,3.63,5
622,36,14,4.22,5
622,37,18,2.52,5
622,38,8,3.76,5
622,39,14,3.5,5
622,40,13,4.81,5
622,41,12,4.73,5
622,42,15,2.46,5
622,43,14,2.92,5
622,44,19,4.09,5
622,45,9,4.29,5
622,46,11,3.53,5
622,47,10,2.68,5
622,48,15,2.5,5
622,49,14,2.95,5
622,50,11,2.13,5
622,51,13,4.01,5
622,52,17,4.24,5
623,1,0,4.23,1
623,2,1,2.29,1
623,3,0,4.89,1
623,4,2,2.43,1
623,5,1,3.45,1
623,6,3,3.69,1
623,7,1,4.8,1
623,8,0,4.46,1
623,9,2,3.6,1
623,10,1,3.15,1
623,11,0,3.64,1
623,12,0,4.39,1
623,13,0,3.88,1
623,14,6,2.31,1
623,15,0,2.58,1
623,16,2,4.53,1
623,17,2,3.44,1
623,18,0,4.33,1
623,19,0,4.45,1
623,20,1,2.89,1
623,21,2,2.68,1
623,22,2,3.86,1
623,23,1,3.12,1
623,24,0,4.66,1
623,25,5,2.38,1
623,26,3,2.47,1
623,27,0,3.92,1
623,28,2,2.56,1
623,29,1,3.99,1
623,30,2,3.54,1
623,31,1,4.22,1
623,32,3,3.01,1
623,33,1,2.33,1
623,34,2,3.21,1
623,35,0,3.63,1
623,36,0,4.22,1
623,37,5,2.52,1
623,38,2,3.76,1
623,39,0,3.5,1
623,40,1,4.81,1
623,41,0,4.73,1
623,42,3,2.46,1
623,43,0,2.92,1
623,44,0,4.09,1
623,45,0,4.29,1
623,46,1,3.53,1
623,47,2,2.68,1
623,48,2,2.5,1
623,49,5,2.95,1
623,50,3,2.13,1
623,51,2,4.01,1
623,52,1,4.24,1
624,1,6,4.23,3
624,2,6,2.29,3
624,3,5,4.89,3
624,4,11,2.43,3
624,5,8,3.45,3
624,6,5,3.69,3
624,7,4,4.8,3
624,8,5,4.46,3
624,9,7,3.6,3
624,10,6,3.15,3
624,11,4,3.64,3
624,12,12,4.39,3
624,13,4,3.88,3
624,14,12,2.31,3
624,15,5,2.58,3
624,16,3,4.53,3
624,17,7,3.44,3
624,18,6,4.33,3
624,19,7,4.45,3
624,20,8,2.89,3
624,21,5,2.68,3
624,22,5,3.86,3
624,23,12,3.12,3
624,24,6,4.66,3
624,25,13,2.38,3
624,26,9,2.47,3
624,27,7,3.92,3
624,28,9,2.56,3
624,29,7,3.99,3
624,30,5,3.54,3
624,31,2,4.22,3
624,32,14,3.01,3
624,33,10,2.33,3
624,34,6,3.21,3
624,35,3,3.63,3
624,36,4,4.22,3
624,37,11,2.52,3
624,38,6,3.76,3
624,39,8,3.5,3
624,40,5,4.81,3
624,41,3,4.73,3
624,42,17,2.46,3
624,43,11,2.92,3
624,44,6,4.09,3
624,45,4,4.29,3
624,46,10,3.53,3
624,47,9,2.68,3
624,48,12,2.5,3
624,49,8,2.95,3
624,50,7,2.13,3
624,51,3,4.01,3
624,52,5,4.24,3
625,1,2,4.23,1
625,2,5,2.29,1
625,3,0,4.89,1
625,4,6,2.43,1
625,5,1,3.45,1
625,6,3,3.69,1
625,7,0,4.8,1
625,8,0,4.46,1
625,9,0,3.6,1
625,10,1,3.15,1
625,11,1,3.64,1
625,12,0,4.39,1
625,13,0,3.88,1
625,14,3,2.31,1
625,15,5,2.58,1
625,16,0,4.53,1
625,17,0,3.44,1
625,18,0,4.33,1
625,19,0,4.45,1
625,20,0,2.89,1
625,21,2,2.68,1
625,22,1,3.86,1
625,23,0,3.12,1
625,24,0,4.66,1
625,25,2,2.38,1
625,26,3,2.47,1
625,27,1,3.92,1
625,28,1,2.56,1
625,29,1,3.99,1
625,30,1,3.54,1
625,31,2,4.22,1
625,32,1,3.01,1
625,33,2,2.33,1
625,34,1,3.21,1
625,35,3,3.63,1
625,36,1,4.22,1
625,37,3,2.52,1
625,38,1,3.76,1
625,39,1,3.5,1
625,40,2,4.81,1
625,41,1,4.73,1
625,42,3,2.46,1
625,43,2,2.92,1
625,44,1,4.09,1
625,45,2,4.29,1
625,46,0,3.53,1
625,47,2,2.68,1
625,48,2,2.5,1
625,49,4,2.95,1
625,50,2,2.13,1
625,51,1,4.01,1
625,52,0,4.24,1
626,1,0,4.23,3
626,2,1,2.29,3
626,3,0,4.89,3
626,4,3,2.43,3
626,5,0,3.45,3
626,6,0,3.69,3
626,7,1,4.8,3
626,8,0,4.46,3
626,9,0,3.6,3
626,10,0,3.15,3
626,11,0,3.64,3
626,12,0,4.39,3
626,13,0,3.88,3
626,14,0,2.31,3
626,15,2,2.58,3
626,16,0,4.53,3
626,17,0,3.44,3
626,18,0,4.33,3
626,19,1,4.45,3
626,20,2,2.89,3
626,21,0,2.68,3
626,22,0,3.86,3
626,23,0,3.12,3
626,24,0,4.66,3
626,25,1,2.38,3
626,26,0,2.47,3
626,27,0,3.92,3
626,28,1,2.56,3
626,29,0,3.99,3
626,30,0,3.54,3
626,31,0,4.22,3
626,32,0,3.01,3
626,33,3,2.33,3
626,34,0,3.21,3
626,35,0,3.63,3
626,36,0,4.22,3
626,37,2,2.52,3
626,38,0,3.76,3
626,39,1,3.5,3
626,40,0,4.81,3
626,41,0,4.73,3
626,42,2,2.46,3
626,43,1,2.92,3
626,44,0,4.09,3
626,45,0,4.29,3
626,46,0,3.53,3
626,47,0,2.68,3
626,48,1,2.5,3
626,49,0,2.95,3
626,50,2,2.13,3
626,51,0,4.01,3
626,52,0,4.24,3
627,1,0,4.23,4
627,2,7,2.29,4
627,3,0,4.89,4
627,4,1,2.43,4
627,5,0,3.45,4
627,6,0,3.69,4
627,7,0,4.8,4
627,8,0,4.46,4
627,9,0,3.6,4
627,10,0,3.15,4
627,11,0,3.64,4
627,12,0,4.39,4
627,13,1,3.88,4
627,14,3,2.31,4
627,15,5,2.58,4
627,16,0,4.53,4
627,17,3,3.44,4
627,18,0,4.33,4
627,19,0,4.45,4
627,20,2,2.89,4
627,21,0,2.68,4
627,22,0,3.86,4
627,23,0,3.12,4
627,24,0,4.66,4
627,25,2,2.38,4
627,26,0,2.47,4
627,27,1,3.92,4
627,28,2,2.56,4
627,29,0,3.99,4
627,30,0,3.54,4
627,31,0,4.22,4
627,32,1,3.01,4
627,33,5,2.33,4
627,34,1,3.21,4
627,35,0,3.63,4
627,36,0,4.22,4
627,37,3,2.52,4
627,38,0,3.76,4
627,39,1,3.5,4
627,40,0,4.81,4
627,41,0,4.73,4
627,42,3,2.46,4
627,43,1,2.92,4
627,44,0,4.09,4
627,45,0,4.29,4
627,46,0,3.53,4
627,47,3,2.68,4
627,48,1,2.5,4
627,49,1,2.95,4
627,50,1,2.13,4
627,51,1,4.01,4
627,52,0,4.24,4
628,1,8,4.23,5
628,2,15,2.29,5
628,3,15,4.89,5
628,4,15,2.43,5
628,5,11,3.45,5
628,6,15,3.69,5
628,7,19,4.8,5
628,8,17,4.46,5
628,9,9,3.6,5
628,10,21,3.15,5
628,11,14,3.64,5
628,12,21,4.39,5
628,13,14,3.88,5
628,14,19,2.31,5
628,15,12,2.58,5
628,16,9,4.53,5
628,17,17,3.44,5
628,18,18,4.33,5
628,19,7,4.45,5
628,20,16,2.89,5
628,21,17,2.68,5
628,22,10,3.86,5
628,23,14,3.12,5
628,24,9,4.66,5
628,25,22,2.38,5
628,26,19,2.47,5
628,27,10,3.92,5
628,28,10,2.56,5
628,29,21,3.99,5
628,30,13,3.54,5
628,31,9,4.22,5
628,32,11,3.01,5
628,33,16,2.33,5
628,34,15,3.21,5
628,35,16,3.63,5
628,36,11,4.22,5
628,37,13,2.52,5
628,38,14,3.76,5
628,39,21,3.5,5
628,40,11,4.81,5
628,41,17,4.73,5
628,42,9,2.46,5
628,43,22,2.92,5
628,44,17,4.09,5
628,45,11,4.29,5
628,46,14,3.53,5
628,47,13,2.68,5
628,48,14,2.5,5
628,49,12,2.95,5
628,50,9,2.13,5
628,51,18,4.01,5
628,52,8,4.24,5
629,1,0,4.23,2
629,2,1,2.29,2
629,3,0,4.89,2
629,4,1,2.43,2
629,5,2,3.45,2
629,6,0,3.69,2
629,7,0,4.8,2
629,8,0,4.46,2
629,9,0,3.6,2
629,10,0,3.15,2
629,11,0,3.64,2
629,12,1,4.39,2
629,13,0,3.88,2
629,14,0,2.31,2
629,15,1,2.58,2
629,16,0,4.53,2
629,17,0,3.44,2
629,18,0,4.33,2
629,19,0,4.45,2
629,20,0,2.89,2
629,21,2,2.68,2
629,22,0,3.86,2
629,23,0,3.12,2
629,24,0,4.66,2
629,25,0,2.38,2
629,26,2,2.47,2
629,27,0,3.92,2
629,28,0,2.56,2
629,29,0,3.99,2
629,30,0,3.54,2
629,31,0,4.22,2
629,32,0,3.01,2
629,33,2,2.33,2
629,34,0,3.21,2
629,35,0,3.63,2
629,36,0,4.22,2
629,37,2,2.52,2
629,38,0,3.76,2
629,39,0,3.5,2
629,40,0,4.81,2
629,41,0,4.73,2
629,42,1,2.46,2
629,43,0,2.92,2
629,44,0,4.09,2
629,45,0,4.29,2
629,46,0,3.53,2
629,47,1,2.68,2
629,48,0,2.5,2
629,49,0,2.95,2
629,50,0,2.13,2
629,51,0,4.01,2
629,52,0,4.24,2
630,1,7,4.23,5
630,2,11,2.29,5
630,3,3,4.89,5
630,4,22,2.43,5
630,5,10,3.45,5
630,6,12,3.69,5
630,7,5,4.8,5
630,8,3,4.46,5
630,9,16,3.6,5
630,10,12,3.15,5
630,11,12,3.64,5
630,12,9,4.39,5
630,13,14,3.88,5
630,14,17,2.31,5
630,15,17,2.58,5
630,16,3,4.53,5
630,17,11,3.44,5
630,18,12,4.33,5
630,19,7,4.45,5
630,20,16,2.89,5
630,21,9,2.68,5
630,22,14,3.86,5
630,23,8,3.12,5
630,24,9,4.66,5
630,25,16,2.38,5
630,26,13,2.47,5
630,27,9,3.92,5
630,28,12,2.56,5
630,29,15,3.99,5
630,30,13,3.54,5
630,31,12,4.22,5
630,32,9,3.01,5
630,33,18,2.33,5
630,34,17,3.21,5
630,35,10,3.63,5
630,36,7,4.22,5
630,37,13,2.52,5
630,38,18,3.76,5
630,39,13,3.5,5
630,40,8,4.81,5
630,41,1,4.73,5
630,42,18,2.46,5
630,43,12,2.92,5
630,44,12,4.09,5
630,45,4,4.29,5
630,46,14,3.53,5
630,47,17,2.68,5
630,48,10,2.5,5
630,49,18,2.95,5
630,50,17,2.13,5
630,51,17,4.01,5
630,52,10,4.24,5
631,1,0,4.23,5
631,2,5,2.29,5
631,3,0,4.89,5
631,4,3,2.43,5
631,5,1,3.45,5
631,6,2,3.69,5
631,7,0,4.8,5
631,8,0,4.46,5
631,9,0,3.6,5
631,10,2,3.15,5
631,11,1,3.64,5
631,12,0,4.39,5
631,13,1,3.88,5
631,14,8,2.31,5
631,15,4,2.58,5
631,16,1,4.53,5
631,17,0,3.44,5
631,18,0,4.33,5
631,19,0,4.45,5
631,20,2,2.89,5
631,21,3,2.68,5
631,22,1,3.86,5
631,23,0,3.12,5
631,24,0,4.66,5
631,25,2,2.38,5
631,26,4,2.47,5
631,27,0,3.92,5
631,28,4,2.56,5
631,29,2,3.99,5
631,30,0,3.54,5
631,31,1,4.22,5
631,32,4,3.01,5
631,33,3,2.33,5
631,34,1,3.21,5
631,35,3,3.63,5
631,36,0,4.22,5
631,37,1,2.52,5
631,38,1,3.76,5
631,39,0,3.5,5
631,40,0,4.81,5
631,41,0,4.73,5
631,42,3,2.46,5
631,43,0,2.92,5
631,44,0,4.09,5
631,45,0,4.29,5
631,46,2,3.53,5
631,47,1,2.68,5
631,48,4,2.5,5
631,49,1,2.95,5
631,50,3,2.13,5
631,51,0,4.01,5
631,52,1,4.24,5
632,1,3,4.23,4
632,2,17,2.29,4
632,3,1,4.89,4
632,4,19,2.43,4
632,5,8,3.45,4
632,6,3,3.69,4
632,7,2,4.8,4
632,8,2,4.46,4
632,9,6,3.6,4
632,10,12,3.15,4
632,11,2,3.64,4
632,12,1,4.39,4
632,13,8,3.88,4
632,14,20,2.31,4
632,15,5,2.58,4
632,16,2,4.53,4
632,17,16,3.44,4
632,18,3,4.33,4
632,19,1,4.45,4
632,20,14,2.89,4
632,21,13,2.68,4
632,22,11,3.86,4
632,23,18,3.12,4
632,24,2,4.66,4
632,25,11,2.38,4
632,26,14,2.47,4
632,27,4,3.92,4
632,28,13,2.56,4
632,29,4,3.99,4
632,30,7,3.54,4
632,31,3,4.22,4
632,32,18,3.01,4
632,33,17,2.33,4
632,34,17,3.21,4
632,35,5,3.63,4
632,36,5,4.22,4
632,37,17,2.52,4
632,38,6,3.76,4
632,39,7,3.5,4
632,40,5,4.81,4
632,41,3,4.73,4
632,42,12,2.46,4
632,43,16,2.92,4
632,44,2,4.09,4
632,45,5,4.29,4
632,46,10,3.53,4
632,47,16,2.68,4
632,48,13,2.5,4
632,49,25,2.95,4
632,50,20,2.13,4
632,51,6,4.01,4
632,52,8,4.24,4
633,1,1,4.23,3
633,2,15,2.29,3
633,3,0,4.89,3
633,4,13,2.43,3
633,5,3,3.45,3
633,6,6,3.69,3
633,7,0,4.8,3
633,8,3,4.46,3
633,9,5,3.6,3
633,10,6,3.15,3
633,11,5,3.64,3
633,12,4,4.39,3
633,13,3,3.88,3
633,14,11,2.31,3
633,15,12,2.58,3
633,16,4,4.53,3
633,17,2,3.44,3
633,18,1,4.33,3
633,19,1,4.45,3
633,20,6,2.89,3
633,21,6,2.68,3
633,22,1,3.86,3
633,23,7,3.12,3
633,24,1,4.66,3
633,25,10,2.38,3
633,26,12,2.47,3
633,27,2,3.92,3
633,28,10,2.56,3
633,29,2,3.99,3
633,30,3,3.54,3
633,31,3,4.22,3
633,32,6,3.01,3
633,33,12,2.33,3
633,34,8,3.21,3
633,35,2,3.63,3
633,36,1,4.22,3
633,37,11,2.52,3
633,38,1,3.76,3
633,39,2,3.5,3
633,40,0,4.81,3
633,41,1,4.73,3
633,42,12,2.46,3
633,43,9,2.92,3
633,44,3,4.09,3
633,45,3,4.29,3
633,46,3,3.53,3
633,47,11,2.68,3
633,48,18,2.5,3
633,49,5,2.95,3
633,50,20,2.13,3
633,51,3,4.01,3
633,52,4,4.24,3
634,1,0,4.23,4
634,2,2,2.29,4
634,3,0,4.89,4
634,4,2,2.43,4
634,5,1,3.45,4
634,6,0,3.69,4
634,7,0,4.8,4
634,8,0,4.46,4
634,9,0,3.6,4
634,10,3,3.15,4
634,11,2,3.64,4
634,12,0,4.39,4
634,13,1,3.88,4
634,14,1,2.31,4
634,15,3,2.58,4
634,16,1,4.53,4
634,17,1,3.44,4
634,18,0,4.33,4
634,19,0,4.45,4
634,20,3,2.89,4
634,21,0,2.68,4
634,22,0,3.86,4
634,23,0,3.12,4
634,24,0,4.66,4
634,25,3,2.38,4
634,26,3,2.47,4
634,27,0,3.92,4
634,28,1,2.56,4
634,29,0,3.99,4
634,30,0,3.54,4
634,31,0,4.22,4
634,32,1,3.01,4
634,33,4,2.33,4
634,34,3,3.21,4
634,35,0,3.63,4
634,36,0,4.22,4
634,37,1,2.52,4
634,38,1,3.76,4
634,39,0,3.5,4
634,40,0,4.81,4
634,41,0,4.73,4
634,42,1,2.46,4
634,43,0,2.92,4
634,44,0,4.09,4
634,45,0,4.29,4
634,46,0,3.53,4
634,47,4,2.68,4
634,48,0,2.5,4
634,49,1,2.95,4
634,50,2,2.13,4
634,51,0,4.01,4
634,52,0,4.24,4
635,1,1,4.23,2
635,2,3,2.29,2
635,3,0,4.89,2
635,4,0,2.43,2
635,5,0,3.45,2
635,6,0,3.69,2
635,7,0,4.8,2
635,8,0,4.46,2
635,9,0,3.6,2
635,10,1,3.15,2
635,11,0,3.64,2
635,12,0,4.39,2
635,13,0,3.88,2
635,14,0,2.31,2
635,15,1,2.58,2
635,16,0,4.53,2
635,17,0,3.44,2
635,18,0,4.33,2
635,19,0,4.45,2
635,20,0,2.89,2
635,21,0,2.68,2
635,22,0,3.86,2
635,23,1,3.12,2
635,24,0,4.66,2
635,25,1,2.38,2
635,26,0,2.47,2
635,27,0,3.92,2
635,28,0,2.56,2
635,29,0,3.99,2
635,30,0,3.54,2
635,31,0,4.22,2
635,32,0,3.01,2
635,33,1,2.33,2
635,34,0,3.21,2
635,35,0,3.63,2
635,36,1,4.22,2
635,37,0,2.52,2
635,38,0,3.76,2
635,39,0,3.5,2
635,40,0,4.81,2
635,41,0,4.73,2
635,42,0,2.46,2
635,43,0,2.92,2
635,44,0,4.09,2
635,45,0,4.29,2
635,46,1,3.53,2
635,47,0,2.68,2
635,48,0,2.5,2
635,49,0,2.95,2
635,50,1,2.13,2
635,51,0,4.01,2
635,52,0,4.24,2
636,1,2,4.23,5
636,2,11,2.29,5
636,3,6,4.89,5
636,4,13,2.43,5
636,5,11,3.45,5
636,6,10,3.69,5
636,7,6,4.8,5
636,8,6,4.46,5
636,9,16,3.6,5
636,10,18,3.15,5
636,11,12,3.64,5
636,12,3,4.39,5
636,13,16,3.88,5
636,14,12,2.31,5
636,15,8,2.58,5
636,16,5,4.53,5
636,17,13,3.44,5
636,18,9,4.33,5
636,19,9,4.45,5
636,20,17,2.89,5
636,21,17,2.68,5
636,22,17,3.86,5
636,23,14,3.12,5
636,24,7,4.66,5
636,25,14,2.38,5
636,26,10,2.47,5
636,27,9,3.92,5
636,28,9,2.56,5
636,29,11,3.99,5
636,30,18,3.54,5
636,31,9,4.22,5
636,32,17,3.01,5
636,33,13,2.33,5
636,34,9,3.21,5
636,35,16,3.63,5
636,36,12,4.22,5
636,37,13,2.52,5
636,38,16,3.76,5
636,39,12,3.5,5
636,40,4,4.81,5
636,41,2,4.73,5
636,42,18,2.46,5
636,43,13,2.92,5
636,44,11,4.09,5
636,45,15,4.29,5
636,46,16,3.53,5
636,47,12,2.68,5
636,48,14,2.5,5
636,49,17,2.95,5
636,50,14,2.13,5
636,51,11,4.01,5
636,52,11,4.24,5
637,1,5,4.23,4
637,2,16,2.29,4
637,3,2,4.89,4
637,4,19,2.43,4
637,5,17,3.45,4
637,6,5,3.69,4
637,7,8,4.8,4
637,8,7,4.46,4
637,9,14,3.6,4
637,10,19,3.15,4
637,11,12,3.64,4
637,12,11,4.39,4
637,13,10,3.88,4
637,14,9,2.31,4
637,15,8,2.58,4
637,16,5,4.53,4
637,17,13,3.44,4
637,18,8,4.33,4
637,19,7,4.45,4
637,20,15,2.89,4
637,21,19,2.68,4
637,22,13,3.86,4
637,23,16,3.12,4
637,24,6,4.66,4
637,25,24,2.38,4
637,26,15,2.47,4
637,27,4,3.92,4
637,28,19,2.56,4
637,29,10,3.99,4
637,30,11,3.54,4
637,31,11,4.22,4
637,32,22,3.01,4
637,33,11,2.33,4
637,34,12,3.21,4
637,35,12,3.63,4
637,36,6,4.22,4
637,37,14,2.52,4
637,38,12,3.76,4
637,39,20,3.5,4
637,40,5,4.81,4
637,41,6,4.73,4
637,42,20,2.46,4
637,43,11,2.92,4
637,44,5,4.09,4
637,45,11,4.29,4
637,46,14,3.53,4
637,47,17,2.68,4
637,48,19,2.5,4
637,49,14,2.95,4
637,50,19,2.13,4
637,51,6,4.01,4
637,52,10,4.24,4
638,1,0,4.23,4
638,2,3,2.29,4
638,3,0,4.89,4
638,4,7,2.43,4
638,5,0,3.45,4
638,6,0,3.69,4
638,7,0,4.8,4
638,8,0,4.46,4
638,9,0,3.6,4
638,10,0,3.15,4
638,11,0,3.64,4
638,12,0,4.39,4
638,13,0,3.88,4
638,14,4,2.31,4
638,15,1,2.58,4
638,16,0,4.53,4
638,17,0,3.44,4
638,18,0,4.33,4
638,19,0,4.45,4
638,20,0,2.89,4
638,21,1,2.68,4
638,22,0,3.86,4
638,23,0,3.12,4
638,24,0,4.66,4
638,25,1,2.38,4
638,26,3,2.47,4
638,27,0,3.92,4
638,28,0,2.56,4
638,29,0,3.99,4
638,30,0,3.54,4
638,31,1,4.22,4
638,32,0,3.01,4
638,33,2,2.33,4
638,34,1,3.21,4
638,35,0,3.63,4
638,36,0,4.22,4
638,37,0,2.52,4
638,38,0,3.76,4
638,39,0,3.5,4
638,40,0,4.81,4
638,41,0,4.73,4
638,42,3,2.46,4
638,43,1,2.92,4
638,44,1,4.09,4
638,45,1,4.29,4
638,46,0,3.53,4
638,47,3,2.68,4
638,48,4,2.5,4
638,49,2,2.95,4
638,50,1,2.13,4
638,51,0,4.01,4
638,52,0,4.24,4
639,1,8,4.23,5
639,2,15,2.29,5
639,3,7,4.89,5
639,4,17,2.43,5
639,5,10,3.45,5
639,6,14,3.69,5
639,7,6,4.8,5
639,8,3,4.46,5
639,9,19,3.6,5
639,10,15,3.15,5
639,11,18,3.64,5
639,12,7,4.39,5
639,13,14,3.88,5
639,14,16,2.31,5
639,15,13,2.58,5
639,16,5,4.53,5
639,17,15,3.44,5
639,18,9,4.33,5
639,19,6,4.45,5
639,20,18,2.89,5
639,21,23,2.68,5
639,22,11,3.86,5
639,23,12,3.12,5
639,24,4,4.66,5
639,25,15,2.38,5
639,26,16,2.47,5
639,27,19,3.92,5
639,28,14,2.56,5
639,29,16,3.99,5
639,30,14,3.54,5
639,31,12,4.22,5
639,32,18,3.01,5
639,33,16,2.33,5
639,34,11,3.21,5
639,35,18,3.63,5
639,36,15,4.22,5
639,37,16,2.52,5
639,38,11,3.76,5
639,39,19,3.5,5
639,40,5,4.81,5
639,41,2,4.73,5
639,42,15,2.46,5
639,43,18,2.92,5
639,44,10,4.09,5
639,45,10,4.29,5
639,46,12,3.53,5
639,47,16,2.68,5
639,48,11,2.5,5
639,49,18,2.95,5
639,50,13,2.13,5
639,51,13,4.01,5
639,52,15,4.24,5
640,1,0,4.23,4
640,2,5,2.29,4
640,3,0,4.89,4
640,4,5,2.43,4
640,5,1,3.45,4
640,6,1,3.69,4
640,7,0,4.8,4
640,8,0,4.46,4
640,9,0,3.6,4
640,10,2,3.15,4
640,11,0,3.64,4
640,12,0,4.39,4
640,13,0,3.88,4
640,14,1,2.31,4
640,15,0,2.58,4
640,16,0,4.53,4
640,17,1,3.44,4
640,18,0,4.33,4
640,19,0,4.45,4
640,20,0,2.89,4
640,21,2,2.68,4
640,22,0,3.86,4
640,23,0,3.12,4
640,24,0,4.66,4
640,25,2,2.38,4
640,26,3,2.47,4
640,27,0,3.92,4
640,28,1,2.56,4
640,29,0,3.99,4
640,30,0,3.54,4
640,31,0,4.22,4
640,32,1,3.01,4
640,33,3,2.33,4
640,34,2,3.21,4
640,35,0,3.63,4
640,36,0,4.22,4
640,37,1,2.52,4
640,38,0,3.76,4
640,39,0,3.5,4
640,40,0,4.81,4
640,41,0,4.73,4
640,42,0,2.46,4
640,43,0,2.92,4
640,44,1,4.09,4
640,45,1,4.29,4
640,46,0,3.53,4
640,47,5,2.68,4
640,48,0,2.5,4
640,49,1,2.95,4
640,50,2,2.13,4
640,51,0,4.01,4
640,52,0,4.24,4
641,1,3,4.23,3
641,2,10,2.29,3
641,3,1,4.89,3
641,4,7,2.43,3
641,5,2,3.45,3
641,6,5,3.69,3
641,7,1,4.8,3
641,8,2,4.46,3
641,9,1,3.6,3
641,10,4,3.15,3
641,11,3,3.64,3
641,12,1,4.39,3
641,13,6,3.88,3
641,14,11,2.31,3
641,15,10,2.58,3
641,16,0,4.53,3
641,17,5,3.44,3
641,18,1,4.33,3
641,19,1,4.45,3
641,20,6,2.89,3
641,21,12,2.68,3
641,22,3,3.86,3
641,23,9,3.12,3
641,24,2,4.66,3
641,25,17,2.38,3
641,26,9,2.47,3
641,27,6,3.92,3
641,28,7,2.56,3
641,29,2,3.99,3
641,30,3,3.54,3
641,31,2,4.22,3
641,32,8,3.01,3
641,33,12,2.33,3
641,34,8,3.21,3
641,35,6,3.63,3
641,36,6,4.22,3
641,37,9,2.52,3
641,38,3,3.76,3
641,39,6,3.5,3
641,40,1,4.81,3
641,41,2,4.73,3
641,42,13,2.46,3
641,43,4,2.92,3
641,44,3,4.09,3
641,45,4,4.29,3
641,46,2,3.53,3
641,47,9,2.68,3
641,48,12,2.5,3
641,49,8,2.95,3
641,50,14,2.13,3
641,51,4,4.01,3
641,52,1,4.24,3
642,1,0,4.23,1
642,2,1,2.29,1
642,3,3,4.89,1
642,4,5,2.43,1
642,5,0,3.45,1
642,6,3,3.69,1
642,7,2,4.8,1
642,8,1,4.46,1
642,9,2,3.6,1
642,10,2,3.15,1
642,11,3,3.64,1
642,12,0,4.39,1
642,13,2,3.88,1
642,14,3,2.31,1
642,15,7,2.58,1
642,16,1,4.53,1
642,17,1,3.44,1
642,18,1,4.33,1
642,19,2,4.45,1
642,20,1,2.89,1
642,21,3,2.68,1
642,22,3,3.86,1
642,23,2,3.12,1
642,24,2,4.66,1
642,25,7,2.38,1
642,26,5,2.47,1
642,27,0,3.92,1
642,28,4,2.56,1
642,29,0,3.99,1
642,30,2,3.54,1
642,31,1,4.22,1
642,32,1,3.01,1
642,33,3,2.33,1
642,34,1,3.21,1
642,35,1,3.63,1
642,36,0,4.22,1
642,37,1,2.52,1
642,38,0,3.76,1
642,39,1,3.5,1
642,40,1,4.81,1
642,41,0,4.73,1
642,42,6,2.46,1
642,43,2,2.92,1
642,44,2,4.09,1
642,45,1,4.29,1
642,46,0,3.53,1
642,47,0,2.68,1
642,48,2,2.5,1
642,49,3,2.95,1
642,50,1,2.13,1
642,51,2,4.01,1
642,52,1,4.24,1
643,1,7,4.23,4
643,2,18,2.29,4
643,3,4,4.89,4
643,4,16,2.43,4
643,5,11,3.45,4
643,6,6,3.69,4
643,7,3,4.8,4
643,8,4,4.46,4
643,9,5,3.6,4
643,10,16,3.15,4
643,11,2,3.64,4
643,12,2,4.39,4
643,13,9,3.88,4
643,14,20,2.31,4
643,15,18,2.58,4
643,16,1,4.53,4
643,17,11,3.44,4
643,18,3,4.33,4
643,19,5,4.45,4
643,20,8,2.89,4
643,21,17,2.68,4
643,22,10,3.86,4
643,23,12,3.12,4
643,24,0,4.66,4
643,25,17,2.38,4
643,26,16,2.47,4
643,27,6,3.92,4
643,28,10,2.56,4
643,29,2,3.99,4
643,30,8,3.54,4
643,31,3,4.22,4
643,32,16,3.01,4
643,33,21,2.33,4
643,34,12,3.21,4
643,35,6,3.63,4
643,36,3,4.22,4
643,37,15,2.52,4
643,38,9,3.76,4
643,39,7,3.5,4
643,40,4,4.81,4
643,41,2,4.73,4
643,42,15,2.46,4
643,43,20,2.92,4
643,44,4,4.09,4
643,45,3,4.29,4
643,46,6,3.53,4
643,47,11,2.68,4
643,48,14,2.5,4
643,49,18,2.95,4
643,50,8,2.13,4
643,51,12,4.01,4
643,52,3,4.24,4
644,1,0,4.23,2
644,2,9,2.29,2
644,3,0,4.89,2
644,4,11,2.43,2
644,5,2,3.45,2
644,6,2,3.69,2
644,7,2,4.8,2
644,8,1,4.46,2
644,9,1,3.6,2
644,10,4,3.15,2
644,11,2,3.64,2
644,12,1,4.39,2
644,13,1,3.88,2
644,14,5,2.31,2
644,15,7,2.58,2
644,16,0,4.53,2
644,17,0,3.44,2
644,18,0,4.33,2
644,19,0,4.45,2
644,20,2,2.89,2
644,21,2,2.68,2
644,22,0,3.86,2
644,23,2,3.12,2
644,24,1,4.66,2
644,25,3,2.38,2
644,26,3,2.47,2
644,27,0,3.92,2
644,28,5,2.56,2
644,29,1,3.99,2
644,30,2,3.54,2
644,31,0,4.22,2
644,32,3,3.01,2
644,33,4,2.33,2
644,34,4,3.21,2
644,35,1,3.63,2
644,36,1,4.22,2
644,37,5,2.52,2
644,38,1,3.76,2
644,39,1,3.5,2
644,40,0,4.81,2
644,41,1,4.73,2
644,42,7,2.46,2
644,43,3,2.92,2
644,44,1,4.09,2
644,45,3,4.29,2
644,46,1,3.53,2
644,47,3,2.68,2
644,48,6,2.5,2
644,49,1,2.95,2
644,50,9,2.13,2
644,51,1,4.01,2
644,52,1,4.24,2
645,1,13,4.23,5
645,2,15,2.29,5
645,3,8,4.89,5
645,4,12,2.43,5
645,5,14,3.45,5
645,6,24,3.69,5
645,7,14,4.8,5
645,8,16,4.46,5
645,9,17,3.6,5
645,10,12,3.15,5
645,11,14,3.64,5
645,12,19,4.39,5
645,13,17,3.88,5
645,14,26,2.31,5
645,15,15,2.58,5
645,16,12,4.53,5
645,17,12,3.44,5
645,18,18,4.33,5
645,19,9,4.45,5
645,20,13,2.89,5
645,21,16,2.68,5
645,22,14,3.86,5
645,23,14,3.12,5
645,24,16,4.66,5
645,25,16,2.38,5
645,26,13,2.47,5
645,27,16,3.92,5
645,28,18,2.56,5
645,29,18,3.99,5
645,30,15,3.54,5
645,31,13,4.22,5
645,32,13,3.01,5
645,33,20,2.33,5
645,34,15,3.21,5
645,35,13,3.63,5
645,36,17,4.22,5
645,37,15,2.52,5
645,38,12,3.76,5
645,39,11,3.5,5
645,40,13,4.81,5
645,41,16,4.73,5
645,42,16,2.46,5
645,43,16,2.92,5
645,44,18,4.09,5
645,45,17,4.29,5
645,46,13,3.53,5
645,47,14,2.68,5
645,48,15,2.5,5
645,49,16,2.95,5
645,50,24,2.13,5
645,51,10,4.01,5
645,52,25,4.24,5
646,1,0,4.23,3
646,2,2,2.29,3
646,3,0,4.89,3
646,4,1,2.43,3
646,5,0,3.45,3
646,6,0,3.69,3
646,7,0,4.8,3
646,8,0,4.46,3
646,9,0,3.6,3
646,10,1,3.15,3
646,11,0,3.64,3
646,12,0,4.39,3
646,13,2,3.88,3
646,14,1,2.31,3
646,15,0,2.58,3
646,16,0,4.53,3
646,17,1,3.44,3
646,18,0,4.33,3
646,19,0,4.45,3
646,20,1,2.89,3
646,21,1,2.68,3
646,22,0,3.86,3
646,23,0,3.12,3
646,24,0,4.66,3
646,25,3,2.38,3
646,26,1,2.47,3
646,27,1,3.92,3
646,28,2,2.56,3
646,29,0,3.99,3
646,30,0,3.54,3
646,31,0,4.22,3
646,32,0,3.01,3
646,33,2,2.33,3
646,34,1,3.21,3
646,35,1,3.63,3
646,36,0,4.22,3
646,37,0,2.52,3
646,38,1,3.76,3
646,39,0,3.5,3
646,40,0,4.81,3
646,41,0,4.73,3
646,42,2,2.46,3
646,43,0,2.92,3
646,44,0,4.09,3
646,45,0,4.29,3
646,46,0,3.53,3
646,47,0,2.68,3
646,48,0,2.5,3
646,49,0,2.95,3
646,50,5,2.13,3
646,51,0,4.01,3
646,52,0,4.24,3
647,1,8,4.23,5
647,2,14,2.29,5
647,3,4,4.89,5
647,4,13,2.43,5
647,5,12,3.45,5
647,6,12,3.69,5
647,7,6,4.8,5
647,8,10,4.46,5
647,9,12,3.6,5
647,10,15,3.15,5
647,11,16,3.64,5
647,12,5,4.39,5
647,13,16,3.88,5
647,14,16,2.31,5
647,15,15,2.58,5
647,16,8,4.53,5
647,17,18,3.44,5
647,18,5,4.33,5
647,19,6,4.45,5
647,20,12,2.89,5
647,21,14,2.68,5
647,22,15,3.86,5
647,23,20,3.12,5
647,24,8,4.66,5
647,25,29,2.38,5
647,26,15,2.47,5
647,27,11,3.92,5
647,28,11,2.56,5
647,29,7,3.99,5
647,30,8,3.54,5
647,31,12,4.22,5
647,32,19,3.01,5
647,33,13,2.33,5
647,34,18,3.21,5
647,35,17,3.63,5
647,36,6,4.22,5
647,37,13,2.52,5
647,38,15,3.76,5
647,39,18,3.5,5
647,40,6,4.81,5
647,41,7,4.73,5
647,42,17,2.46,5
647,43,13,2.92,5
647,44,8,4.09,5
647,45,6,4.29,5
647,46,16,3.53,5
647,47,12,2.68,5
647,48,18,2.5,5
647,49,15,2.95,5
647,50,11,2.13,5
647,51,12,4.01,5
647,52,9,4.24,5
648,1,20,4.23,5
648,2,14,2.29,5
648,3,6,4.89,5
648,4,20,2.43,5
648,5,20,3.45,5
648,6,14,3.69,5
648,7,11,4.8,5
648,8,21,4.46,5
648,9,18,3.6,5
648,10,20,3.15,5
648,11,15,3.64,5
648,12,14,4.39,5
648,13,14,3.88,5
648,14,22,2.31,5
648,15,13,2.58,5
648,16,16,4.53,5
648,17,10,3.44,5
648,18,14,4.33,5
648,19,15,4.45,5
648,20,13,2.89,5
648,21,10,2.68,5
648,22,13,3.86,5
648,23,10,3.12,5
648,24,7,4.66,5
648,25,18,2.38,5
648,26,12,2.47,5
648,27,16,3.92,5
648,28,8,2.56,5
648,29,17,3.99,5
648,30,18,3.54,5
648,31,10,4.22,5
648,32,17,3.01,5
648,33,15,2.33,5
648,34,15,3.21,5
648,35,15,3.63,5
648,36,7,4.22,5
648,37,12,2.52,5
648,38,19,3.76,5
648,39,11,3.5,5
648,40,8,4.81,5
648,41,13,4.73,5
648,42,22,2.46,5
648,43,14,2.92,5
648,44,19,4.09,5
648,45,13,4.29,5
648,46,20,3.53,5
648,47,10,2.68,5
648,48,16,2.5,5
648,49,16,2.95,5
648,50,8,2.13,5
648,51,15,4.01,5
648,52,16,4.24,5
649,1,17,4.23,4
649,2,10,2.29,4
649,3,9,4.89,4
649,4,15,2.43,4
649,5,14,3.45,4
649,6,13,3.69,4
649,7,1,4.8,4
649,8,5,4.46,4
649,9,10,3.6,4
649,10,16,3.15,4
649,11,11,3.64,4
649,12,9,4.39,4
649,13,7,3.88,4
649,14,8,2.31,4
649,15,16,2.58,4
649,16,4,4.53,4
649,17,5,3.44,4
649,18,6,4.33,4
649,19,4,4.45,4
649,20,11,2.89,4
649,21,20,2.68,4
649,22,7,3.86,4
649,23,17,3.12,4
649,24,8,4.66,4
649,25,20,2.38,4
649,26,20,2.47,4
649,27,12,3.92,4
649,28,18,2.56,4
649,29,18,3.99,4
649,30,13,3.54,4
649,31,7,4.22,4
649,32,22,3.01,4
649,33,13,2.33,4
649,34,15,3.21,4
649,35,6,3.63,4
649,36,6,4.22,4
649,37,14,2.52,4
649,38,11,3.76,4
649,39,15,3.5,4
649,40,8,4.81,4
649,41,6,4.73,4
649,42,12,2.46,4
649,43,12,2.92,4
649,44,5,4.09,4
649,45,10,4.29,4
649,46,14,3.53,4
649,47,19,2.68,4
649,48,14,2.5,4
649,49,15,2.95,4
649,50,16,2.13,4
649,51,11,4.01,4
649,52,9,4.24,4
650,1,0,4.23,3
650,2,3,2.29,3
650,3,0,4.89,3
650,4,1,2.43,3
650,5,0,3.45,3
650,6,0,3.69,3
650,7,0,4.8,3
650,8,0,4.46,3
650,9,0,3.6,3
650,10,0,3.15,3
650,11,0,3.64,3
650,12,0,4.39,3
650,13,0,3.88,3
650,14,0,2.31,3
650,15,0,2.58,3
650,16,0,4.53,3
650,17,0,3.44,3
650,18,0,4.33,3
650,19,0,4.45,3
650,20,1,2.89,3
650,21,2,2.68,3
650,22,0,3.86,3
650,23,0,3.12,3
650,24,0,4.66,3
650,25,4,2.38,3
650,26,4,2.47,3
650,27,0,3.92,3
650,28,0,2.56,3
650,29,0,3.99,3
650,30,0,3.54,3
650,31,0,4.22,3
650,32,0,3.01,3
650,33,2,2.33,3
650,34,0,3.21,3
650,35,0,3.63,3
650,36,0,4.22,3
650,37,0,2.52,3
650,38,0,3.76,3
650,39,0,3.5,3
650,40,0,4.81,3
650,41,0,4.73,3
650,42,2,2.46,3
650,43,1,2.92,3
650,44,0,4.09,3
650,45,0,4.29,3
650,46,0,3.53,3
650,47,2,2.68,3
650,48,3,2.5,3
650,49,0,2.95,3
650,50,1,2.13,3
650,51,0,4.01,3
650,52,0,4.24,3
651,1,6,4.23,3
651,2,9,2.29,3
651,3,3,4.89,3
651,4,9,2.43,3
651,5,7,3.45,3
651,6,4,3.69,3
651,7,6,4.8,3
651,8,8,4.46,3
651,9,6,3.6,3
651,10,10,3.15,3
651,11,11,3.64,3
651,12,7,4.39,3
651,13,2,3.88,3
651,14,11,2.31,3
651,15,13,2.58,3
651,16,3,4.53,3
651,17,5,3.44,3
651,18,4,4.33,3
651,19,3,4.45,3
651,20,5,2.89,3
651,21,10,2.68,3
651,22,4,3.86,3
651,23,8,3.12,3
651,24,5,4.66,3
651,25,15,2.38,3
651,26,10,2.47,3
651,27,1,3.92,3
651,28,4,2.56,3
651,29,4,3.99,3
651,30,7,3.54,3
651,31,5,4.22,3
651,32,8,3.01,3
651,33,15,2.33,3
651,34,6,3.21,3
651,35,1,3.63,3
651,36,10,4.22,3
651,37,10,2.52,3
651,38,4,3.76,3
651,39,4,3.5,3
651,40,4,4.81,3
651,41,5,4.73,3
651,42,11,2.46,3
651,43,3,2.92,3
651,44,5,4.09,3
651,45,2,4.29,3
651,46,7,3.53,3
651,47,17,2.68,3
651,48,8,2.5,3
651,49,10,2.95,3
651,50,17,2.13,3
651,51,2,4.01,3
651,52,5,4.24,3
652,1,0,4.23,2
652,2,1,2.29,2
652,3,0,4.89,2
652,4,1,2.43,2
652,5,0,3.45,2
652,6,1,3.69,2
652,7,0,4.8,2
652,8,0,4.46,2
652,9,2,3.6,2
652,10,0,3.15,2
652,11,1,3.64,2
652,12,0,4.39,2
652,13,0,3.88,2
652,14,2,2.31,2
652,15,1,2.58,2
652,16,0,4.53,2
652,17,0,3.44,2
652,18,0,4.33,2
652,19,0,4.45,2
652,20,0,2.89,2
652,21,0,2.68,2
652,22,0,3.86,2
652,23,0,3.12,2
652,24,0,4.66,2
652,25,0,2.38,2
652,26,1,2.47,2
652,27,0,3.92,2
652,28,0,2.56,2
652,29,0,3.99,2
652,30,1,3.54,2
652,31,0,4.22,2
652,32,0,3.01,2
652,33,1,2.33,2
652,34,1,3.21,2
652,35,0,3.63,2
652,36,1,4.22,2
652,37,2,2.52,2
652,38,0,3.76,2
652,39,0,3.5,2
652,40,0,4.81,2
652,41,0,4.73,2
652,42,2,2.46,2
652,43,0,2.92,2
652,44,0,4.09,2
652,45,0,4.29,2
652,46,1,3.53,2
652,47,1,2.68,2
652,48,2,2.5,2
652,49,0,2.95,2
652,50,2,2.13,2
652,51,0,4.01,2
652,52,0,4.24,2
653,1,0,4.23,4
653,2,2,2.29,4
653,3,0,4.89,4
653,4,0,2.43,4
653,5,0,3.45,4
653,6,0,3.69,4
653,7,0,4.8,4
653,8,0,4.46,4
653,9,0,3.6,4
653,10,1,3.15,4
653,11,0,3.64,4
653,12,0,4.39,4
653,13,0,3.88,4
653,14,2,2.31,4
653,15,0,2.58,4
653,16,1,4.53,4
653,17,2,3.44,4
653,18,0,4.33,4
653,19,0,4.45,4
653,20,0,2.89,4
653,21,0,2.68,4
653,22,0,3.86,4
653,23,0,3.12,4
653,24,0,4.66,4
653,25,4,2.38,4
653,26,1,2.47,4
653,27,0,3.92,4
653,28,2,2.56,4
653,29,0,3.99,4
653,30,0,3.54,4
653,31,0,4.22,4
653,32,2,3.01,4
653,33,2,2.33,4
653,34,1,3.21,4
653,35,3,3.63,4
653,36,2,4.22,4
653,37,1,2.52,4
653,38,0,3.76,4
653,39,0,3.5,4
653,40,0,4.81,4
653,41,0,4.73,4
653,42,2,2.46,4
653,43,3,2.92,4
653,44,0,4.09,4
653,45,1,4.29,4
653,46,2,3.53,4
653,47,2,2.68,4
653,48,1,2.5,4
653,49,1,2.95,4
653,50,3,2.13,4
653,51,0,4.01,4
653,52,1,4.24,4
654,1,15,4.23,5
654,2,13,2.29,5
654,3,13,4.89,5
654,4,8,2.43,5
654,5,14,3.45,5
654,6,12,3.69,5
654,7,13,4.8,5
654,8,17,4.46,5
654,9,15,3.6,5
654,10,13,3.15,5
654,11,24,3.64,5
654,12,14,4.39,5
654,13,15,3.88,5
654,14,17,2.31,5
654,15,18,2.58,5
654,16,20,4.53,5
654,17,15,3.44,5
654,18,14,4.33,5
654,19,18,4.45,5
654,20,15,2.89,5
654,21,11,2.68,5
654,22,19,3.86,5
654,23,17,3.12,5
654,24,11,4.66,5
654,25,19,2.38,5
654,26,13,2.47,5
654,27,20,3.92,5
654,28,17,2.56,5
654,29,11,3.99,5
654,30,11,3.54,5
654,31,12,4.22,5
654,32,13,3.01,5
654,33,15,2.33,5
654,34,11,3.21,5
654,35,19,3.63,5
654,36,13,4.22,5
654,37,15,2.52,5
654,38,8,3.76,5
654,39,23,3.5,5
654,40,12,4.81,5
654,41,10,4.73,5
654,42,15,2.46,5
654,43,23,2.92,5
654,44,23,4.09,5
654,45,21,4.29,5
654,46,14,3.53,5
654,47,7,2.68,5
654,48,16,2.5,5
654,49,17,2.95,5
654,50,18,2.13,5
654,51,17,4.01,5
654,52,17,4.24,5
655,1,0,4.23,2
655,2,3,2.29,2
655,3,0,4.89,2
655,4,0,2.43,2
655,5,2,3.45,2
655,6,2,3.69,2
655,7,0,4.8,2
655,8,0,4.46,2
655,9,0,3.6,2
655,10,0,3.15,2
655,11,0,3.64,2
655,12,0,4.39,2
655,13,0,3.88,2
655,14,1,2.31,2
655,15,0,2.58,2
655,16,1,4.53,2
655,17,0,3.44,2
655,18,0,4.33,2
655,19,0,4.45,2
655,20,0,2.89,2
655,21,1,2.68,2
655,22,0,3.86,2
655,23,2,3.12,2
655,24,0,4.66,2
655,25,1,2.38,2
655,26,0,2.47,2
655,27,0,3.92,2
655,28,3,2.56,2
655,29,0,3.99,2
655,30,0,3.54,2
655,31,0,4.22,2
655,32,0,3.01,2
655,33,0,2.33,2
655,34,1,3.21,2
655,35,0,3.63,2
655,36,0,4.22,2
655,37,0,2.52,2
655,38,0,3.76,2
655,39,0,3.5,2
655,40,0,4.81,2
655,41,0,4.73,2
655,42,1,2.46,2
655,43,0,2.92,2
655,44,0,4.09,2
655,45,0,4.29,2
655,46,0,3.53,2
655,47,0,2.68,2
655,48,2,2.5,2
655,49,0,2.95,2
655,50,2,2.13,2
655,51,0,4.01,2
655,52,0,4.24,2
656,1,0,4.23,2
656,2,2,2.29,2
656,3,0,4.89,2
656,4,1,2.43,2
656,5,0,3.45,2
656,6,0,3.69,2
656,7,0,4.8,2
656,8,0,4.46,2
656,9,0,3.6,2
656,10,2,3.15,2
656,11,0,3.64,2
656,12,0,4.39,2
656,13,0,3.88,2
656,14,2,2.31,2
656,15,3,2.58,2
656,16,1,4.53,2
656,17,0,3.44,2
656,18,0,4.33,2
656,19,0,4.45,2
656,20,0,2.89,2
656,21,3,2.68,2
656,22,0,3.86,2
656,23,0,3.12,2
656,24,0,4.66,2
656,25,1,2.38,2
656,26,2,2.47,2
656,27,1,3.92,2
656,28,1,2.56,2
656,29,0,3.99,2
656,30,0,3.54,2
656,31,0,4.22,2
656,32,0,3.01,2
656,33,4,2.33,2
656,34,0,3.21,2
656,35,1,3.63,2
656,36,0,4.22,2
656,37,1,2.52,2
656,38,0,3.76,2
656,39,1,3.5,2
656,40,0,4.81,2
656,41,0,4.73,2
656,42,0,2.46,2
656,43,0,2.92,2
656,44,0,4.09,2
656,45,0,4.29,2
656,46,0,3.53,2
656,47,0,2.68,2
656,48,0,2.5,2
656,49,1,2.95,2
656,50,0,2.13,2
656,51,0,4.01,2
656,52,0,4.24,2
657,1,5,4.23,3
657,2,16,2.29,3
657,3,4,4.89,3
657,4,10,2.43,3
657,5,4,3.45,3
657,6,5,3.69,3
657,7,6,4.8,3
657,8,2,4.46,3
657,9,10,3.6,3
657,10,3,3.15,3
657,11,10,3.64,3
657,12,4,4.39,3
657,13,5,3.88,3
657,14,14,2.31,3
657,15,12,2.58,3
657,16,5,4.53,3
657,17,2,3.44,3
657,18,6,4.33,3
657,19,2,4.45,3
657,20,14,2.89,3
657,21,8,2.68,3
657,22,9,3.86,3
657,23,9,3.12,3
657,24,5,4.66,3
657,25,8,2.38,3
657,26,8,2.47,3
657,27,4,3.92,3
657,28,10,2.56,3
657,29,5,3.99,3
657,30,10,3.54,3
657,31,8,4.22,3
657,32,8,3.01,3
657,33,14,2.33,3
657,34,2,3.21,3
657,35,7,3.63,3
657,36,5,4.22,3
657,37,15,2.52,3
657,38,9,3.76,3
657,39,4,3.5,3
657,40,3,4.81,3
657,41,2,4.73,3
657,42,8,2.46,3
657,43,12,2.92,3
657,44,9,4.09,3
657,45,9,4.29,3
657,46,8,3.53,3
657,47,7,2.68,3
657,48,10,2.5,3
657,49,10,2.95,3
657,50,13,2.13,3
657,51,3,4.01,3
657,52,5,4.24,3
658,1,0,4.23,3
658,2,0,2.29,3
658,3,0,4.89,3
658,4,1,2.43,3
658,5,0,3.45,3
658,6,0,3.69,3
658,7,0,4.8,3
658,8,0,4.46,3
658,9,0,3.6,3
658,10,0,3.15,3
658,11,0,3.64,3
658,12,0,4.39,3
658,13,1,3.88,3
658,14,0,2.31,3
658,15,1,2.58,3
658,16,0,4.53,3
658,17,0,3.44,3
658,18,0,4.33,3
658,19,0,4.45,3
658,20,0,2.89,3
658,21,0,2.68,3
658,22,0,3.86,3
658,23,0,3.12,3
658,24,0,4.66,3
658,25,0,2.38,3
658,26,3,2.47,3
658,27,0,3.92,3
658,28,3,2.56,3
658,29,0,3.99,3
658,30,0,3.54,3
658,31,0,4.22,3
658,32,0,3.01,3
658,33,4,2.33,3
658,34,1,3.21,3
658,35,0,3.63,3
658,36,0,4.22,3
658,37,0,2.52,3
658,38,0,3.76,3
658,39,0,3.5,3
658,40,0,4.81,3
658,41,0,4.73,3
658,42,0,2.46,3
658,43,0,2.92,3
658,44,0,4.09,3
658,45,0,4.29,3
658,46,0,3.53,3
658,47,2,2.68,3
658,48,2,2.5,3
658,49,1,2.95,3
658,50,3,2.13,3
658,51,0,4.01,3
658,52,0,4.24,3
659,1,0,4.23,5
659,2,4,2.29,5
659,3,0,4.89,5
659,4,5,2.43,5
659,5,2,3.45,5
659,6,0,3.69,5
659,7,0,4.8,5
659,8,0,4.46,5
659,9,0,3.6,5
659,10,1,3.15,5
659,11,0,3.64,5
659,12,0,4.39,5
659,13,0,3.88,5
659,14,5,2.31,5
659,15,1,2.58,5
659,16,0,4.53,5
659,17,1,3.44,5
659,18,0,4.33,5
659,19,0,4.45,5
659,20,1,2.89,5
659,21,3,2.68,5
659,22,1,3.86,5
659,23,2,3.12,5
659,24,0,4.66,5
659,25,2,2.38,5
659,26,4,2.47,5
659,27,0,3.92,5
659,28,1,2.56,5
659,29,0,3.99,5
659,30,0,3.54,5
659,31,1,4.22,5
659,32,1,3.01,5
659,33,4,2.33,5
659,34,1,3.21,5
659,35,0,3.63,5
659,36,0,4.22,5
659,37,2,2.52,5
659,38,0,3.76,5
659,39,1,3.5,5
659,40,0,4.81,5
659,41,0,4.73,5
659,42,4,2.46,5
659,43,2,2.92,5
659,44,1,4.09,5
659,45,0,4.29,5
659,46,1,3.53,5
659,47,2,2.68,5
659,48,3,2.5,5
659,49,3,2.95,5
659,50,2,2.13,5
659,51,0,4.01,5
659,52,0,4.24,5
660,1,0,4.23,1
660,2,0,2.29,1
660,3,0,4.89,1
660,4,0,2.43,1
660,5,0,3.45,1
660,6,0,3.69,1
660,7,0,4.8,1
660,8,0,4.46,1
660,9,0,3.6,1
660,10,0,3.15,1
660,11,0,3.64,1
660,12,0,4.39,1
660,13,0,3.88,1
660,14,1,2.31,1
660,15,1,2.58,1
660,16,0,4.53,1
660,17,1,3.44,1
660,18,0,4.33,1
660,19,0,4.45,1
660,20,0,2.89,1
660,21,1,2.68,1
660,22,0,3.86,1
660,23,0,3.12,1
660,24,0,4.66,1
660,25,0,2.38,1
660,26,1,2.47,1
660,27,0,3.92,1
660,28,3,2.56,1
660,29,0,3.99,1
660,30,0,3.54,1
660,31,0,4.22,1
660,32,0,3.01,1
660,33,1,2.33,1
660,34,0,3.21,1
660,35,0,3.63,1
660,36,0,4.22,1
660,37,1,2.52,1
660,38,0,3.76,1
660,39,0,3.5,1
660,40,0,4.81,1
660,41,0,4.73,1
660,42,1,2.46,1
660,43,2,2.92,1
660,44,0,4.09,1
660,45,0,4.29,1
660,46,1,3.53,1
660,47,0,2.68,1
660,48,0,2.5,1
660,49,0,2.95,1
660,50,1,2.13,1
660,51,0,4.01,1
660,52,0,4.24,1
661,1,14,4.23,5
661,2,16,2.29,5
661,3,3,4.89,5
661,4,16,2.43,5
661,5,11,3.45,5
661,6,18,3.69,5
661,7,5,4.8,5
661,8,6,4.46,5
661,9,14,3.6,5
661,10,19,3.15,5
661,11,8,3.64,5
661,12,10,4.39,5
661,13,15,3.88,5
661,14,11,2.31,5
661,15,15,2.58,5
661,16,7,4.53,5
661,17,13,3.44,5
661,18,6,4.33,5
661,19,9,4.45,5
661,20,17,2.89,5
661,21,15,2.68,5
661,22,11,3.86,5
661,23,13,3.12,5
661,24,7,4.66,5
661,25,18,2.38,5
661,26,11,2.47,5
661,27,14,3.92,5
661,28,9,2.56,5
661,29,13,3.99,5
661,30,24,3.54,5
661,31,11,4.22,5
661,32,9,3.01,5
661,33,14,2.33,5
661,34,16,3.21,5
661,35,20,3.63,5
661,36,6,4.22,5
661,37,14,2.52,5
661,38,13,3.76,5
661,39,9,3.5,5
661,40,8,4.81,5
661,41,6,4.73,5
661,42,14,2.46,5
661,43,19,2.92,5
661,44,15,4.09,5
661,45,9,4.29,5
661,46,13,3.53,5
661,47,16,2.68,5
661,48,18,2.5,5
661,49,13,2.95,5
661,50,12,2.13,5
661,51,8,4.01,5
661,52,7,4.24,5
662,1,0,4.23,2
662,2,4,2.29,2
662,3,0,4.89,2
662,4,2,2.43,2
662,5,2,3.45,2
662,6,5,3.69,2
662,7,2,4.8,2
662,8,0,4.46,2
662,9,6,3.6,2
662,10,5,3.15,2
662,11,2,3.64,2
662,12,2,4.39,2
662,13,2,3.88,2
662,14,8,2.31,2
662,15,6,2.58,2
662,16,2,4.53,2
662,17,1,3.44,2
662,18,1,4.33,2
662,19,3,4.45,2
662,20,2,2.89,2
662,21,6,2.68,2
662,22,0,3.86,2
662,23,3,3.12,2
662,24,1,4.66,2
662,25,6,2.38,2
662,26,6,2.47,2
662,27,0,3.92,2
662,28,6,2.56,2
662,29,1,3.99,2
662,30,2,3.54,2
662,31,0,4.22,2
662,32,3,3.01,2
662,33,7,2.33,2
662,34,3,3.21,2
662,35,0,3.63,2
662,36,1,4.22,2
662,37,5,2.52,2
662,38,1,3.76,2
662,39,2,3.5,2
662,40,0,4.81,2
662,41,1,4.73,2
662,42,5,2.46,2
662,43,5,2.92,2
662,44,0,4.09,2
662,45,1,4.29,2
662,46,3,3.53,2
662,47,3,2.68,2
662,48,6,2.5,2
662,49,2,2.95,2
662,50,8,2.13,2
662,51,0,4.01,2
662,52,4,4.24,2
663,1,1,4.23,3
663,2,17,2.29,3
663,3,3,4.89,3
663,4,9,2.43,3
663,5,7,3.45,3
663,6,2,3.69,3
663,7,2,4.8,3
663,8,2,4.46,3
663,9,4,3.6,3
663,10,4,3.15,3
663,11,2,3.64,3
663,12,0,4.39,3
663,13,3,3.88,3
663,14,12,2.31,3
663,15,9,2.58,3
663,16,4,4.53,3
663,17,5,3.44,3
663,18,6,4.33,3
663,19,2,4.45,3
663,20,13,2.89,3
663,21,8,2.68,3
663,22,1,3.86,3
663,23,7,3.12,3
663,24,1,4.66,3
663,25,16,2.38,3
663,26,11,2.47,3
663,27,2,3.92,3
663,28,13,2.56,3
663,29,3,3.99,3
663,30,3,3.54,3
663,31,0,4.22,3
663,32,5,3.01,3
663,33,10,2.33,3
663,34,5,3.21,3
663,35,2,3.63,3
663,36,2,4.22,3
663,37,6,2.52,3
663,38,3,3.76,3
663,39,4,3.5,3
663,40,0,4.81,3
663,41,1,4.73,3
663,42,10,2.46,3
663,43,9,2.92,3
663,44,3,4.09,3
663,45,2,4.29,3
663,46,8,3.53,3
663,47,6,2.68,3
663,48,4,2.5,3
663,49,8,2.95,3
663,50,15,2.13,3
663,51,3,4.01,3
663,52,3,4.24,3
664,1,3,4.23,3
664,2,16,2.29,3
664,3,1,4.89,3
664,4,11,2.43,3
664,5,10,3.45,3
664,6,4,3.69,3
664,7,1,4.8,3
664,8,0,4.46,3
664,9,4,3.6,3
664,10,9,3.15,3
664,11,7,3.64,3
664,12,1,4.39,3
664,13,3,3.88,3
664,14,16,2.31,3
664,15,4,2.58,3
664,16,1,4.53,3
664,17,7,3.44,3
664,18,5,4.33,3
664,19,1,4.45,3
664,20,6,2.89,3
664,21,5,2.68,3
664,22,2,3.86,3
664,23,5,3.12,3
664,24,0,4.66,3
664,25,18,2.38,3
664,26,9,2.47,3
664,27,4,3.92,3
664,28,6,2.56,3
664,29,4,3.99,3
664,30,4,3.54,3
664,31,3,4.22,3
664,32,7,3.01,3
664,33,14,2.33,3
664,34,4,3.21,3
664,35,3,3.63,3
664,36,0,4.22,3
664,37,13,2.52,3
664,38,3,3.76,3
664,39,6,3.5,3
664,40,0,4.81,3
664,41,1,4.73,3
664,42,12,2.46,3
664,43,7,2.92,3
664,44,1,4.09,3
664,45,3,4.29,3
664,46,6,3.53,3
664,47,9,2.68,3
664,48,5,2.5,3
664,49,8,2.95,3
664,50,11,2.13,3
664,51,3,4.01,3
664,52,1,4.24,3
665,1,5,4.23,4
665,2,15,2.29,4
665,3,7,4.89,4
665,4,9,2.43,4
665,5,15,3.45,4
665,6,5,3.69,4
665,7,8,4.8,4
665,8,5,4.46,4
665,9,14,3.6,4
665,10,10,3.15,4
665,11,10,3.64,4
665,12,6,4.39,4
665,13,9,3.88,4
665,14,14,2.31,4
665,15,13,2.58,4
665,16,5,4.53,4
665,17,13,3.44,4
665,18,5,4.33,4
665,19,5,4.45,4
665,20,7,2.89,4
665,21,20,2.68,4
665,22,13,3.86,4
665,23,19,3.12,4
665,24,3,4.66,4
665,25,15,2.38,4
665,26,22,2.47,4
665,27,20,3.92,4
665,28,16,2.56,4
665,29,7,3.99,4
665,30,8,3.54,4
665,31,4,4.22,4
665,32,18,3.01,4
665,33,6,2.33,4
665,34,18,3.21,4
665,35,9,3.63,4
665,36,11,4.22,4
665,37,18,2.52,4
665,38,13,3.76,4
665,39,6,3.5,4
665,40,6,4.81,4
665,41,12,4.73,4
665,42,19,2.46,4
665,43,14,2.92,4
665,44,10,4.09,4
665,45,7,4.29,4
665,46,8,3.53,4
665,47,11,2.68,4
665,48,13,2.5,4
665,49,20,2.95,4
665,50,13,2.13,4
665,51,12,4.01,4
665,52,10,4.24,4
666,1,17,4.23,5
666,2,11,2.29,5
666,3,16,4.89,5
666,4,15,2.43,5
666,5,22,3.45,5
666,6,26,3.69,5
666,7,17,4.8,5
666,8,12,4.46,5
666,9,22,3.6,5
666,10,15,3.15,5
666,11,14,3.64,5
666,12,10,4.39,5
666,13,10,3.88,5
666,14,10,2.31,5
666,15,13,2.58,5
666,16,13,4.53,5
666,17,15,3.44,5
666,18,13,4.33,5
666,19,14,4.45,5
666,20,18,2.89,5
666,21,12,2.68,5
666,22,16,3.86,5
666,23,12,3.12,5
666,24,15,4.66,5
666,25,10,2.38,5
666,26,19,2.47,5
666,27,18,3.92,5
666,28,14,2.56,5
666,29,12,3.99,5
666,30,20,3.54,5
666,31,10,4.22,5
666,32,16,3.01,5
666,33,17,2.33,5
666,34,17,3.21,5
666,35,12,3.63,5
666,36,15,4.22,5
666,37,15,2.52,5
666,38,18,3.76,5
666,39,13,3.5,5
666,40,20,4.81,5
666,41,10,4.73,5
666,42,12,2.46,5
666,43,17,2.92,5
666,44,21,4.09,5
666,45,7,4.29,5
666,46,18,3.53,5
666,47,10,2.68,5
666,48,12,2.5,5
666,49,12,2.95,5
666,50,17,2.13,5
666,51,15,4.01,5
666,52,11,4.24,5
667,1,0,4.23,1
667,2,5,2.29,1
667,3,0,4.89,1
667,4,3,2.43,1
667,5,1,3.45,1
667,6,3,3.69,1
667,7,0,4.8,1
667,8,0,4.46,1
667,9,1,3.6,1
667,10,1,3.15,1
667,11,0,3.64,1
667,12,0,4.39,1
667,13,2,3.88,1
667,14,2,2.31,1
667,15,3,2.58,1
667,16,1,4.53,1
667,17,2,3.44,1
667,18,0,4.33,1
667,19,1,4.45,1
667,20,2,2.89,1
667,21,2,2.68,1
667,22,0,3.86,1
667,23,1,3.12,1
667,24,1,4.66,1
667,25,4,2.38,1
667,26,3,2.47,1
667,27,0,3.92,1
667,28,4,2.56,1
667,29,0,3.99,1
667,30,3,3.54,1
667,31,0,4.22,1
667,32,3,3.01,1
667,33,3,2.33,1
667,34,3,3.21,1
667,35,2,3.63,1
667,36,0,4.22,1
667,37,3,2.52,1
667,38,0,3.76,1
667,39,0,3.5,1
667,40,0,4.81,1
667,41,0,4.73,1
667,42,4,2.46,1
667,43,1,2.92,1
667,44,1,4.09,1
667,45,0,4.29,1
667,46,0,3.53,1
667,47,2,2.68,1
667,48,2,2.5,1
667,49,0,2.95,1
667,50,5,2.13,1
667,51,2,4.01,1
667,52,1,4.24,1
668,1,0,4.23,5
668,2,2,2.29,5
668,3,0,4.89,5
668,4,3,2.43,5
668,5,1,3.45,5
668,6,1,3.69,5
668,7,0,4.8,5
668,8,0,4.46,5
668,9,0,3.6,5
668,10,2,3.15,5
668,11,1,3.64,5
668,12,0,4.39,5
668,13,0,3.88,5
668,14,4,2.31,5
668,15,2,2.58,5
668,16,0,4.53,5
668,17,1,3.44,5
668,18,0,4.33,5
668,19,0,4.45,5
668,20,1,2.89,5
668,21,2,2.68,5
668,22,0,3.86,5
668,23,0,3.12,5
668,24,0,4.66,5
668,25,2,2.38,5
668,26,4,2.47,5
668,27,2,3.92,5
668,28,2,2.56,5
668,29,0,3.99,5
668,30,0,3.54,5
668,31,0,4.22,5
668,32,0,3.01,5
668,33,7,2.33,5
668,34,0,3.21,5
668,35,0,3.63,5
668,36,1,4.22,5
668,37,1,2.52,5
668,38,1,3.76,5
668,39,1,3.5,5
668,40,0,4.81,5
668,41,0,4.73,5
668,42,1,2.46,5
668,43,0,2.92,5
668,44,1,4.09,5
668,45,0,4.29,5
668,46,1,3.53,5
668,47,2,2.68,5
668,48,0,2.5,5
668,49,1,2.95,5
668,50,4,2.13,5
668,51,1,4.01,5
668,52,0,4.24,5
669,1,1,4.23,2
669,2,6,2.29,2
669,3,1,4.89,2
669,4,12,2.43,2
669,5,3,3.45,2
669,6,2,3.69,2
669,7,2,4.8,2
669,8,0,4.46,2
669,9,4,3.6,2
669,10,0,3.15,2
669,11,1,3.64,2
669,12,0,4.39,2
669,13,5,3.88,2
669,14,10,2.31,2
669,15,9,2.58,2
669,16,3,4.53,2
669,17,2,3.44,2
669,18,2,4.33,2
669,19,3,4.45,2
669,20,7,2.89,2
669,21,11,2.68,2
669,22,2,3.86,2
669,23,4,3.12,2
669,24,3,4.66,2
669,25,5,2.38,2
669,26,8,2.47,2
669,27,7,3.92,2
669,28,8,2.56,2
669,29,1,3.99,2
669,30,4,3.54,2
669,31,3,4.22,2
669,32,6,3.01,2
669,33,6,2.33,2
669,34,5,3.21,2
669,35,3,3.63,2
669,36,1,4.22,2
669,37,4,2.52,2
669,38,4,3.76,2
669,39,5,3.5,2
669,40,2,4.81,2
669,41,2,4.73,2
669,42,5,2.46,2
669,43,3,2.92,2
669,44,1,4.09,2
669,45,2,4.29,2
669,46,6,3.53,2
669,47,3,2.68,2
669,48,10,2.5,2
669,49,5,2.95,2
669,50,13,2.13,2
669,51,3,4.01,2
669,52,2,4.24,2
670,1,0,4.23,2
670,2,0,2.29,2
670,3,0,4.89,2
670,4,2,2.43,2
670,5,0,3.45,2
670,6,0,3.69,2
670,7,0,4.8,2
670,8,0,4.46,2
670,9,0,3.6,2
670,10,0,3.15,2
670,11,0,3.64,2
670,12,1,4.39,2
670,13,1,3.88,2
670,14,2,2.31,2
670,15,2,2.58,2
670,16,0,4.53,2
670,17,2,3.44,2
670,18,0,4.33,2
670,19,0,4.45,2
670,20,0,2.89,2
670,21,4,2.68,2
670,22,0,3.86,2
670,23,0,3.12,2
670,24,0,4.66,2
670,25,1,2.38,2
670,26,1,2.47,2
670,27,0,3.92,2
670,28,1,2.56,2
670,29,0,3.99,2
670,30,0,3.54,2
670,31,0,4.22,2
670,32,0,3.01,2
670,33,0,2.33,2
670,34,0,3.21,2
670,35,0,3.63,2
670,36,0,4.22,2
670,37,0,2.52,2
670,38,1,3.76,2
670,39,0,3.5,2
670,40,0,4.81,2
670,41,0,4.73,2
670,42,2,2.46,2
670,43,0,2.92,2
670,44,0,4.09,2
670,45,0,4.29,2
670,46,0,3.53,2
670,47,0,2.68,2
670,48,0,2.5,2
670,49,0,2.95,2
670,50,3,2.13,2
670,51,0,4.01,2
670,52,0,4.24,2
671,1,1,4.23,1
671,2,4,2.29,1
671,3,3,4.89,1
671,4,1,2.43,1
671,5,1,3.45,1
671,6,1,3.69,1
671,7,1,4.8,1
671,8,0,4.46,1
671,9,1,3.6,1
671,10,5,3.15,1
671,11,1,3.64,1
671,12,0,4.39,1
671,13,1,3.88,1
671,14,4,2.31,1
671,15,2,2.58,1
671,16,4,4.53,1
671,17,3,3.44,1
671,18,2,4.33,1
671,19,2,4.45,1
671,20,1,2.89,1
671,21,1,2.68,1
671,22,2,3.86,1
671,23,1,3.12,1
671,24,1,4.66,1
671,25,4,2.38,1
671,26,2,2.47,1
671,27,2,3.92,1
671,28,8,2.56,1
671,29,0,3.99,1
671,30,0,3.54,1
671,31,2,4.22,1
671,32,2,3.01,1
671,33,7,2.33,1
671,34,8,3.21,1
671,35,2,3.63,1
671,36,1,4.22,1
671,37,3,2.52,1
671,38,1,3.76,1
671,39,3,3.5,1
671,40,0,4.81,1
671,41,0,4.73,1
671,42,4,2.46,1
671,43,0,2.92,1
671,44,0,4.09,1
671,45,0,4.29,1
671,46,1,3.53,1
671,47,3,2.68,1
671,48,2,2.5,1
671,49,4,2.95,1
671,50,2,2.13,1
671,51,2,4.01,1
671,52,3,4.24,1
672,1,13,4.23,5
672,2,16,2.29,5
672,3,21,4.89,5
672,4,10,2.43,5
672,5,12,3.45,5
672,6,19,3.69,5
672,7,5,4.8,5
672,8,22,4.46,5
672,9,17,3.6,5
672,10,16,3.15,5
672,11,16,3.64,5
672,12,18,4.39,5
672,13,17,3.88,5
672,14,15,2.31,5
672,15,22,2.58,5
672,16,15,4.53,5
672,17,14,3.44,5
672,18,17,4.33,5
672,19,19,4.45,5
672,20,20,2.89,5
672,21,16,2.68,5
672,22,13,3.86,5
672,23,14,3.12,5
672,24,14,4.66,5
672,25,12,2.38,5
672,26,15,2.47,5
672,27,14,3.92,5
672,28,16,2.56,5
672,29,11,3.99,5
672,30,12,3.54,5
672,31,12,4.22,5
672,32,11,3.01,5
672,33,18,2.33,5
672,34,13,3.21,5
672,35,8,3.63,5
672,36,16,4.22,5
672,37,18,2.52,5
672,38,9,3.76,5
672,39,9,3.5,5
672,40,10,4.81,5
672,41,10,4.73,5
672,42,19,2.46,5
672,43,19,2.92,5
672,44,18,4.09,5
672,45,9,4.29,5
672,46,16,3.53,5
672,47,17,2.68,5
672,48,22,2.5,5
672,49,17,2.95,5
672,50,11,2.13,5
672,51,19,4.01,5
672,52,10,4.24,5
673,1,21,4.23,5
673,2,22,2.29,5
673,3,9,4.89,5
673,4,10,2.43,5
673,5,13,3.45,5
673,6,18,3.69,5
673,7,12,4.8,5
673,8,19,4.46,5
673,9,16,3.6,5
673,10,15,3.15,5
673,11,16,3.64,5
673,12,15,4.39,5
673,13,14,3.88,5
673,14,17,2.31,5
673,15,15,2.58,5
673,16,11,4.53,5
673,17,14,3.44,5
673,18,15,4.33,5
673,19,5,4.45,5
673,20,14,2.89,5
673,21,17,2.68,5
673,22,18,3.86,5
673,23,15,3.12,5
673,24,9,4.66,5
673,25,11,2.38,5
673,26,10,2.47,5
673,27,14,3.92,5
673,28,10,2.56,5
673,29,14,3.99,5
673,30,16,3.54,5
673,31,13,4.22,5
673,32,16,3.01,5
673,33,19,2.33,5
673,34,16,3.21,5
673,35,15,3.63,5
673,36,15,4.22,5
673,37,20,2.52,5
673,38,12,3.76,5
673,39,20,3.5,5
673,40,14,4.81,5
673,41,13,4.73,5
673,42,14,2.46,5
673,43,12,2.92,5
673,44,15,4.09,5
673,45,13,4.29,5
673,46,22,3.53,5
673,47,12,2.68,5
673,48,14,2.5,5
673,49,16,2.95,5
673,50,23,2.13,5
673,51,15,4.01,5
673,52,18,4.24,5
674,1,0,4.23,3
674,2,1,2.29,3
674,3,0,4.89,3
674,4,1,2.43,3
674,5,2,3.45,3
674,6,0,3.69,3
674,7,0,4.8,3
674,8,0,4.46,3
674,9,0,3.6,3
674,10,0,3.15,3
674,11,0,3.64,3
674,12,0,4.39,3
674,13,0,3.88,3
674,14,5,2.31,3
674,15,1,2.58,3
674,16,0,4.53,3
674,17,0,3.44,3
674,18,0,4.33,3
674,19,1,4.45,3
674,20,3,2.89,3
674,21,0,2.68,3
674,22,0,3.86,3
674,23,0,3.12,3
674,24,0,4.66,3
674,25,0,2.38,3
674,26,2,2.47,3
674,27,1,3.92,3
674,28,0,2.56,3
674,29,0,3.99,3
674,30,1,3.54,3
674,31,0,4.22,3
674,32,1,3.01,3
674,33,0,2.33,3
674,34,1,3.21,3
674,35,0,3.63,3
674,36,0,4.22,3
674,37,1,2.52,3
674,38,0,3.76,3
674,39,1,3.5,3
674,40,0,4.81,3
674,41,0,4.73,3
674,42,2,2.46,3
674,43,0,2.92,3
674,44,0,4.09,3
674,45,0,4.29,3
674,46,0,3.53,3
674,47,2,2.68,3
674,48,0,2.5,3
674,49,0,2.95,3
674,50,1,2.13,3
674,51,0,4.01,3
674,52,0,4.24,3
675,1,9,4.23,5
675,2,20,2.29,5
675,3,5,4.89,5
675,4,15,2.43,5
675,5,9,3.45,5
675,6,15,3.69,5
675,7,8,4.8,5
675,8,7,4.46,5
675,9,13,3.6,5
675,10,10,3.15,5
675,11,11,3.64,5
675,12,7,4.39,5
675,13,11,3.88,5
675,14,10,2.31,5
675,15,19,2.58,5
675,16,5,4.53,5
675,17,16,3.44,5
675,18,6,4.33,5
675,19,6,4.45,5
675,20,15,2.89,5
675,21,10,2.68,5
675,22,14,3.86,5
675,23,14,3.12,5
675,24,13,4.66,5
675,25,16,2.38,5
675,26,15,2.47,5
675,27,15,3.92,5
675,28,16,2.56,5
675,29,12,3.99,5
675,30,14,3.54,5
675,31,11,4.22,5
675,32,16,3.01,5
675,33,15,2.33,5
675,34,19,3.21,5
675,35,12,3.63,5
675,36,7,4.22,5
675,37,11,2.52,5
675,38,10,3.76,5
675,39,23,3.5,5
675,40,3,4.81,5
675,41,8,4.73,5
675,42,7,2.46,5
675,43,17,2.92,5
675,44,4,4.09,5
675,45,13,4.29,5
675,46,16,3.53,5
675,47,12,2.68,5
675,48,16,2.5,5
675,49,10,2.95,5
675,50,13,2.13,5
675,51,7,4.01,5
675,52,10,4.24,5
676,1,8,4.23,3
676,2,9,2.29,3
676,3,5,4.89,3
676,4,11,2.43,3
676,5,10,3.45,3
676,6,8,3.69,3
676,7,2,4.8,3
676,8,4,4.46,3
676,9,7,3.6,3
676,10,6,3.15,3
676,11,3,3.64,3
676,12,6,4.39,3
676,13,6,3.88,3
676,14,11,2.31,3
676,15,15,2.58,3
676,16,4,4.53,3
676,17,4,3.44,3
676,18,3,4.33,3
676,19,3,4.45,3
676,20,11,2.89,3
676,21,15,2.68,3
676,22,6,3.86,3
676,23,4,3.12,3
676,24,5,4.66,3
676,25,10,2.38,3
676,26,10,2.47,3
676,27,4,3.92,3
676,28,15,2.56,3
676,29,7,3.99,3
676,30,5,3.54,3
676,31,2,4.22,3
676,32,7,3.01,3
676,33,6,2.33,3
676,34,10,3.21,3
676,35,6,3.63,3
676,36,3,4.22,3
676,37,14,2.52,3
676,38,7,3.76,3
676,39,3,3.5,3
676,40,3,4.81,3
676,41,5,4.73,3
676,42,8,2.46,3
676,43,5,2.92,3
676,44,4,4.09,3
676,45,5,4.29,3
676,46,6,3.53,3
676,47,12,2.68,3
676,48,15,2.5,3
676,49,9,2.95,3
676,50,8,2.13,3
676,51,3,4.01,3
676,52,7,4.24,3
677,1,3,4.23,1
677,2,5,2.29,1
677,3,1,4.89,1
677,4,0,2.43,1
677,5,2,3.45,1
677,6,1,3.69,1
677,7,0,4.8,1
677,8,1,4.46,1
677,9,2,3.6,1
677,10,1,3.15,1
677,11,3,3.64,1
677,12,2,4.39,1
677,13,2,3.88,1
677,14,0,2.31,1
677,15,4,2.58,1
677,16,0,4.53,1
677,17,5,3.44,1
677,18,1,4.33,1
677,19,2,4.45,1
677,20,2,2.89,1
677,21,3,2.68,1
677,22,3,3.86,1
677,23,1,3.12,1
677,24,2,4.66,1
677,25,4,2.38,1
677,26,2,2.47,1
677,27,1,3.92,1
677,28,0,2.56,1
677,29,5,3.99,1
677,30,2,3.54,1
677,31,4,4.22,1
677,32,3,3.01,1
677,33,7,2.33,1
677,34,2,3.21,1
677,35,1,3.63,1
677,36,2,4.22,1
677,37,1,2.52,1
677,38,2,3.76,1
677,39,1,3.5,1
677,40,0,4.81,1
677,41,1,4.73,1
677,42,4,2.46,1
677,43,5,2.92,1
677,44,2,4.09,1
677,45,0,4.29,1
677,46,2,3.53,1
677,47,5,2.68,1
677,48,4,2.5,1
677,49,2,2.95,1
677,50,6,2.13,1
677,51,1,4.01,1
677,52,2,4.24,1
678,1,0,4.23,4
678,2,1,2.29,4
678,3,0,4.89,4
678,4,1,2.43,4
678,5,2,3.45,4
678,6,0,3.69,4
678,7,0,4.8,4
678,8,0,4.46,4
678,9,1,3.6,4
678,10,2,3.15,4
678,11,0,3.64,4
678,12,0,4.39,4
678,13,1,3.88,4
678,14,1,2.31,4
678,15,3,2.58,4
678,16,0,4.53,4
678,17,0,3.44,4
678,18,0,4.33,4
678,19,0,4.45,4
678,20,1,2.89,4
678,21,1,2.68,4
678,22,0,3.86,4
678,23,0,3.12,4
678,24,0,4.66,4
678,25,4,2.38,4
678,26,2,2.47,4
678,27,0,3.92,4
678,28,3,2.56,4
678,29,1,3.99,4
678,30,0,3.54,4
678,31,0,4.22,4
678,32,0,3.01,4
678,33,2,2.33,4
678,34,1,3.21,4
678,35,1,3.63,4
678,36,0,4.22,4
678,37,7,2.52,4
678,38,0,3.76,4
678,39,1,3.5,4
678,40,0,4.81,4
678,41,0,4.73,4
678,42,0,2.46,4
678,43,2,2.92,4
678,44,0,4.09,4
678,45,0,4.29,4
678,46,0,3.53,4
678,47,3,2.68,4
678,48,0,2.5,4
678,49,0,2.95,4
678,50,2,2.13,4
678,51,0,4.01,4
678,52,0,4.24,4
679,1,0,4.23,2
679,2,0,2.29,2
679,3,0,4.89,2
679,4,0,2.43,2
679,5,0,3.45,2
679,6,0,3.69,2
679,7,0,4.8,2
679,8,0,4.46,2
679,9,0,3.6,2
679,10,0,3.15,2
679,11,0,3.64,2
679,12,0,4.39,2
679,13,1,3.88,2
679,14,2,2.31,2
679,15,1,2.58,2
679,16,0,4.53,2
679,17,1,3.44,2
679,18,0,4.33,2
679,19,0,4.45,2
679,20,0,2.89,2
679,21,0,2.68,2
679,22,0,3.86,2
679,23,1,3.12,2
679,24,0,4.66,2
679,25,1,2.38,2
679,26,2,2.47,2
679,27,2,3.92,2
679,28,1,2.56,2
679,29,0,3.99,2
679,30,0,3.54,2
679,31,0,4.22,2
679,32,0,3.01,2
679,33,0,2.33,2
679,34,0,3.21,2
679,35,0,3.63,2
679,36,1,4.22,2
679,37,0,2.52,2
679,38,0,3.76,2
679,39,1,3.5,2
679,40,0,4.81,2
679,41,0,4.73,2
679,42,3,2.46,2
679,43,3,2.92,2
679,44,1,4.09,2
679,45,0,4.29,2
679,46,0,3.53,2
679,47,1,2.68,2
679,48,1,2.5,2
679,49,0,2.95,2
679,50,1,2.13,2
679,51,0,4.01,2
679,52,0,4.24,2
680,1,0,4.23,4
680,2,2,2.29,4
680,3,1,4.89,4
680,4,2,2.43,4
680,5,0,3.45,4
680,6,0,3.69,4
680,7,0,4.8,4
680,8,0,4.46,4
680,9,0,3.6,4
680,10,0,3.15,4
680,11,0,3.64,4
680,12,0,4.39,4
680,13,0,3.88,4
680,14,3,2.31,4
680,15,0,2.58,4
680,16,0,4.53,4
680,17,0,3.44,4
680,18,0,4.33,4
680,19,0,4.45,4
680,20,1,2.89,4
680,21,0,2.68,4
680,22,0,3.86,4
680,23,0,3.12,4
680,24,0,4.66,4
680,25,1,2.38,4
680,26,1,2.47,4
680,27,1,3.92,4
680,28,5,2.56,4
680,29,1,3.99,4
680,30,0,3.54,4
680,31,0,4.22,4
680,32,0,3.01,4
680,33,3,2.33,4
680,34,1,3.21,4
680,35,0,3.63,4
680,36,0,4.22,4
680,37,0,2.52,4
680,38,0,3.76,4
680,39,0,3.5,4
680,40,0,4.81,4
680,41,0,4.73,4
680,42,3,2.46,4
680,43,1,2.92,4
680,44,2,4.09,4
680,45,0,4.29,4
680,46,2,3.53,4
680,47,2,2.68,4
680,48,5,2.5,4
680,49,1,2.95,4
680,50,5,2.13,4
680,51,0,4.01,4
680,52,0,4.24,4
681,1,8,4.23,4
681,2,19,2.29,4
681,3,6,4.89,4
681,4,12,2.43,4
681,5,19,3.45,4
681,6,11,3.69,4
681,7,2,4.8,4
681,8,9,4.46,4
681,9,12,3.6,4
681,10,24,3.15,4
681,11,13,3.64,4
681,12,9,4.39,4
681,13,9,3.88,4
681,14,14,2.31,4
681,15,14,2.58,4
681,16,8,4.53,4
681,17,10,3.44,4
681,18,5,4.33,4
681,19,10,4.45,4
681,20,14,2.89,4
681,21,17,2.68,4
681,22,12,3.86,4
681,23,10,3.12,4
681,24,8,4.66,4
681,25,16,2.38,4
681,26,13,2.47,4
681,27,6,3.92,4
681,28,10,2.56,4
681,29,6,3.99,4
681,30,6,3.54,4
681,31,12,4.22,4
681,32,10,3.01,4
681,33,15,2.33,4
681,34,12,3.21,4
681,35,7,3.63,4
681,36,10,4.22,4
681,37,11,2.52,4
681,38,12,3.76,4
681,39,9,3.5,4
681,40,6,4.81,4
681,41,8,4.73,4
681,42,22,2.46,4
681,43,12,2.92,4
681,44,7,4.09,4
681,45,15,4.29,4
681,46,14,3.53,4
681,47,13,2.68,4
681,48,16,2.5,4
681,49,18,2.95,4
681,50,14,2.13,4
681,51,7,4.01,4
681,52,7,4.24,4
682,1,20,4.23,5
682,2,12,2.29,5
682,3,23,4.89,5
682,4,12,2.43,5
682,5,15,3.45,5
682,6,15,3.69,5
682,7,19,4.8,5
682,8,11,4.46,5
682,9,14,3.6,5
682,10,22,3.15,5
682,11,26,3.64,5
682,12,14,4.39,5
682,13,9,3.88,5
682,14,17,2.31,5
682,15,15,2.58,5
682,16,15,4.53,5
682,17,12,3.44,5
682,18,17,4.33,5
682,19,15,4.45,5
682,20,14,2.89,5
682,21,16,2.68,5
682,22,25,3.86,5
682,23,20,3.12,5
682,24,12,4.66,5
682,25,13,2.38,5
682,26,13,2.47,5
682,27,14,3.92,5
682,28,17,2.56,5
682,29,16,3.99,5
682,30,18,3.54,5
682,31,23,4.22,5
682,32,16,3.01,5
682,33,12,2.33,5
682,34,17,3.21,5
682,35,16,3.63,5
682,36,11,4.22,5
682,37,15,2.52,5
682,38,4,3.76,5
682,39,13,3.5,5
682,40,13,4.81,5
682,41,11,4.73,5
682,42,18,2.46,5
682,43,13,2.92,5
682,44,17,4.09,5
682,45,9,4.29,5
682,46,16,3.53,5
682,47,10,2.68,5
682,48,13,2.5,5
682,49,15,2.95,5
682,50,17,2.13,5
682,51,19,4.01,5
682,52,22,4.24,5
683,1,0,4.23,1
683,2,1,2.29,1
683,3,0,4.89,1
683,4,1,2.43,1
683,5,0,3.45,1
683,6,0,3.69,1
683,7,0,4.8,1
683,8,0,4.46,1
683,9,0,3.6,1
683,10,0,3.15,1
683,11,0,3.64,1
683,12,0,4.39,1
683,13,0,3.88,1
683,14,0,2.31,1
683,15,1,2.58,1
683,16,0,4.53,1
683,17,0,3.44,1
683,18,0,4.33,1
683,19,0,4.45,1
683,20,1,2.89,1
683,21,0,2.68,1
683,22,1,3.86,1
683,23,0,3.12,1
683,24,1,4.66,1
683,25,0,2.38,1
683,26,1,2.47,1
683,27,0,3.92,1
683,28,0,2.56,1
683,29,0,3.99,1
683,30,0,3.54,1
683,31,0,4.22,1
683,32,1,3.01,1
683,33,1,2.33,1
683,34,1,3.21,1
683,35,0,3.63,1
683,36,0,4.22,1
683,37,0,2.52,1
683,38,1,3.76,1
683,39,0,3.5,1
683,40,0,4.81,1
683,41,0,4.73,1
683,42,0,2.46,1
683,43,0,2.92,1
683,44,0,4.09,1
683,45,0,4.29,1
683,46,0,3.53,1
683,47,1,2.68,1
683,48,0,2.5,1
683,49,0,2.95,1
683,50,3,2.13,1
683,51,0,4.01,1
683,52,0,4.24,1
684,1,0,4.23,4
684,2,2,2.29,4
684,3,1,4.89,4
684,4,1,2.43,4
684,5,0,3.45,4
684,6,0,3.69,4
684,7,0,4.8,4
684,8,0,4.46,4
684,9,0,3.6,4
684,10,1,3.15,4
684,11,0,3.64,4
684,12,0,4.39,4
684,13,1,3.88,4
684,14,1,2.31,4
684,15,2,2.58,4
684,16,0,4.53,4
684,17,0,3.44,4
684,18,0,4.33,4
684,19,0,4.45,4
684,20,0,2.89,4
684,21,4,2.68,4
684,22,0,3.86,4
684,23,0,3.12,4
684,24,0,4.66,4
684,25,2,2.38,4
684,26,0,2.47,4
684,27,1,3.92,4
684,28,1,2.56,4
684,29,0,3.99,4
684,30,1,3.54,4
684,31,0,4.22,4
684,32,0,3.01,4
684,33,1,2.33,4
684,34,0,3.21,4
684,35,1,3.63,4
684,36,0,4.22,4
684,37,2,2.52,4
684,38,0,3.76,4
684,39,0,3.5,4
684,40,0,4.81,4
684,41,0,4.73,4
684,42,0,2.46,4
684,43,2,2.92,4
684,44,0,4.09,4
684,45,0,4.29,4
684,46,0,3.53,4
684,47,0,2.68,4
684,48,3,2.5,4
684,49,2,2.95,4
684,50,3,2.13,4
684,51,0,4.01,4
684,52,0,4.24,4
685,1,0,4.23,2
685,2,7,2.29,2
685,3,2,4.89,2
685,4,4,2.43,2
685,5,1,3.45,2
685,6,1,3.69,2
685,7,1,4.8,2
685,8,0,4.46,2
685,9,2,3.6,2
685,10,2,3.15,2
685,11,2,3.64,2
685,12,1,4.39,2
685,13,3,3.88,2
685,14,6,2.31,2
685,15,4,2.58,2
685,16,1,4.53,2
685,17,2,3.44,2
685,18,2,4.33,2
685,19,1,4.45,2
685,20,6,2.89,2
685,21,1,2.68,2
685,22,1,3.86,2
685,23,1,3.12,2
685,24,0,4.66,2
685,25,2,2.38,2
685,26,8,2.47,2
685,27,1,3.92,2
685,28,9,2.56,2
685,29,1,3.99,2
685,30,2,3.54,2
685,31,2,4.22,2
685,32,5,3.01,2
685,33,4,2.33,2
685,34,1,3.21,2
685,35,6,3.63,2
685,36,1,4.22,2
685,37,7,2.52,2
685,38,1,3.76,2
685,39,3,3.5,2
685,40,2,4.81,2
685,41,0,4.73,2
685,42,8,2.46,2
685,43,7,2.92,2
685,44,0,4.09,2
685,45,1,4.29,2
685,46,4,3.53,2
685,47,6,2.68,2
685,48,4,2.5,2
685,49,5,2.95,2
685,50,6,2.13,2
685,51,0,4.01,2
685,52,2,4.24,2
686,1,10,4.23,4
686,2,16,2.29,4
686,3,7,4.89,4
686,4,15,2.43,4
686,5,15,3.45,4
686,6,7,3.69,4
686,7,2,4.8,4
686,8,7,4.46,4
686,9,14,3.6,4
686,10,15,3.15,4
686,11,9,3.64,4
686,12,5,4.39,4
686,13,15,3.88,4
686,14,18,2.31,4
686,15,17,2.58,4
686,16,9,4.53,4
686,17,11,3.44,4
686,18,5,4.33,4
686,19,8,4.45,4
686,20,16,2.89,4
686,21,20,2.68,4
686,22,9,3.86,4
686,23,8,3.12,4
686,24,2,4.66,4
686,25,14,2.38,4
686,26,15,2.47,4
686,27,4,3.92,4
686,28,19,2.56,4
686,29,10,3.99,4
686,30,12,3.54,4
686,31,10,4.22,4
686,32,14,3.01,4
686,33,12,2.33,4
686,34,17,3.21,4
686,35,7,3.63,4
686,36,6,4.22,4
686,37,16,2.52,4
686,38,10,3.76,4
686,39,10,3.5,4
686,40,6,4.81,4
686,41,5,4.73,4
686,42,18,2.46,4
686,43,21,2.92,4
686,44,10,4.09,4
686,45,11,4.29,4
686,46,18,3.53,4
686,47,17,2.68,4
686,48,14,2.5,4
686,49,16,2.95,4
686,50,13,2.13,4
686,51,7,4.01,4
686,52,7,4.24,4
687,1,6,4.23,4
687,2,14,2.29,4
687,3,3,4.89,4
687,4,18,2.43,4
687,5,19,3.45,4
687,6,9,3.69,4
687,7,9,4.8,4
687,8,6,4.46,4
687,9,7,3.6,4
687,10,19,3.15,4
687,11,13,3.64,4
687,12,10,4.39,4
687,13,10,3.88,4
687,14,15,2.31,4
687,15,13,2.58,4
687,16,5,4.53,4
687,17,23,3.44,4
687,18,7,4.33,4
687,19,9,4.45,4
687,20,15,2.89,4
687,21,17,2.68,4
687,22,10,3.86,4
687,23,16,3.12,4
687,24,3,4.66,4
687,25,13,2.38,4
687,26,10,2.47,4
687,27,13,3.92,4
687,28,20,2.56,4
687,29,10,3.99,4
687,30,17,3.54,4
687,31,9,4.22,4
687,32,13,3.01,4
687,33,17,2.33,4
687,34,17,3.21,4
687,35,9,3.63,4
687,36,8,4.22,4
687,37,19,2.52,4
687,38,7,3.76,4
687,39,14,3.5,4
687,40,3,4.81,4
687,41,7,4.73,4
687,42,9,2.46,4
687,43,18,2.92,4
687,44,14,4.09,4
687,45,2,4.29,4
687,46,13,3.53,4
687,47,14,2.68,4
687,48,21,2.5,4
687,49,20,2.95,4
687,50,19,2.13,4
687,51,11,4.01,4
687,52,7,4.24,4
688,1,2,4.23,3
688,2,6,2.29,3
688,3,2,4.89,3
688,4,11,2.43,3
688,5,4,3.45,3
688,6,0,3.69,3
688,7,1,4.8,3
688,8,2,4.46,3
688,9,2,3.6,3
688,10,5,3.15,3
688,11,4,3.64,3
688,12,1,4.39,3
688,13,2,3.88,3
688,14,15,2.31,3
688,15,14,2.58,3
688,16,2,4.53,3
688,17,7,3.44,3
688,18,1,4.33,3
688,19,1,4.45,3
688,20,5,2.89,3
688,21,4,2.68,3
688,22,5,3.86,3
688,23,11,3.12,3
688,24,0,4.66,3
688,25,13,2.38,3
688,26,7,2.47,3
688,27,4,3.92,3
688,28,13,2.56,3
688,29,3,3.99,3
688,30,5,3.54,3
688,31,2,4.22,3
688,32,5,3.01,3
688,33,10,2.33,3
688,34,5,3.21,3
688,35,3,3.63,3
688,36,2,4.22,3
688,37,12,2.52,3
688,38,6,3.76,3
688,39,1,3.5,3
688,40,0,4.81,3
688,41,0,4.73,3
688,42,10,2.46,3
688,43,8,2.92,3
688,44,4,4.09,3
688,45,1,4.29,3
688,46,4,3.53,3
688,47,9,2.68,3
688,48,10,2.5,3
688,49,9,2.95,3
688,50,17,2.13,3
688,51,1,4.01,3
688,52,0,4.24,3
689,1,0,4.23,3
689,2,3,2.29,3
689,3,0,4.89,3
689,4,2,2.43,3
689,5,0,3.45,3
689,6,1,3.69,3
689,7,0,4.8,3
689,8,0,4.46,3
689,9,0,3.6,3
689,10,1,3.15,3
689,11,0,3.64,3
689,12,0,4.39,3
689,13,0,3.88,3
689,14,2,2.31,3
689,15,0,2.58,3
689,16,0,4.53,3
689,17,1,3.44,3
689,18,0,4.33,3
689,19,0,4.45,3
689,20,0,2.89,3
689,21,0,2.68,3
689,22,0,3.86,3
689,23,1,3.12,3
689,24,0,4.66,3
689,25,1,2.38,3
689,26,2,2.47,3
689,27,0,3.92,3
689,28,1,2.56,3
689,29,1,3.99,3
689,30,0,3.54,3
689,31,0,4.22,3
689,32,0,3.01,3
689,33,2,2.33,3
689,34,1,3.21,3
689,35,0,3.63,3
689,36,0,4.22,3
689,37,1,2.52,3
689,38,0,3.76,3
689,39,0,3.5,3
689,40,0,4.81,3
689,41,0,4.73,3
689,42,2,2.46,3
689,43,1,2.92,3
689,44,0,4.09,3
689,45,1,4.29,3
689,46,0,3.53,3
689,47,0,2.68,3
689,48,0,2.5,3
689,49,1,2.95,3
689,50,0,2.13,3
689,51,0,4.01,3
689,52,0,4.24,3
690,1,2,4.23,1
690,2,4,2.29,1
690,3,0,4.89,1
690,4,3,2.43,1
690,5,1,3.45,1
690,6,0,3.69,1
690,7,2,4.8,1
690,8,2,4.46,1
690,9,1,3.6,1
690,10,3,3.15,1
690,11,5,3.64,1
690,12,2,4.39,1
690,13,1,3.88,1
690,14,4,2.31,1
690,15,3,2.58,1
690,16,1,4.53,1
690,17,4,3.44,1
690,18,1,4.33,1
690,19,2,4.45,1
690,20,2,2.89,1
690,21,6,2.68,1
690,22,0,3.86,1
690,23,4,3.12,1
690,24,1,4.66,1
690,25,6,2.38,1
690,26,2,2.47,1
690,27,0,3.92,1
690,28,3,2.56,1
690,29,2,3.99,1
690,30,1,3.54,1
690,31,2,4.22,1
690,32,3,3.01,1
690,33,5,2.33,1
690,34,4,3.21,1
690,35,1,3.63,1
690,36,2,4.22,1
690,37,3,2.52,1
690,38,1,3.76,1
690,39,2,3.5,1
690,40,0,4.81,1
690,41,2,4.73,1
690,42,5,2.46,1
690,43,3,2.92,1
690,44,3,4.09,1
690,45,1,4.29,1
690,46,5,3.53,1
690,47,5,2.68,1
690,48,4,2.5,1
690,49,3,2.95,1
690,50,6,2.13,1
690,51,1,4.01,1
690,52,1,4.24,1
691,1,1,4.23,2
691,2,2,2.29,2
691,3,0,4.89,2
691,4,0,2.43,2
691,5,0,3.45,2
691,6,1,3.69,2
691,7,0,4.8,2
691,8,0,4.46,2
691,9,0,3.6,2
691,10,0,3.15,2
691,11,0,3.64,2
691,12,0,4.39,2
691,13,0,3.88,2
691,14,1,2.31,2
691,15,1,2.58,2
691,16,0,4.53,2
691,17,0,3.44,2
691,18,0,4.33,2
691,19,0,4.45,2
691,20,1,2.89,2
691,21,0,2.68,2
691,22,1,3.86,2
691,23,0,3.12,2
691,24,0,4.66,2
691,25,1,2.38,2
691,26,2,2.47,2
691,27,1,3.92,2
691,28,1,2.56,2
691,29,0,3.99,2
691,30,0,3.54,2
691,31,0,4.22,2
691,32,0,3.01,2
691,33,1,2.33,2
691,34,1,3.21,2
691,35,0,3.63,2
691,36,0,4.22,2
691,37,0,2.52,2
691,38,0,3.76,2
691,39,0,3.5,2
691,40,0,4.81,2
691,41,0,4.73,2
691,42,1,2.46,2
691,43,0,2.92,2
691,44,0,4.09,2
691,45,0,4.29,2
691,46,0,3.53,2
691,47,0,2.68,2
691,48,0,2.5,2
691,49,0,2.95,2
691,50,5,2.13,2
691,51,0,4.01,2
691,52,0,4.24,2
692,1,0,4.23,2
692,2,2,2.29,2
692,3,0,4.89,2
692,4,1,2.43,2
692,5,0,3.45,2
692,6,0,3.69,2
692,7,0,4.8,2
692,8,0,4.46,2
692,9,0,3.6,2
692,10,0,3.15,2
692,11,0,3.64,2
692,12,0,4.39,2
692,13,0,3.88,2
692,14,1,2.31,2
692,15,1,2.58,2
692,16,0,4.53,2
692,17,0,3.44,2
692,18,0,4.33,2
692,19,0,4.45,2
692,20,0,2.89,2
692,21,2,2.68,2
692,22,0,3.86,2
692,23,1,3.12,2
692,24,0,4.66,2
692,25,0,2.38,2
692,26,0,2.47,2
692,27,0,3.92,2
692,28,0,2.56,2
692,29,0,3.99,2
692,30,1,3.54,2
692,31,2,4.22,2
692,32,2,3.01,2
692,33,0,2.33,2
692,34,1,3.21,2
692,35,0,3.63,2
692,36,0,4.22,2
692,37,2,2.52,2
692,38,0,3.76,2
692,39,0,3.5,2
692,40,0,4.81,2
692,41,0,4.73,2
692,42,0,2.46,2
692,43,1,2.92,2
692,44,0,4.09,2
692,45,0,4.29,2
692,46,0,3.53,2
692,47,0,2.68,2
692,48,1,2.5,2
692,49,0,2.95,2
692,50,1,2.13,2
692,51,0,4.01,2
692,52,0,4.24,2
693,1,9,4.23,4
693,2,17,2.29,4
693,3,10,4.89,4
693,4,19,2.43,4
693,5,15,3.45,4
693,6,7,3.69,4
693,7,14,4.8,4
693,8,10,4.46,4
693,9,13,3.6,4
693,10,11,3.15,4
693,11,15,3.64,4
693,12,10,4.39,4
693,13,6,3.88,4
693,14,17,2.31,4
693,15,12,2.58,4
693,16,10,4.53,4
693,17,8,3.44,4
693,18,14,4.33,4
693,19,3,4.45,4
693,20,16,2.89,4
693,21,19,2.68,4
693,22,13,3.86,4
693,23,14,3.12,4
693,24,11,4.66,4
693,25,14,2.38,4
693,26,10,2.47,4
693,27,14,3.92,4
693,28,10,2.56,4
693,29,10,3.99,4
693,30,6,3.54,4
693,31,4,4.22,4
693,32,15,3.01,4
693,33,12,2.33,4
693,34,19,3.21,4
693,35,9,3.63,4
693,36,6,4.22,4
693,37,14,2.52,4
693,38,16,3.76,4
693,39,7,3.5,4
693,40,2,4.81,4
693,41,8,4.73,4
693,42,12,2.46,4
693,43,17,2.92,4
693,44,10,4.09,4
693,45,11,4.29,4
693,46,10,3.53,4
693,47,9,2.68,4
693,48,11,2.5,4
693,49,12,2.95,4
693,50,11,2.13,4
693,51,10,4.01,4
693,52,9,4.24,4
694,1,1,4.23,2
694,2,3,2.29,2
694,3,0,4.89,2
694,4,6,2.43,2
694,5,2,3.45,2
694,6,6,3.69,2
694,7,0,4.8,2
694,8,1,4.46,2
694,9,2,3.6,2
694,10,2,3.15,2
694,11,3,3.64,2
694,12,2,4.39,2
694,13,2,3.88,2
694,14,7,2.31,2
694,15,4,2.58,2
694,16,0,4.53,2
694,17,1,3.44,2
694,18,3,4.33,2
694,19,1,4.45,2
694,20,6,2.89,2
694,21,6,2.68,2
694,22,1,3.86,2
694,23,8,3.12,2
694,24,2,4.66,2
694,25,4,2.38,2
694,26,2,2.47,2
694,27,1,3.92,2
694,28,6,2.56,2
694,29,0,3.99,2
694,30,0,3.54,2
694,31,1,4.22,2
694,32,0,3.01,2
694,33,11,2.33,2
694,34,1,3.21,2
694,35,3,3.63,2
694,36,1,4.22,2
694,37,3,2.52,2
694,38,1,3.76,2
694,39,0,3.5,2
694,40,0,4.81,2
694,41,1,4.73,2
694,42,6,2.46,2
694,43,4,2.92,2
694,44,1,4.09,2
694,45,2,4.29,2
694,46,2,3.53,2
694,47,2,2.68,2
694,48,5,2.5,2
694,49,4,2.95,2
694,50,2,2.13,2
694,51,5,4.01,2
694,52,4,4.24,2
695,1,4,4.23,3
695,2,13,2.29,3
695,3,1,4.89,3
695,4,12,2.43,3
695,5,8,3.45,3
695,6,6,3.69,3
695,7,3,4.8,3
695,8,4,4.46,3
695,9,10,3.6,3
695,10,10,3.15,3
695,11,4,3.64,3
695,12,3,4.39,3
695,13,5,3.88,3
695,14,10,2.31,3
695,15,10,2.58,3
695,16,3,4.53,3
695,17,7,3.44,3
695,18,2,4.33,3
695,19,3,4.45,3
695,20,10,2.89,3
695,21,13,2.68,3
695,22,5,3.86,3
695,23,11,3.12,3
695,24,3,4.66,3
695,25,12,2.38,3
695,26,10,2.47,3
695,27,5,3.92,3
695,28,9,2.56,3
695,29,6,3.99,3
695,30,7,3.54,3
695,31,5,4.22,3
695,32,8,3.01,3
695,33,10,2.33,3
695,34,6,3.21,3
695,35,9,3.63,3
695,36,7,4.22,3
695,37,13,2.52,3
695,38,2,3.76,3
695,39,8,3.5,3
695,40,5,4.81,3
695,41,7,4.73,3
695,42,13,2.46,3
695,43,9,2.92,3
695,44,5,4.09,3
695,45,7,4.29,3
695,46,11,3.53,3
695,47,8,2.68,3
695,48,7,2.5,3
695,49,13,2.95,3
695,50,9,2.13,3
695,51,3,4.01,3
695,52,8,4.24,3
696,1,4,4.23,4
696,2,14,2.29,4
696,3,8,4.89,4
696,4,21,2.43,4
696,5,9,3.45,4
696,6,9,3.69,4
696,7,12,4.8,4
696,8,10,4.46,4
696,9,15,3.6,4
696,10,15,3.15,4
696,11,12,3.64,4
696,12,5,4.39,4
696,13,8,3.88,4
696,14,11,2.31,4
696,15,15,2.58,4
696,16,7,4.53,4
696,17,10,3.44,4
696,18,6,4.33,4
696,19,4,4.45,4
696,20,13,2.89,4
696,21,10,2.68,4
696,22,10,3.86,4
696,23,21,3.12,4
696,24,7,4.66,4
696,25,17,2.38,4
696,26,20,2.47,4
696,27,14,3.92,4
696,28,17,2.56,4
696,29,13,3.99,4
696,30,10,3.54,4
696,31,9,4.22,4
696,32,17,3.01,4
696,33,12,2.33,4
696,34,15,3.21,4
696,35,6,3.63,4
696,36,7,4.22,4
696,37,13,2.52,4
696,38,7,3.76,4
696,39,20,3.5,4
696,40,8,4.81,4
696,41,5,4.73,4
696,42,18,2.46,4
696,43,13,2.92,4
696,44,4,4.09,4
696,45,11,4.29,4
696,46,13,3.53,4
696,47,14,2.68,4
696,48,19,2.5,4
696,49,7,2.95,4
696,50,13,2.13,4
696,51,8,4.01,4
696,52,11,4.24,4
697,1,8,4.23,3
697,2,14,2.29,3
697,3,6,4.89,3
697,4,14,2.43,3
697,5,11,3.45,3
697,6,2,3.69,3
697,7,4,4.8,3
697,8,2,4.46,3
697,9,8,3.6,3
697,10,9,3.15,3
697,11,4,3.64,3
697,12,4,4.39,3
697,13,7,3.88,3
697,14,13,2.31,3
697,15,8,2.58,3
697,16,6,4.53,3
697,17,7,3.44,3
697,18,3,4.33,3
697,19,5,4.45,3
697,20,11,2.89,3
697,21,13,2.68,3
697,22,3,3.86,3
697,23,9,3.12,3
697,24,4,4.66,3
697,25,11,2.38,3
697,26,8,2.47,3
697,27,9,3.92,3
697,28,12,2.56,3
697,29,4,3.99,3
697,30,5,3.54,3
697,31,8,4.22,3
697,32,8,3.01,3
697,33,9,2.33,3
697,34,11,3.21,3
697,35,4,3.63,3
697,36,3,4.22,3
697,37,12,2.52,3
697,38,11,3.76,3
697,39,9,3.5,3
697,40,6,4.81,3
697,41,3,4.73,3
697,42,17,2.46,3
697,43,8,2.92,3
697,44,5,4.09,3
697,45,3,4.29,3
697,46,4,3.53,3
697,47,9,2.68,3
697,48,16,2.5,3
697,49,11,2.95,3
697,50,17,2.13,3
697,51,8,4.01,3
697,52,7,4.24,3
698,1,1,4.23,1
698,2,3,2.29,1
698,3,0,4.89,1
698,4,2,2.43,1
698,5,1,3.45,1
698,6,2,3.69,1
698,7,0,4.8,1
698,8,0,4.46,1
698,9,1,3.6,1
698,10,3,3.15,1
698,11,2,3.64,1
698,12,3,4.39,1
698,13,0,3.88,1
698,14,4,2.31,1
698,15,0,2.58,1
698,16,2,4.53,1
698,17,0,3.44,1
698,18,2,4.33,1
698,19,1,4.45,1
698,20,1,2.89,1
698,21,1,2.68,1
698,22,1,3.86,1
698,23,0,3.12,1
698,24,0,4.66,1
698,25,6,2.38,1
698,26,0,2.47,1
698,27,0,3.92,1
698,28,0,2.56,1
698,29,0,3.99,1
698,30,3,3.54,1
698,31,1,4.22,1
698,32,1,3.01,1
698,33,2,2.33,1
698,34,2,3.21,1
698,35,3,3.63,1
698,36,1,4.22,1
698,37,4,2.52,1
698,38,0,3.76,1
698,39,0,3.5,1
698,40,0,4.81,1
698,41,0,4.73,1
698,42,1,2.46,1
698,43,2,2.92,1
698,44,1,4.09,1
698,45,0,4.29,1
698,46,0,3.53,1
698,47,2,2.68,1
698,48,3,2.5,1
698,49,0,2.95,1
698,50,5,2.13,1
698,51,2,4.01,1
698,52,0,4.24,1
699,1,0,4.23,4
699,2,6,2.29,4
699,3,0,4.89,4
699,4,3,2.43,4
699,5,0,3.45,4
699,6,0,3.69,4
699,7,0,4.8,4
699,8,0,4.46,4
699,9,1,3.6,4
699,10,1,3.15,4
699,11,0,3.64,4
699,12,0,4.39,4
699,13,0,3.88,4
699,14,1,2.31,4
699,15,5,2.58,4
699,16,0,4.53,4
699,17,0,3.44,4
699,18,0,4.33,4
699,19,0,4.45,4
699,20,0,2.89,4
699,21,0,2.68,4
699,22,0,3.86,4
699,23,0,3.12,4
699,24,0,4.66,4
699,25,2,2.38,4
699,26,0,2.47,4
699,27,0,3.92,4
699,28,3,2.56,4
699,29,0,3.99,4
699,30,0,3.54,4
699,31,0,4.22,4
699,32,0,3.01,4
699,33,4,2.33,4
699,34,0,3.21,4
699,35,0,3.63,4
699,36,0,4.22,4
699,37,0,2.52,4
699,38,0,3.76,4
699,39,0,3.5,4
699,40,0,4.81,4
699,41,0,4.73,4
699,42,1,2.46,4
699,43,2,2.92,4
699,44,0,4.09,4
699,45,0,4.29,4
699,46,0,3.53,4
699,47,0,2.68,4
699,48,2,2.5,4
699,49,0,2.95,4
699,50,2,2.13,4
699,51,0,4.01,4
699,52,0,4.24,4
700,1,7,4.23,4
700,2,8,2.29,4
700,3,6,4.89,4
700,4,11,2.43,4
700,5,9,3.45,4
700,6,13,3.69,4
700,7,1,4.8,4
700,8,5,4.46,4
700,9,12,3.6,4
700,10,11,3.15,4
700,11,10,3.64,4
700,12,5,4.39,4
700,13,8,3.88,4
700,14,24,2.31,4
700,15,25,2.58,4
700,16,2,4.53,4
700,17,12,3.44,4
700,18,5,4.33,4
700,19,8,4.45,4
700,20,10,2.89,4
700,21,21,2.68,4
700,22,8,3.86,4
700,23,16,3.12,4
700,24,5,4.66,4
700,25,15,2.38,4
700,26,14,2.47,4
700,27,11,3.92,4
700,28,14,2.56,4
700,29,8,3.99,4
700,30,8,3.54,4
700,31,7,4.22,4
700,32,18,3.01,4
700,33,14,2.33,4
700,34,14,3.21,4
700,35,10,3.63,4
700,36,7,4.22,4
700,37,10,2.52,4
700,38,14,3.76,4
700,39,16,3.5,4
700,40,6,4.81,4
700,41,8,4.73,4
700,42,20,2.46,4
700,43,14,2.92,4
700,44,8,4.09,4
700,45,8,4.29,4
700,46,8,3.53,4
700,47,13,2.68,4
700,48,14,2.5,4
700,49,15,2.95,4
700,50,21,2.13,4
700,51,12,4.01,4
700,52,9,4.24,4
701,1,12,4.23,5
701,2,15,2.29,5
701,3,14,4.89,5
701,4,13,2.43,5
701,5,17,3.45,5
701,6,13,3.69,5
701,7,10,4.8,5
701,8,14,4.46,5
701,9,12,3.6,5
701,10,15,3.15,5
701,11,19,3.64,5
701,12,13,4.39,5
701,13,15,3.88,5
701,14,9,2.31,5
701,15,18,2.58,5
701,16,17,4.53,5
701,17,20,3.44,5
701,18,14,4.33,5
701,19,16,4.45,5
701,20,17,2.89,5
701,21,16,2.68,5
701,22,17,3.86,5
701,23,15,3.12,5
701,24,15,4.66,5
701,25,12,2.38,5
701,26,13,2.47,5
701,27,14,3.92,5
701,28,13,2.56,5
701,29,16,3.99,5
701,30,20,3.54,5
701,31,8,4.22,5
701,32,8,3.01,5
701,33,17,2.33,5
701,34,11,3.21,5
701,35,17,3.63,5
701,36,19,4.22,5
701,37,15,2.52,5
701,38,16,3.76,5
701,39,16,3.5,5
701,40,13,4.81,5
701,41,12,4.73,5
701,42,14,2.46,5
701,43,14,2.92,5
701,44,16,4.09,5
701,45,13,4.29,5
701,46,19,3.53,5
701,47,12,2.68,5
701,48,17,2.5,5
701,49,17,2.95,5
701,50,17,2.13,5
701,51,12,4.01,5
701,52,14,4.24,5
702,1,1,4.23,1
702,2,1,2.29,1
702,3,1,4.89,1
702,4,5,2.43,1
702,5,0,3.45,1
702,6,0,3.69,1
702,7,0,4.8,1
702,8,0,4.46,1
702,9,0,3.6,1
702,10,0,3.15,1
702,11,2,3.64,1
702,12,0,4.39,1
702,13,1,3.88,1
702,14,3,2.31,1
702,15,4,2.58,1
702,16,1,4.53,1
702,17,0,3.44,1
702,18,0,4.33,1
702,19,0,4.45,1
702,20,1,2.89,1
702,21,0,2.68,1
702,22,0,3.86,1
702,23,2,3.12,1
702,24,0,4.66,1
702,25,0,2.38,1
702,26,4,2.47,1
702,27,0,3.92,1
702,28,4,2.56,1
702,29,0,3.99,1
702,30,0,3.54,1
702,31,1,4.22,1
702,32,0,3.01,1
702,33,5,2.33,1
702,34,2,3.21,1
702,35,0,3.63,1
702,36,0,4.22,1
702,37,2,2.52,1
702,38,2,3.76,1
702,39,0,3.5,1
702,40,0,4.81,1
702,41,0,4.73,1
702,42,1,2.46,1
702,43,2,2.92,1
702,44,0,4.09,1
702,45,0,4.29,1
702,46,1,3.53,1
702,47,4,2.68,1
702,48,4,2.5,1
702,49,1,2.95,1
702,50,2,2.13,1
702,51,0,4.01,1
702,52,2,4.24,1
703,1,2,4.23,3
703,2,6,2.29,3
703,3,1,4.89,3
703,4,11,2.43,3
703,5,9,3.45,3
703,6,2,3.69,3
703,7,1,4.8,3
703,8,1,4.46,3
703,9,4,3.6,3
703,10,6,3.15,3
703,11,7,3.64,3
703,12,4,4.39,3
703,13,4,3.88,3
703,14,18,2.31,3
703,15,8,2.58,3
703,16,2,4.53,3
703,17,5,3.44,3
703,18,1,4.33,3
703,19,0,4.45,3
703,20,8,2.89,3
703,21,8,2.68,3
703,22,2,3.86,3
703,23,7,3.12,3
703,24,2,4.66,3
703,25,18,2.38,3
703,26,9,2.47,3
703,27,3,3.92,3
703,28,7,2.56,3
703,29,4,3.99,3
703,30,6,3.54,3
703,31,3,4.22,3
703,32,9,3.01,3
703,33,11,2.33,3
703,34,7,3.21,3
703,35,3,3.63,3
703,36,3,4.22,3
703,37,9,2.52,3
703,38,3,3.76,3
703,39,3,3.5,3
703,40,2,4.81,3
703,41,0,4.73,3
703,42,5,2.46,3
703,43,8,2.92,3
703,44,2,4.09,3
703,45,2,4.29,3
703,46,7,3.53,3
703,47,11,2.68,3
703,48,11,2.5,3
703,49,5,2.95,3
703,50,21,2.13,3
703,51,5,4.01,3
703,52,2,4.24,3
704,1,2,4.23,2
704,2,4,2.29,2
704,3,0,4.89,2
704,4,4,2.43,2
704,5,1,3.45,2
704,6,0,3.69,2
704,7,3,4.8,2
704,8,2,4.46,2
704,9,4,3.6,2
704,10,3,3.15,2
704,11,4,3.64,2
704,12,0,4.39,2
704,13,1,3.88,2
704,14,9,2.31,2
704,15,7,2.58,2
704,16,2,4.53,2
704,17,1,3.44,2
704,18,1,4.33,2
704,19,3,4.45,2
704,20,4,2.89,2
704,21,3,2.68,2
704,22,1,3.86,2
704,23,4,3.12,2
704,24,1,4.66,2
704,25,9,2.38,2
704,26,3,2.47,2
704,27,0,3.92,2
704,28,1,2.56,2
704,29,2,3.99,2
704,30,2,3.54,2
704,31,0,4.22,2
704,32,2,3.01,2
704,33,8,2.33,2
704,34,4,3.21,2
704,35,1,3.63,2
704,36,2,4.22,2
704,37,6,2.52,2
704,38,0,3.76,2
704,39,1,3.5,2
704,40,0,4.81,2
704,41,0,4.73,2
704,42,5,2.46,2
704,43,0,2.92,2
704,44,1,4.09,2
704,45,2,4.29,2
704,46,0,3.53,2
704,47,7,2.68,2
704,48,7,2.5,2
704,49,5,2.95,2
704,50,8,2.13,2
704,51,2,4.01,2
704,52,0,4.24,2
705,1,1,4.23,2
705,2,12,2.29,2
705,3,2,4.89,2
705,4,5,2.43,2
705,5,3,3.45,2
705,6,2,3.69,2
705,7,1,4.8,2
705,8,8,4.46,2
705,9,5,3.6,2
705,10,4,3.15,2
705,11,2,3.64,2
705,12,3,4.39,2
705,13,2,3.88,2
705,14,8,2.31,2
705,15,2,2.58,2
705,16,2,4.53,2
705,17,3,3.44,2
705,18,3,4.33,2
705,19,1,4.45,2
705,20,5,2.89,2
705,21,8,2.68,2
705,22,6,3.86,2
705,23,4,3.12,2
705,24,2,4.66,2
705,25,8,2.38,2
705,26,2,2.47,2
705,27,2,3.92,2
705,28,9,2.56,2
705,29,4,3.99,2
705,30,3,3.54,2
705,31,4,4.22,2
705,32,6,3.01,2
705,33,9,2.33,2
705,34,8,3.21,2
705,35,1,3.63,2
705,36,7,4.22,2
705,37,3,2.52,2
705,38,2,3.76,2
705,39,2,3.5,2
705,40,1,4.81,2
705,41,0,4.73,2
705,42,5,2.46,2
705,43,7,2.92,2
705,44,2,4.09,2
705,45,6,4.29,2
705,46,4,3.53,2
705,47,5,2.68,2
705,48,6,2.5,2
705,49,3,2.95,2
705,50,9,2.13,2
705,51,1,4.01,2
705,52,1,4.24,2
706,1,6,4.23,4
706,2,17,2.29,4
706,3,6,4.89,4
706,4,18,2.43,4
706,5,15,3.45,4
706,6,12,3.69,4
706,7,6,4.8,4
706,8,7,4.46,4
706,9,17,3.6,4
706,10,14,3.15,4
706,11,12,3.64,4
706,12,12,4.39,4
706,13,7,3.88,4
706,14,14,2.31,4
706,15,17,2.58,4
706,16,9,4.53,4
706,17,14,3.44,4
706,18,6,4.33,4
706,19,11,4.45,4
706,20,12,2.89,4
706,21,18,2.68,4
706,22,7,3.86,4
706,23,8,3.12,4
706,24,7,4.66,4
706,25,17,2.38,4
706,26,20,2.47,4
706,27,8,3.92,4
706,28,19,2.56,4
706,29,17,3.99,4
706,30,13,3.54,4
706,31,8,4.22,4
706,32,15,3.01,4
706,33,22,2.33,4
706,34,25,3.21,4
706,35,10,3.63,4
706,36,11,4.22,4
706,37,23,2.52,4
706,38,6,3.76,4
706,39,13,3.5,4
706,40,11,4.81,4
706,41,4,4.73,4
706,42,14,2.46,4
706,43,16,2.92,4
706,44,6,4.09,4
706,45,4,4.29,4
706,46,9,3.53,4
706,47,11,2.68,4
706,48,15,2.5,4
706,49,11,2.95,4
706,50,14,2.13,4
706,51,14,4.01,4
706,52,6,4.24,4
707,1,5,4.23,4
707,2,24,2.29,4
707,3,3,4.89,4
707,4,16,2.43,4
707,5,11,3.45,4
707,6,13,3.69,4
707,7,2,4.8,4
707,8,3,4.46,4
707,9,10,3.6,4
707,10,7,3.15,4
707,11,7,3.64,4
707,12,6,4.39,4
707,13,9,3.88,4
707,14,15,2.31,4
707,15,16,2.58,4
707,16,3,4.53,4
707,17,11,3.44,4
707,18,4,4.33,4
707,19,0,4.45,4
707,20,13,2.89,4
707,21,15,2.68,4
707,22,7,3.86,4
707,23,15,3.12,4
707,24,5,4.66,4
707,25,13,2.38,4
707,26,14,2.47,4
707,27,2,3.92,4
707,28,20,2.56,4
707,29,4,3.99,4
707,30,17,3.54,4
707,31,6,4.22,4
707,32,17,3.01,4
707,33,13,2.33,4
707,34,11,3.21,4
707,35,11,3.63,4
707,36,1,4.22,4
707,37,14,2.52,4
707,38,6,3.76,4
707,39,4,3.5,4
707,40,5,4.81,4
707,41,1,4.73,4
707,42,21,2.46,4
707,43,22,2.92,4
707,44,8,4.09,4
707,45,7,4.29,4
707,46,13,3.53,4
707,47,16,2.68,4
707,48,14,2.5,4
707,49,14,2.95,4
707,50,14,2.13,4
707,51,11,4.01,4
707,52,4,4.24,4
708,1,0,4.23,2
708,2,1,2.29,2
708,3,0,4.89,2
708,4,2,2.43,2
708,5,0,3.45,2
708,6,0,3.69,2
708,7,0,4.8,2
708,8,0,4.46,2
708,9,0,3.6,2
708,10,0,3.15,2
708,11,0,3.64,2
708,12,0,4.39,2
708,13,0,3.88,2
708,14,3,2.31,2
708,15,0,2.58,2
708,16,0,4.53,2
708,17,0,3.44,2
708,18,0,4.33,2
708,19,0,4.45,2
708,20,0,2.89,2
708,21,0,2.68,2
708,22,0,3.86,2
708,23,0,3.12,2
708,24,0,4.66,2
708,25,0,2.38,2
708,26,0,2.47,2
708,27,0,3.92,2
708,28,0,2.56,2
708,29,0,3.99,2
708,30,0,3.54,2
708,31,0,4.22,2
708,32,2,3.01,2
708,33,3,2.33,2
708,34,1,3.21,2
708,35,0,3.63,2
708,36,0,4.22,2
708,37,0,2.52,2
708,38,1,3.76,2
708,39,0,3.5,2
708,40,0,4.81,2
708,41,0,4.73,2
708,42,0,2.46,2
708,43,0,2.92,2
708,44,0,4.09,2
708,45,0,4.29,2
708,46,0,3.53,2
708,47,0,2.68,2
708,48,0,2.5,2
708,49,1,2.95,2
708,50,3,2.13,2
708,51,0,4.01,2
708,52,0,4.24,2
709,1,0,4.23,5
709,2,6,2.29,5
709,3,0,4.89,5
709,4,3,2.43,5
709,5,1,3.45,5
709,6,1,3.69,5
709,7,0,4.8,5
709,8,0,4.46,5
709,9,2,3.6,5
709,10,2,3.15,5
709,11,0,3.64,5
709,12,0,4.39,5
709,13,0,3.88,5
709,14,2,2.31,5
709,15,5,2.58,5
709,16,0,4.53,5
709,17,0,3.44,5
709,18,0,4.33,5
709,19,0,4.45,5
709,20,4,2.89,5
709,21,1,2.68,5
709,22,0,3.86,5
709,23,1,3.12,5
709,24,0,4.66,5
709,25,2,2.38,5
709,26,3,2.47,5
709,27,0,3.92,5
709,28,6,2.56,5
709,29,0,3.99,5
709,30,0,3.54,5
709,31,0,4.22,5
709,32,1,3.01,5
709,33,4,2.33,5
709,34,1,3.21,5
709,35,1,3.63,5
709,36,0,4.22,5
709,37,3,2.52,5
709,38,0,3.76,5
709,39,0,3.5,5
709,40,0,4.81,5
709,41,0,4.73,5
709,42,4,2.46,5
709,43,5,2.92,5
709,44,0,4.09,5
709,45,0,4.29,5
709,46,0,3.53,5
709,47,4,2.68,5
709,48,3,2.5,5
709,49,2,2.95,5
709,50,3,2.13,5
709,51,0,4.01,5
709,52,0,4.24,5
710,1,0,4.23,5
710,2,3,2.29,5
710,3,0,4.89,5
710,4,3,2.43,5
710,5,0,3.45,5
710,6,0,3.69,5
710,7,0,4.8,5
710,8,0,4.46,5
710,9,0,3.6,5
710,10,1,3.15,5
710,11,0,3.64,5
710,12,0,4.39,5
710,13,1,3.88,5
710,14,5,2.31,5
710,15,1,2.58,5
710,16,0,4.53,5
710,17,1,3.44,5
710,18,0,4.33,5
710,19,0,4.45,5
710,20,2,2.89,5
710,21,3,2.68,5
710,22,0,3.86,5
710,23,1,3.12,5
710,24,1,4.66,5
710,25,3,2.38,5
710,26,2,2.47,5
710,27,0,3.92,5
710,28,2,2.56,5
710,29,1,3.99,5
710,30,0,3.54,5
710,31,1,4.22,5
710,32,3,3.01,5
710,33,3,2.33,5
710,34,1,3.21,5
710,35,4,3.63,5
710,36,0,4.22,5
710,37,2,2.52,5
710,38,0,3.76,5
710,39,4,3.5,5
710,40,0,4.81,5
710,41,0,4.73,5
710,42,2,2.46,5
710,43,0,2.92,5
710,44,1,4.09,5
710,45,0,4.29,5
710,46,0,3.53,5
710,47,1,2.68,5
710,48,7,2.5,5
710,49,3,2.95,5
710,50,4,2.13,5
710,51,1,4.01,5
710,52,0,4.24,5
711,1,1,4.23,1
711,2,2,2.29,1
711,3,0,4.89,1
711,4,5,2.43,1
711,5,5,3.45,1
711,6,1,3.69,1
711,7,0,4.8,1
711,8,1,4.46,1
711,9,1,3.6,1
711,10,2,3.15,1
711,11,2,3.64,1
711,12,0,4.39,1
711,13,2,3.88,1
711,14,4,2.31,1
711,15,2,2.58,1
711,16,0,4.53,1
711,17,0,3.44,1
711,18,1,4.33,1
711,19,0,4.45,1
711,20,3,2.89,1
711,21,2,2.68,1
711,22,0,3.86,1
711,23,1,3.12,1
711,24,0,4.66,1
711,25,1,2.38,1
711,26,4,2.47,1
711,27,1,3.92,1
711,28,0,2.56,1
711,29,0,3.99,1
711,30,1,3.54,1
711,31,0,4.22,1
711,32,2,3.01,1
711,33,6,2.33,1
711,34,1,3.21,1
711,35,1,3.63,1
711,36,1,4.22,1
711,37,3,2.52,1
711,38,2,3.76,1
711,39,0,3.5,1
711,40,0,4.81,1
711,41,0,4.73,1
711,42,3,2.46,1
711,43,0,2.92,1
711,44,1,4.09,1
711,45,1,4.29,1
711,46,0,3.53,1
711,47,2,2.68,1
711,48,4,2.5,1
711,49,2,2.95,1
711,50,8,2.13,1
711,51,0,4.01,1
711,52,0,4.24,1
712,1,0,4.23,1
712,2,0,2.29,1
712,3,0,4.89,1
712,4,0,2.43,1
712,5,0,3.45,1
712,6,0,3.69,1
712,7,0,4.8,1
712,8,0,4.46,1
712,9,0,3.6,1
712,10,0,3.15,1
712,11,0,3.64,1
712,12,0,4.39,1
712,13,0,3.88,1
712,14,0,2.31,1
712,15,0,2.58,1
712,16,0,4.53,1
712,17,0,3.44,1
712,18,0,4.33,1
712,19,0,4.45,1
712,20,0,2.89,1
712,21,0,2.68,1
712,22,0,3.86,1
712,23,0,3.12,1
712,24,0,4.66,1
712,25,2,2.38,1
712,26,1,2.47,1
712,27,0,3.92,1
712,28,1,2.56,1
712,29,0,3.99,1
712,30,0,3.54,1
712,31,0,4.22,1
712,32,0,3.01,1
712,33,0,2.33,1
712,34,0,3.21,1
712,35,0,3.63,1
712,36,0,4.22,1
712,37,0,2.52,1
712,38,0,3.76,1
712,39,0,3.5,1
712,40,0,4.81,1
712,41,0,4.73,1
712,42,1,2.46,1
712,43,0,2.92,1
712,44,0,4.09,1
712,45,0,4.29,1
712,46,0,3.53,1
712,47,1,2.68,1
712,48,0,2.5,1
712,49,1,2.95,1
712,50,1,2.13,1
712,51,0,4.01,1
712,52,0,4.24,1
713,1,16,4.23,5
713,2,9,2.29,5
713,3,8,4.89,5
713,4,20,2.43,5
713,5,24,3.45,5
713,6,18,3.69,5
713,7,5,4.8,5
713,8,5,4.46,5
713,9,19,3.6,5
713,10,15,3.15,5
713,11,11,3.64,5
713,12,13,4.39,5
713,13,8,3.88,5
713,14,8,2.31,5
713,15,15,2.58,5
713,16,3,4.53,5
713,17,19,3.44,5
713,18,9,4.33,5
713,19,1,4.45,5
713,20,12,2.89,5
713,21,25,2.68,5
713,22,15,3.86,5
713,23,13,3.12,5
713,24,7,4.66,5
713,25,21,2.38,5
713,26,12,2.47,5
713,27,13,3.92,5
713,28,10,2.56,5
713,29,16,3.99,5
713,30,18,3.54,5
713,31,10,4.22,5
713,32,14,3.01,5
713,33,14,2.33,5
713,34,16,3.21,5
713,35,14,3.63,5
713,36,7,4.22,5
713,37,17,2.52,5
713,38,12,3.76,5
713,39,18,3.5,5
713,40,5,4.81,5
713,41,5,4.73,5
713,42,13,2.46,5
713,43,14,2.92,5
713,44,11,4.09,5
713,45,7,4.29,5
713,46,13,3.53,5
713,47,17,2.68,5
713,48,13,2.5,5
713,49,15,2.95,5
713,50,10,2.13,5
713,51,15,4.01,5
713,52,5,4.24,5
714,1,4,4.23,3
714,2,10,2.29,3
714,3,3,4.89,3
714,4,4,2.43,3
714,5,4,3.45,3
714,6,4,3.69,3
714,7,1,4.8,3
714,8,2,4.46,3
714,9,4,3.6,3
714,10,7,3.15,3
714,11,4,3.64,3
714,12,3,4.39,3
714,13,1,3.88,3
714,14,21,2.31,3
714,15,11,2.58,3
714,16,1,4.53,3
714,17,3,3.44,3
714,18,1,4.33,3
714,19,2,4.45,3
714,20,5,2.89,3
714,21,11,2.68,3
714,22,1,3.86,3
714,23,6,3.12,3
714,24,3,4.66,3
714,25,11,2.38,3
714,26,12,2.47,3
714,27,2,3.92,3
714,28,10,2.56,3
714,29,4,3.99,3
714,30,5,3.54,3
714,31,2,4.22,3
714,32,5,3.01,3
714,33,11,2.33,3
714,34,9,3.21,3
714,35,3,3.63,3
714,36,1,4.22,3
714,37,3,2.52,3
714,38,3,3.76,3
714,39,4,3.5,3
714,40,1,4.81,3
714,41,1,4.73,3
714,42,10,2.46,3
714,43,5,2.92,3
714,44,2,4.09,3
714,45,3,4.29,3
714,46,6,3.53,3
714,47,10,2.68,3
714,48,8,2.5,3
714,49,7,2.95,3
714,50,13,2.13,3
714,51,4,4.01,3
714,52,4,4.24,3
715,1,0,4.23,1
715,2,2,2.29,1
715,3,1,4.89,1
715,4,3,2.43,1
715,5,0,3.45,1
715,6,5,3.69,1
715,7,1,4.8,1
715,8,0,4.46,1
715,9,2,3.6,1
715,10,4,3.15,1
715,11,1,3.64,1
715,12,2,4.39,1
715,13,3,3.88,1
715,14,3,2.31,1
715,15,1,2.58,1
715,16,2,4.53,1
715,17,2,3.44,1
715,18,0,4.33,1
715,19,0,4.45,1
715,20,4,2.89,1
715,21,0,2.68,1
715,22,0,3.86,1
715,23,5,3.12,1
715,24,2,4.66,1
715,25,4,2.38,1
715,26,7,2.47,1
715,27,0,3.92,1
715,28,3,2.56,1
715,29,2,3.99,1
715,30,2,3.54,1
715,31,0,4.22,1
715,32,1,3.01,1
715,33,8,2.33,1
715,34,1,3.21,1
715,35,2,3.63,1
715,36,1,4.22,1
715,37,3,2.52,1
715,38,0,3.76,1
715,39,1,3.5,1
715,40,3,4.81,1
715,41,3,4.73,1
715,42,2,2.46,1
715,43,1,2.92,1
715,44,0,4.09,1
715,45,2,4.29,1
715,46,4,3.53,1
715,47,2,2.68,1
715,48,4,2.5,1
715,49,2,2.95,1
715,50,2,2.13,1
715,51,1,4.01,1
715,52,2,4.24,1
716,1,2,4.23,3
716,2,9,2.29,3
716,3,3,4.89,3
716,4,13,2.43,3
716,5,11,3.45,3
716,6,7,3.69,3
716,7,4,4.8,3
716,8,2,4.46,3
716,9,7,3.6,3
716,10,5,3.15,3
716,11,10,3.64,3
716,12,4,4.39,3
716,13,3,3.88,3
716,14,16,2.31,3
716,15,9,2.58,3
716,16,3,4.53,3
716,17,6,3.44,3
716,18,4,4.33,3
716,19,4,4.45,3
716,20,9,2.89,3
716,21,10,2.68,3
716,22,5,3.86,3
716,23,9,3.12,3
716,24,2,4.66,3
716,25,10,2.38,3
716,26,14,2.47,3
716,27,11,3.92,3
716,28,12,2.56,3
716,29,2,3.99,3
716,30,5,3.54,3
716,31,5,4.22,3
716,32,5,3.01,3
716,33,14,2.33,3
716,34,8,3.21,3
716,35,6,3.63,3
716,36,2,4.22,3
716,37,10,2.52,3
716,38,8,3.76,3
716,39,3,3.5,3
716,40,2,4.81,3
716,41,2,4.73,3
716,42,7,2.46,3
716,43,7,2.92,3
716,44,5,4.09,3
716,45,2,4.29,3
716,46,7,3.53,3
716,47,8,2.68,3
716,48,7,2.5,3
716,49,9,2.95,3
716,50,10,2.13,3
716,51,2,4.01,3
716,52,5,4.24,3
717,1,7,4.23,3
717,2,19,2.29,3
717,3,3,4.89,3
717,4,7,2.43,3
717,5,10,3.45,3
717,6,10,3.69,3
717,7,4,4.8,3
717,8,2,4.46,3
717,9,4,3.6,3
717,10,10,3.15,3
717,11,1,3.64,3
717,12,5,4.39,3
717,13,2,3.88,3
717,14,15,2.31,3
717,15,8,2.58,3
717,16,3,4.53,3
717,17,6,3.44,3
717,18,9,4.33,3
717,19,6,4.45,3
717,20,4,2.89,3
717,21,8,2.68,3
717,22,9,3.86,3
717,23,3,3.12,3
717,24,5,4.66,3
717,25,13,2.38,3
717,26,8,2.47,3
717,27,3,3.92,3
717,28,5,2.56,3
717,29,9,3.99,3
717,30,7,3.54,3
717,31,4,4.22,3
717,32,10,3.01,3
717,33,14,2.33,3
717,34,5,3.21,3
717,35,1,3.63,3
717,36,4,4.22,3
717,37,5,2.52,3
717,38,5,3.76,3
717,39,9,3.5,3
717,40,2,4.81,3
717,41,5,4.73,3
717,42,10,2.46,3
717,43,7,2.92,3
717,44,4,4.09,3
717,45,5,4.29,3
717,46,7,3.53,3
717,47,9,2.68,3
717,48,11,2.5,3
717,49,6,2.95,3
717,50,12,2.13,3
717,51,4,4.01,3
717,52,1,4.24,3
718,1,5,4.23,3
718,2,9,2.29,3
718,3,0,4.89,3
718,4,10,2.43,3
718,5,7,3.45,3
718,6,4,3.69,3
718,7,5,4.8,3
718,8,3,4.46,3
718,9,6,3.6,3
718,10,13,3.15,3
718,11,3,3.64,3
718,12,10,4.39,3
718,13,8,3.88,3
718,14,10,2.31,3
718,15,8,2.58,3
718,16,3,4.53,3
718,17,7,3.44,3
718,18,4,4.33,3
718,19,5,4.45,3
718,20,10,2.89,3
718,21,11,2.68,3
718,22,9,3.86,3
718,23,12,3.12,3
718,24,3,4.66,3
718,25,13,2.38,3
718,26,10,2.47,3
718,27,3,3.92,3
718,28,11,2.56,3
718,29,8,3.99,3
718,30,7,3.54,3
718,31,5,4.22,3
718,32,8,3.01,3
718,33,8,2.33,3
718,34,4,3.21,3
718,35,5,3.63,3
718,36,3,4.22,3
718,37,20,2.52,3
718,38,5,3.76,3
718,39,15,3.5,3
718,40,8,4.81,3
718,41,1,4.73,3
718,42,10,2.46,3
718,43,10,2.92,3
718,44,8,4.09,3
718,45,5,4.29,3
718,46,6,3.53,3
718,47,5,2.68,3
718,48,17,2.5,3
718,49,16,2.95,3
718,50,9,2.13,3
718,51,3,4.01,3
718,52,3,4.24,3
719,1,3,4.23,4
719,2,16,2.29,4
719,3,1,4.89,4
719,4,10,2.43,4
719,5,7,3.45,4
719,6,15,3.69,4
719,7,1,4.8,4
719,8,3,4.46,4
719,9,3,3.6,4
719,10,15,3.15,4
719,11,3,3.64,4
719,12,3,4.39,4
719,13,6,3.88,4
719,14,14,2.31,4
719,15,12,2.58,4
719,16,6,4.53,4
719,17,8,3.44,4
719,18,3,4.33,4
719,19,4,4.45,4
719,20,17,2.89,4
719,21,6,2.68,4
719,22,7,3.86,4
719,23,13,3.12,4
719,24,5,4.66,4
719,25,16,2.38,4
719,26,10,2.47,4
719,27,2,3.92,4
719,28,12,2.56,4
719,29,13,3.99,4
719,30,7,3.54,4
719,31,5,4.22,4
719,32,12,3.01,4
719,33,8,2.33,4
719,34,17,3.21,4
719,35,12,3.63,4
719,36,2,4.22,4
719,37,17,2.52,4
719,38,5,3.76,4
719,39,10,3.5,4
719,40,5,4.81,4
719,41,6,4.73,4
719,42,23,2.46,4
719,43,7,2.92,4
719,44,1,4.09,4
719,45,4,4.29,4
719,46,10,3.53,4
719,47,12,2.68,4
719,48,18,2.5,4
719,49,19,2.95,4
719,50,17,2.13,4
719,51,6,4.01,4
719,52,8,4.24,4
720,1,0,4.23,1
720,2,2,2.29,1
720,3,0,4.89,1
720,4,3,2.43,1
720,5,0,3.45,1
720,6,2,3.69,1
720,7,0,4.8,1
720,8,0,4.46,1
720,9,0,3.6,1
720,10,0,3.15,1
720,11,1,3.64,1
720,12,1,4.39,1
720,13,1,3.88,1
720,14,1,2.31,1
720,15,2,2.58,1
720,16,0,4.53,1
720,17,1,3.44,1
720,18,2,4.33,1
720,19,1,4.45,1
720,20,3,2.89,1
720,21,2,2.68,1
720,22,1,3.86,1
720,23,0,3.12,1
720,24,0,4.66,1
720,25,1,2.38,1
720,26,1,2.47,1
720,27,1,3.92,1
720,28,2,2.56,1
720,29,0,3.99,1
720,30,3,3.54,1
720,31,2,4.22,1
720,32,2,3.01,1
720,33,2,2.33,1
720,34,1,3.21,1
720,35,0,3.63,1
720,36,0,4.22,1
720,37,0,2.52,1
720,38,1,3.76,1
720,39,0,3.5,1
720,40,0,4.81,1
720,41,0,4.73,1
720,42,7,2.46,1
720,43,1,2.92,1
720,44,0,4.09,1
720,45,0,4.29,1
720,46,0,3.53,1
720,47,4,2.68,1
720,48,0,2.5,1
720,49,2,2.95,1
720,50,4,2.13,1
720,51,0,4.01,1
720,52,0,4.24,1
721,1,10,4.23,5
721,2,8,2.29,5
721,3,4,4.89,5
721,4,18,2.43,5
721,5,23,3.45,5
721,6,13,3.69,5
721,7,7,4.8,5
721,8,7,4.46,5
721,9,16,3.6,5
721,10,10,3.15,5
721,11,19,3.64,5
721,12,7,4.39,5
721,13,11,3.88,5
721,14,14,2.31,5
721,15,12,2.58,5
721,16,4,4.53,5
721,17,13,3.44,5
721,18,8,4.33,5
721,19,4,4.45,5
721,20,10,2.89,5
721,21,19,2.68,5
721,22,9,3.86,5
721,23,10,3.12,5
721,24,7,4.66,5
721,25,14,2.38,5
721,26,20,2.47,5
721,27,13,3.92,5
721,28,10,2.56,5
721,29,11,3.99,5
721,30,12,3.54,5
721,31,11,4.22,5
721,32,14,3.01,5
721,33,18,2.33,5
721,34,6,3.21,5
721,35,14,3.63,5
721,36,8,4.22,5
721,37,15,2.52,5
721,38,14,3.76,5
721,39,15,3.5,5
721,40,7,4.81,5
721,41,5,4.73,5
721,42,10,2.46,5
721,43,12,2.92,5
721,44,13,4.09,5
721,45,12,4.29,5
721,46,19,3.53,5
721,47,24,2.68,5
721,48,20,2.5,5
721,49,12,2.95,5
721,50,11,2.13,5
721,51,10,4.01,5
721,52,5,4.24,5
722,1,4,4.23,3
722,2,17,2.29,3
722,3,3,4.89,3
722,4,11,2.43,3
722,5,8,3.45,3
722,6,10,3.69,3
722,7,2,4.8,3
722,8,8,4.46,3
722,9,5,3.6,3
722,10,6,3.15,3
722,11,5,3.64,3
722,12,7,4.39,3
722,13,11,3.88,3
722,14,17,2.31,3
722,15,12,2.58,3
722,16,2,4.53,3
722,17,4,3.44,3
722,18,5,4.33,3
722,19,4,4.45,3
722,20,10,2.89,3
722,21,10,2.68,3
722,22,9,3.86,3
722,23,13,3.12,3
722,24,5,4.66,3
722,25,10,2.38,3
722,26,15,2.47,3
722,27,3,3.92,3
722,28,14,2.56,3
722,29,1,3.99,3
722,30,7,3.54,3
722,31,7,4.22,3
722,32,7,3.01,3
722,33,16,2.33,3
722,34,6,3.21,3
722,35,6,3.63,3
722,36,9,4.22,3
722,37,12,2.52,3
722,38,6,3.76,3
722,39,10,3.5,3
722,40,0,4.81,3
722,41,4,4.73,3
722,42,12,2.46,3
722,43,8,2.92,3
722,44,6,4.09,3
722,45,6,4.29,3
722,46,3,3.53,3
722,47,10,2.68,3
722,48,9,2.5,3
722,49,9,2.95,3
722,50,11,2.13,3
722,51,5,4.01,3
722,52,4,4.24,3
723,1,13,4.23,5
723,2,7,2.29,5
723,3,15,4.89,5
723,4,17,2.43,5
723,5,11,3.45,5
723,6,14,3.69,5
723,7,12,4.8,5
723,8,13,4.46,5
723,9,17,3.6,5
723,10,14,3.15,5
723,11,8,3.64,5
723,12,20,4.39,5
723,13,19,3.88,5
723,14,11,2.31,5
723,15,22,2.58,5
723,16,21,4.53,5
723,17,20,3.44,5
723,18,16,4.33,5
723,19,14,4.45,5
723,20,15,2.89,5
723,21,15,2.68,5
723,22,13,3.86,5
723,23,19,3.12,5
723,24,13,4.66,5
723,25,11,2.38,5
723,26,12,2.47,5
723,27,13,3.92,5
723,28,13,2.56,5
723,29,22,3.99,5
723,30,13,3.54,5
723,31,17,4.22,5
723,32,20,3.01,5
723,33,19,2.33,5
723,34,18,3.21,5
723,35,14,3.63,5
723,36,11,4.22,5
723,37,21,2.52,5
723,38,11,3.76,5
723,39,7,3.5,5
723,40,6,4.81,5
723,41,11,4.73,5
723,42,16,2.46,5
723,43,12,2.92,5
723,44,18,4.09,5
723,45,15,4.29,5
723,46,11,3.53,5
723,47,12,2.68,5
723,48,14,2.5,5
723,49,15,2.95,5
723,50,17,2.13,5
723,51,14,4.01,5
723,52,9,4.24,5
724,1,10,4.23,4
724,2,8,2.29,4
724,3,4,4.89,4
724,4,15,2.43,4
724,5,14,3.45,4
724,6,8,3.69,4
724,7,6,4.8,4
724,8,7,4.46,4
724,9,7,3.6,4
724,10,13,3.15,4
724,11,11,3.64,4
724,12,10,4.39,4
724,13,7,3.88,4
724,14,11,2.31,4
724,15,12,2.58,4
724,16,3,4.53,4
724,17,12,3.44,4
724,18,7,4.33,4
724,19,9,4.45,4
724,20,12,2.89,4
724,21,11,2.68,4
724,22,13,3.86,4
724,23,18,3.12,4
724,24,7,4.66,4
724,25,9,2.38,4
724,26,14,2.47,4
724,27,18,3.92,4
724,28,14,2.56,4
724,29,4,3.99,4
724,30,15,3.54,4
724,31,7,4.22,4
724,32,19,3.01,4
724,33,13,2.33,4
724,34,17,3.21,4
724,35,11,3.63,4
724,36,8,4.22,4
724,37,4,2.52,4
724,38,8,3.76,4
724,39,12,3.5,4
724,40,7,4.81,4
724,41,11,4.73,4
724,42,13,2.46,4
724,43,12,2.92,4
724,44,10,4.09,4
724,45,5,4.29,4
724,46,20,3.53,4
724,47,7,2.68,4
724,48,10,2.5,4
724,49,9,2.95,4
724,50,9,2.13,4
724,51,13,4.01,4
724,52,13,4.24,4
725,1,0,4.23,1
725,2,2,2.29,1
725,3,0,4.89,1
725,4,0,2.43,1
725,5,1,3.45,1
725,6,0,3.69,1
725,7,0,4.8,1
725,8,0,4.46,1
725,9,0,3.6,1
725,10,1,3.15,1
725,11,0,3.64,1
725,12,0,4.39,1
725,13,0,3.88,1
725,14,1,2.31,1
725,15,0,2.58,1
725,16,0,4.53,1
725,17,0,3.44,1
725,18,0,4.33,1
725,19,0,4.45,1
725,20,0,2.89,1
725,21,1,2.68,1
725,22,0,3.86,1
725,23,0,3.12,1
725,24,0,4.66,1
725,25,0,2.38,1
725,26,0,2.47,1
725,27,0,3.92,1
725,28,0,2.56,1
725,29,0,3.99,1
725,30,0,3.54,1
725,31,0,4.22,1
725,32,0,3.01,1
725,33,0,2.33,1
725,34,0,3.21,1
725,35,0,3.63,1
725,36,0,4.22,1
725,37,0,2.52,1
725,38,0,3.76,1
725,39,0,3.5,1
725,40,0,4.81,1
725,41,0,4.73,1
725,42,0,2.46,1
725,43,0,2.92,1
725,44,0,4.09,1
725,45,0,4.29,1
725,46,0,3.53,1
725,47,1,2.68,1
725,48,1,2.5,1
725,49,0,2.95,1
725,50,1,2.13,1
725,51,0,4.01,1
725,52,0,4.24,1
726,1,19,4.23,5
726,2,11,2.29,5
726,3,9,4.89,5
726,4,16,2.43,5
726,5,14,3.45,5
726,6,14,3.69,5
726,7,17,4.8,5
726,8,12,4.46,5
726,9,17,3.6,5
726,10,21,3.15,5
726,11,14,3.64,5
726,12,10,4.39,5
726,13,19,3.88,5
726,14,16,2.31,5
726,15,20,2.58,5
726,16,17,4.53,5
726,17,16,3.44,5
726,18,15,4.33,5
726,19,20,4.45,5
726,20,15,2.89,5
726,21,20,2.68,5
726,22,16,3.86,5
726,23,17,3.12,5
726,24,6,4.66,5
726,25,21,2.38,5
726,26,13,2.47,5
726,27,16,3.92,5
726,28,14,2.56,5
726,29,20,3.99,5
726,30,14,3.54,5
726,31,17,4.22,5
726,32,13,3.01,5
726,33,18,2.33,5
726,34,18,3.21,5
726,35,19,3.63,5
726,36,12,4.22,5
726,37,13,2.52,5
726,38,13,3.76,5
726,39,11,3.5,5
726,40,10,4.81,5
726,41,12,4.73,5
726,42,14,2.46,5
726,43,20,2.92,5
726,44,15,4.09,5
726,45,12,4.29,5
726,46,14,3.53,5
726,47,17,2.68,5
726,48,11,2.5,5
726,49,14,2.95,5
726,50,17,2.13,5
726,51,10,4.01,5
726,52,14,4.24,5
727,1,0,4.23,4
727,2,2,2.29,4
727,3,0,4.89,4
727,4,4,2.43,4
727,5,2,3.45,4
727,6,1,3.69,4
727,7,0,4.8,4
727,8,1,4.46,4
727,9,0,3.6,4
727,10,2,3.15,4
727,11,0,3.64,4
727,12,0,4.39,4
727,13,0,3.88,4
727,14,1,2.31,4
727,15,2,2.58,4
727,16,0,4.53,4
727,17,0,3.44,4
727,18,0,4.33,4
727,19,0,4.45,4
727,20,2,2.89,4
727,21,0,2.68,4
727,22,0,3.86,4
727,23,0,3.12,4
727,24,0,4.66,4
727,25,2,2.38,4
727,26,3,2.47,4
727,27,0,3.92,4
727,28,0,2.56,4
727,29,0,3.99,4
727,30,0,3.54,4
727,31,0,4.22,4
727,32,2,3.01,4
727,33,2,2.33,4
727,34,0,3.21,4
727,35,0,3.63,4
727,36,0,4.22,4
727,37,2,2.52,4
727,38,0,3.76,4
727,39,1,3.5,4
727,40,0,4.81,4
727,41,0,4.73,4
727,42,0,2.46,4
727,43,1,2.92,4
727,44,0,4.09,4
727,45,0,4.29,4
727,46,0,3.53,4
727,47,1,2.68,4
727,48,0,2.5,4
727,49,1,2.95,4
727,50,4,2.13,4
727,51,0,4.01,4
727,52,0,4.24,4
728,1,0,4.23,1
728,2,2,2.29,1
728,3,2,4.89,1
728,4,0,2.43,1
728,5,3,3.45,1
728,6,2,3.69,1
728,7,0,4.8,1
728,8,2,4.46,1
728,9,1,3.6,1
728,10,2,3.15,1
728,11,1,3.64,1
728,12,0,4.39,1
728,13,2,3.88,1
728,14,5,2.31,1
728,15,4,2.58,1
728,16,0,4.53,1
728,17,3,3.44,1
728,18,4,4.33,1
728,19,0,4.45,1
728,20,2,2.89,1
728,21,2,2.68,1
728,22,0,3.86,1
728,23,4,3.12,1
728,24,2,4.66,1
728,25,0,2.38,1
728,26,3,2.47,1
728,27,3,3.92,1
728,28,1,2.56,1
728,29,0,3.99,1
728,30,3,3.54,1
728,31,3,4.22,1
728,32,1,3.01,1
728,33,1,2.33,1
728,34,5,3.21,1
728,35,6,3.63,1
728,36,1,4.22,1
728,37,1,2.52,1
728,38,1,3.76,1
728,39,1,3.5,1
728,40,0,4.81,1
728,41,2,4.73,1
728,42,5,2.46,1
728,43,3,2.92,1
728,44,2,4.09,1
728,45,1,4.29,1
728,46,0,3.53,1
728,47,1,2.68,1
728,48,2,2.5,1
728,49,1,2.95,1
728,50,4,2.13,1
728,51,2,4.01,1
728,52,5,4.24,1
729,1,5,4.23,4
729,2,13,2.29,4
729,3,2,4.89,4
729,4,11,2.43,4
729,5,6,3.45,4
729,6,7,3.69,4
729,7,0,4.8,4
729,8,4,4.46,4
729,9,6,3.6,4
729,10,10,3.15,4
729,11,15,3.64,4
729,12,7,4.39,4
729,13,6,3.88,4
729,14,11,2.31,4
729,15,18,2.58,4
729,16,5,4.53,4
729,17,16,3.44,4
729,18,4,4.33,4
729,19,5,4.45,4
729,20,20,2.89,4
729,21,14,2.68,4
729,22,1,3.86,4
729,23,18,3.12,4
729,24,3,4.66,4
729,25,23,2.38,4
729,26,20,2.47,4
729,27,5,3.92,4
729,28,27,2.56,4
729,29,2,3.99,4
729,30,9,3.54,4
729,31,8,4.22,4
729,32,14,3.01,4
729,33,16,2.33,4
729,34,15,3.21,4
729,35,5,3.63,4
729,36,3,4.22,4
729,37,20,2.52,4
729,38,11,3.76,4
729,39,4,3.5,4
729,40,2,4.81,4
729,41,3,4.73,4
729,42,21,2.46,4
729,43,15,2.92,4
729,44,3,4.09,4
729,45,6,4.29,4
729,46,11,3.53,4
729,47,16,2.68,4
729,48,19,2.5,4
729,49,20,2.95,4
729,50,9,2.13,4
729,51,9,4.01,4
729,52,5,4.24,4
730,1,1,4.23,1
730,2,1,2.29,1
730,3,0,4.89,1
730,4,0,2.43,1
730,5,0,3.45,1
730,6,0,3.69,1
730,7,0,4.8,1
730,8,0,4.46,1
730,9,0,3.6,1
730,10,1,3.15,1
730,11,2,3.64,1
730,12,0,4.39,1
730,13,0,3.88,1
730,14,0,2.31,1
730,15,1,2.58,1
730,16,0,4.53,1
730,17,0,3.44,1
730,18,0,4.33,1
730,19,0,4.45,1
730,20,0,2.89,1
730,21,0,2.68,1
730,22,0,3.86,1
730,23,0,3.12,1
730,24,0,4.66,1
730,25,0,2.38,1
730,26,0,2.47,1
730,27,0,3.92,1
730,28,0,2.56,1
730,29,0,3.99,1
730,30,0,3.54,1
730,31,0,4.22,1
730,32,0,3.01,1
730,33,0,2.33,1
730,34,0,3.21,1
730,35,1,3.63,1
730,36,0,4.22,1
730,37,0,2.52,1
730,38,0,3.76,1
730,39,0,3.5,1
730,40,0,4.81,1
730,41,0,4.73,1
730,42,0,2.46,1
730,43,0,2.92,1
730,44,0,4.09,1
730,45,0,4.29,1
730,46,0,3.53,1
730,47,0,2.68,1
730,48,1,2.5,1
730,49,0,2.95,1
730,50,0,2.13,1
730,51,0,4.01,1
730,52,0,4.24,1
731,1,0,4.23,1
731,2,0,2.29,1
731,3,0,4.89,1
731,4,1,2.43,1
731,5,0,3.45,1
731,6,1,3.69,1
731,7,0,4.8,1
731,8,0,4.46,1
731,9,0,3.6,1
731,10,1,3.15,1
731,11,0,3.64,1
731,12,0,4.39,1
731,13,0,3.88,1
731,14,1,2.31,1
731,15,0,2.58,1
731,16,0,4.53,1
731,17,1,3.44,1
731,18,0,4.33,1
731,19,0,4.45,1
731,20,0,2.89,1
731,21,0,2.68,1
731,22,0,3.86,1
731,23,1,3.12,1
731,24,0,4.66,1
731,25,2,2.38,1
731,26,0,2.47,1
731,27,0,3.92,1
731,28,0,2.56,1
731,29,0,3.99,1
731,30,0,3.54,1
731,31,0,4.22,1
731,32,0,3.01,1
731,33,0,2.33,1
731,34,0,3.21,1
731,35,0,3.63,1
731,36,0,4.22,1
731,37,1,2.52,1
731,38,0,3.76,1
731,39,0,3.5,1
731,40,0,4.81,1
731,41,0,4.73,1
731,42,1,2.46,1
731,43,1,2.92,1
731,44,0,4.09,1
731,45,0,4.29,1
731,46,1,3.53,1
731,47,0,2.68,1
731,48,1,2.5,1
731,49,0,2.95,1
731,50,1,2.13,1
731,51,0,4.01,1
731,52,0,4.24,1
732,1,0,4.23,4
732,2,5,2.29,4
732,3,0,4.89,4
732,4,1,2.43,4
732,5,0,3.45,4
732,6,0,3.69,4
732,7,0,4.8,4
732,8,0,4.46,4
732,9,0,3.6,4
732,10,0,3.15,4
732,11,1,3.64,4
732,12,1,4.39,4
732,13,0,3.88,4
732,14,3,2.31,4
732,15,2,2.58,4
732,16,1,4.53,4
732,17,0,3.44,4
732,18,0,4.33,4
732,19,0,4.45,4
732,20,0,2.89,4
732,21,3,2.68,4
732,22,0,3.86,4
732,23,0,3.12,4
732,24,0,4.66,4
732,25,4,2.38,4
732,26,2,2.47,4
732,27,0,3.92,4
732,28,0,2.56,4
732,29,1,3.99,4
732,30,0,3.54,4
732,31,1,4.22,4
732,32,0,3.01,4
732,33,2,2.33,4
732,34,1,3.21,4
732,35,0,3.63,4
732,36,0,4.22,4
732,37,2,2.52,4
732,38,0,3.76,4
732,39,0,3.5,4
732,40,0,4.81,4
732,41,0,4.73,4
732,42,1,2.46,4
732,43,0,2.92,4
732,44,0,4.09,4
732,45,0,4.29,4
732,46,0,3.53,4
732,47,1,2.68,4
732,48,0,2.5,4
732,49,1,2.95,4
732,50,1,2.13,4
732,51,1,4.01,4
732,52,0,4.24,4
733,1,7,4.23,3
733,2,16,2.29,3
733,3,6,4.89,3
733,4,18,2.43,3
733,5,11,3.45,3
733,6,10,3.69,3
733,7,6,4.8,3
733,8,6,4.46,3
733,9,5,3.6,3
733,10,8,3.15,3
733,11,5,3.64,3
733,12,4,4.39,3
733,13,2,3.88,3
733,14,10,2.31,3
733,15,9,2.58,3
733,16,5,4.53,3
733,17,4,3.44,3
733,18,4,4.33,3
733,19,4,4.45,3
733,20,6,2.89,3
733,21,10,2.68,3
733,22,6,3.86,3
733,23,6,3.12,3
733,24,6,4.66,3
733,25,18,2.38,3
733,26,10,2.47,3
733,27,3,3.92,3
733,28,19,2.56,3
733,29,5,3.99,3
733,30,6,3.54,3
733,31,1,4.22,3
733,32,8,3.01,3
733,33,11,2.33,3
733,34,11,3.21,3
733,35,3,3.63,3
733,36,7,4.22,3
733,37,11,2.52,3
733,38,5,3.76,3
733,39,6,3.5,3
733,40,1,4.81,3
733,41,6,4.73,3
733,42,9,2.46,3
733,43,11,2.92,3
733,44,6,4.09,3
733,45,7,4.29,3
733,46,2,3.53,3
733,47,11,2.68,3
733,48,15,2.5,3
733,49,3,2.95,3
733,50,14,2.13,3
733,51,3,4.01,3
733,52,3,4.24,3
734,1,0,4.23,1
734,2,0,2.29,1
734,3,0,4.89,1
734,4,0,2.43,1
734,5,0,3.45,1
734,6,0,3.69,1
734,7,0,4.8,1
734,8,0,4.46,1
734,9,0,3.6,1
734,10,0,3.15,1
734,11,0,3.64,1
734,12,0,4.39,1
734,13,0,3.88,1
734,14,0,2.31,1
734,15,0,2.58,1
734,16,0,4.53,1
734,17,0,3.44,1
734,18,0,4.33,1
734,19,0,4.45,1
734,20,0,2.89,1
734,21,0,2.68,1
734,22,0,3.86,1
734,23,0,3.12,1
734,24,1,4.66,1
734,25,0,2.38,1
734,26,0,2.47,1
734,27,0,3.92,1
734,28,1,2.56,1
734,29,1,3.99,1
734,30,0,3.54,1
734,31,0,4.22,1
734,32,0,3.01,1
734,33,2,2.33,1
734,34,0,3.21,1
734,35,0,3.63,1
734,36,0,4.22,1
734,37,0,2.52,1
734,38,0,3.76,1
734,39,0,3.5,1
734,40,0,4.81,1
734,41,0,4.73,1
734,42,0,2.46,1
734,43,1,2.92,1
734,44,0,4.09,1
734,45,0,4.29,1
734,46,0,3.53,1
734,47,0,2.68,1
734,48,1,2.5,1
734,49,1,2.95,1
734,50,0,2.13,1
734,51,0,4.01,1
734,52,0,4.24,1
735,1,3,4.23,2
735,2,11,2.29,2
735,3,1,4.89,2
735,4,1,2.43,2
735,5,2,3.45,2
735,6,1,3.69,2
735,7,0,4.8,2
735,8,2,4.46,2
735,9,0,3.6,2
735,10,4,3.15,2
735,11,2,3.64,2
735,12,0,4.39,2
735,13,1,3.88,2
735,14,8,2.31,2
735,15,5,2.58,2
735,16,0,4.53,2
735,17,2,3.44,2
735,18,2,4.33,2
735,19,0,4.45,2
735,20,4,2.89,2
735,21,7,2.68,2
735,22,1,3.86,2
735,23,0,3.12,2
735,24,0,4.66,2
735,25,8,2.38,2
735,26,6,2.47,2
735,27,1,3.92,2
735,28,4,2.56,2
735,29,0,3.99,2
735,30,2,3.54,2
735,31,1,4.22,2
735,32,1,3.01,2
735,33,7,2.33,2
735,34,1,3.21,2
735,35,2,3.63,2
735,36,0,4.22,2
735,37,7,2.52,2
735,38,1,3.76,2
735,39,3,3.5,2
735,40,1,4.81,2
735,41,0,4.73,2
735,42,5,2.46,2
735,43,3,2.92,2
735,44,3,4.09,2
735,45,1,4.29,2
735,46,0,3.53,2
735,47,6,2.68,2
735,48,5,2.5,2
735,49,5,2.95,2
735,50,4,2.13,2
735,51,1,4.01,2
735,52,1,4.24,2
736,1,0,4.23,5
736,2,3,2.29,5
736,3,0,4.89,5
736,4,5,2.43,5
736,5,0,3.45,5
736,6,0,3.69,5
736,7,0,4.8,5
736,8,0,4.46,5
736,9,0,3.6,5
736,10,3,3.15,5
736,11,2,3.64,5
736,12,0,4.39,5
736,13,1,3.88,5
736,14,4,2.31,5
736,15,3,2.58,5
736,16,0,4.53,5
736,17,0,3.44,5
736,18,0,4.33,5
736,19,0,4.45,5
736,20,1,2.89,5
736,21,1,2.68,5
736,22,0,3.86,5
736,23,1,3.12,5
736,24,0,4.66,5
736,25,3,2.38,5
736,26,2,2.47,5
736,27,0,3.92,5
736,28,1,2.56,5
736,29,2,3.99,5
736,30,1,3.54,5
736,31,0,4.22,5
736,32,2,3.01,5
736,33,0,2.33,5
736,34,0,3.21,5
736,35,0,3.63,5
736,36,0,4.22,5
736,37,3,2.52,5
736,38,1,3.76,5
736,39,0,3.5,5
736,40,0,4.81,5
736,41,0,4.73,5
736,42,5,2.46,5
736,43,0,2.92,5
736,44,1,4.09,5
736,45,0,4.29,5
736,46,2,3.53,5
736,47,4,2.68,5
736,48,1,2.5,5
736,49,0,2.95,5
736,50,5,2.13,5
736,51,0,4.01,5
736,52,2,4.24,5
737,1,0,4.23,1
737,2,5,2.29,1
737,3,2,4.89,1
737,4,0,2.43,1
737,5,5,3.45,1
737,6,3,3.69,1
737,7,0,4.8,1
737,8,3,4.46,1
737,9,1,3.6,1
737,10,3,3.15,1
737,11,1,3.64,1
737,12,2,4.39,1
737,13,2,3.88,1
737,14,5,2.31,1
737,15,3,2.58,1
737,16,2,4.53,1
737,17,3,3.44,1
737,18,0,4.33,1
737,19,2,4.45,1
737,20,5,2.89,1
737,21,6,2.68,1
737,22,2,3.86,1
737,23,2,3.12,1
737,24,0,4.66,1
737,25,4,2.38,1
737,26,3,2.47,1
737,27,1,3.92,1
737,28,6,2.56,1
737,29,1,3.99,1
737,30,1,3.54,1
737,31,1,4.22,1
737,32,7,3.01,1
737,33,3,2.33,1
737,34,1,3.21,1
737,35,0,3.63,1
737,36,3,4.22,1
737,37,2,2.52,1
737,38,2,3.76,1
737,39,2,3.5,1
737,40,0,4.81,1
737,41,1,4.73,1
737,42,4,2.46,1
737,43,2,2.92,1
737,44,0,4.09,1
737,45,1,4.29,1
737,46,3,3.53,1
737,47,6,2.68,1
737,48,2,2.5,1
737,49,3,2.95,1
737,50,6,2.13,1
737,51,0,4.01,1
737,52,1,4.24,1
738,1,4,4.23,4
738,2,16,2.29,4
738,3,5,4.89,4
738,4,11,2.43,4
738,5,9,3.45,4
738,6,12,3.69,4
738,7,4,4.8,4
738,8,9,4.46,4
738,9,13,3.6,4
738,10,16,3.15,4
738,11,13,3.64,4
738,12,8,4.39,4
738,13,11,3.88,4
738,14,7,2.31,4
738,15,14,2.58,4
738,16,12,4.53,4
738,17,12,3.44,4
738,18,6,4.33,4
738,19,12,4.45,4
738,20,15,2.89,4
738,21,25,2.68,4
738,22,9,3.86,4
738,23,13,3.12,4
738,24,2,4.66,4
738,25,15,2.38,4
738,26,12,2.47,4
738,27,12,3.92,4
738,28,12,2.56,4
738,29,12,3.99,4
738,30,11,3.54,4
738,31,11,4.22,4
738,32,15,3.01,4
738,33,21,2.33,4
738,34,15,3.21,4
738,35,9,3.63,4
738,36,9,4.22,4
738,37,5,2.52,4
738,38,16,3.76,4
738,39,12,3.5,4
738,40,11,4.81,4
738,41,3,4.73,4
738,42,16,2.46,4
738,43,12,2.92,4
738,44,9,4.09,4
738,45,9,4.29,4
738,46,15,3.53,4
738,47,9,2.68,4
738,48,13,2.5,4
738,49,7,2.95,4
738,50,11,2.13,4
738,51,11,4.01,4
738,52,7,4.24,4
739,1,1,4.23,2
739,2,8,2.29,2
739,3,0,4.89,2
739,4,5,2.43,2
739,5,6,3.45,2
739,6,5,3.69,2
739,7,2,4.8,2
739,8,2,4.46,2
739,9,2,3.6,2
739,10,5,3.15,2
739,11,4,3.64,2
739,12,0,4.39,2
739,13,1,3.88,2
739,14,5,2.31,2
739,15,4,2.58,2
739,16,3,4.53,2
739,17,3,3.44,2
739,18,4,4.33,2
739,19,3,4.45,2
739,20,1,2.89,2
739,21,7,2.68,2
739,22,3,3.86,2
739,23,5,3.12,2
739,24,1,4.66,2
739,25,4,2.38,2
739,26,6,2.47,2
739,27,2,3.92,2
739,28,5,2.56,2
739,29,4,3.99,2
739,30,4,3.54,2
739,31,2,4.22,2
739,32,6,3.01,2
739,33,2,2.33,2
739,34,3,3.21,2
739,35,4,3.63,2
739,36,3,4.22,2
739,37,4,2.52,2
739,38,3,3.76,2
739,39,4,3.5,2
739,40,3,4.81,2
739,41,2,4.73,2
739,42,5,2.46,2
739,43,1,2.92,2
739,44,4,4.09,2
739,45,3,4.29,2
739,46,3,3.53,2
739,47,8,2.68,2
739,48,3,2.5,2
739,49,4,2.95,2
739,50,3,2.13,2
739,51,2,4.01,2
739,52,2,4.24,2
740,1,4,4.23,2
740,2,8,2.29,2
740,3,0,4.89,2
740,4,7,2.43,2
740,5,7,3.45,2
740,6,3,3.69,2
740,7,1,4.8,2
740,8,1,4.46,2
740,9,5,3.6,2
740,10,3,3.15,2
740,11,1,3.64,2
740,12,0,4.39,2
740,13,1,3.88,2
740,14,5,2.31,2
740,15,5,2.58,2
740,16,1,4.53,2
740,17,4,3.44,2
740,18,0,4.33,2
740,19,1,4.45,2
740,20,1,2.89,2
740,21,3,2.68,2
740,22,2,3.86,2
740,23,3,3.12,2
740,24,0,4.66,2
740,25,6,2.38,2
740,26,7,2.47,2
740,27,0,3.92,2
740,28,1,2.56,2
740,29,0,3.99,2
740,30,1,3.54,2
740,31,2,4.22,2
740,32,1,3.01,2
740,33,7,2.33,2
740,34,1,3.21,2
740,35,3,3.63,2
740,36,2,4.22,2
740,37,6,2.52,2
740,38,1,3.76,2
740,39,3,3.5,2
740,40,0,4.81,2
740,41,3,4.73,2
740,42,6,2.46,2
740,43,4,2.92,2
740,44,1,4.09,2
740,45,3,4.29,2
740,46,1,3.53,2
740,47,3,2.68,2
740,48,5,2.5,2
740,49,6,2.95,2
740,50,6,2.13,2
740,51,1,4.01,2
740,52,2,4.24,2
741,1,5,4.23,2
741,2,6,2.29,2
741,3,1,4.89,2
741,4,11,2.43,2
741,5,2,3.45,2
741,6,4,3.69,2
741,7,1,4.8,2
741,8,3,4.46,2
741,9,2,3.6,2
741,10,7,3.15,2
741,11,8,3.64,2
741,12,4,4.39,2
741,13,3,3.88,2
741,14,4,2.31,2
741,15,9,2.58,2
741,16,1,4.53,2
741,17,4,3.44,2
741,18,2,4.33,2
741,19,2,4.45,2
741,20,5,2.89,2
741,21,8,2.68,2
741,22,3,3.86,2
741,23,8,3.12,2
741,24,2,4.66,2
741,25,5,2.38,2
741,26,3,2.47,2
741,27,0,3.92,2
741,28,11,2.56,2
741,29,2,3.99,2
741,30,7,3.54,2
741,31,1,4.22,2
741,32,12,3.01,2
741,33,7,2.33,2
741,34,7,3.21,2
741,35,5,3.63,2
741,36,3,4.22,2
741,37,2,2.52,2
741,38,2,3.76,2
741,39,4,3.5,2
741,40,1,4.81,2
741,41,1,4.73,2
741,42,5,2.46,2
741,43,3,2.92,2
741,44,1,4.09,2
741,45,2,4.29,2
741,46,4,3.53,2
741,47,7,2.68,2
741,48,7,2.5,2
741,49,2,2.95,2
741,50,2,2.13,2
741,51,4,4.01,2
741,52,2,4.24,2
742,1,1,4.23,3
742,2,12,2.29,3
742,3,0,4.89,3
742,4,9,2.43,3
742,5,4,3.45,3
742,6,1,3.69,3
742,7,1,4.8,3
742,8,0,4.46,3
742,9,3,3.6,3
742,10,10,3.15,3
742,11,4,3.64,3
742,12,4,4.39,3
742,13,3,3.88,3
742,14,15,2.31,3
742,15,10,2.58,3
742,16,0,4.53,3
742,17,6,3.44,3
742,18,0,4.33,3
742,19,4,4.45,3
742,20,6,2.89,3
742,21,7,2.68,3
742,22,5,3.86,3
742,23,4,3.12,3
742,24,2,4.66,3
742,25,8,2.38,3
742,26,11,2.47,3
742,27,3,3.92,3
742,28,7,2.56,3
742,29,1,3.99,3
742,30,4,3.54,3
742,31,3,4.22,3
742,32,7,3.01,3
742,33,11,2.33,3
742,34,6,3.21,3
742,35,3,3.63,3
742,36,4,4.22,3
742,37,7,2.52,3
742,38,1,3.76,3
742,39,7,3.5,3
742,40,0,4.81,3
742,41,5,4.73,3
742,42,8,2.46,3
742,43,7,2.92,3
742,44,0,4.09,3
742,45,1,4.29,3
742,46,6,3.53,3
742,47,6,2.68,3
742,48,17,2.5,3
742,49,4,2.95,3
742,50,12,2.13,3
742,51,0,4.01,3
742,52,2,4.24,3
743,1,0,4.23,2
743,2,0,2.29,2
743,3,0,4.89,2
743,4,0,2.43,2
743,5,0,3.45,2
743,6,0,3.69,2
743,7,0,4.8,2
743,8,1,4.46,2
743,9,0,3.6,2
743,10,0,3.15,2
743,11,0,3.64,2
743,12,0,4.39,2
743,13,0,3.88,2
743,14,0,2.31,2
743,15,1,2.58,2
743,16,0,4.53,2
743,17,0,3.44,2
743,18,0,4.33,2
743,19,0,4.45,2
743,20,0,2.89,2
743,21,0,2.68,2
743,22,0,3.86,2
743,23,2,3.12,2
743,24,0,4.66,2
743,25,0,2.38,2
743,26,0,2.47,2
743,27,0,3.92,2
743,28,1,2.56,2
743,29,0,3.99,2
743,30,0,3.54,2
743,31,0,4.22,2
743,32,0,3.01,2
743,33,1,2.33,2
743,34,0,3.21,2
743,35,0,3.63,2
743,36,0,4.22,2
743,37,1,2.52,2
743,38,1,3.76,2
743,39,0,3.5,2
743,40,0,4.81,2
743,41,0,4.73,2
743,42,1,2.46,2
743,43,1,2.92,2
743,44,0,4.09,2
743,45,0,4.29,2
743,46,0,3.53,2
743,47,0,2.68,2
743,48,1,2.5,2
743,49,0,2.95,2
743,50,1,2.13,2
743,51,0,4.01,2
743,52,0,4.24,2
744,1,12,4.23,5
744,2,13,2.29,5
744,3,17,4.89,5
744,4,12,2.43,5
744,5,13,3.45,5
744,6,11,3.69,5
744,7,12,4.8,5
744,8,13,4.46,5
744,9,14,3.6,5
744,10,16,3.15,5
744,11,17,3.64,5
744,12,9,4.39,5
744,13,16,3.88,5
744,14,22,2.31,5
744,15,8,2.58,5
744,16,22,4.53,5
744,17,15,3.44,5
744,18,11,4.33,5
744,19,12,4.45,5
744,20,17,2.89,5
744,21,13,2.68,5
744,22,13,3.86,5
744,23,10,3.12,5
744,24,7,4.66,5
744,25,23,2.38,5
744,26,9,2.47,5
744,27,12,3.92,5
744,28,16,2.56,5
744,29,20,3.99,5
744,30,15,3.54,5
744,31,16,4.22,5
744,32,13,3.01,5
744,33,18,2.33,5
744,34,9,3.21,5
744,35,11,3.63,5
744,36,11,4.22,5
744,37,24,2.52,5
744,38,19,3.76,5
744,39,12,3.5,5
744,40,13,4.81,5
744,41,10,4.73,5
744,42,14,2.46,5
744,43,14,2.92,5
744,44,16,4.09,5
744,45,19,4.29,5
744,46,15,3.53,5
744,47,14,2.68,5
744,48,12,2.5,5
744,49,16,2.95,5
744,50,8,2.13,5
744,51,18,4.01,5
744,52,21,4.24,5
745,1,0,4.23,1
745,2,3,2.29,1
745,3,0,4.89,1
745,4,2,2.43,1
745,5,0,3.45,1
745,6,1,3.69,1
745,7,0,4.8,1
745,8,0,4.46,1
745,9,1,3.6,1
745,10,1,3.15,1
745,11,1,3.64,1
745,12,0,4.39,1
745,13,1,3.88,1
745,14,3,2.31,1
745,15,3,2.58,1
745,16,0,4.53,1
745,17,1,3.44,1
745,18,1,4.33,1
745,19,0,4.45,1
745,20,3,2.89,1
745,21,0,2.68,1
745,22,1,3.86,1
745,23,1,3.12,1
745,24,0,4.66,1
745,25,1,2.38,1
745,26,3,2.47,1
745,27,0,3.92,1
745,28,2,2.56,1
745,29,0,3.99,1
745,30,2,3.54,1
745,31,0,4.22,1
745,32,1,3.01,1
745,33,3,2.33,1
745,34,1,3.21,1
745,35,1,3.63,1
745,36,0,4.22,1
745,37,1,2.52,1
745,38,1,3.76,1
745,39,1,3.5,1
745,40,1,4.81,1
745,41,0,4.73,1
745,42,1,2.46,1
745,43,2,2.92,1
745,44,2,4.09,1
745,45,1,4.29,1
745,46,0,3.53,1
745,47,3,2.68,1
745,48,4,2.5,1
745,49,4,2.95,1
745,50,3,2.13,1
745,51,0,4.01,1
745,52,1,4.24,1
746,1,0,4.23,1
746,2,6,2.29,1
746,3,1,4.89,1
746,4,1,2.43,1
746,5,1,3.45,1
746,6,0,3.69,1
746,7,0,4.8,1
746,8,1,4.46,1
746,9,0,3.6,1
746,10,1,3.15,1
746,11,1,3.64,1
746,12,1,4.39,1
746,13,1,3.88,1
746,14,2,2.31,1
746,15,2,2.58,1
746,16,0,4.53,1
746,17,1,3.44,1
746,18,0,4.33,1
746,19,0,4.45,1
746,20,4,2.89,1
746,21,2,2.68,1
746,22,0,3.86,1
746,23,0,3.12,1
746,24,1,4.66,1
746,25,2,2.38,1
746,26,1,2.47,1
746,27,0,3.92,1
746,28,0,2.56,1
746,29,1,3.99,1
746,30,0,3.54,1
746,31,0,4.22,1
746,32,4,3.01,1
746,33,1,2.33,1
746,34,1,3.21,1
746,35,0,3.63,1
746,36,2,4.22,1
746,37,3,2.52,1
746,38,0,3.76,1
746,39,5,3.5,1
746,40,0,4.81,1
746,41,0,4.73,1
746,42,2,2.46,1
746,43,2,2.92,1
746,44,0,4.09,1
746,45,0,4.29,1
746,46,0,3.53,1
746,47,1,2.68,1
746,48,3,2.5,1
746,49,2,2.95,1
746,50,1,2.13,1
746,51,3,4.01,1
746,52,0,4.24,1
747,1,0,4.23,2
747,2,2,2.29,2
747,3,0,4.89,2
747,4,4,2.43,2
747,5,1,3.45,2
747,6,0,3.69,2
747,7,0,4.8,2
747,8,0,4.46,2
747,9,0,3.6,2
747,10,0,3.15,2
747,11,0,3.64,2
747,12,1,4.39,2
747,13,0,3.88,2
747,14,0,2.31,2
747,15,1,2.58,2
747,16,0,4.53,2
747,17,2,3.44,2
747,18,0,4.33,2
747,19,0,4.45,2
747,20,0,2.89,2
747,21,0,2.68,2
747,22,0,3.86,2
747,23,0,3.12,2
747,24,0,4.66,2
747,25,0,2.38,2
747,26,0,2.47,2
747,27,0,3.92,2
747,28,1,2.56,2
747,29,0,3.99,2
747,30,0,3.54,2
747,31,0,4.22,2
747,32,1,3.01,2
747,33,0,2.33,2
747,34,1,3.21,2
747,35,0,3.63,2
747,36,0,4.22,2
747,37,3,2.52,2
747,38,0,3.76,2
747,39,0,3.5,2
747,40,0,4.81,2
747,41,0,4.73,2
747,42,1,2.46,2
747,43,1,2.92,2
747,44,0,4.09,2
747,45,0,4.29,2
747,46,1,3.53,2
747,47,0,2.68,2
747,48,0,2.5,2
747,49,0,2.95,2
747,50,1,2.13,2
747,51,0,4.01,2
747,52,0,4.24,2
748,1,4,4.23,3
748,2,8,2.29,3
748,3,1,4.89,3
748,4,11,2.43,3
748,5,5,3.45,3
748,6,2,3.69,3
748,7,1,4.8,3
748,8,2,4.46,3
748,9,8,3.6,3
748,10,4,3.15,3
748,11,3,3.64,3
748,12,1,4.39,3
748,13,5,3.88,3
748,14,18,2.31,3
748,15,11,2.58,3
748,16,1,4.53,3
748,17,5,3.44,3
748,18,1,4.33,3
748,19,2,4.45,3
748,20,10,2.89,3
748,21,4,2.68,3
748,22,1,3.86,3
748,23,6,3.12,3
748,24,3,4.66,3
748,25,12,2.38,3
748,26,13,2.47,3
748,27,3,3.92,3
748,28,11,2.56,3
748,29,2,3.99,3
748,30,4,3.54,3
748,31,2,4.22,3
748,32,5,3.01,3
748,33,15,2.33,3
748,34,11,3.21,3
748,35,4,3.63,3
748,36,3,4.22,3
748,37,5,2.52,3
748,38,4,3.76,3
748,39,1,3.5,3
748,40,4,4.81,3
748,41,1,4.73,3
748,42,19,2.46,3
748,43,11,2.92,3
748,44,3,4.09,3
748,45,1,4.29,3
748,46,3,3.53,3
748,47,10,2.68,3
748,48,8,2.5,3
748,49,5,2.95,3
748,50,18,2.13,3
748,51,4,4.01,3
748,52,0,4.24,3
749,1,0,4.23,4
749,2,1,2.29,4
749,3,0,4.89,4
749,4,1,2.43,4
749,5,0,3.45,4
749,6,0,3.69,4
749,7,0,4.8,4
749,8,0,4.46,4
749,9,2,3.6,4
749,10,0,3.15,4
749,11,0,3.64,4
749,12,0,4.39,4
749,13,0,3.88,4
749,14,1,2.31,4
749,15,0,2.58,4
749,16,0,4.53,4
749,17,0,3.44,4
749,18,0,4.33,4
749,19,0,4.45,4
749,20,1,2.89,4
749,21,3,2.68,4
749,22,0,3.86,4
749,23,0,3.12,4
749,24,0,4.66,4
749,25,2,2.38,4
749,26,2,2.47,4
749,27,0,3.92,4
749,28,3,2.56,4
749,29,0,3.99,4
749,30,0,3.54,4
749,31,0,4.22,4
749,32,0,3.01,4
749,33,0,2.33,4
749,34,0,3.21,4
749,35,0,3.63,4
749,36,0,4.22,4
749,37,1,2.52,4
749,38,0,3.76,4
749,39,1,3.5,4
749,40,0,4.81,4
749,41,0,4.73,4
749,42,2,2.46,4
749,43,2,2.92,4
749,44,0,4.09,4
749,45,1,4.29,4
749,46,0,3.53,4
749,47,1,2.68,4
749,48,1,2.5,4
749,49,2,2.95,4
749,50,4,2.13,4
749,51,0,4.01,4
749,52,0,4.24,4
750,1,0,4.23,2
750,2,9,2.29,2
750,3,0,4.89,2
750,4,4,2.43,2
750,5,3,3.45,2
750,6,0,3.69,2
750,7,3,4.8,2
750,8,2,4.46,2
750,9,3,3.6,2
750,10,2,3.15,2
750,11,1,3.64,2
750,12,3,4.39,2
750,13,2,3.88,2
750,14,11,2.31,2
750,15,1,2.58,2
750,16,2,4.53,2
750,17,3,3.44,2
750,18,1,4.33,2
750,19,1,4.45,2
750,20,5,2.89,2
750,21,3,2.68,2
750,22,5,3.86,2
750,23,5,3.12,2
750,24,1,4.66,2
750,25,11,2.38,2
750,26,4,2.47,2
750,27,0,3.92,2
750,28,5,2.56,2
750,29,0,3.99,2
750,30,3,3.54,2
750,31,1,4.22,2
750,32,1,3.01,2
750,33,4,2.33,2
750,34,4,3.21,2
750,35,4,3.63,2
750,36,0,4.22,2
750,37,9,2.52,2
750,38,2,3.76,2
750,39,0,3.5,2
750,40,0,4.81,2
750,41,2,4.73,2
750,42,5,2.46,2
750,43,5,2.92,2
750,44,2,4.09,2
750,45,1,4.29,2
750,46,3,3.53,2
750,47,5,2.68,2
750,48,3,2.5,2
750,49,4,2.95,2
750,50,5,2.13,2
750,51,1,4.01,2
750,52,0,4.24,2
751,1,5,4.23,4
751,2,9,2.29,4
751,3,5,4.89,4
751,4,10,2.43,4
751,5,13,3.45,4
751,6,8,3.69,4
751,7,5,4.8,4
751,8,6,4.46,4
751,9,10,3.6,4
751,10,15,3.15,4
751,11,22,3.64,4
751,12,4,4.39,4
751,13,12,3.88,4
751,14,12,2.31,4
751,15,12,2.58,4
751,16,6,4.53,4
751,17,17,3.44,4
751,18,12,4.33,4
751,19,11,4.45,4
751,20,13,2.89,4
751,21,6,2.68,4
751,22,8,3.86,4
751,23,23,3.12,4
751,24,7,4.66,4
751,25,18,2.38,4
751,26,21,2.47,4
751,27,8,3.92,4
751,28,16,2.56,4
751,29,12,3.99,4
751,30,13,3.54,4
751,31,9,4.22,4
751,32,17,3.01,4
751,33,16,2.33,4
751,34,17,3.21,4
751,35,7,3.63,4
751,36,11,4.22,4
751,37,22,2.52,4
751,38,12,3.76,4
751,39,7,3.5,4
751,40,5,4.81,4
751,41,11,4.73,4
751,42,18,2.46,4
751,43,15,2.92,4
751,44,6,4.09,4
751,45,7,4.29,4
751,46,15,3.53,4
751,47,18,2.68,4
751,48,22,2.5,4
751,49,8,2.95,4
751,50,13,2.13,4
751,51,15,4.01,4
751,52,6,4.24,4
752,1,5,4.23,4
752,2,11,2.29,4
752,3,10,4.89,4
752,4,17,2.43,4
752,5,9,3.45,4
752,6,10,3.69,4
752,7,8,4.8,4
752,8,10,4.46,4
752,9,13,3.6,4
752,10,11,3.15,4
752,11,10,3.64,4
752,12,7,4.39,4
752,13,7,3.88,4
752,14,17,2.31,4
752,15,13,2.58,4
752,16,6,4.53,4
752,17,16,3.44,4
752,18,7,4.33,4
752,19,6,4.45,4
752,20,14,2.89,4
752,21,17,2.68,4
752,22,7,3.86,4
752,23,16,3.12,4
752,24,3,4.66,4
752,25,9,2.38,4
752,26,16,2.47,4
752,27,10,3.92,4
752,28,17,2.56,4
752,29,14,3.99,4
752,30,15,3.54,4
752,31,5,4.22,4
752,32,17,3.01,4
752,33,23,2.33,4
752,34,24,3.21,4
752,35,8,3.63,4
752,36,9,4.22,4
752,37,20,2.52,4
752,38,7,3.76,4
752,39,14,3.5,4
752,40,6,4.81,4
752,41,7,4.73,4
752,42,15,2.46,4
752,43,12,2.92,4
752,44,20,4.09,4
752,45,11,4.29,4
752,46,14,3.53,4
752,47,10,2.68,4
752,48,12,2.5,4
752,49,10,2.95,4
752,50,11,2.13,4
752,51,10,4.01,4
752,52,6,4.24,4
753,1,0,4.23,1
753,2,1,2.29,1
753,3,0,4.89,1
753,4,5,2.43,1
753,5,2,3.45,1
753,6,0,3.69,1
753,7,0,4.8,1
753,8,1,4.46,1
753,9,0,3.6,1
753,10,1,3.15,1
753,11,1,3.64,1
753,12,0,4.39,1
753,13,0,3.88,1
753,14,5,2.31,1
753,15,2,2.58,1
753,16,1,4.53,1
753,17,0,3.44,1
753,18,2,4.33,1
753,19,1,4.45,1
753,20,0,2.89,1
753,21,3,2.68,1
753,22,1,3.86,1
753,23,1,3.12,1
753,24,0,4.66,1
753,25,0,2.38,1
753,26,3,2.47,1
753,27,1,3.92,1
753,28,2,2.56,1
753,29,0,3.99,1
753,30,0,3.54,1
753,31,0,4.22,1
753,32,1,3.01,1
753,33,1,2.33,1
753,34,1,3.21,1
753,35,1,3.63,1
753,36,0,4.22,1
753,37,4,2.52,1
753,38,2,3.76,1
753,39,0,3.5,1
753,40,0,4.81,1
753,41,0,4.73,1
753,42,1,2.46,1
753,43,0,2.92,1
753,44,0,4.09,1
753,45,0,4.29,1
753,46,0,3.53,1
753,47,2,2.68,1
753,48,4,2.5,1
753,49,2,2.95,1
753,50,3,2.13,1
753,51,0,4.01,1
753,52,1,4.24,1
754,1,6,4.23,3
754,2,8,2.29,3
754,3,1,4.89,3
754,4,10,2.43,3
754,5,3,3.45,3
754,6,5,3.69,3
754,7,0,4.8,3
754,8,1,4.46,3
754,9,3,3.6,3
754,10,2,3.15,3
754,11,3,3.64,3
754,12,2,4.39,3
754,13,4,3.88,3
754,14,9,2.31,3
754,15,10,2.58,3
754,16,1,4.53,3
754,17,3,3.44,3
754,18,4,4.33,3
754,19,3,4.45,3
754,20,9,2.89,3
754,21,9,2.68,3
754,22,2,3.86,3
754,23,4,3.12,3
754,24,4,4.66,3
754,25,7,2.38,3
754,26,11,2.47,3
754,27,2,3.92,3
754,28,8,2.56,3
754,29,2,3.99,3
754,30,6,3.54,3
754,31,0,4.22,3
754,32,8,3.01,3
754,33,9,2.33,3
754,34,3,3.21,3
754,35,3,3.63,3
754,36,2,4.22,3
754,37,9,2.52,3
754,38,5,3.76,3
754,39,3,3.5,3
754,40,1,4.81,3
754,41,2,4.73,3
754,42,11,2.46,3
754,43,7,2.92,3
754,44,2,4.09,3
754,45,0,4.29,3
754,46,4,3.53,3
754,47,8,2.68,3
754,48,14,2.5,3
754,49,5,2.95,3
754,50,14,2.13,3
754,51,3,4.01,3
754,52,1,4.24,3
755,1,0,4.23,3
755,2,1,2.29,3
755,3,0,4.89,3
755,4,1,2.43,3
755,5,1,3.45,3
755,6,0,3.69,3
755,7,0,4.8,3
755,8,0,4.46,3
755,9,0,3.6,3
755,10,0,3.15,3
755,11,0,3.64,3
755,12,0,4.39,3
755,13,0,3.88,3
755,14,1,2.31,3
755,15,1,2.58,3
755,16,0,4.53,3
755,17,1,3.44,3
755,18,0,4.33,3
755,19,0,4.45,3
755,20,1,2.89,3
755,21,3,2.68,3
755,22,1,3.86,3
755,23,1,3.12,3
755,24,0,4.66,3
755,25,1,2.38,3
755,26,2,2.47,3
755,27,0,3.92,3
755,28,1,2.56,3
755,29,0,3.99,3
755,30,0,3.54,3
755,31,0,4.22,3
755,32,1,3.01,3
755,33,2,2.33,3
755,34,0,3.21,3
755,35,0,3.63,3
755,36,0,4.22,3
755,37,1,2.52,3
755,38,0,3.76,3
755,39,0,3.5,3
755,40,0,4.81,3
755,41,0,4.73,3
755,42,2,2.46,3
755,43,1,2.92,3
755,44,0,4.09,3
755,45,0,4.29,3
755,46,0,3.53,3
755,47,1,2.68,3
755,48,0,2.5,3
755,49,0,2.95,3
755,50,3,2.13,3
755,51,0,4.01,3
755,52,0,4.24,3
756,1,4,4.23,4
756,2,16,2.29,4
756,3,1,4.89,4
756,4,15,2.43,4
756,5,10,3.45,4
756,6,7,3.69,4
756,7,2,4.8,4
756,8,2,4.46,4
756,9,4,3.6,4
756,10,20,3.15,4
756,11,15,3.64,4
756,12,10,4.39,4
756,13,4,3.88,4
756,14,15,2.31,4
756,15,15,2.58,4
756,16,4,4.53,4
756,17,19,3.44,4
756,18,3,4.33,4
756,19,2,4.45,4
756,20,21,2.89,4
756,21,26,2.68,4
756,22,8,3.86,4
756,23,12,3.12,4
756,24,3,4.66,4
756,25,17,2.38,4
756,26,16,2.47,4
756,27,2,3.92,4
756,28,13,2.56,4
756,29,5,3.99,4
756,30,10,3.54,4
756,31,4,4.22,4
756,32,14,3.01,4
756,33,13,2.33,4
756,34,18,3.21,4
756,35,10,3.63,4
756,36,5,4.22,4
756,37,16,2.52,4
756,38,9,3.76,4
756,39,8,3.5,4
756,40,5,4.81,4
756,41,1,4.73,4
756,42,17,2.46,4
756,43,15,2.92,4
756,44,10,4.09,4
756,45,4,4.29,4
756,46,6,3.53,4
756,47,15,2.68,4
756,48,15,2.5,4
756,49,14,2.95,4
756,50,18,2.13,4
756,51,10,4.01,4
756,52,2,4.24,4
757,1,7,4.23,2
757,2,6,2.29,2
757,3,1,4.89,2
757,4,4,2.43,2
757,5,4,3.45,2
757,6,1,3.69,2
757,7,1,4.8,2
757,8,1,4.46,2
757,9,2,3.6,2
757,10,3,3.15,2
757,11,6,3.64,2
757,12,1,4.39,2
757,13,1,3.88,2
757,14,5,2.31,2
757,15,7,2.58,2
757,16,2,4.53,2
757,17,4,3.44,2
757,18,3,4.33,2
757,19,3,4.45,2
757,20,5,2.89,2
757,21,2,2.68,2
757,22,6,3.86,2
757,23,9,3.12,2
757,24,0,4.66,2
757,25,4,2.38,2
757,26,5,2.47,2
757,27,5,3.92,2
757,28,9,2.56,2
757,29,3,3.99,2
757,30,1,3.54,2
757,31,5,4.22,2
757,32,6,3.01,2
757,33,10,2.33,2
757,34,6,3.21,2
757,35,4,3.63,2
757,36,5,4.22,2
757,37,2,2.52,2
757,38,2,3.76,2
757,39,4,3.5,2
757,40,2,4.81,2
757,41,0,4.73,2
757,42,9,2.46,2
757,43,6,2.92,2
757,44,6,4.09,2
757,45,3,4.29,2
757,46,1,3.53,2
757,47,3,2.68,2
757,48,2,2.5,2
757,49,2,2.95,2
757,50,10,2.13,2
757,51,4,4.01,2
757,52,2,4.24,2
758,1,2,4.23,2
758,2,10,2.29,2
758,3,0,4.89,2
758,4,8,2.43,2
758,5,2,3.45,2
758,6,2,3.69,2
758,7,2,4.8,2
758,8,0,4.46,2
758,9,6,3.6,2
758,10,6,3.15,2
758,11,1,3.64,2
758,12,0,4.39,2
758,13,2,3.88,2
758,14,3,2.31,2
758,15,9,2.58,2
758,16,1,4.53,2
758,17,3,3.44,2
758,18,2,4.33,2
758,19,0,4.45,2
758,20,5,2.89,2
758,21,7,2.68,2
758,22,1,3.86,2
758,23,0,3.12,2
758,24,1,4.66,2
758,25,7,2.38,2
758,26,6,2.47,2
758,27,4,3.92,2
758,28,3,2.56,2
758,29,1,3.99,2
758,30,2,3.54,2
758,31,1,4.22,2
758,32,3,3.01,2
758,33,4,2.33,2
758,34,5,3.21,2
758,35,1,3.63,2
758,36,2,4.22,2
758,37,3,2.52,2
758,38,0,3.76,2
758,39,1,3.5,2
758,40,0,4.81,2
758,41,1,4.73,2
758,42,5,2.46,2
758,43,6,2.92,2
758,44,0,4.09,2
758,45,1,4.29,2
758,46,2,3.53,2
758,47,3,2.68,2
758,48,4,2.5,2
758,49,6,2.95,2
758,50,8,2.13,2
758,51,1,4.01,2
758,52,4,4.24,2
759,1,4,4.23,1
759,2,6,2.29,1
759,3,0,4.89,1
759,4,2,2.43,1
759,5,1,3.45,1
759,6,0,3.69,1
759,7,1,4.8,1
759,8,2,4.46,1
759,9,1,3.6,1
759,10,2,3.15,1
759,11,3,3.64,1
759,12,1,4.39,1
759,13,2,3.88,1
759,14,2,2.31,1
759,15,5,2.58,1
759,16,0,4.53,1
759,17,2,3.44,1
759,18,1,4.33,1
759,19,2,4.45,1
759,20,4,2.89,1
759,21,2,2.68,1
759,22,2,3.86,1
759,23,2,3.12,1
759,24,2,4.66,1
759,25,1,2.38,1
759,26,4,2.47,1
759,27,0,3.92,1
759,28,1,2.56,1
759,29,0,3.99,1
759,30,2,3.54,1
759,31,2,4.22,1
759,32,0,3.01,1
759,33,2,2.33,1
759,34,3,3.21,1
759,35,2,3.63,1
759,36,0,4.22,1
759,37,2,2.52,1
759,38,1,3.76,1
759,39,0,3.5,1
759,40,2,4.81,1
759,41,1,4.73,1
759,42,5,2.46,1
759,43,1,2.92,1
759,44,2,4.09,1
759,45,1,4.29,1
759,46,2,3.53,1
759,47,1,2.68,1
759,48,6,2.5,1
759,49,5,2.95,1
759,50,6,2.13,1
759,51,1,4.01,1
759,52,0,4.24,1
760,1,0,4.23,2
760,2,0,2.29,2
760,3,0,4.89,2
760,4,1,2.43,2
760,5,0,3.45,2
760,6,0,3.69,2
760,7,0,4.8,2
760,8,0,4.46,2
760,9,0,3.6,2
760,10,0,3.15,2
760,11,1,3.64,2
760,12,0,4.39,2
760,13,0,3.88,2
760,14,0,2.31,2
760,15,0,2.58,2
760,16,0,4.53,2
760,17,1,3.44,2
760,18,0,4.33,2
760,19,0,4.45,2
760,20,2,2.89,2
760,21,0,2.68,2
760,22,0,3.86,2
760,23,1,3.12,2
760,24,0,4.66,2
760,25,2,2.38,2
760,26,1,2.47,2
760,27,0,3.92,2
760,28,2,2.56,2
760,29,1,3.99,2
760,30,0,3.54,2
760,31,0,4.22,2
760,32,1,3.01,2
760,33,0,2.33,2
760,34,0,3.21,2
760,35,0,3.63,2
760,36,0,4.22,2
760,37,1,2.52,2
760,38,0,3.76,2
760,39,0,3.5,2
760,40,0,4.81,2
760,41,0,4.73,2
760,42,2,2.46,2
760,43,0,2.92,2
760,44,0,4.09,2
760,45,0,4.29,2
760,46,0,3.53,2
760,47,2,2.68,2
760,48,0,2.5,2
760,49,0,2.95,2
760,50,1,2.13,2
760,51,0,4.01,2
760,52,1,4.24,2
761,1,1,4.23,1
761,2,2,2.29,1
761,3,0,4.89,1
761,4,3,2.43,1
761,5,0,3.45,1
761,6,0,3.69,1
761,7,0,4.8,1
761,8,0,4.46,1
761,9,1,3.6,1
761,10,2,3.15,1
761,11,1,3.64,1
761,12,0,4.39,1
761,13,0,3.88,1
761,14,2,2.31,1
761,15,2,2.58,1
761,16,0,4.53,1
761,17,4,3.44,1
761,18,0,4.33,1
761,19,1,4.45,1
761,20,0,2.89,1
761,21,3,2.68,1
761,22,2,3.86,1
761,23,3,3.12,1
761,24,1,4.66,1
761,25,5,2.38,1
761,26,2,2.47,1
761,27,0,3.92,1
761,28,5,2.56,1
761,29,1,3.99,1
761,30,2,3.54,1
761,31,1,4.22,1
761,32,2,3.01,1
761,33,4,2.33,1
761,34,0,3.21,1
761,35,1,3.63,1
761,36,1,4.22,1
761,37,1,2.52,1
761,38,3,3.76,1
761,39,1,3.5,1
761,40,0,4.81,1
761,41,1,4.73,1
761,42,2,2.46,1
761,43,1,2.92,1
761,44,1,4.09,1
761,45,1,4.29,1
761,46,1,3.53,1
761,47,2,2.68,1
761,48,0,2.5,1
761,49,1,2.95,1
761,50,3,2.13,1
761,51,0,4.01,1
761,52,0,4.24,1
762,1,2,4.23,3
762,2,10,2.29,3
762,3,6,4.89,3
762,4,9,2.43,3
762,5,7,3.45,3
762,6,5,3.69,3
762,7,2,4.8,3
762,8,2,4.46,3
762,9,6,3.6,3
762,10,10,3.15,3
762,11,4,3.64,3
762,12,8,4.39,3
762,13,8,3.88,3
762,14,12,2.31,3
762,15,9,2.58,3
762,16,1,4.53,3
762,17,6,3.44,3
762,18,6,4.33,3
762,19,4,4.45,3
762,20,6,2.89,3
762,21,10,2.68,3
762,22,8,3.86,3
762,23,6,3.12,3
762,24,5,4.66,3
762,25,18,2.38,3
762,26,14,2.47,3
762,27,8,3.92,3
762,28,13,2.56,3
762,29,5,3.99,3
762,30,12,3.54,3
762,31,6,4.22,3
762,32,9,3.01,3
762,33,8,2.33,3
762,34,7,3.21,3
762,35,7,3.63,3
762,36,7,4.22,3
762,37,14,2.52,3
762,38,4,3.76,3
762,39,7,3.5,3
762,40,1,4.81,3
762,41,3,4.73,3
762,42,12,2.46,3
762,43,4,2.92,3
762,44,6,4.09,3
762,45,3,4.29,3
762,46,6,3.53,3
762,47,16,2.68,3
762,48,10,2.5,3
762,49,9,2.95,3
762,50,17,2.13,3
762,51,7,4.01,3
762,52,3,4.24,3
763,1,1,4.23,2
763,2,1,2.29,2
763,3,1,4.89,2
763,4,0,2.43,2
763,5,0,3.45,2
763,6,0,3.69,2
763,7,0,4.8,2
763,8,0,4.46,2
763,9,0,3.6,2
763,10,0,3.15,2
763,11,0,3.64,2
763,12,0,4.39,2
763,13,0,3.88,2
763,14,0,2.31,2
763,15,1,2.58,2
763,16,0,4.53,2
763,17,0,3.44,2
763,18,0,4.33,2
763,19,0,4.45,2
763,20,1,2.89,2
763,21,0,2.68,2
763,22,0,3.86,2
763,23,1,3.12,2
763,24,0,4.66,2
763,25,2,2.38,2
763,26,1,2.47,2
763,27,0,3.92,2
763,28,1,2.56,2
763,29,1,3.99,2
763,30,0,3.54,2
763,31,0,4.22,2
763,32,0,3.01,2
763,33,2,2.33,2
763,34,2,3.21,2
763,35,0,3.63,2
763,36,0,4.22,2
763,37,0,2.52,2
763,38,0,3.76,2
763,39,1,3.5,2
763,40,0,4.81,2
763,41,0,4.73,2
763,42,1,2.46,2
763,43,0,2.92,2
763,44,0,4.09,2
763,45,0,4.29,2
763,46,0,3.53,2
763,47,3,2.68,2
763,48,0,2.5,2
763,49,1,2.95,2
763,50,1,2.13,2
763,51,0,4.01,2
763,52,0,4.24,2
764,1,1,4.23,3
764,2,12,2.29,3
764,3,3,4.89,3
764,4,14,2.43,3
764,5,4,3.45,3
764,6,9,3.69,3
764,7,2,4.8,3
764,8,4,4.46,3
764,9,4,3.6,3
764,10,7,3.15,3
764,11,3,3.64,3
764,12,3,4.39,3
764,13,6,3.88,3
764,14,13,2.31,3
764,15,12,2.58,3
764,16,2,4.53,3
764,17,5,3.44,3
764,18,2,4.33,3
764,19,0,4.45,3
764,20,3,2.89,3
764,21,6,2.68,3
764,22,1,3.86,3
764,23,4,3.12,3
764,24,1,4.66,3
764,25,14,2.38,3
764,26,5,2.47,3
764,27,2,3.92,3
764,28,6,2.56,3
764,29,4,3.99,3
764,30,3,3.54,3
764,31,4,4.22,3
764,32,3,3.01,3
764,33,14,2.33,3
764,34,3,3.21,3
764,35,2,3.63,3
764,36,1,4.22,3
764,37,14,2.52,3
764,38,3,3.76,3
764,39,1,3.5,3
764,40,1,4.81,3
764,41,2,4.73,3
764,42,11,2.46,3
764,43,3,2.92,3
764,44,0,4.09,3
764,45,3,4.29,3
764,46,8,3.53,3
764,47,15,2.68,3
764,48,8,2.5,3
764,49,8,2.95,3
764,50,13,2.13,3
764,51,0,4.01,3
764,52,1,4.24,3
765,1,0,4.23,1
765,2,4,2.29,1
765,3,3,4.89,1
765,4,2,2.43,1
765,5,3,3.45,1
765,6,2,3.69,1
765,7,4,4.8,1
765,8,0,4.46,1
765,9,0,3.6,1
765,10,2,3.15,1
765,11,1,3.64,1
765,12,1,4.39,1
765,13,0,3.88,1
765,14,3,2.31,1
765,15,3,2.58,1
765,16,4,4.53,1
765,17,0,3.44,1
765,18,3,4.33,1
765,19,1,4.45,1
765,20,1,2.89,1
765,21,2,2.68,1
765,22,4,3.86,1
765,23,3,3.12,1
765,24,1,4.66,1
765,25,2,2.38,1
765,26,5,2.47,1
765,27,1,3.92,1
765,28,3,2.56,1
765,29,2,3.99,1
765,30,2,3.54,1
765,31,1,4.22,1
765,32,5,3.01,1
765,33,4,2.33,1
765,34,1,3.21,1
765,35,2,3.63,1
765,36,0,4.22,1
765,37,5,2.52,1
765,38,2,3.76,1
765,39,0,3.5,1
765,40,1,4.81,1
765,41,2,4.73,1
765,42,5,2.46,1
765,43,4,2.92,1
765,44,2,4.09,1
765,45,1,4.29,1
765,46,3,3.53,1
765,47,3,2.68,1
765,48,4,2.5,1
765,49,4,2.95,1
765,50,3,2.13,1
765,51,2,4.01,1
765,52,1,4.24,1
766,1,1,4.23,1
766,2,4,2.29,1
766,3,0,4.89,1
766,4,2,2.43,1
766,5,4,3.45,1
766,6,0,3.69,1
766,7,0,4.8,1
766,8,0,4.46,1
766,9,1,3.6,1
766,10,2,3.15,1
766,11,1,3.64,1
766,12,1,4.39,1
766,13,1,3.88,1
766,14,3,2.31,1
766,15,3,2.58,1
766,16,2,4.53,1
766,17,3,3.44,1
766,18,0,4.33,1
766,19,0,4.45,1
766,20,2,2.89,1
766,21,3,2.68,1
766,22,0,3.86,1
766,23,0,3.12,1
766,24,0,4.66,1
766,25,0,2.38,1
766,26,5,2.47,1
766,27,2,3.92,1
766,28,2,2.56,1
766,29,1,3.99,1
766,30,1,3.54,1
766,31,0,4.22,1
766,32,3,3.01,1
766,33,3,2.33,1
766,34,1,3.21,1
766,35,2,3.63,1
766,36,1,4.22,1
766,37,2,2.52,1
766,38,1,3.76,1
766,39,0,3.5,1
766,40,1,4.81,1
766,41,1,4.73,1
766,42,4,2.46,1
766,43,3,2.92,1
766,44,0,4.09,1
766,45,0,4.29,1
766,46,2,3.53,1
766,47,2,2.68,1
766,48,3,2.5,1
766,49,2,2.95,1
766,50,3,2.13,1
766,51,0,4.01,1
766,52,0,4.24,1
767,1,0,4.23,1
767,2,0,2.29,1
767,3,0,4.89,1
767,4,1,2.43,1
767,5,0,3.45,1
767,6,0,3.69,1
767,7,0,4.8,1
767,8,0,4.46,1
767,9,0,3.6,1
767,10,1,3.15,1
767,11,0,3.64,1
767,12,0,4.39,1
767,13,0,3.88,1
767,14,0,2.31,1
767,15,0,2.58,1
767,16,0,4.53,1
767,17,0,3.44,1
767,18,0,4.33,1
767,19,0,4.45,1
767,20,0,2.89,1
767,21,1,2.68,1
767,22,0,3.86,1
767,23,0,3.12,1
767,24,0,4.66,1
767,25,2,2.38,1
767,26,0,2.47,1
767,27,0,3.92,1
767,28,0,2.56,1
767,29,0,3.99,1
767,30,0,3.54,1
767,31,0,4.22,1
767,32,0,3.01,1
767,33,1,2.33,1
767,34,1,3.21,1
767,35,0,3.63,1
767,36,1,4.22,1
767,37,0,2.52,1
767,38,0,3.76,1
767,39,0,3.5,1
767,40,0,4.81,1
767,41,1,4.73,1
767,42,0,2.46,1
767,43,1,2.92,1
767,44,0,4.09,1
767,45,0,4.29,1
767,46,0,3.53,1
767,47,0,2.68,1
767,48,2,2.5,1
767,49,0,2.95,1
767,50,0,2.13,1
767,51,0,4.01,1
767,52,0,4.24,1
768,1,15,4.23,5
768,2,13,2.29,5
768,3,14,4.89,5
768,4,18,2.43,5
768,5,18,3.45,5
768,6,16,3.69,5
768,7,5,4.8,5
768,8,15,4.46,5
768,9,17,3.6,5
768,10,21,3.15,5
768,11,13,3.64,5
768,12,20,4.39,5
768,13,22,3.88,5
768,14,16,2.31,5
768,15,18,2.58,5
768,16,9,4.53,5
768,17,24,3.44,5
768,18,18,4.33,5
768,19,21,4.45,5
768,20,8,2.89,5
768,21,21,2.68,5
768,22,19,3.86,5
768,23,19,3.12,5
768,24,9,4.66,5
768,25,16,2.38,5
768,26,12,2.47,5
768,27,10,3.92,5
768,28,13,2.56,5
768,29,12,3.99,5
768,30,5,3.54,5
768,31,15,4.22,5
768,32,24,3.01,5
768,33,12,2.33,5
768,34,16,3.21,5
768,35,15,3.63,5
768,36,11,4.22,5
768,37,14,2.52,5
768,38,20,3.76,5
768,39,15,3.5,5
768,40,15,4.81,5
768,41,15,4.73,5
768,42,14,2.46,5
768,43,16,2.92,5
768,44,14,4.09,5
768,45,13,4.29,5
768,46,14,3.53,5
768,47,13,2.68,5
768,48,17,2.5,5
768,49,19,2.95,5
768,50,16,2.13,5
768,51,12,4.01,5
768,52,8,4.24,5
769,1,1,4.23,1
769,2,5,2.29,1
769,3,0,4.89,1
769,4,3,2.43,1
769,5,2,3.45,1
769,6,1,3.69,1
769,7,1,4.8,1
769,8,2,4.46,1
769,9,1,3.6,1
769,10,0,3.15,1
769,11,3,3.64,1
769,12,1,4.39,1
769,13,2,3.88,1
769,14,3,2.31,1
769,15,3,2.58,1
769,16,0,4.53,1
769,17,3,3.44,1
769,18,2,4.33,1
769,19,1,4.45,1
769,20,1,2.89,1
769,21,1,2.68,1
769,22,3,3.86,1
769,23,2,3.12,1
769,24,1,4.66,1
769,25,7,2.38,1
769,26,4,2.47,1
769,27,0,3.92,1
769,28,5,2.56,1
769,29,2,3.99,1
769,30,3,3.54,1
769,31,2,4.22,1
769,32,4,3.01,1
769,33,2,2.33,1
769,34,2,3.21,1
769,35,0,3.63,1
769,36,1,4.22,1
769,37,8,2.52,1
769,38,1,3.76,1
769,39,0,3.5,1
769,40,2,4.81,1
769,41,2,4.73,1
769,42,2,2.46,1
769,43,2,2.92,1
769,44,0,4.09,1
769,45,0,4.29,1
769,46,0,3.53,1
769,47,4,2.68,1
769,48,0,2.5,1
769,49,3,2.95,1
769,50,7,2.13,1
769,51,4,4.01,1
769,52,0,4.24,1
770,1,2,4.23,1
770,2,5,2.29,1
770,3,0,4.89,1
770,4,1,2.43,1
770,5,6,3.45,1
770,6,1,3.69,1
770,7,2,4.8,1
770,8,2,4.46,1
770,9,0,3.6,1
770,10,4,3.15,1
770,11,2,3.64,1
770,12,0,4.39,1
770,13,1,3.88,1
770,14,1,2.31,1
770,15,3,2.58,1
770,16,2,4.53,1
770,17,2,3.44,1
770,18,2,4.33,1
770,19,1,4.45,1
770,20,4,2.89,1
770,21,5,2.68,1
770,22,3,3.86,1
770,23,3,3.12,1
770,24,0,4.66,1
770,25,0,2.38,1
770,26,3,2.47,1
770,27,2,3.92,1
770,28,2,2.56,1
770,29,0,3.99,1
770,30,1,3.54,1
770,31,2,4.22,1
770,32,1,3.01,1
770,33,5,2.33,1
770,34,2,3.21,1
770,35,3,3.63,1
770,36,2,4.22,1
770,37,1,2.52,1
770,38,2,3.76,1
770,39,1,3.5,1
770,40,2,4.81,1
770,41,1,4.73,1
770,42,1,2.46,1
770,43,2,2.92,1
770,44,0,4.09,1
770,45,4,4.29,1
770,46,1,3.53,1
770,47,4,2.68,1
770,48,1,2.5,1
770,49,1,2.95,1
770,50,5,2.13,1
770,51,2,4.01,1
770,52,1,4.24,1
771,1,0,4.23,4
771,2,1,2.29,4
771,3,0,4.89,4
771,4,2,2.43,4
771,5,0,3.45,4
771,6,0,3.69,4
771,7,0,4.8,4
771,8,0,4.46,4
771,9,0,3.6,4
771,10,1,3.15,4
771,11,0,3.64,4
771,12,0,4.39,4
771,13,1,3.88,4
771,14,1,2.31,4
771,15,2,2.58,4
771,16,0,4.53,4
771,17,1,3.44,4
771,18,0,4.33,4
771,19,0,4.45,4
771,20,1,2.89,4
771,21,0,2.68,4
771,22,0,3.86,4
771,23,0,3.12,4
771,24,0,4.66,4
771,25,4,2.38,4
771,26,3,2.47,4
771,27,0,3.92,4
771,28,1,2.56,4
771,29,1,3.99,4
771,30,0,3.54,4
771,31,0,4.22,4
771,32,2,3.01,4
771,33,3,2.33,4
771,34,1,3.21,4
771,35,0,3.63,4
771,36,0,4.22,4
771,37,1,2.52,4
771,38,0,3.76,4
771,39,0,3.5,4
771,40,0,4.81,4
771,41,1,4.73,4
771,42,1,2.46,4
771,43,1,2.92,4
771,44,0,4.09,4
771,45,0,4.29,4
771,46,0,3.53,4
771,47,3,2.68,4
771,48,2,2.5,4
771,49,1,2.95,4
771,50,3,2.13,4
771,51,0,4.01,4
771,52,0,4.24,4
772,1,8,4.23,3
772,2,11,2.29,3
772,3,3,4.89,3
772,4,16,2.43,3
772,5,11,3.45,3
772,6,8,3.69,3
772,7,3,4.8,3
772,8,2,4.46,3
772,9,4,3.6,3
772,10,11,3.15,3
772,11,7,3.64,3
772,12,7,4.39,3
772,13,6,3.88,3
772,14,6,2.31,3
772,15,13,2.58,3
772,16,6,4.53,3
772,17,9,3.44,3
772,18,5,4.33,3
772,19,5,4.45,3
772,20,10,2.89,3
772,21,11,2.68,3
772,22,6,3.86,3
772,23,9,3.12,3
772,24,5,4.66,3
772,25,9,2.38,3
772,26,15,2.47,3
772,27,3,3.92,3
772,28,3,2.56,3
772,29,6,3.99,3
772,30,3,3.54,3
772,31,6,4.22,3
772,32,7,3.01,3
772,33,14,2.33,3
772,34,7,3.21,3
772,35,9,3.63,3
772,36,6,4.22,3
772,37,9,2.52,3
772,38,5,3.76,3
772,39,3,3.5,3
772,40,1,4.81,3
772,41,1,4.73,3
772,42,13,2.46,3
772,43,9,2.92,3
772,44,2,4.09,3
772,45,7,4.29,3
772,46,8,3.53,3
772,47,12,2.68,3
772,48,12,2.5,3
772,49,11,2.95,3
772,50,9,2.13,3
772,51,4,4.01,3
772,52,4,4.24,3
773,1,0,4.23,2
773,2,1,2.29,2
773,3,1,4.89,2
773,4,4,2.43,2
773,5,4,3.45,2
773,6,1,3.69,2
773,7,1,4.8,2
773,8,1,4.46,2
773,9,2,3.6,2
773,10,3,3.15,2
773,11,2,3.64,2
773,12,1,4.39,2
773,13,0,3.88,2
773,14,6,2.31,2
773,15,11,2.58,2
773,16,0,4.53,2
773,17,1,3.44,2
773,18,0,4.33,2
773,19,0,4.45,2
773,20,2,2.89,2
773,21,4,2.68,2
773,22,1,3.86,2
773,23,2,3.12,2
773,24,3,4.66,2
773,25,7,2.38,2
773,26,4,2.47,2
773,27,0,3.92,2
773,28,4,2.56,2
773,29,0,3.99,2
773,30,5,3.54,2
773,31,1,4.22,2
773,32,4,3.01,2
773,33,8,2.33,2
773,34,1,3.21,2
773,35,1,3.63,2
773,36,1,4.22,2
773,37,2,2.52,2
773,38,1,3.76,2
773,39,1,3.5,2
773,40,0,4.81,2
773,41,0,4.73,2
773,42,6,2.46,2
773,43,1,2.92,2
773,44,1,4.09,2
773,45,0,4.29,2
773,46,2,3.53,2
773,47,2,2.68,2
773,48,4,2.5,2
773,49,3,2.95,2
773,50,5,2.13,2
773,51,0,4.01,2
773,52,0,4.24,2
774,1,6,4.23,2
774,2,6,2.29,2
774,3,1,4.89,2
774,4,4,2.43,2
774,5,1,3.45,2
774,6,0,3.69,2
774,7,0,4.8,2
774,8,1,4.46,2
774,9,7,3.6,2
774,10,2,3.15,2
774,11,0,3.64,2
774,12,1,4.39,2
774,13,3,3.88,2
774,14,6,2.31,2
774,15,3,2.58,2
774,16,2,4.53,2
774,17,3,3.44,2
774,18,0,4.33,2
774,19,0,4.45,2
774,20,0,2.89,2
774,21,2,2.68,2
774,22,1,3.86,2
774,23,2,3.12,2
774,24,1,4.66,2
774,25,6,2.38,2
774,26,8,2.47,2
774,27,1,3.92,2
774,28,4,2.56,2
774,29,2,3.99,2
774,30,5,3.54,2
774,31,1,4.22,2
774,32,3,3.01,2
774,33,10,2.33,2
774,34,0,3.21,2
774,35,2,3.63,2
774,36,2,4.22,2
774,37,8,2.52,2
774,38,1,3.76,2
774,39,3,3.5,2
774,40,0,4.81,2
774,41,0,4.73,2
774,42,4,2.46,2
774,43,6,2.92,2
774,44,2,4.09,2
774,45,1,4.29,2
774,46,4,3.53,2
774,47,5,2.68,2
774,48,6,2.5,2
774,49,2,2.95,2
774,50,6,2.13,2
774,51,1,4.01,2
774,52,5,4.24,2
775,1,4,4.23,4
775,2,17,2.29,4
775,3,4,4.89,4
775,4,16,2.43,4
775,5,8,3.45,4
775,6,4,3.69,4
775,7,0,4.8,4
775,8,5,4.46,4
775,9,6,3.6,4
775,10,9,3.15,4
775,11,8,3.64,4
775,12,4,4.39,4
775,13,5,3.88,4
775,14,16,2.31,4
775,15,15,2.58,4
775,16,4,4.53,4
775,17,10,3.44,4
775,18,8,4.33,4
775,19,6,4.45,4
775,20,19,2.89,4
775,21,17,2.68,4
775,22,6,3.86,4
775,23,8,3.12,4
775,24,8,4.66,4
775,25,12,2.38,4
775,26,12,2.47,4
775,27,7,3.92,4
775,28,10,2.56,4
775,29,5,3.99,4
775,30,11,3.54,4
775,31,5,4.22,4
775,32,12,3.01,4
775,33,16,2.33,4
775,34,9,3.21,4
775,35,7,3.63,4
775,36,2,4.22,4
775,37,14,2.52,4
775,38,9,3.76,4
775,39,8,3.5,4
775,40,2,4.81,4
775,41,3,4.73,4
775,42,20,2.46,4
775,43,16,2.92,4
775,44,5,4.09,4
775,45,6,4.29,4
775,46,8,3.53,4
775,47,13,2.68,4
775,48,16,2.5,4
775,49,12,2.95,4
775,50,11,2.13,4
775,51,7,4.01,4
775,52,3,4.24,4
776,1,2,4.23,1
776,2,6,2.29,1
776,3,2,4.89,1
776,4,3,2.43,1
776,5,3,3.45,1
776,6,3,3.69,1
776,7,1,4.8,1
776,8,1,4.46,1
776,9,0,3.6,1
776,10,6,3.15,1
776,11,2,3.64,1
776,12,1,4.39,1
776,13,3,3.88,1
776,14,6,2.31,1
776,15,4,2.58,1
776,16,0,4.53,1
776,17,2,3.44,1
776,18,0,4.33,1
776,19,2,4.45,1
776,20,4,2.89,1
776,21,3,2.68,1
776,22,1,3.86,1
776,23,5,3.12,1
776,24,0,4.66,1
776,25,4,2.38,1
776,26,3,2.47,1
776,27,1,3.92,1
776,28,2,2.56,1
776,29,3,3.99,1
776,30,2,3.54,1
776,31,4,4.22,1
776,32,1,3.01,1
776,33,2,2.33,1
776,34,1,3.21,1
776,35,1,3.63,1
776,36,0,4.22,1
776,37,5,2.52,1
776,38,0,3.76,1
776,39,1,3.5,1
776,40,1,4.81,1
776,41,1,4.73,1
776,42,4,2.46,1
776,43,5,2.92,1
776,44,2,4.09,1
776,45,1,4.29,1
776,46,0,3.53,1
776,47,7,2.68,1
776,48,3,2.5,1
776,49,4,2.95,1
776,50,5,2.13,1
776,51,4,4.01,1
776,52,0,4.24,1
777,1,0,4.23,1
777,2,0,2.29,1
777,3,0,4.89,1
777,4,0,2.43,1
777,5,0,3.45,1
777,6,0,3.69,1
777,7,0,4.8,1
777,8,0,4.46,1
777,9,0,3.6,1
777,10,0,3.15,1
777,11,0,3.64,1
777,12,0,4.39,1
777,13,0,3.88,1
777,14,0,2.31,1
777,15,1,2.58,1
777,16,0,4.53,1
777,17,0,3.44,1
777,18,0,4.33,1
777,19,0,4.45,1
777,20,1,2.89,1
777,21,1,2.68,1
777,22,0,3.86,1
777,23,0,3.12,1
777,24,0,4.66,1
777,25,1,2.38,1
777,26,2,2.47,1
777,27,0,3.92,1
777,28,0,2.56,1
777,29,0,3.99,1
777,30,0,3.54,1
777,31,0,4.22,1
777,32,0,3.01,1
777,33,0,2.33,1
777,34,0,3.21,1
777,35,0,3.63,1
777,36,0,4.22,1
777,37,0,2.52,1
777,38,0,3.76,1
777,39,0,3.5,1
777,40,0,4.81,1
777,41,0,4.73,1
777,42,0,2.46,1
777,43,0,2.92,1
777,44,0,4.09,1
777,45,0,4.29,1
777,46,0,3.53,1
777,47,0,2.68,1
777,48,0,2.5,1
777,49,0,2.95,1
777,50,1,2.13,1
777,51,0,4.01,1
777,52,0,4.24,1
778,1,0,4.23,4
778,2,1,2.29,4
778,3,0,4.89,4
778,4,0,2.43,4
778,5,0,3.45,4
778,6,0,3.69,4
778,7,0,4.8,4
778,8,0,4.46,4
778,9,1,3.6,4
778,10,1,3.15,4
778,11,0,3.64,4
778,12,1,4.39,4
778,13,0,3.88,4
778,14,4,2.31,4
778,15,0,2.58,4
778,16,0,4.53,4
778,17,0,3.44,4
778,18,0,4.33,4
778,19,0,4.45,4
778,20,2,2.89,4
778,21,4,2.68,4
778,22,1,3.86,4
778,23,1,3.12,4
778,24,1,4.66,4
778,25,4,2.38,4
778,26,1,2.47,4
778,27,0,3.92,4
778,28,2,2.56,4
778,29,2,3.99,4
778,30,0,3.54,4
778,31,0,4.22,4
778,32,0,3.01,4
778,33,3,2.33,4
778,34,0,3.21,4
778,35,0,3.63,4
778,36,0,4.22,4
778,37,3,2.52,4
778,38,0,3.76,4
778,39,0,3.5,4
778,40,0,4.81,4
778,41,1,4.73,4
778,42,3,2.46,4
778,43,1,2.92,4
778,44,1,4.09,4
778,45,0,4.29,4
778,46,2,3.53,4
778,47,0,2.68,4
778,48,1,2.5,4
778,49,0,2.95,4
778,50,3,2.13,4
778,51,0,4.01,4
778,52,0,4.24,4
779,1,0,4.23,1
779,2,3,2.29,1
779,3,0,4.89,1
779,4,2,2.43,1
779,5,0,3.45,1
779,6,3,3.69,1
779,7,0,4.8,1
779,8,1,4.46,1
779,9,1,3.6,1
779,10,4,3.15,1
779,11,1,3.64,1
779,12,1,4.39,1
779,13,0,3.88,1
779,14,3,2.31,1
779,15,3,2.58,1
779,16,0,4.53,1
779,17,0,3.44,1
779,18,0,4.33,1
779,19,0,4.45,1
779,20,1,2.89,1
779,21,7,2.68,1
779,22,1,3.86,1
779,23,0,3.12,1
779,24,0,4.66,1
779,25,2,2.38,1
779,26,4,2.47,1
779,27,0,3.92,1
779,28,3,2.56,1
779,29,1,3.99,1
779,30,3,3.54,1
779,31,0,4.22,1
779,32,1,3.01,1
779,33,2,2.33,1
779,34,1,3.21,1
779,35,2,3.63,1
779,36,2,4.22,1
779,37,5,2.52,1
779,38,1,3.76,1
779,39,0,3.5,1
779,40,0,4.81,1
779,41,2,4.73,1
779,42,1,2.46,1
779,43,1,2.92,1
779,44,0,4.09,1
779,45,0,4.29,1
779,46,1,3.53,1
779,47,2,2.68,1
779,48,2,2.5,1
779,49,3,2.95,1
779,50,7,2.13,1
779,51,0,4.01,1
779,52,0,4.24,1
780,1,1,4.23,1
780,2,4,2.29,1
780,3,0,4.89,1
780,4,3,2.43,1
780,5,3,3.45,1
780,6,1,3.69,1
780,7,0,4.8,1
780,8,0,4.46,1
780,9,0,3.6,1
780,10,0,3.15,1
780,11,1,3.64,1
780,12,1,4.39,1
780,13,2,3.88,1
780,14,1,2.31,1
780,15,3,2.58,1
780,16,0,4.53,1
780,17,1,3.44,1
780,18,0,4.33,1
780,19,0,4.45,1
780,20,0,2.89,1
780,21,1,2.68,1
780,22,1,3.86,1
780,23,2,3.12,1
780,24,2,4.66,1
780,25,1,2.38,1
780,26,1,2.47,1
780,27,0,3.92,1
780,28,0,2.56,1
780,29,0,3.99,1
780,30,0,3.54,1
780,31,0,4.22,1
780,32,2,3.01,1
780,33,6,2.33,1
780,34,2,3.21,1
780,35,1,3.63,1
780,36,0,4.22,1
780,37,4,2.52,1
780,38,0,3.76,1
780,39,1,3.5,1
780,40,0,4.81,1
780,41,1,4.73,1
780,42,2,2.46,1
780,43,3,2.92,1
780,44,0,4.09,1
780,45,0,4.29,1
780,46,1,3.53,1
780,47,0,2.68,1
780,48,1,2.5,1
780,49,3,2.95,1
780,50,4,2.13,1
780,51,4,4.01,1
780,52,1,4.24,1
781,1,17,4.23,5
781,2,18,2.29,5
781,3,12,4.89,5
781,4,12,2.43,5
781,5,16,3.45,5
781,6,20,3.69,5
781,7,12,4.8,5
781,8,18,4.46,5
781,9,18,3.6,5
781,10,14,3.15,5
781,11,7,3.64,5
781,12,19,4.39,5
781,13,16,3.88,5
781,14,16,2.31,5
781,15,9,2.58,5
781,16,28,4.53,5
781,17,17,3.44,5
781,18,16,4.33,5
781,19,18,4.45,5
781,20,15,2.89,5
781,21,14,2.68,5
781,22,15,3.86,5
781,23,16,3.12,5
781,24,13,4.66,5
781,25,11,2.38,5
781,26,13,2.47,5
781,27,18,3.92,5
781,28,14,2.56,5
781,29,9,3.99,5
781,30,13,3.54,5
781,31,19,4.22,5
781,32,12,3.01,5
781,33,21,2.33,5
781,34,20,3.21,5
781,35,12,3.63,5
781,36,19,4.22,5
781,37,11,2.52,5
781,38,13,3.76,5
781,39,12,3.5,5
781,40,12,4.81,5
781,41,9,4.73,5
781,42,13,2.46,5
781,43,11,2.92,5
781,44,10,4.09,5
781,45,12,4.29,5
781,46,11,3.53,5
781,47,15,2.68,5
781,48,15,2.5,5
781,49,13,2.95,5
781,50,11,2.13,5
781,51,14,4.01,5
781,52,13,4.24,5
782,1,0,4.23,1
782,2,3,2.29,1
782,3,0,4.89,1
782,4,4,2.43,1
782,5,2,3.45,1
782,6,1,3.69,1
782,7,0,4.8,1
782,8,0,4.46,1
782,9,3,3.6,1
782,10,2,3.15,1
782,11,2,3.64,1
782,12,1,4.39,1
782,13,0,3.88,1
782,14,4,2.31,1
782,15,0,2.58,1
782,16,1,4.53,1
782,17,1,3.44,1
782,18,2,4.33,1
782,19,0,4.45,1
782,20,4,2.89,1
782,21,3,2.68,1
782,22,1,3.86,1
782,23,2,3.12,1
782,24,0,4.66,1
782,25,2,2.38,1
782,26,4,2.47,1
782,27,1,3.92,1
782,28,2,2.56,1
782,29,0,3.99,1
782,30,0,3.54,1
782,31,0,4.22,1
782,32,1,3.01,1
782,33,2,2.33,1
782,34,1,3.21,1
782,35,0,3.63,1
782,36,0,4.22,1
782,37,3,2.52,1
782,38,0,3.76,1
782,39,1,3.5,1
782,40,0,4.81,1
782,41,0,4.73,1
782,42,2,2.46,1
782,43,1,2.92,1
782,44,0,4.09,1
782,45,0,4.29,1
782,46,1,3.53,1
782,47,2,2.68,1
782,48,1,2.5,1
782,49,1,2.95,1
782,50,6,2.13,1
782,51,2,4.01,1
782,52,0,4.24,1
783,1,2,4.23,2
783,2,7,2.29,2
783,3,0,4.89,2
783,4,4,2.43,2
783,5,3,3.45,2
783,6,2,3.69,2
783,7,1,4.8,2
783,8,1,4.46,2
783,9,3,3.6,2
783,10,2,3.15,2
783,11,3,3.64,2
783,12,1,4.39,2
783,13,2,3.88,2
783,14,9,2.31,2
783,15,2,2.58,2
783,16,4,4.53,2
783,17,3,3.44,2
783,18,0,4.33,2
783,19,0,4.45,2
783,20,2,2.89,2
783,21,5,2.68,2
783,22,1,3.86,2
783,23,3,3.12,2
783,24,1,4.66,2
783,25,4,2.38,2
783,26,3,2.47,2
783,27,0,3.92,2
783,28,2,2.56,2
783,29,0,3.99,2
783,30,2,3.54,2
783,31,0,4.22,2
783,32,6,3.01,2
783,33,10,2.33,2
783,34,2,3.21,2
783,35,2,3.63,2
783,36,0,4.22,2
783,37,8,2.52,2
783,38,3,3.76,2
783,39,2,3.5,2
783,40,1,4.81,2
783,41,0,4.73,2
783,42,7,2.46,2
783,43,4,2.92,2
783,44,2,4.09,2
783,45,0,4.29,2
783,46,1,3.53,2
783,47,4,2.68,2
783,48,8,2.5,2
783,49,7,2.95,2
783,50,9,2.13,2
783,51,2,4.01,2
783,52,1,4.24,2
784,1,0,4.23,3
784,2,2,2.29,3
784,3,0,4.89,3
784,4,2,2.43,3
784,5,0,3.45,3
784,6,0,3.69,3
784,7,0,4.8,3
784,8,0,4.46,3
784,9,1,3.6,3
784,10,0,3.15,3
784,11,1,3.64,3
784,12,0,4.39,3
784,13,0,3.88,3
784,14,0,2.31,3
784,15,1,2.58,3
784,16,0,4.53,3
784,17,1,3.44,3
784,18,0,4.33,3
784,19,0,4.45,3
784,20,1,2.89,3
784,21,2,2.68,3
784,22,0,3.86,3
784,23,1,3.12,3
784,24,0,4.66,3
784,25,0,2.38,3
784,26,2,2.47,3
784,27,0,3.92,3
784,28,0,2.56,3
784,29,0,3.99,3
784,30,0,3.54,3
784,31,0,4.22,3
784,32,0,3.01,3
784,33,5,2.33,3
784,34,0,3.21,3
784,35,0,3.63,3
784,36,0,4.22,3
784,37,1,2.52,3
784,38,0,3.76,3
784,39,0,3.5,3
784,40,0,4.81,3
784,41,0,4.73,3
784,42,1,2.46,3
784,43,0,2.92,3
784,44,0,4.09,3
784,45,2,4.29,3
784,46,0,3.53,3
784,47,0,2.68,3
784,48,1,2.5,3
784,49,1,2.95,3
784,50,2,2.13,3
784,51,1,4.01,3
784,52,0,4.24,3
785,1,18,4.23,5
785,2,12,2.29,5
785,3,14,4.89,5
785,4,18,2.43,5
785,5,13,3.45,5
785,6,14,3.69,5
785,7,15,4.8,5
785,8,11,4.46,5
785,9,10,3.6,5
785,10,15,3.15,5
785,11,9,3.64,5
785,12,12,4.39,5
785,13,12,3.88,5
785,14,11,2.31,5
785,15,11,2.58,5
785,16,11,4.53,5
785,17,15,3.44,5
785,18,18,4.33,5
785,19,16,4.45,5
785,20,5,2.89,5
785,21,11,2.68,5
785,22,12,3.86,5
785,23,20,3.12,5
785,24,18,4.66,5
785,25,19,2.38,5
785,26,17,2.47,5
785,27,21,3.92,5
785,28,18,2.56,5
785,29,16,3.99,5
785,30,13,3.54,5
785,31,12,4.22,5
785,32,19,3.01,5
785,33,25,2.33,5
785,34,9,3.21,5
785,35,17,3.63,5
785,36,13,4.22,5
785,37,13,2.52,5
785,38,20,3.76,5
785,39,15,3.5,5
785,40,13,4.81,5
785,41,14,4.73,5
785,42,17,2.46,5
785,43,12,2.92,5
785,44,17,4.09,5
785,45,11,4.29,5
785,46,13,3.53,5
785,47,12,2.68,5
785,48,11,2.5,5
785,49,13,2.95,5
785,50,14,2.13,5
785,51,15,4.01,5
785,52,17,4.24,5
786,1,1,4.23,3
786,2,0,2.29,3
786,3,1,4.89,3
786,4,1,2.43,3
786,5,0,3.45,3
786,6,1,3.69,3
786,7,0,4.8,3
786,8,0,4.46,3
786,9,0,3.6,3
786,10,1,3.15,3
786,11,0,3.64,3
786,12,1,4.39,3
786,13,0,3.88,3
786,14,0,2.31,3
786,15,1,2.58,3
786,16,1,4.53,3
786,17,0,3.44,3
786,18,0,4.33,3
786,19,0,4.45,3
786,20,1,2.89,3
786,21,0,2.68,3
786,22,0,3.86,3
786,23,0,3.12,3
786,24,0,4.66,3
786,25,0,2.38,3
786,26,3,2.47,3
786,27,0,3.92,3
786,28,1,2.56,3
786,29,0,3.99,3
786,30,1,3.54,3
786,31,0,4.22,3
786,32,1,3.01,3
786,33,3,2.33,3
786,34,0,3.21,3
786,35,2,3.63,3
786,36,0,4.22,3
786,37,0,2.52,3
786,38,1,3.76,3
786,39,1,3.5,3
786,40,0,4.81,3
786,41,0,4.73,3
786,42,1,2.46,3
786,43,1,2.92,3
786,44,0,4.09,3
786,45,0,4.29,3
786,46,1,3.53,3
786,47,1,2.68,3
786,48,0,2.5,3
786,49,1,2.95,3
786,50,1,2.13,3
786,51,0,4.01,3
786,52,0,4.24,3
787,1,0,4.23,1
787,2,5,2.29,1
787,3,2,4.89,1
787,4,5,2.43,1
787,5,1,3.45,1
787,6,0,3.69,1
787,7,2,4.8,1
787,8,2,4.46,1
787,9,0,3.6,1
787,10,0,3.15,1
787,11,1,3.64,1
787,12,1,4.39,1
787,13,1,3.88,1
787,14,4,2.31,1
787,15,4,2.58,1
787,16,2,4.53,1
787,17,1,3.44,1
787,18,2,4.33,1
787,19,1,4.45,1
787,20,1,2.89,1
787,21,5,2.68,1
787,22,2,3.86,1
787,23,3,3.12,1
787,24,1,4.66,1
787,25,6,2.38,1
787,26,5,2.47,1
787,27,1,3.92,1
787,28,4,2.56,1
787,29,1,3.99,1
787,30,5,3.54,1
787,31,2,4.22,1
787,32,3,3.01,1
787,33,3,2.33,1
787,34,2,3.21,1
787,35,0,3.63,1
787,36,1,4.22,1
787,37,0,2.52,1
787,38,2,3.76,1
787,39,2,3.5,1
787,40,1,4.81,1
787,41,1,4.73,1
787,42,2,2.46,1
787,43,1,2.92,1
787,44,2,4.09,1
787,45,2,4.29,1
787,46,3,3.53,1
787,47,7,2.68,1
787,48,4,2.5,1
787,49,3,2.95,1
787,50,3,2.13,1
787,51,2,4.01,1
787,52,2,4.24,1
788,1,1,4.23,2
788,2,2,2.29,2
788,3,0,4.89,2
788,4,3,2.43,2
788,5,3,3.45,2
788,6,2,3.69,2
788,7,6,4.8,2
788,8,1,4.46,2
788,9,3,3.6,2
788,10,3,3.15,2
788,11,3,3.64,2
788,12,1,4.39,2
788,13,5,3.88,2
788,14,7,2.31,2
788,15,3,2.58,2
788,16,2,4.53,2
788,17,4,3.44,2
788,18,2,4.33,2
788,19,1,4.45,2
788,20,7,2.89,2
788,21,6,2.68,2
788,22,6,3.86,2
788,23,8,3.12,2
788,24,1,4.66,2
788,25,5,2.38,2
788,26,4,2.47,2
788,27,2,3.92,2
788,28,7,2.56,2
788,29,0,3.99,2
788,30,1,3.54,2
788,31,4,4.22,2
788,32,2,3.01,2
788,33,9,2.33,2
788,34,5,3.21,2
788,35,2,3.63,2
788,36,3,4.22,2
788,37,4,2.52,2
788,38,1,3.76,2
788,39,4,3.5,2
788,40,0,4.81,2
788,41,3,4.73,2
788,42,1,2.46,2
788,43,3,2.92,2
788,44,1,4.09,2
788,45,5,4.29,2
788,46,1,3.53,2
788,47,4,2.68,2
788,48,3,2.5,2
788,49,3,2.95,2
788,50,4,2.13,2
788,51,3,4.01,2
788,52,3,4.24,2
789,1,14,4.23,5
789,2,14,2.29,5
789,3,10,4.89,5
789,4,20,2.43,5
789,5,15,3.45,5
789,6,17,3.69,5
789,7,15,4.8,5
789,8,13,4.46,5
789,9,22,3.6,5
789,10,20,3.15,5
789,11,15,3.64,5
789,12,13,4.39,5
789,13,10,3.88,5
789,14,10,2.31,5
789,15,11,2.58,5
789,16,8,4.53,5
789,17,7,3.44,5
789,18,17,4.33,5
789,19,13,4.45,5
789,20,17,2.89,5
789,21,13,2.68,5
789,22,17,3.86,5
789,23,14,3.12,5
789,24,11,4.66,5
789,25,23,2.38,5
789,26,13,2.47,5
789,27,11,3.92,5
789,28,17,2.56,5
789,29,17,3.99,5
789,30,16,3.54,5
789,31,13,4.22,5
789,32,20,3.01,5
789,33,12,2.33,5
789,34,13,3.21,5
789,35,15,3.63,5
789,36,20,4.22,5
789,37,17,2.52,5
789,38,20,3.76,5
789,39,18,3.5,5
789,40,10,4.81,5
789,41,14,4.73,5
789,42,15,2.46,5
789,43,13,2.92,5
789,44,13,4.09,5
789,45,16,4.29,5
789,46,9,3.53,5
789,47,17,2.68,5
789,48,17,2.5,5
789,49,16,2.95,5
789,50,15,2.13,5
789,51,12,4.01,5
789,52,5,4.24,5
790,1,5,4.23,3
790,2,10,2.29,3
790,3,3,4.89,3
790,4,17,2.43,3
790,5,13,3.45,3
790,6,6,3.69,3
790,7,3,4.8,3
790,8,0,4.46,3
790,9,11,3.6,3
790,10,12,3.15,3
790,11,6,3.64,3
790,12,10,4.39,3
790,13,2,3.88,3
790,14,14,2.31,3
790,15,14,2.58,3
790,16,7,4.53,3
790,17,6,3.44,3
790,18,3,4.33,3
790,19,9,4.45,3
790,20,11,2.89,3
790,21,10,2.68,3
790,22,2,3.86,3
790,23,10,3.12,3
790,24,1,4.66,3
790,25,13,2.38,3
790,26,15,2.47,3
790,27,4,3.92,3
790,28,12,2.56,3
790,29,9,3.99,3
790,30,12,3.54,3
790,31,2,4.22,3
790,32,6,3.01,3
790,33,11,2.33,3
790,34,8,3.21,3
790,35,11,3.63,3
790,36,5,4.22,3
790,37,12,2.52,3
790,38,7,3.76,3
790,39,6,3.5,3
790,40,5,4.81,3
790,41,3,4.73,3
790,42,13,2.46,3
790,43,7,2.92,3
790,44,5,4.09,3
790,45,7,4.29,3
790,46,4,3.53,3
790,47,9,2.68,3
790,48,14,2.5,3
790,49,9,2.95,3
790,50,11,2.13,3
790,51,5,4.01,3
790,52,5,4.24,3
791,1,0,4.23,1
791,2,7,2.29,1
791,3,0,4.89,1
791,4,2,2.43,1
791,5,2,3.45,1
791,6,0,3.69,1
791,7,0,4.8,1
791,8,0,4.46,1
791,9,2,3.6,1
791,10,1,3.15,1
791,11,1,3.64,1
791,12,0,4.39,1
791,13,2,3.88,1
791,14,3,2.31,1
791,15,3,2.58,1
791,16,0,4.53,1
791,17,1,3.44,1
791,18,1,4.33,1
791,19,0,4.45,1
791,20,1,2.89,1
791,21,2,2.68,1
791,22,1,3.86,1
791,23,3,3.12,1
791,24,0,4.66,1
791,25,6,2.38,1
791,26,6,2.47,1
791,27,2,3.92,1
791,28,1,2.56,1
791,29,0,3.99,1
791,30,1,3.54,1
791,31,0,4.22,1
791,32,0,3.01,1
791,33,4,2.33,1
791,34,1,3.21,1
791,35,0,3.63,1
791,36,0,4.22,1
791,37,0,2.52,1
791,38,1,3.76,1
791,39,1,3.5,1
791,40,0,4.81,1
791,41,0,4.73,1
791,42,2,2.46,1
791,43,3,2.92,1
791,44,1,4.09,1
791,45,1,4.29,1
791,46,0,3.53,1
791,47,3,2.68,1
791,48,2,2.5,1
791,49,0,2.95,1
791,50,6,2.13,1
791,51,2,4.01,1
791,52,0,4.24,1
792,1,1,4.23,2
792,2,6,2.29,2
792,3,0,4.89,2
792,4,7,2.43,2
792,5,3,3.45,2
792,6,4,3.69,2
792,7,1,4.8,2
792,8,1,4.46,2
792,9,2,3.6,2
792,10,2,3.15,2
792,11,2,3.64,2
792,12,1,4.39,2
792,13,2,3.88,2
792,14,5,2.31,2
792,15,3,2.58,2
792,16,1,4.53,2
792,17,3,3.44,2
792,18,2,4.33,2
792,19,0,4.45,2
792,20,1,2.89,2
792,21,2,2.68,2
792,22,2,3.86,2
792,23,1,3.12,2
792,24,0,4.66,2
792,25,7,2.38,2
792,26,4,2.47,2
792,27,1,3.92,2
792,28,6,2.56,2
792,29,2,3.99,2
792,30,0,3.54,2
792,31,0,4.22,2
792,32,0,3.01,2
792,33,5,2.33,2
792,34,4,3.21,2
792,35,1,3.63,2
792,36,2,4.22,2
792,37,1,2.52,2
792,38,2,3.76,2
792,39,1,3.5,2
792,40,1,4.81,2
792,41,0,4.73,2
792,42,8,2.46,2
792,43,7,2.92,2
792,44,2,4.09,2
792,45,1,4.29,2
792,46,1,3.53,2
792,47,0,2.68,2
792,48,5,2.5,2
792,49,4,2.95,2
792,50,10,2.13,2
792,51,0,4.01,2
792,52,4,4.24,2
793,1,0,4.23,2
793,2,3,2.29,2
793,3,0,4.89,2
793,4,0,2.43,2
793,5,0,3.45,2
793,6,0,3.69,2
793,7,0,4.8,2
793,8,0,4.46,2
793,9,3,3.6,2
793,10,0,3.15,2
793,11,0,3.64,2
793,12,0,4.39,2
793,13,0,3.88,2
793,14,0,2.31,2
793,15,0,2.58,2
793,16,0,4.53,2
793,17,1,3.44,2
793,18,0,4.33,2
793,19,0,4.45,2
793,20,0,2.89,2
793,21,1,2.68,2
793,22,0,3.86,2
793,23,0,3.12,2
793,24,0,4.66,2
793,25,0,2.38,2
793,26,1,2.47,2
793,27,0,3.92,2
793,28,0,2.56,2
793,29,0,3.99,2
793,30,1,3.54,2
793,31,0,4.22,2
793,32,1,3.01,2
793,33,1,2.33,2
793,34,1,3.21,2
793,35,0,3.63,2
793,36,0,4.22,2
793,37,2,2.52,2
793,38,0,3.76,2
793,39,0,3.5,2
793,40,0,4.81,2
793,41,0,4.73,2
793,42,1,2.46,2
793,43,1,2.92,2
793,44,0,4.09,2
793,45,0,4.29,2
793,46,0,3.53,2
793,47,1,2.68,2
793,48,1,2.5,2
793,49,1,2.95,2
793,50,1,2.13,2
793,51,0,4.01,2
793,52,0,4.24,2
794,1,0,4.23,4
794,2,2,2.29,4
794,3,0,4.89,4
794,4,1,2.43,4
794,5,0,3.45,4
794,6,0,3.69,4
794,7,0,4.8,4
794,8,0,4.46,4
794,9,0,3.6,4
794,10,1,3.15,4
794,11,0,3.64,4
794,12,0,4.39,4
794,13,0,3.88,4
794,14,3,2.31,4
794,15,1,2.58,4
794,16,0,4.53,4
794,17,0,3.44,4
794,18,0,4.33,4
794,19,0,4.45,4
794,20,0,2.89,4
794,21,1,2.68,4
794,22,0,3.86,4
794,23,0,3.12,4
794,24,0,4.66,4
794,25,3,2.38,4
794,26,0,2.47,4
794,27,1,3.92,4
794,28,3,2.56,4
794,29,0,3.99,4
794,30,0,3.54,4
794,31,0,4.22,4
794,32,0,3.01,4
794,33,4,2.33,4
794,34,0,3.21,4
794,35,0,3.63,4
794,36,0,4.22,4
794,37,2,2.52,4
794,38,0,3.76,4
794,39,0,3.5,4
794,40,0,4.81,4
794,41,0,4.73,4
794,42,4,2.46,4
794,43,1,2.92,4
794,44,0,4.09,4
794,45,0,4.29,4
794,46,1,3.53,4
794,47,1,2.68,4
794,48,1,2.5,4
794,49,1,2.95,4
794,50,0,2.13,4
794,51,0,4.01,4
794,52,0,4.24,4
795,1,7,4.23,4
795,2,13,2.29,4
795,3,4,4.89,4
795,4,15,2.43,4
795,5,9,3.45,4
795,6,7,3.69,4
795,7,6,4.8,4
795,8,8,4.46,4
795,9,12,3.6,4
795,10,18,3.15,4
795,11,11,3.64,4
795,12,3,4.39,4
795,13,10,3.88,4
795,14,23,2.31,4
795,15,12,2.58,4
795,16,8,4.53,4
795,17,18,3.44,4
795,18,7,4.33,4
795,19,6,4.45,4
795,20,25,2.89,4
795,21,17,2.68,4
795,22,12,3.86,4
795,23,9,3.12,4
795,24,9,4.66,4
795,25,13,2.38,4
795,26,16,2.47,4
795,27,10,3.92,4
795,28,10,2.56,4
795,29,12,3.99,4
795,30,16,3.54,4
795,31,10,4.22,4
795,32,14,3.01,4
795,33,16,2.33,4
795,34,13,3.21,4
795,35,11,3.63,4
795,36,10,4.22,4
795,37,18,2.52,4
795,38,13,3.76,4
795,39,12,3.5,4
795,40,6,4.81,4
795,41,3,4.73,4
795,42,11,2.46,4
795,43,6,2.92,4
795,44,7,4.09,4
795,45,7,4.29,4
795,46,9,3.53,4
795,47,11,2.68,4
795,48,21,2.5,4
795,49,16,2.95,4
795,50,17,2.13,4
795,51,11,4.01,4
795,52,6,4.24,4
796,1,4,4.23,3
796,2,22,2.29,3
796,3,1,4.89,3
796,4,15,2.43,3
796,5,3,3.45,3
796,6,3,3.69,3
796,7,1,4.8,3
796,8,4,4.46,3
796,9,3,3.6,3
796,10,6,3.15,3
796,11,5,3.64,3
796,12,0,4.39,3
796,13,2,3.88,3
796,14,14,2.31,3
796,15,7,2.58,3
796,16,2,4.53,3
796,17,4,3.44,3
796,18,1,4.33,3
796,19,3,4.45,3
796,20,15,2.89,3
796,21,3,2.68,3
796,22,7,3.86,3
796,23,9,3.12,3
796,24,4,4.66,3
796,25,19,2.38,3
796,26,10,2.47,3
796,27,2,3.92,3
796,28,11,2.56,3
796,29,2,3.99,3
796,30,4,3.54,3
796,31,6,4.22,3
796,32,12,3.01,3
796,33,12,2.33,3
796,34,5,3.21,3
796,35,3,3.63,3
796,36,1,4.22,3
796,37,15,2.52,3
796,38,3,3.76,3
796,39,4,3.5,3
796,40,0,4.81,3
796,41,0,4.73,3
796,42,11,2.46,3
796,43,5,2.92,3
796,44,0,4.09,3
796,45,3,4.29,3
796,46,3,3.53,3
796,47,9,2.68,3
796,48,16,2.5,3
796,49,7,2.95,3
796,50,31,2.13,3
796,51,6,4.01,3
796,52,3,4.24,3
797,1,0,4.23,4
797,2,0,2.29,4
797,3,0,4.89,4
797,4,3,2.43,4
797,5,0,3.45,4
797,6,0,3.69,4
797,7,0,4.8,4
797,8,0,4.46,4
797,9,1,3.6,4
797,10,1,3.15,4
797,11,0,3.64,4
797,12,0,4.39,4
797,13,0,3.88,4
797,14,1,2.31,4
797,15,0,2.58,4
797,16,0,4.53,4
797,17,0,3.44,4
797,18,1,4.33,4
797,19,0,4.45,4
797,20,0,2.89,4
797,21,1,2.68,4
797,22,1,3.86,4
797,23,0,3.12,4
797,24,0,4.66,4
797,25,0,2.38,4
797,26,2,2.47,4
797,27,0,3.92,4
797,28,2,2.56,4
797,29,0,3.99,4
797,30,0,3.54,4
797,31,0,4.22,4
797,32,0,3.01,4
797,33,2,2.33,4
797,34,1,3.21,4
797,35,0,3.63,4
797,36,1,4.22,4
797,37,3,2.52,4
797,38,0,3.76,4
797,39,0,3.5,4
797,40,0,4.81,4
797,41,0,4.73,4
797,42,2,2.46,4
797,43,1,2.92,4
797,44,1,4.09,4
797,45,0,4.29,4
797,46,0,3.53,4
797,47,2,2.68,4
797,48,2,2.5,4
797,49,0,2.95,4
797,50,1,2.13,4
797,51,0,4.01,4
797,52,0,4.24,4
798,1,2,4.23,3
798,2,14,2.29,3
798,3,1,4.89,3
798,4,8,2.43,3
798,5,4,3.45,3
798,6,2,3.69,3
798,7,2,4.8,3
798,8,0,4.46,3
798,9,3,3.6,3
798,10,9,3.15,3
798,11,2,3.64,3
798,12,1,4.39,3
798,13,2,3.88,3
798,14,11,2.31,3
798,15,16,2.58,3
798,16,6,4.53,3
798,17,1,3.44,3
798,18,2,4.33,3
798,19,2,4.45,3
798,20,7,2.89,3
798,21,4,2.68,3
798,22,4,3.86,3
798,23,5,3.12,3
798,24,3,4.66,3
798,25,12,2.38,3
798,26,11,2.47,3
798,27,4,3.92,3
798,28,11,2.56,3
798,29,2,3.99,3
798,30,2,3.54,3
798,31,0,4.22,3
798,32,1,3.01,3
798,33,4,2.33,3
798,34,4,3.21,3
798,35,7,3.63,3
798,36,3,4.22,3
798,37,8,2.52,3
798,38,2,3.76,3
798,39,6,3.5,3
798,40,2,4.81,3
798,41,3,4.73,3
798,42,14,2.46,3
798,43,9,2.92,3
798,44,2,4.09,3
798,45,3,4.29,3
798,46,3,3.53,3
798,47,6,2.68,3
798,48,11,2.5,3
798,49,7,2.95,3
798,50,12,2.13,3
798,51,2,4.01,3
798,52,5,4.24,3
799,1,6,4.23,4
799,2,15,2.29,4
799,3,2,4.89,4
799,4,13,2.43,4
799,5,9,3.45,4
799,6,5,3.69,4
799,7,4,4.8,4
799,8,2,4.46,4
799,9,8,3.6,4
799,10,9,3.15,4
799,11,7,3.64,4
799,12,4,4.39,4
799,13,5,3.88,4
799,14,21,2.31,4
799,15,16,2.58,4
799,16,3,4.53,4
799,17,11,3.44,4
799,18,6,4.33,4
799,19,2,4.45,4
799,20,17,2.89,4
799,21,10,2.68,4
799,22,6,3.86,4
799,23,14,3.12,4
799,24,1,4.66,4
799,25,12,2.38,4
799,26,17,2.47,4
799,27,7,3.92,4
799,28,16,2.56,4
799,29,6,3.99,4
799,30,13,3.54,4
799,31,7,4.22,4
799,32,8,3.01,4
799,33,19,2.33,4
799,34,13,3.21,4
799,35,1,3.63,4
799,36,9,4.22,4
799,37,17,2.52,4
799,38,9,3.76,4
799,39,8,3.5,4
799,40,2,4.81,4
799,41,3,4.73,4
799,42,18,2.46,4
799,43,18,2.92,4
799,44,6,4.09,4
799,45,3,4.29,4
799,46,9,3.53,4
799,47,13,2.68,4
799,48,15,2.5,4
799,49,10,2.95,4
799,50,13,2.13,4
799,51,13,4.01,4
799,52,5,4.24,4
800,1,8,4.23,5
800,2,14,2.29,5
800,3,2,4.89,5
800,4,13,2.43,5
800,5,12,3.45,5
800,6,17,3.69,5
800,7,8,4.8,5
800,8,6,4.46,5
800,9,15,3.6,5
800,10,22,3.15,5
800,11,16,3.64,5
800,12,11,4.39,5
800,13,10,3.88,5
800,14,16,2.31,5
800,15,17,2.58,5
800,16,6,4.53,5
800,17,10,3.44,5
800,18,11,4.33,5
800,19,9,4.45,5
800,20,16,2.89,5
800,21,17,2.68,5
800,22,8,3.86,5
800,23,19,3.12,5
800,24,7,4.66,5
800,25,13,2.38,5
800,26,11,2.47,5
800,27,12,3.92,5
800,28,11,2.56,5
800,29,10,3.99,5
800,30,22,3.54,5
800,31,12,4.22,5
800,32,26,3.01,5
800,33,10,2.33,5
800,34,7,3.21,5
800,35,15,3.63,5
800,36,11,4.22,5
800,37,20,2.52,5
800,38,10,3.76,5
800,39,11,3.5,5
800,40,7,4.81,5
800,41,11,4.73,5
800,42,18,2.46,5
800,43,20,2.92,5
800,44,7,4.09,5
800,45,8,4.29,5
800,46,13,3.53,5
800,47,13,2.68,5
800,48,10,2.5,5
800,49,12,2.95,5
800,50,17,2.13,5
800,51,10,4.01,5
800,52,10,4.24,5
801,1,0,4.23,2
801,2,0,2.29,2
801,3,0,4.89,2
801,4,1,2.43,2
801,5,0,3.45,2
801,6,0,3.69,2
801,7,0,4.8,2
801,8,0,4.46,2
801,9,0,3.6,2
801,10,0,3.15,2
801,11,0,3.64,2
801,12,0,4.39,2
801,13,0,3.88,2
801,14,3,2.31,2
801,15,1,2.58,2
801,16,0,4.53,2
801,17,0,3.44,2
801,18,0,4.33,2
801,19,0,4.45,2
801,20,2,2.89,2
801,21,1,2.68,2
801,22,0,3.86,2
801,23,3,3.12,2
801,24,0,4.66,2
801,25,1,2.38,2
801,26,3,2.47,2
801,27,0,3.92,2
801,28,0,2.56,2
801,29,0,3.99,2
801,30,0,3.54,2
801,31,0,4.22,2
801,32,0,3.01,2
801,33,1,2.33,2
801,34,0,3.21,2
801,35,0,3.63,2
801,36,0,4.22,2
801,37,2,2.52,2
801,38,1,3.76,2
801,39,0,3.5,2
801,40,0,4.81,2
801,41,0,4.73,2
801,42,0,2.46,2
801,43,1,2.92,2
801,44,0,4.09,2
801,45,0,4.29,2
801,46,0,3.53,2
801,47,0,2.68,2
801,48,1,2.5,2
801,49,0,2.95,2
801,50,0,2.13,2
801,51,0,4.01,2
801,52,0,4.24,2
802,1,17,4.23,5
802,2,7,2.29,5
802,3,18,4.89,5
802,4,16,2.43,5
802,5,22,3.45,5
802,6,11,3.69,5
802,7,17,4.8,5
802,8,13,4.46,5
802,9,14,3.6,5
802,10,20,3.15,5
802,11,7,3.64,5
802,12,17,4.39,5
802,13,15,3.88,5
802,14,15,2.31,5
802,15,26,2.58,5
802,16,17,4.53,5
802,17,12,3.44,5
802,18,21,4.33,5
802,19,19,4.45,5
802,20,19,2.89,5
802,21,22,2.68,5
802,22,10,3.86,5
802,23,15,3.12,5
802,24,15,4.66,5
802,25,14,2.38,5
802,26,18,2.47,5
802,27,12,3.92,5
802,28,16,2.56,5
802,29,16,3.99,5
802,30,10,3.54,5
802,31,8,4.22,5
802,32,15,3.01,5
802,33,18,2.33,5
802,34,26,3.21,5
802,35,14,3.63,5
802,36,21,4.22,5
802,37,14,2.52,5
802,38,18,3.76,5
802,39,13,3.5,5
802,40,13,4.81,5
802,41,14,4.73,5
802,42,17,2.46,5
802,43,16,2.92,5
802,44,14,4.09,5
802,45,18,4.29,5
802,46,13,3.53,5
802,47,19,2.68,5
802,48,10,2.5,5
802,49,11,2.95,5
802,50,17,2.13,5
802,51,22,4.01,5
802,52,13,4.24,5
803,1,14,4.23,5
803,2,14,2.29,5
803,3,15,4.89,5
803,4,12,2.43,5
803,5,15,3.45,5
803,6,14,3.69,5
803,7,12,4.8,5
803,8,15,4.46,5
803,9,10,3.6,5
803,10,12,3.15,5
803,11,22,3.64,5
803,12,9,4.39,5
803,13,13,3.88,5
803,14,15,2.31,5
803,15,16,2.58,5
803,16,14,4.53,5
803,17,13,3.44,5
803,18,17,4.33,5
803,19,19,4.45,5
803,20,17,2.89,5
803,21,14,2.68,5
803,22,17,3.86,5
803,23,14,3.12,5
803,24,15,4.66,5
803,25,13,2.38,5
803,26,17,2.47,5
803,27,16,3.92,5
803,28,15,2.56,5
803,29,20,3.99,5
803,30,12,3.54,5
803,31,12,4.22,5
803,32,9,3.01,5
803,33,15,2.33,5
803,34,9,3.21,5
803,35,12,3.63,5
803,36,14,4.22,5
803,37,12,2.52,5
803,38,7,3.76,5
803,39,25,3.5,5
803,40,15,4.81,5
803,41,13,4.73,5
803,42,17,2.46,5
803,43,13,2.92,5
803,44,12,4.09,5
803,45,20,4.29,5
803,46,12,3.53,5
803,47,16,2.68,5
803,48,15,2.5,5
803,49,16,2.95,5
803,50,21,2.13,5
803,51,9,4.01,5
803,52,12,4.24,5
804,1,4,4.23,5
804,2,9,2.29,5
804,3,7,4.89,5
804,4,15,2.43,5
804,5,11,3.45,5
804,6,10,3.69,5
804,7,8,4.8,5
804,8,6,4.46,5
804,9,9,3.6,5
804,10,15,3.15,5
804,11,18,3.64,5
804,12,8,4.39,5
804,13,9,3.88,5
804,14,18,2.31,5
804,15,18,2.58,5
804,16,5,4.53,5
804,17,16,3.44,5
804,18,7,4.33,5
804,19,9,4.45,5
804,20,15,2.89,5
804,21,18,2.68,5
804,22,12,3.86,5
804,23,18,3.12,5
804,24,4,4.66,5
804,25,16,2.38,5
804,26,12,2.47,5
804,27,16,3.92,5
804,28,18,2.56,5
804,29,7,3.99,5
804,30,11,3.54,5
804,31,11,4.22,5
804,32,28,3.01,5
804,33,16,2.33,5
804,34,11,3.21,5
804,35,19,3.63,5
804,36,17,4.22,5
804,37,21,2.52,5
804,38,10,3.76,5
804,39,10,3.5,5
804,40,8,4.81,5
804,41,5,4.73,5
804,42,13,2.46,5
804,43,20,2.92,5
804,44,9,4.09,5
804,45,7,4.29,5
804,46,12,3.53,5
804,47,10,2.68,5
804,48,22,2.5,5
804,49,15,2.95,5
804,50,16,2.13,5
804,51,6,4.01,5
804,52,12,4.24,5
805,1,3,4.23,3
805,2,11,2.29,3
805,3,0,4.89,3
805,4,10,2.43,3
805,5,5,3.45,3
805,6,5,3.69,3
805,7,2,4.8,3
805,8,3,4.46,3
805,9,7,3.6,3
805,10,2,3.15,3
805,11,9,3.64,3
805,12,2,4.39,3
805,13,4,3.88,3
805,14,9,2.31,3
805,15,13,2.58,3
805,16,0,4.53,3
805,17,4,3.44,3
805,18,3,4.33,3
805,19,3,4.45,3
805,20,8,2.89,3
805,21,16,2.68,3
805,22,5,3.86,3
805,23,7,3.12,3
805,24,1,4.66,3
805,25,10,2.38,3
805,26,7,2.47,3
805,27,3,3.92,3
805,28,8,2.56,3
805,29,1,3.99,3
805,30,2,3.54,3
805,31,2,4.22,3
805,32,7,3.01,3
805,33,7,2.33,3
805,34,8,3.21,3
805,35,3,3.63,3
805,36,1,4.22,3
805,37,11,2.52,3
805,38,3,3.76,3
805,39,5,3.5,3
805,40,2,4.81,3
805,41,2,4.73,3
805,42,9,2.46,3
805,43,4,2.92,3
805,44,1,4.09,3
805,45,4,4.29,3
805,46,6,3.53,3
805,47,5,2.68,3
805,48,19,2.5,3
805,49,15,2.95,3
805,50,15,2.13,3
805,51,2,4.01,3
805,52,1,4.24,3
806,1,2,4.23,3
806,2,15,2.29,3
806,3,1,4.89,3
806,4,11,2.43,3
806,5,9,3.45,3
806,6,6,3.69,3
806,7,1,4.8,3
806,8,0,4.46,3
806,9,5,3.6,3
806,10,8,3.15,3
806,11,4,3.64,3
806,12,2,4.39,3
806,13,1,3.88,3
806,14,17,2.31,3
806,15,6,2.58,3
806,16,4,4.53,3
806,17,9,3.44,3
806,18,1,4.33,3
806,19,0,4.45,3
806,20,11,2.89,3
806,21,4,2.68,3
806,22,4,3.86,3
806,23,6,3.12,3
806,24,0,4.66,3
806,25,17,2.38,3
806,26,7,2.47,3
806,27,0,3.92,3
806,28,14,2.56,3
806,29,2,3.99,3
806,30,2,3.54,3
806,31,2,4.22,3
806,32,7,3.01,3
806,33,11,2.33,3
806,34,5,3.21,3
806,35,5,3.63,3
806,36,0,4.22,3
806,37,12,2.52,3
806,38,3,3.76,3
806,39,7,3.5,3
806,40,0,4.81,3
806,41,2,4.73,3
806,42,10,2.46,3
806,43,12,2.92,3
806,44,5,4.09,3
806,45,2,4.29,3
806,46,4,3.53,3
806,47,11,2.68,3
806,48,9,2.5,3
806,49,7,2.95,3
806,50,14,2.13,3
806,51,2,4.01,3
806,52,0,4.24,3
807,1,0,4.23,4
807,2,5,2.29,4
807,3,0,4.89,4
807,4,0,2.43,4
807,5,0,3.45,4
807,6,0,3.69,4
807,7,0,4.8,4
807,8,0,4.46,4
807,9,0,3.6,4
807,10,2,3.15,4
807,11,1,3.64,4
807,12,0,4.39,4
807,13,0,3.88,4
807,14,3,2.31,4
807,15,2,2.58,4
807,16,0,4.53,4
807,17,2,3.44,4
807,18,0,4.33,4
807,19,0,4.45,4
807,20,1,2.89,4
807,21,3,2.68,4
807,22,1,3.86,4
807,23,0,3.12,4
807,24,0,4.66,4
807,25,2,2.38,4
807,26,1,2.47,4
807,27,0,3.92,4
807,28,1,2.56,4
807,29,1,3.99,4
807,30,0,3.54,4
807,31,1,4.22,4
807,32,0,3.01,4
807,33,2,2.33,4
807,34,0,3.21,4
807,35,0,3.63,4
807,36,0,4.22,4
807,37,1,2.52,4
807,38,0,3.76,4
807,39,0,3.5,4
807,40,0,4.81,4
807,41,0,4.73,4
807,42,1,2.46,4
807,43,0,2.92,4
807,44,0,4.09,4
807,45,0,4.29,4
807,46,0,3.53,4
807,47,3,2.68,4
807,48,2,2.5,4
807,49,0,2.95,4
807,50,6,2.13,4
807,51,1,4.01,4
807,52,0,4.24,4
808,1,9,4.23,3
808,2,10,2.29,3
808,3,4,4.89,3
808,4,13,2.43,3
808,5,8,3.45,3
808,6,9,3.69,3
808,7,4,4.8,3
808,8,3,4.46,3
808,9,7,3.6,3
808,10,6,3.15,3
808,11,2,3.64,3
808,12,2,4.39,3
808,13,7,3.88,3
808,14,10,2.31,3
808,15,16,2.58,3
808,16,6,4.53,3
808,17,6,3.44,3
808,18,1,4.33,3
808,19,5,4.45,3
808,20,11,2.89,3
808,21,12,2.68,3
808,22,13,3.86,3
808,23,14,3.12,3
808,24,4,4.66,3
808,25,11,2.38,3
808,26,7,2.47,3
808,27,7,3.92,3
808,28,11,2.56,3
808,29,4,3.99,3
808,30,9,3.54,3
808,31,5,4.22,3
808,32,5,3.01,3
808,33,10,2.33,3
808,34,7,3.21,3
808,35,9,3.63,3
808,36,2,4.22,3
808,37,9,2.52,3
808,38,3,3.76,3
808,39,8,3.5,3
808,40,2,4.81,3
808,41,3,4.73,3
808,42,13,2.46,3
808,43,10,2.92,3
808,44,10,4.09,3
808,45,5,4.29,3
808,46,6,3.53,3
808,47,10,2.68,3
808,48,10,2.5,3
808,49,5,2.95,3
808,50,15,2.13,3
808,51,3,4.01,3
808,52,5,4.24,3
809,1,0,4.23,5
809,2,2,2.29,5
809,3,0,4.89,5
809,4,5,2.43,5
809,5,0,3.45,5
809,6,0,3.69,5
809,7,0,4.8,5
809,8,0,4.46,5
809,9,1,3.6,5
809,10,0,3.15,5
809,11,1,3.64,5
809,12,0,4.39,5
809,13,1,3.88,5
809,14,1,2.31,5
809,15,4,2.58,5
809,16,0,4.53,5
809,17,0,3.44,5
809,18,1,4.33,5
809,19,0,4.45,5
809,20,0,2.89,5
809,21,0,2.68,5
809,22,0,3.86,5
809,23,2,3.12,5
809,24,0,4.66,5
809,25,2,2.38,5
809,26,4,2.47,5
809,27,0,3.92,5
809,28,4,2.56,5
809,29,0,3.99,5
809,30,1,3.54,5
809,31,0,4.22,5
809,32,2,3.01,5
809,33,2,2.33,5
809,34,4,3.21,5
809,35,2,3.63,5
809,36,0,4.22,5
809,37,1,2.52,5
809,38,0,3.76,5
809,39,2,3.5,5
809,40,0,4.81,5
809,41,0,4.73,5
809,42,3,2.46,5
809,43,4,2.92,5
809,44,0,4.09,5
809,45,0,4.29,5
809,46,1,3.53,5
809,47,2,2.68,5
809,48,2,2.5,5
809,49,1,2.95,5
809,50,1,2.13,5
809,51,0,4.01,5
809,52,0,4.24,5
810,1,0,4.23,1
810,2,3,2.29,1
810,3,1,4.89,1
810,4,2,2.43,1
810,5,0,3.45,1
810,6,0,3.69,1
810,7,0,4.8,1
810,8,0,4.46,1
810,9,1,3.6,1
810,10,1,3.15,1
810,11,1,3.64,1
810,12,0,4.39,1
810,13,0,3.88,1
810,14,1,2.31,1
810,15,0,2.58,1
810,16,2,4.53,1
810,17,2,3.44,1
810,18,1,4.33,1
810,19,0,4.45,1
810,20,2,2.89,1
810,21,2,2.68,1
810,22,0,3.86,1
810,23,3,3.12,1
810,24,1,4.66,1
810,25,8,2.38,1
810,26,4,2.47,1
810,27,1,3.92,1
810,28,2,2.56,1
810,29,1,3.99,1
810,30,1,3.54,1
810,31,0,4.22,1
810,32,2,3.01,1
810,33,2,2.33,1
810,34,2,3.21,1
810,35,0,3.63,1
810,36,0,4.22,1
810,37,3,2.52,1
810,38,0,3.76,1
810,39,2,3.5,1
810,40,1,4.81,1
810,41,1,4.73,1
810,42,1,2.46,1
810,43,3,2.92,1
810,44,0,4.09,1
810,45,0,4.29,1
810,46,0,3.53,1
810,47,2,2.68,1
810,48,2,2.5,1
810,49,2,2.95,1
810,50,6,2.13,1
810,51,1,4.01,1
810,52,1,4.24,1
811,1,3,4.23,3
811,2,13,2.29,3
811,3,4,4.89,3
811,4,9,2.43,3
811,5,7,3.45,3
811,6,14,3.69,3
811,7,0,4.8,3
811,8,4,4.46,3
811,9,9,3.6,3
811,10,9,3.15,3
811,11,4,3.64,3
811,12,3,4.39,3
811,13,2,3.88,3
811,14,11,2.31,3
811,15,12,2.58,3
811,16,3,4.53,3
811,17,3,3.44,3
811,18,4,4.33,3
811,19,5,4.45,3
811,20,11,2.89,3
811,21,13,2.68,3
811,22,5,3.86,3
811,23,12,3.12,3
811,24,2,4.66,3
811,25,10,2.38,3
811,26,20,2.47,3
811,27,6,3.92,3
811,28,14,2.56,3
811,29,6,3.99,3
811,30,10,3.54,3
811,31,4,4.22,3
811,32,7,3.01,3
811,33,13,2.33,3
811,34,6,3.21,3
811,35,5,3.63,3
811,36,4,4.22,3
811,37,10,2.52,3
811,38,6,3.76,3
811,39,6,3.5,3
811,40,2,4.81,3
811,41,2,4.73,3
811,42,15,2.46,3
811,43,11,2.92,3
811,44,4,4.09,3
811,45,6,4.29,3
811,46,3,3.53,3
811,47,12,2.68,3
811,48,14,2.5,3
811,49,9,2.95,3
811,50,10,2.13,3
811,51,11,4.01,3
811,52,7,4.24,3
812,1,0,4.23,1
812,2,0,2.29,1
812,3,0,4.89,1
812,4,0,2.43,1
812,5,0,3.45,1
812,6,0,3.69,1
812,7,0,4.8,1
812,8,0,4.46,1
812,9,0,3.6,1
812,10,0,3.15,1
812,11,0,3.64,1
812,12,0,4.39,1
812,13,0,3.88,1
812,14,0,2.31,1
812,15,2,2.58,1
812,16,0,4.53,1
812,17,0,3.44,1
812,18,0,4.33,1
812,19,0,4.45,1
812,20,0,2.89,1
812,21,0,2.68,1
812,22,0,3.86,1
812,23,0,3.12,1
812,24,0,4.66,1
812,25,3,2.38,1
812,26,1,2.47,1
812,27,0,3.92,1
812,28,0,2.56,1
812,29,0,3.99,1
812,30,0,3.54,1
812,31,0,4.22,1
812,32,0,3.01,1
812,33,0,2.33,1
812,34,0,3.21,1
812,35,0,3.63,1
812,36,0,4.22,1
812,37,0,2.52,1
812,38,1,3.76,1
812,39,0,3.5,1
812,40,0,4.81,1
812,41,0,4.73,1
812,42,1,2.46,1
812,43,0,2.92,1
812,44,0,4.09,1
812,45,0,4.29,1
812,46,1,3.53,1
812,47,0,2.68,1
812,48,1,2.5,1
812,49,0,2.95,1
812,50,0,2.13,1
812,51,0,4.01,1
812,52,0,4.24,1
813,1,0,4.23,1
813,2,1,2.29,1
813,3,0,4.89,1
813,4,0,2.43,1
813,5,2,3.45,1
813,6,0,3.69,1
813,7,0,4.8,1
813,8,0,4.46,1
813,9,1,3.6,1
813,10,0,3.15,1
813,11,0,3.64,1
813,12,0,4.39,1
813,13,0,3.88,1
813,14,0,2.31,1
813,15,0,2.58,1
813,16,0,4.53,1
813,17,0,3.44,1
813,18,0,4.33,1
813,19,0,4.45,1
813,20,0,2.89,1
813,21,1,2.68,1
813,22,0,3.86,1
813,23,0,3.12,1
813,24,0,4.66,1
813,25,0,2.38,1
813,26,0,2.47,1
813,27,0,3.92,1
813,28,1,2.56,1
813,29,0,3.99,1
813,30,0,3.54,1
813,31,1,4.22,1
813,32,2,3.01,1
813,33,0,2.33,1
813,34,1,3.21,1
813,35,0,3.63,1
813,36,0,4.22,1
813,37,2,2.52,1
813,38,0,3.76,1
813,39,0,3.5,1
813,40,0,4.81,1
813,41,0,4.73,1
813,42,1,2.46,1
813,43,0,2.92,1
813,44,0,4.09,1
813,45,1,4.29,1
813,46,0,3.53,1
813,47,0,2.68,1
813,48,1,2.5,1
813,49,0,2.95,1
813,50,3,2.13,1
813,51,0,4.01,1
813,52,0,4.24,1
814,1,0,4.23,1
814,2,2,2.29,1
814,3,0,4.89,1
814,4,4,2.43,1
814,5,2,3.45,1
814,6,1,3.69,1
814,7,0,4.8,1
814,8,0,4.46,1
814,9,1,3.6,1
814,10,0,3.15,1
814,11,1,3.64,1
814,12,1,4.39,1
814,13,0,3.88,1
814,14,0,2.31,1
814,15,7,2.58,1
814,16,1,4.53,1
814,17,1,3.44,1
814,18,0,4.33,1
814,19,1,4.45,1
814,20,0,2.89,1
814,21,2,2.68,1
814,22,2,3.86,1
814,23,0,3.12,1
814,24,1,4.66,1
814,25,4,2.38,1
814,26,4,2.47,1
814,27,0,3.92,1
814,28,2,2.56,1
814,29,0,3.99,1
814,30,1,3.54,1
814,31,1,4.22,1
814,32,1,3.01,1
814,33,4,2.33,1
814,34,3,3.21,1
814,35,0,3.63,1
814,36,4,4.22,1
814,37,0,2.52,1
814,38,1,3.76,1
814,39,1,3.5,1
814,40,0,4.81,1
814,41,0,4.73,1
814,42,3,2.46,1
814,43,1,2.92,1
814,44,0,4.09,1
814,45,0,4.29,1
814,46,0,3.53,1
814,47,2,2.68,1
814,48,4,2.5,1
814,49,1,2.95,1
814,50,6,2.13,1
814,51,0,4.01,1
814,52,1,4.24,1
815,1,6,4.23,4
815,2,21,2.29,4
815,3,7,4.89,4
815,4,17,2.43,4
815,5,11,3.45,4
815,6,14,3.69,4
815,7,1,4.8,4
815,8,6,4.46,4
815,9,10,3.6,4
815,10,13,3.15,4
815,11,12,3.64,4
815,12,8,4.39,4
815,13,7,3.88,4
815,14,14,2.31,4
815,15,15,2.58,4
815,16,7,4.53,4
815,17,16,3.44,4
815,18,4,4.33,4
815,19,6,4.45,4
815,20,10,2.89,4
815,21,14,2.68,4
815,22,6,3.86,4
815,23,14,3.12,4
815,24,6,4.66,4
815,25,19,2.38,4
815,26,10,2.47,4
815,27,8,3.92,4
815,28,13,2.56,4
815,29,9,3.99,4
815,30,14,3.54,4
815,31,6,4.22,4
815,32,10,3.01,4
815,33,18,2.33,4
815,34,7,3.21,4
815,35,11,3.63,4
815,36,12,4.22,4
815,37,12,2.52,4
815,38,8,3.76,4
815,39,15,3.5,4
815,40,9,4.81,4
815,41,4,4.73,4
815,42,17,2.46,4
815,43,23,2.92,4
815,44,17,4.09,4
815,45,7,4.29,4
815,46,17,3.53,4
815,47,19,2.68,4
815,48,18,2.5,4
815,49,12,2.95,4
815,50,6,2.13,4
815,51,9,4.01,4
815,52,12,4.24,4
816,1,0,4.23,3
816,2,1,2.29,3
816,3,1,4.89,3
816,4,0,2.43,3
816,5,0,3.45,3
816,6,0,3.69,3
816,7,0,4.8,3
816,8,0,4.46,3
816,9,0,3.6,3
816,10,0,3.15,3
816,11,0,3.64,3
816,12,0,4.39,3
816,13,0,3.88,3
816,14,0,2.31,3
816,15,1,2.58,3
816,16,0,4.53,3
816,17,0,3.44,3
816,18,0,4.33,3
816,19,0,4.45,3
816,20,0,2.89,3
816,21,2,2.68,3
816,22,1,3.86,3
816,23,1,3.12,3
816,24,0,4.66,3
816,25,2,2.38,3
816,26,0,2.47,3
816,27,0,3.92,3
816,28,1,2.56,3
816,29,0,3.99,3
816,30,0,3.54,3
816,31,0,4.22,3
816,32,1,3.01,3
816,33,1,2.33,3
816,34,0,3.21,3
816,35,0,3.63,3
816,36,0,4.22,3
816,37,1,2.52,3
816,38,0,3.76,3
816,39,0,3.5,3
816,40,0,4.81,3
816,41,0,4.73,3
816,42,0,2.46,3
816,43,0,2.92,3
816,44,0,4.09,3
816,45,0,4.29,3
816,46,0,3.53,3
816,47,2,2.68,3
816,48,1,2.5,3
816,49,1,2.95,3
816,50,2,2.13,3
816,51,0,4.01,3
816,52,0,4.24,3
817,1,6,4.23,4
817,2,10,2.29,4
817,3,1,4.89,4
817,4,6,2.43,4
817,5,6,3.45,4
817,6,12,3.69,4
817,7,4,4.8,4
817,8,4,4.46,4
817,9,8,3.6,4
817,10,17,3.15,4
817,11,7,3.64,4
817,12,4,4.39,4
817,13,10,3.88,4
817,14,13,2.31,4
817,15,9,2.58,4
817,16,3,4.53,4
817,17,10,3.44,4
817,18,1,4.33,4
817,19,3,4.45,4
817,20,15,2.89,4
817,21,8,2.68,4
817,22,6,3.86,4
817,23,4,3.12,4
817,24,2,4.66,4
817,25,16,2.38,4
817,26,18,2.47,4
817,27,3,3.92,4
817,28,14,2.56,4
817,29,5,3.99,4
817,30,13,3.54,4
817,31,3,4.22,4
817,32,13,3.01,4
817,33,15,2.33,4
817,34,7,3.21,4
817,35,6,3.63,4
817,36,7,4.22,4
817,37,14,2.52,4
817,38,5,3.76,4
817,39,11,3.5,4
817,40,0,4.81,4
817,41,3,4.73,4
817,42,11,2.46,4
817,43,14,2.92,4
817,44,6,4.09,4
817,45,2,4.29,4
817,46,7,3.53,4
817,47,19,2.68,4
817,48,13,2.5,4
817,49,15,2.95,4
817,50,18,2.13,4
817,51,12,4.01,4
817,52,5,4.24,4
818,1,0,4.23,2
818,2,0,2.29,2
818,3,0,4.89,2
818,4,2,2.43,2
818,5,0,3.45,2
818,6,0,3.69,2
818,7,0,4.8,2
818,8,0,4.46,2
818,9,0,3.6,2
818,10,0,3.15,2
818,11,0,3.64,2
818,12,0,4.39,2
818,13,0,3.88,2
818,14,0,2.31,2
818,15,0,2.58,2
818,16,0,4.53,2
818,17,0,3.44,2
818,18,0,4.33,2
818,19,0,4.45,2
818,20,0,2.89,2
818,21,0,2.68,2
818,22,1,3.86,2
818,23,1,3.12,2
818,24,0,4.66,2
818,25,1,2.38,2
818,26,0,2.47,2
818,27,0,3.92,2
818,28,0,2.56,2
818,29,0,3.99,2
818,30,0,3.54,2
818,31,0,4.22,2
818,32,1,3.01,2
818,33,1,2.33,2
818,34,0,3.21,2
818,35,0,3.63,2
818,36,0,4.22,2
818,37,0,2.52,2
818,38,1,3.76,2
818,39,0,3.5,2
818,40,0,4.81,2
818,41,0,4.73,2
818,42,1,2.46,2
818,43,0,2.92,2
818,44,0,4.09,2
818,45,0,4.29,2
818,46,0,3.53,2
818,47,0,2.68,2
818,48,1,2.5,2
818,49,1,2.95,2
818,50,2,2.13,2
818,51,0,4.01,2
818,52,0,4.24,2
819,1,0,4.23,2
819,2,1,2.29,2
819,3,0,4.89,2
819,4,2,2.43,2
819,5,0,3.45,2
819,6,0,3.69,2
819,7,0,4.8,2
819,8,0,4.46,2
819,9,0,3.6,2
819,10,0,3.15,2
819,11,0,3.64,2
819,12,0,4.39,2
819,13,0,3.88,2
819,14,1,2.31,2
819,15,1,2.58,2
819,16,0,4.53,2
819,17,1,3.44,2
819,18,0,4.33,2
819,19,0,4.45,2
819,20,0,2.89,2
819,21,1,2.68,2
819,22,1,3.86,2
819,23,0,3.12,2
819,24,0,4.66,2
819,25,0,2.38,2
819,26,0,2.47,2
819,27,0,3.92,2
819,28,0,2.56,2
819,29,0,3.99,2
819,30,1,3.54,2
819,31,0,4.22,2
819,32,0,3.01,2
819,33,1,2.33,2
819,34,0,3.21,2
819,35,0,3.63,2
819,36,0,4.22,2
819,37,1,2.52,2
819,38,0,3.76,2
819,39,1,3.5,2
819,40,0,4.81,2
819,41,0,4.73,2
819,42,2,2.46,2
819,43,1,2.92,2
819,44,1,4.09,2
819,45,0,4.29,2
819,46,0,3.53,2
819,47,0,2.68,2
819,48,1,2.5,2
819,49,0,2.95,2
819,50,2,2.13,2
819,51,0,4.01,2
819,52,0,4.24,2
820,1,11,4.23,4
820,2,15,2.29,4
820,3,3,4.89,4
820,4,14,2.43,4
820,5,13,3.45,4
820,6,12,3.69,4
820,7,7,4.8,4
820,8,13,4.46,4
820,9,7,3.6,4
820,10,6,3.15,4
820,11,17,3.64,4
820,12,4,4.39,4
820,13,17,3.88,4
820,14,24,2.31,4
820,15,17,2.58,4
820,16,9,4.53,4
820,17,15,3.44,4
820,18,7,4.33,4
820,19,6,4.45,4
820,20,12,2.89,4
820,21,12,2.68,4
820,22,14,3.86,4
820,23,18,3.12,4
820,24,9,4.66,4
820,25,17,2.38,4
820,26,18,2.47,4
820,27,17,3.92,4
820,28,17,2.56,4
820,29,11,3.99,4
820,30,18,3.54,4
820,31,9,4.22,4
820,32,16,3.01,4
820,33,19,2.33,4
820,34,15,3.21,4
820,35,11,3.63,4
820,36,11,4.22,4
820,37,24,2.52,4
820,38,13,3.76,4
820,39,18,3.5,4
820,40,3,4.81,4
820,41,9,4.73,4
820,42,19,2.46,4
820,43,18,2.92,4
820,44,14,4.09,4
820,45,8,4.29,4
820,46,15,3.53,4
820,47,10,2.68,4
820,48,16,2.5,4
820,49,11,2.95,4
820,50,11,2.13,4
820,51,9,4.01,4
820,52,8,4.24,4
821,1,1,4.23,2
821,2,7,2.29,2
821,3,2,4.89,2
821,4,7,2.43,2
821,5,5,3.45,2
821,6,2,3.69,2
821,7,4,4.8,2
821,8,3,4.46,2
821,9,6,3.6,2
821,10,8,3.15,2
821,11,3,3.64,2
821,12,4,4.39,2
821,13,4,3.88,2
821,14,2,2.31,2
821,15,3,2.58,2
821,16,3,4.53,2
821,17,4,3.44,2
821,18,4,4.33,2
821,19,3,4.45,2
821,20,7,2.89,2
821,21,6,2.68,2
821,22,4,3.86,2
821,23,3,3.12,2
821,24,3,4.66,2
821,25,5,2.38,2
821,26,5,2.47,2
821,27,2,3.92,2
821,28,6,2.56,2
821,29,4,3.99,2
821,30,3,3.54,2
821,31,2,4.22,2
821,32,2,3.01,2
821,33,7,2.33,2
821,34,4,3.21,2
821,35,2,3.63,2
821,36,2,4.22,2
821,37,4,2.52,2
821,38,3,3.76,2
821,39,2,3.5,2
821,40,1,4.81,2
821,41,2,4.73,2
821,42,11,2.46,2
821,43,3,2.92,2
821,44,7,4.09,2
821,45,1,4.29,2
821,46,1,3.53,2
821,47,6,2.68,2
821,48,9,2.5,2
821,49,2,2.95,2
821,50,5,2.13,2
821,51,3,4.01,2
821,52,1,4.24,2
822,1,2,4.23,2
822,2,4,2.29,2
822,3,2,4.89,2
822,4,8,2.43,2
822,5,3,3.45,2
822,6,5,3.69,2
822,7,3,4.8,2
822,8,3,4.46,2
822,9,2,3.6,2
822,10,2,3.15,2
822,11,0,3.64,2
822,12,3,4.39,2
822,13,2,3.88,2
822,14,8,2.31,2
822,15,8,2.58,2
822,16,1,4.53,2
822,17,7,3.44,2
822,18,2,4.33,2
822,19,6,4.45,2
822,20,1,2.89,2
822,21,6,2.68,2
822,22,1,3.86,2
822,23,4,3.12,2
822,24,1,4.66,2
822,25,3,2.38,2
822,26,10,2.47,2
822,27,4,3.92,2
822,28,2,2.56,2
822,29,3,3.99,2
822,30,2,3.54,2
822,31,2,4.22,2
822,32,3,3.01,2
822,33,5,2.33,2
822,34,4,3.21,2
822,35,3,3.63,2
822,36,1,4.22,2
822,37,7,2.52,2
822,38,2,3.76,2
822,39,5,3.5,2
822,40,1,4.81,2
822,41,1,4.73,2
822,42,5,2.46,2
822,43,7,2.92,2
822,44,4,4.09,2
822,45,3,4.29,2
822,46,6,3.53,2
822,47,7,2.68,2
822,48,3,2.5,2
822,49,4,2.95,2
822,50,6,2.13,2
822,51,4,4.01,2
822,52,7,4.24,2
823,1,3,4.23,3
823,2,7,2.29,3
823,3,4,4.89,3
823,4,13,2.43,3
823,5,9,3.45,3
823,6,7,3.69,3
823,7,6,4.8,3
823,8,1,4.46,3
823,9,6,3.6,3
823,10,5,3.15,3
823,11,5,3.64,3
823,12,2,4.39,3
823,13,5,3.88,3
823,14,11,2.31,3
823,15,12,2.58,3
823,16,3,4.53,3
823,17,5,3.44,3
823,18,3,4.33,3
823,19,1,4.45,3
823,20,10,2.89,3
823,21,13,2.68,3
823,22,4,3.86,3
823,23,5,3.12,3
823,24,3,4.66,3
823,25,13,2.38,3
823,26,15,2.47,3
823,27,5,3.92,3
823,28,14,2.56,3
823,29,4,3.99,3
823,30,9,3.54,3
823,31,5,4.22,3
823,32,9,3.01,3
823,33,16,2.33,3
823,34,9,3.21,3
823,35,7,3.63,3
823,36,7,4.22,3
823,37,9,2.52,3
823,38,5,3.76,3
823,39,10,3.5,3
823,40,6,4.81,3
823,41,6,4.73,3
823,42,14,2.46,3
823,43,5,2.92,3
823,44,6,4.09,3
823,45,4,4.29,3
823,46,9,3.53,3
823,47,8,2.68,3
823,48,15,2.5,3
823,49,11,2.95,3
823,50,10,2.13,3
823,51,9,4.01,3
823,52,8,4.24,3
824,1,1,4.23,2
824,2,4,2.29,2
824,3,1,4.89,2
824,4,8,2.43,2
824,5,5,3.45,2
824,6,4,3.69,2
824,7,1,4.8,2
824,8,3,4.46,2
824,9,4,3.6,2
824,10,8,3.15,2
824,11,3,3.64,2
824,12,3,4.39,2
824,13,0,3.88,2
824,14,3,2.31,2
824,15,4,2.58,2
824,16,0,4.53,2
824,17,2,3.44,2
824,18,2,4.33,2
824,19,1,4.45,2
824,20,9,2.89,2
824,21,10,2.68,2
824,22,2,3.86,2
824,23,9,3.12,2
824,24,2,4.66,2
824,25,5,2.38,2
824,26,7,2.47,2
824,27,4,3.92,2
824,28,7,2.56,2
824,29,2,3.99,2
824,30,5,3.54,2
824,31,3,4.22,2
824,32,7,3.01,2
824,33,3,2.33,2
824,34,5,3.21,2
824,35,4,3.63,2
824,36,2,4.22,2
824,37,7,2.52,2
824,38,3,3.76,2
824,39,5,3.5,2
824,40,3,4.81,2
824,41,2,4.73,2
824,42,9,2.46,2
824,43,6,2.92,2
824,44,4,4.09,2
824,45,1,4.29,2
824,46,4,3.53,2
824,47,5,2.68,2
824,48,11,2.5,2
824,49,8,2.95,2
824,50,8,2.13,2
824,51,4,4.01,2
824,52,3,4.24,2
825,1,4,4.23,4
825,2,16,2.29,4
825,3,5,4.89,4
825,4,14,2.43,4
825,5,8,3.45,4
825,6,11,3.69,4
825,7,3,4.8,4
825,8,3,4.46,4
825,9,5,3.6,4
825,10,11,3.15,4
825,11,11,3.64,4
825,12,2,4.39,4
825,13,10,3.88,4
825,14,14,2.31,4
825,15,12,2.58,4
825,16,3,4.53,4
825,17,13,3.44,4
825,18,3,4.33,4
825,19,2,4.45,4
825,20,16,2.89,4
825,21,9,2.68,4
825,22,6,3.86,4
825,23,12,3.12,4
825,24,4,4.66,4
825,25,17,2.38,4
825,26,14,2.47,4
825,27,2,3.92,4
825,28,10,2.56,4
825,29,5,3.99,4
825,30,5,3.54,4
825,31,4,4.22,4
825,32,13,3.01,4
825,33,7,2.33,4
825,34,10,3.21,4
825,35,11,3.63,4
825,36,5,4.22,4
825,37,8,2.52,4
825,38,8,3.76,4
825,39,7,3.5,4
825,40,4,4.81,4
825,41,4,4.73,4
825,42,13,2.46,4
825,43,14,2.92,4
825,44,3,4.09,4
825,45,8,4.29,4
825,46,10,3.53,4
825,47,17,2.68,4
825,48,15,2.5,4
825,49,13,2.95,4
825,50,12,2.13,4
825,51,7,4.01,4
825,52,4,4.24,4
826,1,3,4.23,3
826,2,14,2.29,3
826,3,3,4.89,3
826,4,11,2.43,3
826,5,11,3.45,3
826,6,6,3.69,3
826,7,3,4.8,3
826,8,4,4.46,3
826,9,9,3.6,3
826,10,9,3.15,3
826,11,3,3.64,3
826,12,3,4.39,3
826,13,7,3.88,3
826,14,12,2.31,3
826,15,14,2.58,3
826,16,4,4.53,3
826,17,9,3.44,3
826,18,7,4.33,3
826,19,3,4.45,3
826,20,14,2.89,3
826,21,15,2.68,3
826,22,9,3.86,3
826,23,10,3.12,3
826,24,3,4.66,3
826,25,12,2.38,3
826,26,9,2.47,3
826,27,4,3.92,3
826,28,9,2.56,3
826,29,4,3.99,3
826,30,5,3.54,3
826,31,7,4.22,3
826,32,11,3.01,3
826,33,11,2.33,3
826,34,10,3.21,3
826,35,13,3.63,3
826,36,4,4.22,3
826,37,11,2.52,3
826,38,5,3.76,3
826,39,3,3.5,3
826,40,4,4.81,3
826,41,2,4.73,3
826,42,8,2.46,3
826,43,7,2.92,3
826,44,4,4.09,3
826,45,5,4.29,3
826,46,4,3.53,3
826,47,7,2.68,3
826,48,9,2.5,3
826,49,11,2.95,3
826,50,14,2.13,3
826,51,9,4.01,3
826,52,4,4.24,3
827,1,2,4.23,2
827,2,5,2.29,2
827,3,0,4.89,2
827,4,11,2.43,2
827,5,2,3.45,2
827,6,0,3.69,2
827,7,0,4.8,2
827,8,1,4.46,2
827,9,3,3.6,2
827,10,2,3.15,2
827,11,1,3.64,2
827,12,1,4.39,2
827,13,0,3.88,2
827,14,7,2.31,2
827,15,5,2.58,2
827,16,1,4.53,2
827,17,1,3.44,2
827,18,0,4.33,2
827,19,3,4.45,2
827,20,4,2.89,2
827,21,7,2.68,2
827,22,1,3.86,2
827,23,8,3.12,2
827,24,1,4.66,2
827,25,5,2.38,2
827,26,3,2.47,2
827,27,0,3.92,2
827,28,5,2.56,2
827,29,2,3.99,2
827,30,1,3.54,2
827,31,1,4.22,2
827,32,3,3.01,2
827,33,12,2.33,2
827,34,0,3.21,2
827,35,1,3.63,2
827,36,2,4.22,2
827,37,6,2.52,2
827,38,6,3.76,2
827,39,1,3.5,2
827,40,0,4.81,2
827,41,1,4.73,2
827,42,4,2.46,2
827,43,5,2.92,2
827,44,1,4.09,2
827,45,2,4.29,2
827,46,2,3.53,2
827,47,5,2.68,2
827,48,3,2.5,2
827,49,6,2.95,2
827,50,5,2.13,2
827,51,1,4.01,2
827,52,3,4.24,2
828,1,2,4.23,1
828,2,2,2.29,1
828,3,1,4.89,1
828,4,5,2.43,1
828,5,3,3.45,1
828,6,2,3.69,1
828,7,2,4.8,1
828,8,0,4.46,1
828,9,3,3.6,1
828,10,3,3.15,1
828,11,5,3.64,1
828,12,1,4.39,1
828,13,1,3.88,1
828,14,4,2.31,1
828,15,5,2.58,1
828,16,1,4.53,1
828,17,2,3.44,1
828,18,1,4.33,1
828,19,0,4.45,1
828,20,2,2.89,1
828,21,1,2.68,1
828,22,2,3.86,1
828,23,1,3.12,1
828,24,1,4.66,1
828,25,2,2.38,1
828,26,1,2.47,1
828,27,3,3.92,1
828,28,1,2.56,1
828,29,0,3.99,1
828,30,3,3.54,1
828,31,2,4.22,1
828,32,3,3.01,1
828,33,4,2.33,1
828,34,4,3.21,1
828,35,1,3.63,1
828,36,0,4.22,1
828,37,3,2.52,1
828,38,1,3.76,1
828,39,2,3.5,1
828,40,0,4.81,1
828,41,1,4.73,1
828,42,3,2.46,1
828,43,1,2.92,1
828,44,2,4.09,1
828,45,1,4.29,1
828,46,1,3.53,1
828,47,3,2.68,1
828,48,3,2.5,1
828,49,1,2.95,1
828,50,4,2.13,1
828,51,0,4.01,1
828,52,1,4.24,1
829,1,0,4.23,1
829,2,3,2.29,1
829,3,0,4.89,1
829,4,4,2.43,1
829,5,2,3.45,1
829,6,0,3.69,1
829,7,0,4.8,1
829,8,0,4.46,1
829,9,0,3.6,1
829,10,3,3.15,1
829,11,4,3.64,1
829,12,0,4.39,1
829,13,1,3.88,1
829,14,3,2.31,1
829,15,3,2.58,1
829,16,0,4.53,1
829,17,0,3.44,1
829,18,0,4.33,1
829,19,1,4.45,1
829,20,3,2.89,1
829,21,2,2.68,1
829,22,2,3.86,1
829,23,2,3.12,1
829,24,0,4.66,1
829,25,4,2.38,1
829,26,3,2.47,1
829,27,2,3.92,1
829,28,3,2.56,1
829,29,2,3.99,1
829,30,1,3.54,1
829,31,0,4.22,1
829,32,1,3.01,1
829,33,3,2.33,1
829,34,3,3.21,1
829,35,0,3.63,1
829,36,1,4.22,1
829,37,0,2.52,1
829,38,1,3.76,1
829,39,1,3.5,1
829,40,0,4.81,1
829,41,0,4.73,1
829,42,4,2.46,1
829,43,1,2.92,1
829,44,1,4.09,1
829,45,1,4.29,1
829,46,2,3.53,1
829,47,1,2.68,1
829,48,1,2.5,1
829,49,2,2.95,1
829,50,3,2.13,1
829,51,1,4.01,1
829,52,0,4.24,1
830,1,19,4.23,5
830,2,19,2.29,5
830,3,10,4.89,5
830,4,21,2.43,5
830,5,31,3.45,5
830,6,16,3.69,5
830,7,11,4.8,5
830,8,20,4.46,5
830,9,17,3.6,5
830,10,12,3.15,5
830,11,8,3.64,5
830,12,12,4.39,5
830,13,12,3.88,5
830,14,15,2.31,5
830,15,24,2.58,5
830,16,16,4.53,5
830,17,20,3.44,5
830,18,20,4.33,5
830,19,9,4.45,5
830,20,22,2.89,5
830,21,10,2.68,5
830,22,13,3.86,5
830,23,22,3.12,5
830,24,18,4.66,5
830,25,21,2.38,5
830,26,11,2.47,5
830,27,15,3.92,5
830,28,17,2.56,5
830,29,19,3.99,5
830,30,19,3.54,5
830,31,22,4.22,5
830,32,15,3.01,5
830,33,11,2.33,5
830,34,13,3.21,5
830,35,17,3.63,5
830,36,16,4.22,5
830,37,17,2.52,5
830,38,11,3.76,5
830,39,8,3.5,5
830,40,7,4.81,5
830,41,11,4.73,5
830,42,11,2.46,5
830,43,13,2.92,5
830,44,12,4.09,5
830,45,14,4.29,5
830,46,13,3.53,5
830,47,16,2.68,5
830,48,21,2.5,5
830,49,13,2.95,5
830,50,13,2.13,5
830,51,14,4.01,5
830,52,17,4.24,5
831,1,0,4.23,2
831,2,3,2.29,2
831,3,0,4.89,2
831,4,2,2.43,2
831,5,4,3.45,2
831,6,0,3.69,2
831,7,0,4.8,2
831,8,1,4.46,2
831,9,4,3.6,2
831,10,3,3.15,2
831,11,1,3.64,2
831,12,1,4.39,2
831,13,0,3.88,2
831,14,9,2.31,2
831,15,4,2.58,2
831,16,0,4.53,2
831,17,4,3.44,2
831,18,2,4.33,2
831,19,3,4.45,2
831,20,4,2.89,2
831,21,5,2.68,2
831,22,3,3.86,2
831,23,1,3.12,2
831,24,0,4.66,2
831,25,3,2.38,2
831,26,5,2.47,2
831,27,1,3.92,2
831,28,6,2.56,2
831,29,1,3.99,2
831,30,0,3.54,2
831,31,1,4.22,2
831,32,3,3.01,2
831,33,6,2.33,2
831,34,4,3.21,2
831,35,6,3.63,2
831,36,3,4.22,2
831,37,3,2.52,2
831,38,3,3.76,2
831,39,1,3.5,2
831,40,1,4.81,2
831,41,1,4.73,2
831,42,12,2.46,2
831,43,4,2.92,2
831,44,1,4.09,2
831,45,1,4.29,2
831,46,2,3.53,2
831,47,10,2.68,2
831,48,8,2.5,2
831,49,4,2.95,2
831,50,5,2.13,2
831,51,1,4.01,2
831,52,0,4.24,2
832,1,2,4.23,2
832,2,13,2.29,2
832,3,1,4.89,2
832,4,5,2.43,2
832,5,3,3.45,2
832,6,0,3.69,2
832,7,0,4.8,2
832,8,2,4.46,2
832,9,6,3.6,2
832,10,6,3.15,2
832,11,2,3.64,2
832,12,1,4.39,2
832,13,0,3.88,2
832,14,6,2.31,2
832,15,8,2.58,2
832,16,1,4.53,2
832,17,2,3.44,2
832,18,2,4.33,2
832,19,1,4.45,2
832,20,3,2.89,2
832,21,10,2.68,2
832,22,1,3.86,2
832,23,4,3.12,2
832,24,0,4.66,2
832,25,6,2.38,2
832,26,4,2.47,2
832,27,2,3.92,2
832,28,6,2.56,2
832,29,0,3.99,2
832,30,2,3.54,2
832,31,1,4.22,2
832,32,2,3.01,2
832,33,6,2.33,2
832,34,1,3.21,2
832,35,1,3.63,2
832,36,3,4.22,2
832,37,7,2.52,2
832,38,1,3.76,2
832,39,3,3.5,2
832,40,0,4.81,2
832,41,1,4.73,2
832,42,3,2.46,2
832,43,3,2.92,2
832,44,0,4.09,2
832,45,1,4.29,2
832,46,0,3.53,2
832,47,8,2.68,2
832,48,4,2.5,2
832,49,2,2.95,2
832,50,9,2.13,2
832,51,0,4.01,2
832,52,0,4.24,2
833,1,2,4.23,1
833,2,1,2.29,1
833,3,0,4.89,1
833,4,5,2.43,1
833,5,1,3.45,1
833,6,2,3.69,1
833,7,3,4.8,1
833,8,2,4.46,1
833,9,0,3.6,1
833,10,3,3.15,1
833,11,5,3.64,1
833,12,1,4.39,1
833,13,0,3.88,1
833,14,3,2.31,1
833,15,2,2.58,1
833,16,0,4.53,1
833,17,3,3.44,1
833,18,0,4.33,1
833,19,1,4.45,1
833,20,7,2.89,1
833,21,2,2.68,1
833,22,2,3.86,1
833,23,1,3.12,1
833,24,1,4.66,1
833,25,1,2.38,1
833,26,2,2.47,1
833,27,0,3.92,1
833,28,2,2.56,1
833,29,2,3.99,1
833,30,1,3.54,1
833,31,2,4.22,1
833,32,1,3.01,1
833,33,6,2.33,1
833,34,4,3.21,1
833,35,2,3.63,1
833,36,0,4.22,1
833,37,3,2.52,1
833,38,4,3.76,1
833,39,6,3.5,1
833,40,1,4.81,1
833,41,1,4.73,1
833,42,2,2.46,1
833,43,2,2.92,1
833,44,1,4.09,1
833,45,3,4.29,1
833,46,4,3.53,1
833,47,4,2.68,1
833,48,2,2.5,1
833,49,0,2.95,1
833,50,3,2.13,1
833,51,1,4.01,1
833,52,0,4.24,1
834,1,3,4.23,3
834,2,22,2.29,3
834,3,1,4.89,3
834,4,4,2.43,3
834,5,1,3.45,3
834,6,2,3.69,3
834,7,4,4.8,3
834,8,0,4.46,3
834,9,4,3.6,3
834,10,5,3.15,3
834,11,4,3.64,3
834,12,3,4.39,3
834,13,1,3.88,3
834,14,12,2.31,3
834,15,11,2.58,3
834,16,2,4.53,3
834,17,4,3.44,3
834,18,6,4.33,3
834,19,3,4.45,3
834,20,4,2.89,3
834,21,10,2.68,3
834,22,3,3.86,3
834,23,4,3.12,3
834,24,4,4.66,3
834,25,11,2.38,3
834,26,7,2.47,3
834,27,2,3.92,3
834,28,14,2.56,3
834,29,4,3.99,3
834,30,3,3.54,3
834,31,2,4.22,3
834,32,5,3.01,3
834,33,15,2.33,3
834,34,4,3.21,3
834,35,5,3.63,3
834,36,3,4.22,3
834,37,8,2.52,3
834,38,4,3.76,3
834,39,7,3.5,3
834,40,4,4.81,3
834,41,5,4.73,3
834,42,9,2.46,3
834,43,3,2.92,3
834,44,4,4.09,3
834,45,3,4.29,3
834,46,5,3.53,3
834,47,6,2.68,3
834,48,8,2.5,3
834,49,3,2.95,3
834,50,15,2.13,3
834,51,1,4.01,3
834,52,1,4.24,3
835,1,0,4.23,4
835,2,2,2.29,4
835,3,0,4.89,4
835,4,1,2.43,4
835,5,1,3.45,4
835,6,0,3.69,4
835,7,0,4.8,4
835,8,0,4.46,4
835,9,0,3.6,4
835,10,0,3.15,4
835,11,0,3.64,4
835,12,0,4.39,4
835,13,0,3.88,4
835,14,1,2.31,4
835,15,0,2.58,4
835,16,0,4.53,4
835,17,0,3.44,4
835,18,0,4.33,4
835,19,1,4.45,4
835,20,1,2.89,4
835,21,0,2.68,4
835,22,0,3.86,4
835,23,1,3.12,4
835,24,0,4.66,4
835,25,3,2.38,4
835,26,2,2.47,4
835,27,0,3.92,4
835,28,0,2.56,4
835,29,0,3.99,4
835,30,0,3.54,4
835,31,0,4.22,4
835,32,0,3.01,4
835,33,5,2.33,4
835,34,0,3.21,4
835,35,0,3.63,4
835,36,0,4.22,4
835,37,1,2.52,4
835,38,0,3.76,4
835,39,0,3.5,4
835,40,0,4.81,4
835,41,0,4.73,4
835,42,1,2.46,4
835,43,1,2.92,4
835,44,0,4.09,4
835,45,0,4.29,4
835,46,0,3.53,4
835,47,0,2.68,4
835,48,6,2.5,4
835,49,0,2.95,4
835,50,2,2.13,4
835,51,0,4.01,4
835,52,0,4.24,4
836,1,6,4.23,2
836,2,4,2.29,2
836,3,3,4.89,2
836,4,3,2.43,2
836,5,4,3.45,2
836,6,0,3.69,2
836,7,1,4.8,2
836,8,1,4.46,2
836,9,7,3.6,2
836,10,3,3.15,2
836,11,5,3.64,2
836,12,1,4.39,2
836,13,1,3.88,2
836,14,4,2.31,2
836,15,7,2.58,2
836,16,1,4.53,2
836,17,4,3.44,2
836,18,1,4.33,2
836,19,1,4.45,2
836,20,7,2.89,2
836,21,6,2.68,2
836,22,3,3.86,2
836,23,2,3.12,2
836,24,0,4.66,2
836,25,7,2.38,2
836,26,8,2.47,2
836,27,3,3.92,2
836,28,6,2.56,2
836,29,3,3.99,2
836,30,4,3.54,2
836,31,3,4.22,2
836,32,5,3.01,2
836,33,8,2.33,2
836,34,6,3.21,2
836,35,3,3.63,2
836,36,2,4.22,2
836,37,3,2.52,2
836,38,3,3.76,2
836,39,2,3.5,2
836,40,3,4.81,2
836,41,2,4.73,2
836,42,10,2.46,2
836,43,4,2.92,2
836,44,0,4.09,2
836,45,0,4.29,2
836,46,3,3.53,2
836,47,5,2.68,2
836,48,6,2.5,2
836,49,6,2.95,2
836,50,11,2.13,2
836,51,4,4.01,2
836,52,2,4.24,2
837,1,0,4.23,2
837,2,2,2.29,2
837,3,0,4.89,2
837,4,0,2.43,2
837,5,0,3.45,2
837,6,0,3.69,2
837,7,0,4.8,2
837,8,0,4.46,2
837,9,0,3.6,2
837,10,0,3.15,2
837,11,0,3.64,2
837,12,0,4.39,2
837,13,0,3.88,2
837,14,1,2.31,2
837,15,3,2.58,2
837,16,0,4.53,2
837,17,0,3.44,2
837,18,0,4.33,2
837,19,0,4.45,2
837,20,0,2.89,2
837,21,0,2.68,2
837,22,2,3.86,2
837,23,0,3.12,2
837,24,0,4.66,2
837,25,0,2.38,2
837,26,0,2.47,2
837,27,0,3.92,2
837,28,0,2.56,2
837,29,0,3.99,2
837,30,0,3.54,2
837,31,0,4.22,2
837,32,0,3.01,2
837,33,2,2.33,2
837,34,0,3.21,2
837,35,1,3.63,2
837,36,0,4.22,2
837,37,3,2.52,2
837,38,0,3.76,2
837,39,0,3.5,2
837,40,0,4.81,2
837,41,0,4.73,2
837,42,2,2.46,2
837,43,1,2.92,2
837,44,0,4.09,2
837,45,0,4.29,2
837,46,0,3.53,2
837,47,2,2.68,2
837,48,0,2.5,2
837,49,0,2.95,2
837,50,0,2.13,2
837,51,0,4.01,2
837,52,0,4.24,2
838,1,13,4.23,5
838,2,20,2.29,5
838,3,14,4.89,5
838,4,8,2.43,5
838,5,15,3.45,5
838,6,17,3.69,5
838,7,15,4.8,5
838,8,15,4.46,5
838,9,17,3.6,5
838,10,15,3.15,5
838,11,14,3.64,5
838,12,12,4.39,5
838,13,12,3.88,5
838,14,14,2.31,5
838,15,10,2.58,5
838,16,9,4.53,5
838,17,11,3.44,5
838,18,20,4.33,5
838,19,16,4.45,5
838,20,14,2.89,5
838,21,8,2.68,5
838,22,19,3.86,5
838,23,17,3.12,5
838,24,14,4.66,5
838,25,14,2.38,5
838,26,18,2.47,5
838,27,19,3.92,5
838,28,15,2.56,5
838,29,12,3.99,5
838,30,15,3.54,5
838,31,14,4.22,5
838,32,16,3.01,5
838,33,17,2.33,5
838,34,12,3.21,5
838,35,14,3.63,5
838,36,10,4.22,5
838,37,9,2.52,5
838,38,17,3.76,5
838,39,10,3.5,5
838,40,11,4.81,5
838,41,17,4.73,5
838,42,14,2.46,5
838,43,15,2.92,5
838,44,9,4.09,5
838,45,14,4.29,5
838,46,12,3.53,5
838,47,16,2.68,5
838,48,17,2.5,5
838,49,7,2.95,5
838,50,13,2.13,5
838,51,17,4.01,5
838,52,13,4.24,5
839,1,0,4.23,2
839,2,5,2.29,2
839,3,0,4.89,2
839,4,5,2.43,2
839,5,2,3.45,2
839,6,1,3.69,2
839,7,1,4.8,2
839,8,3,4.46,2
839,9,0,3.6,2
839,10,4,3.15,2
839,11,2,3.64,2
839,12,1,4.39,2
839,13,1,3.88,2
839,14,6,2.31,2
839,15,5,2.58,2
839,16,0,4.53,2
839,17,2,3.44,2
839,18,2,4.33,2
839,19,0,4.45,2
839,20,2,2.89,2
839,21,5,2.68,2
839,22,3,3.86,2
839,23,3,3.12,2
839,24,0,4.66,2
839,25,8,2.38,2
839,26,4,2.47,2
839,27,1,3.92,2
839,28,5,2.56,2
839,29,2,3.99,2
839,30,1,3.54,2
839,31,0,4.22,2
839,32,4,3.01,2
839,33,8,2.33,2
839,34,2,3.21,2
839,35,4,3.63,2
839,36,1,4.22,2
839,37,7,2.52,2
839,38,1,3.76,2
839,39,3,3.5,2
839,40,0,4.81,2
839,41,1,4.73,2
839,42,7,2.46,2
839,43,2,2.92,2
839,44,3,4.09,2
839,45,0,4.29,2
839,46,3,3.53,2
839,47,7,2.68,2
839,48,4,2.5,2
839,49,5,2.95,2
839,50,8,2.13,2
839,51,2,4.01,2
839,52,3,4.24,2
840,1,0,4.23,3
840,2,1,2.29,3
840,3,0,4.89,3
840,4,1,2.43,3
840,5,0,3.45,3
840,6,0,3.69,3
840,7,0,4.8,3
840,8,1,4.46,3
840,9,1,3.6,3
840,10,1,3.15,3
840,11,1,3.64,3
840,12,0,4.39,3
840,13,0,3.88,3
840,14,1,2.31,3
840,15,1,2.58,3
840,16,0,4.53,3
840,17,0,3.44,3
840,18,0,4.33,3
840,19,0,4.45,3
840,20,1,2.89,3
840,21,1,2.68,3
840,22,0,3.86,3
840,23,0,3.12,3
840,24,0,4.66,3
840,25,2,2.38,3
840,26,2,2.47,3
840,27,0,3.92,3
840,28,1,2.56,3
840,29,1,3.99,3
840,30,0,3.54,3
840,31,0,4.22,3
840,32,1,3.01,3
840,33,0,2.33,3
840,34,1,3.21,3
840,35,1,3.63,3
840,36,0,4.22,3
840,37,2,2.52,3
840,38,1,3.76,3
840,39,0,3.5,3
840,40,0,4.81,3
840,41,0,4.73,3
840,42,0,2.46,3
840,43,1,2.92,3
840,44,0,4.09,3
840,45,0,4.29,3
840,46,1,3.53,3
840,47,1,2.68,3
840,48,2,2.5,3
840,49,1,2.95,3
840,50,1,2.13,3
840,51,1,4.01,3
840,52,0,4.24,3
841,1,1,4.23,5
841,2,1,2.29,5
841,3,1,4.89,5
841,4,4,2.43,5
841,5,0,3.45,5
841,6,1,3.69,5
841,7,0,4.8,5
841,8,0,4.46,5
841,9,0,3.6,5
841,10,1,3.15,5
841,11,1,3.64,5
841,12,0,4.39,5
841,13,2,3.88,5
841,14,6,2.31,5
841,15,3,2.58,5
841,16,0,4.53,5
841,17,0,3.44,5
841,18,0,4.33,5
841,19,0,4.45,5
841,20,6,2.89,5
841,21,1,2.68,5
841,22,1,3.86,5
841,23,1,3.12,5
841,24,0,4.66,5
841,25,1,2.38,5
841,26,3,2.47,5
841,27,0,3.92,5
841,28,3,2.56,5
841,29,0,3.99,5
841,30,0,3.54,5
841,31,0,4.22,5
841,32,0,3.01,5
841,33,3,2.33,5
841,34,2,3.21,5
841,35,1,3.63,5
841,36,0,4.22,5
841,37,2,2.52,5
841,38,1,3.76,5
841,39,0,3.5,5
841,40,0,4.81,5
841,41,0,4.73,5
841,42,1,2.46,5
841,43,3,2.92,5
841,44,0,4.09,5
841,45,0,4.29,5
841,46,0,3.53,5
841,47,2,2.68,5
841,48,5,2.5,5
841,49,0,2.95,5
841,50,6,2.13,5
841,51,0,4.01,5
841,52,2,4.24,5
842,1,6,4.23,3
842,2,15,2.29,3
842,3,2,4.89,3
842,4,14,2.43,3
842,5,5,3.45,3
842,6,11,3.69,3
842,7,1,4.8,3
842,8,8,4.46,3
842,9,10,3.6,3
842,10,9,3.15,3
842,11,8,3.64,3
842,12,3,4.39,3
842,13,6,3.88,3
842,14,9,2.31,3
842,15,10,2.58,3
842,16,4,4.53,3
842,17,5,3.44,3
842,18,2,4.33,3
842,19,2,4.45,3
842,20,10,2.89,3
842,21,13,2.68,3
842,22,7,3.86,3
842,23,7,3.12,3
842,24,2,4.66,3
842,25,16,2.38,3
842,26,12,2.47,3
842,27,8,3.92,3
842,28,12,2.56,3
842,29,6,3.99,3
842,30,6,3.54,3
842,31,1,4.22,3
842,32,5,3.01,3
842,33,9,2.33,3
842,34,9,3.21,3
842,35,7,3.63,3
842,36,6,4.22,3
842,37,11,2.52,3
842,38,4,3.76,3
842,39,9,3.5,3
842,40,5,4.81,3
842,41,1,4.73,3
842,42,19,2.46,3
842,43,11,2.92,3
842,44,3,4.09,3
842,45,6,4.29,3
842,46,6,3.53,3
842,47,15,2.68,3
842,48,12,2.5,3
842,49,6,2.95,3
842,50,13,2.13,3
842,51,4,4.01,3
842,52,2,4.24,3
843,1,0,4.23,3
843,2,2,2.29,3
843,3,0,4.89,3
843,4,1,2.43,3
843,5,0,3.45,3
843,6,0,3.69,3
843,7,1,4.8,3
843,8,0,4.46,3
843,9,0,3.6,3
843,10,0,3.15,3
843,11,0,3.64,3
843,12,1,4.39,3
843,13,0,3.88,3
843,14,0,2.31,3
843,15,1,2.58,3
843,16,0,4.53,3
843,17,0,3.44,3
843,18,0,4.33,3
843,19,0,4.45,3
843,20,0,2.89,3
843,21,3,2.68,3
843,22,0,3.86,3
843,23,0,3.12,3
843,24,0,4.66,3
843,25,1,2.38,3
843,26,2,2.47,3
843,27,0,3.92,3
843,28,0,2.56,3
843,29,0,3.99,3
843,30,0,3.54,3
843,31,0,4.22,3
843,32,1,3.01,3
843,33,2,2.33,3
843,34,0,3.21,3
843,35,0,3.63,3
843,36,0,4.22,3
843,37,0,2.52,3
843,38,0,3.76,3
843,39,0,3.5,3
843,40,0,4.81,3
843,41,0,4.73,3
843,42,0,2.46,3
843,43,1,2.92,3
843,44,0,4.09,3
843,45,0,4.29,3
843,46,0,3.53,3
843,47,1,2.68,3
843,48,1,2.5,3
843,49,1,2.95,3
843,50,3,2.13,3
843,51,0,4.01,3
843,52,0,4.24,3
844,1,1,4.23,2
844,2,4,2.29,2
844,3,0,4.89,2
844,4,9,2.43,2
844,5,8,3.45,2
844,6,0,3.69,2
844,7,0,4.8,2
844,8,0,4.46,2
844,9,1,3.6,2
844,10,5,3.15,2
844,11,3,3.64,2
844,12,1,4.39,2
844,13,1,3.88,2
844,14,4,2.31,2
844,15,4,2.58,2
844,16,1,4.53,2
844,17,1,3.44,2
844,18,0,4.33,2
844,19,0,4.45,2
844,20,3,2.89,2
844,21,7,2.68,2
844,22,3,3.86,2
844,23,3,3.12,2
844,24,2,4.66,2
844,25,4,2.38,2
844,26,10,2.47,2
844,27,3,3.92,2
844,28,1,2.56,2
844,29,2,3.99,2
844,30,0,3.54,2
844,31,0,4.22,2
844,32,5,3.01,2
844,33,8,2.33,2
844,34,3,3.21,2
844,35,2,3.63,2
844,36,0,4.22,2
844,37,4,2.52,2
844,38,1,3.76,2
844,39,4,3.5,2
844,40,1,4.81,2
844,41,0,4.73,2
844,42,6,2.46,2
844,43,3,2.92,2
844,44,3,4.09,2
844,45,4,4.29,2
844,46,0,3.53,2
844,47,7,2.68,2
844,48,4,2.5,2
844,49,2,2.95,2
844,50,6,2.13,2
844,51,2,4.01,2
844,52,1,4.24,2
845,1,8,4.23,3
845,2,11,2.29,3
845,3,2,4.89,3
845,4,12,2.43,3
845,5,9,3.45,3
845,6,7,3.69,3
845,7,2,4.8,3
845,8,2,4.46,3
845,9,3,3.6,3
845,10,8,3.15,3
845,11,7,3.64,3
845,12,1,4.39,3
845,13,10,3.88,3
845,14,12,2.31,3
845,15,13,2.58,3
845,16,6,4.53,3
845,17,5,3.44,3
845,18,5,4.33,3
845,19,4,4.45,3
845,20,6,2.89,3
845,21,11,2.68,3
845,22,5,3.86,3
845,23,17,3.12,3
845,24,4,4.66,3
845,25,6,2.38,3
845,26,13,2.47,3
845,27,4,3.92,3
845,28,12,2.56,3
845,29,4,3.99,3
845,30,4,3.54,3
845,31,3,4.22,3
845,32,5,3.01,3
845,33,14,2.33,3
845,34,3,3.21,3
845,35,8,3.63,3
845,36,5,4.22,3
845,37,13,2.52,3
845,38,4,3.76,3
845,39,3,3.5,3
845,40,1,4.81,3
845,41,5,4.73,3
845,42,7,2.46,3
845,43,9,2.92,3
845,44,9,4.09,3
845,45,3,4.29,3
845,46,6,3.53,3
845,47,10,2.68,3
845,48,15,2.5,3
845,49,8,2.95,3
845,50,9,2.13,3
845,51,6,4.01,3
845,52,2,4.24,3
846,1,6,4.23,3
846,2,16,2.29,3
846,3,5,4.89,3
846,4,11,2.43,3
846,5,8,3.45,3
846,6,9,3.69,3
846,7,5,4.8,3
846,8,2,4.46,3
846,9,3,3.6,3
846,10,8,3.15,3
846,11,6,3.64,3
846,12,5,4.39,3
846,13,6,3.88,3
846,14,9,2.31,3
846,15,11,2.58,3
846,16,5,4.53,3
846,17,12,3.44,3
846,18,1,4.33,3
846,19,1,4.45,3
846,20,8,2.89,3
846,21,9,2.68,3
846,22,9,3.86,3
846,23,7,3.12,3
846,24,4,4.66,3
846,25,5,2.38,3
846,26,11,2.47,3
846,27,3,3.92,3
846,28,10,2.56,3
846,29,4,3.99,3
846,30,8,3.54,3
846,31,6,4.22,3
846,32,5,3.01,3
846,33,6,2.33,3
846,34,8,3.21,3
846,35,3,3.63,3
846,36,9,4.22,3
846,37,13,2.52,3
846,38,7,3.76,3
846,39,7,3.5,3
846,40,2,4.81,3
846,41,2,4.73,3
846,42,12,2.46,3
846,43,13,2.92,3
846,44,10,4.09,3
846,45,5,4.29,3
846,46,8,3.53,3
846,47,13,2.68,3
846,48,14,2.5,3
846,49,6,2.95,3
846,50,8,2.13,3
846,51,9,4.01,3
846,52,2,4.24,3
847,1,1,4.23,1
847,2,3,2.29,1
847,3,1,4.89,1
847,4,8,2.43,1
847,5,3,3.45,1
847,6,2,3.69,1
847,7,0,4.8,1
847,8,0,4.46,1
847,9,0,3.6,1
847,10,4,3.15,1
847,11,2,3.64,1
847,12,0,4.39,1
847,13,0,3.88,1
847,14,5,2.31,1
847,15,4,2.58,1
847,16,0,4.53,1
847,17,2,3.44,1
847,18,0,4.33,1
847,19,0,4.45,1
847,20,1,2.89,1
847,21,4,2.68,1
847,22,1,3.86,1
847,23,2,3.12,1
847,24,0,4.66,1
847,25,6,2.38,1
847,26,1,2.47,1
847,27,2,3.92,1
847,28,1,2.56,1
847,29,2,3.99,1
847,30,1,3.54,1
847,31,1,4.22,1
847,32,4,3.01,1
847,33,4,2.33,1
847,34,2,3.21,1
847,35,3,3.63,1
847,36,1,4.22,1
847,37,0,2.52,1
847,38,2,3.76,1
847,39,1,3.5,1
847,40,0,4.81,1
847,41,1,4.73,1
847,42,3,2.46,1
847,43,1,2.92,1
847,44,2,4.09,1
847,45,1,4.29,1
847,46,4,3.53,1
847,47,0,2.68,1
847,48,6,2.5,1
847,49,0,2.95,1
847,50,4,2.13,1
847,51,1,4.01,1
847,52,1,4.24,1
848,1,0,4.23,1
848,2,5,2.29,1
848,3,0,4.89,1
848,4,3,2.43,1
848,5,1,3.45,1
848,6,0,3.69,1
848,7,0,4.8,1
848,8,0,4.46,1
848,9,1,3.6,1
848,10,0,3.15,1
848,11,0,3.64,1
848,12,1,4.39,1
848,13,0,3.88,1
848,14,4,2.31,1
848,15,3,2.58,1
848,16,0,4.53,1
848,17,0,3.44,1
848,18,0,4.33,1
848,19,0,4.45,1
848,20,4,2.89,1
848,21,6,2.68,1
848,22,3,3.86,1
848,23,0,3.12,1
848,24,0,4.66,1
848,25,1,2.38,1
848,26,1,2.47,1
848,27,0,3.92,1
848,28,2,2.56,1
848,29,0,3.99,1
848,30,1,3.54,1
848,31,0,4.22,1
848,32,1,3.01,1
848,33,3,2.33,1
848,34,2,3.21,1
848,35,0,3.63,1
848,36,1,4.22,1
848,37,5,2.52,1
848,38,1,3.76,1
848,39,3,3.5,1
848,40,0,4.81,1
848,41,0,4.73,1
848,42,0,2.46,1
848,43,1,2.92,1
848,44,0,4.09,1
848,45,0,4.29,1
848,46,1,3.53,1
848,47,1,2.68,1
848,48,0,2.5,1
848,49,0,2.95,1
848,50,5,2.13,1
848,51,1,4.01,1
848,52,0,4.24,1
849,1,11,4.23,5
849,2,11,2.29,5
849,3,8,4.89,5
849,4,16,2.43,5
849,5,18,3.45,5
849,6,10,3.69,5
849,7,7,4.8,5
849,8,3,4.46,5
849,9,13,3.6,5
849,10,6,3.15,5
849,11,23,3.64,5
849,12,8,4.39,5
849,13,16,3.88,5
849,14,13,2.31,5
849,15,8,2.58,5
849,16,3,4.53,5
849,17,16,3.44,5
849,18,7,4.33,5
849,19,11,4.45,5
849,20,19,2.89,5
849,21,11,2.68,5
849,22,12,3.86,5
849,23,14,3.12,5
849,24,8,4.66,5
849,25,15,2.38,5
849,26,18,2.47,5
849,27,15,3.92,5
849,28,22,2.56,5
849,29,12,3.99,5
849,30,9,3.54,5
849,31,8,4.22,5
849,32,9,3.01,5
849,33,9,2.33,5
849,34,15,3.21,5
849,35,13,3.63,5
849,36,8,4.22,5
849,37,19,2.52,5
849,38,11,3.76,5
849,39,5,3.5,5
849,40,8,4.81,5
849,41,6,4.73,5
849,42,15,2.46,5
849,43,15,2.92,5
849,44,7,4.09,5
849,45,8,4.29,5
849,46,12,3.53,5
849,47,20,2.68,5
849,48,27,2.5,5
849,49,13,2.95,5
849,50,14,2.13,5
849,51,6,4.01,5
849,52,9,4.24,5
850,1,3,4.23,3
850,2,7,2.29,3
850,3,2,4.89,3
850,4,7,2.43,3
850,5,8,3.45,3
850,6,4,3.69,3
850,7,3,4.8,3
850,8,7,4.46,3
850,9,6,3.6,3
850,10,11,3.15,3
850,11,9,3.64,3
850,12,5,4.39,3
850,13,8,3.88,3
850,14,8,2.31,3
850,15,8,2.58,3
850,16,3,4.53,3
850,17,8,3.44,3
850,18,3,4.33,3
850,19,3,4.45,3
850,20,4,2.89,3
850,21,16,2.68,3
850,22,4,3.86,3
850,23,5,3.12,3
850,24,2,4.66,3
850,25,19,2.38,3
850,26,7,2.47,3
850,27,5,3.92,3
850,28,12,2.56,3
850,29,5,3.99,3
850,30,4,3.54,3
850,31,6,4.22,3
850,32,8,3.01,3
850,33,16,2.33,3
850,34,7,3.21,3
850,35,4,3.63,3
850,36,6,4.22,3
850,37,14,2.52,3
850,38,8,3.76,3
850,39,7,3.5,3
850,40,6,4.81,3
850,41,5,4.73,3
850,42,9,2.46,3
850,43,11,2.92,3
850,44,8,4.09,3
850,45,4,4.29,3
850,46,4,3.53,3
850,47,9,2.68,3
850,48,20,2.5,3
850,49,7,2.95,3
850,50,11,2.13,3
850,51,3,4.01,3
850,52,3,4.24,3
851,1,2,4.23,2
851,2,3,2.29,2
851,3,4,4.89,2
851,4,10,2.43,2
851,5,4,3.45,2
851,6,2,3.69,2
851,7,1,4.8,2
851,8,2,4.46,2
851,9,4,3.6,2
851,10,3,3.15,2
851,11,5,3.64,2
851,12,1,4.39,2
851,13,4,3.88,2
851,14,4,2.31,2
851,15,9,2.58,2
851,16,2,4.53,2
851,17,5,3.44,2
851,18,3,4.33,2
851,19,3,4.45,2
851,20,5,2.89,2
851,21,3,2.68,2
851,22,2,3.86,2
851,23,5,3.12,2
851,24,5,4.66,2
851,25,7,2.38,2
851,26,4,2.47,2
851,27,2,3.92,2
851,28,5,2.56,2
851,29,3,3.99,2
851,30,1,3.54,2
851,31,2,4.22,2
851,32,5,3.01,2
851,33,7,2.33,2
851,34,2,3.21,2
851,35,5,3.63,2
851,36,4,4.22,2
851,37,10,2.52,2
851,38,0,3.76,2
851,39,7,3.5,2
851,40,1,4.81,2
851,41,3,4.73,2
851,42,3,2.46,2
851,43,6,2.92,2
851,44,6,4.09,2
851,45,1,4.29,2
851,46,5,3.53,2
851,47,5,2.68,2
851,48,9,2.5,2
851,49,3,2.95,2
851,50,7,2.13,2
851,51,2,4.01,2
851,52,0,4.24,2
852,1,10,4.23,4
852,2,17,2.29,4
852,3,6,4.89,4
852,4,26,2.43,4
852,5,18,3.45,4
852,6,9,3.69,4
852,7,2,4.8,4
852,8,7,4.46,4
852,9,15,3.6,4
852,10,12,3.15,4
852,11,10,3.64,4
852,12,13,4.39,4
852,13,8,3.88,4
852,14,7,2.31,4
852,15,9,2.58,4
852,16,10,4.53,4
852,17,8,3.44,4
852,18,6,4.33,4
852,19,2,4.45,4
852,20,14,2.89,4
852,21,18,2.68,4
852,22,14,3.86,4
852,23,10,3.12,4
852,24,10,4.66,4
852,25,18,2.38,4
852,26,12,2.47,4
852,27,12,3.92,4
852,28,8,2.56,4
852,29,11,3.99,4
852,30,10,3.54,4
852,31,5,4.22,4
852,32,21,3.01,4
852,33,8,2.33,4
852,34,18,3.21,4
852,35,15,3.63,4
852,36,8,4.22,4
852,37,19,2.52,4
852,38,14,3.76,4
852,39,20,3.5,4
852,40,3,4.81,4
852,41,6,4.73,4
852,42,13,2.46,4
852,43,13,2.92,4
852,44,5,4.09,4
852,45,5,4.29,4
852,46,5,3.53,4
852,47,15,2.68,4
852,48,13,2.5,4
852,49,21,2.95,4
852,50,20,2.13,4
852,51,12,4.01,4
852,52,9,4.24,4
853,1,7,4.23,5
853,2,19,2.29,5
853,3,7,4.89,5
853,4,17,2.43,5
853,5,17,3.45,5
853,6,14,3.69,5
853,7,2,4.8,5
853,8,12,4.46,5
853,9,16,3.6,5
853,10,23,3.15,5
853,11,17,3.64,5
853,12,9,4.39,5
853,13,8,3.88,5
853,14,10,2.31,5
853,15,9,2.58,5
853,16,8,4.53,5
853,17,14,3.44,5
853,18,10,4.33,5
853,19,7,4.45,5
853,20,10,2.89,5
853,21,7,2.68,5
853,22,11,3.86,5
853,23,11,3.12,5
853,24,8,4.66,5
853,25,12,2.38,5
853,26,22,2.47,5
853,27,9,3.92,5
853,28,16,2.56,5
853,29,12,3.99,5
853,30,14,3.54,5
853,31,18,4.22,5
853,32,15,3.01,5
853,33,13,2.33,5
853,34,15,3.21,5
853,35,16,3.63,5
853,36,12,4.22,5
853,37,15,2.52,5
853,38,14,3.76,5
853,39,11,3.5,5
853,40,9,4.81,5
853,41,4,4.73,5
853,42,15,2.46,5
853,43,11,2.92,5
853,44,11,4.09,5
853,45,7,4.29,5
853,46,12,3.53,5
853,47,12,2.68,5
853,48,11,2.5,5
853,49,11,2.95,5
853,50,15,2.13,5
853,51,16,4.01,5
853,52,8,4.24,5
854,1,0,4.23,1
854,2,1,2.29,1
854,3,0,4.89,1
854,4,1,2.43,1
854,5,0,3.45,1
854,6,0,3.69,1
854,7,0,4.8,1
854,8,0,4.46,1
854,9,0,3.6,1
854,10,0,3.15,1
854,11,0,3.64,1
854,12,0,4.39,1
854,13,0,3.88,1
854,14,1,2.31,1
854,15,2,2.58,1
854,16,0,4.53,1
854,17,1,3.44,1
854,18,0,4.33,1
854,19,0,4.45,1
854,20,1,2.89,1
854,21,0,2.68,1
854,22,0,3.86,1
854,23,1,3.12,1
854,24,0,4.66,1
854,25,1,2.38,1
854,26,2,2.47,1
854,27,0,3.92,1
854,28,1,2.56,1
854,29,0,3.99,1
854,30,0,3.54,1
854,31,0,4.22,1
854,32,0,3.01,1
854,33,0,2.33,1
854,34,1,3.21,1
854,35,1,3.63,1
854,36,0,4.22,1
854,37,0,2.52,1
854,38,0,3.76,1
854,39,0,3.5,1
854,40,0,4.81,1
854,41,0,4.73,1
854,42,2,2.46,1
854,43,1,2.92,1
854,44,0,4.09,1
854,45,0,4.29,1
854,46,0,3.53,1
854,47,0,2.68,1
854,48,0,2.5,1
854,49,0,2.95,1
854,50,0,2.13,1
854,51,0,4.01,1
854,52,0,4.24,1
855,1,23,4.23,5
855,2,21,2.29,5
855,3,12,4.89,5
855,4,19,2.43,5
855,5,12,3.45,5
855,6,10,3.69,5
855,7,10,4.8,5
855,8,13,4.46,5
855,9,15,3.6,5
855,10,13,3.15,5
855,11,17,3.64,5
855,12,15,4.39,5
855,13,10,3.88,5
855,14,13,2.31,5
855,15,10,2.58,5
855,16,8,4.53,5
855,17,21,3.44,5
855,18,10,4.33,5
855,19,22,4.45,5
855,20,15,2.89,5
855,21,14,2.68,5
855,22,17,3.86,5
855,23,12,3.12,5
855,24,11,4.66,5
855,25,15,2.38,5
855,26,7,2.47,5
855,27,17,3.92,5
855,28,22,2.56,5
855,29,17,3.99,5
855,30,17,3.54,5
855,31,17,4.22,5
855,32,12,3.01,5
855,33,22,2.33,5
855,34,16,3.21,5
855,35,13,3.63,5
855,36,15,4.22,5
855,37,13,2.52,5
855,38,17,3.76,5
855,39,19,3.5,5
855,40,14,4.81,5
855,41,17,4.73,5
855,42,22,2.46,5
855,43,12,2.92,5
855,44,11,4.09,5
855,45,15,4.29,5
855,46,20,3.53,5
855,47,11,2.68,5
855,48,15,2.5,5
855,49,5,2.95,5
855,50,16,2.13,5
855,51,16,4.01,5
855,52,16,4.24,5
856,1,7,4.23,3
856,2,13,2.29,3
856,3,1,4.89,3
856,4,11,2.43,3
856,5,8,3.45,3
856,6,10,3.69,3
856,7,7,4.8,3
856,8,4,4.46,3
856,9,11,3.6,3
856,10,11,3.15,3
856,11,6,3.64,3
856,12,8,4.39,3
856,13,7,3.88,3
856,14,14,2.31,3
856,15,15,2.58,3
856,16,4,4.53,3
856,17,9,3.44,3
856,18,8,4.33,3
856,19,5,4.45,3
856,20,11,2.89,3
856,21,10,2.68,3
856,22,3,3.86,3
856,23,9,3.12,3
856,24,2,4.66,3
856,25,10,2.38,3
856,26,17,2.47,3
856,27,2,3.92,3
856,28,9,2.56,3
856,29,5,3.99,3
856,30,6,3.54,3
856,31,4,4.22,3
856,32,12,3.01,3
856,33,9,2.33,3
856,34,7,3.21,3
856,35,0,3.63,3
856,36,3,4.22,3
856,37,14,2.52,3
856,38,5,3.76,3
856,39,4,3.5,3
856,40,3,4.81,3
856,41,5,4.73,3
856,42,8,2.46,3
856,43,9,2.92,3
856,44,3,4.09,3
856,45,6,4.29,3
856,46,11,3.53,3
856,47,11,2.68,3
856,48,13,2.5,3
856,49,8,2.95,3
856,50,15,2.13,3
856,51,4,4.01,3
856,52,8,4.24,3
857,1,16,4.23,5
857,2,15,2.29,5
857,3,18,4.89,5
857,4,15,2.43,5
857,5,12,3.45,5
857,6,19,3.69,5
857,7,9,4.8,5
857,8,14,4.46,5
857,9,9,3.6,5
857,10,13,3.15,5
857,11,8,3.64,5
857,12,12,4.39,5
857,13,11,3.88,5
857,14,9,2.31,5
857,15,11,2.58,5
857,16,16,4.53,5
857,17,9,3.44,5
857,18,25,4.33,5
857,19,12,4.45,5
857,20,25,2.89,5
857,21,7,2.68,5
857,22,10,3.86,5
857,23,9,3.12,5
857,24,13,4.66,5
857,25,18,2.38,5
857,26,19,2.47,5
857,27,14,3.92,5
857,28,13,2.56,5
857,29,9,3.99,5
857,30,15,3.54,5
857,31,11,4.22,5
857,32,7,3.01,5
857,33,14,2.33,5
857,34,15,3.21,5
857,35,11,3.63,5
857,36,11,4.22,5
857,37,21,2.52,5
857,38,20,3.76,5
857,39,16,3.5,5
857,40,13,4.81,5
857,41,10,4.73,5
857,42,14,2.46,5
857,43,11,2.92,5
857,44,15,4.09,5
857,45,17,4.29,5
857,46,17,3.53,5
857,47,18,2.68,5
857,48,12,2.5,5
857,49,14,2.95,5
857,50,16,2.13,5
857,51,8,4.01,5
857,52,16,4.24,5
858,1,3,4.23,2
858,2,7,2.29,2
858,3,3,4.89,2
858,4,6,2.43,2
858,5,8,3.45,2
858,6,2,3.69,2
858,7,1,4.8,2
858,8,4,4.46,2
858,9,5,3.6,2
858,10,3,3.15,2
858,11,5,3.64,2
858,12,3,4.39,2
858,13,3,3.88,2
858,14,11,2.31,2
858,15,8,2.58,2
858,16,1,4.53,2
858,17,3,3.44,2
858,18,0,4.33,2
858,19,4,4.45,2
858,20,3,2.89,2
858,21,9,2.68,2
858,22,3,3.86,2
858,23,5,3.12,2
858,24,1,4.66,2
858,25,5,2.38,2
858,26,4,2.47,2
858,27,3,3.92,2
858,28,7,2.56,2
858,29,1,3.99,2
858,30,4,3.54,2
858,31,4,4.22,2
858,32,4,3.01,2
858,33,3,2.33,2
858,34,5,3.21,2
858,35,0,3.63,2
858,36,2,4.22,2
858,37,8,2.52,2
858,38,4,3.76,2
858,39,2,3.5,2
858,40,3,4.81,2
858,41,5,4.73,2
858,42,3,2.46,2
858,43,6,2.92,2
858,44,1,4.09,2
858,45,1,4.29,2
858,46,6,3.53,2
858,47,4,2.68,2
858,48,5,2.5,2
858,49,2,2.95,2
858,50,8,2.13,2
858,51,2,4.01,2
858,52,2,4.24,2
859,1,0,4.23,1
859,2,6,2.29,1
859,3,1,4.89,1
859,4,5,2.43,1
859,5,2,3.45,1
859,6,3,3.69,1
859,7,2,4.8,1
859,8,2,4.46,1
859,9,1,3.6,1
859,10,1,3.15,1
859,11,0,3.64,1
859,12,1,4.39,1
859,13,3,3.88,1
859,14,3,2.31,1
859,15,3,2.58,1
859,16,2,4.53,1
859,17,0,3.44,1
859,18,2,4.33,1
859,19,2,4.45,1
859,20,3,2.89,1
859,21,6,2.68,1
859,22,0,3.86,1
859,23,2,3.12,1
859,24,0,4.66,1
859,25,0,2.38,1
859,26,3,2.47,1
859,27,2,3.92,1
859,28,2,2.56,1
859,29,2,3.99,1
859,30,1,3.54,1
859,31,1,4.22,1
859,32,1,3.01,1
859,33,1,2.33,1
859,34,1,3.21,1
859,35,0,3.63,1
859,36,1,4.22,1
859,37,3,2.52,1
859,38,3,3.76,1
859,39,5,3.5,1
859,40,0,4.81,1
859,41,0,4.73,1
859,42,0,2.46,1
859,43,1,2.92,1
859,44,2,4.09,1
859,45,2,4.29,1
859,46,3,3.53,1
859,47,2,2.68,1
859,48,3,2.5,1
859,49,2,2.95,1
859,50,6,2.13,1
859,51,0,4.01,1
859,52,2,4.24,1
860,1,4,4.23,5
860,2,13,2.29,5
860,3,20,4.89,5
860,4,13,2.43,5
860,5,12,3.45,5
860,6,14,3.69,5
860,7,13,4.8,5
860,8,12,4.46,5
860,9,12,3.6,5
860,10,11,3.15,5
860,11,16,3.64,5
860,12,24,4.39,5
860,13,9,3.88,5
860,14,21,2.31,5
860,15,10,2.58,5
860,16,15,4.53,5
860,17,14,3.44,5
860,18,14,4.33,5
860,19,15,4.45,5
860,20,9,2.89,5
860,21,16,2.68,5
860,22,15,3.86,5
860,23,8,3.12,5
860,24,25,4.66,5
860,25,7,2.38,5
860,26,9,2.47,5
860,27,14,3.92,5
860,28,18,2.56,5
860,29,16,3.99,5
860,30,13,3.54,5
860,31,14,4.22,5
860,32,18,3.01,5
860,33,9,2.33,5
860,34,18,3.21,5
860,35,19,3.63,5
860,36,17,4.22,5
860,37,14,2.52,5
860,38,16,3.76,5
860,39,13,3.5,5
860,40,14,4.81,5
860,41,8,4.73,5
860,42,10,2.46,5
860,43,13,2.92,5
860,44,19,4.09,5
860,45,17,4.29,5
860,46,11,3.53,5
860,47,15,2.68,5
860,48,10,2.5,5
860,49,23,2.95,5
860,50,24,2.13,5
860,51,18,4.01,5
860,52,13,4.24,5
861,1,1,4.23,4
861,2,2,2.29,4
861,3,0,4.89,4
861,4,0,2.43,4
861,5,1,3.45,4
861,6,0,3.69,4
861,7,0,4.8,4
861,8,0,4.46,4
861,9,1,3.6,4
861,10,2,3.15,4
861,11,2,3.64,4
861,12,0,4.39,4
861,13,0,3.88,4
861,14,4,2.31,4
861,15,2,2.58,4
861,16,0,4.53,4
861,17,0,3.44,4
861,18,1,4.33,4
861,19,0,4.45,4
861,20,2,2.89,4
861,21,0,2.68,4
861,22,0,3.86,4
861,23,0,3.12,4
861,24,0,4.66,4
861,25,3,2.38,4
861,26,0,2.47,4
861,27,0,3.92,4
861,28,2,2.56,4
861,29,1,3.99,4
861,30,1,3.54,4
861,31,0,4.22,4
861,32,1,3.01,4
861,33,2,2.33,4
861,34,1,3.21,4
861,35,0,3.63,4
861,36,0,4.22,4
861,37,2,2.52,4
861,38,0,3.76,4
861,39,1,3.5,4
861,40,0,4.81,4
861,41,1,4.73,4
861,42,1,2.46,4
861,43,3,2.92,4
861,44,0,4.09,4
861,45,1,4.29,4
861,46,1,3.53,4
861,47,2,2.68,4
861,48,1,2.5,4
861,49,3,2.95,4
861,50,2,2.13,4
861,51,0,4.01,4
861,52,0,4.24,4
862,1,0,4.23,2
862,2,2,2.29,2
862,3,0,4.89,2
862,4,0,2.43,2
862,5,0,3.45,2
862,6,0,3.69,2
862,7,0,4.8,2
862,8,0,4.46,2
862,9,0,3.6,2
862,10,0,3.15,2
862,11,0,3.64,2
862,12,0,4.39,2
862,13,1,3.88,2
862,14,0,2.31,2
862,15,1,2.58,2
862,16,0,4.53,2
862,17,0,3.44,2
862,18,0,4.33,2
862,19,0,4.45,2
862,20,1,2.89,2
862,21,0,2.68,2
862,22,1,3.86,2
862,23,1,3.12,2
862,24,0,4.66,2
862,25,0,2.38,2
862,26,3,2.47,2
862,27,0,3.92,2
862,28,0,2.56,2
862,29,0,3.99,2
862,30,0,3.54,2
862,31,0,4.22,2
862,32,0,3.01,2
862,33,1,2.33,2
862,34,1,3.21,2
862,35,0,3.63,2
862,36,0,4.22,2
862,37,0,2.52,2
862,38,0,3.76,2
862,39,0,3.5,2
862,40,0,4.81,2
862,41,0,4.73,2
862,42,3,2.46,2
862,43,0,2.92,2
862,44,0,4.09,2
862,45,0,4.29,2
862,46,1,3.53,2
862,47,0,2.68,2
862,48,2,2.5,2
862,49,0,2.95,2
862,50,2,2.13,2
862,51,0,4.01,2
862,52,0,4.24,2
863,1,1,4.23,3
863,2,2,2.29,3
863,3,0,4.89,3
863,4,3,2.43,3
863,5,0,3.45,3
863,6,1,3.69,3
863,7,0,4.8,3
863,8,0,4.46,3
863,9,1,3.6,3
863,10,1,3.15,3
863,11,1,3.64,3
863,12,0,4.39,3
863,13,0,3.88,3
863,14,0,2.31,3
863,15,0,2.58,3
863,16,0,4.53,3
863,17,0,3.44,3
863,18,0,4.33,3
863,19,0,4.45,3
863,20,1,2.89,3
863,21,1,2.68,3
863,22,0,3.86,3
863,23,0,3.12,3
863,24,0,4.66,3
863,25,0,2.38,3
863,26,2,2.47,3
863,27,0,3.92,3
863,28,2,2.56,3
863,29,0,3.99,3
863,30,0,3.54,3
863,31,0,4.22,3
863,32,1,3.01,3
863,33,1,2.33,3
863,34,0,3.21,3
863,35,0,3.63,3
863,36,0,4.22,3
863,37,0,2.52,3
863,38,0,3.76,3
863,39,1,3.5,3
863,40,0,4.81,3
863,41,0,4.73,3
863,42,0,2.46,3
863,43,1,2.92,3
863,44,0,4.09,3
863,45,0,4.29,3
863,46,0,3.53,3
863,47,1,2.68,3
863,48,1,2.5,3
863,49,0,2.95,3
863,50,1,2.13,3
863,51,0,4.01,3
863,52,0,4.24,3
864,1,0,4.23,3
864,2,0,2.29,3
864,3,1,4.89,3
864,4,2,2.43,3
864,5,0,3.45,3
864,6,0,3.69,3
864,7,0,4.8,3
864,8,0,4.46,3
864,9,0,3.6,3
864,10,0,3.15,3
864,11,0,3.64,3
864,12,0,4.39,3
864,13,1,3.88,3
864,14,1,2.31,3
864,15,0,2.58,3
864,16,0,4.53,3
864,17,0,3.44,3
864,18,1,4.33,3
864,19,0,4.45,3
864,20,0,2.89,3
864,21,2,2.68,3
864,22,0,3.86,3
864,23,1,3.12,3
864,24,0,4.66,3
864,25,1,2.38,3
864,26,1,2.47,3
864,27,0,3.92,3
864,28,0,2.56,3
864,29,0,3.99,3
864,30,0,3.54,3
864,31,0,4.22,3
864,32,0,3.01,3
864,33,0,2.33,3
864,34,1,3.21,3
864,35,1,3.63,3
864,36,1,4.22,3
864,37,1,2.52,3
864,38,0,3.76,3
864,39,0,3.5,3
864,40,0,4.81,3
864,41,0,4.73,3
864,42,0,2.46,3
864,43,1,2.92,3
864,44,0,4.09,3
864,45,0,4.29,3
864,46,0,3.53,3
864,47,0,2.68,3
864,48,1,2.5,3
864,49,3,2.95,3
864,50,3,2.13,3
864,51,0,4.01,3
864,52,0,4.24,3
865,1,0,4.23,4
865,2,2,2.29,4
865,3,0,4.89,4
865,4,2,2.43,4
865,5,1,3.45,4
865,6,0,3.69,4
865,7,0,4.8,4
865,8,0,4.46,4
865,9,0,3.6,4
865,10,1,3.15,4
865,11,0,3.64,4
865,12,0,4.39,4
865,13,0,3.88,4
865,14,2,2.31,4
865,15,2,2.58,4
865,16,0,4.53,4
865,17,1,3.44,4
865,18,0,4.33,4
865,19,0,4.45,4
865,20,2,2.89,4
865,21,2,2.68,4
865,22,1,3.86,4
865,23,1,3.12,4
865,24,0,4.66,4
865,25,3,2.38,4
865,26,0,2.47,4
865,27,0,3.92,4
865,28,1,2.56,4
865,29,1,3.99,4
865,30,0,3.54,4
865,31,0,4.22,4
865,32,1,3.01,4
865,33,6,2.33,4
865,34,0,3.21,4
865,35,0,3.63,4
865,36,0,4.22,4
865,37,0,2.52,4
865,38,0,3.76,4
865,39,0,3.5,4
865,40,0,4.81,4
865,41,0,4.73,4
865,42,2,2.46,4
865,43,1,2.92,4
865,44,0,4.09,4
865,45,0,4.29,4
865,46,0,3.53,4
865,47,1,2.68,4
865,48,1,2.5,4
865,49,1,2.95,4
865,50,5,2.13,4
865,51,0,4.01,4
865,52,0,4.24,4
866,1,0,4.23,2
866,2,2,2.29,2
866,3,1,4.89,2
866,4,3,2.43,2
866,5,4,3.45,2
866,6,1,3.69,2
866,7,1,4.8,2
866,8,2,4.46,2
866,9,3,3.6,2
866,10,2,3.15,2
866,11,1,3.64,2
866,12,0,4.39,2
866,13,1,3.88,2
866,14,5,2.31,2
866,15,6,2.58,2
866,16,0,4.53,2
866,17,1,3.44,2
866,18,0,4.33,2
866,19,2,4.45,2
866,20,1,2.89,2
866,21,4,2.68,2
866,22,1,3.86,2
866,23,5,3.12,2
866,24,0,4.66,2
866,25,5,2.38,2
866,26,8,2.47,2
866,27,1,3.92,2
866,28,5,2.56,2
866,29,2,3.99,2
866,30,2,3.54,2
866,31,1,4.22,2
866,32,4,3.01,2
866,33,4,2.33,2
866,34,4,3.21,2
866,35,4,3.63,2
866,36,2,4.22,2
866,37,3,2.52,2
866,38,1,3.76,2
866,39,1,3.5,2
866,40,0,4.81,2
866,41,1,4.73,2
866,42,9,2.46,2
866,43,1,2.92,2
866,44,4,4.09,2
866,45,1,4.29,2
866,46,3,3.53,2
866,47,7,2.68,2
866,48,9,2.5,2
866,49,3,2.95,2
866,50,8,2.13,2
866,51,1,4.01,2
866,52,3,4.24,2
867,1,1,4.23,4
867,2,6,2.29,4
867,3,0,4.89,4
867,4,3,2.43,4
867,5,0,3.45,4
867,6,0,3.69,4
867,7,0,4.8,4
867,8,0,4.46,4
867,9,0,3.6,4
867,10,0,3.15,4
867,11,0,3.64,4
867,12,0,4.39,4
867,13,0,3.88,4
867,14,2,2.31,4
867,15,1,2.58,4
867,16,0,4.53,4
867,17,0,3.44,4
867,18,0,4.33,4
867,19,0,4.45,4
867,20,2,2.89,4
867,21,2,2.68,4
867,22,0,3.86,4
867,23,0,3.12,4
867,24,1,4.66,4
867,25,2,2.38,4
867,26,1,2.47,4
867,27,0,3.92,4
867,28,1,2.56,4
867,29,0,3.99,4
867,30,0,3.54,4
867,31,0,4.22,4
867,32,1,3.01,4
867,33,5,2.33,4
867,34,2,3.21,4
867,35,2,3.63,4
867,36,0,4.22,4
867,37,0,2.52,4
867,38,0,3.76,4
867,39,0,3.5,4
867,40,0,4.81,4
867,41,0,4.73,4
867,42,5,2.46,4
867,43,0,2.92,4
867,44,0,4.09,4
867,45,1,4.29,4
867,46,1,3.53,4
867,47,2,2.68,4
867,48,2,2.5,4
867,49,0,2.95,4
867,50,1,2.13,4
867,51,0,4.01,4
867,52,0,4.24,4
868,1,2,4.23,1
868,2,9,2.29,1
868,3,0,4.89,1
868,4,3,2.43,1
868,5,1,3.45,1
868,6,3,3.69,1
868,7,0,4.8,1
868,8,0,4.46,1
868,9,0,3.6,1
868,10,1,3.15,1
868,11,0,3.64,1
868,12,0,4.39,1
868,13,1,3.88,1
868,14,4,2.31,1
868,15,1,2.58,1
868,16,0,4.53,1
868,17,0,3.44,1
868,18,0,4.33,1
868,19,0,4.45,1
868,20,2,2.89,1
868,21,2,2.68,1
868,22,1,3.86,1
868,23,0,3.12,1
868,24,0,4.66,1
868,25,4,2.38,1
868,26,0,2.47,1
868,27,0,3.92,1
868,28,2,2.56,1
868,29,2,3.99,1
868,30,1,3.54,1
868,31,2,4.22,1
868,32,3,3.01,1
868,33,3,2.33,1
868,34,0,3.21,1
868,35,0,3.63,1
868,36,0,4.22,1
868,37,0,2.52,1
868,38,0,3.76,1
868,39,2,3.5,1
868,40,0,4.81,1
868,41,0,4.73,1
868,42,3,2.46,1
868,43,6,2.92,1
868,44,1,4.09,1
868,45,1,4.29,1
868,46,0,3.53,1
868,47,0,2.68,1
868,48,4,2.5,1
868,49,1,2.95,1
868,50,4,2.13,1
868,51,0,4.01,1
868,52,0,4.24,1
869,1,0,4.23,3
869,2,14,2.29,3
869,3,2,4.89,3
869,4,10,2.43,3
869,5,5,3.45,3
869,6,6,3.69,3
869,7,1,4.8,3
869,8,1,4.46,3
869,9,6,3.6,3
869,10,2,3.15,3
869,11,8,3.64,3
869,12,1,4.39,3
869,13,7,3.88,3
869,14,15,2.31,3
869,15,9,2.58,3
869,16,0,4.53,3
869,17,2,3.44,3
869,18,3,4.33,3
869,19,1,4.45,3
869,20,7,2.89,3
869,21,5,2.68,3
869,22,4,3.86,3
869,23,9,3.12,3
869,24,0,4.66,3
869,25,18,2.38,3
869,26,11,2.47,3
869,27,2,3.92,3
869,28,15,2.56,3
869,29,4,3.99,3
869,30,9,3.54,3
869,31,3,4.22,3
869,32,5,3.01,3
869,33,17,2.33,3
869,34,5,3.21,3
869,35,4,3.63,3
869,36,2,4.22,3
869,37,8,2.52,3
869,38,4,3.76,3
869,39,2,3.5,3
869,40,2,4.81,3
869,41,2,4.73,3
869,42,9,2.46,3
869,43,10,2.92,3
869,44,6,4.09,3
869,45,5,4.29,3
869,46,4,3.53,3
869,47,10,2.68,3
869,48,8,2.5,3
869,49,6,2.95,3
869,50,12,2.13,3
869,51,6,4.01,3
869,52,2,4.24,3
870,1,2,4.23,1
870,2,3,2.29,1
870,3,1,4.89,1
870,4,2,2.43,1
870,5,1,3.45,1
870,6,5,3.69,1
870,7,1,4.8,1
870,8,2,4.46,1
870,9,0,3.6,1
870,10,2,3.15,1
870,11,1,3.64,1
870,12,0,4.39,1
870,13,1,3.88,1
870,14,5,2.31,1
870,15,2,2.58,1
870,16,0,4.53,1
870,17,2,3.44,1
870,18,3,4.33,1
870,19,2,4.45,1
870,20,2,2.89,1
870,21,3,2.68,1
870,22,1,3.86,1
870,23,0,3.12,1
870,24,1,4.66,1
870,25,3,2.38,1
870,26,5,2.47,1
870,27,1,3.92,1
870,28,3,2.56,1
870,29,3,3.99,1
870,30,1,3.54,1
870,31,1,4.22,1
870,32,3,3.01,1
870,33,3,2.33,1
870,34,1,3.21,1
870,35,2,3.63,1
870,36,3,4.22,1
870,37,1,2.52,1
870,38,3,3.76,1
870,39,4,3.5,1
870,40,0,4.81,1
870,41,1,4.73,1
870,42,1,2.46,1
870,43,2,2.92,1
870,44,0,4.09,1
870,45,1,4.29,1
870,46,1,3.53,1
870,47,5,2.68,1
870,48,1,2.5,1
870,49,1,2.95,1
870,50,3,2.13,1
870,51,1,4.01,1
870,52,3,4.24,1
871,1,4,4.23,3
871,2,12,2.29,3
871,3,2,4.89,3
871,4,8,2.43,3
871,5,6,3.45,3
871,6,7,3.69,3
871,7,5,4.8,3
871,8,6,4.46,3
871,9,4,3.6,3
871,10,8,3.15,3
871,11,7,3.64,3
871,12,6,4.39,3
871,13,5,3.88,3
871,14,12,2.31,3
871,15,9,2.58,3
871,16,5,4.53,3
871,17,4,3.44,3
871,18,6,4.33,3
871,19,3,4.45,3
871,20,11,2.89,3
871,21,6,2.68,3
871,22,4,3.86,3
871,23,5,3.12,3
871,24,6,4.66,3
871,25,8,2.38,3
871,26,6,2.47,3
871,27,10,3.92,3
871,28,10,2.56,3
871,29,5,3.99,3
871,30,8,3.54,3
871,31,4,4.22,3
871,32,12,3.01,3
871,33,17,2.33,3
871,34,10,3.21,3
871,35,7,3.63,3
871,36,8,4.22,3
871,37,12,2.52,3
871,38,9,3.76,3
871,39,8,3.5,3
871,40,5,4.81,3
871,41,3,4.73,3
871,42,12,2.46,3
871,43,5,2.92,3
871,44,6,4.09,3
871,45,3,4.29,3
871,46,3,3.53,3
871,47,6,2.68,3
871,48,10,2.5,3
871,49,12,2.95,3
871,50,14,2.13,3
871,51,3,4.01,3
871,52,5,4.24,3
872,1,0,4.23,2
872,2,1,2.29,2
872,3,0,4.89,2
872,4,1,2.43,2
872,5,0,3.45,2
872,6,0,3.69,2
872,7,0,4.8,2
872,8,0,4.46,2
872,9,0,3.6,2
872,10,0,3.15,2
872,11,0,3.64,2
872,12,0,4.39,2
872,13,0,3.88,2
872,14,2,2.31,2
872,15,2,2.58,2
872,16,0,4.53,2
872,17,2,3.44,2
872,18,0,4.33,2
872,19,0,4.45,2
872,20,0,2.89,2
872,21,0,2.68,2
872,22,0,3.86,2
872,23,1,3.12,2
872,24,0,4.66,2
872,25,2,2.38,2
872,26,0,2.47,2
872,27,1,3.92,2
872,28,0,2.56,2
872,29,0,3.99,2
872,30,1,3.54,2
872,31,0,4.22,2
872,32,1,3.01,2
872,33,4,2.33,2
872,34,1,3.21,2
872,35,0,3.63,2
872,36,0,4.22,2
872,37,2,2.52,2
872,38,0,3.76,2
872,39,1,3.5,2
872,40,0,4.81,2
872,41,0,4.73,2
872,42,1,2.46,2
872,43,1,2.92,2
872,44,0,4.09,2
872,45,0,4.29,2
872,46,0,3.53,2
872,47,0,2.68,2
872,48,0,2.5,2
872,49,0,2.95,2
872,50,3,2.13,2
872,51,0,4.01,2
872,52,1,4.24,2
873,1,0,4.23,1
873,2,1,2.29,1
873,3,0,4.89,1
873,4,1,2.43,1
873,5,2,3.45,1
873,6,0,3.69,1
873,7,0,4.8,1
873,8,1,4.46,1
873,9,4,3.6,1
873,10,1,3.15,1
873,11,1,3.64,1
873,12,0,4.39,1
873,13,1,3.88,1
873,14,2,2.31,1
873,15,2,2.58,1
873,16,0,4.53,1
873,17,0,3.44,1
873,18,2,4.33,1
873,19,1,4.45,1
873,20,3,2.89,1
873,21,1,2.68,1
873,22,1,3.86,1
873,23,1,3.12,1
873,24,1,4.66,1
873,25,4,2.38,1
873,26,4,2.47,1
873,27,1,3.92,1
873,28,2,2.56,1
873,29,0,3.99,1
873,30,4,3.54,1
873,31,0,4.22,1
873,32,4,3.01,1
873,33,3,2.33,1
873,34,2,3.21,1
873,35,1,3.63,1
873,36,2,4.22,1
873,37,2,2.52,1
873,38,1,3.76,1
873,39,0,3.5,1
873,40,0,4.81,1
873,41,0,4.73,1
873,42,0,2.46,1
873,43,3,2.92,1
873,44,1,4.09,1
873,45,0,4.29,1
873,46,2,3.53,1
873,47,1,2.68,1
873,48,4,2.5,1
873,49,0,2.95,1
873,50,3,2.13,1
873,51,0,4.01,1
873,52,3,4.24,1
874,1,4,4.23,4
874,2,21,2.29,4
874,3,3,4.89,4
874,4,14,2.43,4
874,5,15,3.45,4
874,6,2,3.69,4
874,7,1,4.8,4
874,8,7,4.46,4
874,9,9,3.6,4
874,10,18,3.15,4
874,11,11,3.64,4
874,12,2,4.39,4
874,13,6,3.88,4
874,14,23,2.31,4
874,15,22,2.58,4
874,16,3,4.53,4
874,17,11,3.44,4
874,18,2,4.33,4
874,19,2,4.45,4
874,20,18,2.89,4
874,21,23,2.68,4
874,22,8,3.86,4
874,23,14,3.12,4
874,24,1,4.66,4
874,25,20,2.38,4
874,26,21,2.47,4
874,27,5,3.92,4
874,28,11,2.56,4
874,29,5,3.99,4
874,30,9,3.54,4
874,31,3,4.22,4
874,32,15,3.01,4
874,33,20,2.33,4
874,34,13,3.21,4
874,35,5,3.63,4
874,36,6,4.22,4
874,37,13,2.52,4
874,38,4,3.76,4
874,39,12,3.5,4
874,40,7,4.81,4
874,41,2,4.73,4
874,42,17,2.46,4
874,43,24,2.92,4
874,44,8,4.09,4
874,45,4,4.29,4
874,46,5,3.53,4
874,47,20,2.68,4
874,48,14,2.5,4
874,49,14,2.95,4
874,50,17,2.13,4
874,51,3,4.01,4
874,52,6,4.24,4