Date,Season,DateTime,Hour,Day_of_Week,Time_Period,Discount_Percent,Price,Temperature,Is_Morning,Is_Weekend,Units_Sold
1/1/2023,Winter,1/1/2023 10:00,10,1,Morning,50,3.75,27,1,1,77
1/1/2023,Winter,1/1/2023 11:00,11,1,Morning,50,3.75,30,1,1,73
1/1/2023,Winter,1/1/2023 12:00,12,1,Afternoon,50,3.75,33,0,1,85
1/1/2023,Winter,1/1/2023 13:00,13,1,Afternoon,50,3.75,35,0,1,84
1/1/2023,Winter,1/1/2023 14:00,14,1,Afternoon,50,3.75,36,0,1,95
1/1/2023,Winter,1/1/2023 15:00,15,1,Afternoon,50,3.75,37,0,1,86
1/1/2023,Winter,1/1/2023 16:00,16,1,Afternoon,50,3.75,37,0,1,84
1/1/2023,Winter,1/1/2023 17:00,17,1,Evening,50,3.75,36,0,1,72
1/1/2023,Winter,1/1/2023 18:00,18,1,Evening,50,3.75,35,0,1,76
1/2/2023,Winter,1/1/2023 19:00,19,2,Evening,0,7.5,35,0,0,31
1/2/2023,Winter,1/1/2023 20:00,20,2,Evening,0,7.5,32,0,0,32
1/2/2023,Winter,1/1/2023 21:00,21,2,Evening,0,7.5,29,0,0,31
1/2/2023,Winter,1/2/2023 10:00,10,2,Morning,0,7.5,29,1,0,20
1/2/2023,Winter,1/2/2023 11:00,11,2,Morning,0,7.5,32,1,0,16
1/2/2023,Winter,1/2/2023 12:00,12,2,Afternoon,0,7.5,35,0,0,37
1/2/2023,Winter,1/2/2023 13:00,13,2,Afternoon,0,7.5,38,0,0,27
1/2/2023,Winter,1/2/2023 14:00,14,2,Afternoon,0,7.5,40,0,0,26
1/2/2023,Winter,1/2/2023 15:00,15,2,Afternoon,0,7.5,41,0,0,26
1/2/2023,Winter,1/2/2023 16:00,16,2,Afternoon,0,7.5,41,0,0,36
1/2/2023,Winter,1/2/2023 17:00,17,2,Evening,0,7.5,40,0,0,32
1/2/2023,Winter,1/2/2023 18:00,18,2,Evening,0,7.5,38,0,0,36
1/3/2023,Winter,1/2/2023 19:00,19,3,Evening,0,7.5,41,0,0,31
1/3/2023,Winter,1/2/2023 20:00,20,3,Evening,0,7.5,40,0,0,29
1/3/2023,Winter,1/2/2023 21:00,21,3,Evening,0,7.5,38,0,0,30
1/3/2023,Winter,1/3/2023 10:00,10,3,Morning,0,7.5,38,1,0,9
1/3/2023,Winter,1/3/2023 11:00,11,3,Morning,0,7.5,40,1,0,12
1/3/2023,Winter,1/3/2023 12:00,12,3,Afternoon,0,7.5,41,0,0,25
1/3/2023,Winter,1/3/2023 13:00,13,3,Afternoon,0,7.5,43,0,0,38
1/3/2023,Winter,1/3/2023 14:00,14,3,Afternoon,0,7.5,44,0,0,30
1/3/2023,Winter,1/3/2023 15:00,15,3,Afternoon,0,7.5,44,0,0,37
1/3/2023,Winter,1/3/2023 16:00,16,3,Afternoon,0,7.5,44,0,0,40
1/3/2023,Winter,1/3/2023 17:00,17,3,Evening,0,7.5,44,0,0,32
1/3/2023,Winter,1/3/2023 18:00,18,3,Evening,0,7.5,43,0,0,34
1/4/2023,Winter,1/3/2023 19:00,19,4,Evening,50,3.75,34,0,0,58
1/4/2023,Winter,1/3/2023 20:00,20,4,Evening,50,3.75,32,0,0,63
1/4/2023,Winter,1/3/2023 21:00,21,4,Evening,50,3.75,30,0,0,67
1/4/2023,Winter,1/4/2023 10:00,10,4,Morning,50,3.75,30,1,0,56
1/4/2023,Winter,1/4/2023 11:00,11,4,Morning,50,3.75,32,1,0,51
1/4/2023,Winter,1/4/2023 12:00,12,4,Afternoon,50,3.75,34,0,0,81
1/4/2023,Winter,1/4/2023 13:00,13,4,Afternoon,50,3.75,36,0,0,65
1/4/2023,Winter,1/4/2023 14:00,14,4,Afternoon,50,3.75,37,0,0,68
1/4/2023,Winter,1/4/2023 15:00,15,4,Afternoon,50,3.75,38,0,0,71
1/4/2023,Winter,1/4/2023 16:00,16,4,Afternoon,50,3.75,38,0,0,68
1/4/2023,Winter,1/4/2023 17:00,17,4,Evening,50,3.75,37,0,0,64
1/4/2023,Winter,1/4/2023 18:00,18,4,Evening,50,3.75,36,0,0,73
1/5/2023,Winter,1/4/2023 19:00,19,5,Evening,0,7.5,37,0,0,40
1/5/2023,Winter,1/4/2023 20:00,20,5,Evening,0,7.5,34,0,0,31
1/5/2023,Winter,1/4/2023 21:00,21,5,Evening,0,7.5,31,0,0,33
1/5/2023,Winter,1/5/2023 10:00,10,5,Morning,0,7.5,31,1,0,16
1/5/2023,Winter,1/5/2023 11:00,11,5,Morning,0,7.5,34,1,0,22
1/5/2023,Winter,1/5/2023 12:00,12,5,Afternoon,0,7.5,37,0,0,26
1/5/2023,Winter,1/5/2023 13:00,13,5,Afternoon,0,7.5,39,0,0,43
1/5/2023,Winter,1/5/2023 14:00,14,5,Afternoon,0,7.5,41,0,0,29
1/5/2023,Winter,1/5/2023 15:00,15,5,Afternoon,0,7.5,42,0,0,25
1/5/2023,Winter,1/5/2023 16:00,16,5,Afternoon,0,7.5,42,0,0,31
1/5/2023,Winter,1/5/2023 17:00,17,5,Evening,0,7.5,41,0,0,33
1/5/2023,Winter,1/5/2023 18:00,18,5,Evening,0,7.5,39,0,0,40
1/6/2023,Winter,1/5/2023 19:00,19,6,Evening,0,7.5,45,0,0,37
1/6/2023,Winter,1/5/2023 20:00,20,6,Evening,0,7.5,42,0,0,33
1/6/2023,Winter,1/5/2023 21:00,21,6,Evening,0,7.5,39,0,0,25
1/6/2023,Winter,1/6/2023 10:00,10,6,Morning,0,7.5,39,1,0,14
1/6/2023,Winter,1/6/2023 11:00,11,6,Morning,0,7.5,42,1,0,18
1/6/2023,Winter,1/6/2023 12:00,12,6,Afternoon,0,7.5,45,0,0,46
1/6/2023,Winter,1/6/2023 13:00,13,6,Afternoon,0,7.5,48,0,0,24
1/6/2023,Winter,1/6/2023 14:00,14,6,Afternoon,0,7.5,50,0,0,39
1/6/2023,Winter,1/6/2023 15:00,15,6,Afternoon,0,7.5,51,0,0,31
1/6/2023,Winter,1/6/2023 16:00,16,6,Afternoon,0,7.5,51,0,0,42
1/6/2023,Winter,1/6/2023 17:00,17,6,Evening,0,7.5,50,0,0,28
1/6/2023,Winter,1/6/2023 18:00,18,6,Evening,0,7.5,48,0,0,34
1/7/2023,Winter,1/6/2023 19:00,19,7,Evening,20,6,36,0,1,58
1/7/2023,Winter,1/6/2023 20:00,20,7,Evening,20,6,34,0,1,68
1/7/2023,Winter,1/6/2023 21:00,21,7,Evening,20,6,32,0,1,71
1/7/2023,Winter,1/7/2023 10:00,10,7,Morning,20,6,32,1,1,60
1/7/2023,Winter,1/7/2023 11:00,11,7,Morning,20,6,34,1,1,54
1/7/2023,Winter,1/7/2023 12:00,12,7,Afternoon,20,6,36,0,1,73
1/7/2023,Winter,1/7/2023 13:00,13,7,Afternoon,20,6,38,0,1,70
1/7/2023,Winter,1/7/2023 14:00,14,7,Afternoon,20,6,39,0,1,64
1/7/2023,Winter,1/7/2023 15:00,15,7,Afternoon,20,6,40,0,1,67
1/7/2023,Winter,1/7/2023 16:00,16,7,Afternoon,20,6,40,0,1,60
1/7/2023,Winter,1/7/2023 17:00,17,7,Evening,20,6,39,0,1,63
1/7/2023,Winter,1/7/2023 18:00,18,7,Evening,20,6,38,0,1,70
1/8/2023,Winter,1/7/2023 19:00,19,1,Evening,0,7.5,26,0,1,51
1/8/2023,Winter,1/7/2023 20:00,20,1,Evening,0,7.5,25,0,1,50
1/8/2023,Winter,1/7/2023 21:00,21,1,Evening,0,7.5,24,0,1,43
1/8/2023,Winter,1/8/2023 10:00,10,1,Morning,0,7.5,24,1,1,31
1/8/2023,Winter,1/8/2023 11:00,11,1,Morning,0,7.5,25,1,1,31
1/8/2023,Winter,1/8/2023 12:00,12,1,Afternoon,0,7.5,26,0,1,50
1/8/2023,Winter,1/8/2023 13:00,13,1,Afternoon,0,7.5,27,0,1,44
1/8/2023,Winter,1/8/2023 14:00,14,1,Afternoon,0,7.5,28,0,1,51
1/8/2023,Winter,1/8/2023 15:00,15,1,Afternoon,0,7.5,29,0,1,43
1/8/2023,Winter,1/8/2023 16:00,16,1,Afternoon,0,7.5,29,0,1,58
1/8/2023,Winter,1/8/2023 17:00,17,1,Evening,0,7.5,28,0,1,51
1/8/2023,Winter,1/8/2023 18:00,18,1,Evening,0,7.5,27,0,1,45
1/9/2023,Winter,1/8/2023 19:00,19,2,Evening,10,6.75,33,0,0,39
1/9/2023,Winter,1/8/2023 20:00,20,2,Evening,10,6.75,30,0,0,36
1/9/2023,Winter,1/8/2023 21:00,21,2,Evening,10,6.75,27,0,0,39
1/9/2023,Winter,1/9/2023 10:00,10,2,Morning,10,6.75,27,1,0,25
1/9/2023,Winter,1/9/2023 11:00,11,2,Morning,10,6.75,30,1,0,19
1/9/2023,Winter,1/9/2023 12:00,12,2,Afternoon,10,6.75,33,0,0,34
1/9/2023,Winter,1/9/2023 13:00,13,2,Afternoon,10,6.75,36,0,0,40
1/9/2023,Winter,1/9/2023 14:00,14,2,Afternoon,10,6.75,38,0,0,47
1/9/2023,Winter,1/9/2023 15:00,15,2,Afternoon,10,6.75,39,0,0,44
1/9/2023,Winter,1/9/2023 16:00,16,2,Afternoon,10,6.75,39,0,0,36
1/9/2023,Winter,1/9/2023 17:00,17,2,Evening,10,6.75,38,0,0,43
1/9/2023,Winter,1/9/2023 18:00,18,2,Evening,10,6.75,36,0,0,38
1/10/2023,Winter,1/9/2023 19:00,19,3,Evening,20,6,31,0,0,46
1/10/2023,Winter,1/9/2023 20:00,20,3,Evening,20,6,29,0,0,46
1/10/2023,Winter,1/9/2023 21:00,21,3,Evening,20,6,28,0,0,57
1/10/2023,Winter,1/10/2023 10:00,10,3,Morning,20,6,28,1,0,26
1/10/2023,Winter,1/10/2023 11:00,11,3,Morning,20,6,29,1,0,32
1/10/2023,Winter,1/10/2023 12:00,12,3,Afternoon,20,6,31,0,0,36
1/10/2023,Winter,1/10/2023 13:00,13,3,Afternoon,20,6,32,0,0,48
1/10/2023,Winter,1/10/2023 14:00,14,3,Afternoon,20,6,33,0,0,51
1/10/2023,Winter,1/10/2023 15:00,15,3,Afternoon,20,6,34,0,0,53
1/10/2023,Winter,1/10/2023 16:00,16,3,Afternoon,20,6,34,0,0,36
1/10/2023,Winter,1/10/2023 17:00,17,3,Evening,20,6,33,0,0,47
1/10/2023,Winter,1/10/2023 18:00,18,3,Evening,20,6,32,0,0,53
1/11/2023,Winter,1/10/2023 19:00,19,4,Evening,30,5.25,39,0,0,51
1/11/2023,Winter,1/10/2023 20:00,20,4,Evening,30,5.25,38,0,0,52
1/11/2023,Winter,1/10/2023 21:00,21,4,Evening,30,5.25,36,0,0,53
1/11/2023,Winter,1/11/2023 10:00,10,4,Morning,30,5.25,36,1,0,42
1/11/2023,Winter,1/11/2023 11:00,11,4,Morning,30,5.25,38,1,0,44
1/11/2023,Winter,1/11/2023 12:00,12,4,Afternoon,30,5.25,39,0,0,60
1/11/2023,Winter,1/11/2023 13:00,13,4,Afternoon,30,5.25,40,0,0,53
1/11/2023,Winter,1/11/2023 14:00,14,4,Afternoon,30,5.25,41,0,0,55
1/11/2023,Winter,1/11/2023 15:00,15,4,Afternoon,30,5.25,41,0,0,66
1/11/2023,Winter,1/11/2023 16:00,16,4,Afternoon,30,5.25,41,0,0,56
1/11/2023,Winter,1/11/2023 17:00,17,4,Evening,30,5.25,41,0,0,55
1/11/2023,Winter,1/11/2023 18:00,18,4,Evening,30,5.25,40,0,0,47
1/12/2023,Winter,1/11/2023 19:00,19,5,Evening,30,5.25,37,0,0,53
1/12/2023,Winter,1/11/2023 20:00,20,5,Evening,30,5.25,34,0,0,52
1/12/2023,Winter,1/11/2023 21:00,21,5,Evening,30,5.25,32,0,0,52
1/12/2023,Winter,1/12/2023 10:00,10,5,Morning,30,5.25,32,1,0,37
1/12/2023,Winter,1/12/2023 11:00,11,5,Morning,30,5.25,34,1,0,37
1/12/2023,Winter,1/12/2023 12:00,12,5,Afternoon,30,5.25,37,0,0,50
1/12/2023,Winter,1/12/2023 13:00,13,5,Afternoon,30,5.25,39,0,0,52
1/12/2023,Winter,1/12/2023 14:00,14,5,Afternoon,30,5.25,40,0,0,60
1/12/2023,Winter,1/12/2023 15:00,15,5,Afternoon,30,5.25,41,0,0,59
1/12/2023,Winter,1/12/2023 16:00,16,5,Afternoon,30,5.25,41,0,0,52
1/12/2023,Winter,1/12/2023 17:00,17,5,Evening,30,5.25,40,0,0,45
1/12/2023,Winter,1/12/2023 18:00,18,5,Evening,30,5.25,39,0,0,49
1/13/2023,Winter,1/12/2023 19:00,19,6,Evening,20,6,36,0,0,43
1/13/2023,Winter,1/12/2023 20:00,20,6,Evening,20,6,34,0,0,46
1/13/2023,Winter,1/12/2023 21:00,21,6,Evening,20,6,32,0,0,42
1/13/2023,Winter,1/13/2023 10:00,10,6,Morning,20,6,32,1,0,42
1/13/2023,Winter,1/13/2023 11:00,11,6,Morning,20,6,34,1,0,31
1/13/2023,Winter,1/13/2023 12:00,12,6,Afternoon,20,6,36,0,0,40
1/13/2023,Winter,1/13/2023 13:00,13,6,Afternoon,20,6,38,0,0,45
1/13/2023,Winter,1/13/2023 14:00,14,6,Afternoon,20,6,39,0,0,41
1/13/2023,Winter,1/13/2023 15:00,15,6,Afternoon,20,6,39,0,0,47
1/13/2023,Winter,1/13/2023 16:00,16,6,Afternoon,20,6,39,0,0,47
1/13/2023,Winter,1/13/2023 17:00,17,6,Evening,20,6,39,0,0,48
1/13/2023,Winter,1/13/2023 18:00,18,6,Evening,20,6,38,0,0,38
1/14/2023,Winter,1/13/2023 19:00,19,7,Evening,30,5.25,35,0,1,72
1/14/2023,Winter,1/13/2023 20:00,20,7,Evening,30,5.25,33,0,1,72
1/14/2023,Winter,1/13/2023 21:00,21,7,Evening,30,5.25,31,0,1,63
1/14/2023,Winter,1/14/2023 10:00,10,7,Morning,30,5.25,31,1,1,62
1/14/2023,Winter,1/14/2023 11:00,11,7,Morning,30,5.25,33,1,1,61
1/14/2023,Winter,1/14/2023 12:00,12,7,Afternoon,30,5.25,35,0,1,82
1/14/2023,Winter,1/14/2023 13:00,13,7,Afternoon,30,5.25,37,0,1,72
1/14/2023,Winter,1/14/2023 14:00,14,7,Afternoon,30,5.25,39,0,1,71
1/14/2023,Winter,1/14/2023 15:00,15,7,Afternoon,30,5.25,39,0,1,72
1/14/2023,Winter,1/14/2023 16:00,16,7,Afternoon,30,5.25,39,0,1,71
1/14/2023,Winter,1/14/2023 17:00,17,7,Evening,30,5.25,39,0,1,62
1/14/2023,Winter,1/14/2023 18:00,18,7,Evening,30,5.25,37,0,1,62
1/15/2023,Winter,1/14/2023 19:00,19,1,Evening,10,6.75,33,0,1,56
1/15/2023,Winter,1/14/2023 20:00,20,1,Evening,10,6.75,30,0,1,53
1/15/2023,Winter,1/14/2023 21:00,21,1,Evening,10,6.75,27,0,1,56
1/15/2023,Winter,1/15/2023 10:00,10,1,Morning,10,6.75,27,1,1,31
1/15/2023,Winter,1/15/2023 11:00,11,1,Morning,10,6.75,30,1,1,35
1/15/2023,Winter,1/15/2023 12:00,12,1,Afternoon,10,6.75,33,0,1,51
1/15/2023,Winter,1/15/2023 13:00,13,1,Afternoon,10,6.75,36,0,1,62
1/15/2023,Winter,1/15/2023 14:00,14,1,Afternoon,10,6.75,37,0,1,52
1/15/2023,Winter,1/15/2023 15:00,15,1,Afternoon,10,6.75,38,0,1,53
1/15/2023,Winter,1/15/2023 16:00,16,1,Afternoon,10,6.75,38,0,1,58
1/15/2023,Winter,1/15/2023 17:00,17,1,Evening,10,6.75,37,0,1,55
1/15/2023,Winter,1/15/2023 18:00,18,1,Evening,10,6.75,36,0,1,58
1/16/2023,Winter,1/15/2023 19:00,19,2,Evening,50,3.75,42,0,0,80
1/16/2023,Winter,1/15/2023 20:00,20,2,Evening,50,3.75,40,0,0,62
1/16/2023,Winter,1/15/2023 21:00,21,2,Evening,50,3.75,39,0,0,66
1/16/2023,Winter,1/16/2023 10:00,10,2,Morning,50,3.75,39,1,0,53
1/16/2023,Winter,1/16/2023 11:00,11,2,Morning,50,3.75,40,1,0,64
1/16/2023,Winter,1/16/2023 12:00,12,2,Afternoon,50,3.75,42,0,0,64
1/16/2023,Winter,1/16/2023 13:00,13,2,Afternoon,50,3.75,43,0,0,68
1/16/2023,Winter,1/16/2023 14:00,14,2,Afternoon,50,3.75,44,0,0,72
1/16/2023,Winter,1/16/2023 15:00,15,2,Afternoon,50,3.75,44,0,0,63
1/16/2023,Winter,1/16/2023 16:00,16,2,Afternoon,50,3.75,44,0,0,77
1/16/2023,Winter,1/16/2023 17:00,17,2,Evening,50,3.75,44,0,0,72
1/16/2023,Winter,1/16/2023 18:00,18,2,Evening,50,3.75,43,0,0,63
1/17/2023,Winter,1/16/2023 19:00,19,3,Evening,50,3.75,38,0,0,70
1/17/2023,Winter,1/16/2023 20:00,20,3,Evening,50,3.75,35,0,0,66
1/17/2023,Winter,1/16/2023 21:00,21,3,Evening,50,3.75,32,0,0,68
1/17/2023,Winter,1/17/2023 10:00,10,3,Morning,50,3.75,32,1,0,55
1/17/2023,Winter,1/17/2023 11:00,11,3,Morning,50,3.75,35,1,0,61
1/17/2023,Winter,1/17/2023 12:00,12,3,Afternoon,50,3.75,38,0,0,61
1/17/2023,Winter,1/17/2023 13:00,13,3,Afternoon,50,3.75,40,0,0,65
1/17/2023,Winter,1/17/2023 14:00,14,3,Afternoon,50,3.75,42,0,0,67
1/17/2023,Winter,1/17/2023 15:00,15,3,Afternoon,50,3.75,43,0,0,63
1/17/2023,Winter,1/17/2023 16:00,16,3,Afternoon,50,3.75,43,0,0,63
1/17/2023,Winter,1/17/2023 17:00,17,3,Evening,50,3.75,42,0,0,68
1/17/2023,Winter,1/17/2023 18:00,18,3,Evening,50,3.75,40,0,0,67
1/18/2023,Winter,1/17/2023 19:00,19,4,Evening,20,6,27,0,0,32
1/18/2023,Winter,1/17/2023 20:00,20,4,Evening,20,6,24,0,0,49
1/18/2023,Winter,1/17/2023 21:00,21,4,Evening,20,6,20,0,0,44
1/18/2023,Winter,1/18/2023 10:00,10,4,Morning,20,6,20,1,0,42
1/18/2023,Winter,1/18/2023 11:00,11,4,Morning,20,6,24,1,0,34
1/18/2023,Winter,1/18/2023 12:00,12,4,Afternoon,20,6,27,0,0,42
1/18/2023,Winter,1/18/2023 13:00,13,4,Afternoon,20,6,29,0,0,59
1/18/2023,Winter,1/18/2023 14:00,14,4,Afternoon,20,6,31,0,0,59
1/18/2023,Winter,1/18/2023 15:00,15,4,Afternoon,20,6,32,0,0,39
1/18/2023,Winter,1/18/2023 16:00,16,4,Afternoon,20,6,32,0,0,47
1/18/2023,Winter,1/18/2023 17:00,17,4,Evening,20,6,31,0,0,44
1/18/2023,Winter,1/18/2023 18:00,18,4,Evening,20,6,29,0,0,46
1/19/2023,Winter,1/18/2023 19:00,19,5,Evening,30,5.25,37,0,0,54
1/19/2023,Winter,1/18/2023 20:00,20,5,Evening,30,5.25,36,0,0,47
1/19/2023,Winter,1/18/2023 21:00,21,5,Evening,30,5.25,34,0,0,54
1/19/2023,Winter,1/19/2023 10:00,10,5,Morning,30,5.25,34,1,0,49
1/19/2023,Winter,1/19/2023 11:00,11,5,Morning,30,5.25,36,1,0,40
1/19/2023,Winter,1/19/2023 12:00,12,5,Afternoon,30,5.25,37,0,0,52
1/19/2023,Winter,1/19/2023 13:00,13,5,Afternoon,30,5.25,39,0,0,60
1/19/2023,Winter,1/19/2023 14:00,14,5,Afternoon,30,5.25,40,0,0,58
1/19/2023,Winter,1/19/2023 15:00,15,5,Afternoon,30,5.25,41,0,0,46
1/19/2023,Winter,1/19/2023 16:00,16,5,Afternoon,30,5.25,41,0,0,55
1/19/2023,Winter,1/19/2023 17:00,17,5,Evening,30,5.25,40,0,0,62
1/19/2023,Winter,1/19/2023 18:00,18,5,Evening,30,5.25,39,0,0,61
1/20/2023,Winter,1/19/2023 19:00,19,6,Evening,20,6,31,0,0,47
1/20/2023,Winter,1/19/2023 20:00,20,6,Evening,20,6,30,0,0,48
1/20/2023,Winter,1/19/2023 21:00,21,6,Evening,20,6,28,0,0,38
1/20/2023,Winter,1/20/2023 10:00,10,6,Morning,20,6,28,1,0,33
1/20/2023,Winter,1/20/2023 11:00,11,6,Morning,20,6,30,1,0,27
1/20/2023,Winter,1/20/2023 12:00,12,6,Afternoon,20,6,31,0,0,43
1/20/2023,Winter,1/20/2023 13:00,13,6,Afternoon,20,6,33,0,0,50
1/20/2023,Winter,1/20/2023 14:00,14,6,Afternoon,20,6,34,0,0,40
1/20/2023,Winter,1/20/2023 15:00,15,6,Afternoon,20,6,34,0,0,47
1/20/2023,Winter,1/20/2023 16:00,16,6,Afternoon,20,6,34,0,0,48
1/20/2023,Winter,1/20/2023 17:00,17,6,Evening,20,6,34,0,0,46
1/20/2023,Winter,1/20/2023 18:00,18,6,Evening,20,6,33,0,0,54
1/21/2023,Winter,1/20/2023 19:00,19,7,Evening,50,3.75,28,0,1,78
1/21/2023,Winter,1/20/2023 20:00,20,7,Evening,50,3.75,26,0,1,86
1/21/2023,Winter,1/20/2023 21:00,21,7,Evening,50,3.75,25,0,1,82
1/21/2023,Winter,1/21/2023 10:00,10,7,Morning,50,3.75,25,1,1,70
1/21/2023,Winter,1/21/2023 11:00,11,7,Morning,50,3.75,26,1,1,73
1/21/2023,Winter,1/21/2023 12:00,12,7,Afternoon,50,3.75,28,0,1,78
1/21/2023,Winter,1/21/2023 13:00,13,7,Afternoon,50,3.75,29,0,1,77
1/21/2023,Winter,1/21/2023 14:00,14,7,Afternoon,50,3.75,30,0,1,81
1/21/2023,Winter,1/21/2023 15:00,15,7,Afternoon,50,3.75,31,0,1,92
1/21/2023,Winter,1/21/2023 16:00,16,7,Afternoon,50,3.75,31,0,1,84
1/21/2023,Winter,1/21/2023 17:00,17,7,Evening,50,3.75,30,0,1,85
1/21/2023,Winter,1/21/2023 18:00,18,7,Evening,50,3.75,29,0,1,82
1/22/2023,Winter,1/21/2023 19:00,19,1,Evening,30,5.25,32,0,1,72
1/22/2023,Winter,1/21/2023 20:00,20,1,Evening,30,5.25,30,0,1,65
1/22/2023,Winter,1/21/2023 21:00,21,1,Evening,30,5.25,29,0,1,75
1/22/2023,Winter,1/22/2023 10:00,10,1,Morning,30,5.25,29,1,1,60
1/22/2023,Winter,1/22/2023 11:00,11,1,Morning,30,5.25,30,1,1,53
1/22/2023,Winter,1/22/2023 12:00,12,1,Afternoon,30,5.25,32,0,1,70
1/22/2023,Winter,1/22/2023 13:00,13,1,Afternoon,30,5.25,33,0,1,74
1/22/2023,Winter,1/22/2023 14:00,14,1,Afternoon,30,5.25,34,0,1,73
1/22/2023,Winter,1/22/2023 15:00,15,1,Afternoon,30,5.25,34,0,1,78
1/22/2023,Winter,1/22/2023 16:00,16,1,Afternoon,30,5.25,34,0,1,67
1/22/2023,Winter,1/22/2023 17:00,17,1,Evening,30,5.25,34,0,1,76
1/22/2023,Winter,1/22/2023 18:00,18,1,Evening,30,5.25,33,0,1,75
1/23/2023,Winter,1/22/2023 19:00,19,2,Evening,40,4.5,30,0,0,59
1/23/2023,Winter,1/22/2023 20:00,20,2,Evening,40,4.5,27,0,0,54
1/23/2023,Winter,1/22/2023 21:00,21,2,Evening,40,4.5,25,0,0,53
1/23/2023,Winter,1/23/2023 10:00,10,2,Morning,40,4.5,25,1,0,49
1/23/2023,Winter,1/23/2023 11:00,11,2,Morning,40,4.5,27,1,0,46
1/23/2023,Winter,1/23/2023 12:00,12,2,Afternoon,40,4.5,30,0,0,68
1/23/2023,Winter,1/23/2023 13:00,13,2,Afternoon,40,4.5,32,0,0,62
1/23/2023,Winter,1/23/2023 14:00,14,2,Afternoon,40,4.5,33,0,0,58
1/23/2023,Winter,1/23/2023 15:00,15,2,Afternoon,40,4.5,34,0,0,55
1/23/2023,Winter,1/23/2023 16:00,16,2,Afternoon,40,4.5,34,0,0,57
1/23/2023,Winter,1/23/2023 17:00,17,2,Evening,40,4.5,33,0,0,61
1/23/2023,Winter,1/23/2023 18:00,18,2,Evening,40,4.5,32,0,0,57
1/24/2023,Winter,1/23/2023 19:00,19,3,Evening,0,7.5,31,0,0,33
1/24/2023,Winter,1/23/2023 20:00,20,3,Evening,0,7.5,29,0,0,28
1/24/2023,Winter,1/23/2023 21:00,21,3,Evening,0,7.5,26,0,0,29
1/24/2023,Winter,1/24/2023 10:00,10,3,Morning,0,7.5,26,1,0,12
1/24/2023,Winter,1/24/2023 11:00,11,3,Morning,0,7.5,29,1,0,26
1/24/2023,Winter,1/24/2023 12:00,12,3,Afternoon,0,7.5,31,0,0,32
1/24/2023,Winter,1/24/2023 13:00,13,3,Afternoon,0,7.5,33,0,0,32
1/24/2023,Winter,1/24/2023 14:00,14,3,Afternoon,0,7.5,34,0,0,22
1/24/2023,Winter,1/24/2023 15:00,15,3,Afternoon,0,7.5,35,0,0,34
1/24/2023,Winter,1/24/2023 16:00,16,3,Afternoon,0,7.5,35,0,0,26
1/24/2023,Winter,1/24/2023 17:00,17,3,Evening,0,7.5,34,0,0,26
1/24/2023,Winter,1/24/2023 18:00,18,3,Evening,0,7.5,33,0,0,35
1/25/2023,Winter,1/24/2023 19:00,19,4,Evening,40,4.5,32,0,0,57
1/25/2023,Winter,1/24/2023 20:00,20,4,Evening,40,4.5,29,0,0,50
1/25/2023,Winter,1/24/2023 21:00,21,4,Evening,40,4.5,27,0,0,68
1/25/2023,Winter,1/25/2023 10:00,10,4,Morning,40,4.5,27,1,0,35
1/25/2023,Winter,1/25/2023 11:00,11,4,Morning,40,4.5,29,1,0,50
1/25/2023,Winter,1/25/2023 12:00,12,4,Afternoon,40,4.5,32,0,0,65
1/25/2023,Winter,1/25/2023 13:00,13,4,Afternoon,40,4.5,33,0,0,57
1/25/2023,Winter,1/25/2023 14:00,14,4,Afternoon,40,4.5,35,0,0,62
1/25/2023,Winter,1/25/2023 15:00,15,4,Afternoon,40,4.5,35,0,0,62
1/25/2023,Winter,1/25/2023 16:00,16,4,Afternoon,40,4.5,35,0,0,65
1/25/2023,Winter,1/25/2023 17:00,17,4,Evening,40,4.5,35,0,0,62
1/25/2023,Winter,1/25/2023 18:00,18,4,Evening,40,4.5,33,0,0,59
1/26/2023,Winter,1/25/2023 19:00,19,5,Evening,30,5.25,28,0,0,56
1/26/2023,Winter,1/25/2023 20:00,20,5,Evening,30,5.25,25,0,0,55
1/26/2023,Winter,1/25/2023 21:00,21,5,Evening,30,5.25,22,0,0,46
1/26/2023,Winter,1/26/2023 10:00,10,5,Morning,30,5.25,22,1,0,31
1/26/2023,Winter,1/26/2023 11:00,11,5,Morning,30,5.25,25,1,0,39
1/26/2023,Winter,1/26/2023 12:00,12,5,Afternoon,30,5.25,28,0,0,50
1/26/2023,Winter,1/26/2023 13:00,13,5,Afternoon,30,5.25,30,0,0,47
1/26/2023,Winter,1/26/2023 14:00,14,5,Afternoon,30,5.25,32,0,0,53
1/26/2023,Winter,1/26/2023 15:00,15,5,Afternoon,30,5.25,33,0,0,46
1/26/2023,Winter,1/26/2023 16:00,16,5,Afternoon,30,5.25,33,0,0,53
1/26/2023,Winter,1/26/2023 17:00,17,5,Evening,30,5.25,32,0,0,49
1/26/2023,Winter,1/26/2023 18:00,18,5,Evening,30,5.25,30,0,0,57
1/27/2023,Winter,1/26/2023 19:00,19,6,Evening,40,4.5,37,0,0,72
1/27/2023,Winter,1/26/2023 20:00,20,6,Evening,40,4.5,36,0,0,56
1/27/2023,Winter,1/26/2023 21:00,21,6,Evening,40,4.5,34,0,0,65
1/27/2023,Winter,1/27/2023 10:00,10,6,Morning,40,4.5,34,1,0,52
1/27/2023,Winter,1/27/2023 11:00,11,6,Morning,40,4.5,36,1,0,48
1/27/2023,Winter,1/27/2023 12:00,12,6,Afternoon,40,4.5,37,0,0,58
1/27/2023,Winter,1/27/2023 13:00,13,6,Afternoon,40,4.5,38,0,0,68
1/27/2023,Winter,1/27/2023 14:00,14,6,Afternoon,40,4.5,39,0,0,51
1/27/2023,Winter,1/27/2023 15:00,15,6,Afternoon,40,4.5,39,0,0,57
1/27/2023,Winter,1/27/2023 16:00,16,6,Afternoon,40,4.5,39,0,0,53
1/27/2023,Winter,1/27/2023 17:00,17,6,Evening,40,4.5,39,0,0,68
1/27/2023,Winter,1/27/2023 18:00,18,6,Evening,40,4.5,38,0,0,60
1/28/2023,Winter,1/27/2023 19:00,19,7,Evening,0,7.5,34,0,1,47
1/28/2023,Winter,1/27/2023 20:00,20,7,Evening,0,7.5,33,0,1,65
1/28/2023,Winter,1/27/2023 21:00,21,7,Evening,0,7.5,31,0,1,49
1/28/2023,Winter,1/28/2023 10:00,10,7,Morning,0,7.5,31,1,1,33
1/28/2023,Winter,1/28/2023 11:00,11,7,Morning,0,7.5,33,1,1,37
1/28/2023,Winter,1/28/2023 12:00,12,7,Afternoon,0,7.5,34,0,1,42
1/28/2023,Winter,1/28/2023 13:00,13,7,Afternoon,0,7.5,36,0,1,53
1/28/2023,Winter,1/28/2023 14:00,14,7,Afternoon,0,7.5,37,0,1,50
1/28/2023,Winter,1/28/2023 15:00,15,7,Afternoon,0,7.5,37,0,1,53
1/28/2023,Winter,1/28/2023 16:00,16,7,Afternoon,0,7.5,37,0,1,45
1/28/2023,Winter,1/28/2023 17:00,17,7,Evening,0,7.5,37,0,1,45
1/28/2023,Winter,1/28/2023 18:00,18,7,Evening,0,7.5,36,0,1,47
1/29/2023,Winter,1/28/2023 19:00,19,1,Evening,0,7.5,29,0,1,45
1/29/2023,Winter,1/28/2023 20:00,20,1,Evening,0,7.5,27,0,1,55
1/29/2023,Winter,1/28/2023 21:00,21,1,Evening,0,7.5,24,0,1,56
1/29/2023,Winter,1/29/2023 10:00,10,1,Morning,0,7.5,24,1,1,33
1/29/2023,Winter,1/29/2023 11:00,11,1,Morning,0,7.5,27,1,1,33
1/29/2023,Winter,1/29/2023 12:00,12,1,Afternoon,0,7.5,29,0,1,47
1/29/2023,Winter,1/29/2023 13:00,13,1,Afternoon,0,7.5,31,0,1,50
1/29/2023,Winter,1/29/2023 14:00,14,1,Afternoon,0,7.5,32,0,1,50
1/29/2023,Winter,1/29/2023 15:00,15,1,Afternoon,0,7.5,33,0,1,51
1/29/2023,Winter,1/29/2023 16:00,16,1,Afternoon,0,7.5,33,0,1,46
1/29/2023,Winter,1/29/2023 17:00,17,1,Evening,0,7.5,32,0,1,45
1/29/2023,Winter,1/29/2023 18:00,18,1,Evening,0,7.5,31,0,1,55
1/30/2023,Winter,1/29/2023 19:00,19,2,Evening,50,3.75,40,0,0,65
1/30/2023,Winter,1/29/2023 20:00,20,2,Evening,50,3.75,38,0,0,69
1/30/2023,Winter,1/29/2023 21:00,21,2,Evening,50,3.75,36,0,0,67
1/30/2023,Winter,1/30/2023 10:00,10,2,Morning,50,3.75,36,1,0,51
1/30/2023,Winter,1/30/2023 11:00,11,2,Morning,50,3.75,38,1,0,59
1/30/2023,Winter,1/30/2023 12:00,12,2,Afternoon,50,3.75,40,0,0,69
1/30/2023,Winter,1/30/2023 13:00,13,2,Afternoon,50,3.75,41,0,0,75
1/30/2023,Winter,1/30/2023 14:00,14,2,Afternoon,50,3.75,42,0,0,69
1/30/2023,Winter,1/30/2023 15:00,15,2,Afternoon,50,3.75,43,0,0,67
1/30/2023,Winter,1/30/2023 16:00,16,2,Afternoon,50,3.75,43,0,0,70
1/30/2023,Winter,1/30/2023 17:00,17,2,Evening,50,3.75,42,0,0,62
1/30/2023,Winter,1/30/2023 18:00,18,2,Evening,50,3.75,41,0,0,64
1/31/2023,Winter,1/30/2023 19:00,19,3,Evening,0,7.5,37,0,0,34
1/31/2023,Winter,1/30/2023 20:00,20,3,Evening,0,7.5,35,0,0,29
1/31/2023,Winter,1/30/2023 21:00,21,3,Evening,0,7.5,32,0,0,30
1/31/2023,Winter,1/31/2023 10:00,10,3,Morning,0,7.5,32,1,0,16
1/31/2023,Winter,1/31/2023 11:00,11,3,Morning,0,7.5,35,1,0,14
1/31/2023,Winter,1/31/2023 12:00,12,3,Afternoon,0,7.5,37,0,0,21
1/31/2023,Winter,1/31/2023 13:00,13,3,Afternoon,0,7.5,39,0,0,34
1/31/2023,Winter,1/31/2023 14:00,14,3,Afternoon,0,7.5,41,0,0,36
1/31/2023,Winter,1/31/2023 15:00,15,3,Afternoon,0,7.5,41,0,0,26
1/31/2023,Winter,1/31/2023 16:00,16,3,Afternoon,0,7.5,41,0,0,40
1/31/2023,Winter,1/31/2023 17:00,17,3,Evening,0,7.5,41,0,0,34
1/31/2023,Winter,1/31/2023 18:00,18,3,Evening,0,7.5,39,0,0,39
2/1/2023,Winter,1/31/2023 19:00,19,4,Evening,10,6.75,33,0,0,33
2/1/2023,Winter,1/31/2023 20:00,20,4,Evening,10,6.75,31,0,0,39
2/1/2023,Winter,1/31/2023 21:00,21,4,Evening,10,6.75,29,0,0,37
2/1/2023,Winter,2/1/2023 10:00,10,4,Morning,10,6.75,29,1,0,28
2/1/2023,Winter,2/1/2023 11:00,11,4,Morning,10,6.75,31,1,0,21
2/1/2023,Winter,2/1/2023 12:00,12,4,Afternoon,10,6.75,33,0,0,38
2/1/2023,Winter,2/1/2023 13:00,13,4,Afternoon,10,6.75,35,0,0,29
2/1/2023,Winter,2/1/2023 14:00,14,4,Afternoon,10,6.75,36,0,0,35
2/1/2023,Winter,2/1/2023 15:00,15,4,Afternoon,10,6.75,37,0,0,39
2/1/2023,Winter,2/1/2023 16:00,16,4,Afternoon,10,6.75,37,0,0,35
2/1/2023,Winter,2/1/2023 17:00,17,4,Evening,10,6.75,36,0,0,38
2/1/2023,Winter,2/1/2023 18:00,18,4,Evening,10,6.75,35,0,0,36
2/2/2023,Winter,2/1/2023 19:00,19,5,Evening,10,6.75,39,0,0,42
2/2/2023,Winter,2/1/2023 20:00,20,5,Evening,10,6.75,37,0,0,45
2/2/2023,Winter,2/1/2023 21:00,21,5,Evening,10,6.75,34,0,0,34
2/2/2023,Winter,2/2/2023 10:00,10,5,Morning,10,6.75,34,1,0,23
2/2/2023,Winter,2/2/2023 11:00,11,5,Morning,10,6.75,37,1,0,33
2/2/2023,Winter,2/2/2023 12:00,12,5,Afternoon,10,6.75,39,0,0,28
2/2/2023,Winter,2/2/2023 13:00,13,5,Afternoon,10,6.75,41,0,0,38
2/2/2023,Winter,2/2/2023 14:00,14,5,Afternoon,10,6.75,43,0,0,50
2/2/2023,Winter,2/2/2023 15:00,15,5,Afternoon,10,6.75,44,0,0,51
2/2/2023,Winter,2/2/2023 16:00,16,5,Afternoon,10,6.75,44,0,0,41
2/2/2023,Winter,2/2/2023 17:00,17,5,Evening,10,6.75,43,0,0,35
2/2/2023,Winter,2/2/2023 18:00,18,5,Evening,10,6.75,41,0,0,40
2/3/2023,Winter,2/2/2023 19:00,19,6,Evening,30,5.25,38,0,0,50
2/3/2023,Winter,2/2/2023 20:00,20,6,Evening,30,5.25,36,0,0,60
2/3/2023,Winter,2/2/2023 21:00,21,6,Evening,30,5.25,34,0,0,49
2/3/2023,Winter,2/3/2023 10:00,10,6,Morning,30,5.25,34,1,0,42
2/3/2023,Winter,2/3/2023 11:00,11,6,Morning,30,5.25,36,1,0,43
2/3/2023,Winter,2/3/2023 12:00,12,6,Afternoon,30,5.25,38,0,0,50
2/3/2023,Winter,2/3/2023 13:00,13,6,Afternoon,30,5.25,39,0,0,58
2/3/2023,Winter,2/3/2023 14:00,14,6,Afternoon,30,5.25,40,0,0,50
2/3/2023,Winter,2/3/2023 15:00,15,6,Afternoon,30,5.25,40,0,0,57
2/3/2023,Winter,2/3/2023 16:00,16,6,Afternoon,30,5.25,40,0,0,59
2/3/2023,Winter,2/3/2023 17:00,17,6,Evening,30,5.25,40,0,0,49
2/3/2023,Winter,2/3/2023 18:00,18,6,Evening,30,5.25,39,0,0,59
2/4/2023,Winter,2/3/2023 19:00,19,7,Evening,0,7.5,37,0,1,48
2/4/2023,Winter,2/3/2023 20:00,20,7,Evening,0,7.5,36,0,1,52
2/4/2023,Winter,2/3/2023 21:00,21,7,Evening,0,7.5,34,0,1,51
2/4/2023,Winter,2/4/2023 10:00,10,7,Morning,0,7.5,34,1,1,34
2/4/2023,Winter,2/4/2023 11:00,11,7,Morning,0,7.5,36,1,1,38
2/4/2023,Winter,2/4/2023 12:00,12,7,Afternoon,0,7.5,37,0,1,44
2/4/2023,Winter,2/4/2023 13:00,13,7,Afternoon,0,7.5,39,0,1,50
2/4/2023,Winter,2/4/2023 14:00,14,7,Afternoon,0,7.5,40,0,1,55
2/4/2023,Winter,2/4/2023 15:00,15,7,Afternoon,0,7.5,40,0,1,40
2/4/2023,Winter,2/4/2023 16:00,16,7,Afternoon,0,7.5,40,0,1,43
2/4/2023,Winter,2/4/2023 17:00,17,7,Evening,0,7.5,40,0,1,45
2/4/2023,Winter,2/4/2023 18:00,18,7,Evening,0,7.5,39,0,1,43
2/5/2023,Winter,2/4/2023 19:00,19,1,Evening,50,3.75,38,0,1,87
2/5/2023,Winter,2/4/2023 20:00,20,1,Evening,50,3.75,36,0,1,79
2/5/2023,Winter,2/4/2023 21:00,21,1,Evening,50,3.75,33,0,1,73
2/5/2023,Winter,2/5/2023 10:00,10,1,Morning,50,3.75,33,1,1,69
2/5/2023,Winter,2/5/2023 11:00,11,1,Morning,50,3.75,36,1,1,70
2/5/2023,Winter,2/5/2023 12:00,12,1,Afternoon,50,3.75,38,0,1,89
2/5/2023,Winter,2/5/2023 13:00,13,1,Afternoon,50,3.75,40,0,1,79
2/5/2023,Winter,2/5/2023 14:00,14,1,Afternoon,50,3.75,41,0,1,91
2/5/2023,Winter,2/5/2023 15:00,15,1,Afternoon,50,3.75,41,0,1,87
2/5/2023,Winter,2/5/2023 16:00,16,1,Afternoon,50,3.75,41,0,1,87
2/5/2023,Winter,2/5/2023 17:00,17,1,Evening,50,3.75,41,0,1,81
2/5/2023,Winter,2/5/2023 18:00,18,1,Evening,50,3.75,40,0,1,95
2/6/2023,Winter,2/5/2023 19:00,19,2,Evening,10,6.75,38,0,0,38
2/6/2023,Winter,2/5/2023 20:00,20,2,Evening,10,6.75,36,0,0,29
2/6/2023,Winter,2/5/2023 21:00,21,2,Evening,10,6.75,33,0,0,37
2/6/2023,Winter,2/6/2023 10:00,10,2,Morning,10,6.75,33,1,0,15
2/6/2023,Winter,2/6/2023 11:00,11,2,Morning,10,6.75,36,1,0,24
2/6/2023,Winter,2/6/2023 12:00,12,2,Afternoon,10,6.75,38,0,0,37
2/6/2023,Winter,2/6/2023 13:00,13,2,Afternoon,10,6.75,40,0,0,43
2/6/2023,Winter,2/6/2023 14:00,14,2,Afternoon,10,6.75,42,0,0,45
2/6/2023,Winter,2/6/2023 15:00,15,2,Afternoon,10,6.75,43,0,0,36
2/6/2023,Winter,2/6/2023 16:00,16,2,Afternoon,10,6.75,43,0,0,44
2/6/2023,Winter,2/6/2023 17:00,17,2,Evening,10,6.75,42,0,0,47
2/6/2023,Winter,2/6/2023 18:00,18,2,Evening,10,6.75,40,0,0,35
2/7/2023,Winter,2/6/2023 19:00,19,3,Evening,0,7.5,35,0,0,28
2/7/2023,Winter,2/6/2023 20:00,20,3,Evening,0,7.5,32,0,0,34
2/7/2023,Winter,2/6/2023 21:00,21,3,Evening,0,7.5,30,0,0,31
2/7/2023,Winter,2/7/2023 10:00,10,3,Morning,0,7.5,30,1,0,19
2/7/2023,Winter,2/7/2023 11:00,11,3,Morning,0,7.5,32,1,0,24
2/7/2023,Winter,2/7/2023 12:00,12,3,Afternoon,0,7.5,35,0,0,33
2/7/2023,Winter,2/7/2023 13:00,13,3,Afternoon,0,7.5,37,0,0,37
2/7/2023,Winter,2/7/2023 14:00,14,3,Afternoon,0,7.5,39,0,0,35
2/7/2023,Winter,2/7/2023 15:00,15,3,Afternoon,0,7.5,39,0,0,34
2/7/2023,Winter,2/7/2023 16:00,16,3,Afternoon,0,7.5,39,0,0,34
2/7/2023,Winter,2/7/2023 17:00,17,3,Evening,0,7.5,39,0,0,38
2/7/2023,Winter,2/7/2023 18:00,18,3,Evening,0,7.5,37,0,0,26
2/8/2023,Winter,2/7/2023 19:00,19,4,Evening,20,6,35,0,0,40
2/8/2023,Winter,2/7/2023 20:00,20,4,Evening,20,6,32,0,0,48
2/8/2023,Winter,2/7/2023 21:00,21,4,Evening,20,6,28,0,0,44
2/8/2023,Winter,2/8/2023 10:00,10,4,Morning,20,6,28,1,0,32
2/8/2023,Winter,2/8/2023 11:00,11,4,Morning,20,6,32,1,0,36
2/8/2023,Winter,2/8/2023 12:00,12,4,Afternoon,20,6,35,0,0,49
2/8/2023,Winter,2/8/2023 13:00,13,4,Afternoon,20,6,37,0,0,45
2/8/2023,Winter,2/8/2023 14:00,14,4,Afternoon,20,6,39,0,0,45
2/8/2023,Winter,2/8/2023 15:00,15,4,Afternoon,20,6,40,0,0,47
2/8/2023,Winter,2/8/2023 16:00,16,4,Afternoon,20,6,40,0,0,52
2/8/2023,Winter,2/8/2023 17:00,17,4,Evening,20,6,39,0,0,48
2/8/2023,Winter,2/8/2023 18:00,18,4,Evening,20,6,37,0,0,53
2/9/2023,Winter,2/8/2023 19:00,19,5,Evening,20,6,34,0,0,45
2/9/2023,Winter,2/8/2023 20:00,20,5,Evening,20,6,31,0,0,51
2/9/2023,Winter,2/8/2023 21:00,21,5,Evening,20,6,28,0,0,49
2/9/2023,Winter,2/9/2023 10:00,10,5,Morning,20,6,28,1,0,35
2/9/2023,Winter,2/9/2023 11:00,11,5,Morning,20,6,31,1,0,34
2/9/2023,Winter,2/9/2023 12:00,12,5,Afternoon,20,6,34,0,0,44
2/9/2023,Winter,2/9/2023 13:00,13,5,Afternoon,20,6,36,0,0,45
2/9/2023,Winter,2/9/2023 14:00,14,5,Afternoon,20,6,38,0,0,47
2/9/2023,Winter,2/9/2023 15:00,15,5,Afternoon,20,6,39,0,0,46
2/9/2023,Winter,2/9/2023 16:00,16,5,Afternoon,20,6,39,0,0,51
2/9/2023,Winter,2/9/2023 17:00,17,5,Evening,20,6,38,0,0,46
2/9/2023,Winter,2/9/2023 18:00,18,5,Evening,20,6,36,0,0,45
2/10/2023,Winter,2/9/2023 19:00,19,6,Evening,50,3.75,32,0,0,64
2/10/2023,Winter,2/9/2023 20:00,20,6,Evening,50,3.75,29,0,0,66
2/10/2023,Winter,2/9/2023 21:00,21,6,Evening,50,3.75,27,0,0,66
2/10/2023,Winter,2/10/2023 10:00,10,6,Morning,50,3.75,27,1,0,43
2/10/2023,Winter,2/10/2023 11:00,11,6,Morning,50,3.75,29,1,0,48
2/10/2023,Winter,2/10/2023 12:00,12,6,Afternoon,50,3.75,32,0,0,67
2/10/2023,Winter,2/10/2023 13:00,13,6,Afternoon,50,3.75,34,0,0,66
2/10/2023,Winter,2/10/2023 14:00,14,6,Afternoon,50,3.75,36,0,0,61
2/10/2023,Winter,2/10/2023 15:00,15,6,Afternoon,50,3.75,36,0,0,57
2/10/2023,Winter,2/10/2023 16:00,16,6,Afternoon,50,3.75,36,0,0,66
2/10/2023,Winter,2/10/2023 17:00,17,6,Evening,50,3.75,36,0,0,71
2/10/2023,Winter,2/10/2023 18:00,18,6,Evening,50,3.75,34,0,0,76
2/11/2023,Winter,2/10/2023 19:00,19,7,Evening,0,7.5,35,0,1,50
2/11/2023,Winter,2/10/2023 20:00,20,7,Evening,0,7.5,32,0,1,57
2/11/2023,Winter,2/10/2023 21:00,21,7,Evening,0,7.5,29,0,1,49
2/11/2023,Winter,2/11/2023 10:00,10,7,Morning,0,7.5,29,1,1,36
2/11/2023,Winter,2/11/2023 11:00,11,7,Morning,0,7.5,32,1,1,37
2/11/2023,Winter,2/11/2023 12:00,12,7,Afternoon,0,7.5,35,0,1,46
2/11/2023,Winter,2/11/2023 13:00,13,7,Afternoon,0,7.5,37,0,1,50
2/11/2023,Winter,2/11/2023 14:00,14,7,Afternoon,0,7.5,39,0,1,55
2/11/2023,Winter,2/11/2023 15:00,15,7,Afternoon,0,7.5,40,0,1,47
2/11/2023,Winter,2/11/2023 16:00,16,7,Afternoon,0,7.5,40,0,1,49
2/11/2023,Winter,2/11/2023 17:00,17,7,Evening,0,7.5,39,0,1,45
2/11/2023,Winter,2/11/2023 18:00,18,7,Evening,0,7.5,37,0,1,52
2/12/2023,Winter,2/11/2023 19:00,19,1,Evening,30,5.25,27,0,1,71
2/12/2023,Winter,2/11/2023 20:00,20,1,Evening,30,5.25,25,0,1,72
2/12/2023,Winter,2/11/2023 21:00,21,1,Evening,30,5.25,24,0,1,63
2/12/2023,Winter,2/12/2023 10:00,10,1,Morning,30,5.25,24,1,1,57
2/12/2023,Winter,2/12/2023 11:00,11,1,Morning,30,5.25,25,1,1,52
2/12/2023,Winter,2/12/2023 12:00,12,1,Afternoon,30,5.25,27,0,1,69
2/12/2023,Winter,2/12/2023 13:00,13,1,Afternoon,30,5.25,28,0,1,76
2/12/2023,Winter,2/12/2023 14:00,14,1,Afternoon,30,5.25,29,0,1,67
2/12/2023,Winter,2/12/2023 15:00,15,1,Afternoon,30,5.25,30,0,1,73
2/12/2023,Winter,2/12/2023 16:00,16,1,Afternoon,30,5.25,30,0,1,66
2/12/2023,Winter,2/12/2023 17:00,17,1,Evening,30,5.25,29,0,1,67
2/12/2023,Winter,2/12/2023 18:00,18,1,Evening,30,5.25,28,0,1,72
2/13/2023,Winter,2/12/2023 19:00,19,2,Evening,20,6,45,0,0,44
2/13/2023,Winter,2/12/2023 20:00,20,2,Evening,20,6,43,0,0,38
2/13/2023,Winter,2/12/2023 21:00,21,2,Evening,20,6,41,0,0,53
2/13/2023,Winter,2/13/2023 10:00,10,2,Morning,20,6,41,1,0,35
2/13/2023,Winter,2/13/2023 11:00,11,2,Morning,20,6,43,1,0,31
2/13/2023,Winter,2/13/2023 12:00,12,2,Afternoon,20,6,45,0,0,37
2/13/2023,Winter,2/13/2023 13:00,13,2,Afternoon,20,6,46,0,0,57
2/13/2023,Winter,2/13/2023 14:00,14,2,Afternoon,20,6,47,0,0,64
2/13/2023,Winter,2/13/2023 15:00,15,2,Afternoon,20,6,48,0,0,49
2/13/2023,Winter,2/13/2023 16:00,16,2,Afternoon,20,6,48,0,0,52
2/13/2023,Winter,2/13/2023 17:00,17,2,Evening,20,6,47,0,0,54
2/13/2023,Winter,2/13/2023 18:00,18,2,Evening,20,6,46,0,0,44
2/14/2023,Winter,2/13/2023 19:00,19,3,Evening,50,3.75,40,0,0,66
2/14/2023,Winter,2/13/2023 20:00,20,3,Evening,50,3.75,38,0,0,59
2/14/2023,Winter,2/13/2023 21:00,21,3,Evening,50,3.75,36,0,0,64
2/14/2023,Winter,2/14/2023 10:00,10,3,Morning,50,3.75,36,1,0,59
2/14/2023,Winter,2/14/2023 11:00,11,3,Morning,50,3.75,38,1,0,54
2/14/2023,Winter,2/14/2023 12:00,12,3,Afternoon,50,3.75,40,0,0,67
2/14/2023,Winter,2/14/2023 13:00,13,3,Afternoon,50,3.75,42,0,0,68
2/14/2023,Winter,2/14/2023 14:00,14,3,Afternoon,50,3.75,43,0,0,59
2/14/2023,Winter,2/14/2023 15:00,15,3,Afternoon,50,3.75,43,0,0,73
2/14/2023,Winter,2/14/2023 16:00,16,3,Afternoon,50,3.75,43,0,0,61
2/14/2023,Winter,2/14/2023 17:00,17,3,Evening,50,3.75,43,0,0,67
2/14/2023,Winter,2/14/2023 18:00,18,3,Evening,50,3.75,42,0,0,66
2/15/2023,Winter,2/14/2023 19:00,19,4,Evening,40,4.5,29,0,0,58
2/15/2023,Winter,2/14/2023 20:00,20,4,Evening,40,4.5,27,0,0,66
2/15/2023,Winter,2/14/2023 21:00,21,4,Evening,40,4.5,24,0,0,56
2/15/2023,Winter,2/15/2023 10:00,10,4,Morning,40,4.5,24,1,0,42
2/15/2023,Winter,2/15/2023 11:00,11,4,Morning,40,4.5,27,1,0,39
2/15/2023,Winter,2/15/2023 12:00,12,4,Afternoon,40,4.5,29,0,0,55
2/15/2023,Winter,2/15/2023 13:00,13,4,Afternoon,40,4.5,30,0,0,54
2/15/2023,Winter,2/15/2023 14:00,14,4,Afternoon,40,4.5,32,0,0,62
2/15/2023,Winter,2/15/2023 15:00,15,4,Afternoon,40,4.5,32,0,0,55
2/15/2023,Winter,2/15/2023 16:00,16,4,Afternoon,40,4.5,32,0,0,61
2/15/2023,Winter,2/15/2023 17:00,17,4,Evening,40,4.5,32,0,0,59
2/15/2023,Winter,2/15/2023 18:00,18,4,Evening,40,4.5,30,0,0,52
2/16/2023,Winter,2/15/2023 19:00,19,5,Evening,10,6.75,33,0,0,34
2/16/2023,Winter,2/15/2023 20:00,20,5,Evening,10,6.75,31,0,0,42
2/16/2023,Winter,2/15/2023 21:00,21,5,Evening,10,6.75,28,0,0,42
2/16/2023,Winter,2/16/2023 10:00,10,5,Morning,10,6.75,28,1,0,34
2/16/2023,Winter,2/16/2023 11:00,11,5,Morning,10,6.75,31,1,0,24
2/16/2023,Winter,2/16/2023 12:00,12,5,Afternoon,10,6.75,33,0,0,31
2/16/2023,Winter,2/16/2023 13:00,13,5,Afternoon,10,6.75,35,0,0,35
2/16/2023,Winter,2/16/2023 14:00,14,5,Afternoon,10,6.75,37,0,0,41
2/16/2023,Winter,2/16/2023 15:00,15,5,Afternoon,10,6.75,38,0,0,48
2/16/2023,Winter,2/16/2023 16:00,16,5,Afternoon,10,6.75,38,0,0,39
2/16/2023,Winter,2/16/2023 17:00,17,5,Evening,10,6.75,37,0,0,44
2/16/2023,Winter,2/16/2023 18:00,18,5,Evening,10,6.75,35,0,0,42
2/17/2023,Winter,2/16/2023 19:00,19,6,Evening,50,3.75,34,0,0,61
2/17/2023,Winter,2/16/2023 20:00,20,6,Evening,50,3.75,31,0,0,66
2/17/2023,Winter,2/16/2023 21:00,21,6,Evening,50,3.75,28,0,0,73
2/17/2023,Winter,2/17/2023 10:00,10,6,Morning,50,3.75,28,1,0,59
2/17/2023,Winter,2/17/2023 11:00,11,6,Morning,50,3.75,31,1,0,57
2/17/2023,Winter,2/17/2023 12:00,12,6,Afternoon,50,3.75,34,0,0,70
2/17/2023,Winter,2/17/2023 13:00,13,6,Afternoon,50,3.75,36,0,0,65
2/17/2023,Winter,2/17/2023 14:00,14,6,Afternoon,50,3.75,38,0,0,61
2/17/2023,Winter,2/17/2023 15:00,15,6,Afternoon,50,3.75,39,0,0,74
2/17/2023,Winter,2/17/2023 16:00,16,6,Afternoon,50,3.75,39,0,0,61
2/17/2023,Winter,2/17/2023 17:00,17,6,Evening,50,3.75,38,0,0,63
2/17/2023,Winter,2/17/2023 18:00,18,6,Evening,50,3.75,36,0,0,71
2/18/2023,Winter,2/17/2023 19:00,19,7,Evening,30,5.25,38,0,1,65
2/18/2023,Winter,2/17/2023 20:00,20,7,Evening,30,5.25,36,0,1,68
2/18/2023,Winter,2/17/2023 21:00,21,7,Evening,30,5.25,34,0,1,64
2/18/2023,Winter,2/18/2023 10:00,10,7,Morning,30,5.25,34,1,1,61
2/18/2023,Winter,2/18/2023 11:00,11,7,Morning,30,5.25,36,1,1,60
2/18/2023,Winter,2/18/2023 12:00,12,7,Afternoon,30,5.25,38,0,1,73
2/18/2023,Winter,2/18/2023 13:00,13,7,Afternoon,30,5.25,39,0,1,73
2/18/2023,Winter,2/18/2023 14:00,14,7,Afternoon,30,5.25,40,0,1,74
2/18/2023,Winter,2/18/2023 15:00,15,7,Afternoon,30,5.25,41,0,1,75
2/18/2023,Winter,2/18/2023 16:00,16,7,Afternoon,30,5.25,41,0,1,62
2/18/2023,Winter,2/18/2023 17:00,17,7,Evening,30,5.25,40,0,1,70
2/18/2023,Winter,2/18/2023 18:00,18,7,Evening,30,5.25,39,0,1,72
2/19/2023,Winter,2/18/2023 19:00,19,1,Evening,10,6.75,36,0,1,61
2/19/2023,Winter,2/18/2023 20:00,20,1,Evening,10,6.75,33,0,1,50
2/19/2023,Winter,2/18/2023 21:00,21,1,Evening,10,6.75,30,0,1,53
2/19/2023,Winter,2/19/2023 10:00,10,1,Morning,10,6.75,30,1,1,37
2/19/2023,Winter,2/19/2023 11:00,11,1,Morning,10,6.75,33,1,1,48
2/19/2023,Winter,2/19/2023 12:00,12,1,Afternoon,10,6.75,36,0,1,63
2/19/2023,Winter,2/19/2023 13:00,13,1,Afternoon,10,6.75,38,0,1,61
2/19/2023,Winter,2/19/2023 14:00,14,1,Afternoon,10,6.75,40,0,1,51
2/19/2023,Winter,2/19/2023 15:00,15,1,Afternoon,10,6.75,41,0,1,60
2/19/2023,Winter,2/19/2023 16:00,16,1,Afternoon,10,6.75,41,0,1,63
2/19/2023,Winter,2/19/2023 17:00,17,1,Evening,10,6.75,40,0,1,58
2/19/2023,Winter,2/19/2023 18:00,18,1,Evening,10,6.75,38,0,1,54
2/20/2023,Winter,2/19/2023 19:00,19,2,Evening,50,3.75,34,0,0,62
2/20/2023,Winter,2/19/2023 20:00,20,2,Evening,50,3.75,33,0,0,64
2/20/2023,Winter,2/19/2023 21:00,21,2,Evening,50,3.75,31,0,0,70
2/20/2023,Winter,2/20/2023 10:00,10,2,Morning,50,3.75,31,1,0,53
2/20/2023,Winter,2/20/2023 11:00,11,2,Morning,50,3.75,33,1,0,56
2/20/2023,Winter,2/20/2023 12:00,12,2,Afternoon,50,3.75,34,0,0,74
2/20/2023,Winter,2/20/2023 13:00,13,2,Afternoon,50,3.75,35,0,0,70
2/20/2023,Winter,2/20/2023 14:00,14,2,Afternoon,50,3.75,36,0,0,74
2/20/2023,Winter,2/20/2023 15:00,15,2,Afternoon,50,3.75,36,0,0,59
2/20/2023,Winter,2/20/2023 16:00,16,2,Afternoon,50,3.75,36,0,0,66
2/20/2023,Winter,2/20/2023 17:00,17,2,Evening,50,3.75,36,0,0,68
2/20/2023,Winter,2/20/2023 18:00,18,2,Evening,50,3.75,35,0,0,70
2/21/2023,Winter,2/20/2023 19:00,19,3,Evening,10,6.75,35,0,0,33
2/21/2023,Winter,2/20/2023 20:00,20,3,Evening,10,6.75,33,0,0,42
2/21/2023,Winter,2/20/2023 21:00,21,3,Evening,10,6.75,30,0,0,39
2/21/2023,Winter,2/21/2023 10:00,10,3,Morning,10,6.75,30,1,0,25
2/21/2023,Winter,2/21/2023 11:00,11,3,Morning,10,6.75,33,1,0,27
2/21/2023,Winter,2/21/2023 12:00,12,3,Afternoon,10,6.75,35,0,0,38
2/21/2023,Winter,2/21/2023 13:00,13,3,Afternoon,10,6.75,37,0,0,43
2/21/2023,Winter,2/21/2023 14:00,14,3,Afternoon,10,6.75,39,0,0,42
2/21/2023,Winter,2/21/2023 15:00,15,3,Afternoon,10,6.75,40,0,0,38
2/21/2023,Winter,2/21/2023 16:00,16,3,Afternoon,10,6.75,40,0,0,44
2/21/2023,Winter,2/21/2023 17:00,17,3,Evening,10,6.75,39,0,0,40
2/21/2023,Winter,2/21/2023 18:00,18,3,Evening,10,6.75,37,0,0,42
2/22/2023,Winter,2/21/2023 19:00,19,4,Evening,0,7.5,36,0,0,28
2/22/2023,Winter,2/21/2023 20:00,20,4,Evening,0,7.5,33,0,0,39
2/22/2023,Winter,2/21/2023 21:00,21,4,Evening,0,7.5,30,0,0,30
2/22/2023,Winter,2/22/2023 10:00,10,4,Morning,0,7.5,30,1,0,21
2/22/2023,Winter,2/22/2023 11:00,11,4,Morning,0,7.5,33,1,0,17
2/22/2023,Winter,2/22/2023 12:00,12,4,Afternoon,0,7.5,36,0,0,30
2/22/2023,Winter,2/22/2023 13:00,13,4,Afternoon,0,7.5,38,0,0,36
2/22/2023,Winter,2/22/2023 14:00,14,4,Afternoon,0,7.5,40,0,0,24
2/22/2023,Winter,2/22/2023 15:00,15,4,Afternoon,0,7.5,41,0,0,35
2/22/2023,Winter,2/22/2023 16:00,16,4,Afternoon,0,7.5,41,0,0,34
2/22/2023,Winter,2/22/2023 17:00,17,4,Evening,0,7.5,40,0,0,19
2/22/2023,Winter,2/22/2023 18:00,18,4,Evening,0,7.5,38,0,0,33
2/23/2023,Winter,2/22/2023 19:00,19,5,Evening,0,7.5,41,0,0,21
2/23/2023,Winter,2/22/2023 20:00,20,5,Evening,0,7.5,39,0,0,35
2/23/2023,Winter,2/22/2023 21:00,21,5,Evening,0,7.5,37,0,0,29
2/23/2023,Winter,2/23/2023 10:00,10,5,Morning,0,7.5,37,1,0,14
2/23/2023,Winter,2/23/2023 11:00,11,5,Morning,0,7.5,39,1,0,18
2/23/2023,Winter,2/23/2023 12:00,12,5,Afternoon,0,7.5,41,0,0,39
2/23/2023,Winter,2/23/2023 13:00,13,5,Afternoon,0,7.5,43,0,0,29
2/23/2023,Winter,2/23/2023 14:00,14,5,Afternoon,0,7.5,45,0,0,36
2/23/2023,Winter,2/23/2023 15:00,15,5,Afternoon,0,7.5,45,0,0,35
2/23/2023,Winter,2/23/2023 16:00,16,5,Afternoon,0,7.5,45,0,0,27
2/23/2023,Winter,2/23/2023 17:00,17,5,Evening,0,7.5,45,0,0,24
2/23/2023,Winter,2/23/2023 18:00,18,5,Evening,0,7.5,43,0,0,23
2/24/2023,Winter,2/23/2023 19:00,19,6,Evening,20,6,32,0,0,48
2/24/2023,Winter,2/23/2023 20:00,20,6,Evening,20,6,31,0,0,45
2/24/2023,Winter,2/23/2023 21:00,21,6,Evening,20,6,29,0,0,54
2/24/2023,Winter,2/24/2023 10:00,10,6,Morning,20,6,29,1,0,35
2/24/2023,Winter,2/24/2023 11:00,11,6,Morning,20,6,31,1,0,36
2/24/2023,Winter,2/24/2023 12:00,12,6,Afternoon,20,6,32,0,0,52
2/24/2023,Winter,2/24/2023 13:00,13,6,Afternoon,20,6,34,0,0,43
2/24/2023,Winter,2/24/2023 14:00,14,6,Afternoon,20,6,35,0,0,48
2/24/2023,Winter,2/24/2023 15:00,15,6,Afternoon,20,6,35,0,0,50
2/24/2023,Winter,2/24/2023 16:00,16,6,Afternoon,20,6,35,0,0,52
2/24/2023,Winter,2/24/2023 17:00,17,6,Evening,20,6,35,0,0,49
2/24/2023,Winter,2/24/2023 18:00,18,6,Evening,20,6,34,0,0,48
2/25/2023,Winter,2/24/2023 19:00,19,7,Evening,40,4.5,40,0,1,74
2/25/2023,Winter,2/24/2023 20:00,20,7,Evening,40,4.5,39,0,1,82
2/25/2023,Winter,2/24/2023 21:00,21,7,Evening,40,4.5,38,0,1,80
2/25/2023,Winter,2/25/2023 10:00,10,7,Morning,40,4.5,38,1,1,69
2/25/2023,Winter,2/25/2023 11:00,11,7,Morning,40,4.5,39,1,1,68
2/25/2023,Winter,2/25/2023 12:00,12,7,Afternoon,40,4.5,40,0,1,77
2/25/2023,Winter,2/25/2023 13:00,13,7,Afternoon,40,4.5,41,0,1,78
2/25/2023,Winter,2/25/2023 14:00,14,7,Afternoon,40,4.5,42,0,1,82
2/25/2023,Winter,2/25/2023 15:00,15,7,Afternoon,40,4.5,43,0,1,79
2/25/2023,Winter,2/25/2023 16:00,16,7,Afternoon,40,4.5,43,0,1,74
2/25/2023,Winter,2/25/2023 17:00,17,7,Evening,40,4.5,42,0,1,77
2/25/2023,Winter,2/25/2023 18:00,18,7,Evening,40,4.5,41,0,1,72
2/26/2023,Winter,2/25/2023 19:00,19,1,Evening,40,4.5,26,0,1,71
2/26/2023,Winter,2/25/2023 20:00,20,1,Evening,40,4.5,24,0,1,75
2/26/2023,Winter,2/25/2023 21:00,21,1,Evening,40,4.5,22,0,1,66
2/26/2023,Winter,2/26/2023 10:00,10,1,Morning,40,4.5,22,1,1,55
2/26/2023,Winter,2/26/2023 11:00,11,1,Morning,40,4.5,24,1,1,69
2/26/2023,Winter,2/26/2023 12:00,12,1,Afternoon,40,4.5,26,0,1,73
2/26/2023,Winter,2/26/2023 13:00,13,1,Afternoon,40,4.5,28,0,1,67
2/26/2023,Winter,2/26/2023 14:00,14,1,Afternoon,40,4.5,29,0,1,76
2/26/2023,Winter,2/26/2023 15:00,15,1,Afternoon,40,4.5,29,0,1,83
2/26/2023,Winter,2/26/2023 16:00,16,1,Afternoon,40,4.5,29,0,1,80
2/26/2023,Winter,2/26/2023 17:00,17,1,Evening,40,4.5,29,0,1,79
2/26/2023,Winter,2/26/2023 18:00,18,1,Evening,40,4.5,28,0,1,82
2/27/2023,Winter,2/26/2023 19:00,19,2,Evening,0,7.5,39,0,0,28
2/27/2023,Winter,2/26/2023 20:00,20,2,Evening,0,7.5,36,0,0,35
2/27/2023,Winter,2/26/2023 21:00,21,2,Evening,0,7.5,33,0,0,28
2/27/2023,Winter,2/27/2023 10:00,10,2,Morning,0,7.5,33,1,0,17
2/27/2023,Winter,2/27/2023 11:00,11,2,Morning,0,7.5,36,1,0,29
2/27/2023,Winter,2/27/2023 12:00,12,2,Afternoon,0,7.5,39,0,0,37
2/27/2023,Winter,2/27/2023 13:00,13,2,Afternoon,0,7.5,42,0,0,36
2/27/2023,Winter,2/27/2023 14:00,14,2,Afternoon,0,7.5,44,0,0,27
2/27/2023,Winter,2/27/2023 15:00,15,2,Afternoon,0,7.5,45,0,0,29
2/27/2023,Winter,2/27/2023 16:00,16,2,Afternoon,0,7.5,45,0,0,44
2/27/2023,Winter,2/27/2023 17:00,17,2,Evening,0,7.5,44,0,0,27
2/27/2023,Winter,2/27/2023 18:00,18,2,Evening,0,7.5,42,0,0,33
2/28/2023,Winter,2/27/2023 19:00,19,3,Evening,30,5.25,37,0,0,58
2/28/2023,Winter,2/27/2023 20:00,20,3,Evening,30,5.25,34,0,0,58
2/28/2023,Winter,2/27/2023 21:00,21,3,Evening,30,5.25,31,0,0,58
2/28/2023,Winter,2/28/2023 10:00,10,3,Morning,30,5.25,31,1,0,39
2/28/2023,Winter,2/28/2023 11:00,11,3,Morning,30,5.25,34,1,0,36
2/28/2023,Winter,2/28/2023 12:00,12,3,Afternoon,30,5.25,37,0,0,52
2/28/2023,Winter,2/28/2023 13:00,13,3,Afternoon,30,5.25,40,0,0,49
2/28/2023,Winter,2/28/2023 14:00,14,3,Afternoon,30,5.25,42,0,0,57
2/28/2023,Winter,2/28/2023 15:00,15,3,Afternoon,30,5.25,42,0,0,60
2/28/2023,Winter,2/28/2023 16:00,16,3,Afternoon,30,5.25,42,0,0,65
2/28/2023,Winter,2/28/2023 17:00,17,3,Evening,30,5.25,42,0,0,56
2/28/2023,Winter,2/28/2023 18:00,18,3,Evening,30,5.25,40,0,0,49
3/1/2023,Spring,3/1/2023 13:00,13,4,Afternoon,10,6.75,63,0,0,48
3/1/2023,Spring,3/1/2023 14:00,14,4,Afternoon,10,6.75,64,0,0,48
3/1/2023,Spring,2/28/2023 19:00,19,4,Evening,10,6.75,61,0,0,42
3/1/2023,Spring,2/28/2023 20:00,20,4,Evening,10,6.75,59,0,0,35
3/1/2023,Spring,2/28/2023 21:00,21,4,Evening,10,6.75,56,0,0,46
3/1/2023,Spring,3/1/2023 10:00,10,4,Morning,10,6.75,56,1,0,34
3/1/2023,Spring,3/1/2023 11:00,11,4,Morning,10,6.75,59,1,0,28
3/1/2023,Spring,3/1/2023 12:00,12,4,Afternoon,10,6.75,61,0,0,45
3/1/2023,Spring,3/1/2023 17:00,17,4,Evening,10,6.75,64,0,0,42
3/1/2023,Spring,3/1/2023 18:00,18,4,Evening,10,6.75,63,0,0,46
3/1/2023,Spring,3/1/2023 15:00,15,4,Afternoon,10,6.75,65,0,0,43
3/1/2023,Spring,3/1/2023 16:00,16,4,Afternoon,10,6.75,65,0,0,42
3/2/2023,Spring,3/2/2023 14:00,14,5,Afternoon,20,6,63,0,0,51
3/2/2023,Spring,3/2/2023 15:00,15,5,Afternoon,20,6,63,0,0,49
3/2/2023,Spring,3/1/2023 19:00,19,5,Evening,20,6,60,0,0,47
3/2/2023,Spring,3/1/2023 20:00,20,5,Evening,20,6,59,0,0,48
3/2/2023,Spring,3/1/2023 21:00,21,5,Evening,20,6,57,0,0,49
3/2/2023,Spring,3/2/2023 10:00,10,5,Morning,20,6,57,1,0,37
3/2/2023,Spring,3/2/2023 11:00,11,5,Morning,20,6,59,1,0,44
3/2/2023,Spring,3/2/2023 12:00,12,5,Afternoon,20,6,60,0,0,43
3/2/2023,Spring,3/2/2023 13:00,13,5,Afternoon,20,6,62,0,0,49
3/2/2023,Spring,3/2/2023 18:00,18,5,Evening,20,6,62,0,0,53
3/2/2023,Spring,3/2/2023 16:00,16,5,Afternoon,20,6,63,0,0,59
3/2/2023,Spring,3/2/2023 17:00,17,5,Evening,20,6,63,0,0,52
3/3/2023,Spring,3/2/2023 20:00,20,6,Evening,20,6,55,0,0,49
3/3/2023,Spring,3/2/2023 21:00,21,6,Evening,20,6,52,0,0,47
3/3/2023,Spring,3/3/2023 10:00,10,6,Morning,20,6,52,1,0,37
3/3/2023,Spring,3/3/2023 11:00,11,6,Morning,20,6,55,1,0,41
3/3/2023,Spring,3/3/2023 12:00,12,6,Afternoon,20,6,57,0,0,48
3/3/2023,Spring,3/3/2023 13:00,13,6,Afternoon,20,6,59,0,0,50
3/3/2023,Spring,3/3/2023 14:00,14,6,Afternoon,20,6,60,0,0,51
3/3/2023,Spring,3/3/2023 15:00,15,6,Afternoon,20,6,61,0,0,53
3/3/2023,Spring,3/3/2023 16:00,16,6,Afternoon,20,6,61,0,0,55
3/3/2023,Spring,3/3/2023 17:00,17,6,Evening,20,6,60,0,0,51
3/3/2023,Spring,3/3/2023 18:00,18,6,Evening,20,6,59,0,0,49
3/3/2023,Spring,3/2/2023 19:00,19,6,Evening,20,6,57,0,0,56
3/4/2023,Spring,3/3/2023 19:00,19,7,Evening,50,3.75,59,0,1,88
3/4/2023,Spring,3/3/2023 20:00,20,7,Evening,50,3.75,56,0,1,95
3/4/2023,Spring,3/4/2023 10:00,10,7,Morning,50,3.75,53,1,1,74
3/4/2023,Spring,3/4/2023 11:00,11,7,Morning,50,3.75,56,1,1,78
3/4/2023,Spring,3/4/2023 12:00,12,7,Afternoon,50,3.75,59,0,1,80
3/4/2023,Spring,3/4/2023 13:00,13,7,Afternoon,50,3.75,62,0,1,87
3/4/2023,Spring,3/4/2023 14:00,14,7,Afternoon,50,3.75,63,0,1,88
3/4/2023,Spring,3/4/2023 15:00,15,7,Afternoon,50,3.75,64,0,1,84
3/4/2023,Spring,3/4/2023 16:00,16,7,Afternoon,50,3.75,64,0,1,83
3/4/2023,Spring,3/4/2023 17:00,17,7,Evening,50,3.75,63,0,1,93
3/4/2023,Spring,3/4/2023 18:00,18,7,Evening,50,3.75,62,0,1,92
3/4/2023,Spring,3/3/2023 21:00,21,7,Evening,50,3.75,53,0,1,80
3/5/2023,Spring,3/4/2023 19:00,19,1,Evening,10,6.75,54,0,1,62
3/5/2023,Spring,3/4/2023 20:00,20,1,Evening,10,6.75,52,0,1,54
3/5/2023,Spring,3/4/2023 21:00,21,1,Evening,10,6.75,50,0,1,54
3/5/2023,Spring,3/5/2023 10:00,10,1,Morning,10,6.75,50,1,1,49
3/5/2023,Spring,3/5/2023 11:00,11,1,Morning,10,6.75,52,1,1,43
3/5/2023,Spring,3/5/2023 12:00,12,1,Afternoon,10,6.75,54,0,1,65
3/5/2023,Spring,3/5/2023 13:00,13,1,Afternoon,10,6.75,56,0,1,60
3/5/2023,Spring,3/5/2023 14:00,14,1,Afternoon,10,6.75,57,0,1,63
3/5/2023,Spring,3/5/2023 15:00,15,1,Afternoon,10,6.75,58,0,1,58
3/5/2023,Spring,3/5/2023 16:00,16,1,Afternoon,10,6.75,58,0,1,55
3/5/2023,Spring,3/5/2023 17:00,17,1,Evening,10,6.75,57,0,1,65
3/5/2023,Spring,3/5/2023 18:00,18,1,Evening,10,6.75,56,0,1,61
3/6/2023,Spring,3/5/2023 19:00,19,2,Evening,40,4.5,53,0,0,61
3/6/2023,Spring,3/5/2023 20:00,20,2,Evening,40,4.5,51,0,0,63
3/6/2023,Spring,3/5/2023 21:00,21,2,Evening,40,4.5,50,0,0,69
3/6/2023,Spring,3/6/2023 10:00,10,2,Morning,40,4.5,50,1,0,47
3/6/2023,Spring,3/6/2023 12:00,12,2,Afternoon,40,4.5,53,0,0,59
3/6/2023,Spring,3/6/2023 13:00,13,2,Afternoon,40,4.5,54,0,0,60
3/6/2023,Spring,3/6/2023 14:00,14,2,Afternoon,40,4.5,55,0,0,55
3/6/2023,Spring,3/6/2023 15:00,15,2,Afternoon,40,4.5,55,0,0,67
3/6/2023,Spring,3/6/2023 16:00,16,2,Afternoon,40,4.5,55,0,0,64
3/6/2023,Spring,3/6/2023 17:00,17,2,Evening,40,4.5,55,0,0,64
3/6/2023,Spring,3/6/2023 18:00,18,2,Evening,40,4.5,54,0,0,63
3/6/2023,Spring,3/6/2023 11:00,11,2,Morning,40,4.5,51,1,0,48
3/7/2023,Spring,3/6/2023 19:00,19,3,Evening,30,5.25,60,0,0,53
3/7/2023,Spring,3/6/2023 20:00,20,3,Evening,30,5.25,59,0,0,61
3/7/2023,Spring,3/7/2023 10:00,10,3,Morning,30,5.25,57,1,0,36
3/7/2023,Spring,3/7/2023 11:00,11,3,Morning,30,5.25,59,1,0,46
3/7/2023,Spring,3/7/2023 12:00,12,3,Afternoon,30,5.25,60,0,0,53
3/7/2023,Spring,3/6/2023 21:00,21,3,Evening,30,5.25,57,0,0,58
3/7/2023,Spring,3/7/2023 14:00,14,3,Afternoon,30,5.25,63,0,0,53
3/7/2023,Spring,3/7/2023 15:00,15,3,Afternoon,30,5.25,64,0,0,55
3/7/2023,Spring,3/7/2023 16:00,16,3,Afternoon,30,5.25,64,0,0,66
3/7/2023,Spring,3/7/2023 17:00,17,3,Evening,30,5.25,63,0,0,60
3/7/2023,Spring,3/7/2023 18:00,18,3,Evening,30,5.25,62,0,0,46
3/7/2023,Spring,3/7/2023 13:00,13,3,Afternoon,30,5.25,62,0,0,58
3/8/2023,Spring,3/7/2023 19:00,19,4,Evening,0,7.5,61,0,0,33
3/8/2023,Spring,3/7/2023 20:00,20,4,Evening,0,7.5,59,0,0,30
3/8/2023,Spring,3/7/2023 21:00,21,4,Evening,0,7.5,57,0,0,36
3/8/2023,Spring,3/8/2023 11:00,11,4,Morning,0,7.5,59,1,0,22
3/8/2023,Spring,3/8/2023 12:00,12,4,Afternoon,0,7.5,61,0,0,34
3/8/2023,Spring,3/8/2023 13:00,13,4,Afternoon,0,7.5,63,0,0,46
3/8/2023,Spring,3/8/2023 10:00,10,4,Morning,0,7.5,57,1,0,10
3/8/2023,Spring,3/8/2023 14:00,14,4,Afternoon,0,7.5,64,0,0,40
3/8/2023,Spring,3/8/2023 15:00,15,4,Afternoon,0,7.5,65,0,0,35
3/8/2023,Spring,3/8/2023 16:00,16,4,Afternoon,0,7.5,65,0,0,40
3/8/2023,Spring,3/8/2023 17:00,17,4,Evening,0,7.5,64,0,0,34
3/8/2023,Spring,3/8/2023 18:00,18,4,Evening,0,7.5,63,0,0,33
3/9/2023,Spring,3/8/2023 19:00,19,5,Evening,30,5.25,59,0,0,48
3/9/2023,Spring,3/8/2023 20:00,20,5,Evening,30,5.25,57,0,0,55
3/9/2023,Spring,3/8/2023 21:00,21,5,Evening,30,5.25,55,0,0,68
3/9/2023,Spring,3/9/2023 10:00,10,5,Morning,30,5.25,55,1,0,48
3/9/2023,Spring,3/9/2023 11:00,11,5,Morning,30,5.25,57,1,0,52
3/9/2023,Spring,3/9/2023 12:00,12,5,Afternoon,30,5.25,59,0,0,61
3/9/2023,Spring,3/9/2023 13:00,13,5,Afternoon,30,5.25,61,0,0,63
3/9/2023,Spring,3/9/2023 14:00,14,5,Afternoon,30,5.25,62,0,0,61
3/9/2023,Spring,3/9/2023 16:00,16,5,Afternoon,30,5.25,62,0,0,59
3/9/2023,Spring,3/9/2023 17:00,17,5,Evening,30,5.25,62,0,0,54
3/9/2023,Spring,3/9/2023 18:00,18,5,Evening,30,5.25,61,0,0,54
3/9/2023,Spring,3/9/2023 15:00,15,5,Afternoon,30,5.25,62,0,0,49
3/10/2023,Spring,3/9/2023 19:00,19,6,Evening,20,6,64,0,0,50
3/10/2023,Spring,3/9/2023 20:00,20,6,Evening,20,6,62,0,0,54
3/10/2023,Spring,3/10/2023 10:00,10,6,Morning,20,6,60,1,0,42
3/10/2023,Spring,3/10/2023 11:00,11,6,Morning,20,6,62,1,0,37
3/10/2023,Spring,3/10/2023 12:00,12,6,Afternoon,20,6,64,0,0,48
3/10/2023,Spring,3/9/2023 21:00,21,6,Evening,20,6,60,0,0,66
3/10/2023,Spring,3/10/2023 14:00,14,6,Afternoon,20,6,67,0,0,54
3/10/2023,Spring,3/10/2023 15:00,15,6,Afternoon,20,6,68,0,0,58
3/10/2023,Spring,3/10/2023 16:00,16,6,Afternoon,20,6,68,0,0,49
3/10/2023,Spring,3/10/2023 13:00,13,6,Afternoon,20,6,66,0,0,50
3/10/2023,Spring,3/10/2023 18:00,18,6,Evening,20,6,66,0,0,53
3/10/2023,Spring,3/10/2023 17:00,17,6,Evening,20,6,67,0,0,59
3/11/2023,Spring,3/10/2023 19:00,19,7,Evening,40,4.5,69,0,1,81
3/11/2023,Spring,3/10/2023 20:00,20,7,Evening,40,4.5,67,0,1,86
3/11/2023,Spring,3/10/2023 21:00,21,7,Evening,40,4.5,65,0,1,71
3/11/2023,Spring,3/11/2023 11:00,11,7,Morning,40,4.5,67,1,1,67
3/11/2023,Spring,3/11/2023 12:00,12,7,Afternoon,40,4.5,69,0,1,76
3/11/2023,Spring,3/11/2023 13:00,13,7,Afternoon,40,4.5,71,0,1,88
3/11/2023,Spring,3/11/2023 10:00,10,7,Morning,40,4.5,65,1,1,69
3/11/2023,Spring,3/11/2023 15:00,15,7,Afternoon,40,4.5,73,0,1,81
3/11/2023,Spring,3/11/2023 16:00,16,7,Afternoon,40,4.5,73,0,1,90
3/11/2023,Spring,3/11/2023 17:00,17,7,Evening,40,4.5,72,0,1,88
3/11/2023,Spring,3/11/2023 14:00,14,7,Afternoon,40,4.5,72,0,1,78
3/11/2023,Spring,3/11/2023 18:00,18,7,Evening,40,4.5,71,0,1,85
3/12/2023,Spring,3/12/2023 19:00,19,1,Evening,40,4.5,56,0,1,74
3/12/2023,Spring,3/11/2023 19:00,19,1,Evening,40,4.5,56,0,1,78
3/12/2023,Spring,3/11/2023 20:00,20,1,Evening,40,4.5,54,0,1,88
3/12/2023,Spring,3/11/2023 21:00,21,1,Evening,40,4.5,53,0,1,87
3/12/2023,Spring,3/12/2023 10:00,10,1,Morning,40,4.5,53,1,1,73
3/12/2023,Spring,3/12/2023 11:00,11,1,Morning,40,4.5,54,1,1,65
3/12/2023,Spring,3/12/2023 12:00,12,1,Afternoon,40,4.5,56,0,1,71
3/12/2023,Spring,3/12/2023 13:00,13,1,Afternoon,40,4.5,57,0,1,75
3/12/2023,Spring,3/12/2023 14:00,14,1,Afternoon,40,4.5,58,0,1,85
3/12/2023,Spring,3/12/2023 15:00,15,1,Afternoon,40,4.5,58,0,1,79
3/12/2023,Spring,3/12/2023 16:00,16,1,Afternoon,40,4.5,58,0,1,70
3/12/2023,Spring,3/12/2023 17:00,17,1,Evening,40,4.5,58,0,1,80
3/12/2023,Spring,3/12/2023 18:00,18,1,Evening,40,4.5,57,0,1,88
3/13/2023,Spring,3/12/2023 21:00,21,2,Evening,30,5.25,43,0,0,57
3/13/2023,Spring,3/13/2023 10:00,10,2,Morning,30,5.25,43,1,0,37
3/13/2023,Spring,3/13/2023 11:00,11,2,Morning,30,5.25,45,1,0,34
3/13/2023,Spring,3/13/2023 12:00,12,2,Afternoon,30,5.25,46,0,0,50
3/13/2023,Spring,3/13/2023 13:00,13,2,Afternoon,30,5.25,47,0,0,55
3/13/2023,Spring,3/13/2023 14:00,14,2,Afternoon,30,5.25,48,0,0,59
3/13/2023,Spring,3/13/2023 15:00,15,2,Afternoon,30,5.25,49,0,0,45
3/13/2023,Spring,3/13/2023 16:00,16,2,Afternoon,30,5.25,49,0,0,60
3/13/2023,Spring,3/13/2023 17:00,17,2,Evening,30,5.25,48,0,0,55
3/13/2023,Spring,3/13/2023 18:00,18,2,Evening,30,5.25,47,0,0,58
3/13/2023,Spring,3/13/2023 19:00,19,2,Evening,30,5.25,46,0,0,46
3/13/2023,Spring,3/12/2023 20:00,20,2,Evening,30,5.25,45,0,0,51
3/14/2023,Spring,3/13/2023 20:00,20,3,Evening,50,3.75,62,0,0,69
3/14/2023,Spring,3/13/2023 21:00,21,3,Evening,50,3.75,60,0,0,76
3/14/2023,Spring,3/14/2023 11:00,11,3,Morning,50,3.75,62,1,0,64
3/14/2023,Spring,3/14/2023 12:00,12,3,Afternoon,50,3.75,64,0,0,73
3/14/2023,Spring,3/14/2023 13:00,13,3,Afternoon,50,3.75,65,0,0,79
3/14/2023,Spring,3/14/2023 14:00,14,3,Afternoon,50,3.75,66,0,0,69
3/14/2023,Spring,3/14/2023 15:00,15,3,Afternoon,50,3.75,67,0,0,77
3/14/2023,Spring,3/14/2023 16:00,16,3,Afternoon,50,3.75,67,0,0,72
3/14/2023,Spring,3/14/2023 17:00,17,3,Evening,50,3.75,66,0,0,68
3/14/2023,Spring,3/14/2023 18:00,18,3,Evening,50,3.75,65,0,0,76
3/14/2023,Spring,3/14/2023 19:00,19,3,Evening,50,3.75,64,0,0,78
3/14/2023,Spring,3/14/2023 10:00,10,3,Morning,50,3.75,60,1,0,63
3/15/2023,Spring,3/14/2023 20:00,20,4,Evening,40,4.5,55,0,0,60
3/15/2023,Spring,3/14/2023 21:00,21,4,Evening,40,4.5,51,0,0,60
3/15/2023,Spring,3/15/2023 10:00,10,4,Morning,40,4.5,51,1,0,57
3/15/2023,Spring,3/15/2023 11:00,11,4,Morning,40,4.5,55,1,0,52
3/15/2023,Spring,3/15/2023 12:00,12,4,Afternoon,40,4.5,58,0,0,68
3/15/2023,Spring,3/15/2023 13:00,13,4,Afternoon,40,4.5,61,0,0,62
3/15/2023,Spring,3/15/2023 14:00,14,4,Afternoon,40,4.5,63,0,0,70
3/15/2023,Spring,3/15/2023 15:00,15,4,Afternoon,40,4.5,64,0,0,60
3/15/2023,Spring,3/15/2023 16:00,16,4,Afternoon,40,4.5,64,0,0,67
3/15/2023,Spring,3/15/2023 17:00,17,4,Evening,40,4.5,63,0,0,60
3/15/2023,Spring,3/15/2023 18:00,18,4,Evening,40,4.5,61,0,0,52
3/15/2023,Spring,3/15/2023 19:00,19,4,Evening,40,4.5,58,0,0,57
3/16/2023,Spring,3/15/2023 20:00,20,5,Evening,0,7.5,54,0,0,35
3/16/2023,Spring,3/15/2023 21:00,21,5,Evening,0,7.5,52,0,0,39
3/16/2023,Spring,3/16/2023 10:00,10,5,Morning,0,7.5,52,1,0,12
3/16/2023,Spring,3/16/2023 11:00,11,5,Morning,0,7.5,54,1,0,14
3/16/2023,Spring,3/16/2023 13:00,13,5,Afternoon,0,7.5,58,0,0,44
3/16/2023,Spring,3/16/2023 14:00,14,5,Afternoon,0,7.5,59,0,0,33
3/16/2023,Spring,3/16/2023 15:00,15,5,Afternoon,0,7.5,60,0,0,38
3/16/2023,Spring,3/16/2023 16:00,16,5,Afternoon,0,7.5,60,0,0,33
3/16/2023,Spring,3/16/2023 17:00,17,5,Evening,0,7.5,59,0,0,34
3/16/2023,Spring,3/16/2023 18:00,18,5,Evening,0,7.5,58,0,0,36
3/16/2023,Spring,3/16/2023 19:00,19,5,Evening,0,7.5,56,0,0,35
3/16/2023,Spring,3/16/2023 12:00,12,5,Afternoon,0,7.5,56,0,0,34
3/17/2023,Spring,3/16/2023 20:00,20,6,Evening,40,4.5,63,0,0,62
3/17/2023,Spring,3/16/2023 21:00,21,6,Evening,40,4.5,60,0,0,48
3/17/2023,Spring,3/17/2023 11:00,11,6,Morning,40,4.5,63,1,0,61
3/17/2023,Spring,3/17/2023 12:00,12,6,Afternoon,40,4.5,65,0,0,73
3/17/2023,Spring,3/17/2023 13:00,13,6,Afternoon,40,4.5,67,0,0,59
3/17/2023,Spring,3/17/2023 10:00,10,6,Morning,40,4.5,60,1,0,51
3/17/2023,Spring,3/17/2023 15:00,15,6,Afternoon,40,4.5,69,0,0,72
3/17/2023,Spring,3/17/2023 16:00,16,6,Afternoon,40,4.5,69,0,0,70
3/17/2023,Spring,3/17/2023 17:00,17,6,Evening,40,4.5,68,0,0,71
3/17/2023,Spring,3/17/2023 18:00,18,6,Evening,40,4.5,67,0,0,59
3/17/2023,Spring,3/17/2023 19:00,19,6,Evening,40,4.5,65,0,0,77
3/17/2023,Spring,3/17/2023 14:00,14,6,Afternoon,40,4.5,68,0,0,59
3/18/2023,Spring,3/17/2023 20:00,20,7,Evening,30,5.25,57,0,1,78
3/18/2023,Spring,3/17/2023 21:00,21,7,Evening,30,5.25,54,0,1,74
3/18/2023,Spring,3/18/2023 10:00,10,7,Morning,30,5.25,54,1,1,59
3/18/2023,Spring,3/18/2023 12:00,12,7,Afternoon,30,5.25,59,0,1,72
3/18/2023,Spring,3/18/2023 13:00,13,7,Afternoon,30,5.25,62,0,1,70
3/18/2023,Spring,3/18/2023 14:00,14,7,Afternoon,30,5.25,63,0,1,83
3/18/2023,Spring,3/18/2023 11:00,11,7,Morning,30,5.25,57,1,1,62
3/18/2023,Spring,3/18/2023 15:00,15,7,Afternoon,30,5.25,64,0,1,76
3/18/2023,Spring,3/18/2023 16:00,16,7,Afternoon,30,5.25,64,0,1,76
3/18/2023,Spring,3/18/2023 17:00,17,7,Evening,30,5.25,63,0,1,73
3/18/2023,Spring,3/18/2023 18:00,18,7,Evening,30,5.25,62,0,1,69
3/18/2023,Spring,3/18/2023 19:00,19,7,Evening,30,5.25,59,0,1,75
3/19/2023,Spring,3/18/2023 20:00,20,1,Evening,40,4.5,52,0,1,69
3/19/2023,Spring,3/18/2023 21:00,21,1,Evening,40,4.5,49,0,1,72
3/19/2023,Spring,3/19/2023 10:00,10,1,Morning,40,4.5,49,1,1,62
3/19/2023,Spring,3/19/2023 11:00,11,1,Morning,40,4.5,52,1,1,62
3/19/2023,Spring,3/19/2023 12:00,12,1,Afternoon,40,4.5,54,0,1,81
3/19/2023,Spring,3/19/2023 13:00,13,1,Afternoon,40,4.5,56,0,1,88
3/19/2023,Spring,3/19/2023 14:00,14,1,Afternoon,40,4.5,58,0,1,73
3/19/2023,Spring,3/19/2023 15:00,15,1,Afternoon,40,4.5,59,0,1,83
3/19/2023,Spring,3/19/2023 17:00,17,1,Evening,40,4.5,58,0,1,85
3/19/2023,Spring,3/19/2023 18:00,18,1,Evening,40,4.5,56,0,1,75
3/19/2023,Spring,3/19/2023 19:00,19,1,Evening,40,4.5,54,0,1,80
3/19/2023,Spring,3/19/2023 16:00,16,1,Afternoon,40,4.5,59,0,1,85
3/20/2023,Spring,3/19/2023 20:00,20,2,Evening,40,4.5,57,0,0,62
3/20/2023,Spring,3/19/2023 21:00,21,2,Evening,40,4.5,56,0,0,62
3/20/2023,Spring,3/20/2023 11:00,11,2,Morning,40,4.5,57,1,0,53
3/20/2023,Spring,3/20/2023 12:00,12,2,Afternoon,40,4.5,59,0,0,63
3/20/2023,Spring,3/20/2023 13:00,13,2,Afternoon,40,4.5,60,0,0,61
3/20/2023,Spring,3/20/2023 10:00,10,2,Morning,40,4.5,56,1,0,50
3/20/2023,Spring,3/20/2023 15:00,15,2,Afternoon,40,4.5,61,0,0,73
3/20/2023,Spring,3/20/2023 16:00,16,2,Afternoon,40,4.5,61,0,0,68
3/20/2023,Spring,3/20/2023 17:00,17,2,Evening,40,4.5,61,0,0,59
3/20/2023,Spring,3/20/2023 14:00,14,2,Afternoon,40,4.5,61,0,0,58
3/20/2023,Spring,3/20/2023 19:00,19,2,Evening,40,4.5,59,0,0,62
3/20/2023,Spring,3/20/2023 18:00,18,2,Evening,40,4.5,60,0,0,70
3/21/2023,Spring,3/20/2023 20:00,20,3,Evening,40,4.5,57,0,0,65
3/21/2023,Spring,3/20/2023 21:00,21,3,Evening,40,4.5,54,0,0,59
3/21/2023,Spring,3/21/2023 10:00,10,3,Morning,40,4.5,54,1,0,55
3/21/2023,Spring,3/21/2023 12:00,12,3,Afternoon,40,4.5,60,0,0,63
3/21/2023,Spring,3/21/2023 13:00,13,3,Afternoon,40,4.5,62,0,0,58
3/21/2023,Spring,3/21/2023 14:00,14,3,Afternoon,40,4.5,64,0,0,67
3/21/2023,Spring,3/21/2023 11:00,11,3,Morning,40,4.5,57,1,0,59
3/21/2023,Spring,3/21/2023 16:00,16,3,Afternoon,40,4.5,64,0,0,66
3/21/2023,Spring,3/21/2023 17:00,17,3,Evening,40,4.5,64,0,0,65
3/21/2023,Spring,3/21/2023 18:00,18,3,Evening,40,4.5,62,0,0,61
3/21/2023,Spring,3/21/2023 15:00,15,3,Afternoon,40,4.5,64,0,0,67
3/21/2023,Spring,3/21/2023 19:00,19,3,Evening,40,4.5,60,0,0,58
3/22/2023,Spring,3/22/2023 19:00,19,4,Evening,20,6,59,0,0,41
3/22/2023,Spring,3/21/2023 20:00,20,4,Evening,20,6,57,0,0,49
3/22/2023,Spring,3/21/2023 21:00,21,4,Evening,20,6,55,0,0,49
3/22/2023,Spring,3/22/2023 10:00,10,4,Morning,20,6,55,1,0,48
3/22/2023,Spring,3/22/2023 11:00,11,4,Morning,20,6,57,1,0,30
3/22/2023,Spring,3/22/2023 12:00,12,4,Afternoon,20,6,59,0,0,50
3/22/2023,Spring,3/22/2023 13:00,13,4,Afternoon,20,6,61,0,0,54
3/22/2023,Spring,3/22/2023 14:00,14,4,Afternoon,20,6,62,0,0,55
3/22/2023,Spring,3/22/2023 15:00,15,4,Afternoon,20,6,63,0,0,50
3/22/2023,Spring,3/22/2023 16:00,16,4,Afternoon,20,6,63,0,0,46
3/22/2023,Spring,3/22/2023 17:00,17,4,Evening,20,6,62,0,0,50
3/22/2023,Spring,3/22/2023 18:00,18,4,Evening,20,6,61,0,0,59
3/23/2023,Spring,3/22/2023 21:00,21,5,Evening,30,5.25,57,0,0,59
3/23/2023,Spring,3/23/2023 10:00,10,5,Morning,30,5.25,57,1,0,33
3/23/2023,Spring,3/23/2023 11:00,11,5,Morning,30,5.25,60,1,0,51
3/23/2023,Spring,3/23/2023 12:00,12,5,Afternoon,30,5.25,63,0,0,60
3/23/2023,Spring,3/23/2023 13:00,13,5,Afternoon,30,5.25,66,0,0,57
3/23/2023,Spring,3/23/2023 14:00,14,5,Afternoon,30,5.25,68,0,0,58
3/23/2023,Spring,3/23/2023 15:00,15,5,Afternoon,30,5.25,68,0,0,57
3/23/2023,Spring,3/23/2023 16:00,16,5,Afternoon,30,5.25,68,0,0,59
3/23/2023,Spring,3/23/2023 17:00,17,5,Evening,30,5.25,68,0,0,55
3/23/2023,Spring,3/23/2023 18:00,18,5,Evening,30,5.25,66,0,0,59
3/23/2023,Spring,3/23/2023 19:00,19,5,Evening,30,5.25,63,0,0,52
3/23/2023,Spring,3/22/2023 20:00,20,5,Evening,30,5.25,60,0,0,58
3/24/2023,Spring,3/23/2023 20:00,20,6,Evening,40,4.5,56,0,0,69
3/24/2023,Spring,3/23/2023 21:00,21,6,Evening,40,4.5,53,0,0,65
3/24/2023,Spring,3/24/2023 10:00,10,6,Morning,40,4.5,53,1,0,56
3/24/2023,Spring,3/24/2023 12:00,12,6,Afternoon,40,4.5,59,0,0,58
3/24/2023,Spring,3/24/2023 13:00,13,6,Afternoon,40,4.5,61,0,0,64
3/24/2023,Spring,3/24/2023 14:00,14,6,Afternoon,40,4.5,63,0,0,67
3/24/2023,Spring,3/24/2023 15:00,15,6,Afternoon,40,4.5,64,0,0,59
3/24/2023,Spring,3/24/2023 16:00,16,6,Afternoon,40,4.5,64,0,0,72
3/24/2023,Spring,3/24/2023 17:00,17,6,Evening,40,4.5,63,0,0,59
3/24/2023,Spring,3/24/2023 18:00,18,6,Evening,40,4.5,61,0,0,65
3/24/2023,Spring,3/24/2023 19:00,19,6,Evening,40,4.5,59,0,0,64
3/24/2023,Spring,3/24/2023 11:00,11,6,Morning,40,4.5,56,1,0,51
3/25/2023,Spring,3/24/2023 21:00,21,7,Evening,40,4.5,58,0,1,80
3/25/2023,Spring,3/25/2023 10:00,10,7,Morning,40,4.5,58,1,1,71
3/25/2023,Spring,3/25/2023 11:00,11,7,Morning,40,4.5,60,1,1,64
3/25/2023,Spring,3/24/2023 20:00,20,7,Evening,40,4.5,60,0,1,75
3/25/2023,Spring,3/25/2023 12:00,12,7,Afternoon,40,4.5,61,0,1,78
3/25/2023,Spring,3/25/2023 13:00,13,7,Afternoon,40,4.5,63,0,1,81
3/25/2023,Spring,3/25/2023 14:00,14,7,Afternoon,40,4.5,64,0,1,88
3/25/2023,Spring,3/25/2023 15:00,15,7,Afternoon,40,4.5,64,0,1,89
3/25/2023,Spring,3/25/2023 16:00,16,7,Afternoon,40,4.5,64,0,1,83
3/25/2023,Spring,3/25/2023 17:00,17,7,Evening,40,4.5,64,0,1,83
3/25/2023,Spring,3/25/2023 18:00,18,7,Evening,40,4.5,63,0,1,80
3/25/2023,Spring,3/25/2023 19:00,19,7,Evening,40,4.5,61,0,1,81
3/26/2023,Spring,3/25/2023 20:00,20,1,Evening,30,5.25,56,0,1,67
3/26/2023,Spring,3/25/2023 21:00,21,1,Evening,30,5.25,54,0,1,75
3/26/2023,Spring,3/26/2023 10:00,10,1,Morning,30,5.25,54,1,1,58
3/26/2023,Spring,3/26/2023 11:00,11,1,Morning,30,5.25,56,1,1,63
3/26/2023,Spring,3/26/2023 12:00,12,1,Afternoon,30,5.25,58,0,1,72
3/26/2023,Spring,3/26/2023 14:00,14,1,Afternoon,30,5.25,60,0,1,71
3/26/2023,Spring,3/26/2023 15:00,15,1,Afternoon,30,5.25,61,0,1,73
3/26/2023,Spring,3/26/2023 16:00,16,1,Afternoon,30,5.25,61,0,1,73
3/26/2023,Spring,3/26/2023 17:00,17,1,Evening,30,5.25,60,0,1,80
3/26/2023,Spring,3/26/2023 18:00,18,1,Evening,30,5.25,59,0,1,75
3/26/2023,Spring,3/26/2023 19:00,19,1,Evening,30,5.25,58,0,1,76
3/26/2023,Spring,3/26/2023 13:00,13,1,Afternoon,30,5.25,59,0,1,68
3/27/2023,Spring,3/26/2023 20:00,20,2,Evening,30,5.25,58,0,0,64
3/27/2023,Spring,3/26/2023 21:00,21,2,Evening,30,5.25,57,0,0,57
3/27/2023,Spring,3/27/2023 10:00,10,2,Morning,30,5.25,57,1,0,39
3/27/2023,Spring,3/27/2023 12:00,12,2,Afternoon,30,5.25,60,0,0,58
3/27/2023,Spring,3/27/2023 13:00,13,2,Afternoon,30,5.25,61,0,0,61
3/27/2023,Spring,3/27/2023 14:00,14,2,Afternoon,30,5.25,62,0,0,50
3/27/2023,Spring,3/27/2023 11:00,11,2,Morning,30,5.25,58,1,0,52
3/27/2023,Spring,3/27/2023 16:00,16,2,Afternoon,30,5.25,63,0,0,56
3/27/2023,Spring,3/27/2023 17:00,17,2,Evening,30,5.25,62,0,0,63
3/27/2023,Spring,3/27/2023 18:00,18,2,Evening,30,5.25,61,0,0,57
3/27/2023,Spring,3/27/2023 19:00,19,2,Evening,30,5.25,60,0,0,55
3/27/2023,Spring,3/27/2023 15:00,15,2,Afternoon,30,5.25,63,0,0,48
3/28/2023,Spring,3/27/2023 21:00,21,3,Evening,50,3.75,60,0,0,65
3/28/2023,Spring,3/28/2023 10:00,10,3,Morning,50,3.75,60,1,0,59
3/28/2023,Spring,3/28/2023 11:00,11,3,Morning,50,3.75,63,1,0,63
3/28/2023,Spring,3/27/2023 20:00,20,3,Evening,50,3.75,63,0,0,62
3/28/2023,Spring,3/28/2023 13:00,13,3,Afternoon,50,3.75,68,0,0,79
3/28/2023,Spring,3/28/2023 14:00,14,3,Afternoon,50,3.75,69,0,0,79
3/28/2023,Spring,3/28/2023 15:00,15,3,Afternoon,50,3.75,70,0,0,66
3/28/2023,Spring,3/28/2023 12:00,12,3,Afternoon,50,3.75,66,0,0,74
3/28/2023,Spring,3/28/2023 16:00,16,3,Afternoon,50,3.75,70,0,0,67
3/28/2023,Spring,3/28/2023 17:00,17,3,Evening,50,3.75,69,0,0,71
3/28/2023,Spring,3/28/2023 18:00,18,3,Evening,50,3.75,68,0,0,76
3/28/2023,Spring,3/28/2023 19:00,19,3,Evening,50,3.75,66,0,0,76
3/29/2023,Spring,3/28/2023 20:00,20,4,Evening,50,3.75,60,0,0,67
3/29/2023,Spring,3/28/2023 21:00,21,4,Evening,50,3.75,57,0,0,68
3/29/2023,Spring,3/29/2023 10:00,10,4,Morning,50,3.75,57,1,0,54
3/29/2023,Spring,3/29/2023 11:00,11,4,Morning,50,3.75,60,1,0,61
3/29/2023,Spring,3/29/2023 12:00,12,4,Afternoon,50,3.75,62,0,0,63
3/29/2023,Spring,3/29/2023 13:00,13,4,Afternoon,50,3.75,64,0,0,58
3/29/2023,Spring,3/29/2023 14:00,14,4,Afternoon,50,3.75,66,0,0,79
3/29/2023,Spring,3/29/2023 15:00,15,4,Afternoon,50,3.75,66,0,0,83
3/29/2023,Spring,3/29/2023 16:00,16,4,Afternoon,50,3.75,66,0,0,69
3/29/2023,Spring,3/29/2023 18:00,18,4,Evening,50,3.75,64,0,0,75
3/29/2023,Spring,3/29/2023 19:00,19,4,Evening,50,3.75,62,0,0,71
3/29/2023,Spring,3/29/2023 17:00,17,4,Evening,50,3.75,66,0,0,79
3/30/2023,Spring,3/29/2023 20:00,20,5,Evening,20,6,56,0,0,52
3/30/2023,Spring,3/29/2023 21:00,21,5,Evening,20,6,53,0,0,49
3/30/2023,Spring,3/30/2023 10:00,10,5,Morning,20,6,53,1,0,26
3/30/2023,Spring,3/30/2023 12:00,12,5,Afternoon,20,6,59,0,0,55
3/30/2023,Spring,3/30/2023 13:00,13,5,Afternoon,20,6,61,0,0,48
3/30/2023,Spring,3/30/2023 14:00,14,5,Afternoon,20,6,63,0,0,43
3/30/2023,Spring,3/30/2023 11:00,11,5,Morning,20,6,56,1,0,35
3/30/2023,Spring,3/30/2023 16:00,16,5,Afternoon,20,6,63,0,0,49
3/30/2023,Spring,3/30/2023 17:00,17,5,Evening,20,6,63,0,0,55
3/30/2023,Spring,3/30/2023 18:00,18,5,Evening,20,6,61,0,0,44
3/30/2023,Spring,3/30/2023 15:00,15,5,Afternoon,20,6,63,0,0,47
3/30/2023,Spring,3/30/2023 19:00,19,5,Evening,20,6,59,0,0,57
3/31/2023,Spring,3/30/2023 21:00,21,6,Evening,50,3.75,61,0,0,78
3/31/2023,Spring,3/31/2023 10:00,10,6,Morning,50,3.75,61,1,0,65
3/31/2023,Spring,3/31/2023 11:00,11,6,Morning,50,3.75,63,1,0,68
3/31/2023,Spring,3/30/2023 20:00,20,6,Evening,50,3.75,63,0,0,72
3/31/2023,Spring,3/31/2023 13:00,13,6,Afternoon,50,3.75,66,0,0,69
3/31/2023,Spring,3/31/2023 14:00,14,6,Afternoon,50,3.75,67,0,0,74
3/31/2023,Spring,3/31/2023 15:00,15,6,Afternoon,50,3.75,68,0,0,77
3/31/2023,Spring,3/31/2023 12:00,12,6,Afternoon,50,3.75,65,0,0,84
3/31/2023,Spring,3/31/2023 17:00,17,6,Evening,50,3.75,67,0,0,62
3/31/2023,Spring,3/31/2023 18:00,18,6,Evening,50,3.75,66,0,0,73
3/31/2023,Spring,3/31/2023 19:00,19,6,Evening,50,3.75,65,0,0,75
3/31/2023,Spring,3/31/2023 16:00,16,6,Afternoon,50,3.75,68,0,0,72
4/1/2023,Spring,3/31/2023 21:00,21,7,Evening,20,6,60,0,1,60
4/1/2023,Spring,4/1/2023 10:00,10,7,Morning,20,6,60,1,1,58
4/1/2023,Spring,4/1/2023 11:00,11,7,Morning,20,6,63,1,1,51
4/1/2023,Spring,3/31/2023 20:00,20,7,Evening,20,6,63,0,1,71
4/1/2023,Spring,4/1/2023 13:00,13,7,Afternoon,20,6,67,0,1,73
4/1/2023,Spring,4/1/2023 14:00,14,7,Afternoon,20,6,69,0,1,75
4/1/2023,Spring,4/1/2023 15:00,15,7,Afternoon,20,6,69,0,1,61
4/1/2023,Spring,4/1/2023 12:00,12,7,Afternoon,20,6,65,0,1,74
4/1/2023,Spring,4/1/2023 17:00,17,7,Evening,20,6,69,0,1,65
4/1/2023,Spring,4/1/2023 18:00,18,7,Evening,20,6,67,0,1,62
4/1/2023,Spring,4/1/2023 19:00,19,7,Evening,20,6,65,0,1,75
4/1/2023,Spring,4/1/2023 16:00,16,7,Afternoon,20,6,69,0,1,75
4/2/2023,Spring,4/2/2023 16:00,16,1,Afternoon,30,5.25,70,0,1,75
4/2/2023,Spring,4/2/2023 19:00,19,1,Evening,30,5.25,64,0,1,79
4/2/2023,Spring,4/2/2023 11:00,11,1,Morning,30,5.25,61,1,1,58
4/2/2023,Spring,4/2/2023 17:00,17,1,Evening,30,5.25,69,0,1,75
4/2/2023,Spring,4/2/2023 18:00,18,1,Evening,30,5.25,67,0,1,75
4/2/2023,Spring,4/2/2023 10:00,10,1,Morning,30,5.25,58,1,1,60
4/2/2023,Spring,4/1/2023 21:00,21,1,Evening,30,5.25,58,0,1,78
4/2/2023,Spring,4/2/2023 12:00,12,1,Afternoon,30,5.25,64,0,1,83
4/2/2023,Spring,4/2/2023 13:00,13,1,Afternoon,30,5.25,67,0,1,73
4/2/2023,Spring,4/2/2023 14:00,14,1,Afternoon,30,5.25,69,0,1,75
4/2/2023,Spring,4/2/2023 15:00,15,1,Afternoon,30,5.25,70,0,1,84
4/2/2023,Spring,4/1/2023 20:00,20,1,Evening,30,5.25,61,0,1,73
4/3/2023,Spring,4/2/2023 21:00,21,2,Evening,0,7.5,56,0,0,22
4/3/2023,Spring,4/3/2023 10:00,10,2,Morning,0,7.5,56,1,0,24
4/3/2023,Spring,4/3/2023 11:00,11,2,Morning,0,7.5,59,1,0,17
4/3/2023,Spring,4/2/2023 20:00,20,2,Evening,0,7.5,59,0,0,30
4/3/2023,Spring,4/3/2023 13:00,13,2,Afternoon,0,7.5,64,0,0,43
4/3/2023,Spring,4/3/2023 14:00,14,2,Afternoon,0,7.5,66,0,0,49
4/3/2023,Spring,4/3/2023 15:00,15,2,Afternoon,0,7.5,67,0,0,32
4/3/2023,Spring,4/3/2023 12:00,12,2,Afternoon,0,7.5,62,0,0,41
4/3/2023,Spring,4/3/2023 17:00,17,2,Evening,0,7.5,66,0,0,36
4/3/2023,Spring,4/3/2023 18:00,18,2,Evening,0,7.5,64,0,0,37
4/3/2023,Spring,4/3/2023 19:00,19,2,Evening,0,7.5,62,0,0,42
4/3/2023,Spring,4/3/2023 16:00,16,2,Afternoon,0,7.5,67,0,0,38
4/4/2023,Spring,4/3/2023 20:00,20,3,Evening,50,3.75,53,0,0,66
4/4/2023,Spring,4/4/2023 10:00,10,3,Morning,50,3.75,52,1,0,55
4/4/2023,Spring,4/4/2023 11:00,11,3,Morning,50,3.75,53,1,0,61
4/4/2023,Spring,4/4/2023 12:00,12,3,Afternoon,50,3.75,55,0,0,58
4/4/2023,Spring,4/3/2023 21:00,21,3,Evening,50,3.75,52,0,0,75
4/4/2023,Spring,4/4/2023 14:00,14,3,Afternoon,50,3.75,57,0,0,63
4/4/2023,Spring,4/4/2023 15:00,15,3,Afternoon,50,3.75,57,0,0,70
4/4/2023,Spring,4/4/2023 16:00,16,3,Afternoon,50,3.75,57,0,0,69
4/4/2023,Spring,4/4/2023 13:00,13,3,Afternoon,50,3.75,56,0,0,77
4/4/2023,Spring,4/4/2023 17:00,17,3,Evening,50,3.75,57,0,0,71
4/4/2023,Spring,4/4/2023 18:00,18,3,Evening,50,3.75,56,0,0,71
4/4/2023,Spring,4/4/2023 19:00,19,3,Evening,50,3.75,55,0,0,74
4/5/2023,Spring,4/4/2023 20:00,20,4,Evening,30,5.25,64,0,0,53
4/5/2023,Spring,4/5/2023 19:00,19,4,Evening,30,5.25,66,0,0,57
4/5/2023,Spring,4/5/2023 10:00,10,4,Morning,30,5.25,62,1,0,50
4/5/2023,Spring,4/5/2023 11:00,11,4,Morning,30,5.25,64,1,0,48
4/5/2023,Spring,4/5/2023 12:00,12,4,Afternoon,30,5.25,66,0,0,51
4/5/2023,Spring,4/4/2023 21:00,21,4,Evening,30,5.25,62,0,0,60
4/5/2023,Spring,4/5/2023 14:00,14,4,Afternoon,30,5.25,69,0,0,51
4/5/2023,Spring,4/5/2023 15:00,15,4,Afternoon,30,5.25,70,0,0,55
4/5/2023,Spring,4/5/2023 16:00,16,4,Afternoon,30,5.25,70,0,0,64
4/5/2023,Spring,4/5/2023 13:00,13,4,Afternoon,30,5.25,68,0,0,47
4/5/2023,Spring,4/5/2023 18:00,18,4,Evening,30,5.25,68,0,0,49
4/5/2023,Spring,4/5/2023 17:00,17,4,Evening,30,5.25,69,0,0,65
4/6/2023,Spring,4/5/2023 21:00,21,5,Evening,10,6.75,52,0,0,37
4/6/2023,Spring,4/6/2023 10:00,10,5,Morning,10,6.75,52,1,0,34
4/6/2023,Spring,4/6/2023 11:00,11,5,Morning,10,6.75,54,1,0,27
4/6/2023,Spring,4/5/2023 20:00,20,5,Evening,10,6.75,54,0,0,44
4/6/2023,Spring,4/6/2023 13:00,13,5,Afternoon,10,6.75,56,0,0,46
4/6/2023,Spring,4/6/2023 14:00,14,5,Afternoon,10,6.75,57,0,0,39
4/6/2023,Spring,4/6/2023 15:00,15,5,Afternoon,10,6.75,57,0,0,41
4/6/2023,Spring,4/6/2023 12:00,12,5,Afternoon,10,6.75,55,0,0,40
4/6/2023,Spring,4/6/2023 17:00,17,5,Evening,10,6.75,57,0,0,56
4/6/2023,Spring,4/6/2023 18:00,18,5,Evening,10,6.75,56,0,0,43
4/6/2023,Spring,4/6/2023 19:00,19,5,Evening,10,6.75,55,0,0,44
4/6/2023,Spring,4/6/2023 16:00,16,5,Afternoon,10,6.75,57,0,0,40
4/7/2023,Spring,4/6/2023 21:00,21,6,Evening,50,3.75,66,0,0,70
4/7/2023,Spring,4/7/2023 10:00,10,6,Morning,50,3.75,66,1,0,67
4/7/2023,Spring,4/7/2023 11:00,11,6,Morning,50,3.75,68,1,0,58
4/7/2023,Spring,4/7/2023 12:00,12,6,Afternoon,50,3.75,70,0,0,72
4/7/2023,Spring,4/7/2023 13:00,13,6,Afternoon,50,3.75,72,0,0,74
4/7/2023,Spring,4/7/2023 14:00,14,6,Afternoon,50,3.75,73,0,0,70
4/7/2023,Spring,4/7/2023 15:00,15,6,Afternoon,50,3.75,73,0,0,82
4/7/2023,Spring,4/7/2023 16:00,16,6,Afternoon,50,3.75,73,0,0,65
4/7/2023,Spring,4/7/2023 17:00,17,6,Evening,50,3.75,73,0,0,83
4/7/2023,Spring,4/7/2023 18:00,18,6,Evening,50,3.75,72,0,0,71
4/7/2023,Spring,4/7/2023 19:00,19,6,Evening,50,3.75,70,0,0,79
4/7/2023,Spring,4/6/2023 20:00,20,6,Evening,50,3.75,68,0,0,62
4/8/2023,Spring,4/7/2023 20:00,20,7,Evening,10,6.75,66,0,1,67
4/8/2023,Spring,4/8/2023 13:00,13,7,Afternoon,10,6.75,71,0,1,67
4/8/2023,Spring,4/8/2023 10:00,10,7,Morning,10,6.75,63,1,1,42
4/8/2023,Spring,4/8/2023 11:00,11,7,Morning,10,6.75,66,1,1,45
4/8/2023,Spring,4/8/2023 12:00,12,7,Afternoon,10,6.75,68,0,1,63
4/8/2023,Spring,4/8/2023 17:00,17,7,Evening,10,6.75,72,0,1,69
4/8/2023,Spring,4/8/2023 14:00,14,7,Afternoon,10,6.75,72,0,1,59
4/8/2023,Spring,4/8/2023 15:00,15,7,Afternoon,10,6.75,73,0,1,62
4/8/2023,Spring,4/8/2023 16:00,16,7,Afternoon,10,6.75,73,0,1,71
4/8/2023,Spring,4/7/2023 21:00,21,7,Evening,10,6.75,63,0,1,56
4/8/2023,Spring,4/8/2023 18:00,18,7,Evening,10,6.75,71,0,1,68
4/8/2023,Spring,4/8/2023 19:00,19,7,Evening,10,6.75,68,0,1,65
4/9/2023,Spring,4/8/2023 20:00,20,1,Evening,30,5.25,55,0,1,68
4/9/2023,Spring,4/9/2023 11:00,11,1,Morning,30,5.25,55,1,1,58
4/9/2023,Spring,4/9/2023 10:00,10,1,Morning,30,5.25,54,1,1,65
4/9/2023,Spring,4/9/2023 12:00,12,1,Afternoon,30,5.25,57,0,1,75
4/9/2023,Spring,4/9/2023 13:00,13,1,Afternoon,30,5.25,58,0,1,81
4/9/2023,Spring,4/9/2023 14:00,14,1,Afternoon,30,5.25,58,0,1,71
4/9/2023,Spring,4/9/2023 15:00,15,1,Afternoon,30,5.25,59,0,1,66
4/9/2023,Spring,4/9/2023 16:00,16,1,Afternoon,30,5.25,59,0,1,79
4/9/2023,Spring,4/9/2023 17:00,17,1,Evening,30,5.25,58,0,1,71
4/9/2023,Spring,4/9/2023 18:00,18,1,Evening,30,5.25,58,0,1,75
4/9/2023,Spring,4/9/2023 19:00,19,1,Evening,30,5.25,57,0,1,82
4/9/2023,Spring,4/8/2023 21:00,21,1,Evening,30,5.25,54,0,1,72
4/10/2023,Spring,4/9/2023 21:00,21,2,Evening,0,7.5,50,0,0,41
4/10/2023,Spring,4/10/2023 10:00,10,2,Morning,0,7.5,50,1,0,15
4/10/2023,Spring,4/10/2023 11:00,11,2,Morning,0,7.5,53,1,0,25
4/10/2023,Spring,4/9/2023 20:00,20,2,Evening,0,7.5,53,0,0,36
4/10/2023,Spring,4/10/2023 13:00,13,2,Afternoon,0,7.5,58,0,0,31
4/10/2023,Spring,4/10/2023 14:00,14,2,Afternoon,0,7.5,60,0,0,29
4/10/2023,Spring,4/10/2023 15:00,15,2,Afternoon,0,7.5,61,0,0,36
4/10/2023,Spring,4/10/2023 16:00,16,2,Afternoon,0,7.5,61,0,0,37
4/10/2023,Spring,4/10/2023 17:00,17,2,Evening,0,7.5,60,0,0,37
4/10/2023,Spring,4/10/2023 18:00,18,2,Evening,0,7.5,58,0,0,38
4/10/2023,Spring,4/10/2023 19:00,19,2,Evening,0,7.5,56,0,0,32
4/10/2023,Spring,4/10/2023 12:00,12,2,Afternoon,0,7.5,56,0,0,32
4/11/2023,Spring,4/10/2023 20:00,20,3,Evening,0,7.5,54,0,0,36
4/11/2023,Spring,4/11/2023 10:00,10,3,Morning,0,7.5,51,1,0,17
4/11/2023,Spring,4/11/2023 11:00,11,3,Morning,0,7.5,54,1,0,27
4/11/2023,Spring,4/11/2023 12:00,12,3,Afternoon,0,7.5,56,0,0,36
4/11/2023,Spring,4/10/2023 21:00,21,3,Evening,0,7.5,51,0,0,31
4/11/2023,Spring,4/11/2023 16:00,16,3,Afternoon,0,7.5,60,0,0,26
4/11/2023,Spring,4/11/2023 17:00,17,3,Evening,0,7.5,59,0,0,32
4/11/2023,Spring,4/11/2023 14:00,14,3,Afternoon,0,7.5,59,0,0,46
4/11/2023,Spring,4/11/2023 15:00,15,3,Afternoon,0,7.5,60,0,0,33
4/11/2023,Spring,4/11/2023 13:00,13,3,Afternoon,0,7.5,58,0,0,31
4/11/2023,Spring,4/11/2023 18:00,18,3,Evening,0,7.5,58,0,0,38
4/11/2023,Spring,4/11/2023 19:00,19,3,Evening,0,7.5,56,0,0,37
4/12/2023,Spring,4/12/2023 16:00,16,4,Afternoon,50,3.75,67,0,0,75
4/12/2023,Spring,4/12/2023 15:00,15,4,Afternoon,50,3.75,67,0,0,70
4/12/2023,Spring,4/11/2023 21:00,21,4,Evening,50,3.75,56,0,0,76
4/12/2023,Spring,4/12/2023 10:00,10,4,Morning,50,3.75,56,1,0,52
4/12/2023,Spring,4/12/2023 11:00,11,4,Morning,50,3.75,59,1,0,58
4/12/2023,Spring,4/11/2023 20:00,20,4,Evening,50,3.75,59,0,0,67
4/12/2023,Spring,4/12/2023 14:00,14,4,Afternoon,50,3.75,66,0,0,75
4/12/2023,Spring,4/12/2023 13:00,13,4,Afternoon,50,3.75,64,0,0,72
4/12/2023,Spring,4/12/2023 17:00,17,4,Evening,50,3.75,66,0,0,77
4/12/2023,Spring,4/12/2023 18:00,18,4,Evening,50,3.75,64,0,0,82
4/12/2023,Spring,4/12/2023 19:00,19,4,Evening,50,3.75,62,0,0,72
4/12/2023,Spring,4/12/2023 12:00,12,4,Afternoon,50,3.75,62,0,0,68
4/13/2023,Spring,4/12/2023 20:00,20,5,Evening,10,6.75,57,0,0,38
4/13/2023,Spring,4/13/2023 10:00,10,5,Morning,10,6.75,54,1,0,27
4/13/2023,Spring,4/13/2023 11:00,11,5,Morning,10,6.75,57,1,0,28
4/13/2023,Spring,4/13/2023 12:00,12,5,Afternoon,10,6.75,59,0,0,52
4/13/2023,Spring,4/12/2023 21:00,21,5,Evening,10,6.75,54,0,0,36
4/13/2023,Spring,4/13/2023 14:00,14,5,Afternoon,10,6.75,63,0,0,38
4/13/2023,Spring,4/13/2023 15:00,15,5,Afternoon,10,6.75,64,0,0,41
4/13/2023,Spring,4/13/2023 16:00,16,5,Afternoon,10,6.75,64,0,0,46
4/13/2023,Spring,4/13/2023 13:00,13,5,Afternoon,10,6.75,61,0,0,47
4/13/2023,Spring,4/13/2023 18:00,18,5,Evening,10,6.75,61,0,0,38
4/13/2023,Spring,4/13/2023 19:00,19,5,Evening,10,6.75,59,0,0,43
4/13/2023,Spring,4/13/2023 17:00,17,5,Evening,10,6.75,63,0,0,43
4/14/2023,Spring,4/13/2023 20:00,20,6,Evening,30,5.25,56,0,0,62
4/14/2023,Spring,4/13/2023 21:00,21,6,Evening,30,5.25,53,0,0,61
4/14/2023,Spring,4/14/2023 11:00,11,6,Morning,30,5.25,56,1,0,42
4/14/2023,Spring,4/14/2023 12:00,12,6,Afternoon,30,5.25,58,0,0,57
4/14/2023,Spring,4/14/2023 13:00,13,6,Afternoon,30,5.25,60,0,0,60
4/14/2023,Spring,4/14/2023 10:00,10,6,Morning,30,5.25,53,1,0,35
4/14/2023,Spring,4/14/2023 15:00,15,6,Afternoon,30,5.25,62,0,0,55
4/14/2023,Spring,4/14/2023 16:00,16,6,Afternoon,30,5.25,62,0,0,60
4/14/2023,Spring,4/14/2023 17:00,17,6,Evening,30,5.25,62,0,0,54
4/14/2023,Spring,4/14/2023 14:00,14,6,Afternoon,30,5.25,62,0,0,57
4/14/2023,Spring,4/14/2023 18:00,18,6,Evening,30,5.25,60,0,0,57
4/14/2023,Spring,4/14/2023 19:00,19,6,Evening,30,5.25,58,0,0,53
4/15/2023,Spring,4/14/2023 20:00,20,7,Evening,40,4.5,53,0,1,75
4/15/2023,Spring,4/14/2023 21:00,21,7,Evening,40,4.5,50,0,1,79
4/15/2023,Spring,4/15/2023 19:00,19,7,Evening,40,4.5,56,0,1,79
4/15/2023,Spring,4/15/2023 11:00,11,7,Morning,40,4.5,53,1,1,72
4/15/2023,Spring,4/15/2023 12:00,12,7,Afternoon,40,4.5,56,0,1,88
4/15/2023,Spring,4/15/2023 13:00,13,7,Afternoon,40,4.5,58,0,1,81
4/15/2023,Spring,4/15/2023 10:00,10,7,Morning,40,4.5,50,1,1,69
4/15/2023,Spring,4/15/2023 15:00,15,7,Afternoon,40,4.5,60,0,1,81
4/15/2023,Spring,4/15/2023 16:00,16,7,Afternoon,40,4.5,60,0,1,84
4/15/2023,Spring,4/15/2023 17:00,17,7,Evening,40,4.5,60,0,1,82
4/15/2023,Spring,4/15/2023 14:00,14,7,Afternoon,40,4.5,60,0,1,82
4/15/2023,Spring,4/15/2023 18:00,18,7,Evening,40,4.5,58,0,1,86
4/16/2023,Spring,4/15/2023 21:00,21,1,Evening,20,6,55,0,1,62
4/16/2023,Spring,4/16/2023 10:00,10,1,Morning,20,6,55,1,1,61
4/16/2023,Spring,4/16/2023 11:00,11,1,Morning,20,6,58,1,1,56
4/16/2023,Spring,4/16/2023 12:00,12,1,Afternoon,20,6,60,0,1,69
4/16/2023,Spring,4/16/2023 13:00,13,1,Afternoon,20,6,62,0,1,65
4/16/2023,Spring,4/16/2023 14:00,14,1,Afternoon,20,6,64,0,1,67
4/16/2023,Spring,4/16/2023 15:00,15,1,Afternoon,20,6,65,0,1,70
4/16/2023,Spring,4/16/2023 16:00,16,1,Afternoon,20,6,65,0,1,58
4/16/2023,Spring,4/16/2023 17:00,17,1,Evening,20,6,64,0,1,65
4/16/2023,Spring,4/16/2023 18:00,18,1,Evening,20,6,62,0,1,71
4/16/2023,Spring,4/16/2023 19:00,19,1,Evening,20,6,60,0,1,66
4/16/2023,Spring,4/15/2023 20:00,20,1,Evening,20,6,58,0,1,63
4/17/2023,Spring,4/16/2023 20:00,20,2,Evening,0,7.5,53,0,0,31
4/17/2023,Spring,4/17/2023 10:00,10,2,Morning,0,7.5,51,1,0,21
4/17/2023,Spring,4/17/2023 11:00,11,2,Morning,0,7.5,53,1,0,12
4/17/2023,Spring,4/17/2023 12:00,12,2,Afternoon,0,7.5,55,0,0,39
4/17/2023,Spring,4/17/2023 13:00,13,2,Afternoon,0,7.5,56,0,0,24
4/17/2023,Spring,4/17/2023 14:00,14,2,Afternoon,0,7.5,58,0,0,33
4/17/2023,Spring,4/17/2023 15:00,15,2,Afternoon,0,7.5,58,0,0,31
4/17/2023,Spring,4/17/2023 16:00,16,2,Afternoon,0,7.5,58,0,0,29
4/17/2023,Spring,4/17/2023 17:00,17,2,Evening,0,7.5,58,0,0,30
4/17/2023,Spring,4/17/2023 18:00,18,2,Evening,0,7.5,56,0,0,36
4/17/2023,Spring,4/17/2023 19:00,19,2,Evening,0,7.5,55,0,0,34
4/17/2023,Spring,4/16/2023 21:00,21,2,Evening,0,7.5,51,0,0,32
4/18/2023,Spring,4/17/2023 20:00,20,3,Evening,20,6,48,0,0,36
4/18/2023,Spring,4/17/2023 21:00,21,3,Evening,20,6,47,0,0,41
4/18/2023,Spring,4/18/2023 14:00,14,3,Afternoon,20,6,52,0,0,48
4/18/2023,Spring,4/18/2023 11:00,11,3,Morning,20,6,48,1,0,30
4/18/2023,Spring,4/18/2023 12:00,12,3,Afternoon,20,6,50,0,0,44
4/18/2023,Spring,4/18/2023 13:00,13,3,Afternoon,20,6,51,0,0,53
4/18/2023,Spring,4/18/2023 18:00,18,3,Evening,20,6,51,0,0,49
4/18/2023,Spring,4/18/2023 15:00,15,3,Afternoon,20,6,52,0,0,43
4/18/2023,Spring,4/18/2023 16:00,16,3,Afternoon,20,6,52,0,0,46
4/18/2023,Spring,4/18/2023 17:00,17,3,Evening,20,6,52,0,0,47
4/18/2023,Spring,4/18/2023 10:00,10,3,Morning,20,6,47,1,0,31
4/18/2023,Spring,4/18/2023 19:00,19,3,Evening,20,6,50,0,0,43
4/19/2023,Spring,4/18/2023 20:00,20,4,Evening,20,6,57,0,0,49
4/19/2023,Spring,4/18/2023 21:00,21,4,Evening,20,6,53,0,0,52
4/19/2023,Spring,4/19/2023 12:00,12,4,Afternoon,20,6,60,0,0,51
4/19/2023,Spring,4/19/2023 11:00,11,4,Morning,20,6,57,1,0,35
4/19/2023,Spring,4/19/2023 13:00,13,4,Afternoon,20,6,62,0,0,52
4/19/2023,Spring,4/19/2023 14:00,14,4,Afternoon,20,6,64,0,0,54
4/19/2023,Spring,4/19/2023 15:00,15,4,Afternoon,20,6,65,0,0,50
4/19/2023,Spring,4/19/2023 16:00,16,4,Afternoon,20,6,65,0,0,53
4/19/2023,Spring,4/19/2023 17:00,17,4,Evening,20,6,64,0,0,45
4/19/2023,Spring,4/19/2023 18:00,18,4,Evening,20,6,62,0,0,49
4/19/2023,Spring,4/19/2023 19:00,19,4,Evening,20,6,60,0,0,47
4/19/2023,Spring,4/19/2023 10:00,10,4,Morning,20,6,53,1,0,36
4/20/2023,Spring,4/19/2023 20:00,20,5,Evening,10,6.75,63,0,0,45
4/20/2023,Spring,4/20/2023 10:00,10,5,Morning,10,6.75,60,1,0,29
4/20/2023,Spring,4/20/2023 11:00,11,5,Morning,10,6.75,63,1,0,26
4/20/2023,Spring,4/20/2023 12:00,12,5,Afternoon,10,6.75,65,0,0,39
4/20/2023,Spring,4/19/2023 21:00,21,5,Evening,10,6.75,60,0,0,44
4/20/2023,Spring,4/20/2023 14:00,14,5,Afternoon,10,6.75,69,0,0,51
4/20/2023,Spring,4/20/2023 15:00,15,5,Afternoon,10,6.75,70,0,0,40
4/20/2023,Spring,4/20/2023 16:00,16,5,Afternoon,10,6.75,70,0,0,42
4/20/2023,Spring,4/20/2023 17:00,17,5,Evening,10,6.75,69,0,0,46
4/20/2023,Spring,4/20/2023 18:00,18,5,Evening,10,6.75,68,0,0,41
4/20/2023,Spring,4/20/2023 19:00,19,5,Evening,10,6.75,65,0,0,44
4/20/2023,Spring,4/20/2023 13:00,13,5,Afternoon,10,6.75,68,0,0,44
4/21/2023,Spring,4/20/2023 20:00,20,6,Evening,30,5.25,55,0,0,52
4/21/2023,Spring,4/20/2023 21:00,21,6,Evening,30,5.25,52,0,0,60
4/21/2023,Spring,4/21/2023 11:00,11,6,Morning,30,5.25,55,1,0,47
4/21/2023,Spring,4/21/2023 12:00,12,6,Afternoon,30,5.25,57,0,0,61
4/21/2023,Spring,4/21/2023 13:00,13,6,Afternoon,30,5.25,59,0,0,63
4/21/2023,Spring,4/21/2023 10:00,10,6,Morning,30,5.25,52,1,0,40
4/21/2023,Spring,4/21/2023 17:00,17,6,Evening,30,5.25,61,0,0,54
4/21/2023,Spring,4/21/2023 18:00,18,6,Evening,30,5.25,59,0,0,58
4/21/2023,Spring,4/21/2023 15:00,15,6,Afternoon,30,5.25,62,0,0,60
4/21/2023,Spring,4/21/2023 16:00,16,6,Afternoon,30,5.25,62,0,0,55
4/21/2023,Spring,4/21/2023 14:00,14,6,Afternoon,30,5.25,61,0,0,55
4/21/2023,Spring,4/21/2023 19:00,19,6,Evening,30,5.25,57,0,0,53
4/22/2023,Spring,4/22/2023 17:00,17,7,Evening,0,7.5,63,0,1,62
4/22/2023,Spring,4/21/2023 20:00,20,7,Evening,0,7.5,60,0,1,42
4/22/2023,Spring,4/22/2023 16:00,16,7,Afternoon,0,7.5,64,0,1,54
4/22/2023,Spring,4/22/2023 10:00,10,7,Morning,0,7.5,58,1,1,40
4/22/2023,Spring,4/22/2023 11:00,11,7,Morning,0,7.5,60,1,1,35
4/22/2023,Spring,4/22/2023 12:00,12,7,Afternoon,0,7.5,61,0,1,56
4/22/2023,Spring,4/21/2023 21:00,21,7,Evening,0,7.5,58,0,1,44
4/22/2023,Spring,4/22/2023 15:00,15,7,Afternoon,0,7.5,64,0,1,60
4/22/2023,Spring,4/22/2023 14:00,14,7,Afternoon,0,7.5,63,0,1,46
4/22/2023,Spring,4/22/2023 18:00,18,7,Evening,0,7.5,62,0,1,44
4/22/2023,Spring,4/22/2023 19:00,19,7,Evening,0,7.5,61,0,1,51
4/22/2023,Spring,4/22/2023 13:00,13,7,Afternoon,0,7.5,62,0,1,55
4/23/2023,Spring,4/22/2023 20:00,20,1,Evening,20,6,49,0,1,63
4/23/2023,Spring,4/22/2023 21:00,21,1,Evening,20,6,47,0,1,63
4/23/2023,Spring,4/23/2023 11:00,11,1,Morning,20,6,49,1,1,55
4/23/2023,Spring,4/23/2023 12:00,12,1,Afternoon,20,6,52,0,1,61
4/23/2023,Spring,4/23/2023 13:00,13,1,Afternoon,20,6,54,0,1,66
4/23/2023,Spring,4/23/2023 10:00,10,1,Morning,20,6,47,1,1,55
4/23/2023,Spring,4/23/2023 15:00,15,1,Afternoon,20,6,56,0,1,75
4/23/2023,Spring,4/23/2023 16:00,16,1,Afternoon,20,6,56,0,1,69
4/23/2023,Spring,4/23/2023 17:00,17,1,Evening,20,6,55,0,1,75
4/23/2023,Spring,4/23/2023 14:00,14,1,Afternoon,20,6,55,0,1,69
4/23/2023,Spring,4/23/2023 19:00,19,1,Evening,20,6,52,0,1,66
4/23/2023,Spring,4/23/2023 18:00,18,1,Evening,20,6,54,0,1,55
4/24/2023,Spring,4/23/2023 20:00,20,2,Evening,40,4.5,57,0,0,57
4/24/2023,Spring,4/23/2023 21:00,21,2,Evening,40,4.5,55,0,0,61
4/24/2023,Spring,4/24/2023 10:00,10,2,Morning,40,4.5,55,1,0,54
4/24/2023,Spring,4/24/2023 12:00,12,2,Afternoon,40,4.5,58,0,0,62
4/24/2023,Spring,4/24/2023 13:00,13,2,Afternoon,40,4.5,60,0,0,66
4/24/2023,Spring,4/24/2023 14:00,14,2,Afternoon,40,4.5,61,0,0,59
4/24/2023,Spring,4/24/2023 11:00,11,2,Morning,40,4.5,57,1,0,50
4/24/2023,Spring,4/24/2023 16:00,16,2,Afternoon,40,4.5,62,0,0,65
4/24/2023,Spring,4/24/2023 17:00,17,2,Evening,40,4.5,61,0,0,62
4/24/2023,Spring,4/24/2023 18:00,18,2,Evening,40,4.5,60,0,0,64
4/24/2023,Spring,4/24/2023 15:00,15,2,Afternoon,40,4.5,62,0,0,61
4/24/2023,Spring,4/24/2023 19:00,19,2,Evening,40,4.5,58,0,0,65
4/25/2023,Spring,4/24/2023 20:00,20,3,Evening,40,4.5,61,0,0,63
4/25/2023,Spring,4/24/2023 21:00,21,3,Evening,40,4.5,58,0,0,63
4/25/2023,Spring,4/25/2023 10:00,10,3,Morning,40,4.5,58,1,0,41
4/25/2023,Spring,4/25/2023 19:00,19,3,Evening,40,4.5,64,0,0,61
4/25/2023,Spring,4/25/2023 12:00,12,3,Afternoon,40,4.5,64,0,0,57
4/25/2023,Spring,4/25/2023 13:00,13,3,Afternoon,40,4.5,66,0,0,57
4/25/2023,Spring,4/25/2023 14:00,14,3,Afternoon,40,4.5,68,0,0,62
4/25/2023,Spring,4/25/2023 11:00,11,3,Morning,40,4.5,61,1,0,51
4/25/2023,Spring,4/25/2023 16:00,16,3,Afternoon,40,4.5,69,0,0,66
4/25/2023,Spring,4/25/2023 17:00,17,3,Evening,40,4.5,68,0,0,70
4/25/2023,Spring,4/25/2023 18:00,18,3,Evening,40,4.5,66,0,0,67
4/25/2023,Spring,4/25/2023 15:00,15,3,Afternoon,40,4.5,69,0,0,70
4/26/2023,Spring,4/25/2023 21:00,21,4,Evening,40,4.5,57,0,0,61
4/26/2023,Spring,4/26/2023 10:00,10,4,Morning,40,4.5,57,1,0,49
4/26/2023,Spring,4/26/2023 11:00,11,4,Morning,40,4.5,58,1,0,57
4/26/2023,Spring,4/26/2023 12:00,12,4,Afternoon,40,4.5,59,0,0,64
4/26/2023,Spring,4/26/2023 13:00,13,4,Afternoon,40,4.5,60,0,0,55
4/26/2023,Spring,4/26/2023 14:00,14,4,Afternoon,40,4.5,61,0,0,60
4/26/2023,Spring,4/26/2023 15:00,15,4,Afternoon,40,4.5,62,0,0,69
4/26/2023,Spring,4/26/2023 16:00,16,4,Afternoon,40,4.5,62,0,0,61
4/26/2023,Spring,4/26/2023 17:00,17,4,Evening,40,4.5,61,0,0,66
4/26/2023,Spring,4/26/2023 18:00,18,4,Evening,40,4.5,60,0,0,64
4/26/2023,Spring,4/26/2023 19:00,19,4,Evening,40,4.5,59,0,0,61
4/26/2023,Spring,4/25/2023 20:00,20,4,Evening,40,4.5,58,0,0,62
4/27/2023,Spring,4/26/2023 20:00,20,5,Evening,50,3.75,57,0,0,72
4/27/2023,Spring,4/26/2023 21:00,21,5,Evening,50,3.75,56,0,0,71
4/27/2023,Spring,4/27/2023 11:00,11,5,Morning,50,3.75,57,1,0,65
4/27/2023,Spring,4/27/2023 12:00,12,5,Afternoon,50,3.75,59,0,0,70
4/27/2023,Spring,4/27/2023 13:00,13,5,Afternoon,50,3.75,61,0,0,66
4/27/2023,Spring,4/27/2023 14:00,14,5,Afternoon,50,3.75,62,0,0,72
4/27/2023,Spring,4/27/2023 15:00,15,5,Afternoon,50,3.75,62,0,0,75
4/27/2023,Spring,4/27/2023 16:00,16,5,Afternoon,50,3.75,62,0,0,82
4/27/2023,Spring,4/27/2023 17:00,17,5,Evening,50,3.75,62,0,0,69
4/27/2023,Spring,4/27/2023 18:00,18,5,Evening,50,3.75,61,0,0,69
4/27/2023,Spring,4/27/2023 19:00,19,5,Evening,50,3.75,59,0,0,75
4/27/2023,Spring,4/27/2023 10:00,10,5,Morning,50,3.75,56,1,0,65
4/28/2023,Spring,4/27/2023 20:00,20,6,Evening,10,6.75,53,0,0,38
4/28/2023,Spring,4/27/2023 21:00,21,6,Evening,10,6.75,52,0,0,45
4/28/2023,Spring,4/28/2023 10:00,10,6,Morning,10,6.75,52,1,0,25
4/28/2023,Spring,4/28/2023 15:00,15,6,Afternoon,10,6.75,58,0,0,37
4/28/2023,Spring,4/28/2023 12:00,12,6,Afternoon,10,6.75,55,0,0,45
4/28/2023,Spring,4/28/2023 13:00,13,6,Afternoon,10,6.75,56,0,0,42
4/28/2023,Spring,4/28/2023 14:00,14,6,Afternoon,10,6.75,57,0,0,44
4/28/2023,Spring,4/28/2023 19:00,19,6,Evening,10,6.75,55,0,0,39
4/28/2023,Spring,4/28/2023 16:00,16,6,Afternoon,10,6.75,58,0,0,51
4/28/2023,Spring,4/28/2023 17:00,17,6,Evening,10,6.75,57,0,0,45
4/28/2023,Spring,4/28/2023 18:00,18,6,Evening,10,6.75,56,0,0,40
4/28/2023,Spring,4/28/2023 11:00,11,6,Morning,10,6.75,53,1,0,32
4/29/2023,Spring,4/28/2023 20:00,20,7,Evening,40,4.5,53,0,1,74
4/29/2023,Spring,4/28/2023 21:00,21,7,Evening,40,4.5,51,0,1,79
4/29/2023,Spring,4/29/2023 10:00,10,7,Morning,40,4.5,51,1,1,74
4/29/2023,Spring,4/29/2023 13:00,13,7,Afternoon,40,4.5,56,0,1,79
4/29/2023,Spring,4/29/2023 12:00,12,7,Afternoon,40,4.5,55,0,1,85
4/29/2023,Spring,4/29/2023 14:00,14,7,Afternoon,40,4.5,58,0,1,80
4/29/2023,Spring,4/29/2023 15:00,15,7,Afternoon,40,4.5,58,0,1,69
4/29/2023,Spring,4/29/2023 16:00,16,7,Afternoon,40,4.5,58,0,1,76
4/29/2023,Spring,4/29/2023 17:00,17,7,Evening,40,4.5,58,0,1,82
4/29/2023,Spring,4/29/2023 18:00,18,7,Evening,40,4.5,56,0,1,88
4/29/2023,Spring,4/29/2023 19:00,19,7,Evening,40,4.5,55,0,1,77
4/29/2023,Spring,4/29/2023 11:00,11,7,Morning,40,4.5,53,1,1,69
4/30/2023,Spring,4/29/2023 20:00,20,1,Evening,40,4.5,53,0,1,75
4/30/2023,Spring,4/29/2023 21:00,21,1,Evening,40,4.5,50,0,1,74
4/30/2023,Spring,4/30/2023 11:00,11,1,Morning,40,4.5,53,1,1,64
4/30/2023,Spring,4/30/2023 12:00,12,1,Afternoon,40,4.5,56,0,1,87
4/30/2023,Spring,4/30/2023 13:00,13,1,Afternoon,40,4.5,58,0,1,85
4/30/2023,Spring,4/30/2023 10:00,10,1,Morning,40,4.5,50,1,1,70
4/30/2023,Spring,4/30/2023 15:00,15,1,Afternoon,40,4.5,60,0,1,87
4/30/2023,Spring,4/30/2023 16:00,16,1,Afternoon,40,4.5,60,0,1,79
4/30/2023,Spring,4/30/2023 17:00,17,1,Evening,40,4.5,59,0,1,85
4/30/2023,Spring,4/30/2023 18:00,18,1,Evening,40,4.5,58,0,1,82
4/30/2023,Spring,4/30/2023 19:00,19,1,Evening,40,4.5,56,0,1,75
4/30/2023,Spring,4/30/2023 14:00,14,1,Afternoon,40,4.5,59,0,1,77
5/1/2023,Spring,4/30/2023 20:00,20,2,Evening,0,7.5,59,0,0,36
5/1/2023,Spring,4/30/2023 21:00,21,2,Evening,0,7.5,56,0,0,36
5/1/2023,Spring,5/1/2023 10:00,10,2,Morning,0,7.5,56,1,0,19
5/1/2023,Spring,5/1/2023 12:00,12,2,Afternoon,0,7.5,62,0,0,31
5/1/2023,Spring,5/1/2023 13:00,13,2,Afternoon,0,7.5,65,0,0,26
5/1/2023,Spring,5/1/2023 14:00,14,2,Afternoon,0,7.5,67,0,0,39
5/1/2023,Spring,5/1/2023 11:00,11,2,Morning,0,7.5,59,1,0,20
5/1/2023,Spring,5/1/2023 17:00,17,2,Evening,0,7.5,67,0,0,39
5/1/2023,Spring,5/1/2023 18:00,18,2,Evening,0,7.5,65,0,0,29
5/1/2023,Spring,5/1/2023 19:00,19,2,Evening,0,7.5,62,0,0,30
5/1/2023,Spring,5/1/2023 16:00,16,2,Afternoon,0,7.5,68,0,0,36
5/1/2023,Spring,5/1/2023 15:00,15,2,Afternoon,0,7.5,68,0,0,30
5/2/2023,Spring,5/2/2023 18:00,18,3,Evening,40,4.5,58,0,0,53
5/2/2023,Spring,5/2/2023 19:00,19,3,Evening,40,4.5,56,0,0,67
5/2/2023,Spring,5/1/2023 20:00,20,3,Evening,40,4.5,53,0,0,67
5/2/2023,Spring,5/2/2023 17:00,17,3,Evening,40,4.5,60,0,0,59
5/2/2023,Spring,5/2/2023 10:00,10,3,Morning,40,4.5,50,1,0,49
5/2/2023,Spring,5/2/2023 11:00,11,3,Morning,40,4.5,53,1,0,45
5/2/2023,Spring,5/2/2023 12:00,12,3,Afternoon,40,4.5,56,0,0,65
5/2/2023,Spring,5/1/2023 21:00,21,3,Evening,40,4.5,50,0,0,62
5/2/2023,Spring,5/2/2023 16:00,16,3,Afternoon,40,4.5,61,0,0,59
5/2/2023,Spring,5/2/2023 15:00,15,3,Afternoon,40,4.5,61,0,0,60
5/2/2023,Spring,5/2/2023 14:00,14,3,Afternoon,40,4.5,60,0,0,58
5/2/2023,Spring,5/2/2023 13:00,13,3,Afternoon,40,4.5,58,0,0,66
5/3/2023,Spring,5/2/2023 21:00,21,4,Evening,0,7.5,53,0,0,37
5/3/2023,Spring,5/3/2023 10:00,10,4,Morning,0,7.5,53,1,0,22
5/3/2023,Spring,5/3/2023 11:00,11,4,Morning,0,7.5,55,1,0,17
5/3/2023,Spring,5/2/2023 20:00,20,4,Evening,0,7.5,55,0,0,26
5/3/2023,Spring,5/3/2023 13:00,13,4,Afternoon,0,7.5,59,0,0,38
5/3/2023,Spring,5/3/2023 14:00,14,4,Afternoon,0,7.5,61,0,0,35
5/3/2023,Spring,5/3/2023 15:00,15,4,Afternoon,0,7.5,61,0,0,35
5/3/2023,Spring,5/3/2023 12:00,12,4,Afternoon,0,7.5,57,0,0,40
5/3/2023,Spring,5/3/2023 17:00,17,4,Evening,0,7.5,61,0,0,31
5/3/2023,Spring,5/3/2023 18:00,18,4,Evening,0,7.5,59,0,0,41
5/3/2023,Spring,5/3/2023 19:00,19,4,Evening,0,7.5,57,0,0,33
5/3/2023,Spring,5/3/2023 16:00,16,4,Afternoon,0,7.5,61,0,0,32
5/4/2023,Spring,5/3/2023 21:00,21,5,Evening,10,6.75,54,0,0,41
5/4/2023,Spring,5/4/2023 10:00,10,5,Morning,10,6.75,54,1,0,30
5/4/2023,Spring,5/4/2023 11:00,11,5,Morning,10,6.75,56,1,0,27
5/4/2023,Spring,5/4/2023 12:00,12,5,Afternoon,10,6.75,58,0,0,38
5/4/2023,Spring,5/4/2023 13:00,13,5,Afternoon,10,6.75,60,0,0,41
5/4/2023,Spring,5/4/2023 14:00,14,5,Afternoon,10,6.75,61,0,0,30
5/4/2023,Spring,5/4/2023 15:00,15,5,Afternoon,10,6.75,62,0,0,40
5/4/2023,Spring,5/4/2023 16:00,16,5,Afternoon,10,6.75,62,0,0,45
5/4/2023,Spring,5/4/2023 17:00,17,5,Evening,10,6.75,61,0,0,42
5/4/2023,Spring,5/4/2023 18:00,18,5,Evening,10,6.75,60,0,0,46
5/4/2023,Spring,5/4/2023 19:00,19,5,Evening,10,6.75,58,0,0,45
5/4/2023,Spring,5/3/2023 20:00,20,5,Evening,10,6.75,56,0,0,45
5/5/2023,Spring,5/4/2023 20:00,20,6,Evening,0,7.5,68,0,0,40
5/5/2023,Spring,5/5/2023 13:00,13,6,Afternoon,0,7.5,73,0,0,29
5/5/2023,Spring,5/5/2023 10:00,10,6,Morning,0,7.5,64,1,0,22
5/5/2023,Spring,5/5/2023 11:00,11,6,Morning,0,7.5,68,1,0,31
5/5/2023,Spring,5/5/2023 12:00,12,6,Afternoon,0,7.5,71,0,0,35
5/5/2023,Spring,5/5/2023 17:00,17,6,Evening,0,7.5,75,0,0,40
5/5/2023,Spring,5/5/2023 14:00,14,6,Afternoon,0,7.5,75,0,0,39
5/5/2023,Spring,5/5/2023 15:00,15,6,Afternoon,0,7.5,76,0,0,41
5/5/2023,Spring,5/5/2023 16:00,16,6,Afternoon,0,7.5,76,0,0,37
5/5/2023,Spring,5/4/2023 21:00,21,6,Evening,0,7.5,64,0,0,33
5/5/2023,Spring,5/5/2023 18:00,18,6,Evening,0,7.5,73,0,0,38
5/5/2023,Spring,5/5/2023 19:00,19,6,Evening,0,7.5,71,0,0,38
5/6/2023,Spring,5/5/2023 20:00,20,7,Evening,0,7.5,53,0,1,52
5/6/2023,Spring,5/6/2023 11:00,11,7,Morning,0,7.5,53,1,1,39
5/6/2023,Spring,5/6/2023 10:00,10,7,Morning,0,7.5,52,1,1,41
5/6/2023,Spring,5/6/2023 12:00,12,7,Afternoon,0,7.5,55,0,1,49
5/6/2023,Spring,5/6/2023 13:00,13,7,Afternoon,0,7.5,56,0,1,59
5/6/2023,Spring,5/6/2023 14:00,14,7,Afternoon,0,7.5,57,0,1,65
5/6/2023,Spring,5/6/2023 15:00,15,7,Afternoon,0,7.5,58,0,1,61
5/6/2023,Spring,5/6/2023 16:00,16,7,Afternoon,0,7.5,58,0,1,52
5/6/2023,Spring,5/6/2023 17:00,17,7,Evening,0,7.5,57,0,1,45
5/6/2023,Spring,5/6/2023 18:00,18,7,Evening,0,7.5,56,0,1,54
5/6/2023,Spring,5/6/2023 19:00,19,7,Evening,0,7.5,55,0,1,58
5/6/2023,Spring,5/5/2023 21:00,21,7,Evening,0,7.5,52,0,1,57
5/7/2023,Spring,5/6/2023 21:00,21,1,Evening,10,6.75,56,0,1,54
5/7/2023,Spring,5/7/2023 10:00,10,1,Morning,10,6.75,56,1,1,41
5/7/2023,Spring,5/7/2023 11:00,11,1,Morning,10,6.75,58,1,1,48
5/7/2023,Spring,5/6/2023 20:00,20,1,Evening,10,6.75,58,0,1,64
5/7/2023,Spring,5/7/2023 13:00,13,1,Afternoon,10,6.75,60,0,1,65
5/7/2023,Spring,5/7/2023 14:00,14,1,Afternoon,10,6.75,61,0,1,65
5/7/2023,Spring,5/7/2023 15:00,15,1,Afternoon,10,6.75,62,0,1,56
5/7/2023,Spring,5/7/2023 16:00,16,1,Afternoon,10,6.75,62,0,1,55
5/7/2023,Spring,5/7/2023 17:00,17,1,Evening,10,6.75,61,0,1,51
5/7/2023,Spring,5/7/2023 18:00,18,1,Evening,10,6.75,60,0,1,63
5/7/2023,Spring,5/7/2023 19:00,19,1,Evening,10,6.75,59,0,1,65
5/7/2023,Spring,5/7/2023 12:00,12,1,Afternoon,10,6.75,59,0,1,62
5/8/2023,Spring,5/7/2023 20:00,20,2,Evening,30,5.25,59,0,0,51
5/8/2023,Spring,5/8/2023 10:00,10,2,Morning,30,5.25,55,1,0,51
5/8/2023,Spring,5/8/2023 11:00,11,2,Morning,30,5.25,59,1,0,42
5/8/2023,Spring,5/8/2023 12:00,12,2,Afternoon,30,5.25,62,0,0,66
5/8/2023,Spring,5/7/2023 21:00,21,2,Evening,30,5.25,55,0,0,59
5/8/2023,Spring,5/8/2023 17:00,17,2,Evening,30,5.25,66,0,0,64
5/8/2023,Spring,5/8/2023 14:00,14,2,Afternoon,30,5.25,66,0,0,59
5/8/2023,Spring,5/8/2023 15:00,15,2,Afternoon,30,5.25,67,0,0,57
5/8/2023,Spring,5/8/2023 16:00,16,2,Afternoon,30,5.25,67,0,0,53
5/8/2023,Spring,5/8/2023 13:00,13,2,Afternoon,30,5.25,64,0,0,54
5/8/2023,Spring,5/8/2023 18:00,18,2,Evening,30,5.25,64,0,0,57
5/8/2023,Spring,5/8/2023 19:00,19,2,Evening,30,5.25,62,0,0,58
5/9/2023,Spring,5/8/2023 20:00,20,3,Evening,50,3.75,52,0,0,69
5/9/2023,Spring,5/9/2023 15:00,15,3,Afternoon,50,3.75,58,0,0,70
5/9/2023,Spring,5/9/2023 10:00,10,3,Morning,50,3.75,50,1,0,58
5/9/2023,Spring,5/9/2023 11:00,11,3,Morning,50,3.75,52,1,0,55
5/9/2023,Spring,5/9/2023 12:00,12,3,Afternoon,50,3.75,55,0,0,67
5/9/2023,Spring,5/8/2023 21:00,21,3,Evening,50,3.75,50,0,0,62
5/9/2023,Spring,5/9/2023 14:00,14,3,Afternoon,50,3.75,58,0,0,75
5/9/2023,Spring,5/9/2023 16:00,16,3,Afternoon,50,3.75,58,0,0,71
5/9/2023,Spring,5/9/2023 17:00,17,3,Evening,50,3.75,58,0,0,70
5/9/2023,Spring,5/9/2023 18:00,18,3,Evening,50,3.75,56,0,0,66
5/9/2023,Spring,5/9/2023 19:00,19,3,Evening,50,3.75,55,0,0,69
5/9/2023,Spring,5/9/2023 13:00,13,3,Afternoon,50,3.75,56,0,0,65
5/10/2023,Spring,5/9/2023 21:00,21,4,Evening,40,4.5,55,0,0,58
5/10/2023,Spring,5/10/2023 10:00,10,4,Morning,40,4.5,55,1,0,41
5/10/2023,Spring,5/10/2023 11:00,11,4,Morning,40,4.5,56,1,0,56
5/10/2023,Spring,5/9/2023 20:00,20,4,Evening,40,4.5,56,0,0,64
5/10/2023,Spring,5/10/2023 13:00,13,4,Afternoon,40,4.5,59,0,0,58
5/10/2023,Spring,5/10/2023 14:00,14,4,Afternoon,40,4.5,59,0,0,69
5/10/2023,Spring,5/10/2023 15:00,15,4,Afternoon,40,4.5,60,0,0,67
5/10/2023,Spring,5/10/2023 12:00,12,4,Afternoon,40,4.5,58,0,0,67
5/10/2023,Spring,5/10/2023 17:00,17,4,Evening,40,4.5,59,0,0,62
5/10/2023,Spring,5/10/2023 18:00,18,4,Evening,40,4.5,59,0,0,61
5/10/2023,Spring,5/10/2023 19:00,19,4,Evening,40,4.5,58,0,0,63
5/10/2023,Spring,5/10/2023 16:00,16,4,Afternoon,40,4.5,60,0,0,66
5/11/2023,Spring,5/10/2023 20:00,20,5,Evening,10,6.75,65,0,0,47
5/11/2023,Spring,5/11/2023 10:00,10,5,Morning,10,6.75,62,1,0,37
5/11/2023,Spring,5/11/2023 11:00,11,5,Morning,10,6.75,65,1,0,27
5/11/2023,Spring,5/11/2023 12:00,12,5,Afternoon,10,6.75,68,0,0,39
5/11/2023,Spring,5/10/2023 21:00,21,5,Evening,10,6.75,62,0,0,43
5/11/2023,Spring,5/11/2023 14:00,14,5,Afternoon,10,6.75,71,0,0,60
5/11/2023,Spring,5/11/2023 15:00,15,5,Afternoon,10,6.75,72,0,0,42
5/11/2023,Spring,5/11/2023 16:00,16,5,Afternoon,10,6.75,72,0,0,50
5/11/2023,Spring,5/11/2023 13:00,13,5,Afternoon,10,6.75,70,0,0,43
5/11/2023,Spring,5/11/2023 17:00,17,5,Evening,10,6.75,71,0,0,42
5/11/2023,Spring,5/11/2023 18:00,18,5,Evening,10,6.75,70,0,0,41
5/11/2023,Spring,5/11/2023 19:00,19,5,Evening,10,6.75,68,0,0,43
5/12/2023,Spring,5/12/2023 17:00,17,6,Evening,10,6.75,65,0,0,52
5/12/2023,Spring,5/12/2023 19:00,19,6,Evening,10,6.75,62,0,0,44
5/12/2023,Spring,5/11/2023 21:00,21,6,Evening,10,6.75,57,0,0,44
5/12/2023,Spring,5/12/2023 10:00,10,6,Morning,10,6.75,57,1,0,33
5/12/2023,Spring,5/12/2023 11:00,11,6,Morning,10,6.75,60,1,0,40
5/12/2023,Spring,5/11/2023 20:00,20,6,Evening,10,6.75,60,0,0,46
5/12/2023,Spring,5/12/2023 13:00,13,6,Afternoon,10,6.75,64,0,0,36
5/12/2023,Spring,5/12/2023 14:00,14,6,Afternoon,10,6.75,65,0,0,38
5/12/2023,Spring,5/12/2023 15:00,15,6,Afternoon,10,6.75,66,0,0,36
5/12/2023,Spring,5/12/2023 12:00,12,6,Afternoon,10,6.75,62,0,0,29
5/12/2023,Spring,5/12/2023 18:00,18,6,Evening,10,6.75,64,0,0,50
5/12/2023,Spring,5/12/2023 16:00,16,6,Afternoon,10,6.75,66,0,0,41
5/13/2023,Spring,5/12/2023 21:00,21,7,Evening,10,6.75,55,0,1,62
5/13/2023,Spring,5/13/2023 10:00,10,7,Morning,10,6.75,55,1,1,53
5/13/2023,Spring,5/13/2023 11:00,11,7,Morning,10,6.75,58,1,1,45
5/13/2023,Spring,5/13/2023 12:00,12,7,Afternoon,10,6.75,60,0,1,60
5/13/2023,Spring,5/13/2023 13:00,13,7,Afternoon,10,6.75,62,0,1,63
5/13/2023,Spring,5/13/2023 14:00,14,7,Afternoon,10,6.75,64,0,1,63
5/13/2023,Spring,5/13/2023 15:00,15,7,Afternoon,10,6.75,65,0,1,58
5/13/2023,Spring,5/13/2023 16:00,16,7,Afternoon,10,6.75,65,0,1,65
5/13/2023,Spring,5/13/2023 17:00,17,7,Evening,10,6.75,64,0,1,64
5/13/2023,Spring,5/13/2023 18:00,18,7,Evening,10,6.75,62,0,1,60
5/13/2023,Spring,5/13/2023 19:00,19,7,Evening,10,6.75,60,0,1,55
5/13/2023,Spring,5/12/2023 20:00,20,7,Evening,10,6.75,58,0,1,64
5/14/2023,Spring,5/13/2023 20:00,20,1,Evening,50,3.75,55,0,1,94
5/14/2023,Spring,5/14/2023 10:00,10,1,Morning,50,3.75,53,1,1,82
5/14/2023,Spring,5/14/2023 11:00,11,1,Morning,50,3.75,55,1,1,79
5/14/2023,Spring,5/14/2023 12:00,12,1,Afternoon,50,3.75,57,0,1,85
5/14/2023,Spring,5/14/2023 13:00,13,1,Afternoon,50,3.75,58,0,1,85
5/14/2023,Spring,5/14/2023 14:00,14,1,Afternoon,50,3.75,59,0,1,85
5/14/2023,Spring,5/14/2023 15:00,15,1,Afternoon,50,3.75,60,0,1,86
5/14/2023,Spring,5/14/2023 16:00,16,1,Afternoon,50,3.75,60,0,1,91
5/14/2023,Spring,5/14/2023 17:00,17,1,Evening,50,3.75,59,0,1,89
5/14/2023,Spring,5/14/2023 18:00,18,1,Evening,50,3.75,58,0,1,78
5/14/2023,Spring,5/14/2023 19:00,19,1,Evening,50,3.75,57,0,1,78
5/14/2023,Spring,5/13/2023 21:00,21,1,Evening,50,3.75,53,0,1,87
5/15/2023,Spring,5/14/2023 20:00,20,2,Evening,50,3.75,46,0,0,70
5/15/2023,Spring,5/14/2023 21:00,21,2,Evening,50,3.75,45,0,0,57
5/15/2023,Spring,5/15/2023 14:00,14,2,Afternoon,50,3.75,50,0,0,65
5/15/2023,Spring,5/15/2023 11:00,11,2,Morning,50,3.75,46,1,0,57
5/15/2023,Spring,5/15/2023 12:00,12,2,Afternoon,50,3.75,48,0,0,76
5/15/2023,Spring,5/15/2023 13:00,13,2,Afternoon,50,3.75,49,0,0,59
5/15/2023,Spring,5/15/2023 18:00,18,2,Evening,50,3.75,49,0,0,63
5/15/2023,Spring,5/15/2023 15:00,15,2,Afternoon,50,3.75,51,0,0,64
5/15/2023,Spring,5/15/2023 16:00,16,2,Afternoon,50,3.75,51,0,0,70
5/15/2023,Spring,5/15/2023 17:00,17,2,Evening,50,3.75,50,0,0,71
5/15/2023,Spring,5/15/2023 10:00,10,2,Morning,50,3.75,45,1,0,55
5/15/2023,Spring,5/15/2023 19:00,19,2,Evening,50,3.75,48,0,0,61
5/16/2023,Spring,5/15/2023 20:00,20,3,Evening,30,5.25,62,0,0,54
5/16/2023,Spring,5/15/2023 21:00,21,3,Evening,30,5.25,61,0,0,54
5/16/2023,Spring,5/16/2023 12:00,12,3,Afternoon,30,5.25,64,0,0,56
5/16/2023,Spring,5/16/2023 11:00,11,3,Morning,30,5.25,62,1,0,52
5/16/2023,Spring,5/16/2023 13:00,13,3,Afternoon,30,5.25,65,0,0,54
5/16/2023,Spring,5/16/2023 14:00,14,3,Afternoon,30,5.25,66,0,0,58
5/16/2023,Spring,5/16/2023 15:00,15,3,Afternoon,30,5.25,66,0,0,54
5/16/2023,Spring,5/16/2023 16:00,16,3,Afternoon,30,5.25,66,0,0,51
5/16/2023,Spring,5/16/2023 17:00,17,3,Evening,30,5.25,66,0,0,61
5/16/2023,Spring,5/16/2023 18:00,18,3,Evening,30,5.25,65,0,0,52
5/16/2023,Spring,5/16/2023 19:00,19,3,Evening,30,5.25,64,0,0,71
5/16/2023,Spring,5/16/2023 10:00,10,3,Morning,30,5.25,61,1,0,45
5/17/2023,Spring,5/16/2023 20:00,20,4,Evening,40,4.5,50,0,0,63
5/17/2023,Spring,5/17/2023 10:00,10,4,Morning,40,4.5,48,1,0,49
5/17/2023,Spring,5/17/2023 11:00,11,4,Morning,40,4.5,50,1,0,59
5/17/2023,Spring,5/17/2023 12:00,12,4,Afternoon,40,4.5,52,0,0,66
5/17/2023,Spring,5/16/2023 21:00,21,4,Evening,40,4.5,48,0,0,61
5/17/2023,Spring,5/17/2023 14:00,14,4,Afternoon,40,4.5,56,0,0,57
5/17/2023,Spring,5/17/2023 15:00,15,4,Afternoon,40,4.5,56,0,0,58
5/17/2023,Spring,5/17/2023 16:00,16,4,Afternoon,40,4.5,56,0,0,59
5/17/2023,Spring,5/17/2023 17:00,17,4,Evening,40,4.5,56,0,0,69
5/17/2023,Spring,5/17/2023 18:00,18,4,Evening,40,4.5,54,0,0,62
5/17/2023,Spring,5/17/2023 19:00,19,4,Evening,40,4.5,52,0,0,59
5/17/2023,Spring,5/17/2023 13:00,13,4,Afternoon,40,4.5,54,0,0,67
5/18/2023,Spring,5/17/2023 20:00,20,5,Evening,10,6.75,61,0,0,49
5/18/2023,Spring,5/17/2023 21:00,21,5,Evening,10,6.75,59,0,0,39
5/18/2023,Spring,5/18/2023 11:00,11,5,Morning,10,6.75,61,1,0,27
5/18/2023,Spring,5/18/2023 12:00,12,5,Afternoon,10,6.75,64,0,0,45
5/18/2023,Spring,5/18/2023 13:00,13,5,Afternoon,10,6.75,66,0,0,44
5/18/2023,Spring,5/18/2023 10:00,10,5,Morning,10,6.75,59,1,0,31
5/18/2023,Spring,5/18/2023 18:00,18,5,Evening,10,6.75,66,0,0,52
5/18/2023,Spring,5/18/2023 15:00,15,5,Afternoon,10,6.75,68,0,0,44
5/18/2023,Spring,5/18/2023 16:00,16,5,Afternoon,10,6.75,68,0,0,42
5/18/2023,Spring,5/18/2023 17:00,17,5,Evening,10,6.75,67,0,0,46
5/18/2023,Spring,5/18/2023 14:00,14,5,Afternoon,10,6.75,67,0,0,43
5/18/2023,Spring,5/18/2023 19:00,19,5,Evening,10,6.75,64,0,0,46
5/19/2023,Spring,5/18/2023 20:00,20,6,Evening,20,6,66,0,0,49
5/19/2023,Spring,5/18/2023 21:00,21,6,Evening,20,6,65,0,0,53
5/19/2023,Spring,5/19/2023 16:00,16,6,Afternoon,20,6,71,0,0,44
5/19/2023,Spring,5/19/2023 11:00,11,6,Morning,20,6,66,1,0,38
5/19/2023,Spring,5/19/2023 12:00,12,6,Afternoon,20,6,68,0,0,48
5/19/2023,Spring,5/19/2023 13:00,13,6,Afternoon,20,6,69,0,0,45
5/19/2023,Spring,5/19/2023 10:00,10,6,Morning,20,6,65,1,0,35
5/19/2023,Spring,5/19/2023 15:00,15,6,Afternoon,20,6,71,0,0,53
5/19/2023,Spring,5/19/2023 17:00,17,6,Evening,20,6,70,0,0,52
5/19/2023,Spring,5/19/2023 18:00,18,6,Evening,20,6,69,0,0,55
5/19/2023,Spring,5/19/2023 19:00,19,6,Evening,20,6,68,0,0,56
5/19/2023,Spring,5/19/2023 14:00,14,6,Afternoon,20,6,70,0,0,55
5/20/2023,Spring,5/19/2023 20:00,20,7,Evening,50,3.75,50,0,1,85
5/20/2023,Spring,5/20/2023 10:00,10,7,Morning,50,3.75,48,1,1,67
5/20/2023,Spring,5/20/2023 11:00,11,7,Morning,50,3.75,50,1,1,73
5/20/2023,Spring,5/20/2023 12:00,12,7,Afternoon,50,3.75,51,0,1,92
5/20/2023,Spring,5/19/2023 21:00,21,7,Evening,50,3.75,48,0,1,85
5/20/2023,Spring,5/20/2023 14:00,14,7,Afternoon,50,3.75,53,0,1,78
5/20/2023,Spring,5/20/2023 15:00,15,7,Afternoon,50,3.75,54,0,1,89
5/20/2023,Spring,5/20/2023 16:00,16,7,Afternoon,50,3.75,54,0,1,88
5/20/2023,Spring,5/20/2023 13:00,13,7,Afternoon,50,3.75,53,0,1,85
5/20/2023,Spring,5/20/2023 18:00,18,7,Evening,50,3.75,53,0,1,88
5/20/2023,Spring,5/20/2023 19:00,19,7,Evening,50,3.75,51,0,1,93
5/20/2023,Spring,5/20/2023 17:00,17,7,Evening,50,3.75,53,0,1,93
5/21/2023,Spring,5/20/2023 20:00,20,1,Evening,0,7.5,62,0,1,52
5/21/2023,Spring,5/20/2023 21:00,21,1,Evening,0,7.5,59,0,1,54
5/21/2023,Spring,5/21/2023 11:00,11,1,Morning,0,7.5,62,1,1,34
5/21/2023,Spring,5/21/2023 12:00,12,1,Afternoon,0,7.5,64,0,1,51
5/21/2023,Spring,5/21/2023 13:00,13,1,Afternoon,0,7.5,67,0,1,66
5/21/2023,Spring,5/21/2023 10:00,10,1,Morning,0,7.5,59,1,1,48
5/21/2023,Spring,5/21/2023 15:00,15,1,Afternoon,0,7.5,69,0,1,55
5/21/2023,Spring,5/21/2023 16:00,16,1,Afternoon,0,7.5,69,0,1,52
5/21/2023,Spring,5/21/2023 17:00,17,1,Evening,0,7.5,68,0,1,49
5/21/2023,Spring,5/21/2023 14:00,14,1,Afternoon,0,7.5,68,0,1,66
5/21/2023,Spring,5/21/2023 18:00,18,1,Evening,0,7.5,67,0,1,56
5/21/2023,Spring,5/21/2023 19:00,19,1,Evening,0,7.5,64,0,1,52
5/22/2023,Spring,5/22/2023 17:00,17,2,Evening,50,3.75,62,0,0,76
5/22/2023,Spring,5/21/2023 20:00,20,2,Evening,50,3.75,56,0,0,65
5/22/2023,Spring,5/22/2023 18:00,18,2,Evening,50,3.75,60,0,0,74
5/22/2023,Spring,5/22/2023 10:00,10,2,Morning,50,3.75,54,1,0,65
5/22/2023,Spring,5/22/2023 11:00,11,2,Morning,50,3.75,56,1,0,57
5/22/2023,Spring,5/22/2023 12:00,12,2,Afternoon,50,3.75,59,0,0,78
5/22/2023,Spring,5/21/2023 21:00,21,2,Evening,50,3.75,54,0,0,73
5/22/2023,Spring,5/22/2023 14:00,14,2,Afternoon,50,3.75,62,0,0,68
5/22/2023,Spring,5/22/2023 15:00,15,2,Afternoon,50,3.75,63,0,0,74
5/22/2023,Spring,5/22/2023 16:00,16,2,Afternoon,50,3.75,63,0,0,68
5/22/2023,Spring,5/22/2023 13:00,13,2,Afternoon,50,3.75,60,0,0,68
5/22/2023,Spring,5/22/2023 19:00,19,2,Evening,50,3.75,59,0,0,74
5/23/2023,Spring,5/22/2023 21:00,21,3,Evening,30,5.25,47,0,0,52
5/23/2023,Spring,5/23/2023 10:00,10,3,Morning,30,5.25,47,1,0,42
5/23/2023,Spring,5/23/2023 11:00,11,3,Morning,30,5.25,50,1,0,48
5/23/2023,Spring,5/23/2023 12:00,12,3,Afternoon,30,5.25,53,0,0,50
5/23/2023,Spring,5/23/2023 13:00,13,3,Afternoon,30,5.25,56,0,0,64
5/23/2023,Spring,5/23/2023 14:00,14,3,Afternoon,30,5.25,58,0,0,67
5/23/2023,Spring,5/23/2023 15:00,15,3,Afternoon,30,5.25,58,0,0,59
5/23/2023,Spring,5/23/2023 16:00,16,3,Afternoon,30,5.25,58,0,0,58
5/23/2023,Spring,5/23/2023 17:00,17,3,Evening,30,5.25,58,0,0,54
5/23/2023,Spring,5/23/2023 18:00,18,3,Evening,30,5.25,56,0,0,58
5/23/2023,Spring,5/23/2023 19:00,19,3,Evening,30,5.25,53,0,0,53
5/23/2023,Spring,5/22/2023 20:00,20,3,Evening,30,5.25,50,0,0,57
5/24/2023,Spring,5/23/2023 20:00,20,4,Evening,20,6,50,0,0,45
5/24/2023,Spring,5/23/2023 21:00,21,4,Evening,20,6,47,0,0,51
5/24/2023,Spring,5/24/2023 11:00,11,4,Morning,20,6,50,1,0,38
5/24/2023,Spring,5/24/2023 12:00,12,4,Afternoon,20,6,53,0,0,55
5/24/2023,Spring,5/24/2023 13:00,13,4,Afternoon,20,6,55,0,0,59
5/24/2023,Spring,5/24/2023 14:00,14,4,Afternoon,20,6,57,0,0,46
5/24/2023,Spring,5/24/2023 15:00,15,4,Afternoon,20,6,57,0,0,54
5/24/2023,Spring,5/24/2023 16:00,16,4,Afternoon,20,6,57,0,0,42
5/24/2023,Spring,5/24/2023 17:00,17,4,Evening,20,6,57,0,0,47
5/24/2023,Spring,5/24/2023 18:00,18,4,Evening,20,6,55,0,0,54
5/24/2023,Spring,5/24/2023 19:00,19,4,Evening,20,6,53,0,0,45
5/24/2023,Spring,5/24/2023 10:00,10,4,Morning,20,6,47,1,0,36
5/25/2023,Spring,5/24/2023 20:00,20,5,Evening,50,3.75,48,0,0,65
5/25/2023,Spring,5/24/2023 21:00,21,5,Evening,50,3.75,47,0,0,67
5/25/2023,Spring,5/25/2023 10:00,10,5,Morning,50,3.75,47,1,0,57
5/25/2023,Spring,5/25/2023 15:00,15,5,Afternoon,50,3.75,52,0,0,67
5/25/2023,Spring,5/25/2023 12:00,12,5,Afternoon,50,3.75,50,0,0,60
5/25/2023,Spring,5/25/2023 13:00,13,5,Afternoon,50,3.75,51,0,0,71
5/25/2023,Spring,5/25/2023 14:00,14,5,Afternoon,50,3.75,52,0,0,72
5/25/2023,Spring,5/25/2023 19:00,19,5,Evening,50,3.75,50,0,0,70
5/25/2023,Spring,5/25/2023 16:00,16,5,Afternoon,50,3.75,52,0,0,67
5/25/2023,Spring,5/25/2023 17:00,17,5,Evening,50,3.75,52,0,0,74
5/25/2023,Spring,5/25/2023 18:00,18,5,Evening,50,3.75,51,0,0,75
5/25/2023,Spring,5/25/2023 11:00,11,5,Morning,50,3.75,48,1,0,45
5/26/2023,Spring,5/25/2023 20:00,20,6,Evening,20,6,55,0,0,54
5/26/2023,Spring,5/25/2023 21:00,21,6,Evening,20,6,52,0,0,39
5/26/2023,Spring,5/26/2023 10:00,10,6,Morning,20,6,52,1,0,34
5/26/2023,Spring,5/26/2023 13:00,13,6,Afternoon,20,6,60,0,0,44
5/26/2023,Spring,5/26/2023 12:00,12,6,Afternoon,20,6,58,0,0,46
5/26/2023,Spring,5/26/2023 14:00,14,6,Afternoon,20,6,62,0,0,57
5/26/2023,Spring,5/26/2023 15:00,15,6,Afternoon,20,6,62,0,0,53
5/26/2023,Spring,5/26/2023 16:00,16,6,Afternoon,20,6,62,0,0,52
5/26/2023,Spring,5/26/2023 17:00,17,6,Evening,20,6,62,0,0,40
5/26/2023,Spring,5/26/2023 18:00,18,6,Evening,20,6,60,0,0,51
5/26/2023,Spring,5/26/2023 19:00,19,6,Evening,20,6,58,0,0,52
5/26/2023,Spring,5/26/2023 11:00,11,6,Morning,20,6,55,1,0,40
5/27/2023,Spring,5/26/2023 20:00,20,7,Evening,20,6,51,0,1,61
5/27/2023,Spring,5/26/2023 21:00,21,7,Evening,20,6,48,0,1,70
5/27/2023,Spring,5/27/2023 11:00,11,7,Morning,20,6,51,1,1,46
5/27/2023,Spring,5/27/2023 12:00,12,7,Afternoon,20,6,54,0,1,75
5/27/2023,Spring,5/27/2023 13:00,13,7,Afternoon,20,6,57,0,1,63
5/27/2023,Spring,5/27/2023 10:00,10,7,Morning,20,6,48,1,1,57
5/27/2023,Spring,5/27/2023 15:00,15,7,Afternoon,20,6,59,0,1,69
5/27/2023,Spring,5/27/2023 16:00,16,7,Afternoon,20,6,59,0,1,62
5/27/2023,Spring,5/27/2023 17:00,17,7,Evening,20,6,58,0,1,73
5/27/2023,Spring,5/27/2023 18:00,18,7,Evening,20,6,57,0,1,67
5/27/2023,Spring,5/27/2023 19:00,19,7,Evening,20,6,54,0,1,71
5/27/2023,Spring,5/27/2023 14:00,14,7,Afternoon,20,6,58,0,1,68
5/28/2023,Spring,5/27/2023 20:00,20,1,Evening,50,3.75,61,0,1,92
5/28/2023,Spring,5/27/2023 21:00,21,1,Evening,50,3.75,58,0,1,87
5/28/2023,Spring,5/28/2023 10:00,10,1,Morning,50,3.75,58,1,1,81
5/28/2023,Spring,5/28/2023 12:00,12,1,Afternoon,50,3.75,64,0,1,86
5/28/2023,Spring,5/28/2023 13:00,13,1,Afternoon,50,3.75,66,0,1,91
5/28/2023,Spring,5/28/2023 14:00,14,1,Afternoon,50,3.75,67,0,1,90
5/28/2023,Spring,5/28/2023 11:00,11,1,Morning,50,3.75,61,1,1,80
5/28/2023,Spring,5/28/2023 19:00,19,1,Evening,50,3.75,64,0,1,85
5/28/2023,Spring,5/28/2023 16:00,16,1,Afternoon,50,3.75,68,0,1,90
5/28/2023,Spring,5/28/2023 17:00,17,1,Evening,50,3.75,67,0,1,86
5/28/2023,Spring,5/28/2023 18:00,18,1,Evening,50,3.75,66,0,1,93
5/28/2023,Spring,5/28/2023 15:00,15,1,Afternoon,50,3.75,68,0,1,86
5/29/2023,Spring,5/28/2023 20:00,20,2,Evening,10,6.75,67,0,0,52
5/29/2023,Spring,5/28/2023 21:00,21,2,Evening,10,6.75,66,0,0,48
5/29/2023,Spring,5/29/2023 10:00,10,2,Morning,10,6.75,66,1,0,30
5/29/2023,Spring,5/29/2023 17:00,17,2,Evening,10,6.75,71,0,0,50
5/29/2023,Spring,5/29/2023 12:00,12,2,Afternoon,10,6.75,69,0,0,44
5/29/2023,Spring,5/29/2023 13:00,13,2,Afternoon,10,6.75,70,0,0,47
5/29/2023,Spring,5/29/2023 14:00,14,2,Afternoon,10,6.75,71,0,0,47
5/29/2023,Spring,5/29/2023 11:00,11,2,Morning,10,6.75,67,1,0,32
5/29/2023,Spring,5/29/2023 16:00,16,2,Afternoon,10,6.75,71,0,0,41
5/29/2023,Spring,5/29/2023 18:00,18,2,Evening,10,6.75,70,0,0,38
5/29/2023,Spring,5/29/2023 19:00,19,2,Evening,10,6.75,69,0,0,36
5/29/2023,Spring,5/29/2023 15:00,15,2,Afternoon,10,6.75,71,0,0,42
5/30/2023,Spring,5/29/2023 20:00,20,3,Evening,30,5.25,52,0,0,59
5/30/2023,Spring,5/29/2023 21:00,21,3,Evening,30,5.25,49,0,0,54
5/30/2023,Spring,5/30/2023 11:00,11,3,Morning,30,5.25,52,1,0,37
5/30/2023,Spring,5/30/2023 12:00,12,3,Afternoon,30,5.25,55,0,0,67
5/30/2023,Spring,5/30/2023 13:00,13,3,Afternoon,30,5.25,58,0,0,60
5/30/2023,Spring,5/30/2023 10:00,10,3,Morning,30,5.25,49,1,0,52
5/30/2023,Spring,5/30/2023 15:00,15,3,Afternoon,30,5.25,60,0,0,63
5/30/2023,Spring,5/30/2023 16:00,16,3,Afternoon,30,5.25,60,0,0,54
5/30/2023,Spring,5/30/2023 17:00,17,3,Evening,30,5.25,59,0,0,54
5/30/2023,Spring,5/30/2023 14:00,14,3,Afternoon,30,5.25,59,0,0,49
5/30/2023,Spring,5/30/2023 19:00,19,3,Evening,30,5.25,55,0,0,60
5/30/2023,Spring,5/30/2023 18:00,18,3,Evening,30,5.25,58,0,0,64
5/31/2023,Spring,5/30/2023 20:00,20,4,Evening,30,5.25,62,0,0,52
5/31/2023,Spring,5/30/2023 21:00,21,4,Evening,30,5.25,59,0,0,50
5/31/2023,Spring,5/31/2023 10:00,10,4,Morning,30,5.25,59,1,0,48
5/31/2023,Spring,5/31/2023 12:00,12,4,Afternoon,30,5.25,64,0,0,50
5/31/2023,Spring,5/31/2023 13:00,13,4,Afternoon,30,5.25,67,0,0,67
5/31/2023,Spring,5/31/2023 14:00,14,4,Afternoon,30,5.25,68,0,0,61
5/31/2023,Spring,5/31/2023 11:00,11,4,Morning,30,5.25,62,1,0,36
5/31/2023,Spring,5/31/2023 16:00,16,4,Afternoon,30,5.25,69,0,0,60
5/31/2023,Spring,5/31/2023 17:00,17,4,Evening,30,5.25,68,0,0,58
5/31/2023,Spring,5/31/2023 18:00,18,4,Evening,30,5.25,67,0,0,45
5/31/2023,Spring,5/31/2023 15:00,15,4,Afternoon,30,5.25,69,0,0,58
5/31/2023,Spring,5/31/2023 19:00,19,4,Evening,30,5.25,64,0,0,54
6/1/2023,Summer,6/1/2023 15:00,15,5,Afternoon,10,6.75,90,0,0,43
6/1/2023,Summer,6/1/2023 16:00,16,5,Afternoon,10,6.75,90,0,0,49
6/1/2023,Summer,5/31/2023 20:00,20,5,Evening,10,6.75,86,0,0,51
6/1/2023,Summer,5/31/2023 21:00,21,5,Evening,10,6.75,84,0,0,55
6/1/2023,Summer,6/1/2023 10:00,10,5,Morning,10,6.75,84,1,0,20
6/1/2023,Summer,6/1/2023 11:00,11,5,Morning,10,6.75,86,1,0,37
6/1/2023,Summer,6/1/2023 12:00,12,5,Afternoon,10,6.75,87,0,0,42
6/1/2023,Summer,6/1/2023 13:00,13,5,Afternoon,10,6.75,88,0,0,53
6/1/2023,Summer,6/1/2023 14:00,14,5,Afternoon,10,6.75,89,0,0,49
6/1/2023,Summer,6/1/2023 19:00,19,5,Evening,10,6.75,87,0,0,54
6/1/2023,Summer,6/1/2023 17:00,17,5,Evening,10,6.75,89,0,0,40
6/1/2023,Summer,6/1/2023 18:00,18,5,Evening,10,6.75,88,0,0,50
6/2/2023,Summer,6/2/2023 10:00,10,6,Morning,20,6,82,1,0,42
6/2/2023,Summer,6/2/2023 11:00,11,6,Morning,20,6,85,1,0,46
6/2/2023,Summer,6/1/2023 20:00,20,6,Evening,20,6,85,0,0,52
6/2/2023,Summer,6/1/2023 21:00,21,6,Evening,20,6,82,0,0,59
6/2/2023,Summer,6/2/2023 14:00,14,6,Afternoon,20,6,91,0,0,52
6/2/2023,Summer,6/2/2023 15:00,15,6,Afternoon,20,6,92,0,0,53
6/2/2023,Summer,6/2/2023 12:00,12,6,Afternoon,20,6,87,0,0,54
6/2/2023,Summer,6/2/2023 13:00,13,6,Afternoon,20,6,90,0,0,49
6/2/2023,Summer,6/2/2023 18:00,18,6,Evening,20,6,90,0,0,52
6/2/2023,Summer,6/2/2023 19:00,19,6,Evening,20,6,87,0,0,59
6/2/2023,Summer,6/2/2023 17:00,17,6,Evening,20,6,91,0,0,63
6/2/2023,Summer,6/2/2023 16:00,16,6,Afternoon,20,6,92,0,0,60
6/3/2023,Summer,6/2/2023 21:00,21,7,Evening,0,7.5,75,0,1,55
6/3/2023,Summer,6/3/2023 10:00,10,7,Morning,0,7.5,75,1,1,45
6/3/2023,Summer,6/3/2023 11:00,11,7,Morning,0,7.5,78,1,1,44
6/3/2023,Summer,6/3/2023 13:00,13,7,Afternoon,0,7.5,84,0,1,52
6/3/2023,Summer,6/3/2023 14:00,14,7,Afternoon,0,7.5,86,0,1,60
6/3/2023,Summer,6/3/2023 15:00,15,7,Afternoon,0,7.5,87,0,1,55
6/3/2023,Summer,6/3/2023 12:00,12,7,Afternoon,0,7.5,81,0,1,53
6/3/2023,Summer,6/3/2023 17:00,17,7,Evening,0,7.5,86,0,1,62
6/3/2023,Summer,6/3/2023 18:00,18,7,Evening,0,7.5,84,0,1,55
6/3/2023,Summer,6/3/2023 19:00,19,7,Evening,0,7.5,81,0,1,57
6/3/2023,Summer,6/3/2023 16:00,16,7,Afternoon,0,7.5,87,0,1,54
6/3/2023,Summer,6/2/2023 20:00,20,7,Evening,0,7.5,78,0,1,58
6/4/2023,Summer,6/4/2023 10:00,10,1,Morning,30,5.25,79,1,1,67
6/4/2023,Summer,6/4/2023 11:00,11,1,Morning,30,5.25,82,1,1,68
6/4/2023,Summer,6/4/2023 12:00,12,1,Afternoon,30,5.25,84,0,1,73
6/4/2023,Summer,6/4/2023 13:00,13,1,Afternoon,30,5.25,86,0,1,85
6/4/2023,Summer,6/4/2023 14:00,14,1,Afternoon,30,5.25,87,0,1,86
6/4/2023,Summer,6/4/2023 15:00,15,1,Afternoon,30,5.25,87,0,1,80
6/4/2023,Summer,6/4/2023 16:00,16,1,Afternoon,30,5.25,87,0,1,79
6/4/2023,Summer,6/4/2023 17:00,17,1,Evening,30,5.25,87,0,1,79
6/4/2023,Summer,6/4/2023 18:00,18,1,Evening,30,5.25,86,0,1,80
6/4/2023,Summer,6/4/2023 19:00,19,1,Evening,30,5.25,84,0,1,80
6/4/2023,Summer,6/3/2023 20:00,20,1,Evening,30,5.25,82,0,1,78
6/4/2023,Summer,6/3/2023 21:00,21,1,Evening,30,5.25,79,0,1,80
6/5/2023,Summer,6/4/2023 20:00,20,2,Evening,0,7.5,81,0,0,37
6/5/2023,Summer,6/5/2023 11:00,11,2,Morning,0,7.5,81,1,0,31
6/5/2023,Summer,6/5/2023 12:00,12,2,Afternoon,0,7.5,83,0,0,39
6/5/2023,Summer,6/5/2023 13:00,13,2,Afternoon,0,7.5,84,0,0,31
6/5/2023,Summer,6/5/2023 14:00,14,2,Afternoon,0,7.5,85,0,0,39
6/5/2023,Summer,6/5/2023 15:00,15,2,Afternoon,0,7.5,86,0,0,42
6/5/2023,Summer,6/5/2023 16:00,16,2,Afternoon,0,7.5,86,0,0,46
6/5/2023,Summer,6/5/2023 17:00,17,2,Evening,0,7.5,85,0,0,40
6/5/2023,Summer,6/5/2023 18:00,18,2,Evening,0,7.5,84,0,0,30
6/5/2023,Summer,6/5/2023 19:00,19,2,Evening,0,7.5,83,0,0,40
6/5/2023,Summer,6/4/2023 21:00,21,2,Evening,0,7.5,79,0,0,33
6/5/2023,Summer,6/5/2023 10:00,10,2,Morning,0,7.5,79,1,0,20
6/6/2023,Summer,6/5/2023 20:00,20,3,Evening,0,7.5,85,0,0,35
6/6/2023,Summer,6/5/2023 21:00,21,3,Evening,0,7.5,83,0,0,36
6/6/2023,Summer,6/6/2023 12:00,12,3,Afternoon,0,7.5,87,0,0,46
6/6/2023,Summer,6/6/2023 13:00,13,3,Afternoon,0,7.5,88,0,0,36
6/6/2023,Summer,6/6/2023 14:00,14,3,Afternoon,0,7.5,89,0,0,38
6/6/2023,Summer,6/6/2023 15:00,15,3,Afternoon,0,7.5,90,0,0,42
6/6/2023,Summer,6/6/2023 16:00,16,3,Afternoon,0,7.5,90,0,0,45
6/6/2023,Summer,6/6/2023 17:00,17,3,Evening,0,7.5,89,0,0,37
6/6/2023,Summer,6/6/2023 18:00,18,3,Evening,0,7.5,88,0,0,36
6/6/2023,Summer,6/6/2023 19:00,19,3,Evening,0,7.5,87,0,0,38
6/6/2023,Summer,6/6/2023 10:00,10,3,Morning,0,7.5,83,1,0,20
6/6/2023,Summer,6/6/2023 11:00,11,3,Morning,0,7.5,85,1,0,31
6/7/2023,Summer,6/7/2023 10:00,10,4,Morning,30,5.25,78,1,0,36
6/7/2023,Summer,6/7/2023 11:00,11,4,Morning,30,5.25,80,1,0,44
6/7/2023,Summer,6/6/2023 20:00,20,4,Evening,30,5.25,80,0,0,52
6/7/2023,Summer,6/6/2023 21:00,21,4,Evening,30,5.25,78,0,0,50
6/7/2023,Summer,6/7/2023 14:00,14,4,Afternoon,30,5.25,84,0,0,60
6/7/2023,Summer,6/7/2023 15:00,15,4,Afternoon,30,5.25,85,0,0,68
6/7/2023,Summer,6/7/2023 16:00,16,4,Afternoon,30,5.25,85,0,0,69
6/7/2023,Summer,6/7/2023 17:00,17,4,Evening,30,5.25,84,0,0,57
6/7/2023,Summer,6/7/2023 18:00,18,4,Evening,30,5.25,83,0,0,57
6/7/2023,Summer,6/7/2023 19:00,19,4,Evening,30,5.25,82,0,0,57
6/7/2023,Summer,6/7/2023 12:00,12,4,Afternoon,30,5.25,82,0,0,64
6/7/2023,Summer,6/7/2023 13:00,13,4,Afternoon,30,5.25,83,0,0,47
6/8/2023,Summer,6/7/2023 20:00,20,5,Evening,20,6,87,0,0,55
6/8/2023,Summer,6/8/2023 11:00,11,5,Morning,20,6,87,1,0,39
6/8/2023,Summer,6/8/2023 12:00,12,5,Afternoon,20,6,90,0,0,51
6/8/2023,Summer,6/7/2023 21:00,21,5,Evening,20,6,85,0,0,44
6/8/2023,Summer,6/8/2023 10:00,10,5,Morning,20,6,85,1,0,40
6/8/2023,Summer,6/8/2023 15:00,15,5,Afternoon,20,6,94,0,0,47
6/8/2023,Summer,6/8/2023 16:00,16,5,Afternoon,20,6,94,0,0,55
6/8/2023,Summer,6/8/2023 17:00,17,5,Evening,20,6,93,0,0,50
6/8/2023,Summer,6/8/2023 18:00,18,5,Evening,20,6,92,0,0,55
6/8/2023,Summer,6/8/2023 19:00,19,5,Evening,20,6,90,0,0,57
6/8/2023,Summer,6/8/2023 13:00,13,5,Afternoon,20,6,92,0,0,52
6/8/2023,Summer,6/8/2023 14:00,14,5,Afternoon,20,6,93,0,0,50
6/9/2023,Summer,6/8/2023 20:00,20,6,Evening,40,4.5,81,0,0,64
6/9/2023,Summer,6/8/2023 21:00,21,6,Evening,40,4.5,78,0,0,63
6/9/2023,Summer,6/9/2023 12:00,12,6,Afternoon,40,4.5,84,0,0,60
6/9/2023,Summer,6/9/2023 13:00,13,6,Afternoon,40,4.5,86,0,0,64
6/9/2023,Summer,6/9/2023 10:00,10,6,Morning,40,4.5,78,1,0,53
6/9/2023,Summer,6/9/2023 11:00,11,6,Morning,40,4.5,81,1,0,53
6/9/2023,Summer,6/9/2023 16:00,16,6,Afternoon,40,4.5,89,0,0,70
6/9/2023,Summer,6/9/2023 17:00,17,6,Evening,40,4.5,88,0,0,74
6/9/2023,Summer,6/9/2023 18:00,18,6,Evening,40,4.5,86,0,0,69
6/9/2023,Summer,6/9/2023 19:00,19,6,Evening,40,4.5,84,0,0,75
6/9/2023,Summer,6/9/2023 14:00,14,6,Afternoon,40,4.5,88,0,0,65
6/9/2023,Summer,6/9/2023 15:00,15,6,Afternoon,40,4.5,89,0,0,75
6/10/2023,Summer,6/10/2023 10:00,10,7,Morning,10,6.75,85,1,1,55
6/10/2023,Summer,6/10/2023 11:00,11,7,Morning,10,6.75,88,1,1,46
6/10/2023,Summer,6/9/2023 20:00,20,7,Evening,10,6.75,88,0,1,68
6/10/2023,Summer,6/9/2023 21:00,21,7,Evening,10,6.75,85,0,1,59
6/10/2023,Summer,6/10/2023 14:00,14,7,Afternoon,10,6.75,94,0,1,71
6/10/2023,Summer,6/10/2023 15:00,15,7,Afternoon,10,6.75,95,0,1,64
6/10/2023,Summer,6/10/2023 12:00,12,7,Afternoon,10,6.75,91,0,1,65
6/10/2023,Summer,6/10/2023 13:00,13,7,Afternoon,10,6.75,93,0,1,63
6/10/2023,Summer,6/10/2023 18:00,18,7,Evening,10,6.75,93,0,1,62
6/10/2023,Summer,6/10/2023 19:00,19,7,Evening,10,6.75,91,0,1,75
6/10/2023,Summer,6/10/2023 16:00,16,7,Afternoon,10,6.75,95,0,1,72
6/10/2023,Summer,6/10/2023 17:00,17,7,Evening,10,6.75,94,0,1,70
6/11/2023,Summer,6/10/2023 20:00,20,1,Evening,40,4.5,77,0,1,84
6/11/2023,Summer,6/11/2023 11:00,11,1,Morning,40,4.5,77,1,1,75
6/11/2023,Summer,6/11/2023 12:00,12,1,Afternoon,40,4.5,80,0,1,87
6/11/2023,Summer,6/10/2023 21:00,21,1,Evening,40,4.5,75,0,1,91
6/11/2023,Summer,6/11/2023 10:00,10,1,Morning,40,4.5,75,1,1,75
6/11/2023,Summer,6/11/2023 15:00,15,1,Afternoon,40,4.5,84,0,1,83
6/11/2023,Summer,6/11/2023 16:00,16,1,Afternoon,40,4.5,84,0,1,83
6/11/2023,Summer,6/11/2023 13:00,13,1,Afternoon,40,4.5,82,0,1,82
6/11/2023,Summer,6/11/2023 14:00,14,1,Afternoon,40,4.5,83,0,1,82
6/11/2023,Summer,6/11/2023 19:00,19,1,Evening,40,4.5,80,0,1,83
6/11/2023,Summer,6/11/2023 17:00,17,1,Evening,40,4.5,83,0,1,90
6/11/2023,Summer,6/11/2023 18:00,18,1,Evening,40,4.5,82,0,1,72
6/12/2023,Summer,6/11/2023 20:00,20,2,Evening,50,3.75,77,0,0,70
6/12/2023,Summer,6/11/2023 21:00,21,2,Evening,50,3.75,74,0,0,72
6/12/2023,Summer,6/12/2023 12:00,12,2,Afternoon,50,3.75,80,0,0,67
6/12/2023,Summer,6/12/2023 13:00,13,2,Afternoon,50,3.75,82,0,0,82
6/12/2023,Summer,6/12/2023 10:00,10,2,Morning,50,3.75,74,1,0,60
6/12/2023,Summer,6/12/2023 11:00,11,2,Morning,50,3.75,77,1,0,56
6/12/2023,Summer,6/12/2023 16:00,16,2,Afternoon,50,3.75,85,0,0,70
6/12/2023,Summer,6/12/2023 17:00,17,2,Evening,50,3.75,84,0,0,78
6/12/2023,Summer,6/12/2023 14:00,14,2,Afternoon,50,3.75,84,0,0,83
6/12/2023,Summer,6/12/2023 15:00,15,2,Afternoon,50,3.75,85,0,0,74
6/12/2023,Summer,6/12/2023 19:00,19,2,Evening,50,3.75,80,0,0,74
6/12/2023,Summer,6/12/2023 18:00,18,2,Evening,50,3.75,82,0,0,69
6/13/2023,Summer,6/13/2023 10:00,10,3,Morning,50,3.75,96,1,0,70
6/13/2023,Summer,6/13/2023 11:00,11,3,Morning,50,3.75,99,1,0,68
6/13/2023,Summer,6/13/2023 12:00,12,3,Afternoon,50,3.75,100,0,0,65
6/13/2023,Summer,6/12/2023 21:00,21,3,Evening,50,3.75,96,0,0,72
6/13/2023,Summer,6/13/2023 14:00,14,3,Afternoon,50,3.75,100,0,0,75
6/13/2023,Summer,6/13/2023 15:00,15,3,Afternoon,50,3.75,100,0,0,71
6/13/2023,Summer,6/13/2023 16:00,16,3,Afternoon,50,3.75,100,0,0,75
6/13/2023,Summer,6/13/2023 13:00,13,3,Afternoon,50,3.75,100,0,0,71
6/13/2023,Summer,6/13/2023 18:00,18,3,Evening,50,3.75,100,0,0,78
6/13/2023,Summer,6/13/2023 19:00,19,3,Evening,50,3.75,100,0,0,78
6/13/2023,Summer,6/13/2023 17:00,17,3,Evening,50,3.75,100,0,0,80
6/13/2023,Summer,6/12/2023 20:00,20,3,Evening,50,3.75,99,0,0,78
6/14/2023,Summer,6/13/2023 20:00,20,4,Evening,10,6.75,79,0,0,54
6/14/2023,Summer,6/14/2023 11:00,11,4,Morning,10,6.75,79,1,0,30
6/14/2023,Summer,6/14/2023 12:00,12,4,Afternoon,10,6.75,81,0,0,35
6/14/2023,Summer,6/14/2023 13:00,13,4,Afternoon,10,6.75,82,0,0,46
6/14/2023,Summer,6/14/2023 14:00,14,4,Afternoon,10,6.75,83,0,0,50
6/14/2023,Summer,6/14/2023 15:00,15,4,Afternoon,10,6.75,83,0,0,44
6/14/2023,Summer,6/14/2023 16:00,16,4,Afternoon,10,6.75,83,0,0,53
6/14/2023,Summer,6/14/2023 17:00,17,4,Evening,10,6.75,83,0,0,52
6/14/2023,Summer,6/14/2023 18:00,18,4,Evening,10,6.75,82,0,0,49
6/14/2023,Summer,6/14/2023 19:00,19,4,Evening,10,6.75,81,0,0,46
6/14/2023,Summer,6/13/2023 21:00,21,4,Evening,10,6.75,78,0,0,43
6/14/2023,Summer,6/14/2023 10:00,10,4,Morning,10,6.75,78,1,0,31
6/15/2023,Summer,6/14/2023 20:00,20,5,Evening,30,5.25,84,0,0,63
6/15/2023,Summer,6/14/2023 21:00,21,5,Evening,30,5.25,81,0,0,65
6/15/2023,Summer,6/15/2023 12:00,12,5,Afternoon,30,5.25,86,0,0,59
6/15/2023,Summer,6/15/2023 13:00,13,5,Afternoon,30,5.25,87,0,0,57
6/15/2023,Summer,6/15/2023 14:00,14,5,Afternoon,30,5.25,89,0,0,73
6/15/2023,Summer,6/15/2023 15:00,15,5,Afternoon,30,5.25,89,0,0,64
6/15/2023,Summer,6/15/2023 16:00,16,5,Afternoon,30,5.25,89,0,0,57
6/15/2023,Summer,6/15/2023 17:00,17,5,Evening,30,5.25,89,0,0,66
6/15/2023,Summer,6/15/2023 18:00,18,5,Evening,30,5.25,87,0,0,61
6/15/2023,Summer,6/15/2023 19:00,19,5,Evening,30,5.25,86,0,0,65
6/15/2023,Summer,6/15/2023 11:00,11,5,Morning,30,5.25,84,1,0,48
6/15/2023,Summer,6/15/2023 10:00,10,5,Morning,30,5.25,81,1,0,47
6/16/2023,Summer,6/15/2023 21:00,21,6,Evening,10,6.75,83,0,0,47
6/16/2023,Summer,6/16/2023 10:00,10,6,Morning,10,6.75,83,1,0,35
6/16/2023,Summer,6/15/2023 20:00,20,6,Evening,10,6.75,85,0,0,44
6/16/2023,Summer,6/16/2023 13:00,13,6,Afternoon,10,6.75,87,0,0,44
6/16/2023,Summer,6/16/2023 14:00,14,6,Afternoon,10,6.75,88,0,0,46
6/16/2023,Summer,6/16/2023 15:00,15,6,Afternoon,10,6.75,89,0,0,48
6/16/2023,Summer,6/16/2023 16:00,16,6,Afternoon,10,6.75,89,0,0,46
6/16/2023,Summer,6/16/2023 17:00,17,6,Evening,10,6.75,88,0,0,49
6/16/2023,Summer,6/16/2023 18:00,18,6,Evening,10,6.75,87,0,0,42
6/16/2023,Summer,6/16/2023 19:00,19,6,Evening,10,6.75,86,0,0,40
6/16/2023,Summer,6/16/2023 11:00,11,6,Morning,10,6.75,85,1,0,43
6/16/2023,Summer,6/16/2023 12:00,12,6,Afternoon,10,6.75,86,0,0,49
6/17/2023,Summer,6/16/2023 20:00,20,7,Evening,10,6.75,81,0,1,62
6/17/2023,Summer,6/17/2023 11:00,11,7,Morning,10,6.75,81,1,1,50
6/17/2023,Summer,6/17/2023 12:00,12,7,Afternoon,10,6.75,84,0,1,69
6/17/2023,Summer,6/16/2023 21:00,21,7,Evening,10,6.75,78,0,1,63
6/17/2023,Summer,6/17/2023 10:00,10,7,Morning,10,6.75,78,1,1,52
6/17/2023,Summer,6/17/2023 15:00,15,7,Afternoon,10,6.75,88,0,1,64
6/17/2023,Summer,6/17/2023 16:00,16,7,Afternoon,10,6.75,88,0,1,63
6/17/2023,Summer,6/17/2023 17:00,17,7,Evening,10,6.75,88,0,1,69
6/17/2023,Summer,6/17/2023 18:00,18,7,Evening,10,6.75,86,0,1,66
6/17/2023,Summer,6/17/2023 19:00,19,7,Evening,10,6.75,84,0,1,71
6/17/2023,Summer,6/17/2023 13:00,13,7,Afternoon,10,6.75,86,0,1,60
6/17/2023,Summer,6/17/2023 14:00,14,7,Afternoon,10,6.75,88,0,1,65
6/18/2023,Summer,6/17/2023 20:00,20,1,Evening,30,5.25,86,0,1,77
6/18/2023,Summer,6/17/2023 21:00,21,1,Evening,30,5.25,83,0,1,72
6/18/2023,Summer,6/18/2023 12:00,12,1,Afternoon,30,5.25,89,0,1,84
6/18/2023,Summer,6/18/2023 13:00,13,1,Afternoon,30,5.25,92,0,1,79
6/18/2023,Summer,6/18/2023 10:00,10,1,Morning,30,5.25,83,1,1,58
6/18/2023,Summer,6/18/2023 11:00,11,1,Morning,30,5.25,86,1,1,63
6/18/2023,Summer,6/18/2023 16:00,16,1,Afternoon,30,5.25,94,0,1,74
6/18/2023,Summer,6/18/2023 17:00,17,1,Evening,30,5.25,93,0,1,85
6/18/2023,Summer,6/18/2023 18:00,18,1,Evening,30,5.25,92,0,1,92
6/18/2023,Summer,6/18/2023 19:00,19,1,Evening,30,5.25,89,0,1,75
6/18/2023,Summer,6/18/2023 15:00,15,1,Afternoon,30,5.25,94,0,1,79
6/18/2023,Summer,6/18/2023 14:00,14,1,Afternoon,30,5.25,93,0,1,81
6/19/2023,Summer,6/18/2023 21:00,21,2,Evening,30,5.25,82,0,0,74
6/19/2023,Summer,6/19/2023 10:00,10,2,Morning,30,5.25,82,1,0,36
6/19/2023,Summer,6/18/2023 20:00,20,2,Evening,30,5.25,84,0,0,58
6/19/2023,Summer,6/19/2023 13:00,13,2,Afternoon,30,5.25,89,0,0,55
6/19/2023,Summer,6/19/2023 14:00,14,2,Afternoon,30,5.25,90,0,0,60
6/19/2023,Summer,6/19/2023 11:00,11,2,Morning,30,5.25,84,1,0,46
6/19/2023,Summer,6/19/2023 12:00,12,2,Afternoon,30,5.25,87,0,0,57
6/19/2023,Summer,6/19/2023 17:00,17,2,Evening,30,5.25,90,0,0,70
6/19/2023,Summer,6/19/2023 18:00,18,2,Evening,30,5.25,89,0,0,62
6/19/2023,Summer,6/19/2023 19:00,19,2,Evening,30,5.25,87,0,0,73
6/19/2023,Summer,6/19/2023 15:00,15,2,Afternoon,30,5.25,91,0,0,65
6/19/2023,Summer,6/19/2023 16:00,16,2,Afternoon,30,5.25,91,0,0,55
6/20/2023,Summer,6/19/2023 20:00,20,3,Evening,0,7.5,82,0,0,36
6/20/2023,Summer,6/20/2023 11:00,11,3,Morning,0,7.5,82,1,0,27
6/20/2023,Summer,6/20/2023 12:00,12,3,Afternoon,0,7.5,85,0,0,37
6/20/2023,Summer,6/19/2023 21:00,21,3,Evening,0,7.5,79,0,0,41
6/20/2023,Summer,6/20/2023 10:00,10,3,Morning,0,7.5,79,1,0,29
6/20/2023,Summer,6/20/2023 15:00,15,3,Afternoon,0,7.5,90,0,0,43
6/20/2023,Summer,6/20/2023 16:00,16,3,Afternoon,0,7.5,90,0,0,40
6/20/2023,Summer,6/20/2023 13:00,13,3,Afternoon,0,7.5,88,0,0,37
6/20/2023,Summer,6/20/2023 14:00,14,3,Afternoon,0,7.5,89,0,0,34
6/20/2023,Summer,6/20/2023 19:00,19,3,Evening,0,7.5,85,0,0,42
6/20/2023,Summer,6/20/2023 17:00,17,3,Evening,0,7.5,89,0,0,45
6/20/2023,Summer,6/20/2023 18:00,18,3,Evening,0,7.5,88,0,0,40
6/21/2023,Summer,6/20/2023 20:00,20,4,Evening,20,6,83,0,0,57
6/21/2023,Summer,6/20/2023 21:00,21,4,Evening,20,6,80,0,0,64
6/21/2023,Summer,6/21/2023 12:00,12,4,Afternoon,20,6,85,0,0,63
6/21/2023,Summer,6/21/2023 13:00,13,4,Afternoon,20,6,87,0,0,51
6/21/2023,Summer,6/21/2023 10:00,10,4,Morning,20,6,80,1,0,43
6/21/2023,Summer,6/21/2023 11:00,11,4,Morning,20,6,83,1,0,37
6/21/2023,Summer,6/21/2023 16:00,16,4,Afternoon,20,6,90,0,0,58
6/21/2023,Summer,6/21/2023 17:00,17,4,Evening,20,6,89,0,0,54
6/21/2023,Summer,6/21/2023 14:00,14,4,Afternoon,20,6,89,0,0,56
6/21/2023,Summer,6/21/2023 15:00,15,4,Afternoon,20,6,90,0,0,50
6/21/2023,Summer,6/21/2023 19:00,19,4,Evening,20,6,85,0,0,60
6/21/2023,Summer,6/21/2023 18:00,18,4,Evening,20,6,87,0,0,53
6/22/2023,Summer,6/21/2023 21:00,21,5,Evening,0,7.5,80,0,0,37
6/22/2023,Summer,6/22/2023 10:00,10,5,Morning,0,7.5,80,1,0,25
6/22/2023,Summer,6/21/2023 20:00,20,5,Evening,0,7.5,83,0,0,40
6/22/2023,Summer,6/22/2023 13:00,13,5,Afternoon,0,7.5,87,0,0,48
6/22/2023,Summer,6/22/2023 14:00,14,5,Afternoon,0,7.5,89,0,0,35
6/22/2023,Summer,6/22/2023 11:00,11,5,Morning,0,7.5,83,1,0,38
6/22/2023,Summer,6/22/2023 12:00,12,5,Afternoon,0,7.5,85,0,0,36
6/22/2023,Summer,6/22/2023 17:00,17,5,Evening,0,7.5,89,0,0,41
6/22/2023,Summer,6/22/2023 18:00,18,5,Evening,0,7.5,87,0,0,30
6/22/2023,Summer,6/22/2023 15:00,15,5,Afternoon,0,7.5,90,0,0,37
6/22/2023,Summer,6/22/2023 16:00,16,5,Afternoon,0,7.5,90,0,0,44
6/22/2023,Summer,6/22/2023 19:00,19,5,Evening,0,7.5,85,0,0,42
6/23/2023,Summer,6/23/2023 10:00,10,6,Morning,20,6,91,1,0,44
6/23/2023,Summer,6/23/2023 11:00,11,6,Morning,20,6,93,1,0,40
6/23/2023,Summer,6/23/2023 12:00,12,6,Afternoon,20,6,95,0,0,46
6/23/2023,Summer,6/23/2023 13:00,13,6,Afternoon,20,6,97,0,0,50
6/23/2023,Summer,6/23/2023 14:00,14,6,Afternoon,20,6,99,0,0,55
6/23/2023,Summer,6/23/2023 15:00,15,6,Afternoon,20,6,99,0,0,59
6/23/2023,Summer,6/23/2023 16:00,16,6,Afternoon,20,6,99,0,0,60
6/23/2023,Summer,6/23/2023 17:00,17,6,Evening,20,6,99,0,0,54
6/23/2023,Summer,6/23/2023 18:00,18,6,Evening,20,6,97,0,0,55
6/23/2023,Summer,6/23/2023 19:00,19,6,Evening,20,6,95,0,0,54
6/23/2023,Summer,6/22/2023 21:00,21,6,Evening,20,6,91,0,0,55
6/23/2023,Summer,6/22/2023 20:00,20,6,Evening,20,6,93,0,0,63
6/24/2023,Summer,6/23/2023 20:00,20,7,Evening,20,6,79,0,1,67
6/24/2023,Summer,6/23/2023 21:00,21,7,Evening,20,6,76,0,1,69
6/24/2023,Summer,6/24/2023 12:00,12,7,Afternoon,20,6,82,0,1,72
6/24/2023,Summer,6/24/2023 13:00,13,7,Afternoon,20,6,84,0,1,65
6/24/2023,Summer,6/24/2023 14:00,14,7,Afternoon,20,6,86,0,1,67
6/24/2023,Summer,6/24/2023 15:00,15,7,Afternoon,20,6,87,0,1,73
6/24/2023,Summer,6/24/2023 16:00,16,7,Afternoon,20,6,87,0,1,74
6/24/2023,Summer,6/24/2023 17:00,17,7,Evening,20,6,86,0,1,77
6/24/2023,Summer,6/24/2023 18:00,18,7,Evening,20,6,84,0,1,69
6/24/2023,Summer,6/24/2023 19:00,19,7,Evening,20,6,82,0,1,78
6/24/2023,Summer,6/24/2023 11:00,11,7,Morning,20,6,79,1,1,53
6/24/2023,Summer,6/24/2023 10:00,10,7,Morning,20,6,76,1,1,49
6/25/2023,Summer,6/24/2023 21:00,21,1,Evening,50,3.75,75,0,1,80
6/25/2023,Summer,6/25/2023 10:00,10,1,Morning,50,3.75,75,1,1,83
6/25/2023,Summer,6/24/2023 20:00,20,1,Evening,50,3.75,78,0,1,92
6/25/2023,Summer,6/25/2023 13:00,13,1,Afternoon,50,3.75,83,0,1,90
6/25/2023,Summer,6/25/2023 14:00,14,1,Afternoon,50,3.75,85,0,1,90
6/25/2023,Summer,6/25/2023 15:00,15,1,Afternoon,50,3.75,86,0,1,99
6/25/2023,Summer,6/25/2023 16:00,16,1,Afternoon,50,3.75,86,0,1,97
6/25/2023,Summer,6/25/2023 17:00,17,1,Evening,50,3.75,85,0,1,86
6/25/2023,Summer,6/25/2023 18:00,18,1,Evening,50,3.75,83,0,1,84
6/25/2023,Summer,6/25/2023 19:00,19,1,Evening,50,3.75,81,0,1,96
6/25/2023,Summer,6/25/2023 11:00,11,1,Morning,50,3.75,78,1,1,81
6/25/2023,Summer,6/25/2023 12:00,12,1,Afternoon,50,3.75,81,0,1,88
6/26/2023,Summer,6/26/2023 10:00,10,2,Morning,20,6,80,1,0,42
6/26/2023,Summer,6/26/2023 11:00,11,2,Morning,20,6,83,1,0,30
6/26/2023,Summer,6/25/2023 20:00,20,2,Evening,20,6,83,0,0,50
6/26/2023,Summer,6/25/2023 21:00,21,2,Evening,20,6,80,0,0,55
6/26/2023,Summer,6/26/2023 14:00,14,2,Afternoon,20,6,90,0,0,54
6/26/2023,Summer,6/26/2023 15:00,15,2,Afternoon,20,6,91,0,0,48
6/26/2023,Summer,6/26/2023 16:00,16,2,Afternoon,20,6,91,0,0,60
6/26/2023,Summer,6/26/2023 17:00,17,2,Evening,20,6,90,0,0,60
6/26/2023,Summer,6/26/2023 18:00,18,2,Evening,20,6,89,0,0,50
6/26/2023,Summer,6/26/2023 19:00,19,2,Evening,20,6,86,0,0,53
6/26/2023,Summer,6/26/2023 12:00,12,2,Afternoon,20,6,86,0,0,57
6/26/2023,Summer,6/26/2023 13:00,13,2,Afternoon,20,6,89,0,0,59
6/27/2023,Summer,6/26/2023 20:00,20,3,Evening,50,3.75,83,0,0,71
6/27/2023,Summer,6/26/2023 21:00,21,3,Evening,50,3.75,82,0,0,69
6/27/2023,Summer,6/27/2023 12:00,12,3,Afternoon,50,3.75,85,0,0,76
6/27/2023,Summer,6/27/2023 13:00,13,3,Afternoon,50,3.75,86,0,0,65
6/27/2023,Summer,6/27/2023 10:00,10,3,Morning,50,3.75,82,1,0,57
6/27/2023,Summer,6/27/2023 11:00,11,3,Morning,50,3.75,83,1,0,66
6/27/2023,Summer,6/27/2023 16:00,16,3,Afternoon,50,3.75,87,0,0,66
6/27/2023,Summer,6/27/2023 17:00,17,3,Evening,50,3.75,87,0,0,68
6/27/2023,Summer,6/27/2023 18:00,18,3,Evening,50,3.75,86,0,0,73
6/27/2023,Summer,6/27/2023 19:00,19,3,Evening,50,3.75,85,0,0,73
6/27/2023,Summer,6/27/2023 15:00,15,3,Afternoon,50,3.75,87,0,0,66
6/27/2023,Summer,6/27/2023 14:00,14,3,Afternoon,50,3.75,87,0,0,77
6/28/2023,Summer,6/27/2023 21:00,21,4,Evening,40,4.5,82,0,0,62
6/28/2023,Summer,6/28/2023 10:00,10,4,Morning,40,4.5,82,1,0,54
6/28/2023,Summer,6/27/2023 20:00,20,4,Evening,40,4.5,84,0,0,66
6/28/2023,Summer,6/28/2023 13:00,13,4,Afternoon,40,4.5,86,0,0,71
6/28/2023,Summer,6/28/2023 14:00,14,4,Afternoon,40,4.5,87,0,0,67
6/28/2023,Summer,6/28/2023 11:00,11,4,Morning,40,4.5,84,1,0,54
6/28/2023,Summer,6/28/2023 12:00,12,4,Afternoon,40,4.5,85,0,0,76
6/28/2023,Summer,6/28/2023 17:00,17,4,Evening,40,4.5,87,0,0,69
6/28/2023,Summer,6/28/2023 18:00,18,4,Evening,40,4.5,86,0,0,71
6/28/2023,Summer,6/28/2023 19:00,19,4,Evening,40,4.5,85,0,0,70
6/28/2023,Summer,6/28/2023 15:00,15,4,Afternoon,40,4.5,87,0,0,70
6/28/2023,Summer,6/28/2023 16:00,16,4,Afternoon,40,4.5,87,0,0,74
6/29/2023,Summer,6/29/2023 10:00,10,5,Morning,10,6.75,78,1,0,32
6/29/2023,Summer,6/29/2023 11:00,11,5,Morning,10,6.75,79,1,0,34
6/29/2023,Summer,6/28/2023 20:00,20,5,Evening,10,6.75,79,0,0,56
6/29/2023,Summer,6/28/2023 21:00,21,5,Evening,10,6.75,78,0,0,43
6/29/2023,Summer,6/29/2023 14:00,14,5,Afternoon,10,6.75,83,0,0,53
6/29/2023,Summer,6/29/2023 15:00,15,5,Afternoon,10,6.75,83,0,0,43
6/29/2023,Summer,6/29/2023 12:00,12,5,Afternoon,10,6.75,81,0,0,55
6/29/2023,Summer,6/29/2023 13:00,13,5,Afternoon,10,6.75,82,0,0,43
6/29/2023,Summer,6/29/2023 18:00,18,5,Evening,10,6.75,82,0,0,42
6/29/2023,Summer,6/29/2023 19:00,19,5,Evening,10,6.75,81,0,0,51
6/29/2023,Summer,6/29/2023 16:00,16,5,Afternoon,10,6.75,83,0,0,51
6/29/2023,Summer,6/29/2023 17:00,17,5,Evening,10,6.75,83,0,0,49
6/30/2023,Summer,6/29/2023 20:00,20,6,Evening,50,3.75,78,0,0,75
6/30/2023,Summer,6/29/2023 21:00,21,6,Evening,50,3.75,75,0,0,74
6/30/2023,Summer,6/30/2023 12:00,12,6,Afternoon,50,3.75,81,0,0,84
6/30/2023,Summer,6/30/2023 13:00,13,6,Afternoon,50,3.75,83,0,0,67
6/30/2023,Summer,6/30/2023 10:00,10,6,Morning,50,3.75,75,1,0,56
6/30/2023,Summer,6/30/2023 11:00,11,6,Morning,50,3.75,78,1,0,55
6/30/2023,Summer,6/30/2023 16:00,16,6,Afternoon,50,3.75,86,0,0,79
6/30/2023,Summer,6/30/2023 17:00,17,6,Evening,50,3.75,85,0,0,73
6/30/2023,Summer,6/30/2023 14:00,14,6,Afternoon,50,3.75,85,0,0,74
6/30/2023,Summer,6/30/2023 15:00,15,6,Afternoon,50,3.75,86,0,0,83
6/30/2023,Summer,6/30/2023 19:00,19,6,Evening,50,3.75,81,0,0,71
6/30/2023,Summer,6/30/2023 18:00,18,6,Evening,50,3.75,83,0,0,84
7/1/2023,Summer,6/30/2023 21:00,21,7,Evening,0,7.5,86,0,1,52
7/1/2023,Summer,7/1/2023 10:00,10,7,Morning,0,7.5,86,1,1,52
7/1/2023,Summer,6/30/2023 20:00,20,7,Evening,0,7.5,89,0,1,61
7/1/2023,Summer,7/1/2023 13:00,13,7,Afternoon,0,7.5,93,0,1,58
7/1/2023,Summer,7/1/2023 14:00,14,7,Afternoon,0,7.5,95,0,1,60
7/1/2023,Summer,7/1/2023 11:00,11,7,Morning,0,7.5,89,1,1,52
7/1/2023,Summer,7/1/2023 12:00,12,7,Afternoon,0,7.5,91,0,1,68
7/1/2023,Summer,7/1/2023 17:00,17,7,Evening,0,7.5,95,0,1,52
7/1/2023,Summer,7/1/2023 18:00,18,7,Evening,0,7.5,93,0,1,77
7/1/2023,Summer,7/1/2023 15:00,15,7,Afternoon,0,7.5,96,0,1,73
7/1/2023,Summer,7/1/2023 16:00,16,7,Afternoon,0,7.5,96,0,1,58
7/1/2023,Summer,7/1/2023 19:00,19,7,Evening,0,7.5,91,0,1,59
7/2/2023,Summer,7/1/2023 21:00,21,1,Evening,40,4.5,78,0,1,80
7/2/2023,Summer,7/2/2023 10:00,10,1,Morning,40,4.5,78,1,1,71
7/2/2023,Summer,7/2/2023 11:00,11,1,Morning,40,4.5,80,1,1,75
7/2/2023,Summer,7/2/2023 13:00,13,1,Afternoon,40,4.5,84,0,1,85
7/2/2023,Summer,7/2/2023 14:00,14,1,Afternoon,40,4.5,85,0,1,86
7/2/2023,Summer,7/2/2023 15:00,15,1,Afternoon,40,4.5,86,0,1,92
7/2/2023,Summer,7/2/2023 12:00,12,1,Afternoon,40,4.5,82,0,1,73
7/2/2023,Summer,7/2/2023 17:00,17,1,Evening,40,4.5,85,0,1,82
7/2/2023,Summer,7/2/2023 18:00,18,1,Evening,40,4.5,84,0,1,85
7/2/2023,Summer,7/2/2023 19:00,19,1,Evening,40,4.5,82,0,1,80
7/2/2023,Summer,7/2/2023 16:00,16,1,Afternoon,40,4.5,86,0,1,90
7/2/2023,Summer,7/1/2023 20:00,20,1,Evening,40,4.5,80,0,1,82
7/3/2023,Summer,7/2/2023 21:00,21,2,Evening,20,6,76,0,0,50
7/3/2023,Summer,7/2/2023 20:00,20,2,Evening,20,6,79,0,0,59
7/3/2023,Summer,7/3/2023 13:00,13,2,Afternoon,20,6,85,0,0,58
7/3/2023,Summer,7/3/2023 10:00,10,2,Morning,20,6,76,1,0,38
7/3/2023,Summer,7/3/2023 11:00,11,2,Morning,20,6,79,1,0,38
7/3/2023,Summer,7/3/2023 12:00,12,2,Afternoon,20,6,82,0,0,46
7/3/2023,Summer,7/3/2023 17:00,17,2,Evening,20,6,87,0,0,50
7/3/2023,Summer,7/3/2023 18:00,18,2,Evening,20,6,85,0,0,67
7/3/2023,Summer,7/3/2023 19:00,19,2,Evening,20,6,82,0,0,53
7/3/2023,Summer,7/3/2023 15:00,15,2,Afternoon,20,6,88,0,0,59
7/3/2023,Summer,7/3/2023 16:00,16,2,Afternoon,20,6,88,0,0,53
7/3/2023,Summer,7/3/2023 14:00,14,2,Afternoon,20,6,87,0,0,57
7/4/2023,Summer,7/4/2023 10:00,10,3,Morning,20,6,79,1,0,39
7/4/2023,Summer,7/3/2023 20:00,20,3,Evening,20,6,81,0,0,60
7/4/2023,Summer,7/3/2023 21:00,21,3,Evening,20,6,79,0,0,50
7/4/2023,Summer,7/4/2023 14:00,14,3,Afternoon,20,6,87,0,0,45
7/4/2023,Summer,7/4/2023 11:00,11,3,Morning,20,6,81,1,0,44
7/4/2023,Summer,7/4/2023 12:00,12,3,Afternoon,20,6,84,0,0,52
7/4/2023,Summer,7/4/2023 13:00,13,3,Afternoon,20,6,86,0,0,61
7/4/2023,Summer,7/4/2023 18:00,18,3,Evening,20,6,86,0,0,54
7/4/2023,Summer,7/4/2023 19:00,19,3,Evening,20,6,84,0,0,61
7/4/2023,Summer,7/4/2023 15:00,15,3,Afternoon,20,6,88,0,0,56
7/4/2023,Summer,7/4/2023 16:00,16,3,Afternoon,20,6,88,0,0,52
7/4/2023,Summer,7/4/2023 17:00,17,3,Evening,20,6,87,0,0,58
7/5/2023,Summer,7/5/2023 11:00,11,4,Morning,50,3.75,82,1,0,60
7/5/2023,Summer,7/4/2023 20:00,20,4,Evening,50,3.75,82,0,0,82
7/5/2023,Summer,7/4/2023 21:00,21,4,Evening,50,3.75,79,0,0,74
7/5/2023,Summer,7/5/2023 10:00,10,4,Morning,50,3.75,79,1,0,51
7/5/2023,Summer,7/5/2023 15:00,15,4,Afternoon,50,3.75,88,0,0,72
7/5/2023,Summer,7/5/2023 12:00,12,4,Afternoon,50,3.75,84,0,0,66
7/5/2023,Summer,7/5/2023 13:00,13,4,Afternoon,50,3.75,86,0,0,63
7/5/2023,Summer,7/5/2023 14:00,14,4,Afternoon,50,3.75,87,0,0,75
7/5/2023,Summer,7/5/2023 19:00,19,4,Evening,50,3.75,84,0,0,77
7/5/2023,Summer,7/5/2023 18:00,18,4,Evening,50,3.75,86,0,0,71
7/5/2023,Summer,7/5/2023 16:00,16,4,Afternoon,50,3.75,88,0,0,68
7/5/2023,Summer,7/5/2023 17:00,17,4,Evening,50,3.75,87,0,0,71
7/6/2023,Summer,7/5/2023 21:00,21,5,Evening,20,6,86,0,0,46
7/6/2023,Summer,7/5/2023 20:00,20,5,Evening,20,6,88,0,0,58
7/6/2023,Summer,7/6/2023 13:00,13,5,Afternoon,20,6,92,0,0,58
7/6/2023,Summer,7/6/2023 10:00,10,5,Morning,20,6,86,1,0,33
7/6/2023,Summer,7/6/2023 11:00,11,5,Morning,20,6,88,1,0,38
7/6/2023,Summer,7/6/2023 12:00,12,5,Afternoon,20,6,90,0,0,60
7/6/2023,Summer,7/6/2023 17:00,17,5,Evening,20,6,93,0,0,54
7/6/2023,Summer,7/6/2023 14:00,14,5,Afternoon,20,6,93,0,0,55
7/6/2023,Summer,7/6/2023 15:00,15,5,Afternoon,20,6,93,0,0,57
7/6/2023,Summer,7/6/2023 16:00,16,5,Afternoon,20,6,93,0,0,58
7/6/2023,Summer,7/6/2023 18:00,18,5,Evening,20,6,92,0,0,61
7/6/2023,Summer,7/6/2023 19:00,19,5,Evening,20,6,90,0,0,58
7/7/2023,Summer,7/6/2023 21:00,21,6,Evening,20,6,80,0,0,46
7/7/2023,Summer,7/7/2023 10:00,10,6,Morning,20,6,80,1,0,38
7/7/2023,Summer,7/7/2023 13:00,13,6,Afternoon,20,6,86,0,0,55
7/7/2023,Summer,7/7/2023 14:00,14,6,Afternoon,20,6,87,0,0,53
7/7/2023,Summer,7/7/2023 11:00,11,6,Morning,20,6,83,1,0,29
7/7/2023,Summer,7/7/2023 12:00,12,6,Afternoon,20,6,84,0,0,50
7/7/2023,Summer,7/7/2023 17:00,17,6,Evening,20,6,87,0,0,59
7/7/2023,Summer,7/7/2023 18:00,18,6,Evening,20,6,86,0,0,55
7/7/2023,Summer,7/7/2023 15:00,15,6,Afternoon,20,6,88,0,0,47
7/7/2023,Summer,7/7/2023 16:00,16,6,Afternoon,20,6,88,0,0,55
7/7/2023,Summer,7/6/2023 20:00,20,6,Evening,20,6,83,0,0,52
7/7/2023,Summer,7/7/2023 19:00,19,6,Evening,20,6,84,0,0,57
7/8/2023,Summer,7/8/2023 10:00,10,7,Morning,50,3.75,84,1,1,90
7/8/2023,Summer,7/8/2023 11:00,11,7,Morning,50,3.75,87,1,1,72
7/8/2023,Summer,7/8/2023 13:00,13,7,Afternoon,50,3.75,92,0,1,89
7/8/2023,Summer,7/8/2023 14:00,14,7,Afternoon,50,3.75,94,0,1,92
7/8/2023,Summer,7/8/2023 15:00,15,7,Afternoon,50,3.75,95,0,1,82
7/8/2023,Summer,7/8/2023 12:00,12,7,Afternoon,50,3.75,90,0,1,92
7/8/2023,Summer,7/8/2023 17:00,17,7,Evening,50,3.75,94,0,1,89
7/8/2023,Summer,7/8/2023 18:00,18,7,Evening,50,3.75,92,0,1,103
7/8/2023,Summer,7/8/2023 19:00,19,7,Evening,50,3.75,90,0,1,77
7/8/2023,Summer,7/8/2023 16:00,16,7,Afternoon,50,3.75,95,0,1,100
7/8/2023,Summer,7/7/2023 20:00,20,7,Evening,50,3.75,87,0,1,96
7/8/2023,Summer,7/7/2023 21:00,21,7,Evening,50,3.75,84,0,1,95
7/9/2023,Summer,7/9/2023 11:00,11,1,Morning,0,7.5,79,1,1,45
7/9/2023,Summer,7/9/2023 12:00,12,1,Afternoon,0,7.5,80,0,1,54
7/9/2023,Summer,7/9/2023 13:00,13,1,Afternoon,0,7.5,82,0,1,64
7/9/2023,Summer,7/9/2023 14:00,14,1,Afternoon,0,7.5,82,0,1,54
7/9/2023,Summer,7/9/2023 15:00,15,1,Afternoon,0,7.5,83,0,1,62
7/9/2023,Summer,7/9/2023 16:00,16,1,Afternoon,0,7.5,83,0,1,60
7/9/2023,Summer,7/9/2023 17:00,17,1,Evening,0,7.5,82,0,1,63
7/9/2023,Summer,7/9/2023 18:00,18,1,Evening,0,7.5,82,0,1,55
7/9/2023,Summer,7/9/2023 19:00,19,1,Evening,0,7.5,80,0,1,55
7/9/2023,Summer,7/9/2023 10:00,10,1,Morning,0,7.5,78,1,1,45
7/9/2023,Summer,7/8/2023 20:00,20,1,Evening,0,7.5,79,0,1,59
7/9/2023,Summer,7/8/2023 21:00,21,1,Evening,0,7.5,78,0,1,64
7/10/2023,Summer,7/9/2023 21:00,21,2,Evening,20,6,81,0,0,55
7/10/2023,Summer,7/9/2023 20:00,20,2,Evening,20,6,83,0,0,54
7/10/2023,Summer,7/10/2023 13:00,13,2,Afternoon,20,6,87,0,0,58
7/10/2023,Summer,7/10/2023 14:00,14,2,Afternoon,20,6,88,0,0,51
7/10/2023,Summer,7/10/2023 15:00,15,2,Afternoon,20,6,89,0,0,60
7/10/2023,Summer,7/10/2023 16:00,16,2,Afternoon,20,6,89,0,0,49
7/10/2023,Summer,7/10/2023 17:00,17,2,Evening,20,6,88,0,0,56
7/10/2023,Summer,7/10/2023 18:00,18,2,Evening,20,6,87,0,0,45
7/10/2023,Summer,7/10/2023 19:00,19,2,Evening,20,6,85,0,0,55
7/10/2023,Summer,7/10/2023 11:00,11,2,Morning,20,6,83,1,0,32
7/10/2023,Summer,7/10/2023 12:00,12,2,Afternoon,20,6,85,0,0,52
7/10/2023,Summer,7/10/2023 10:00,10,2,Morning,20,6,81,1,0,31
7/11/2023,Summer,7/11/2023 10:00,10,3,Morning,20,6,78,1,0,36
7/11/2023,Summer,7/10/2023 20:00,20,3,Evening,20,6,82,0,0,49
7/11/2023,Summer,7/10/2023 21:00,21,3,Evening,20,6,78,0,0,55
7/11/2023,Summer,7/11/2023 14:00,14,3,Afternoon,20,6,89,0,0,51
7/11/2023,Summer,7/11/2023 15:00,15,3,Afternoon,20,6,90,0,0,51
7/11/2023,Summer,7/11/2023 16:00,16,3,Afternoon,20,6,90,0,0,61
7/11/2023,Summer,7/11/2023 17:00,17,3,Evening,20,6,89,0,0,63
7/11/2023,Summer,7/11/2023 18:00,18,3,Evening,20,6,87,0,0,59
7/11/2023,Summer,7/11/2023 19:00,19,3,Evening,20,6,85,0,0,46
7/11/2023,Summer,7/11/2023 11:00,11,3,Morning,20,6,82,1,0,47
7/11/2023,Summer,7/11/2023 12:00,12,3,Afternoon,20,6,85,0,0,47
7/11/2023,Summer,7/11/2023 13:00,13,3,Afternoon,20,6,87,0,0,54
7/12/2023,Summer,7/12/2023 11:00,11,4,Morning,50,3.75,83,1,0,66
7/12/2023,Summer,7/11/2023 20:00,20,4,Evening,50,3.75,83,0,0,73
7/12/2023,Summer,7/11/2023 21:00,21,4,Evening,50,3.75,80,0,0,73
7/12/2023,Summer,7/12/2023 10:00,10,4,Morning,50,3.75,80,1,0,62
7/12/2023,Summer,7/12/2023 15:00,15,4,Afternoon,50,3.75,91,0,0,77
7/12/2023,Summer,7/12/2023 16:00,16,4,Afternoon,50,3.75,91,0,0,77
7/12/2023,Summer,7/12/2023 17:00,17,4,Evening,50,3.75,90,0,0,66
7/12/2023,Summer,7/12/2023 18:00,18,4,Evening,50,3.75,88,0,0,74
7/12/2023,Summer,7/12/2023 19:00,19,4,Evening,50,3.75,86,0,0,76
7/12/2023,Summer,7/12/2023 13:00,13,4,Afternoon,50,3.75,88,0,0,78
7/12/2023,Summer,7/12/2023 14:00,14,4,Afternoon,50,3.75,90,0,0,73
7/12/2023,Summer,7/12/2023 12:00,12,4,Afternoon,50,3.75,86,0,0,71
7/13/2023,Summer,7/13/2023 10:00,10,5,Morning,10,6.75,76,1,0,25
7/13/2023,Summer,7/12/2023 20:00,20,5,Evening,10,6.75,78,0,0,42
7/13/2023,Summer,7/12/2023 21:00,21,5,Evening,10,6.75,76,0,0,45
7/13/2023,Summer,7/13/2023 14:00,14,5,Afternoon,10,6.75,85,0,0,44
7/13/2023,Summer,7/13/2023 11:00,11,5,Morning,10,6.75,78,1,0,35
7/13/2023,Summer,7/13/2023 12:00,12,5,Afternoon,10,6.75,81,0,0,48
7/13/2023,Summer,7/13/2023 13:00,13,5,Afternoon,10,6.75,83,0,0,38
7/13/2023,Summer,7/13/2023 18:00,18,5,Evening,10,6.75,83,0,0,48
7/13/2023,Summer,7/13/2023 19:00,19,5,Evening,10,6.75,81,0,0,49
7/13/2023,Summer,7/13/2023 15:00,15,5,Afternoon,10,6.75,86,0,0,46
7/13/2023,Summer,7/13/2023 16:00,16,5,Afternoon,10,6.75,86,0,0,47
7/13/2023,Summer,7/13/2023 17:00,17,5,Evening,10,6.75,85,0,0,45
7/14/2023,Summer,7/14/2023 11:00,11,6,Morning,40,4.5,76,1,0,52
7/14/2023,Summer,7/13/2023 20:00,20,6,Evening,40,4.5,76,0,0,61
7/14/2023,Summer,7/13/2023 21:00,21,6,Evening,40,4.5,73,0,0,68
7/14/2023,Summer,7/14/2023 10:00,10,6,Morning,40,4.5,73,1,0,47
7/14/2023,Summer,7/14/2023 15:00,15,6,Afternoon,40,4.5,81,0,0,64
7/14/2023,Summer,7/14/2023 12:00,12,6,Afternoon,40,4.5,78,0,0,62
7/14/2023,Summer,7/14/2023 13:00,13,6,Afternoon,40,4.5,79,0,0,62
7/14/2023,Summer,7/14/2023 14:00,14,6,Afternoon,40,4.5,80,0,0,65
7/14/2023,Summer,7/14/2023 19:00,19,6,Evening,40,4.5,78,0,0,64
7/14/2023,Summer,7/14/2023 16:00,16,6,Afternoon,40,4.5,81,0,0,63
7/14/2023,Summer,7/14/2023 17:00,17,6,Evening,40,4.5,80,0,0,65
7/14/2023,Summer,7/14/2023 18:00,18,6,Evening,40,4.5,79,0,0,59
7/15/2023,Summer,7/14/2023 20:00,20,7,Evening,40,4.5,93,0,1,86
7/15/2023,Summer,7/15/2023 12:00,12,7,Afternoon,40,4.5,95,0,1,89
7/15/2023,Summer,7/14/2023 21:00,21,7,Evening,40,4.5,90,0,1,79
7/15/2023,Summer,7/15/2023 10:00,10,7,Morning,40,4.5,90,1,1,66
7/15/2023,Summer,7/15/2023 11:00,11,7,Morning,40,4.5,93,1,1,85
7/15/2023,Summer,7/15/2023 16:00,16,7,Afternoon,40,4.5,99,0,1,88
7/15/2023,Summer,7/15/2023 13:00,13,7,Afternoon,40,4.5,97,0,1,87
7/15/2023,Summer,7/15/2023 14:00,14,7,Afternoon,40,4.5,98,0,1,85
7/15/2023,Summer,7/15/2023 15:00,15,7,Afternoon,40,4.5,99,0,1,89
7/15/2023,Summer,7/15/2023 19:00,19,7,Evening,40,4.5,95,0,1,86
7/15/2023,Summer,7/15/2023 17:00,17,7,Evening,40,4.5,98,0,1,84
7/15/2023,Summer,7/15/2023 18:00,18,7,Evening,40,4.5,97,0,1,84
7/16/2023,Summer,7/15/2023 21:00,21,1,Evening,10,6.75,83,0,1,63
7/16/2023,Summer,7/16/2023 10:00,10,1,Morning,10,6.75,83,1,1,50
7/16/2023,Summer,7/16/2023 13:00,13,1,Afternoon,10,6.75,88,0,1,62
7/16/2023,Summer,7/16/2023 14:00,14,1,Afternoon,10,6.75,88,0,1,71
7/16/2023,Summer,7/16/2023 11:00,11,1,Morning,10,6.75,85,1,1,52
7/16/2023,Summer,7/16/2023 12:00,12,1,Afternoon,10,6.75,86,0,1,61
7/16/2023,Summer,7/16/2023 17:00,17,1,Evening,10,6.75,88,0,1,69
7/16/2023,Summer,7/16/2023 18:00,18,1,Evening,10,6.75,88,0,1,67
7/16/2023,Summer,7/16/2023 15:00,15,1,Afternoon,10,6.75,89,0,1,65
7/16/2023,Summer,7/16/2023 16:00,16,1,Afternoon,10,6.75,89,0,1,68
7/16/2023,Summer,7/15/2023 20:00,20,1,Evening,10,6.75,85,0,1,61
7/16/2023,Summer,7/16/2023 19:00,19,1,Evening,10,6.75,86,0,1,64
7/17/2023,Summer,7/17/2023 10:00,10,2,Morning,40,4.5,74,1,0,48
7/17/2023,Summer,7/17/2023 11:00,11,2,Morning,40,4.5,77,1,0,48
7/17/2023,Summer,7/17/2023 13:00,13,2,Afternoon,40,4.5,82,0,0,65
7/17/2023,Summer,7/17/2023 14:00,14,2,Afternoon,40,4.5,84,0,0,68
7/17/2023,Summer,7/17/2023 15:00,15,2,Afternoon,40,4.5,85,0,0,63
7/17/2023,Summer,7/17/2023 12:00,12,2,Afternoon,40,4.5,80,0,0,66
7/17/2023,Summer,7/17/2023 17:00,17,2,Evening,40,4.5,84,0,0,58
7/17/2023,Summer,7/17/2023 18:00,18,2,Evening,40,4.5,82,0,0,65
7/17/2023,Summer,7/17/2023 19:00,19,2,Evening,40,4.5,80,0,0,72
7/17/2023,Summer,7/17/2023 16:00,16,2,Afternoon,40,4.5,85,0,0,62
7/17/2023,Summer,7/16/2023 20:00,20,2,Evening,40,4.5,77,0,0,60
7/17/2023,Summer,7/16/2023 21:00,21,2,Evening,40,4.5,74,0,0,65
7/18/2023,Summer,7/18/2023 11:00,11,3,Morning,10,6.75,80,1,0,35
7/18/2023,Summer,7/18/2023 12:00,12,3,Afternoon,10,6.75,83,0,0,53
7/18/2023,Summer,7/18/2023 13:00,13,3,Afternoon,10,6.75,86,0,0,60
7/18/2023,Summer,7/18/2023 14:00,14,3,Afternoon,10,6.75,88,0,0,51
7/18/2023,Summer,7/18/2023 15:00,15,3,Afternoon,10,6.75,88,0,0,51
7/18/2023,Summer,7/18/2023 16:00,16,3,Afternoon,10,6.75,88,0,0,57
7/18/2023,Summer,7/18/2023 17:00,17,3,Evening,10,6.75,88,0,0,46
7/18/2023,Summer,7/18/2023 18:00,18,3,Evening,10,6.75,86,0,0,46
7/18/2023,Summer,7/18/2023 19:00,19,3,Evening,10,6.75,83,0,0,48
7/18/2023,Summer,7/17/2023 20:00,20,3,Evening,10,6.75,80,0,0,39
7/18/2023,Summer,7/17/2023 21:00,21,3,Evening,10,6.75,77,0,0,36
7/18/2023,Summer,7/18/2023 10:00,10,3,Morning,10,6.75,77,1,0,41
7/19/2023,Summer,7/18/2023 20:00,20,4,Evening,20,6,76,0,0,49
7/19/2023,Summer,7/19/2023 12:00,12,4,Afternoon,20,6,78,0,0,50
7/19/2023,Summer,7/19/2023 13:00,13,4,Afternoon,20,6,79,0,0,48
7/19/2023,Summer,7/19/2023 14:00,14,4,Afternoon,20,6,80,0,0,54
7/19/2023,Summer,7/19/2023 15:00,15,4,Afternoon,20,6,81,0,0,56
7/19/2023,Summer,7/19/2023 16:00,16,4,Afternoon,20,6,81,0,0,52
7/19/2023,Summer,7/19/2023 17:00,17,4,Evening,20,6,80,0,0,53
7/19/2023,Summer,7/19/2023 18:00,18,4,Evening,20,6,79,0,0,57
7/19/2023,Summer,7/19/2023 19:00,19,4,Evening,20,6,78,0,0,52
7/19/2023,Summer,7/19/2023 10:00,10,4,Morning,20,6,74,1,0,36
7/19/2023,Summer,7/19/2023 11:00,11,4,Morning,20,6,76,1,0,39
7/19/2023,Summer,7/18/2023 21:00,21,4,Evening,20,6,74,0,0,48
7/20/2023,Summer,7/20/2023 10:00,10,5,Morning,0,7.5,91,1,0,28
7/20/2023,Summer,7/19/2023 20:00,20,5,Evening,0,7.5,94,0,0,37
7/20/2023,Summer,7/19/2023 21:00,21,5,Evening,0,7.5,91,0,0,48
7/20/2023,Summer,7/20/2023 14:00,14,5,Afternoon,0,7.5,100,0,0,30
7/20/2023,Summer,7/20/2023 15:00,15,5,Afternoon,0,7.5,100,0,0,45
7/20/2023,Summer,7/20/2023 16:00,16,5,Afternoon,0,7.5,100,0,0,40
7/20/2023,Summer,7/20/2023 17:00,17,5,Evening,0,7.5,100,0,0,52
7/20/2023,Summer,7/20/2023 18:00,18,5,Evening,0,7.5,99,0,0,41
7/20/2023,Summer,7/20/2023 19:00,19,5,Evening,0,7.5,97,0,0,44
7/20/2023,Summer,7/20/2023 11:00,11,5,Morning,0,7.5,94,1,0,30
7/20/2023,Summer,7/20/2023 12:00,12,5,Afternoon,0,7.5,97,0,0,43
7/20/2023,Summer,7/20/2023 13:00,13,5,Afternoon,0,7.5,99,0,0,45
7/21/2023,Summer,7/21/2023 11:00,11,6,Morning,20,6,89,1,0,51
7/21/2023,Summer,7/20/2023 20:00,20,6,Evening,20,6,89,0,0,59
7/21/2023,Summer,7/20/2023 21:00,21,6,Evening,20,6,87,0,0,55
7/21/2023,Summer,7/21/2023 10:00,10,6,Morning,20,6,87,1,0,50
7/21/2023,Summer,7/21/2023 15:00,15,6,Afternoon,20,6,96,0,0,58
7/21/2023,Summer,7/21/2023 16:00,16,6,Afternoon,20,6,96,0,0,59
7/21/2023,Summer,7/21/2023 17:00,17,6,Evening,20,6,95,0,0,61
7/21/2023,Summer,7/21/2023 18:00,18,6,Evening,20,6,94,0,0,56
7/21/2023,Summer,7/21/2023 19:00,19,6,Evening,20,6,92,0,0,58
7/21/2023,Summer,7/21/2023 12:00,12,6,Afternoon,20,6,92,0,0,53
7/21/2023,Summer,7/21/2023 13:00,13,6,Afternoon,20,6,94,0,0,56
7/21/2023,Summer,7/21/2023 14:00,14,6,Afternoon,20,6,95,0,0,55
7/22/2023,Summer,7/21/2023 20:00,20,7,Evening,50,3.75,82,0,1,87
7/22/2023,Summer,7/22/2023 12:00,12,7,Afternoon,50,3.75,85,0,1,101
7/22/2023,Summer,7/21/2023 21:00,21,7,Evening,50,3.75,79,0,1,87
7/22/2023,Summer,7/22/2023 10:00,10,7,Morning,50,3.75,79,1,1,77
7/22/2023,Summer,7/22/2023 11:00,11,7,Morning,50,3.75,82,1,1,85
7/22/2023,Summer,7/22/2023 16:00,16,7,Afternoon,50,3.75,91,0,1,92
7/22/2023,Summer,7/22/2023 17:00,17,7,Evening,50,3.75,90,0,1,98
7/22/2023,Summer,7/22/2023 18:00,18,7,Evening,50,3.75,88,0,1,88
7/22/2023,Summer,7/22/2023 19:00,19,7,Evening,50,3.75,85,0,1,91
7/22/2023,Summer,7/22/2023 13:00,13,7,Afternoon,50,3.75,88,0,1,90
7/22/2023,Summer,7/22/2023 14:00,14,7,Afternoon,50,3.75,90,0,1,87
7/22/2023,Summer,7/22/2023 15:00,15,7,Afternoon,50,3.75,91,0,1,90
7/23/2023,Summer,7/23/2023 11:00,11,1,Morning,50,3.75,84,1,1,76
7/23/2023,Summer,7/22/2023 20:00,20,1,Evening,50,3.75,84,0,1,95
7/23/2023,Summer,7/22/2023 21:00,21,1,Evening,50,3.75,83,0,1,89
7/23/2023,Summer,7/23/2023 10:00,10,1,Morning,50,3.75,83,1,1,78
7/23/2023,Summer,7/23/2023 15:00,15,1,Afternoon,50,3.75,89,0,1,87
7/23/2023,Summer,7/23/2023 12:00,12,1,Afternoon,50,3.75,86,0,1,92
7/23/2023,Summer,7/23/2023 13:00,13,1,Afternoon,50,3.75,87,0,1,83
7/23/2023,Summer,7/23/2023 14:00,14,1,Afternoon,50,3.75,88,0,1,77
7/23/2023,Summer,7/23/2023 19:00,19,1,Evening,50,3.75,86,0,1,101
7/23/2023,Summer,7/23/2023 16:00,16,1,Afternoon,50,3.75,89,0,1,95
7/23/2023,Summer,7/23/2023 17:00,17,1,Evening,50,3.75,88,0,1,95
7/23/2023,Summer,7/23/2023 18:00,18,1,Evening,50,3.75,87,0,1,80
7/24/2023,Summer,7/23/2023 20:00,20,2,Evening,20,6,80,0,0,56
7/24/2023,Summer,7/24/2023 12:00,12,2,Afternoon,20,6,83,0,0,56
7/24/2023,Summer,7/23/2023 21:00,21,2,Evening,20,6,78,0,0,52
7/24/2023,Summer,7/24/2023 10:00,10,2,Morning,20,6,78,1,0,44
7/24/2023,Summer,7/24/2023 11:00,11,2,Morning,20,6,80,1,0,45
7/24/2023,Summer,7/24/2023 16:00,16,2,Afternoon,20,6,87,0,0,53
7/24/2023,Summer,7/24/2023 13:00,13,2,Afternoon,20,6,85,0,0,63
7/24/2023,Summer,7/24/2023 14:00,14,2,Afternoon,20,6,86,0,0,59
7/24/2023,Summer,7/24/2023 15:00,15,2,Afternoon,20,6,87,0,0,60
7/24/2023,Summer,7/24/2023 19:00,19,2,Evening,20,6,83,0,0,52
7/24/2023,Summer,7/24/2023 17:00,17,2,Evening,20,6,86,0,0,53
7/24/2023,Summer,7/24/2023 18:00,18,2,Evening,20,6,85,0,0,49
7/25/2023,Summer,7/24/2023 21:00,21,3,Evening,40,4.5,78,0,0,68
7/25/2023,Summer,7/24/2023 20:00,20,3,Evening,40,4.5,81,0,0,68
7/25/2023,Summer,7/25/2023 13:00,13,3,Afternoon,40,4.5,86,0,0,68
7/25/2023,Summer,7/25/2023 10:00,10,3,Morning,40,4.5,78,1,0,51
7/25/2023,Summer,7/25/2023 11:00,11,3,Morning,40,4.5,81,1,0,53
7/25/2023,Summer,7/25/2023 12:00,12,3,Afternoon,40,4.5,84,0,0,77
7/25/2023,Summer,7/25/2023 17:00,17,3,Evening,40,4.5,88,0,0,63
7/25/2023,Summer,7/25/2023 14:00,14,3,Afternoon,40,4.5,88,0,0,66
7/25/2023,Summer,7/25/2023 15:00,15,3,Afternoon,40,4.5,89,0,0,61
7/25/2023,Summer,7/25/2023 16:00,16,3,Afternoon,40,4.5,89,0,0,62
7/25/2023,Summer,7/25/2023 19:00,19,3,Evening,40,4.5,84,0,0,66
7/25/2023,Summer,7/25/2023 18:00,18,3,Evening,40,4.5,86,0,0,66
7/26/2023,Summer,7/26/2023 10:00,10,4,Morning,40,4.5,76,1,0,51
7/26/2023,Summer,7/26/2023 11:00,11,4,Morning,40,4.5,79,1,0,50
7/26/2023,Summer,7/25/2023 21:00,21,4,Evening,40,4.5,76,0,0,65
7/26/2023,Summer,7/26/2023 14:00,14,4,Afternoon,40,4.5,87,0,0,73
7/26/2023,Summer,7/26/2023 15:00,15,4,Afternoon,40,4.5,87,0,0,66
7/26/2023,Summer,7/26/2023 12:00,12,4,Afternoon,40,4.5,82,0,0,60
7/26/2023,Summer,7/26/2023 13:00,13,4,Afternoon,40,4.5,85,0,0,62
7/26/2023,Summer,7/26/2023 18:00,18,4,Evening,40,4.5,85,0,0,57
7/26/2023,Summer,7/26/2023 19:00,19,4,Evening,40,4.5,82,0,0,58
7/26/2023,Summer,7/26/2023 16:00,16,4,Afternoon,40,4.5,87,0,0,64
7/26/2023,Summer,7/26/2023 17:00,17,4,Evening,40,4.5,87,0,0,63
7/26/2023,Summer,7/25/2023 20:00,20,4,Evening,40,4.5,79,0,0,61
7/27/2023,Summer,7/27/2023 11:00,11,5,Morning,10,6.75,78,1,0,42
7/27/2023,Summer,7/27/2023 12:00,12,5,Afternoon,10,6.75,80,0,0,55
7/27/2023,Summer,7/27/2023 13:00,13,5,Afternoon,10,6.75,81,0,0,59
7/27/2023,Summer,7/27/2023 14:00,14,5,Afternoon,10,6.75,82,0,0,50
7/27/2023,Summer,7/27/2023 15:00,15,5,Afternoon,10,6.75,82,0,0,45
7/27/2023,Summer,7/27/2023 16:00,16,5,Afternoon,10,6.75,82,0,0,41
7/27/2023,Summer,7/27/2023 17:00,17,5,Evening,10,6.75,82,0,0,41
7/27/2023,Summer,7/27/2023 18:00,18,5,Evening,10,6.75,81,0,0,44
7/27/2023,Summer,7/27/2023 19:00,19,5,Evening,10,6.75,80,0,0,52
7/27/2023,Summer,7/26/2023 20:00,20,5,Evening,10,6.75,78,0,0,49
7/27/2023,Summer,7/26/2023 21:00,21,5,Evening,10,6.75,77,0,0,50
7/27/2023,Summer,7/27/2023 10:00,10,5,Morning,10,6.75,77,1,0,31
7/28/2023,Summer,7/27/2023 20:00,20,6,Evening,30,5.25,92,0,0,54
7/28/2023,Summer,7/28/2023 12:00,12,6,Afternoon,30,5.25,95,0,0,64
7/28/2023,Summer,7/28/2023 13:00,13,6,Afternoon,30,5.25,98,0,0,61
7/28/2023,Summer,7/28/2023 14:00,14,6,Afternoon,30,5.25,99,0,0,61
7/28/2023,Summer,7/28/2023 15:00,15,6,Afternoon,30,5.25,100,0,0,74
7/28/2023,Summer,7/28/2023 16:00,16,6,Afternoon,30,5.25,100,0,0,67
7/28/2023,Summer,7/28/2023 17:00,17,6,Evening,30,5.25,99,0,0,61
7/28/2023,Summer,7/28/2023 18:00,18,6,Evening,30,5.25,98,0,0,53
7/28/2023,Summer,7/28/2023 19:00,19,6,Evening,30,5.25,95,0,0,61
7/28/2023,Summer,7/28/2023 11:00,11,6,Morning,30,5.25,92,1,0,54
7/28/2023,Summer,7/27/2023 21:00,21,6,Evening,30,5.25,88,0,0,63
7/28/2023,Summer,7/28/2023 10:00,10,6,Morning,30,5.25,88,1,0,50
7/29/2023,Summer,7/28/2023 21:00,21,7,Evening,20,6,80,0,1,76
7/29/2023,Summer,7/28/2023 20:00,20,7,Evening,20,6,82,0,1,70
7/29/2023,Summer,7/29/2023 13:00,13,7,Afternoon,20,6,86,0,1,70
7/29/2023,Summer,7/29/2023 14:00,14,7,Afternoon,20,6,88,0,1,71
7/29/2023,Summer,7/29/2023 15:00,15,7,Afternoon,20,6,88,0,1,76
7/29/2023,Summer,7/29/2023 16:00,16,7,Afternoon,20,6,88,0,1,71
7/29/2023,Summer,7/29/2023 17:00,17,7,Evening,20,6,88,0,1,76
7/29/2023,Summer,7/29/2023 18:00,18,7,Evening,20,6,86,0,1,66
7/29/2023,Summer,7/29/2023 19:00,19,7,Evening,20,6,84,0,1,65
7/29/2023,Summer,7/29/2023 10:00,10,7,Morning,20,6,80,1,1,58
7/29/2023,Summer,7/29/2023 11:00,11,7,Morning,20,6,82,1,1,62
7/29/2023,Summer,7/29/2023 12:00,12,7,Afternoon,20,6,84,0,1,69
7/30/2023,Summer,7/30/2023 11:00,11,1,Morning,40,4.5,83,1,1,69
7/30/2023,Summer,7/29/2023 20:00,20,1,Evening,40,4.5,83,0,1,70
7/30/2023,Summer,7/29/2023 21:00,21,1,Evening,40,4.5,81,0,1,86
7/30/2023,Summer,7/30/2023 10:00,10,1,Morning,40,4.5,81,1,1,67
7/30/2023,Summer,7/30/2023 15:00,15,1,Afternoon,40,4.5,88,0,1,87
7/30/2023,Summer,7/30/2023 16:00,16,1,Afternoon,40,4.5,88,0,1,92
7/30/2023,Summer,7/30/2023 17:00,17,1,Evening,40,4.5,88,0,1,83
7/30/2023,Summer,7/30/2023 18:00,18,1,Evening,40,4.5,87,0,1,88
7/30/2023,Summer,7/30/2023 19:00,19,1,Evening,40,4.5,85,0,1,84
7/30/2023,Summer,7/30/2023 12:00,12,1,Afternoon,40,4.5,85,0,1,86
7/30/2023,Summer,7/30/2023 13:00,13,1,Afternoon,40,4.5,87,0,1,79
7/30/2023,Summer,7/30/2023 14:00,14,1,Afternoon,40,4.5,88,0,1,87
7/31/2023,Summer,7/30/2023 20:00,20,2,Evening,0,7.5,84,0,0,46
7/31/2023,Summer,7/31/2023 12:00,12,2,Afternoon,0,7.5,86,0,0,49
7/31/2023,Summer,7/30/2023 21:00,21,2,Evening,0,7.5,81,0,0,33
7/31/2023,Summer,7/31/2023 10:00,10,2,Morning,0,7.5,81,1,0,28
7/31/2023,Summer,7/31/2023 11:00,11,2,Morning,0,7.5,84,1,0,23
7/31/2023,Summer,7/31/2023 16:00,16,2,Afternoon,0,7.5,89,0,0,43
7/31/2023,Summer,7/31/2023 17:00,17,2,Evening,0,7.5,89,0,0,40
7/31/2023,Summer,7/31/2023 18:00,18,2,Evening,0,7.5,87,0,0,39
7/31/2023,Summer,7/31/2023 19:00,19,2,Evening,0,7.5,86,0,0,43
7/31/2023,Summer,7/31/2023 15:00,15,2,Afternoon,0,7.5,89,0,0,44
7/31/2023,Summer,7/31/2023 13:00,13,2,Afternoon,0,7.5,87,0,0,42
7/31/2023,Summer,7/31/2023 14:00,14,2,Afternoon,0,7.5,89,0,0,43
8/1/2023,Summer,7/31/2023 21:00,21,3,Evening,0,7.5,86,0,0,42
8/1/2023,Summer,7/31/2023 20:00,20,3,Evening,0,7.5,88,0,0,42
8/1/2023,Summer,8/1/2023 13:00,13,3,Afternoon,0,7.5,90,0,0,41
8/1/2023,Summer,8/1/2023 10:00,10,3,Morning,0,7.5,86,1,0,31
8/1/2023,Summer,8/1/2023 11:00,11,3,Morning,0,7.5,88,1,0,30
8/1/2023,Summer,8/1/2023 12:00,12,3,Afternoon,0,7.5,89,0,0,45
8/1/2023,Summer,8/1/2023 17:00,17,3,Evening,0,7.5,91,0,0,46
8/1/2023,Summer,8/1/2023 18:00,18,3,Evening,0,7.5,90,0,0,43
8/1/2023,Summer,8/1/2023 19:00,19,3,Evening,0,7.5,89,0,0,40
8/1/2023,Summer,8/1/2023 16:00,16,3,Afternoon,0,7.5,92,0,0,36
8/1/2023,Summer,8/1/2023 14:00,14,3,Afternoon,0,7.5,91,0,0,38
8/1/2023,Summer,8/1/2023 15:00,15,3,Afternoon,0,7.5,92,0,0,37
8/2/2023,Summer,8/1/2023 21:00,21,4,Evening,40,4.5,77,0,0,65
8/2/2023,Summer,8/1/2023 20:00,20,4,Evening,40,4.5,79,0,0,64
8/2/2023,Summer,8/2/2023 13:00,13,4,Afternoon,40,4.5,82,0,0,66
8/2/2023,Summer,8/2/2023 10:00,10,4,Morning,40,4.5,77,1,0,49
8/2/2023,Summer,8/2/2023 11:00,11,4,Morning,40,4.5,79,1,0,51
8/2/2023,Summer,8/2/2023 12:00,12,4,Afternoon,40,4.5,81,0,0,69
8/2/2023,Summer,8/2/2023 17:00,17,4,Evening,40,4.5,83,0,0,68
8/2/2023,Summer,8/2/2023 14:00,14,4,Afternoon,40,4.5,83,0,0,65
8/2/2023,Summer,8/2/2023 15:00,15,4,Afternoon,40,4.5,84,0,0,72
8/2/2023,Summer,8/2/2023 16:00,16,4,Afternoon,40,4.5,84,0,0,59
8/2/2023,Summer,8/2/2023 18:00,18,4,Evening,40,4.5,82,0,0,69
8/2/2023,Summer,8/2/2023 19:00,19,4,Evening,40,4.5,81,0,0,75
8/3/2023,Summer,8/2/2023 21:00,21,5,Evening,20,6,75,0,0,50
8/3/2023,Summer,8/3/2023 10:00,10,5,Morning,20,6,75,1,0,41
8/3/2023,Summer,8/3/2023 13:00,13,5,Afternoon,20,6,81,0,0,50
8/3/2023,Summer,8/3/2023 14:00,14,5,Afternoon,20,6,82,0,0,53
8/3/2023,Summer,8/3/2023 11:00,11,5,Morning,20,6,77,1,0,43
8/3/2023,Summer,8/3/2023 12:00,12,5,Afternoon,20,6,79,0,0,48
8/3/2023,Summer,8/3/2023 17:00,17,5,Evening,20,6,82,0,0,50
8/3/2023,Summer,8/3/2023 18:00,18,5,Evening,20,6,81,0,0,56
8/3/2023,Summer,8/3/2023 15:00,15,5,Afternoon,20,6,83,0,0,55
8/3/2023,Summer,8/3/2023 16:00,16,5,Afternoon,20,6,83,0,0,57
8/3/2023,Summer,8/2/2023 20:00,20,5,Evening,20,6,77,0,0,59
8/3/2023,Summer,8/3/2023 19:00,19,5,Evening,20,6,79,0,0,56
8/4/2023,Summer,8/4/2023 10:00,10,6,Morning,10,6.75,88,1,0,28
8/4/2023,Summer,8/4/2023 11:00,11,6,Morning,10,6.75,91,1,0,35
8/4/2023,Summer,8/4/2023 13:00,13,6,Afternoon,10,6.75,94,0,0,46
8/4/2023,Summer,8/4/2023 14:00,14,6,Afternoon,10,6.75,95,0,0,48
8/4/2023,Summer,8/4/2023 15:00,15,6,Afternoon,10,6.75,96,0,0,53
8/4/2023,Summer,8/4/2023 12:00,12,6,Afternoon,10,6.75,92,0,0,49
8/4/2023,Summer,8/4/2023 17:00,17,6,Evening,10,6.75,95,0,0,49
8/4/2023,Summer,8/4/2023 18:00,18,6,Evening,10,6.75,94,0,0,48
8/4/2023,Summer,8/4/2023 19:00,19,6,Evening,10,6.75,92,0,0,50
8/4/2023,Summer,8/4/2023 16:00,16,6,Afternoon,10,6.75,96,0,0,43
8/4/2023,Summer,8/3/2023 20:00,20,6,Evening,10,6.75,91,0,0,46
8/4/2023,Summer,8/3/2023 21:00,21,6,Evening,10,6.75,88,0,0,55
8/5/2023,Summer,8/5/2023 11:00,11,7,Morning,50,3.75,80,1,1,82
8/5/2023,Summer,8/5/2023 12:00,12,7,Afternoon,50,3.75,82,0,1,86
8/5/2023,Summer,8/5/2023 13:00,13,7,Afternoon,50,3.75,84,0,1,85
8/5/2023,Summer,8/5/2023 14:00,14,7,Afternoon,50,3.75,85,0,1,86
8/5/2023,Summer,8/5/2023 15:00,15,7,Afternoon,50,3.75,86,0,1,94
8/5/2023,Summer,8/5/2023 16:00,16,7,Afternoon,50,3.75,86,0,1,93
8/5/2023,Summer,8/5/2023 17:00,17,7,Evening,50,3.75,85,0,1,88
8/5/2023,Summer,8/5/2023 18:00,18,7,Evening,50,3.75,84,0,1,89
8/5/2023,Summer,8/5/2023 19:00,19,7,Evening,50,3.75,82,0,1,96
8/5/2023,Summer,8/5/2023 10:00,10,7,Morning,50,3.75,78,1,1,77
8/5/2023,Summer,8/4/2023 20:00,20,7,Evening,50,3.75,80,0,1,90
8/5/2023,Summer,8/4/2023 21:00,21,7,Evening,50,3.75,78,0,1,92
8/6/2023,Summer,8/5/2023 21:00,21,1,Evening,40,4.5,76,0,1,82
8/6/2023,Summer,8/5/2023 20:00,20,1,Evening,40,4.5,78,0,1,80
8/6/2023,Summer,8/6/2023 13:00,13,1,Afternoon,40,4.5,82,0,1,82
8/6/2023,Summer,8/6/2023 14:00,14,1,Afternoon,40,4.5,83,0,1,79
8/6/2023,Summer,8/6/2023 15:00,15,1,Afternoon,40,4.5,84,0,1,87
8/6/2023,Summer,8/6/2023 16:00,16,1,Afternoon,40,4.5,84,0,1,91
8/6/2023,Summer,8/6/2023 17:00,17,1,Evening,40,4.5,83,0,1,86
8/6/2023,Summer,8/6/2023 18:00,18,1,Evening,40,4.5,82,0,1,88
8/6/2023,Summer,8/6/2023 19:00,19,1,Evening,40,4.5,80,0,1,81
8/6/2023,Summer,8/6/2023 11:00,11,1,Morning,40,4.5,78,1,1,71
8/6/2023,Summer,8/6/2023 12:00,12,1,Afternoon,40,4.5,80,0,1,83
8/6/2023,Summer,8/6/2023 10:00,10,1,Morning,40,4.5,76,1,1,64
8/7/2023,Summer,8/7/2023 10:00,10,2,Morning,50,3.75,74,1,0,61
8/7/2023,Summer,8/6/2023 20:00,20,2,Evening,50,3.75,76,0,0,75
8/7/2023,Summer,8/6/2023 21:00,21,2,Evening,50,3.75,74,0,0,76
8/7/2023,Summer,8/7/2023 14:00,14,2,Afternoon,50,3.75,82,0,0,80
8/7/2023,Summer,8/7/2023 15:00,15,2,Afternoon,50,3.75,83,0,0,67
8/7/2023,Summer,8/7/2023 16:00,16,2,Afternoon,50,3.75,83,0,0,77
8/7/2023,Summer,8/7/2023 17:00,17,2,Evening,50,3.75,82,0,0,77
8/7/2023,Summer,8/7/2023 18:00,18,2,Evening,50,3.75,81,0,0,73
8/7/2023,Summer,8/7/2023 19:00,19,2,Evening,50,3.75,79,0,0,76
8/7/2023,Summer,8/7/2023 11:00,11,2,Morning,50,3.75,76,1,0,54
8/7/2023,Summer,8/7/2023 12:00,12,2,Afternoon,50,3.75,79,0,0,74
8/7/2023,Summer,8/7/2023 13:00,13,2,Afternoon,50,3.75,81,0,0,58
8/8/2023,Summer,8/8/2023 11:00,11,3,Morning,30,5.25,75,1,0,48
8/8/2023,Summer,8/7/2023 20:00,20,3,Evening,30,5.25,75,0,0,67
8/8/2023,Summer,8/7/2023 21:00,21,3,Evening,30,5.25,74,0,0,66
8/8/2023,Summer,8/8/2023 10:00,10,3,Morning,30,5.25,74,1,0,33
8/8/2023,Summer,8/8/2023 15:00,15,3,Afternoon,30,5.25,80,0,0,62
8/8/2023,Summer,8/8/2023 16:00,16,3,Afternoon,30,5.25,80,0,0,58
8/8/2023,Summer,8/8/2023 17:00,17,3,Evening,30,5.25,79,0,0,59
8/8/2023,Summer,8/8/2023 18:00,18,3,Evening,30,5.25,78,0,0,48
8/8/2023,Summer,8/8/2023 19:00,19,3,Evening,30,5.25,77,0,0,61
8/8/2023,Summer,8/8/2023 14:00,14,3,Afternoon,30,5.25,79,0,0,57
8/8/2023,Summer,8/8/2023 12:00,12,3,Afternoon,30,5.25,77,0,0,61
8/8/2023,Summer,8/8/2023 13:00,13,3,Afternoon,30,5.25,78,0,0,58
8/9/2023,Summer,8/8/2023 21:00,21,4,Evening,0,7.5,77,0,0,33
8/9/2023,Summer,8/8/2023 20:00,20,4,Evening,0,7.5,81,0,0,41
8/9/2023,Summer,8/9/2023 13:00,13,4,Afternoon,0,7.5,86,0,0,43
8/9/2023,Summer,8/9/2023 10:00,10,4,Morning,0,7.5,77,1,0,25
8/9/2023,Summer,8/9/2023 11:00,11,4,Morning,0,7.5,81,1,0,28
8/9/2023,Summer,8/9/2023 12:00,12,4,Afternoon,0,7.5,84,0,0,37
8/9/2023,Summer,8/9/2023 17:00,17,4,Evening,0,7.5,88,0,0,47
8/9/2023,Summer,8/9/2023 18:00,18,4,Evening,0,7.5,86,0,0,38
8/9/2023,Summer,8/9/2023 19:00,19,4,Evening,0,7.5,84,0,0,37
8/9/2023,Summer,8/9/2023 15:00,15,4,Afternoon,0,7.5,89,0,0,46
8/9/2023,Summer,8/9/2023 16:00,16,4,Afternoon,0,7.5,89,0,0,46
8/9/2023,Summer,8/9/2023 14:00,14,4,Afternoon,0,7.5,88,0,0,44
8/10/2023,Summer,8/10/2023 10:00,10,5,Morning,40,4.5,83,1,0,56
8/10/2023,Summer,8/9/2023 20:00,20,5,Evening,40,4.5,85,0,0,75
8/10/2023,Summer,8/9/2023 21:00,21,5,Evening,40,4.5,83,0,0,62
8/10/2023,Summer,8/10/2023 14:00,14,5,Afternoon,40,4.5,88,0,0,73
8/10/2023,Summer,8/10/2023 11:00,11,5,Morning,40,4.5,85,1,0,64
8/10/2023,Summer,8/10/2023 12:00,12,5,Afternoon,40,4.5,86,0,0,68
8/10/2023,Summer,8/10/2023 13:00,13,5,Afternoon,40,4.5,87,0,0,71
8/10/2023,Summer,8/10/2023 18:00,18,5,Evening,40,4.5,87,0,0,71
8/10/2023,Summer,8/10/2023 19:00,19,5,Evening,40,4.5,86,0,0,73
8/10/2023,Summer,8/10/2023 15:00,15,5,Afternoon,40,4.5,88,0,0,63
8/10/2023,Summer,8/10/2023 16:00,16,5,Afternoon,40,4.5,88,0,0,72
8/10/2023,Summer,8/10/2023 17:00,17,5,Evening,40,4.5,88,0,0,59
8/11/2023,Summer,8/11/2023 11:00,11,6,Morning,40,4.5,88,1,0,66
8/11/2023,Summer,8/10/2023 20:00,20,6,Evening,40,4.5,88,0,0,65
8/11/2023,Summer,8/10/2023 21:00,21,6,Evening,40,4.5,86,0,0,66
8/11/2023,Summer,8/11/2023 10:00,10,6,Morning,40,4.5,86,1,0,57
8/11/2023,Summer,8/11/2023 15:00,15,6,Afternoon,40,4.5,93,0,0,62
8/11/2023,Summer,8/11/2023 12:00,12,6,Afternoon,40,4.5,90,0,0,67
8/11/2023,Summer,8/11/2023 13:00,13,6,Afternoon,40,4.5,91,0,0,69
8/11/2023,Summer,8/11/2023 14:00,14,6,Afternoon,40,4.5,93,0,0,67
8/11/2023,Summer,8/11/2023 19:00,19,6,Evening,40,4.5,90,0,0,78
8/11/2023,Summer,8/11/2023 18:00,18,6,Evening,40,4.5,91,0,0,59
8/11/2023,Summer,8/11/2023 16:00,16,6,Afternoon,40,4.5,93,0,0,68
8/11/2023,Summer,8/11/2023 17:00,17,6,Evening,40,4.5,93,0,0,74
8/12/2023,Summer,8/11/2023 21:00,21,7,Evening,0,7.5,84,0,1,54
8/12/2023,Summer,8/12/2023 10:00,10,7,Morning,0,7.5,84,1,1,44
8/12/2023,Summer,8/12/2023 13:00,13,7,Afternoon,0,7.5,93,0,1,70
8/12/2023,Summer,8/12/2023 14:00,14,7,Afternoon,0,7.5,95,0,1,51
8/12/2023,Summer,8/12/2023 11:00,11,7,Morning,0,7.5,87,1,1,41
8/12/2023,Summer,8/12/2023 12:00,12,7,Afternoon,0,7.5,90,0,1,54
8/12/2023,Summer,8/12/2023 17:00,17,7,Evening,0,7.5,95,0,1,64
8/12/2023,Summer,8/12/2023 18:00,18,7,Evening,0,7.5,93,0,1,56
8/12/2023,Summer,8/12/2023 15:00,15,7,Afternoon,0,7.5,96,0,1,63
8/12/2023,Summer,8/12/2023 16:00,16,7,Afternoon,0,7.5,96,0,1,57
8/12/2023,Summer,8/11/2023 20:00,20,7,Evening,0,7.5,87,0,1,58
8/12/2023,Summer,8/12/2023 19:00,19,7,Evening,0,7.5,90,0,1,64
8/13/2023,Summer,8/13/2023 10:00,10,1,Morning,0,7.5,78,1,1,44
8/13/2023,Summer,8/13/2023 11:00,11,1,Morning,0,7.5,81,1,1,34
8/13/2023,Summer,8/13/2023 13:00,13,1,Afternoon,0,7.5,86,0,1,56
8/13/2023,Summer,8/13/2023 14:00,14,1,Afternoon,0,7.5,87,0,1,63
8/13/2023,Summer,8/13/2023 15:00,15,1,Afternoon,0,7.5,88,0,1,68
8/13/2023,Summer,8/13/2023 12:00,12,1,Afternoon,0,7.5,84,0,1,53
8/13/2023,Summer,8/13/2023 17:00,17,1,Evening,0,7.5,87,0,1,58
8/13/2023,Summer,8/13/2023 18:00,18,1,Evening,0,7.5,86,0,1,58
8/13/2023,Summer,8/13/2023 19:00,19,1,Evening,0,7.5,84,0,1,55
8/13/2023,Summer,8/13/2023 16:00,16,1,Afternoon,0,7.5,88,0,1,52
8/13/2023,Summer,8/12/2023 20:00,20,1,Evening,0,7.5,81,0,1,67
8/13/2023,Summer,8/12/2023 21:00,21,1,Evening,0,7.5,78,0,1,65
8/14/2023,Summer,8/14/2023 11:00,11,2,Morning,40,4.5,82,1,0,48
8/14/2023,Summer,8/14/2023 12:00,12,2,Afternoon,40,4.5,83,0,0,58
8/14/2023,Summer,8/14/2023 13:00,13,2,Afternoon,40,4.5,84,0,0,66
8/14/2023,Summer,8/14/2023 14:00,14,2,Afternoon,40,4.5,85,0,0,69
8/14/2023,Summer,8/14/2023 15:00,15,2,Afternoon,40,4.5,86,0,0,67
8/14/2023,Summer,8/14/2023 16:00,16,2,Afternoon,40,4.5,86,0,0,73
8/14/2023,Summer,8/14/2023 17:00,17,2,Evening,40,4.5,85,0,0,66
8/14/2023,Summer,8/14/2023 18:00,18,2,Evening,40,4.5,84,0,0,61
8/14/2023,Summer,8/14/2023 19:00,19,2,Evening,40,4.5,83,0,0,75
8/14/2023,Summer,8/13/2023 20:00,20,2,Evening,40,4.5,82,0,0,66
8/14/2023,Summer,8/13/2023 21:00,21,2,Evening,40,4.5,80,0,0,65
8/14/2023,Summer,8/14/2023 10:00,10,2,Morning,40,4.5,80,1,0,53
8/15/2023,Summer,8/14/2023 20:00,20,3,Evening,50,3.75,79,0,0,74
8/15/2023,Summer,8/15/2023 12:00,12,3,Afternoon,50,3.75,81,0,0,62
8/15/2023,Summer,8/15/2023 13:00,13,3,Afternoon,50,3.75,83,0,0,77
8/15/2023,Summer,8/15/2023 14:00,14,3,Afternoon,50,3.75,84,0,0,78
8/15/2023,Summer,8/15/2023 15:00,15,3,Afternoon,50,3.75,84,0,0,77
8/15/2023,Summer,8/15/2023 16:00,16,3,Afternoon,50,3.75,84,0,0,72
8/15/2023,Summer,8/15/2023 17:00,17,3,Evening,50,3.75,84,0,0,75
8/15/2023,Summer,8/15/2023 18:00,18,3,Evening,50,3.75,83,0,0,67
8/15/2023,Summer,8/15/2023 19:00,19,3,Evening,50,3.75,81,0,0,75
8/15/2023,Summer,8/15/2023 10:00,10,3,Morning,50,3.75,76,1,0,57
8/15/2023,Summer,8/15/2023 11:00,11,3,Morning,50,3.75,79,1,0,68
8/15/2023,Summer,8/14/2023 21:00,21,3,Evening,50,3.75,76,0,0,68
8/16/2023,Summer,8/16/2023 10:00,10,4,Morning,50,3.75,76,1,0,51
8/16/2023,Summer,8/15/2023 20:00,20,4,Evening,50,3.75,79,0,0,74
8/16/2023,Summer,8/15/2023 21:00,21,4,Evening,50,3.75,76,0,0,65
8/16/2023,Summer,8/16/2023 14:00,14,4,Afternoon,50,3.75,84,0,0,69
8/16/2023,Summer,8/16/2023 15:00,15,4,Afternoon,50,3.75,85,0,0,78
8/16/2023,Summer,8/16/2023 16:00,16,4,Afternoon,50,3.75,85,0,0,84
8/16/2023,Summer,8/16/2023 17:00,17,4,Evening,50,3.75,84,0,0,73
8/16/2023,Summer,8/16/2023 18:00,18,4,Evening,50,3.75,83,0,0,79
8/16/2023,Summer,8/16/2023 19:00,19,4,Evening,50,3.75,81,0,0,67
8/16/2023,Summer,8/16/2023 11:00,11,4,Morning,50,3.75,79,1,0,70
8/16/2023,Summer,8/16/2023 12:00,12,4,Afternoon,50,3.75,81,0,0,74
8/16/2023,Summer,8/16/2023 13:00,13,4,Afternoon,50,3.75,83,0,0,70
8/17/2023,Summer,8/17/2023 11:00,11,5,Morning,50,3.75,87,1,0,65
8/17/2023,Summer,8/16/2023 20:00,20,5,Evening,50,3.75,87,0,0,70
8/17/2023,Summer,8/16/2023 21:00,21,5,Evening,50,3.75,84,0,0,74
8/17/2023,Summer,8/17/2023 10:00,10,5,Morning,50,3.75,84,1,0,63
8/17/2023,Summer,8/17/2023 15:00,15,5,Afternoon,50,3.75,93,0,0,81
8/17/2023,Summer,8/17/2023 16:00,16,5,Afternoon,50,3.75,93,0,0,72
8/17/2023,Summer,8/17/2023 17:00,17,5,Evening,50,3.75,92,0,0,73
8/17/2023,Summer,8/17/2023 18:00,18,5,Evening,50,3.75,91,0,0,76
8/17/2023,Summer,8/17/2023 19:00,19,5,Evening,50,3.75,89,0,0,79
8/17/2023,Summer,8/17/2023 12:00,12,5,Afternoon,50,3.75,89,0,0,84
8/17/2023,Summer,8/17/2023 13:00,13,5,Afternoon,50,3.75,91,0,0,83
8/17/2023,Summer,8/17/2023 14:00,14,5,Afternoon,50,3.75,92,0,0,80
8/18/2023,Summer,8/17/2023 20:00,20,6,Evening,30,5.25,77,0,0,50
8/18/2023,Summer,8/18/2023 12:00,12,6,Afternoon,30,5.25,79,0,0,64
8/18/2023,Summer,8/17/2023 21:00,21,6,Evening,30,5.25,75,0,0,63
8/18/2023,Summer,8/18/2023 10:00,10,6,Morning,30,5.25,75,1,0,43
8/18/2023,Summer,8/18/2023 11:00,11,6,Morning,30,5.25,77,1,0,44
8/18/2023,Summer,8/18/2023 16:00,16,6,Afternoon,30,5.25,83,0,0,53
8/18/2023,Summer,8/18/2023 17:00,17,6,Evening,30,5.25,83,0,0,60
8/18/2023,Summer,8/18/2023 18:00,18,6,Evening,30,5.25,81,0,0,60
8/18/2023,Summer,8/18/2023 19:00,19,6,Evening,30,5.25,79,0,0,51
8/18/2023,Summer,8/18/2023 14:00,14,6,Afternoon,30,5.25,83,0,0,52
8/18/2023,Summer,8/18/2023 15:00,15,6,Afternoon,30,5.25,83,0,0,61
8/18/2023,Summer,8/18/2023 13:00,13,6,Afternoon,30,5.25,81,0,0,55
8/19/2023,Summer,8/19/2023 10:00,10,7,Morning,50,3.75,90,1,1,78
8/19/2023,Summer,8/18/2023 20:00,20,7,Evening,50,3.75,93,0,1,97
8/19/2023,Summer,8/18/2023 21:00,21,7,Evening,50,3.75,90,0,1,90
8/19/2023,Summer,8/19/2023 14:00,14,7,Afternoon,50,3.75,99,0,1,94
8/19/2023,Summer,8/19/2023 11:00,11,7,Morning,50,3.75,93,1,1,83
8/19/2023,Summer,8/19/2023 12:00,12,7,Afternoon,50,3.75,95,0,1,87
8/19/2023,Summer,8/19/2023 13:00,13,7,Afternoon,50,3.75,97,0,1,99
8/19/2023,Summer,8/19/2023 18:00,18,7,Evening,50,3.75,97,0,1,97
8/19/2023,Summer,8/19/2023 19:00,19,7,Evening,50,3.75,95,0,1,99
8/19/2023,Summer,8/19/2023 15:00,15,7,Afternoon,50,3.75,99,0,1,91
8/19/2023,Summer,8/19/2023 16:00,16,7,Afternoon,50,3.75,99,0,1,86
8/19/2023,Summer,8/19/2023 17:00,17,7,Evening,50,3.75,99,0,1,96
8/20/2023,Summer,8/20/2023 11:00,11,1,Morning,50,3.75,81,1,1,82
8/20/2023,Summer,8/19/2023 20:00,20,1,Evening,50,3.75,81,0,1,103
8/20/2023,Summer,8/19/2023 21:00,21,1,Evening,50,3.75,80,0,1,99
8/20/2023,Summer,8/20/2023 10:00,10,1,Morning,50,3.75,80,1,1,76
8/20/2023,Summer,8/20/2023 15:00,15,1,Afternoon,50,3.75,86,0,1,86
8/20/2023,Summer,8/20/2023 12:00,12,1,Afternoon,50,3.75,83,0,1,94
8/20/2023,Summer,8/20/2023 13:00,13,1,Afternoon,50,3.75,84,0,1,101
8/20/2023,Summer,8/20/2023 14:00,14,1,Afternoon,50,3.75,85,0,1,85
8/20/2023,Summer,8/20/2023 19:00,19,1,Evening,50,3.75,83,0,1,87
8/20/2023,Summer,8/20/2023 16:00,16,1,Afternoon,50,3.75,86,0,1,100
8/20/2023,Summer,8/20/2023 17:00,17,1,Evening,50,3.75,85,0,1,100
8/20/2023,Summer,8/20/2023 18:00,18,1,Evening,50,3.75,84,0,1,92
8/21/2023,Summer,8/20/2023 20:00,20,2,Evening,50,3.75,84,0,0,66
8/21/2023,Summer,8/21/2023 12:00,12,2,Afternoon,50,3.75,87,0,0,72
8/21/2023,Summer,8/20/2023 21:00,21,2,Evening,50,3.75,81,0,0,79
8/21/2023,Summer,8/21/2023 10:00,10,2,Morning,50,3.75,81,1,0,73
8/21/2023,Summer,8/21/2023 11:00,11,2,Morning,50,3.75,84,1,0,62
8/21/2023,Summer,8/21/2023 16:00,16,2,Afternoon,50,3.75,93,0,0,72
8/21/2023,Summer,8/21/2023 13:00,13,2,Afternoon,50,3.75,90,0,0,76
8/21/2023,Summer,8/21/2023 14:00,14,2,Afternoon,50,3.75,92,0,0,76
8/21/2023,Summer,8/21/2023 15:00,15,2,Afternoon,50,3.75,93,0,0,71
8/21/2023,Summer,8/21/2023 19:00,19,2,Evening,50,3.75,87,0,0,77
8/21/2023,Summer,8/21/2023 18:00,18,2,Evening,50,3.75,90,0,0,82
8/21/2023,Summer,8/21/2023 17:00,17,2,Evening,50,3.75,92,0,0,75
8/22/2023,Summer,8/22/2023 10:00,10,3,Morning,40,4.5,76,1,0,57
8/22/2023,Summer,8/22/2023 11:00,11,3,Morning,40,4.5,79,1,0,55
8/22/2023,Summer,8/21/2023 21:00,21,3,Evening,40,4.5,76,0,0,68
8/22/2023,Summer,8/22/2023 14:00,14,3,Afternoon,40,4.5,85,0,0,66
8/22/2023,Summer,8/22/2023 15:00,15,3,Afternoon,40,4.5,85,0,0,73
8/22/2023,Summer,8/22/2023 12:00,12,3,Afternoon,40,4.5,81,0,0,68
8/22/2023,Summer,8/22/2023 13:00,13,3,Afternoon,40,4.5,83,0,0,65
8/22/2023,Summer,8/22/2023 18:00,18,3,Evening,40,4.5,83,0,0,70
8/22/2023,Summer,8/22/2023 19:00,19,3,Evening,40,4.5,81,0,0,72
8/22/2023,Summer,8/22/2023 16:00,16,3,Afternoon,40,4.5,85,0,0,67
8/22/2023,Summer,8/22/2023 17:00,17,3,Evening,40,4.5,85,0,0,54
8/22/2023,Summer,8/21/2023 20:00,20,3,Evening,40,4.5,79,0,0,75
8/23/2023,Summer,8/23/2023 11:00,11,4,Morning,50,3.75,80,1,0,58
8/23/2023,Summer,8/23/2023 12:00,12,4,Afternoon,50,3.75,82,0,0,72
8/23/2023,Summer,8/23/2023 13:00,13,4,Afternoon,50,3.75,84,0,0,82
8/23/2023,Summer,8/23/2023 14:00,14,4,Afternoon,50,3.75,85,0,0,65
8/23/2023,Summer,8/23/2023 15:00,15,4,Afternoon,50,3.75,86,0,0,69
8/23/2023,Summer,8/23/2023 16:00,16,4,Afternoon,50,3.75,86,0,0,71
8/23/2023,Summer,8/23/2023 17:00,17,4,Evening,50,3.75,85,0,0,68
8/23/2023,Summer,8/23/2023 18:00,18,4,Evening,50,3.75,84,0,0,80
8/23/2023,Summer,8/23/2023 19:00,19,4,Evening,50,3.75,82,0,0,80
8/23/2023,Summer,8/22/2023 20:00,20,4,Evening,50,3.75,80,0,0,76
8/23/2023,Summer,8/22/2023 21:00,21,4,Evening,50,3.75,77,0,0,71
8/23/2023,Summer,8/23/2023 10:00,10,4,Morning,50,3.75,77,1,0,59
8/24/2023,Summer,8/23/2023 20:00,20,5,Evening,30,5.25,75,0,0,56
8/24/2023,Summer,8/24/2023 12:00,12,5,Afternoon,30,5.25,77,0,0,57
8/24/2023,Summer,8/24/2023 13:00,13,5,Afternoon,30,5.25,78,0,0,62
8/24/2023,Summer,8/24/2023 14:00,14,5,Afternoon,30,5.25,79,0,0,64
8/24/2023,Summer,8/24/2023 15:00,15,5,Afternoon,30,5.25,79,0,0,57
8/24/2023,Summer,8/24/2023 16:00,16,5,Afternoon,30,5.25,79,0,0,61
8/24/2023,Summer,8/24/2023 17:00,17,5,Evening,30,5.25,79,0,0,48
8/24/2023,Summer,8/24/2023 18:00,18,5,Evening,30,5.25,78,0,0,60
8/24/2023,Summer,8/24/2023 19:00,19,5,Evening,30,5.25,77,0,0,55
8/24/2023,Summer,8/24/2023 11:00,11,5,Morning,30,5.25,75,1,0,52
8/24/2023,Summer,8/23/2023 21:00,21,5,Evening,30,5.25,73,0,0,65
8/24/2023,Summer,8/24/2023 10:00,10,5,Morning,30,5.25,73,1,0,35
8/25/2023,Summer,8/24/2023 21:00,21,6,Evening,40,4.5,79,0,0,71
8/25/2023,Summer,8/24/2023 20:00,20,6,Evening,40,4.5,82,0,0,64
8/25/2023,Summer,8/25/2023 13:00,13,6,Afternoon,40,4.5,87,0,0,67
8/25/2023,Summer,8/25/2023 14:00,14,6,Afternoon,40,4.5,89,0,0,72
8/25/2023,Summer,8/25/2023 15:00,15,6,Afternoon,40,4.5,90,0,0,71
8/25/2023,Summer,8/25/2023 16:00,16,6,Afternoon,40,4.5,90,0,0,64
8/25/2023,Summer,8/25/2023 17:00,17,6,Evening,40,4.5,89,0,0,70
8/25/2023,Summer,8/25/2023 18:00,18,6,Evening,40,4.5,87,0,0,65
8/25/2023,Summer,8/25/2023 19:00,19,6,Evening,40,4.5,85,0,0,74
8/25/2023,Summer,8/25/2023 10:00,10,6,Morning,40,4.5,79,1,0,46
8/25/2023,Summer,8/25/2023 11:00,11,6,Morning,40,4.5,82,1,0,59
8/25/2023,Summer,8/25/2023 12:00,12,6,Afternoon,40,4.5,85,0,0,74
8/26/2023,Summer,8/26/2023 11:00,11,7,Morning,40,4.5,85,1,1,59
8/26/2023,Summer,8/25/2023 20:00,20,7,Evening,40,4.5,85,0,1,88
8/26/2023,Summer,8/25/2023 21:00,21,7,Evening,40,4.5,82,0,1,82
8/26/2023,Summer,8/26/2023 10:00,10,7,Morning,40,4.5,82,1,1,72
8/26/2023,Summer,8/26/2023 15:00,15,7,Afternoon,40,4.5,91,0,1,84
8/26/2023,Summer,8/26/2023 16:00,16,7,Afternoon,40,4.5,91,0,1,89
8/26/2023,Summer,8/26/2023 17:00,17,7,Evening,40,4.5,90,0,1,90
8/26/2023,Summer,8/26/2023 18:00,18,7,Evening,40,4.5,89,0,1,88
8/26/2023,Summer,8/26/2023 19:00,19,7,Evening,40,4.5,87,0,1,84
8/26/2023,Summer,8/26/2023 12:00,12,7,Afternoon,40,4.5,87,0,1,83
8/26/2023,Summer,8/26/2023 13:00,13,7,Afternoon,40,4.5,89,0,1,84
8/26/2023,Summer,8/26/2023 14:00,14,7,Afternoon,40,4.5,90,0,1,84
8/27/2023,Summer,8/26/2023 20:00,20,1,Evening,50,3.75,85,0,1,92
8/27/2023,Summer,8/27/2023 12:00,12,1,Afternoon,50,3.75,87,0,1,87
8/27/2023,Summer,8/26/2023 21:00,21,1,Evening,50,3.75,82,0,1,94
8/27/2023,Summer,8/27/2023 10:00,10,1,Morning,50,3.75,82,1,1,74
8/27/2023,Summer,8/27/2023 11:00,11,1,Morning,50,3.75,85,1,1,72
8/27/2023,Summer,8/27/2023 16:00,16,1,Afternoon,50,3.75,92,0,1,93
8/27/2023,Summer,8/27/2023 17:00,17,1,Evening,50,3.75,92,0,1,94
8/27/2023,Summer,8/27/2023 18:00,18,1,Evening,50,3.75,90,0,1,97
8/27/2023,Summer,8/27/2023 19:00,19,1,Evening,50,3.75,87,0,1,95
8/27/2023,Summer,8/27/2023 15:00,15,1,Afternoon,50,3.75,92,0,1,93
8/27/2023,Summer,8/27/2023 13:00,13,1,Afternoon,50,3.75,90,0,1,95
8/27/2023,Summer,8/27/2023 14:00,14,1,Afternoon,50,3.75,92,0,1,87
8/28/2023,Summer,8/27/2023 21:00,21,2,Evening,0,7.5,76,0,0,33
8/28/2023,Summer,8/27/2023 20:00,20,2,Evening,0,7.5,78,0,0,33
8/28/2023,Summer,8/28/2023 13:00,13,2,Afternoon,0,7.5,80,0,0,39
8/28/2023,Summer,8/28/2023 10:00,10,2,Morning,0,7.5,76,1,0,28
8/28/2023,Summer,8/28/2023 11:00,11,2,Morning,0,7.5,78,1,0,29
8/28/2023,Summer,8/28/2023 12:00,12,2,Afternoon,0,7.5,79,0,0,46
8/28/2023,Summer,8/28/2023 17:00,17,2,Evening,0,7.5,81,0,0,41
8/28/2023,Summer,8/28/2023 18:00,18,2,Evening,0,7.5,80,0,0,38
8/28/2023,Summer,8/28/2023 19:00,19,2,Evening,0,7.5,79,0,0,36
8/28/2023,Summer,8/28/2023 14:00,14,2,Afternoon,0,7.5,81,0,0,40
8/28/2023,Summer,8/28/2023 15:00,15,2,Afternoon,0,7.5,81,0,0,39
8/28/2023,Summer,8/28/2023 16:00,16,2,Afternoon,0,7.5,81,0,0,38
8/29/2023,Summer,8/29/2023 11:00,11,3,Morning,10,6.75,79,1,0,29
8/29/2023,Summer,8/28/2023 20:00,20,3,Evening,10,6.75,79,0,0,41
8/29/2023,Summer,8/28/2023 21:00,21,3,Evening,10,6.75,76,0,0,40
8/29/2023,Summer,8/29/2023 10:00,10,3,Morning,10,6.75,76,1,0,39
8/29/2023,Summer,8/29/2023 15:00,15,3,Afternoon,10,6.75,87,0,0,48
8/29/2023,Summer,8/29/2023 12:00,12,3,Afternoon,10,6.75,82,0,0,44
8/29/2023,Summer,8/29/2023 13:00,13,3,Afternoon,10,6.75,84,0,0,39
8/29/2023,Summer,8/29/2023 14:00,14,3,Afternoon,10,6.75,86,0,0,48
8/29/2023,Summer,8/29/2023 19:00,19,3,Evening,10,6.75,82,0,0,44
8/29/2023,Summer,8/29/2023 16:00,16,3,Afternoon,10,6.75,87,0,0,47
8/29/2023,Summer,8/29/2023 17:00,17,3,Evening,10,6.75,86,0,0,46
8/29/2023,Summer,8/29/2023 18:00,18,3,Evening,10,6.75,84,0,0,50
8/30/2023,Summer,8/29/2023 20:00,20,4,Evening,50,3.75,79,0,0,73
8/30/2023,Summer,8/30/2023 12:00,12,4,Afternoon,50,3.75,81,0,0,73
8/30/2023,Summer,8/29/2023 21:00,21,4,Evening,50,3.75,77,0,0,85
8/30/2023,Summer,8/30/2023 10:00,10,4,Morning,50,3.75,77,1,0,67
8/30/2023,Summer,8/30/2023 11:00,11,4,Morning,50,3.75,79,1,0,62
8/30/2023,Summer,8/30/2023 16:00,16,4,Afternoon,50,3.75,84,0,0,70
8/30/2023,Summer,8/30/2023 13:00,13,4,Afternoon,50,3.75,83,0,0,80
8/30/2023,Summer,8/30/2023 14:00,14,4,Afternoon,50,3.75,84,0,0,69
8/30/2023,Summer,8/30/2023 15:00,15,4,Afternoon,50,3.75,84,0,0,74
8/30/2023,Summer,8/30/2023 19:00,19,4,Evening,50,3.75,81,0,0,78
8/30/2023,Summer,8/30/2023 17:00,17,4,Evening,50,3.75,84,0,0,72
8/30/2023,Summer,8/30/2023 18:00,18,4,Evening,50,3.75,83,0,0,72
8/31/2023,Summer,8/30/2023 21:00,21,5,Evening,40,4.5,87,0,0,70
8/31/2023,Summer,8/30/2023 20:00,20,5,Evening,40,4.5,89,0,0,69
8/31/2023,Summer,8/31/2023 13:00,13,5,Afternoon,40,4.5,93,0,0,67
8/31/2023,Summer,8/31/2023 10:00,10,5,Morning,40,4.5,87,1,0,54
8/31/2023,Summer,8/31/2023 11:00,11,5,Morning,40,4.5,89,1,0,57
8/31/2023,Summer,8/31/2023 12:00,12,5,Afternoon,40,4.5,91,0,0,71
8/31/2023,Summer,8/31/2023 17:00,17,5,Evening,40,4.5,94,0,0,75
8/31/2023,Summer,8/31/2023 14:00,14,5,Afternoon,40,4.5,94,0,0,67
8/31/2023,Summer,8/31/2023 15:00,15,5,Afternoon,40,4.5,95,0,0,75
8/31/2023,Summer,8/31/2023 16:00,16,5,Afternoon,40,4.5,95,0,0,61
8/31/2023,Summer,8/31/2023 18:00,18,5,Evening,40,4.5,93,0,0,65
8/31/2023,Summer,8/31/2023 19:00,19,5,Evening,40,4.5,91,0,0,61
9/1/2023,Fall,8/31/2023 21:00,21,6,Evening,0,7.5,54,0,0,36
9/1/2023,Fall,9/1/2023 10:00,10,6,Morning,0,7.5,54,1,0,23
9/1/2023,Fall,9/1/2023 11:00,11,6,Morning,0,7.5,57,1,0,14
9/1/2023,Fall,8/31/2023 20:00,20,6,Evening,0,7.5,57,0,0,35
9/1/2023,Fall,9/1/2023 13:00,13,6,Afternoon,0,7.5,62,0,0,31
9/1/2023,Fall,9/1/2023 14:00,14,6,Afternoon,0,7.5,63,0,0,38
9/1/2023,Fall,9/1/2023 15:00,15,6,Afternoon,0,7.5,64,0,0,28
9/1/2023,Fall,9/1/2023 12:00,12,6,Afternoon,0,7.5,60,0,0,40
9/1/2023,Fall,9/1/2023 17:00,17,6,Evening,0,7.5,63,0,0,36
9/1/2023,Fall,9/1/2023 18:00,18,6,Evening,0,7.5,62,0,0,31
9/1/2023,Fall,9/1/2023 19:00,19,6,Evening,0,7.5,60,0,0,35
9/1/2023,Fall,9/1/2023 16:00,16,6,Afternoon,0,7.5,64,0,0,35
9/2/2023,Fall,9/1/2023 21:00,21,7,Evening,40,4.5,59,0,1,79
9/2/2023,Fall,9/2/2023 10:00,10,7,Morning,40,4.5,59,1,1,61
9/2/2023,Fall,9/2/2023 11:00,11,7,Morning,40,4.5,63,1,1,66
9/2/2023,Fall,9/1/2023 20:00,20,7,Evening,40,4.5,63,0,1,81
9/2/2023,Fall,9/2/2023 13:00,13,7,Afternoon,40,4.5,68,0,1,75
9/2/2023,Fall,9/2/2023 14:00,14,7,Afternoon,40,4.5,70,0,1,84
9/2/2023,Fall,9/2/2023 15:00,15,7,Afternoon,40,4.5,71,0,1,89
9/2/2023,Fall,9/2/2023 12:00,12,7,Afternoon,40,4.5,66,0,1,86
9/2/2023,Fall,9/2/2023 17:00,17,7,Evening,40,4.5,70,0,1,78
9/2/2023,Fall,9/2/2023 18:00,18,7,Evening,40,4.5,68,0,1,79
9/2/2023,Fall,9/2/2023 19:00,19,7,Evening,40,4.5,66,0,1,79
9/2/2023,Fall,9/2/2023 16:00,16,7,Afternoon,40,4.5,71,0,1,86
9/3/2023,Fall,9/2/2023 21:00,21,1,Evening,30,5.25,70,0,1,76
9/3/2023,Fall,9/3/2023 10:00,10,1,Morning,30,5.25,70,1,1,58
9/3/2023,Fall,9/3/2023 11:00,11,1,Morning,30,5.25,71,1,1,56
9/3/2023,Fall,9/3/2023 12:00,12,1,Afternoon,30,5.25,72,0,1,79
9/3/2023,Fall,9/3/2023 13:00,13,1,Afternoon,30,5.25,73,0,1,71
9/3/2023,Fall,9/3/2023 14:00,14,1,Afternoon,30,5.25,74,0,1,79
9/3/2023,Fall,9/3/2023 15:00,15,1,Afternoon,30,5.25,75,0,1,77
9/3/2023,Fall,9/3/2023 16:00,16,1,Afternoon,30,5.25,75,0,1,80
9/3/2023,Fall,9/3/2023 17:00,17,1,Evening,30,5.25,74,0,1,82
9/3/2023,Fall,9/3/2023 18:00,18,1,Evening,30,5.25,73,0,1,69
9/3/2023,Fall,9/3/2023 19:00,19,1,Evening,30,5.25,72,0,1,81
9/3/2023,Fall,9/2/2023 20:00,20,1,Evening,30,5.25,71,0,1,79
9/4/2023,Fall,9/3/2023 20:00,20,2,Evening,50,3.75,62,0,0,69
9/4/2023,Fall,9/4/2023 10:00,10,2,Morning,50,3.75,59,1,0,59
9/4/2023,Fall,9/4/2023 11:00,11,2,Morning,50,3.75,62,1,0,62
9/4/2023,Fall,9/4/2023 12:00,12,2,Afternoon,50,3.75,64,0,0,75
9/4/2023,Fall,9/4/2023 13:00,13,2,Afternoon,50,3.75,65,0,0,63
9/4/2023,Fall,9/4/2023 14:00,14,2,Afternoon,50,3.75,66,0,0,79
9/4/2023,Fall,9/4/2023 15:00,15,2,Afternoon,50,3.75,67,0,0,65
9/4/2023,Fall,9/4/2023 16:00,16,2,Afternoon,50,3.75,67,0,0,61
9/4/2023,Fall,9/4/2023 17:00,17,2,Evening,50,3.75,66,0,0,76
9/4/2023,Fall,9/4/2023 18:00,18,2,Evening,50,3.75,65,0,0,64
9/4/2023,Fall,9/4/2023 19:00,19,2,Evening,50,3.75,64,0,0,70
9/4/2023,Fall,9/3/2023 21:00,21,2,Evening,50,3.75,59,0,0,64
9/5/2023,Fall,9/4/2023 20:00,20,3,Evening,20,6,55,0,0,40
9/5/2023,Fall,9/4/2023 21:00,21,3,Evening,20,6,53,0,0,46
9/5/2023,Fall,9/5/2023 11:00,11,3,Morning,20,6,55,1,0,39
9/5/2023,Fall,9/5/2023 12:00,12,3,Afternoon,20,6,58,0,0,51
9/5/2023,Fall,9/5/2023 13:00,13,3,Afternoon,20,6,59,0,0,46
9/5/2023,Fall,9/5/2023 14:00,14,3,Afternoon,20,6,61,0,0,50
9/5/2023,Fall,9/5/2023 15:00,15,3,Afternoon,20,6,61,0,0,49
9/5/2023,Fall,9/5/2023 16:00,16,3,Afternoon,20,6,61,0,0,50
9/5/2023,Fall,9/5/2023 17:00,17,3,Evening,20,6,61,0,0,48
9/5/2023,Fall,9/5/2023 18:00,18,3,Evening,20,6,59,0,0,51
9/5/2023,Fall,9/5/2023 19:00,19,3,Evening,20,6,58,0,0,44
9/5/2023,Fall,9/5/2023 10:00,10,3,Morning,20,6,53,1,0,37
9/6/2023,Fall,9/5/2023 21:00,21,4,Evening,30,5.25,57,0,0,54
9/6/2023,Fall,9/6/2023 10:00,10,4,Morning,30,5.25,57,1,0,42
9/6/2023,Fall,9/6/2023 11:00,11,4,Morning,30,5.25,59,1,0,47
9/6/2023,Fall,9/5/2023 20:00,20,4,Evening,30,5.25,59,0,0,54
9/6/2023,Fall,9/6/2023 13:00,13,4,Afternoon,30,5.25,63,0,0,52
9/6/2023,Fall,9/6/2023 14:00,14,4,Afternoon,30,5.25,64,0,0,51
9/6/2023,Fall,9/6/2023 15:00,15,4,Afternoon,30,5.25,65,0,0,61
9/6/2023,Fall,9/6/2023 16:00,16,4,Afternoon,30,5.25,65,0,0,46
9/6/2023,Fall,9/6/2023 17:00,17,4,Evening,30,5.25,64,0,0,55
9/6/2023,Fall,9/6/2023 18:00,18,4,Evening,30,5.25,63,0,0,58
9/6/2023,Fall,9/6/2023 19:00,19,4,Evening,30,5.25,61,0,0,50
9/6/2023,Fall,9/6/2023 12:00,12,4,Afternoon,30,5.25,61,0,0,57
9/7/2023,Fall,9/6/2023 20:00,20,5,Evening,20,6,65,0,0,54
9/7/2023,Fall,9/7/2023 10:00,10,5,Morning,20,6,62,1,0,28
9/7/2023,Fall,9/7/2023 11:00,11,5,Morning,20,6,65,1,0,33
9/7/2023,Fall,9/7/2023 12:00,12,5,Afternoon,20,6,68,0,0,60
9/7/2023,Fall,9/6/2023 21:00,21,5,Evening,20,6,62,0,0,47
9/7/2023,Fall,9/7/2023 14:00,14,5,Afternoon,20,6,72,0,0,47
9/7/2023,Fall,9/7/2023 15:00,15,5,Afternoon,20,6,73,0,0,47
9/7/2023,Fall,9/7/2023 16:00,16,5,Afternoon,20,6,73,0,0,50
9/7/2023,Fall,9/7/2023 17:00,17,5,Evening,20,6,72,0,0,52
9/7/2023,Fall,9/7/2023 18:00,18,5,Evening,20,6,70,0,0,48
9/7/2023,Fall,9/7/2023 19:00,19,5,Evening,20,6,68,0,0,52
9/7/2023,Fall,9/7/2023 13:00,13,5,Afternoon,20,6,70,0,0,55
9/8/2023,Fall,9/7/2023 20:00,20,6,Evening,0,7.5,61,0,0,37
9/8/2023,Fall,9/7/2023 21:00,21,6,Evening,0,7.5,58,0,0,39
9/8/2023,Fall,9/8/2023 11:00,11,6,Morning,0,7.5,61,1,0,18
9/8/2023,Fall,9/8/2023 12:00,12,6,Afternoon,0,7.5,65,0,0,36
9/8/2023,Fall,9/8/2023 13:00,13,6,Afternoon,0,7.5,67,0,0,40
9/8/2023,Fall,9/8/2023 10:00,10,6,Morning,0,7.5,58,1,0,22
9/8/2023,Fall,9/8/2023 15:00,15,6,Afternoon,0,7.5,70,0,0,38
9/8/2023,Fall,9/8/2023 16:00,16,6,Afternoon,0,7.5,70,0,0,38
9/8/2023,Fall,9/8/2023 17:00,17,6,Evening,0,7.5,69,0,0,38
9/8/2023,Fall,9/8/2023 18:00,18,6,Evening,0,7.5,67,0,0,37
9/8/2023,Fall,9/8/2023 19:00,19,6,Evening,0,7.5,65,0,0,31
9/8/2023,Fall,9/8/2023 14:00,14,6,Afternoon,0,7.5,69,0,0,38
9/9/2023,Fall,9/8/2023 21:00,21,7,Evening,0,7.5,57,0,1,51
9/9/2023,Fall,9/9/2023 10:00,10,7,Morning,0,7.5,57,1,1,47
9/9/2023,Fall,9/9/2023 11:00,11,7,Morning,0,7.5,60,1,1,38
9/9/2023,Fall,9/8/2023 20:00,20,7,Evening,0,7.5,60,0,1,55
9/9/2023,Fall,9/9/2023 13:00,13,7,Afternoon,0,7.5,65,0,1,45
9/9/2023,Fall,9/9/2023 14:00,14,7,Afternoon,0,7.5,66,0,1,52
9/9/2023,Fall,9/9/2023 15:00,15,7,Afternoon,0,7.5,67,0,1,51
9/9/2023,Fall,9/9/2023 12:00,12,7,Afternoon,0,7.5,62,0,1,61
9/9/2023,Fall,9/9/2023 17:00,17,7,Evening,0,7.5,66,0,1,55
9/9/2023,Fall,9/9/2023 18:00,18,7,Evening,0,7.5,65,0,1,56
9/9/2023,Fall,9/9/2023 19:00,19,7,Evening,0,7.5,62,0,1,56
9/9/2023,Fall,9/9/2023 16:00,16,7,Afternoon,0,7.5,67,0,1,53
9/10/2023,Fall,9/9/2023 20:00,20,1,Evening,0,7.5,62,0,1,56
9/10/2023,Fall,9/10/2023 10:00,10,1,Morning,0,7.5,58,1,1,48
9/10/2023,Fall,9/10/2023 11:00,11,1,Morning,0,7.5,62,1,1,44
9/10/2023,Fall,9/10/2023 12:00,12,1,Afternoon,0,7.5,65,0,1,59
9/10/2023,Fall,9/9/2023 21:00,21,1,Evening,0,7.5,58,0,1,50
9/10/2023,Fall,9/10/2023 14:00,14,1,Afternoon,0,7.5,69,0,1,57
9/10/2023,Fall,9/10/2023 15:00,15,1,Afternoon,0,7.5,70,0,1,57
9/10/2023,Fall,9/10/2023 16:00,16,1,Afternoon,0,7.5,70,0,1,53
9/10/2023,Fall,9/10/2023 13:00,13,1,Afternoon,0,7.5,67,0,1,56
9/10/2023,Fall,9/10/2023 18:00,18,1,Evening,0,7.5,67,0,1,65
9/10/2023,Fall,9/10/2023 19:00,19,1,Evening,0,7.5,65,0,1,50
9/10/2023,Fall,9/10/2023 17:00,17,1,Evening,0,7.5,69,0,1,59
9/11/2023,Fall,9/10/2023 20:00,20,2,Evening,40,4.5,63,0,0,59
9/11/2023,Fall,9/10/2023 21:00,21,2,Evening,40,4.5,60,0,0,65
9/11/2023,Fall,9/11/2023 11:00,11,2,Morning,40,4.5,63,1,0,47
9/11/2023,Fall,9/11/2023 12:00,12,2,Afternoon,40,4.5,66,0,0,68
9/11/2023,Fall,9/11/2023 13:00,13,2,Afternoon,40,4.5,69,0,0,59
9/11/2023,Fall,9/11/2023 10:00,10,2,Morning,40,4.5,60,1,0,52
9/11/2023,Fall,9/11/2023 15:00,15,2,Afternoon,40,4.5,71,0,0,72
9/11/2023,Fall,9/11/2023 16:00,16,2,Afternoon,40,4.5,71,0,0,64
9/11/2023,Fall,9/11/2023 17:00,17,2,Evening,40,4.5,70,0,0,65
9/11/2023,Fall,9/11/2023 14:00,14,2,Afternoon,40,4.5,70,0,0,72
9/11/2023,Fall,9/11/2023 19:00,19,2,Evening,40,4.5,66,0,0,75
9/11/2023,Fall,9/11/2023 18:00,18,2,Evening,40,4.5,69,0,0,77
9/12/2023,Fall,9/11/2023 21:00,21,3,Evening,50,3.75,68,0,0,70
9/12/2023,Fall,9/12/2023 10:00,10,3,Morning,50,3.75,68,1,0,55
9/12/2023,Fall,9/12/2023 11:00,11,3,Morning,50,3.75,70,1,0,64
9/12/2023,Fall,9/12/2023 12:00,12,3,Afternoon,50,3.75,71,0,0,74
9/12/2023,Fall,9/12/2023 13:00,13,3,Afternoon,50,3.75,73,0,0,79
9/12/2023,Fall,9/12/2023 14:00,14,3,Afternoon,50,3.75,73,0,0,73
9/12/2023,Fall,9/12/2023 15:00,15,3,Afternoon,50,3.75,74,0,0,73
9/12/2023,Fall,9/12/2023 16:00,16,3,Afternoon,50,3.75,74,0,0,80
9/12/2023,Fall,9/12/2023 17:00,17,3,Evening,50,3.75,73,0,0,73
9/12/2023,Fall,9/12/2023 18:00,18,3,Evening,50,3.75,73,0,0,76
9/12/2023,Fall,9/12/2023 19:00,19,3,Evening,50,3.75,71,0,0,75
9/12/2023,Fall,9/11/2023 20:00,20,3,Evening,50,3.75,70,0,0,72
9/13/2023,Fall,9/12/2023 20:00,20,4,Evening,50,3.75,61,0,0,68
9/13/2023,Fall,9/13/2023 10:00,10,4,Morning,50,3.75,60,1,0,57
9/13/2023,Fall,9/13/2023 11:00,11,4,Morning,50,3.75,61,1,0,49
9/13/2023,Fall,9/13/2023 12:00,12,4,Afternoon,50,3.75,63,0,0,78
9/13/2023,Fall,9/13/2023 13:00,13,4,Afternoon,50,3.75,64,0,0,63
9/13/2023,Fall,9/13/2023 14:00,14,4,Afternoon,50,3.75,65,0,0,68
9/13/2023,Fall,9/13/2023 15:00,15,4,Afternoon,50,3.75,66,0,0,70
9/13/2023,Fall,9/13/2023 16:00,16,4,Afternoon,50,3.75,66,0,0,78
9/13/2023,Fall,9/13/2023 17:00,17,4,Evening,50,3.75,65,0,0,72
9/13/2023,Fall,9/13/2023 18:00,18,4,Evening,50,3.75,64,0,0,76
9/13/2023,Fall,9/13/2023 19:00,19,4,Evening,50,3.75,63,0,0,70
9/13/2023,Fall,9/12/2023 21:00,21,4,Evening,50,3.75,60,0,0,79
9/14/2023,Fall,9/13/2023 20:00,20,5,Evening,50,3.75,67,0,0,74
9/14/2023,Fall,9/13/2023 21:00,21,5,Evening,50,3.75,65,0,0,74
9/14/2023,Fall,9/14/2023 11:00,11,5,Morning,50,3.75,67,1,0,64
9/14/2023,Fall,9/14/2023 12:00,12,5,Afternoon,50,3.75,69,0,0,65
9/14/2023,Fall,9/14/2023 13:00,13,5,Afternoon,50,3.75,70,0,0,72
9/14/2023,Fall,9/14/2023 14:00,14,5,Afternoon,50,3.75,71,0,0,73
9/14/2023,Fall,9/14/2023 15:00,15,5,Afternoon,50,3.75,72,0,0,69
9/14/2023,Fall,9/14/2023 16:00,16,5,Afternoon,50,3.75,72,0,0,72
9/14/2023,Fall,9/14/2023 17:00,17,5,Evening,50,3.75,71,0,0,69
9/14/2023,Fall,9/14/2023 18:00,18,5,Evening,50,3.75,70,0,0,73
9/14/2023,Fall,9/14/2023 19:00,19,5,Evening,50,3.75,69,0,0,63
9/14/2023,Fall,9/14/2023 10:00,10,5,Morning,50,3.75,65,1,0,61
9/15/2023,Fall,9/14/2023 20:00,20,6,Evening,0,7.5,65,0,0,33
9/15/2023,Fall,9/14/2023 21:00,21,6,Evening,0,7.5,63,0,0,41
9/15/2023,Fall,9/15/2023 10:00,10,6,Morning,0,7.5,63,1,0,12
9/15/2023,Fall,9/15/2023 12:00,12,6,Afternoon,0,7.5,68,0,0,37
9/15/2023,Fall,9/15/2023 13:00,13,6,Afternoon,0,7.5,69,0,0,36
9/15/2023,Fall,9/15/2023 14:00,14,6,Afternoon,0,7.5,71,0,0,42
9/15/2023,Fall,9/15/2023 15:00,15,6,Afternoon,0,7.5,71,0,0,30
9/15/2023,Fall,9/15/2023 16:00,16,6,Afternoon,0,7.5,71,0,0,35
9/15/2023,Fall,9/15/2023 17:00,17,6,Evening,0,7.5,71,0,0,41
9/15/2023,Fall,9/15/2023 18:00,18,6,Evening,0,7.5,69,0,0,40
9/15/2023,Fall,9/15/2023 19:00,19,6,Evening,0,7.5,68,0,0,39
9/15/2023,Fall,9/15/2023 11:00,11,6,Morning,0,7.5,65,1,0,24
9/16/2023,Fall,9/15/2023 20:00,20,7,Evening,30,5.25,61,0,1,66
9/16/2023,Fall,9/16/2023 10:00,10,7,Morning,30,5.25,59,1,1,66
9/16/2023,Fall,9/16/2023 11:00,11,7,Morning,30,5.25,61,1,1,63
9/16/2023,Fall,9/16/2023 12:00,12,7,Afternoon,30,5.25,62,0,1,66
9/16/2023,Fall,9/15/2023 21:00,21,7,Evening,30,5.25,59,0,1,73
9/16/2023,Fall,9/16/2023 14:00,14,7,Afternoon,30,5.25,65,0,1,80
9/16/2023,Fall,9/16/2023 15:00,15,7,Afternoon,30,5.25,65,0,1,79
9/16/2023,Fall,9/16/2023 16:00,16,7,Afternoon,30,5.25,65,0,1,72
9/16/2023,Fall,9/16/2023 17:00,17,7,Evening,30,5.25,65,0,1,80
9/16/2023,Fall,9/16/2023 18:00,18,7,Evening,30,5.25,64,0,1,73
9/16/2023,Fall,9/16/2023 19:00,19,7,Evening,30,5.25,62,0,1,76
9/16/2023,Fall,9/16/2023 13:00,13,7,Afternoon,30,5.25,64,0,1,80
9/17/2023,Fall,9/16/2023 20:00,20,1,Evening,40,4.5,54,0,1,82
9/17/2023,Fall,9/16/2023 21:00,21,1,Evening,40,4.5,52,0,1,77
9/17/2023,Fall,9/17/2023 11:00,11,1,Morning,40,4.5,54,1,1,72
9/17/2023,Fall,9/17/2023 12:00,12,1,Afternoon,40,4.5,56,0,1,88
9/17/2023,Fall,9/17/2023 13:00,13,1,Afternoon,40,4.5,57,0,1,76
9/17/2023,Fall,9/17/2023 10:00,10,1,Morning,40,4.5,52,1,1,67
9/17/2023,Fall,9/17/2023 15:00,15,1,Afternoon,40,4.5,59,0,1,86
9/17/2023,Fall,9/17/2023 16:00,16,1,Afternoon,40,4.5,59,0,1,77
9/17/2023,Fall,9/17/2023 17:00,17,1,Evening,40,4.5,58,0,1,72
9/17/2023,Fall,9/17/2023 18:00,18,1,Evening,40,4.5,57,0,1,78
9/17/2023,Fall,9/17/2023 19:00,19,1,Evening,40,4.5,56,0,1,86
9/17/2023,Fall,9/17/2023 14:00,14,1,Afternoon,40,4.5,58,0,1,74
9/18/2023,Fall,9/17/2023 20:00,20,2,Evening,10,6.75,60,0,0,41
9/18/2023,Fall,9/17/2023 21:00,21,2,Evening,10,6.75,57,0,0,47
9/18/2023,Fall,9/18/2023 10:00,10,2,Morning,10,6.75,57,1,0,29
9/18/2023,Fall,9/18/2023 12:00,12,2,Afternoon,10,6.75,62,0,0,46
9/18/2023,Fall,9/18/2023 13:00,13,2,Afternoon,10,6.75,64,0,0,51
9/18/2023,Fall,9/18/2023 14:00,14,2,Afternoon,10,6.75,66,0,0,48
9/18/2023,Fall,9/18/2023 11:00,11,2,Morning,10,6.75,60,1,0,32
9/18/2023,Fall,9/18/2023 16:00,16,2,Afternoon,10,6.75,67,0,0,46
9/18/2023,Fall,9/18/2023 17:00,17,2,Evening,10,6.75,66,0,0,38
9/18/2023,Fall,9/18/2023 18:00,18,2,Evening,10,6.75,64,0,0,47
9/18/2023,Fall,9/18/2023 19:00,19,2,Evening,10,6.75,62,0,0,46
9/18/2023,Fall,9/18/2023 15:00,15,2,Afternoon,10,6.75,67,0,0,46
9/19/2023,Fall,9/18/2023 20:00,20,3,Evening,0,7.5,60,0,0,36
9/19/2023,Fall,9/19/2023 10:00,10,3,Morning,0,7.5,58,1,0,15
9/19/2023,Fall,9/19/2023 11:00,11,3,Morning,0,7.5,60,1,0,23
9/19/2023,Fall,9/19/2023 12:00,12,3,Afternoon,0,7.5,62,0,0,42
9/19/2023,Fall,9/18/2023 21:00,21,3,Evening,0,7.5,58,0,0,32
9/19/2023,Fall,9/19/2023 14:00,14,3,Afternoon,0,7.5,65,0,0,27
9/19/2023,Fall,9/19/2023 15:00,15,3,Afternoon,0,7.5,65,0,0,46
9/19/2023,Fall,9/19/2023 16:00,16,3,Afternoon,0,7.5,65,0,0,34
9/19/2023,Fall,9/19/2023 13:00,13,3,Afternoon,0,7.5,64,0,0,42
9/19/2023,Fall,9/19/2023 18:00,18,3,Evening,0,7.5,64,0,0,39
9/19/2023,Fall,9/19/2023 19:00,19,3,Evening,0,7.5,62,0,0,44
9/19/2023,Fall,9/19/2023 17:00,17,3,Evening,0,7.5,65,0,0,36
9/20/2023,Fall,9/19/2023 20:00,20,4,Evening,30,5.25,63,0,0,56
9/20/2023,Fall,9/19/2023 21:00,21,4,Evening,30,5.25,60,0,0,65
9/20/2023,Fall,9/20/2023 11:00,11,4,Morning,30,5.25,63,1,0,55
9/20/2023,Fall,9/20/2023 12:00,12,4,Afternoon,30,5.25,65,0,0,59
9/20/2023,Fall,9/20/2023 13:00,13,4,Afternoon,30,5.25,67,0,0,59
9/20/2023,Fall,9/20/2023 10:00,10,4,Morning,30,5.25,60,1,0,48
9/20/2023,Fall,9/20/2023 15:00,15,4,Afternoon,30,5.25,69,0,0,55
9/20/2023,Fall,9/20/2023 16:00,16,4,Afternoon,30,5.25,69,0,0,61
9/20/2023,Fall,9/20/2023 17:00,17,4,Evening,30,5.25,69,0,0,53
9/20/2023,Fall,9/20/2023 14:00,14,4,Afternoon,30,5.25,69,0,0,57
9/20/2023,Fall,9/20/2023 19:00,19,4,Evening,30,5.25,65,0,0,61
9/20/2023,Fall,9/20/2023 18:00,18,4,Evening,30,5.25,67,0,0,54
9/21/2023,Fall,9/20/2023 20:00,20,5,Evening,40,4.5,70,0,0,69
9/21/2023,Fall,9/20/2023 21:00,21,5,Evening,40,4.5,67,0,0,67
9/21/2023,Fall,9/21/2023 10:00,10,5,Morning,40,4.5,67,1,0,60
9/21/2023,Fall,9/21/2023 12:00,12,5,Afternoon,40,4.5,73,0,0,76
9/21/2023,Fall,9/21/2023 13:00,13,5,Afternoon,40,4.5,75,0,0,63
9/21/2023,Fall,9/21/2023 14:00,14,5,Afternoon,40,4.5,77,0,0,68
9/21/2023,Fall,9/21/2023 11:00,11,5,Morning,40,4.5,70,1,0,61
9/21/2023,Fall,9/21/2023 16:00,16,5,Afternoon,40,4.5,78,0,0,67
9/21/2023,Fall,9/21/2023 17:00,17,5,Evening,40,4.5,77,0,0,63
9/21/2023,Fall,9/21/2023 18:00,18,5,Evening,40,4.5,75,0,0,61
9/21/2023,Fall,9/21/2023 15:00,15,5,Afternoon,40,4.5,78,0,0,73
9/21/2023,Fall,9/21/2023 19:00,19,5,Evening,40,4.5,73,0,0,79
9/22/2023,Fall,9/21/2023 21:00,21,6,Evening,50,3.75,71,0,0,67
9/22/2023,Fall,9/22/2023 10:00,10,6,Morning,50,3.75,71,1,0,61
9/22/2023,Fall,9/22/2023 11:00,11,6,Morning,50,3.75,74,1,0,53
9/22/2023,Fall,9/22/2023 12:00,12,6,Afternoon,50,3.75,77,0,0,73
9/22/2023,Fall,9/22/2023 13:00,13,6,Afternoon,50,3.75,79,0,0,72
9/22/2023,Fall,9/22/2023 14:00,14,6,Afternoon,50,3.75,80,0,0,73
9/22/2023,Fall,9/22/2023 15:00,15,6,Afternoon,50,3.75,81,0,0,88
9/22/2023,Fall,9/22/2023 16:00,16,6,Afternoon,50,3.75,81,0,0,67
9/22/2023,Fall,9/22/2023 17:00,17,6,Evening,50,3.75,80,0,0,76
9/22/2023,Fall,9/22/2023 18:00,18,6,Evening,50,3.75,79,0,0,83
9/22/2023,Fall,9/22/2023 19:00,19,6,Evening,50,3.75,77,0,0,70
9/22/2023,Fall,9/21/2023 20:00,20,6,Evening,50,3.75,74,0,0,69
9/23/2023,Fall,9/22/2023 20:00,20,7,Evening,20,6,70,0,1,69
9/23/2023,Fall,9/22/2023 21:00,21,7,Evening,20,6,68,0,1,75
9/23/2023,Fall,9/23/2023 11:00,11,7,Morning,20,6,70,1,1,54
9/23/2023,Fall,9/23/2023 12:00,12,7,Afternoon,20,6,72,0,1,64
9/23/2023,Fall,9/23/2023 13:00,13,7,Afternoon,20,6,74,0,1,70
9/23/2023,Fall,9/23/2023 14:00,14,7,Afternoon,20,6,75,0,1,60
9/23/2023,Fall,9/23/2023 15:00,15,7,Afternoon,20,6,76,0,1,63
9/23/2023,Fall,9/23/2023 16:00,16,7,Afternoon,20,6,76,0,1,76
9/23/2023,Fall,9/23/2023 17:00,17,7,Evening,20,6,75,0,1,72
9/23/2023,Fall,9/23/2023 18:00,18,7,Evening,20,6,74,0,1,59
9/23/2023,Fall,9/23/2023 19:00,19,7,Evening,20,6,72,0,1,73
9/23/2023,Fall,9/23/2023 10:00,10,7,Morning,20,6,68,1,1,44
9/24/2023,Fall,9/23/2023 20:00,20,1,Evening,0,7.5,62,0,1,52
9/24/2023,Fall,9/23/2023 21:00,21,1,Evening,0,7.5,59,0,1,56
9/24/2023,Fall,9/24/2023 10:00,10,1,Morning,0,7.5,59,1,1,33
9/24/2023,Fall,9/24/2023 12:00,12,1,Afternoon,0,7.5,65,0,1,61
9/24/2023,Fall,9/24/2023 13:00,13,1,Afternoon,0,7.5,67,0,1,62
9/24/2023,Fall,9/24/2023 14:00,14,1,Afternoon,0,7.5,69,0,1,52
9/24/2023,Fall,9/24/2023 15:00,15,1,Afternoon,0,7.5,70,0,1,62
9/24/2023,Fall,9/24/2023 16:00,16,1,Afternoon,0,7.5,70,0,1,57
9/24/2023,Fall,9/24/2023 17:00,17,1,Evening,0,7.5,69,0,1,59
9/24/2023,Fall,9/24/2023 18:00,18,1,Evening,0,7.5,67,0,1,59
9/24/2023,Fall,9/24/2023 19:00,19,1,Evening,0,7.5,65,0,1,49
9/24/2023,Fall,9/24/2023 11:00,11,1,Morning,0,7.5,62,1,1,31
9/25/2023,Fall,9/24/2023 21:00,21,2,Evening,50,3.75,51,0,0,81
9/25/2023,Fall,9/25/2023 10:00,10,2,Morning,50,3.75,51,1,0,59
9/25/2023,Fall,9/25/2023 11:00,11,2,Morning,50,3.75,53,1,0,60
9/25/2023,Fall,9/24/2023 20:00,20,2,Evening,50,3.75,53,0,0,64
9/25/2023,Fall,9/25/2023 13:00,13,2,Afternoon,50,3.75,56,0,0,76
9/25/2023,Fall,9/25/2023 14:00,14,2,Afternoon,50,3.75,57,0,0,80
9/25/2023,Fall,9/25/2023 15:00,15,2,Afternoon,50,3.75,57,0,0,78
9/25/2023,Fall,9/25/2023 16:00,16,2,Afternoon,50,3.75,57,0,0,60
9/25/2023,Fall,9/25/2023 17:00,17,2,Evening,50,3.75,57,0,0,65
9/25/2023,Fall,9/25/2023 18:00,18,2,Evening,50,3.75,56,0,0,71
9/25/2023,Fall,9/25/2023 19:00,19,2,Evening,50,3.75,54,0,0,73
9/25/2023,Fall,9/25/2023 12:00,12,2,Afternoon,50,3.75,54,0,0,67
9/26/2023,Fall,9/25/2023 20:00,20,3,Evening,30,5.25,60,0,0,52
9/26/2023,Fall,9/25/2023 21:00,21,3,Evening,30,5.25,58,0,0,57
9/26/2023,Fall,9/26/2023 11:00,11,3,Morning,30,5.25,60,1,0,39
9/26/2023,Fall,9/26/2023 12:00,12,3,Afternoon,30,5.25,62,0,0,67
9/26/2023,Fall,9/26/2023 13:00,13,3,Afternoon,30,5.25,63,0,0,48
9/26/2023,Fall,9/26/2023 10:00,10,3,Morning,30,5.25,58,1,0,46
9/26/2023,Fall,9/26/2023 15:00,15,3,Afternoon,30,5.25,65,0,0,47
9/26/2023,Fall,9/26/2023 16:00,16,3,Afternoon,30,5.25,65,0,0,55
9/26/2023,Fall,9/26/2023 17:00,17,3,Evening,30,5.25,64,0,0,65
9/26/2023,Fall,9/26/2023 18:00,18,3,Evening,30,5.25,63,0,0,63
9/26/2023,Fall,9/26/2023 19:00,19,3,Evening,30,5.25,62,0,0,50
9/26/2023,Fall,9/26/2023 14:00,14,3,Afternoon,30,5.25,64,0,0,50
9/27/2023,Fall,9/26/2023 20:00,20,4,Evening,30,5.25,63,0,0,57
9/27/2023,Fall,9/26/2023 21:00,21,4,Evening,30,5.25,60,0,0,52
9/27/2023,Fall,9/27/2023 10:00,10,4,Morning,30,5.25,60,1,0,46
9/27/2023,Fall,9/27/2023 12:00,12,4,Afternoon,30,5.25,66,0,0,53
9/27/2023,Fall,9/27/2023 13:00,13,4,Afternoon,30,5.25,68,0,0,50
9/27/2023,Fall,9/27/2023 14:00,14,4,Afternoon,30,5.25,69,0,0,56
9/27/2023,Fall,9/27/2023 11:00,11,4,Morning,30,5.25,63,1,0,38
9/27/2023,Fall,9/27/2023 16:00,16,4,Afternoon,30,5.25,70,0,0,64
9/27/2023,Fall,9/27/2023 17:00,17,4,Evening,30,5.25,69,0,0,56
9/27/2023,Fall,9/27/2023 18:00,18,4,Evening,30,5.25,68,0,0,58
9/27/2023,Fall,9/27/2023 19:00,19,4,Evening,30,5.25,66,0,0,64
9/27/2023,Fall,9/27/2023 15:00,15,4,Afternoon,30,5.25,70,0,0,67
9/28/2023,Fall,9/27/2023 21:00,21,5,Evening,0,7.5,64,0,0,36
9/28/2023,Fall,9/28/2023 10:00,10,5,Morning,0,7.5,64,1,0,24
9/28/2023,Fall,9/28/2023 11:00,11,5,Morning,0,7.5,66,1,0,29
9/28/2023,Fall,9/27/2023 20:00,20,5,Evening,0,7.5,66,0,0,36
9/28/2023,Fall,9/28/2023 13:00,13,5,Afternoon,0,7.5,69,0,0,32
9/28/2023,Fall,9/28/2023 14:00,14,5,Afternoon,0,7.5,70,0,0,42
9/28/2023,Fall,9/28/2023 15:00,15,5,Afternoon,0,7.5,70,0,0,30
9/28/2023,Fall,9/28/2023 12:00,12,5,Afternoon,0,7.5,68,0,0,36
9/28/2023,Fall,9/28/2023 17:00,17,5,Evening,0,7.5,70,0,0,35
9/28/2023,Fall,9/28/2023 18:00,18,5,Evening,0,7.5,69,0,0,34
9/28/2023,Fall,9/28/2023 19:00,19,5,Evening,0,7.5,68,0,0,23
9/28/2023,Fall,9/28/2023 16:00,16,5,Afternoon,0,7.5,70,0,0,34
9/29/2023,Fall,9/28/2023 20:00,20,6,Evening,50,3.75,68,0,0,78
9/29/2023,Fall,9/28/2023 21:00,21,6,Evening,50,3.75,65,0,0,69
9/29/2023,Fall,9/29/2023 11:00,11,6,Morning,50,3.75,68,1,0,57
9/29/2023,Fall,9/29/2023 12:00,12,6,Afternoon,50,3.75,71,0,0,69
9/29/2023,Fall,9/29/2023 13:00,13,6,Afternoon,50,3.75,73,0,0,68
9/29/2023,Fall,9/29/2023 10:00,10,6,Morning,50,3.75,65,1,0,60
9/29/2023,Fall,9/29/2023 15:00,15,6,Afternoon,50,3.75,76,0,0,76
9/29/2023,Fall,9/29/2023 16:00,16,6,Afternoon,50,3.75,76,0,0,80
9/29/2023,Fall,9/29/2023 17:00,17,6,Evening,50,3.75,75,0,0,65
9/29/2023,Fall,9/29/2023 14:00,14,6,Afternoon,50,3.75,75,0,0,75
9/29/2023,Fall,9/29/2023 19:00,19,6,Evening,50,3.75,71,0,0,71
9/29/2023,Fall,9/29/2023 18:00,18,6,Evening,50,3.75,73,0,0,74
9/30/2023,Fall,9/29/2023 20:00,20,7,Evening,50,3.75,67,0,1,83
9/30/2023,Fall,9/29/2023 21:00,21,7,Evening,50,3.75,63,0,1,88
9/30/2023,Fall,9/30/2023 10:00,10,7,Morning,50,3.75,63,1,1,70
9/30/2023,Fall,9/30/2023 12:00,12,7,Afternoon,50,3.75,70,0,1,92
9/30/2023,Fall,9/30/2023 13:00,13,7,Afternoon,50,3.75,72,0,1,85
9/30/2023,Fall,9/30/2023 14:00,14,7,Afternoon,50,3.75,74,0,1,90
9/30/2023,Fall,9/30/2023 11:00,11,7,Morning,50,3.75,67,1,1,66
9/30/2023,Fall,9/30/2023 16:00,16,7,Afternoon,50,3.75,75,0,1,91
9/30/2023,Fall,9/30/2023 17:00,17,7,Evening,50,3.75,74,0,1,95
9/30/2023,Fall,9/30/2023 18:00,18,7,Evening,50,3.75,72,0,1,93
9/30/2023,Fall,9/30/2023 15:00,15,7,Afternoon,50,3.75,75,0,1,95
9/30/2023,Fall,9/30/2023 19:00,19,7,Evening,50,3.75,70,0,1,82
10/1/2023,Fall,9/30/2023 21:00,21,1,Evening,0,7.5,53,0,1,52
10/1/2023,Fall,10/1/2023 10:00,10,1,Morning,0,7.5,53,1,1,39
10/1/2023,Fall,10/1/2023 11:00,11,1,Morning,0,7.5,55,1,1,43
10/1/2023,Fall,9/30/2023 20:00,20,1,Evening,0,7.5,55,0,1,53
10/1/2023,Fall,10/1/2023 13:00,13,1,Afternoon,0,7.5,60,0,1,53
10/1/2023,Fall,10/1/2023 14:00,14,1,Afternoon,0,7.5,61,0,1,63
10/1/2023,Fall,10/1/2023 15:00,15,1,Afternoon,0,7.5,62,0,1,60
10/1/2023,Fall,10/1/2023 12:00,12,1,Afternoon,0,7.5,58,0,1,45
10/1/2023,Fall,10/1/2023 17:00,17,1,Evening,0,7.5,61,0,1,53
10/1/2023,Fall,10/1/2023 18:00,18,1,Evening,0,7.5,60,0,1,49
10/1/2023,Fall,10/1/2023 19:00,19,1,Evening,0,7.5,58,0,1,69
10/1/2023,Fall,10/1/2023 16:00,16,1,Afternoon,0,7.5,62,0,1,52
10/2/2023,Fall,10/1/2023 21:00,21,2,Evening,20,6,64,0,0,56
10/2/2023,Fall,10/2/2023 10:00,10,2,Morning,20,6,64,1,0,38
10/2/2023,Fall,10/2/2023 13:00,13,2,Afternoon,20,6,72,0,0,52
10/2/2023,Fall,10/2/2023 14:00,14,2,Afternoon,20,6,74,0,0,54
10/2/2023,Fall,10/2/2023 11:00,11,2,Morning,20,6,67,1,0,37
10/2/2023,Fall,10/2/2023 12:00,12,2,Afternoon,20,6,70,0,0,55
10/2/2023,Fall,10/2/2023 17:00,17,2,Evening,20,6,74,0,0,55
10/2/2023,Fall,10/2/2023 18:00,18,2,Evening,20,6,72,0,0,43
10/2/2023,Fall,10/2/2023 19:00,19,2,Evening,20,6,70,0,0,48
10/2/2023,Fall,10/2/2023 15:00,15,2,Afternoon,20,6,75,0,0,49
10/2/2023,Fall,10/1/2023 20:00,20,2,Evening,20,6,67,0,0,48
10/2/2023,Fall,10/2/2023 16:00,16,2,Afternoon,20,6,75,0,0,57
10/3/2023,Fall,10/3/2023 10:00,10,3,Morning,30,5.25,58,1,0,51
10/3/2023,Fall,10/3/2023 11:00,11,3,Morning,30,5.25,60,1,0,39
10/3/2023,Fall,10/2/2023 20:00,20,3,Evening,30,5.25,60,0,0,59
10/3/2023,Fall,10/3/2023 14:00,14,3,Afternoon,30,5.25,64,0,0,51
10/3/2023,Fall,10/3/2023 15:00,15,3,Afternoon,30,5.25,65,0,0,55
10/3/2023,Fall,10/3/2023 12:00,12,3,Afternoon,30,5.25,62,0,0,58
10/3/2023,Fall,10/2/2023 21:00,21,3,Evening,30,5.25,58,0,0,55
10/3/2023,Fall,10/3/2023 18:00,18,3,Evening,30,5.25,63,0,0,54
10/3/2023,Fall,10/3/2023 19:00,19,3,Evening,30,5.25,62,0,0,51
10/3/2023,Fall,10/3/2023 16:00,16,3,Afternoon,30,5.25,65,0,0,56
10/3/2023,Fall,10/3/2023 13:00,13,3,Afternoon,30,5.25,63,0,0,57
10/3/2023,Fall,10/3/2023 17:00,17,3,Evening,30,5.25,64,0,0,60
10/4/2023,Fall,10/3/2023 20:00,20,4,Evening,40,4.5,62,0,0,60
10/4/2023,Fall,10/4/2023 11:00,11,4,Morning,40,4.5,62,1,0,55
10/4/2023,Fall,10/4/2023 12:00,12,4,Afternoon,40,4.5,64,0,0,58
10/4/2023,Fall,10/3/2023 21:00,21,4,Evening,40,4.5,61,0,0,61
10/4/2023,Fall,10/4/2023 15:00,15,4,Afternoon,40,4.5,66,0,0,67
10/4/2023,Fall,10/4/2023 16:00,16,4,Afternoon,40,4.5,66,0,0,61
10/4/2023,Fall,10/4/2023 13:00,13,4,Afternoon,40,4.5,65,0,0,61
10/4/2023,Fall,10/4/2023 10:00,10,4,Morning,40,4.5,61,1,0,51
10/4/2023,Fall,10/4/2023 19:00,19,4,Evening,40,4.5,64,0,0,64
10/4/2023,Fall,10/4/2023 18:00,18,4,Evening,40,4.5,65,0,0,69
10/4/2023,Fall,10/4/2023 14:00,14,4,Afternoon,40,4.5,66,0,0,63
10/4/2023,Fall,10/4/2023 17:00,17,4,Evening,40,4.5,66,0,0,56
10/5/2023,Fall,10/4/2023 21:00,21,5,Evening,50,3.75,60,0,0,67
10/5/2023,Fall,10/5/2023 10:00,10,5,Morning,50,3.75,60,1,0,56
10/5/2023,Fall,10/4/2023 20:00,20,5,Evening,50,3.75,63,0,0,67
10/5/2023,Fall,10/5/2023 13:00,13,5,Afternoon,50,3.75,67,0,0,73
10/5/2023,Fall,10/5/2023 14:00,14,5,Afternoon,50,3.75,68,0,0,84
10/5/2023,Fall,10/5/2023 12:00,12,5,Afternoon,50,3.75,65,0,0,75
10/5/2023,Fall,10/5/2023 17:00,17,5,Evening,50,3.75,68,0,0,71
10/5/2023,Fall,10/5/2023 18:00,18,5,Evening,50,3.75,67,0,0,74
10/5/2023,Fall,10/5/2023 11:00,11,5,Morning,50,3.75,63,1,0,67
10/5/2023,Fall,10/5/2023 16:00,16,5,Afternoon,50,3.75,69,0,0,70
10/5/2023,Fall,10/5/2023 15:00,15,5,Afternoon,50,3.75,69,0,0,75
10/5/2023,Fall,10/5/2023 19:00,19,5,Evening,50,3.75,65,0,0,74
10/6/2023,Fall,10/6/2023 10:00,10,6,Morning,0,7.5,62,1,0,21
10/6/2023,Fall,10/6/2023 11:00,11,6,Morning,0,7.5,65,1,0,23
10/6/2023,Fall,10/5/2023 21:00,21,6,Evening,0,7.5,62,0,0,39
10/6/2023,Fall,10/6/2023 14:00,14,6,Afternoon,0,7.5,70,0,0,37
10/6/2023,Fall,10/6/2023 15:00,15,6,Afternoon,0,7.5,71,0,0,36
10/6/2023,Fall,10/6/2023 12:00,12,6,Afternoon,0,7.5,67,0,0,34
10/6/2023,Fall,10/6/2023 13:00,13,6,Afternoon,0,7.5,69,0,0,39
10/6/2023,Fall,10/6/2023 18:00,18,6,Evening,0,7.5,69,0,0,37
10/6/2023,Fall,10/6/2023 19:00,19,6,Evening,0,7.5,67,0,0,35
10/6/2023,Fall,10/6/2023 16:00,16,6,Afternoon,0,7.5,71,0,0,38
10/6/2023,Fall,10/5/2023 20:00,20,6,Evening,0,7.5,65,0,0,33
10/6/2023,Fall,10/6/2023 17:00,17,6,Evening,0,7.5,70,0,0,33
10/7/2023,Fall,10/7/2023 11:00,11,7,Morning,0,7.5,62,1,1,48
10/7/2023,Fall,10/7/2023 12:00,12,7,Afternoon,0,7.5,64,0,1,51
10/7/2023,Fall,10/7/2023 13:00,13,7,Afternoon,0,7.5,66,0,1,57
10/7/2023,Fall,10/7/2023 10:00,10,7,Morning,0,7.5,60,1,1,36
10/7/2023,Fall,10/7/2023 15:00,15,7,Afternoon,0,7.5,68,0,1,54
10/7/2023,Fall,10/7/2023 16:00,16,7,Afternoon,0,7.5,68,0,1,58
10/7/2023,Fall,10/7/2023 17:00,17,7,Evening,0,7.5,67,0,1,50
10/7/2023,Fall,10/7/2023 14:00,14,7,Afternoon,0,7.5,67,0,1,58
10/7/2023,Fall,10/7/2023 19:00,19,7,Evening,0,7.5,64,0,1,56
10/7/2023,Fall,10/6/2023 20:00,20,7,Evening,0,7.5,62,0,1,53
10/7/2023,Fall,10/6/2023 21:00,21,7,Evening,0,7.5,60,0,1,55
10/7/2023,Fall,10/7/2023 18:00,18,7,Evening,0,7.5,66,0,1,56
10/8/2023,Fall,10/7/2023 20:00,20,1,Evening,40,4.5,53,0,1,76
10/8/2023,Fall,10/8/2023 12:00,12,1,Afternoon,40,4.5,55,0,1,73
10/8/2023,Fall,10/8/2023 13:00,13,1,Afternoon,40,4.5,56,0,1,81
10/8/2023,Fall,10/8/2023 14:00,14,1,Afternoon,40,4.5,57,0,1,75
10/8/2023,Fall,10/8/2023 11:00,11,1,Morning,40,4.5,53,1,1,68
10/8/2023,Fall,10/8/2023 16:00,16,1,Afternoon,40,4.5,58,0,1,72
10/8/2023,Fall,10/8/2023 17:00,17,1,Evening,40,4.5,57,0,1,76
10/8/2023,Fall,10/8/2023 18:00,18,1,Evening,40,4.5,56,0,1,82
10/8/2023,Fall,10/8/2023 15:00,15,1,Afternoon,40,4.5,58,0,1,86
10/8/2023,Fall,10/8/2023 19:00,19,1,Evening,40,4.5,55,0,1,81
10/8/2023,Fall,10/7/2023 21:00,21,1,Evening,40,4.5,52,0,1,75
10/8/2023,Fall,10/8/2023 10:00,10,1,Morning,40,4.5,52,1,1,65
10/9/2023,Fall,10/8/2023 21:00,21,2,Evening,20,6,64,0,0,56
10/9/2023,Fall,10/9/2023 10:00,10,2,Morning,20,6,64,1,0,40
10/9/2023,Fall,10/9/2023 13:00,13,2,Afternoon,20,6,70,0,0,55
10/9/2023,Fall,10/9/2023 14:00,14,2,Afternoon,20,6,72,0,0,57
10/9/2023,Fall,10/9/2023 15:00,15,2,Afternoon,20,6,72,0,0,53
10/9/2023,Fall,10/9/2023 16:00,16,2,Afternoon,20,6,72,0,0,57
10/9/2023,Fall,10/9/2023 17:00,17,2,Evening,20,6,72,0,0,47
10/9/2023,Fall,10/9/2023 18:00,18,2,Evening,20,6,70,0,0,53
10/9/2023,Fall,10/9/2023 19:00,19,2,Evening,20,6,68,0,0,49
10/9/2023,Fall,10/9/2023 11:00,11,2,Morning,20,6,66,1,0,39
10/9/2023,Fall,10/8/2023 20:00,20,2,Evening,20,6,66,0,0,57
10/9/2023,Fall,10/9/2023 12:00,12,2,Afternoon,20,6,68,0,0,53
10/10/2023,Fall,10/10/2023 10:00,10,3,Morning,30,5.25,62,1,0,41
10/10/2023,Fall,10/10/2023 11:00,11,3,Morning,30,5.25,63,1,0,43
10/10/2023,Fall,10/9/2023 20:00,20,3,Evening,30,5.25,63,0,0,52
10/10/2023,Fall,10/10/2023 14:00,14,3,Afternoon,30,5.25,67,0,0,57
10/10/2023,Fall,10/10/2023 15:00,15,3,Afternoon,30,5.25,67,0,0,55
10/10/2023,Fall,10/10/2023 16:00,16,3,Afternoon,30,5.25,67,0,0,62
10/10/2023,Fall,10/10/2023 17:00,17,3,Evening,30,5.25,67,0,0,55
10/10/2023,Fall,10/10/2023 18:00,18,3,Evening,30,5.25,66,0,0,61
10/10/2023,Fall,10/10/2023 19:00,19,3,Evening,30,5.25,65,0,0,61
10/10/2023,Fall,10/10/2023 12:00,12,3,Afternoon,30,5.25,65,0,0,55
10/10/2023,Fall,10/9/2023 21:00,21,3,Evening,30,5.25,62,0,0,64
10/10/2023,Fall,10/10/2023 13:00,13,3,Afternoon,30,5.25,66,0,0,58
10/11/2023,Fall,10/10/2023 20:00,20,4,Evening,20,6,62,0,0,47
10/11/2023,Fall,10/11/2023 11:00,11,4,Morning,20,6,62,1,0,37
10/11/2023,Fall,10/11/2023 12:00,12,4,Afternoon,20,6,65,0,0,45
10/11/2023,Fall,10/10/2023 21:00,21,4,Evening,20,6,59,0,0,53
10/11/2023,Fall,10/11/2023 15:00,15,4,Afternoon,20,6,69,0,0,47
10/11/2023,Fall,10/11/2023 16:00,16,4,Afternoon,20,6,69,0,0,58
10/11/2023,Fall,10/11/2023 17:00,17,4,Evening,20,6,68,0,0,41
10/11/2023,Fall,10/11/2023 18:00,18,4,Evening,20,6,67,0,0,45
10/11/2023,Fall,10/11/2023 19:00,19,4,Evening,20,6,65,0,0,49
10/11/2023,Fall,10/11/2023 13:00,13,4,Afternoon,20,6,67,0,0,47
10/11/2023,Fall,10/11/2023 14:00,14,4,Afternoon,20,6,68,0,0,58
10/11/2023,Fall,10/11/2023 10:00,10,4,Morning,20,6,59,1,0,36
10/12/2023,Fall,10/12/2023 10:00,10,5,Morning,50,3.75,61,1,0,61
10/12/2023,Fall,10/11/2023 20:00,20,5,Evening,50,3.75,63,0,0,75
10/12/2023,Fall,10/11/2023 21:00,21,5,Evening,50,3.75,61,0,0,72
10/12/2023,Fall,10/12/2023 14:00,14,5,Afternoon,50,3.75,69,0,0,77
10/12/2023,Fall,10/12/2023 15:00,15,5,Afternoon,50,3.75,70,0,0,74
10/12/2023,Fall,10/12/2023 12:00,12,5,Afternoon,50,3.75,66,0,0,75
10/12/2023,Fall,10/12/2023 13:00,13,5,Afternoon,50,3.75,68,0,0,64
10/12/2023,Fall,10/12/2023 18:00,18,5,Evening,50,3.75,68,0,0,66
10/12/2023,Fall,10/12/2023 19:00,19,5,Evening,50,3.75,66,0,0,60
10/12/2023,Fall,10/12/2023 16:00,16,5,Afternoon,50,3.75,70,0,0,71
10/12/2023,Fall,10/12/2023 11:00,11,5,Morning,50,3.75,63,1,0,66
10/12/2023,Fall,10/12/2023 17:00,17,5,Evening,50,3.75,69,0,0,67
10/13/2023,Fall,10/12/2023 20:00,20,6,Evening,10,6.75,63,0,0,45
10/13/2023,Fall,10/13/2023 11:00,11,6,Morning,10,6.75,63,1,0,32
10/13/2023,Fall,10/13/2023 12:00,12,6,Afternoon,10,6.75,66,0,0,45
10/13/2023,Fall,10/12/2023 21:00,21,6,Evening,10,6.75,61,0,0,41
10/13/2023,Fall,10/13/2023 15:00,15,6,Afternoon,10,6.75,70,0,0,41
10/13/2023,Fall,10/13/2023 16:00,16,6,Afternoon,10,6.75,70,0,0,41
10/13/2023,Fall,10/13/2023 13:00,13,6,Afternoon,10,6.75,68,0,0,44
10/13/2023,Fall,10/13/2023 10:00,10,6,Morning,10,6.75,61,1,0,36
10/13/2023,Fall,10/13/2023 19:00,19,6,Evening,10,6.75,66,0,0,40
10/13/2023,Fall,10/13/2023 17:00,17,6,Evening,10,6.75,70,0,0,44
10/13/2023,Fall,10/13/2023 14:00,14,6,Afternoon,10,6.75,70,0,0,45
10/13/2023,Fall,10/13/2023 18:00,18,6,Evening,10,6.75,68,0,0,48
10/14/2023,Fall,10/13/2023 20:00,20,7,Evening,10,6.75,64,0,1,60
10/14/2023,Fall,10/13/2023 21:00,21,7,Evening,10,6.75,61,0,1,64
10/14/2023,Fall,10/14/2023 12:00,12,7,Afternoon,10,6.75,66,0,1,54
10/14/2023,Fall,10/14/2023 13:00,13,7,Afternoon,10,6.75,68,0,1,66
10/14/2023,Fall,10/14/2023 10:00,10,7,Morning,10,6.75,61,1,1,48
10/14/2023,Fall,10/14/2023 16:00,16,7,Afternoon,10,6.75,70,0,1,57
10/14/2023,Fall,10/14/2023 17:00,17,7,Evening,10,6.75,69,0,1,51
10/14/2023,Fall,10/14/2023 14:00,14,7,Afternoon,10,6.75,69,0,1,61
10/14/2023,Fall,10/14/2023 11:00,11,7,Morning,10,6.75,64,1,1,52
10/14/2023,Fall,10/14/2023 19:00,19,7,Evening,10,6.75,66,0,1,64
10/14/2023,Fall,10/14/2023 15:00,15,7,Afternoon,10,6.75,70,0,1,61
10/14/2023,Fall,10/14/2023 18:00,18,7,Evening,10,6.75,68,0,1,63
10/15/2023,Fall,10/14/2023 21:00,21,1,Evening,30,5.25,68,0,1,76
10/15/2023,Fall,10/15/2023 10:00,10,1,Morning,30,5.25,68,1,1,59
10/15/2023,Fall,10/15/2023 11:00,11,1,Morning,30,5.25,70,1,1,63
10/15/2023,Fall,10/15/2023 13:00,13,1,Afternoon,30,5.25,74,0,1,77
10/15/2023,Fall,10/15/2023 14:00,14,1,Afternoon,30,5.25,75,0,1,73
10/15/2023,Fall,10/15/2023 15:00,15,1,Afternoon,30,5.25,75,0,1,78
10/15/2023,Fall,10/15/2023 17:00,17,1,Evening,30,5.25,75,0,1,78
10/15/2023,Fall,10/15/2023 18:00,18,1,Evening,30,5.25,74,0,1,79
10/15/2023,Fall,10/15/2023 19:00,19,1,Evening,30,5.25,72,0,1,80
10/15/2023,Fall,10/15/2023 12:00,12,1,Afternoon,30,5.25,72,0,1,78
10/15/2023,Fall,10/14/2023 20:00,20,1,Evening,30,5.25,70,0,1,77
10/15/2023,Fall,10/15/2023 16:00,16,1,Afternoon,30,5.25,75,0,1,76
10/16/2023,Fall,10/16/2023 11:00,11,2,Morning,20,6,61,1,0,39
10/16/2023,Fall,10/16/2023 12:00,12,2,Afternoon,20,6,63,0,0,44
10/16/2023,Fall,10/16/2023 13:00,13,2,Afternoon,20,6,65,0,0,54
10/16/2023,Fall,10/16/2023 10:00,10,2,Morning,20,6,59,1,0,34
10/16/2023,Fall,10/16/2023 15:00,15,2,Afternoon,20,6,67,0,0,62
10/16/2023,Fall,10/16/2023 16:00,16,2,Afternoon,20,6,67,0,0,48
10/16/2023,Fall,10/16/2023 17:00,17,2,Evening,20,6,67,0,0,36
10/16/2023,Fall,10/16/2023 14:00,14,2,Afternoon,20,6,67,0,0,58
10/16/2023,Fall,10/16/2023 19:00,19,2,Evening,20,6,63,0,0,47
10/16/2023,Fall,10/15/2023 20:00,20,2,Evening,20,6,61,0,0,53
10/16/2023,Fall,10/15/2023 21:00,21,2,Evening,20,6,59,0,0,51
10/16/2023,Fall,10/16/2023 18:00,18,2,Evening,20,6,65,0,0,56
10/17/2023,Fall,10/16/2023 20:00,20,3,Evening,10,6.75,64,0,0,39
10/17/2023,Fall,10/17/2023 12:00,12,3,Afternoon,10,6.75,67,0,0,38
10/17/2023,Fall,10/17/2023 13:00,13,3,Afternoon,10,6.75,69,0,0,49
10/17/2023,Fall,10/17/2023 14:00,14,3,Afternoon,10,6.75,71,0,0,40
10/17/2023,Fall,10/17/2023 11:00,11,3,Morning,10,6.75,64,1,0,22
10/17/2023,Fall,10/17/2023 16:00,16,3,Afternoon,10,6.75,72,0,0,48
10/17/2023,Fall,10/17/2023 17:00,17,3,Evening,10,6.75,71,0,0,44
10/17/2023,Fall,10/17/2023 18:00,18,3,Evening,10,6.75,69,0,0,55
10/17/2023,Fall,10/17/2023 15:00,15,3,Afternoon,10,6.75,72,0,0,46
10/17/2023,Fall,10/17/2023 19:00,19,3,Evening,10,6.75,67,0,0,42
10/17/2023,Fall,10/16/2023 21:00,21,3,Evening,10,6.75,61,0,0,40
10/17/2023,Fall,10/17/2023 10:00,10,3,Morning,10,6.75,61,1,0,38
10/18/2023,Fall,10/17/2023 21:00,21,4,Evening,30,5.25,66,0,0,51
10/18/2023,Fall,10/17/2023 20:00,20,4,Evening,30,5.25,68,0,0,61
10/18/2023,Fall,10/18/2023 13:00,13,4,Afternoon,30,5.25,73,0,0,61
10/18/2023,Fall,10/18/2023 14:00,14,4,Afternoon,30,5.25,74,0,0,56
10/18/2023,Fall,10/18/2023 15:00,15,4,Afternoon,30,5.25,75,0,0,67
10/18/2023,Fall,10/18/2023 12:00,12,4,Afternoon,30,5.25,71,0,0,55
10/18/2023,Fall,10/18/2023 17:00,17,4,Evening,30,5.25,74,0,0,59
10/18/2023,Fall,10/18/2023 18:00,18,4,Evening,30,5.25,73,0,0,61
10/18/2023,Fall,10/18/2023 19:00,19,4,Evening,30,5.25,71,0,0,70
10/18/2023,Fall,10/18/2023 16:00,16,4,Afternoon,30,5.25,75,0,0,62
10/18/2023,Fall,10/18/2023 11:00,11,4,Morning,30,5.25,68,1,0,54
10/18/2023,Fall,10/18/2023 10:00,10,4,Morning,30,5.25,66,1,0,41
10/19/2023,Fall,10/19/2023 10:00,10,5,Morning,30,5.25,65,1,0,36
10/19/2023,Fall,10/19/2023 11:00,11,5,Morning,30,5.25,68,1,0,50
10/19/2023,Fall,10/18/2023 21:00,21,5,Evening,30,5.25,65,0,0,49
10/19/2023,Fall,10/19/2023 14:00,14,5,Afternoon,30,5.25,73,0,0,52
10/19/2023,Fall,10/19/2023 15:00,15,5,Afternoon,30,5.25,73,0,0,62
10/19/2023,Fall,10/19/2023 16:00,16,5,Afternoon,30,5.25,73,0,0,58
10/19/2023,Fall,10/19/2023 17:00,17,5,Evening,30,5.25,73,0,0,63
10/19/2023,Fall,10/19/2023 18:00,18,5,Evening,30,5.25,71,0,0,65
10/19/2023,Fall,10/19/2023 19:00,19,5,Evening,30,5.25,70,0,0,63
10/19/2023,Fall,10/19/2023 12:00,12,5,Afternoon,30,5.25,70,0,0,60
10/19/2023,Fall,10/18/2023 20:00,20,5,Evening,30,5.25,68,0,0,61
10/19/2023,Fall,10/19/2023 13:00,13,5,Afternoon,30,5.25,71,0,0,59
10/20/2023,Fall,10/19/2023 20:00,20,6,Evening,40,4.5,69,0,0,74
10/20/2023,Fall,10/20/2023 11:00,11,6,Morning,40,4.5,69,1,0,53
10/20/2023,Fall,10/20/2023 12:00,12,6,Afternoon,40,4.5,72,0,0,69
10/20/2023,Fall,10/19/2023 21:00,21,6,Evening,40,4.5,66,0,0,60
10/20/2023,Fall,10/20/2023 15:00,15,6,Afternoon,40,4.5,77,0,0,66
10/20/2023,Fall,10/20/2023 16:00,16,6,Afternoon,40,4.5,77,0,0,56
10/20/2023,Fall,10/20/2023 17:00,17,6,Evening,40,4.5,76,0,0,67
10/20/2023,Fall,10/20/2023 18:00,18,6,Evening,40,4.5,74,0,0,58
10/20/2023,Fall,10/20/2023 19:00,19,6,Evening,40,4.5,72,0,0,65
10/20/2023,Fall,10/20/2023 13:00,13,6,Afternoon,40,4.5,74,0,0,65
10/20/2023,Fall,10/20/2023 10:00,10,6,Morning,40,4.5,66,1,0,57
10/20/2023,Fall,10/20/2023 14:00,14,6,Afternoon,40,4.5,76,0,0,63
10/21/2023,Fall,10/20/2023 20:00,20,7,Evening,40,4.5,59,0,1,77
10/21/2023,Fall,10/20/2023 21:00,21,7,Evening,40,4.5,57,0,1,71
10/21/2023,Fall,10/21/2023 12:00,12,7,Afternoon,40,4.5,61,0,1,84
10/21/2023,Fall,10/21/2023 13:00,13,7,Afternoon,40,4.5,63,0,1,87
10/21/2023,Fall,10/21/2023 10:00,10,7,Morning,40,4.5,57,1,1,67
10/21/2023,Fall,10/21/2023 16:00,16,7,Afternoon,40,4.5,64,0,1,89
10/21/2023,Fall,10/21/2023 17:00,17,7,Evening,40,4.5,64,0,1,79
10/21/2023,Fall,10/21/2023 18:00,18,7,Evening,40,4.5,63,0,1,76
10/21/2023,Fall,10/21/2023 19:00,19,7,Evening,40,4.5,61,0,1,82
10/21/2023,Fall,10/21/2023 11:00,11,7,Morning,40,4.5,59,1,1,72
10/21/2023,Fall,10/21/2023 14:00,14,7,Afternoon,40,4.5,64,0,1,74
10/21/2023,Fall,10/21/2023 15:00,15,7,Afternoon,40,4.5,64,0,1,73
10/22/2023,Fall,10/22/2023 11:00,11,1,Morning,0,7.5,73,1,1,43
10/22/2023,Fall,10/21/2023 20:00,20,1,Evening,0,7.5,73,0,1,59
10/22/2023,Fall,10/21/2023 21:00,21,1,Evening,0,7.5,70,0,1,44
10/22/2023,Fall,10/22/2023 10:00,10,1,Morning,0,7.5,70,1,1,34
10/22/2023,Fall,10/22/2023 15:00,15,1,Afternoon,0,7.5,79,0,1,59
10/22/2023,Fall,10/22/2023 16:00,16,1,Afternoon,0,7.5,79,0,1,62
10/22/2023,Fall,10/22/2023 13:00,13,1,Afternoon,0,7.5,77,0,1,55
10/22/2023,Fall,10/22/2023 14:00,14,1,Afternoon,0,7.5,79,0,1,64
10/22/2023,Fall,10/22/2023 19:00,19,1,Evening,0,7.5,75,0,1,54
10/22/2023,Fall,10/22/2023 17:00,17,1,Evening,0,7.5,79,0,1,57
10/22/2023,Fall,10/22/2023 12:00,12,1,Afternoon,0,7.5,75,0,1,64
10/22/2023,Fall,10/22/2023 18:00,18,1,Evening,0,7.5,77,0,1,57
10/23/2023,Fall,10/22/2023 20:00,20,2,Evening,40,4.5,63,0,0,64
10/23/2023,Fall,10/22/2023 21:00,21,2,Evening,40,4.5,60,0,0,59
10/23/2023,Fall,10/23/2023 12:00,12,2,Afternoon,40,4.5,65,0,0,65
10/23/2023,Fall,10/23/2023 13:00,13,2,Afternoon,40,4.5,67,0,0,61
10/23/2023,Fall,10/23/2023 10:00,10,2,Morning,40,4.5,60,1,0,42
10/23/2023,Fall,10/23/2023 16:00,16,2,Afternoon,40,4.5,69,0,0,60
10/23/2023,Fall,10/23/2023 17:00,17,2,Evening,40,4.5,68,0,0,64
10/23/2023,Fall,10/23/2023 14:00,14,2,Afternoon,40,4.5,68,0,0,66
10/23/2023,Fall,10/23/2023 11:00,11,2,Morning,40,4.5,63,1,0,57
10/23/2023,Fall,10/23/2023 15:00,15,2,Afternoon,40,4.5,69,0,0,65
10/23/2023,Fall,10/23/2023 18:00,18,2,Evening,40,4.5,67,0,0,64
10/23/2023,Fall,10/23/2023 19:00,19,2,Evening,40,4.5,65,0,0,70
10/24/2023,Fall,10/23/2023 21:00,21,3,Evening,20,6,69,0,0,63
10/24/2023,Fall,10/24/2023 10:00,10,3,Morning,20,6,69,1,0,38
10/24/2023,Fall,10/24/2023 13:00,13,3,Afternoon,20,6,75,0,0,58
10/24/2023,Fall,10/24/2023 14:00,14,3,Afternoon,20,6,76,0,0,55
10/24/2023,Fall,10/24/2023 11:00,11,3,Morning,20,6,71,1,0,38
10/24/2023,Fall,10/23/2023 20:00,20,3,Evening,20,6,71,0,0,42
10/24/2023,Fall,10/24/2023 17:00,17,3,Evening,20,6,76,0,0,47
10/24/2023,Fall,10/24/2023 18:00,18,3,Evening,20,6,75,0,0,49
10/24/2023,Fall,10/24/2023 15:00,15,3,Afternoon,20,6,76,0,0,47
10/24/2023,Fall,10/24/2023 12:00,12,3,Afternoon,20,6,73,0,0,46
10/24/2023,Fall,10/24/2023 16:00,16,3,Afternoon,20,6,76,0,0,50
10/24/2023,Fall,10/24/2023 19:00,19,3,Evening,20,6,73,0,0,56
10/25/2023,Fall,10/25/2023 10:00,10,4,Morning,50,3.75,53,1,0,53
10/25/2023,Fall,10/25/2023 11:00,11,4,Morning,50,3.75,56,1,0,59
10/25/2023,Fall,10/25/2023 12:00,12,4,Afternoon,50,3.75,58,0,0,69
10/25/2023,Fall,10/25/2023 14:00,14,4,Afternoon,50,3.75,62,0,0,75
10/25/2023,Fall,10/25/2023 15:00,15,4,Afternoon,50,3.75,62,0,0,71
10/25/2023,Fall,10/25/2023 16:00,16,4,Afternoon,50,3.75,62,0,0,70
10/25/2023,Fall,10/24/2023 21:00,21,4,Evening,50,3.75,53,0,0,67
10/25/2023,Fall,10/25/2023 18:00,18,4,Evening,50,3.75,60,0,0,75
10/25/2023,Fall,10/25/2023 19:00,19,4,Evening,50,3.75,58,0,0,76
10/25/2023,Fall,10/25/2023 13:00,13,4,Afternoon,50,3.75,60,0,0,71
10/25/2023,Fall,10/24/2023 20:00,20,4,Evening,50,3.75,56,0,0,87
10/25/2023,Fall,10/25/2023 17:00,17,4,Evening,50,3.75,62,0,0,71
10/26/2023,Fall,10/25/2023 20:00,20,5,Evening,10,6.75,62,0,0,58
10/26/2023,Fall,10/26/2023 12:00,12,5,Afternoon,10,6.75,64,0,0,43
10/26/2023,Fall,10/26/2023 13:00,13,5,Afternoon,10,6.75,65,0,0,36
10/26/2023,Fall,10/26/2023 14:00,14,5,Afternoon,10,6.75,66,0,0,36
10/26/2023,Fall,10/26/2023 11:00,11,5,Morning,10,6.75,62,1,0,25
10/26/2023,Fall,10/26/2023 16:00,16,5,Afternoon,10,6.75,67,0,0,51
10/26/2023,Fall,10/26/2023 17:00,17,5,Evening,10,6.75,66,0,0,52
10/26/2023,Fall,10/26/2023 18:00,18,5,Evening,10,6.75,65,0,0,45
10/26/2023,Fall,10/26/2023 15:00,15,5,Afternoon,10,6.75,67,0,0,45
10/26/2023,Fall,10/26/2023 19:00,19,5,Evening,10,6.75,64,0,0,41
10/26/2023,Fall,10/25/2023 21:00,21,5,Evening,10,6.75,60,0,0,39
10/26/2023,Fall,10/26/2023 10:00,10,5,Morning,10,6.75,60,1,0,26
10/27/2023,Fall,10/26/2023 21:00,21,6,Evening,0,7.5,66,0,0,32
10/27/2023,Fall,10/26/2023 20:00,20,6,Evening,0,7.5,69,0,0,34
10/27/2023,Fall,10/27/2023 13:00,13,6,Afternoon,0,7.5,73,0,0,35
10/27/2023,Fall,10/27/2023 14:00,14,6,Afternoon,0,7.5,75,0,0,41
10/27/2023,Fall,10/27/2023 15:00,15,6,Afternoon,0,7.5,75,0,0,42
10/27/2023,Fall,10/27/2023 12:00,12,6,Afternoon,0,7.5,71,0,0,45
10/27/2023,Fall,10/27/2023 17:00,17,6,Evening,0,7.5,75,0,0,26
10/27/2023,Fall,10/27/2023 18:00,18,6,Evening,0,7.5,73,0,0,40
10/27/2023,Fall,10/27/2023 19:00,19,6,Evening,0,7.5,71,0,0,36
10/27/2023,Fall,10/27/2023 16:00,16,6,Afternoon,0,7.5,75,0,0,37
10/27/2023,Fall,10/27/2023 10:00,10,6,Morning,0,7.5,66,1,0,15
10/27/2023,Fall,10/27/2023 11:00,11,6,Morning,0,7.5,69,1,0,23
10/28/2023,Fall,10/27/2023 21:00,21,7,Evening,0,7.5,56,0,1,50
10/28/2023,Fall,10/28/2023 10:00,10,7,Morning,0,7.5,56,1,1,42
10/28/2023,Fall,10/28/2023 13:00,13,7,Afternoon,0,7.5,63,0,1,49
10/28/2023,Fall,10/28/2023 14:00,14,7,Afternoon,0,7.5,64,0,1,72
10/28/2023,Fall,10/28/2023 15:00,15,7,Afternoon,0,7.5,65,0,1,51
10/28/2023,Fall,10/28/2023 16:00,16,7,Afternoon,0,7.5,65,0,1,54
10/28/2023,Fall,10/28/2023 17:00,17,7,Evening,0,7.5,64,0,1,49
10/28/2023,Fall,10/28/2023 18:00,18,7,Evening,0,7.5,63,0,1,53
10/28/2023,Fall,10/28/2023 19:00,19,7,Evening,0,7.5,61,0,1,65
10/28/2023,Fall,10/27/2023 20:00,20,7,Evening,0,7.5,59,0,1,52
10/28/2023,Fall,10/28/2023 12:00,12,7,Afternoon,0,7.5,61,0,1,57
10/28/2023,Fall,10/28/2023 11:00,11,7,Morning,0,7.5,59,1,1,36
10/29/2023,Fall,10/28/2023 20:00,20,1,Evening,20,6,58,0,1,75
10/29/2023,Fall,10/29/2023 11:00,11,1,Morning,20,6,58,1,1,57
10/29/2023,Fall,10/29/2023 12:00,12,1,Afternoon,20,6,59,0,1,64
10/29/2023,Fall,10/29/2023 10:00,10,1,Morning,20,6,56,1,1,55
10/29/2023,Fall,10/29/2023 15:00,15,1,Afternoon,20,6,62,0,1,66
10/29/2023,Fall,10/29/2023 16:00,16,1,Afternoon,20,6,62,0,1,70
10/29/2023,Fall,10/29/2023 17:00,17,1,Evening,20,6,62,0,1,64
10/29/2023,Fall,10/29/2023 18:00,18,1,Evening,20,6,61,0,1,70
10/29/2023,Fall,10/29/2023 19:00,19,1,Evening,20,6,59,0,1,75
10/29/2023,Fall,10/29/2023 13:00,13,1,Afternoon,20,6,61,0,1,74
10/29/2023,Fall,10/28/2023 21:00,21,1,Evening,20,6,56,0,1,68
10/29/2023,Fall,10/29/2023 14:00,14,1,Afternoon,20,6,62,0,1,70
10/30/2023,Fall,10/29/2023 20:00,20,2,Evening,10,6.75,58,0,0,44
10/30/2023,Fall,10/29/2023 21:00,21,2,Evening,10,6.75,55,0,0,46
10/30/2023,Fall,10/30/2023 12:00,12,2,Afternoon,10,6.75,61,0,0,45
10/30/2023,Fall,10/30/2023 13:00,13,2,Afternoon,10,6.75,63,0,0,46
10/30/2023,Fall,10/30/2023 10:00,10,2,Morning,10,6.75,55,1,0,32
10/30/2023,Fall,10/30/2023 16:00,16,2,Afternoon,10,6.75,65,0,0,45
10/30/2023,Fall,10/30/2023 17:00,17,2,Evening,10,6.75,64,0,0,47
10/30/2023,Fall,10/30/2023 18:00,18,2,Evening,10,6.75,63,0,0,43
10/30/2023,Fall,10/30/2023 19:00,19,2,Evening,10,6.75,61,0,0,48
10/30/2023,Fall,10/30/2023 11:00,11,2,Morning,10,6.75,58,1,0,27
10/30/2023,Fall,10/30/2023 14:00,14,2,Afternoon,10,6.75,64,0,0,44
10/30/2023,Fall,10/30/2023 15:00,15,2,Afternoon,10,6.75,65,0,0,44
10/31/2023,Fall,10/30/2023 21:00,21,3,Evening,10,6.75,55,0,0,36
10/31/2023,Fall,10/31/2023 10:00,10,3,Morning,10,6.75,55,1,0,34
10/31/2023,Fall,10/31/2023 13:00,13,3,Afternoon,10,6.75,62,0,0,37
10/31/2023,Fall,10/31/2023 14:00,14,3,Afternoon,10,6.75,63,0,0,50
10/31/2023,Fall,10/31/2023 11:00,11,3,Morning,10,6.75,57,1,0,23
10/31/2023,Fall,10/30/2023 20:00,20,3,Evening,10,6.75,57,0,0,37
10/31/2023,Fall,10/31/2023 17:00,17,3,Evening,10,6.75,63,0,0,47
10/31/2023,Fall,10/31/2023 18:00,18,3,Evening,10,6.75,62,0,0,42
10/31/2023,Fall,10/31/2023 19:00,19,3,Evening,10,6.75,60,0,0,33
10/31/2023,Fall,10/31/2023 16:00,16,3,Afternoon,10,6.75,64,0,0,51
10/31/2023,Fall,10/31/2023 12:00,12,3,Afternoon,10,6.75,60,0,0,30
10/31/2023,Fall,10/31/2023 15:00,15,3,Afternoon,10,6.75,64,0,0,40
11/1/2023,Fall,11/1/2023 10:00,10,4,Morning,50,3.75,58,1,0,51
11/1/2023,Fall,10/31/2023 20:00,20,4,Evening,50,3.75,60,0,0,68
11/1/2023,Fall,10/31/2023 21:00,21,4,Evening,50,3.75,58,0,0,71
11/1/2023,Fall,11/1/2023 14:00,14,4,Afternoon,50,3.75,63,0,0,69
11/1/2023,Fall,11/1/2023 11:00,11,4,Morning,50,3.75,60,1,0,56
11/1/2023,Fall,11/1/2023 12:00,12,4,Afternoon,50,3.75,61,0,0,70
11/1/2023,Fall,11/1/2023 17:00,17,4,Evening,50,3.75,63,0,0,73
11/1/2023,Fall,11/1/2023 18:00,18,4,Evening,50,3.75,62,0,0,67
11/1/2023,Fall,11/1/2023 15:00,15,4,Afternoon,50,3.75,64,0,0,61
11/1/2023,Fall,11/1/2023 16:00,16,4,Afternoon,50,3.75,64,0,0,67
11/1/2023,Fall,11/1/2023 13:00,13,4,Afternoon,50,3.75,62,0,0,62
11/1/2023,Fall,11/1/2023 19:00,19,4,Evening,50,3.75,61,0,0,74
11/2/2023,Fall,11/2/2023 10:00,10,5,Morning,20,6,62,1,0,46
11/2/2023,Fall,11/2/2023 11:00,11,5,Morning,20,6,64,1,0,32
11/2/2023,Fall,11/1/2023 21:00,21,5,Evening,20,6,62,0,0,45
11/2/2023,Fall,11/2/2023 14:00,14,5,Afternoon,20,6,70,0,0,47
11/2/2023,Fall,11/2/2023 15:00,15,5,Afternoon,20,6,71,0,0,55
11/2/2023,Fall,11/2/2023 12:00,12,5,Afternoon,20,6,67,0,0,51
11/2/2023,Fall,11/2/2023 13:00,13,5,Afternoon,20,6,69,0,0,53
11/2/2023,Fall,11/2/2023 18:00,18,5,Evening,20,6,69,0,0,55
11/2/2023,Fall,11/2/2023 19:00,19,5,Evening,20,6,67,0,0,52
11/2/2023,Fall,11/2/2023 16:00,16,5,Afternoon,20,6,71,0,0,54
11/2/2023,Fall,11/1/2023 20:00,20,5,Evening,20,6,64,0,0,44
11/2/2023,Fall,11/2/2023 17:00,17,5,Evening,20,6,70,0,0,51
11/3/2023,Fall,11/3/2023 11:00,11,6,Morning,40,4.5,52,1,0,47
11/3/2023,Fall,11/3/2023 12:00,12,6,Afternoon,40,4.5,54,0,0,56
11/3/2023,Fall,11/3/2023 13:00,13,6,Afternoon,40,4.5,56,0,0,57
11/3/2023,Fall,11/3/2023 10:00,10,6,Morning,40,4.5,50,1,0,55
11/3/2023,Fall,11/3/2023 15:00,15,6,Afternoon,40,4.5,58,0,0,57
11/3/2023,Fall,11/3/2023 16:00,16,6,Afternoon,40,4.5,58,0,0,61
11/3/2023,Fall,11/3/2023 17:00,17,6,Evening,40,4.5,57,0,0,68
11/3/2023,Fall,11/3/2023 14:00,14,6,Afternoon,40,4.5,57,0,0,65
11/3/2023,Fall,11/3/2023 19:00,19,6,Evening,40,4.5,54,0,0,66
11/3/2023,Fall,11/2/2023 20:00,20,6,Evening,40,4.5,52,0,0,64
11/3/2023,Fall,11/2/2023 21:00,21,6,Evening,40,4.5,50,0,0,62
11/3/2023,Fall,11/3/2023 18:00,18,6,Evening,40,4.5,56,0,0,52
11/4/2023,Fall,11/3/2023 20:00,20,7,Evening,40,4.5,63,0,1,78
11/4/2023,Fall,11/4/2023 12:00,12,7,Afternoon,40,4.5,66,0,1,75
11/4/2023,Fall,11/4/2023 13:00,13,7,Afternoon,40,4.5,67,0,1,80
11/4/2023,Fall,11/4/2023 14:00,14,7,Afternoon,40,4.5,69,0,1,93
11/4/2023,Fall,11/4/2023 11:00,11,7,Morning,40,4.5,63,1,1,70
11/4/2023,Fall,11/4/2023 16:00,16,7,Afternoon,40,4.5,69,0,1,79
11/4/2023,Fall,11/4/2023 17:00,17,7,Evening,40,4.5,69,0,1,87
11/4/2023,Fall,11/4/2023 18:00,18,7,Evening,40,4.5,67,0,1,84
11/4/2023,Fall,11/4/2023 15:00,15,7,Afternoon,40,4.5,69,0,1,82
11/4/2023,Fall,11/4/2023 19:00,19,7,Evening,40,4.5,66,0,1,81
11/4/2023,Fall,11/3/2023 21:00,21,7,Evening,40,4.5,61,0,1,80
11/4/2023,Fall,11/4/2023 10:00,10,7,Morning,40,4.5,61,1,1,68
11/5/2023,Fall,11/4/2023 21:00,21,1,Evening,40,4.5,66,0,1,85
11/5/2023,Fall,11/5/2023 10:00,10,1,Morning,40,4.5,66,1,1,70
11/5/2023,Fall,11/5/2023 13:00,13,1,Afternoon,40,4.5,75,0,1,80
11/5/2023,Fall,11/5/2023 14:00,14,1,Afternoon,40,4.5,76,0,1,87
11/5/2023,Fall,11/5/2023 15:00,15,1,Afternoon,40,4.5,77,0,1,80
11/5/2023,Fall,11/5/2023 16:00,16,1,Afternoon,40,4.5,77,0,1,90
11/5/2023,Fall,11/5/2023 17:00,17,1,Evening,40,4.5,76,0,1,78
11/5/2023,Fall,11/5/2023 18:00,18,1,Evening,40,4.5,75,0,1,87
11/5/2023,Fall,11/5/2023 11:00,11,1,Morning,40,4.5,69,1,1,76
11/5/2023,Fall,11/4/2023 20:00,20,1,Evening,40,4.5,69,0,1,88
11/5/2023,Fall,11/5/2023 12:00,12,1,Afternoon,40,4.5,72,0,1,82
11/6/2023,Fall,11/5/2023 19:00,19,2,Evening,50,3.75,76,0,0,76
11/6/2023,Fall,11/6/2023 10:00,10,2,Morning,50,3.75,70,1,0,50
11/6/2023,Fall,11/6/2023 11:00,11,2,Morning,50,3.75,73,1,0,63
11/6/2023,Fall,11/5/2023 20:00,20,2,Evening,50,3.75,73,0,0,72
11/6/2023,Fall,11/6/2023 14:00,14,2,Afternoon,50,3.75,80,0,0,76
11/6/2023,Fall,11/6/2023 15:00,15,2,Afternoon,50,3.75,80,0,0,74
11/6/2023,Fall,11/6/2023 16:00,16,2,Afternoon,50,3.75,80,0,0,80
11/6/2023,Fall,11/6/2023 17:00,17,2,Evening,50,3.75,80,0,0,73
11/6/2023,Fall,11/6/2023 18:00,18,2,Evening,50,3.75,78,0,0,77
11/6/2023,Fall,11/6/2023 12:00,12,2,Afternoon,50,3.75,76,0,0,72
11/6/2023,Fall,11/5/2023 21:00,21,2,Evening,50,3.75,70,0,0,75
11/6/2023,Fall,11/6/2023 13:00,13,2,Afternoon,50,3.75,78,0,0,67
11/7/2023,Fall,11/6/2023 19:00,19,3,Evening,30,5.25,71,0,0,61
11/7/2023,Fall,11/6/2023 20:00,20,3,Evening,30,5.25,69,0,0,56
11/7/2023,Fall,11/7/2023 11:00,11,3,Morning,30,5.25,69,1,0,47
11/7/2023,Fall,11/7/2023 12:00,12,3,Afternoon,30,5.25,71,0,0,54
11/7/2023,Fall,11/6/2023 21:00,21,3,Evening,30,5.25,67,0,0,60
11/7/2023,Fall,11/7/2023 15:00,15,3,Afternoon,30,5.25,75,0,0,74
11/7/2023,Fall,11/7/2023 16:00,16,3,Afternoon,30,5.25,75,0,0,67
11/7/2023,Fall,11/7/2023 17:00,17,3,Evening,30,5.25,74,0,0,64
11/7/2023,Fall,11/7/2023 18:00,18,3,Evening,30,5.25,73,0,0,56
11/7/2023,Fall,11/7/2023 10:00,10,3,Morning,30,5.25,67,1,0,47
11/7/2023,Fall,11/7/2023 14:00,14,3,Afternoon,30,5.25,74,0,0,58
11/7/2023,Fall,11/7/2023 13:00,13,3,Afternoon,30,5.25,73,0,0,49
11/8/2023,Fall,11/7/2023 21:00,21,4,Evening,0,7.5,64,0,0,35
11/8/2023,Fall,11/8/2023 10:00,10,4,Morning,0,7.5,64,1,0,21
11/8/2023,Fall,11/7/2023 20:00,20,4,Evening,0,7.5,66,0,0,36
11/8/2023,Fall,11/8/2023 13:00,13,4,Afternoon,0,7.5,71,0,0,35
11/8/2023,Fall,11/8/2023 14:00,14,4,Afternoon,0,7.5,72,0,0,41
11/8/2023,Fall,11/7/2023 19:00,19,4,Evening,0,7.5,69,0,0,47
11/8/2023,Fall,11/8/2023 12:00,12,4,Afternoon,0,7.5,69,0,0,43
11/8/2023,Fall,11/8/2023 17:00,17,4,Evening,0,7.5,72,0,0,41
11/8/2023,Fall,11/8/2023 18:00,18,4,Evening,0,7.5,71,0,0,38
11/8/2023,Fall,11/8/2023 15:00,15,4,Afternoon,0,7.5,73,0,0,38
11/8/2023,Fall,11/8/2023 11:00,11,4,Morning,0,7.5,66,1,0,29
11/8/2023,Fall,11/8/2023 16:00,16,4,Afternoon,0,7.5,73,0,0,44
11/9/2023,Fall,11/8/2023 19:00,19,5,Evening,50,3.75,55,0,0,67
11/9/2023,Fall,11/9/2023 10:00,10,5,Morning,50,3.75,51,1,0,62
11/9/2023,Fall,11/9/2023 11:00,11,5,Morning,50,3.75,53,1,0,52
11/9/2023,Fall,11/8/2023 20:00,20,5,Evening,50,3.75,53,0,0,64
11/9/2023,Fall,11/9/2023 14:00,14,5,Afternoon,50,3.75,58,0,0,78
11/9/2023,Fall,11/9/2023 15:00,15,5,Afternoon,50,3.75,58,0,0,71
11/9/2023,Fall,11/9/2023 12:00,12,5,Afternoon,50,3.75,55,0,0,70
11/9/2023,Fall,11/8/2023 21:00,21,5,Evening,50,3.75,51,0,0,74
11/9/2023,Fall,11/9/2023 18:00,18,5,Evening,50,3.75,57,0,0,69
11/9/2023,Fall,11/9/2023 16:00,16,5,Afternoon,50,3.75,58,0,0,66
11/9/2023,Fall,11/9/2023 13:00,13,5,Afternoon,50,3.75,57,0,0,71
11/9/2023,Fall,11/9/2023 17:00,17,5,Evening,50,3.75,58,0,0,62
11/10/2023,Fall,11/9/2023 19:00,19,6,Evening,50,3.75,60,0,0,68
11/10/2023,Fall,11/9/2023 20:00,20,6,Evening,50,3.75,59,0,0,70
11/10/2023,Fall,11/10/2023 11:00,11,6,Morning,50,3.75,59,1,0,52
11/10/2023,Fall,11/10/2023 12:00,12,6,Afternoon,50,3.75,60,0,0,72
11/10/2023,Fall,11/9/2023 21:00,21,6,Evening,50,3.75,57,0,0,67
11/10/2023,Fall,11/10/2023 15:00,15,6,Afternoon,50,3.75,63,0,0,77
11/10/2023,Fall,11/10/2023 16:00,16,6,Afternoon,50,3.75,63,0,0,70
11/10/2023,Fall,11/10/2023 13:00,13,6,Afternoon,50,3.75,61,0,0,65
11/10/2023,Fall,11/10/2023 10:00,10,6,Morning,50,3.75,57,1,0,60
11/10/2023,Fall,11/10/2023 18:00,18,6,Evening,50,3.75,61,0,0,71
11/10/2023,Fall,11/10/2023 17:00,17,6,Evening,50,3.75,62,0,0,71
11/10/2023,Fall,11/10/2023 14:00,14,6,Afternoon,50,3.75,62,0,0,72
11/11/2023,Fall,11/10/2023 21:00,21,7,Evening,10,6.75,58,0,1,59
11/11/2023,Fall,11/11/2023 10:00,10,7,Morning,10,6.75,58,1,1,46
11/11/2023,Fall,11/10/2023 20:00,20,7,Evening,10,6.75,60,0,1,64
11/11/2023,Fall,11/11/2023 13:00,13,7,Afternoon,10,6.75,64,0,1,70
11/11/2023,Fall,11/11/2023 14:00,14,7,Afternoon,10,6.75,65,0,1,52
11/11/2023,Fall,11/11/2023 11:00,11,7,Morning,10,6.75,60,1,1,47
11/11/2023,Fall,11/11/2023 12:00,12,7,Afternoon,10,6.75,63,0,1,66
11/11/2023,Fall,11/11/2023 17:00,17,7,Evening,10,6.75,65,0,1,56
11/11/2023,Fall,11/11/2023 18:00,18,7,Evening,10,6.75,64,0,1,67
11/11/2023,Fall,11/11/2023 16:00,16,7,Afternoon,10,6.75,66,0,1,60
11/11/2023,Fall,11/10/2023 19:00,19,7,Evening,10,6.75,63,0,1,65
11/11/2023,Fall,11/11/2023 15:00,15,7,Afternoon,10,6.75,66,0,1,69
11/12/2023,Fall,11/11/2023 19:00,19,1,Evening,30,5.25,66,0,1,80
11/12/2023,Fall,11/12/2023 11:00,11,1,Morning,30,5.25,65,1,1,68
11/12/2023,Fall,11/12/2023 12:00,12,1,Afternoon,30,5.25,66,0,1,64
11/12/2023,Fall,11/12/2023 13:00,13,1,Afternoon,30,5.25,67,0,1,69
11/12/2023,Fall,11/12/2023 10:00,10,1,Morning,30,5.25,64,1,1,65
11/12/2023,Fall,11/12/2023 15:00,15,1,Afternoon,30,5.25,69,0,1,71
11/12/2023,Fall,11/12/2023 16:00,16,1,Afternoon,30,5.25,69,0,1,73
11/12/2023,Fall,11/12/2023 17:00,17,1,Evening,30,5.25,68,0,1,82
11/12/2023,Fall,11/12/2023 14:00,14,1,Afternoon,30,5.25,68,0,1,76
11/12/2023,Fall,11/12/2023 18:00,18,1,Evening,30,5.25,67,0,1,76
11/12/2023,Fall,11/11/2023 20:00,20,1,Evening,30,5.25,65,0,1,74
11/12/2023,Fall,11/11/2023 21:00,21,1,Evening,30,5.25,64,0,1,67
11/13/2023,Fall,11/12/2023 20:00,20,2,Evening,40,4.5,63,0,0,55
11/13/2023,Fall,11/12/2023 19:00,19,2,Evening,40,4.5,66,0,0,63
11/13/2023,Fall,11/13/2023 12:00,12,2,Afternoon,40,4.5,66,0,0,66
11/13/2023,Fall,11/13/2023 13:00,13,2,Afternoon,40,4.5,68,0,0,58
11/13/2023,Fall,11/13/2023 14:00,14,2,Afternoon,40,4.5,70,0,0,56
11/13/2023,Fall,11/13/2023 11:00,11,2,Morning,40,4.5,63,1,0,58
11/13/2023,Fall,11/13/2023 16:00,16,2,Afternoon,40,4.5,71,0,0,68
11/13/2023,Fall,11/13/2023 17:00,17,2,Evening,40,4.5,70,0,0,68
11/13/2023,Fall,11/13/2023 18:00,18,2,Evening,40,4.5,68,0,0,69
11/13/2023,Fall,11/13/2023 15:00,15,2,Afternoon,40,4.5,71,0,0,68
11/13/2023,Fall,11/12/2023 21:00,21,2,Evening,40,4.5,59,0,0,58
11/13/2023,Fall,11/13/2023 10:00,10,2,Morning,40,4.5,59,1,0,58
11/14/2023,Fall,11/13/2023 20:00,20,3,Evening,10,6.75,57,0,0,36
11/14/2023,Fall,11/13/2023 21:00,21,3,Evening,10,6.75,54,0,0,39
11/14/2023,Fall,11/14/2023 12:00,12,3,Afternoon,10,6.75,60,0,0,44
11/14/2023,Fall,11/14/2023 13:00,13,3,Afternoon,10,6.75,63,0,0,44
11/14/2023,Fall,11/14/2023 14:00,14,3,Afternoon,10,6.75,65,0,0,46
11/14/2023,Fall,11/14/2023 15:00,15,3,Afternoon,10,6.75,66,0,0,48
11/14/2023,Fall,11/14/2023 16:00,16,3,Afternoon,10,6.75,66,0,0,40
11/14/2023,Fall,11/14/2023 17:00,17,3,Evening,10,6.75,65,0,0,37
11/14/2023,Fall,11/14/2023 18:00,18,3,Evening,10,6.75,63,0,0,37
11/14/2023,Fall,11/13/2023 19:00,19,3,Evening,10,6.75,60,0,0,45
11/14/2023,Fall,11/14/2023 11:00,11,3,Morning,10,6.75,57,1,0,26
11/14/2023,Fall,11/14/2023 10:00,10,3,Morning,10,6.75,54,1,0,30
11/15/2023,Fall,11/14/2023 19:00,19,4,Evening,30,5.25,74,0,0,65
11/15/2023,Fall,11/15/2023 10:00,10,4,Morning,30,5.25,68,1,0,42
11/15/2023,Fall,11/15/2023 11:00,11,4,Morning,30,5.25,71,1,0,50
11/15/2023,Fall,11/14/2023 21:00,21,4,Evening,30,5.25,68,0,0,55
11/15/2023,Fall,11/15/2023 14:00,14,4,Afternoon,30,5.25,78,0,0,62
11/15/2023,Fall,11/15/2023 15:00,15,4,Afternoon,30,5.25,79,0,0,60
11/15/2023,Fall,11/15/2023 16:00,16,4,Afternoon,30,5.25,79,0,0,55
11/15/2023,Fall,11/15/2023 17:00,17,4,Evening,30,5.25,78,0,0,64
11/15/2023,Fall,11/15/2023 18:00,18,4,Evening,30,5.25,76,0,0,63
11/15/2023,Fall,11/15/2023 12:00,12,4,Afternoon,30,5.25,74,0,0,54
11/15/2023,Fall,11/14/2023 20:00,20,4,Evening,30,5.25,71,0,0,59
11/15/2023,Fall,11/15/2023 13:00,13,4,Afternoon,30,5.25,76,0,0,72
11/16/2023,Fall,11/15/2023 19:00,19,5,Evening,0,7.5,71,0,0,34
11/16/2023,Fall,11/15/2023 20:00,20,5,Evening,0,7.5,68,0,0,36
11/16/2023,Fall,11/16/2023 11:00,11,5,Morning,0,7.5,68,1,0,30
11/16/2023,Fall,11/16/2023 12:00,12,5,Afternoon,0,7.5,71,0,0,32
11/16/2023,Fall,11/15/2023 21:00,21,5,Evening,0,7.5,65,0,0,48
11/16/2023,Fall,11/16/2023 15:00,15,5,Afternoon,0,7.5,76,0,0,35
11/16/2023,Fall,11/16/2023 16:00,16,5,Afternoon,0,7.5,76,0,0,36
11/16/2023,Fall,11/16/2023 17:00,17,5,Evening,0,7.5,75,0,0,38
11/16/2023,Fall,11/16/2023 18:00,18,5,Evening,0,7.5,73,0,0,43
11/16/2023,Fall,11/16/2023 10:00,10,5,Morning,0,7.5,65,1,0,39
11/16/2023,Fall,11/16/2023 13:00,13,5,Afternoon,0,7.5,73,0,0,40
11/16/2023,Fall,11/16/2023 14:00,14,5,Afternoon,0,7.5,75,0,0,41
11/17/2023,Fall,11/16/2023 20:00,20,6,Evening,40,4.5,64,0,0,57
11/17/2023,Fall,11/16/2023 21:00,21,6,Evening,40,4.5,61,0,0,65
11/17/2023,Fall,11/17/2023 12:00,12,6,Afternoon,40,4.5,68,0,0,53
11/17/2023,Fall,11/17/2023 13:00,13,6,Afternoon,40,4.5,70,0,0,64
11/17/2023,Fall,11/17/2023 10:00,10,6,Morning,40,4.5,61,1,0,59
11/17/2023,Fall,11/16/2023 19:00,19,6,Evening,40,4.5,68,0,0,64
11/17/2023,Fall,11/17/2023 16:00,16,6,Afternoon,40,4.5,73,0,0,65
11/17/2023,Fall,11/17/2023 17:00,17,6,Evening,40,4.5,72,0,0,66
11/17/2023,Fall,11/17/2023 18:00,18,6,Evening,40,4.5,70,0,0,65
11/17/2023,Fall,11/17/2023 11:00,11,6,Morning,40,4.5,64,1,0,53
11/17/2023,Fall,11/17/2023 15:00,15,6,Afternoon,40,4.5,73,0,0,58
11/17/2023,Fall,11/17/2023 14:00,14,6,Afternoon,40,4.5,72,0,0,63
11/18/2023,Fall,11/17/2023 19:00,19,7,Evening,50,3.75,71,0,1,87
11/18/2023,Fall,11/18/2023 10:00,10,7,Morning,50,3.75,66,1,1,79
11/18/2023,Fall,11/18/2023 11:00,11,7,Morning,50,3.75,69,1,1,78
11/18/2023,Fall,11/17/2023 21:00,21,7,Evening,50,3.75,66,0,1,85
11/18/2023,Fall,11/18/2023 14:00,14,7,Afternoon,50,3.75,74,0,1,94
11/18/2023,Fall,11/18/2023 15:00,15,7,Afternoon,50,3.75,75,0,1,96
11/18/2023,Fall,11/17/2023 20:00,20,7,Evening,50,3.75,69,0,1,82
11/18/2023,Fall,11/18/2023 13:00,13,7,Afternoon,50,3.75,73,0,1,90
11/18/2023,Fall,11/18/2023 18:00,18,7,Evening,50,3.75,73,0,1,86
11/18/2023,Fall,11/18/2023 16:00,16,7,Afternoon,50,3.75,75,0,1,87
11/18/2023,Fall,11/18/2023 12:00,12,7,Afternoon,50,3.75,71,0,1,91
11/18/2023,Fall,11/18/2023 17:00,17,7,Evening,50,3.75,74,0,1,94
11/19/2023,Fall,11/18/2023 19:00,19,1,Evening,30,5.25,58,0,1,76
11/19/2023,Fall,11/18/2023 20:00,20,1,Evening,30,5.25,56,0,1,71
11/19/2023,Fall,11/19/2023 11:00,11,1,Morning,30,5.25,56,1,1,67
11/19/2023,Fall,11/19/2023 12:00,12,1,Afternoon,30,5.25,58,0,1,79
11/19/2023,Fall,11/18/2023 21:00,21,1,Evening,30,5.25,53,0,1,68
11/19/2023,Fall,11/19/2023 15:00,15,1,Afternoon,30,5.25,62,0,1,76
11/19/2023,Fall,11/19/2023 16:00,16,1,Afternoon,30,5.25,62,0,1,69
11/19/2023,Fall,11/19/2023 13:00,13,1,Afternoon,30,5.25,60,0,1,82
11/19/2023,Fall,11/19/2023 10:00,10,1,Morning,30,5.25,53,1,1,62
11/19/2023,Fall,11/19/2023 14:00,14,1,Afternoon,30,5.25,62,0,1,80
11/19/2023,Fall,11/19/2023 17:00,17,1,Evening,30,5.25,62,0,1,77
11/19/2023,Fall,11/19/2023 18:00,18,1,Evening,30,5.25,60,0,1,74
11/20/2023,Fall,11/19/2023 20:00,20,2,Evening,40,4.5,65,0,0,68
11/20/2023,Fall,11/19/2023 21:00,21,2,Evening,40,4.5,63,0,0,59
11/20/2023,Fall,11/20/2023 12:00,12,2,Afternoon,40,4.5,67,0,0,58
11/20/2023,Fall,11/20/2023 13:00,13,2,Afternoon,40,4.5,69,0,0,62
11/20/2023,Fall,11/20/2023 10:00,10,2,Morning,40,4.5,63,1,0,53
11/20/2023,Fall,11/19/2023 19:00,19,2,Evening,40,4.5,67,0,0,63
11/20/2023,Fall,11/20/2023 16:00,16,2,Afternoon,40,4.5,70,0,0,63
11/20/2023,Fall,11/20/2023 17:00,17,2,Evening,40,4.5,70,0,0,70
11/20/2023,Fall,11/20/2023 14:00,14,2,Afternoon,40,4.5,70,0,0,63
11/20/2023,Fall,11/20/2023 11:00,11,2,Morning,40,4.5,65,1,0,57
11/20/2023,Fall,11/20/2023 18:00,18,2,Evening,40,4.5,69,0,0,61
11/20/2023,Fall,11/20/2023 15:00,15,2,Afternoon,40,4.5,70,0,0,64
11/21/2023,Fall,11/20/2023 21:00,21,3,Evening,10,6.75,57,0,0,38
11/21/2023,Fall,11/21/2023 10:00,10,3,Morning,10,6.75,57,1,0,27
11/21/2023,Fall,11/21/2023 11:00,11,3,Morning,10,6.75,60,1,0,23
11/21/2023,Fall,11/21/2023 13:00,13,3,Afternoon,10,6.75,65,0,0,46
11/21/2023,Fall,11/21/2023 14:00,14,3,Afternoon,10,6.75,66,0,0,49
11/21/2023,Fall,11/21/2023 15:00,15,3,Afternoon,10,6.75,67,0,0,45
11/21/2023,Fall,11/21/2023 12:00,12,3,Afternoon,10,6.75,63,0,0,52
11/21/2023,Fall,11/21/2023 17:00,17,3,Evening,10,6.75,66,0,0,35
11/21/2023,Fall,11/21/2023 18:00,18,3,Evening,10,6.75,65,0,0,40
11/21/2023,Fall,11/21/2023 16:00,16,3,Afternoon,10,6.75,67,0,0,46
11/21/2023,Fall,11/20/2023 20:00,20,3,Evening,10,6.75,60,0,0,46
11/21/2023,Fall,11/20/2023 19:00,19,3,Evening,10,6.75,63,0,0,45
11/22/2023,Fall,11/21/2023 20:00,20,4,Evening,50,3.75,65,0,0,80
11/22/2023,Fall,11/21/2023 19:00,19,4,Evening,50,3.75,67,0,0,80
11/22/2023,Fall,11/22/2023 12:00,12,4,Afternoon,50,3.75,67,0,0,64
11/22/2023,Fall,11/22/2023 13:00,13,4,Afternoon,50,3.75,69,0,0,70
11/22/2023,Fall,11/22/2023 14:00,14,4,Afternoon,50,3.75,70,0,0,65
11/22/2023,Fall,11/22/2023 11:00,11,4,Morning,50,3.75,65,1,0,54
11/22/2023,Fall,11/22/2023 16:00,16,4,Afternoon,50,3.75,70,0,0,73
11/22/2023,Fall,11/22/2023 17:00,17,4,Evening,50,3.75,70,0,0,74
11/22/2023,Fall,11/22/2023 18:00,18,4,Evening,50,3.75,69,0,0,68
11/22/2023,Fall,11/22/2023 15:00,15,4,Afternoon,50,3.75,70,0,0,74
11/22/2023,Fall,11/21/2023 21:00,21,4,Evening,50,3.75,63,0,0,68
11/22/2023,Fall,11/22/2023 10:00,10,4,Morning,50,3.75,63,1,0,61
11/23/2023,Fall,11/22/2023 20:00,20,5,Evening,40,4.5,62,0,0,65
11/23/2023,Fall,11/22/2023 21:00,21,5,Evening,40,4.5,60,0,0,62
11/23/2023,Fall,11/23/2023 12:00,12,5,Afternoon,40,4.5,64,0,0,59
11/23/2023,Fall,11/23/2023 13:00,13,5,Afternoon,40,4.5,65,0,0,62
11/23/2023,Fall,11/23/2023 14:00,14,5,Afternoon,40,4.5,66,0,0,67
11/23/2023,Fall,11/23/2023 15:00,15,5,Afternoon,40,4.5,67,0,0,62
11/23/2023,Fall,11/23/2023 16:00,16,5,Afternoon,40,4.5,67,0,0,63
11/23/2023,Fall,11/23/2023 17:00,17,5,Evening,40,4.5,66,0,0,59
11/23/2023,Fall,11/23/2023 18:00,18,5,Evening,40,4.5,65,0,0,62
11/23/2023,Fall,11/23/2023 10:00,10,5,Morning,40,4.5,60,1,0,51
11/23/2023,Fall,11/22/2023 19:00,19,5,Evening,40,4.5,64,0,0,61
11/23/2023,Fall,11/23/2023 11:00,11,5,Morning,40,4.5,62,1,0,50
11/24/2023,Fall,11/23/2023 21:00,21,6,Evening,50,3.75,63,0,0,66
11/24/2023,Fall,11/24/2023 10:00,10,6,Morning,50,3.75,63,1,0,63
11/24/2023,Fall,11/23/2023 19:00,19,6,Evening,50,3.75,69,0,0,83
11/24/2023,Fall,11/24/2023 13:00,13,6,Afternoon,50,3.75,71,0,0,70
11/24/2023,Fall,11/24/2023 14:00,14,6,Afternoon,50,3.75,73,0,0,75
11/24/2023,Fall,11/24/2023 15:00,15,6,Afternoon,50,3.75,73,0,0,80
11/24/2023,Fall,11/24/2023 16:00,16,6,Afternoon,50,3.75,73,0,0,71
11/24/2023,Fall,11/24/2023 17:00,17,6,Evening,50,3.75,73,0,0,71
11/24/2023,Fall,11/24/2023 18:00,18,6,Evening,50,3.75,71,0,0,75
11/24/2023,Fall,11/23/2023 20:00,20,6,Evening,50,3.75,66,0,0,67
11/24/2023,Fall,11/24/2023 12:00,12,6,Afternoon,50,3.75,69,0,0,71
11/24/2023,Fall,11/24/2023 11:00,11,6,Morning,50,3.75,66,1,0,57
11/25/2023,Fall,11/24/2023 19:00,19,7,Evening,30,5.25,72,0,1,71
11/25/2023,Fall,11/24/2023 20:00,20,7,Evening,30,5.25,70,0,1,78
11/25/2023,Fall,11/25/2023 11:00,11,7,Morning,30,5.25,70,1,1,62
11/25/2023,Fall,11/25/2023 12:00,12,7,Afternoon,30,5.25,72,0,1,87
11/25/2023,Fall,11/25/2023 10:00,10,7,Morning,30,5.25,67,1,1,49
11/25/2023,Fall,11/25/2023 15:00,15,7,Afternoon,30,5.25,77,0,1,80
11/25/2023,Fall,11/25/2023 16:00,16,7,Afternoon,30,5.25,77,0,1,73
11/25/2023,Fall,11/25/2023 17:00,17,7,Evening,30,5.25,76,0,1,75
11/25/2023,Fall,11/25/2023 18:00,18,7,Evening,30,5.25,75,0,1,71
11/25/2023,Fall,11/24/2023 21:00,21,7,Evening,30,5.25,67,0,1,78
11/25/2023,Fall,11/25/2023 13:00,13,7,Afternoon,30,5.25,75,0,1,83
11/25/2023,Fall,11/25/2023 14:00,14,7,Afternoon,30,5.25,76,0,1,79
11/26/2023,Fall,11/25/2023 20:00,20,1,Evening,0,7.5,62,0,1,50
11/26/2023,Fall,11/25/2023 21:00,21,1,Evening,0,7.5,60,0,1,62
11/26/2023,Fall,11/26/2023 12:00,12,1,Afternoon,0,7.5,63,0,1,54
11/26/2023,Fall,11/26/2023 13:00,13,1,Afternoon,0,7.5,65,0,1,56
11/26/2023,Fall,11/26/2023 10:00,10,1,Morning,0,7.5,60,1,1,40
11/26/2023,Fall,11/25/2023 19:00,19,1,Evening,0,7.5,63,0,1,54
11/26/2023,Fall,11/26/2023 16:00,16,1,Afternoon,0,7.5,66,0,1,56
11/26/2023,Fall,11/26/2023 17:00,17,1,Evening,0,7.5,66,0,1,50
11/26/2023,Fall,11/26/2023 18:00,18,1,Evening,0,7.5,65,0,1,61
11/26/2023,Fall,11/26/2023 14:00,14,1,Afternoon,0,7.5,66,0,1,59
11/26/2023,Fall,11/26/2023 11:00,11,1,Morning,0,7.5,62,1,1,41
11/26/2023,Fall,11/26/2023 15:00,15,1,Afternoon,0,7.5,66,0,1,60
11/27/2023,Fall,11/26/2023 21:00,21,2,Evening,10,6.75,65,0,0,37
11/27/2023,Fall,11/27/2023 10:00,10,2,Morning,10,6.75,65,1,0,35
11/27/2023,Fall,11/26/2023 19:00,19,2,Evening,10,6.75,69,0,0,45
11/27/2023,Fall,11/27/2023 13:00,13,2,Afternoon,10,6.75,71,0,0,47
11/27/2023,Fall,11/27/2023 14:00,14,2,Afternoon,10,6.75,72,0,0,42
11/27/2023,Fall,11/27/2023 11:00,11,2,Morning,10,6.75,67,1,0,26
11/27/2023,Fall,11/26/2023 20:00,20,2,Evening,10,6.75,67,0,0,41
11/27/2023,Fall,11/27/2023 17:00,17,2,Evening,10,6.75,72,0,0,50
11/27/2023,Fall,11/27/2023 18:00,18,2,Evening,10,6.75,71,0,0,50
11/27/2023,Fall,11/27/2023 12:00,12,2,Afternoon,10,6.75,69,0,0,52
11/27/2023,Fall,11/27/2023 16:00,16,2,Afternoon,10,6.75,72,0,0,44
11/27/2023,Fall,11/27/2023 15:00,15,2,Afternoon,10,6.75,72,0,0,41
11/28/2023,Fall,11/27/2023 19:00,19,3,Evening,50,3.75,58,0,0,78
11/28/2023,Fall,11/27/2023 20:00,20,3,Evening,50,3.75,56,0,0,62
11/28/2023,Fall,11/28/2023 11:00,11,3,Morning,50,3.75,56,1,0,58
11/28/2023,Fall,11/28/2023 12:00,12,3,Afternoon,50,3.75,58,0,0,73
11/28/2023,Fall,11/28/2023 10:00,10,3,Morning,50,3.75,54,1,0,52
11/28/2023,Fall,11/28/2023 15:00,15,3,Afternoon,50,3.75,62,0,0,63
11/28/2023,Fall,11/28/2023 16:00,16,3,Afternoon,50,3.75,62,0,0,73
11/28/2023,Fall,11/27/2023 21:00,21,3,Evening,50,3.75,54,0,0,78
11/28/2023,Fall,11/28/2023 14:00,14,3,Afternoon,50,3.75,61,0,0,67
11/28/2023,Fall,11/28/2023 13:00,13,3,Afternoon,50,3.75,60,0,0,67
11/28/2023,Fall,11/28/2023 17:00,17,3,Evening,50,3.75,61,0,0,66
11/28/2023,Fall,11/28/2023 18:00,18,3,Evening,50,3.75,60,0,0,78
11/29/2023,Fall,11/28/2023 20:00,20,4,Evening,10,6.75,58,0,0,39
11/29/2023,Fall,11/28/2023 21:00,21,4,Evening,10,6.75,56,0,0,38
11/29/2023,Fall,11/29/2023 12:00,12,4,Afternoon,10,6.75,59,0,0,38
11/29/2023,Fall,11/29/2023 13:00,13,4,Afternoon,10,6.75,61,0,0,40
11/29/2023,Fall,11/29/2023 10:00,10,4,Morning,10,6.75,56,1,0,26
11/29/2023,Fall,11/28/2023 19:00,19,4,Evening,10,6.75,59,0,0,45
11/29/2023,Fall,11/29/2023 16:00,16,4,Afternoon,10,6.75,62,0,0,44
11/29/2023,Fall,11/29/2023 17:00,17,4,Evening,10,6.75,61,0,0,45
11/29/2023,Fall,11/29/2023 14:00,14,4,Afternoon,10,6.75,61,0,0,40
11/29/2023,Fall,11/29/2023 11:00,11,4,Morning,10,6.75,58,1,0,32
11/29/2023,Fall,11/29/2023 15:00,15,4,Afternoon,10,6.75,62,0,0,28
11/29/2023,Fall,11/29/2023 18:00,18,4,Evening,10,6.75,61,0,0,48
11/30/2023,Fall,11/29/2023 21:00,21,5,Evening,10,6.75,68,0,0,45
11/30/2023,Fall,11/30/2023 10:00,10,5,Morning,10,6.75,68,1,0,28
11/30/2023,Fall,11/29/2023 20:00,20,5,Evening,10,6.75,71,0,0,47
11/30/2023,Fall,11/30/2023 13:00,13,5,Afternoon,10,6.75,75,0,0,39
11/30/2023,Fall,11/30/2023 14:00,14,5,Afternoon,10,6.75,77,0,0,42
11/30/2023,Fall,11/30/2023 11:00,11,5,Morning,10,6.75,71,1,0,32
11/30/2023,Fall,11/30/2023 12:00,12,5,Afternoon,10,6.75,73,0,0,37
11/30/2023,Fall,11/30/2023 17:00,17,5,Evening,10,6.75,77,0,0,45
11/30/2023,Fall,11/30/2023 18:00,18,5,Evening,10,6.75,75,0,0,45
11/30/2023,Fall,11/30/2023 15:00,15,5,Afternoon,10,6.75,78,0,0,44
11/30/2023,Fall,11/29/2023 19:00,19,5,Evening,10,6.75,73,0,0,38
11/30/2023,Fall,11/30/2023 16:00,16,5,Afternoon,10,6.75,78,0,0,51
12/1/2023,Winter,11/30/2023 19:00,19,6,Evening,50,3.75,37,0,0,60
12/1/2023,Winter,12/1/2023 18:00,18,6,Evening,50,3.75,39,0,0,60
12/1/2023,Winter,12/1/2023 14:00,14,6,Afternoon,50,3.75,40,0,0,65
12/1/2023,Winter,12/1/2023 15:00,15,6,Afternoon,50,3.75,41,0,0,76
12/1/2023,Winter,12/1/2023 13:00,13,6,Afternoon,50,3.75,39,0,0,68
12/1/2023,Winter,11/30/2023 21:00,21,6,Evening,50,3.75,32,0,0,68
12/1/2023,Winter,12/1/2023 10:00,10,6,Morning,50,3.75,32,1,0,54
12/1/2023,Winter,12/1/2023 16:00,16,6,Afternoon,50,3.75,41,0,0,69
12/1/2023,Winter,12/1/2023 17:00,17,6,Evening,50,3.75,40,0,0,71
12/1/2023,Winter,12/1/2023 11:00,11,6,Morning,50,3.75,34,1,0,59
12/1/2023,Winter,11/30/2023 20:00,20,6,Evening,50,3.75,34,0,0,74
12/1/2023,Winter,12/1/2023 12:00,12,6,Afternoon,50,3.75,37,0,0,64
12/2/2023,Winter,12/1/2023 19:00,19,7,Evening,40,4.5,23,0,1,75
12/2/2023,Winter,12/1/2023 20:00,20,7,Evening,40,4.5,21,0,1,77
12/2/2023,Winter,12/2/2023 18:00,18,7,Evening,40,4.5,24,0,1,80
12/2/2023,Winter,12/2/2023 14:00,14,7,Afternoon,40,4.5,25,0,1,74
12/2/2023,Winter,12/2/2023 15:00,15,7,Afternoon,40,4.5,26,0,1,79
12/2/2023,Winter,12/2/2023 13:00,13,7,Afternoon,40,4.5,24,0,1,73
12/2/2023,Winter,12/1/2023 21:00,21,7,Evening,40,4.5,20,0,1,73
12/2/2023,Winter,12/2/2023 10:00,10,7,Morning,40,4.5,20,1,1,68
12/2/2023,Winter,12/2/2023 16:00,16,7,Afternoon,40,4.5,26,0,1,67
12/2/2023,Winter,12/2/2023 17:00,17,7,Evening,40,4.5,25,0,1,77
12/2/2023,Winter,12/2/2023 11:00,11,7,Morning,40,4.5,21,1,1,68
12/2/2023,Winter,12/2/2023 12:00,12,7,Afternoon,40,4.5,23,0,1,74
12/3/2023,Winter,12/2/2023 20:00,20,1,Evening,40,4.5,27,0,1,79
12/3/2023,Winter,12/2/2023 21:00,21,1,Evening,40,4.5,23,0,1,72
12/3/2023,Winter,12/2/2023 19:00,19,1,Evening,40,4.5,30,0,1,77
12/3/2023,Winter,12/3/2023 16:00,16,1,Afternoon,40,4.5,35,0,1,77
12/3/2023,Winter,12/3/2023 17:00,17,1,Evening,40,4.5,34,0,1,77
12/3/2023,Winter,12/3/2023 18:00,18,1,Evening,40,4.5,32,0,1,71
12/3/2023,Winter,12/3/2023 15:00,15,1,Afternoon,40,4.5,35,0,1,77
12/3/2023,Winter,12/3/2023 10:00,10,1,Morning,40,4.5,23,1,1,59
12/3/2023,Winter,12/3/2023 11:00,11,1,Morning,40,4.5,27,1,1,62
12/3/2023,Winter,12/3/2023 12:00,12,1,Afternoon,40,4.5,30,0,1,82
12/3/2023,Winter,12/3/2023 13:00,13,1,Afternoon,40,4.5,32,0,1,74
12/3/2023,Winter,12/3/2023 14:00,14,1,Afternoon,40,4.5,34,0,1,77
12/4/2023,Winter,12/4/2023 10:00,10,2,Morning,20,6,29,1,0,32
12/4/2023,Winter,12/4/2023 11:00,11,2,Morning,20,6,32,1,0,31
12/4/2023,Winter,12/3/2023 19:00,19,2,Evening,20,6,34,0,0,49
12/4/2023,Winter,12/3/2023 21:00,21,2,Evening,20,6,29,0,0,44
12/4/2023,Winter,12/4/2023 17:00,17,2,Evening,20,6,37,0,0,47
12/4/2023,Winter,12/4/2023 18:00,18,2,Evening,20,6,36,0,0,41
12/4/2023,Winter,12/4/2023 14:00,14,2,Afternoon,20,6,37,0,0,44
12/4/2023,Winter,12/3/2023 20:00,20,2,Evening,20,6,32,0,0,42
12/4/2023,Winter,12/4/2023 12:00,12,2,Afternoon,20,6,34,0,0,48
12/4/2023,Winter,12/4/2023 13:00,13,2,Afternoon,20,6,36,0,0,52
12/4/2023,Winter,12/4/2023 15:00,15,2,Afternoon,20,6,38,0,0,44
12/4/2023,Winter,12/4/2023 16:00,16,2,Afternoon,20,6,38,0,0,35
12/5/2023,Winter,12/5/2023 12:00,12,3,Afternoon,10,6.75,40,0,0,35
12/5/2023,Winter,12/5/2023 11:00,11,3,Morning,10,6.75,37,1,0,21
12/5/2023,Winter,12/4/2023 19:00,19,3,Evening,10,6.75,40,0,0,45
12/5/2023,Winter,12/4/2023 20:00,20,3,Evening,10,6.75,37,0,0,39
12/5/2023,Winter,12/5/2023 10:00,10,3,Morning,10,6.75,34,1,0,33
12/5/2023,Winter,12/5/2023 17:00,17,3,Evening,10,6.75,44,0,0,42
12/5/2023,Winter,12/5/2023 18:00,18,3,Evening,10,6.75,43,0,0,32
12/5/2023,Winter,12/5/2023 14:00,14,3,Afternoon,10,6.75,44,0,0,42
12/5/2023,Winter,12/4/2023 21:00,21,3,Evening,10,6.75,34,0,0,34
12/5/2023,Winter,12/5/2023 16:00,16,3,Afternoon,10,6.75,45,0,0,40
12/5/2023,Winter,12/5/2023 13:00,13,3,Afternoon,10,6.75,43,0,0,39
12/5/2023,Winter,12/5/2023 15:00,15,3,Afternoon,10,6.75,45,0,0,39
12/6/2023,Winter,12/6/2023 13:00,13,4,Afternoon,50,3.75,38,0,0,66
12/6/2023,Winter,12/6/2023 11:00,11,4,Morning,50,3.75,33,1,0,65
12/6/2023,Winter,12/6/2023 12:00,12,4,Afternoon,50,3.75,36,0,0,75
12/6/2023,Winter,12/5/2023 19:00,19,4,Evening,50,3.75,36,0,0,63
12/6/2023,Winter,12/5/2023 20:00,20,4,Evening,50,3.75,33,0,0,68
12/6/2023,Winter,12/5/2023 21:00,21,4,Evening,50,3.75,29,0,0,72
12/6/2023,Winter,12/6/2023 10:00,10,4,Morning,50,3.75,29,1,0,60
12/6/2023,Winter,12/6/2023 14:00,14,4,Afternoon,50,3.75,40,0,0,64
12/6/2023,Winter,12/6/2023 15:00,15,4,Afternoon,50,3.75,41,0,0,75
12/6/2023,Winter,12/6/2023 16:00,16,4,Afternoon,50,3.75,41,0,0,65
12/6/2023,Winter,12/6/2023 18:00,18,4,Evening,50,3.75,38,0,0,68
12/6/2023,Winter,12/6/2023 17:00,17,4,Evening,50,3.75,40,0,0,69
12/7/2023,Winter,12/7/2023 13:00,13,5,Afternoon,50,3.75,42,0,0,59
12/7/2023,Winter,12/7/2023 14:00,14,5,Afternoon,50,3.75,44,0,0,68
12/7/2023,Winter,12/7/2023 15:00,15,5,Afternoon,50,3.75,45,0,0,58
12/7/2023,Winter,12/6/2023 20:00,20,5,Evening,50,3.75,36,0,0,58
12/7/2023,Winter,12/6/2023 21:00,21,5,Evening,50,3.75,33,0,0,69
12/7/2023,Winter,12/7/2023 10:00,10,5,Morning,50,3.75,33,1,0,57
12/7/2023,Winter,12/7/2023 11:00,11,5,Morning,50,3.75,36,1,0,60
12/7/2023,Winter,12/7/2023 12:00,12,5,Afternoon,50,3.75,39,0,0,70
12/7/2023,Winter,12/7/2023 16:00,16,5,Afternoon,50,3.75,45,0,0,65
12/7/2023,Winter,12/7/2023 17:00,17,5,Evening,50,3.75,44,0,0,65
12/7/2023,Winter,12/7/2023 18:00,18,5,Evening,50,3.75,42,0,0,72
12/7/2023,Winter,12/6/2023 19:00,19,5,Evening,50,3.75,39,0,0,75
12/8/2023,Winter,12/8/2023 14:00,14,6,Afternoon,10,6.75,45,0,0,44
12/8/2023,Winter,12/8/2023 15:00,15,6,Afternoon,10,6.75,46,0,0,41
12/8/2023,Winter,12/8/2023 16:00,16,6,Afternoon,10,6.75,46,0,0,40
12/8/2023,Winter,12/8/2023 12:00,12,6,Afternoon,10,6.75,41,0,0,48
12/8/2023,Winter,12/7/2023 21:00,21,6,Evening,10,6.75,35,0,0,26
12/8/2023,Winter,12/8/2023 10:00,10,6,Morning,10,6.75,35,1,0,30
12/8/2023,Winter,12/8/2023 11:00,11,6,Morning,10,6.75,38,1,0,25
12/8/2023,Winter,12/7/2023 19:00,19,6,Evening,10,6.75,41,0,0,34
12/8/2023,Winter,12/8/2023 13:00,13,6,Afternoon,10,6.75,43,0,0,44
12/8/2023,Winter,12/8/2023 17:00,17,6,Evening,10,6.75,45,0,0,35
12/8/2023,Winter,12/7/2023 20:00,20,6,Evening,10,6.75,38,0,0,41
12/8/2023,Winter,12/8/2023 18:00,18,6,Evening,10,6.75,43,0,0,41
12/9/2023,Winter,12/9/2023 15:00,15,7,Afternoon,20,6,48,0,1,66
12/9/2023,Winter,12/9/2023 16:00,16,7,Afternoon,20,6,48,0,1,56
12/9/2023,Winter,12/8/2023 20:00,20,7,Evening,20,6,41,0,1,65
12/9/2023,Winter,12/8/2023 21:00,21,7,Evening,20,6,38,0,1,62
12/9/2023,Winter,12/9/2023 17:00,17,7,Evening,20,6,47,0,1,62
12/9/2023,Winter,12/9/2023 12:00,12,7,Afternoon,20,6,44,0,1,59
12/9/2023,Winter,12/9/2023 13:00,13,7,Afternoon,20,6,46,0,1,60
12/9/2023,Winter,12/9/2023 10:00,10,7,Morning,20,6,38,1,1,47
12/9/2023,Winter,12/9/2023 11:00,11,7,Morning,20,6,41,1,1,58
12/9/2023,Winter,12/8/2023 19:00,19,7,Evening,20,6,44,0,1,69
12/9/2023,Winter,12/9/2023 14:00,14,7,Afternoon,20,6,47,0,1,67
12/9/2023,Winter,12/9/2023 18:00,18,7,Evening,20,6,46,0,1,74
12/10/2023,Winter,12/10/2023 11:00,11,1,Morning,50,3.75,33,1,1,80
12/10/2023,Winter,12/10/2023 14:00,14,1,Afternoon,50,3.75,39,0,1,89
12/10/2023,Winter,12/10/2023 15:00,15,1,Afternoon,50,3.75,40,0,1,79
12/10/2023,Winter,12/10/2023 12:00,12,1,Afternoon,50,3.75,36,0,1,91
12/10/2023,Winter,12/10/2023 18:00,18,1,Evening,50,3.75,38,0,1,84
12/10/2023,Winter,12/9/2023 19:00,19,1,Evening,50,3.75,36,0,1,83
12/10/2023,Winter,12/9/2023 20:00,20,1,Evening,50,3.75,33,0,1,85
12/10/2023,Winter,12/10/2023 16:00,16,1,Afternoon,50,3.75,40,0,1,85
12/10/2023,Winter,12/10/2023 13:00,13,1,Afternoon,50,3.75,38,0,1,82
12/10/2023,Winter,12/9/2023 21:00,21,1,Evening,50,3.75,30,0,1,87
12/10/2023,Winter,12/10/2023 17:00,17,1,Evening,50,3.75,39,0,1,82
12/10/2023,Winter,12/10/2023 10:00,10,1,Morning,50,3.75,30,1,1,69
12/11/2023,Winter,12/10/2023 19:00,19,2,Evening,20,6,34,0,0,44
12/11/2023,Winter,12/10/2023 20:00,20,2,Evening,20,6,32,0,0,41
12/11/2023,Winter,12/11/2023 14:00,14,2,Afternoon,20,6,36,0,0,47
12/11/2023,Winter,12/11/2023 15:00,15,2,Afternoon,20,6,37,0,0,45
12/11/2023,Winter,12/11/2023 16:00,16,2,Afternoon,20,6,37,0,0,44
12/11/2023,Winter,12/11/2023 18:00,18,2,Evening,20,6,35,0,0,48
12/11/2023,Winter,12/11/2023 10:00,10,2,Morning,20,6,30,1,0,23
12/11/2023,Winter,12/11/2023 11:00,11,2,Morning,20,6,32,1,0,33
12/11/2023,Winter,12/11/2023 17:00,17,2,Evening,20,6,36,0,0,50
12/11/2023,Winter,12/10/2023 21:00,21,2,Evening,20,6,30,0,0,49
12/11/2023,Winter,12/11/2023 12:00,12,2,Afternoon,20,6,34,0,0,57
12/11/2023,Winter,12/11/2023 13:00,13,2,Afternoon,20,6,35,0,0,42
12/12/2023,Winter,12/11/2023 20:00,20,3,Evening,20,6,23,0,0,39
12/12/2023,Winter,12/11/2023 21:00,21,3,Evening,20,6,21,0,0,45
12/12/2023,Winter,12/12/2023 14:00,14,3,Afternoon,20,6,26,0,0,36
12/12/2023,Winter,12/12/2023 15:00,15,3,Afternoon,20,6,26,0,0,50
12/12/2023,Winter,12/12/2023 16:00,16,3,Afternoon,20,6,26,0,0,39
12/12/2023,Winter,12/11/2023 19:00,19,3,Evening,20,6,24,0,0,46
12/12/2023,Winter,12/12/2023 18:00,18,3,Evening,20,6,25,0,0,42
12/12/2023,Winter,12/12/2023 10:00,10,3,Morning,20,6,21,1,0,18
12/12/2023,Winter,12/12/2023 11:00,11,3,Morning,20,6,23,1,0,32
12/12/2023,Winter,12/12/2023 17:00,17,3,Evening,20,6,26,0,0,39
12/12/2023,Winter,12/12/2023 13:00,13,3,Afternoon,20,6,25,0,0,49
12/12/2023,Winter,12/12/2023 12:00,12,3,Afternoon,20,6,24,0,0,32
12/13/2023,Winter,12/12/2023 21:00,21,4,Evening,30,5.25,30,0,0,51
12/13/2023,Winter,12/13/2023 10:00,10,4,Morning,30,5.25,30,1,0,34
12/13/2023,Winter,12/12/2023 20:00,20,4,Evening,30,5.25,33,0,0,58
12/13/2023,Winter,12/12/2023 19:00,19,4,Evening,30,5.25,35,0,0,49
12/13/2023,Winter,12/13/2023 17:00,17,4,Evening,30,5.25,38,0,0,58
12/13/2023,Winter,12/13/2023 18:00,18,4,Evening,30,5.25,37,0,0,51
12/13/2023,Winter,12/13/2023 13:00,13,4,Afternoon,30,5.25,37,0,0,54
12/13/2023,Winter,12/13/2023 16:00,16,4,Afternoon,30,5.25,39,0,0,61
12/13/2023,Winter,12/13/2023 11:00,11,4,Morning,30,5.25,33,1,0,36
12/13/2023,Winter,12/13/2023 12:00,12,4,Afternoon,30,5.25,35,0,0,62
12/13/2023,Winter,12/13/2023 14:00,14,4,Afternoon,30,5.25,38,0,0,58
12/13/2023,Winter,12/13/2023 15:00,15,4,Afternoon,30,5.25,39,0,0,60
12/14/2023,Winter,12/14/2023 12:00,12,5,Afternoon,0,7.5,31,0,0,19
12/14/2023,Winter,12/14/2023 11:00,11,5,Morning,0,7.5,29,1,0,15
12/14/2023,Winter,12/13/2023 19:00,19,5,Evening,0,7.5,31,0,0,23
12/14/2023,Winter,12/13/2023 20:00,20,5,Evening,0,7.5,29,0,0,34
12/14/2023,Winter,12/14/2023 10:00,10,5,Morning,0,7.5,27,1,0,22
12/14/2023,Winter,12/14/2023 18:00,18,5,Evening,0,7.5,33,0,0,28
12/14/2023,Winter,12/14/2023 14:00,14,5,Afternoon,0,7.5,34,0,0,28
12/14/2023,Winter,12/14/2023 15:00,15,5,Afternoon,0,7.5,35,0,0,23
12/14/2023,Winter,12/13/2023 21:00,21,5,Evening,0,7.5,27,0,0,34
12/14/2023,Winter,12/14/2023 13:00,13,5,Afternoon,0,7.5,33,0,0,38
12/14/2023,Winter,12/14/2023 16:00,16,5,Afternoon,0,7.5,35,0,0,23
12/14/2023,Winter,12/14/2023 17:00,17,5,Evening,0,7.5,34,0,0,22
12/15/2023,Winter,12/15/2023 12:00,12,6,Afternoon,40,4.5,29,0,0,65
12/15/2023,Winter,12/15/2023 13:00,13,6,Afternoon,40,4.5,31,0,0,66
12/15/2023,Winter,12/14/2023 19:00,19,6,Evening,40,4.5,29,0,0,61
12/15/2023,Winter,12/14/2023 20:00,20,6,Evening,40,4.5,27,0,0,60
12/15/2023,Winter,12/14/2023 21:00,21,6,Evening,40,4.5,25,0,0,56
12/15/2023,Winter,12/15/2023 11:00,11,6,Morning,40,4.5,27,1,0,48
12/15/2023,Winter,12/15/2023 18:00,18,6,Evening,40,4.5,31,0,0,57
12/15/2023,Winter,12/15/2023 14:00,14,6,Afternoon,40,4.5,32,0,0,70
12/15/2023,Winter,12/15/2023 15:00,15,6,Afternoon,40,4.5,33,0,0,58
12/15/2023,Winter,12/15/2023 10:00,10,6,Morning,40,4.5,25,1,0,31
12/15/2023,Winter,12/15/2023 17:00,17,6,Evening,40,4.5,32,0,0,62
12/15/2023,Winter,12/15/2023 16:00,16,6,Afternoon,40,4.5,33,0,0,53
12/16/2023,Winter,12/16/2023 13:00,13,7,Afternoon,50,3.75,34,0,1,88
12/16/2023,Winter,12/16/2023 14:00,14,7,Afternoon,50,3.75,35,0,1,76
12/16/2023,Winter,12/16/2023 12:00,12,7,Afternoon,50,3.75,33,0,1,83
12/16/2023,Winter,12/15/2023 19:00,19,7,Evening,50,3.75,33,0,1,86
12/16/2023,Winter,12/15/2023 20:00,20,7,Evening,50,3.75,31,0,1,83
12/16/2023,Winter,12/15/2023 21:00,21,7,Evening,50,3.75,29,0,1,74
12/16/2023,Winter,12/16/2023 10:00,10,7,Morning,50,3.75,29,1,1,64
12/16/2023,Winter,12/16/2023 11:00,11,7,Morning,50,3.75,31,1,1,68
12/16/2023,Winter,12/16/2023 15:00,15,7,Afternoon,50,3.75,35,0,1,92
12/16/2023,Winter,12/16/2023 16:00,16,7,Afternoon,50,3.75,35,0,1,84
12/16/2023,Winter,12/16/2023 17:00,17,7,Evening,50,3.75,35,0,1,91
12/16/2023,Winter,12/16/2023 18:00,18,7,Evening,50,3.75,34,0,1,85
12/17/2023,Winter,12/17/2023 14:00,14,1,Afternoon,10,6.75,42,0,1,55
12/17/2023,Winter,12/17/2023 15:00,15,1,Afternoon,10,6.75,42,0,1,64
12/17/2023,Winter,12/17/2023 16:00,16,1,Afternoon,10,6.75,42,0,1,52
12/17/2023,Winter,12/16/2023 20:00,20,1,Evening,10,6.75,37,0,1,64
12/17/2023,Winter,12/16/2023 21:00,21,1,Evening,10,6.75,35,0,1,61
12/17/2023,Winter,12/17/2023 10:00,10,1,Morning,10,6.75,35,1,1,45
12/17/2023,Winter,12/17/2023 11:00,11,1,Morning,10,6.75,37,1,1,47
12/17/2023,Winter,12/17/2023 12:00,12,1,Afternoon,10,6.75,39,0,1,58
12/17/2023,Winter,12/17/2023 13:00,13,1,Afternoon,10,6.75,41,0,1,56
12/17/2023,Winter,12/17/2023 17:00,17,1,Evening,10,6.75,42,0,1,56
12/17/2023,Winter,12/17/2023 18:00,18,1,Evening,10,6.75,41,0,1,55
12/17/2023,Winter,12/16/2023 19:00,19,1,Evening,10,6.75,39,0,1,64
12/18/2023,Winter,12/18/2023 17:00,17,2,Evening,0,7.5,27,0,0,33
12/18/2023,Winter,12/18/2023 15:00,15,2,Afternoon,0,7.5,28,0,0,29
12/18/2023,Winter,12/18/2023 16:00,16,2,Afternoon,0,7.5,28,0,0,24
12/18/2023,Winter,12/18/2023 12:00,12,2,Afternoon,0,7.5,24,0,0,31
12/18/2023,Winter,12/18/2023 13:00,13,2,Afternoon,0,7.5,26,0,0,25
12/18/2023,Winter,12/18/2023 10:00,10,2,Morning,0,7.5,20,1,0,10
12/18/2023,Winter,12/18/2023 11:00,11,2,Morning,0,7.5,22,1,0,25
12/18/2023,Winter,12/17/2023 19:00,19,2,Evening,0,7.5,24,0,0,22
12/18/2023,Winter,12/17/2023 20:00,20,2,Evening,0,7.5,22,0,0,24
12/18/2023,Winter,12/18/2023 14:00,14,2,Afternoon,0,7.5,27,0,0,27
12/18/2023,Winter,12/18/2023 18:00,18,2,Evening,0,7.5,26,0,0,27
12/18/2023,Winter,12/17/2023 21:00,21,2,Evening,0,7.5,20,0,0,23
12/19/2023,Winter,12/19/2023 16:00,16,3,Afternoon,0,7.5,38,0,0,31
12/19/2023,Winter,12/19/2023 17:00,17,3,Evening,0,7.5,38,0,0,26
12/19/2023,Winter,12/18/2023 21:00,21,3,Evening,0,7.5,28,0,0,37
12/19/2023,Winter,12/19/2023 10:00,10,3,Morning,0,7.5,28,1,0,17
12/19/2023,Winter,12/19/2023 18:00,18,3,Evening,0,7.5,36,0,0,36
12/19/2023,Winter,12/19/2023 12:00,12,3,Afternoon,0,7.5,34,0,0,24
12/19/2023,Winter,12/19/2023 13:00,13,3,Afternoon,0,7.5,36,0,0,31
12/19/2023,Winter,12/19/2023 14:00,14,3,Afternoon,0,7.5,38,0,0,34
12/19/2023,Winter,12/19/2023 11:00,11,3,Morning,0,7.5,31,1,0,17
12/19/2023,Winter,12/18/2023 19:00,19,3,Evening,0,7.5,34,0,0,31
12/19/2023,Winter,12/18/2023 20:00,20,3,Evening,0,7.5,31,0,0,25
12/19/2023,Winter,12/19/2023 15:00,15,3,Afternoon,0,7.5,38,0,0,29
12/20/2023,Winter,12/20/2023 12:00,12,4,Afternoon,0,7.5,34,0,0,29
12/20/2023,Winter,12/20/2023 14:00,14,4,Afternoon,0,7.5,37,0,0,27
12/20/2023,Winter,12/20/2023 15:00,15,4,Afternoon,0,7.5,38,0,0,35
12/20/2023,Winter,12/20/2023 16:00,16,4,Afternoon,0,7.5,38,0,0,40
12/20/2023,Winter,12/20/2023 13:00,13,4,Afternoon,0,7.5,36,0,0,38
12/20/2023,Winter,12/20/2023 18:00,18,4,Evening,0,7.5,36,0,0,33
12/20/2023,Winter,12/19/2023 20:00,20,4,Evening,0,7.5,33,0,0,30
12/20/2023,Winter,12/19/2023 21:00,21,4,Evening,0,7.5,31,0,0,33
12/20/2023,Winter,12/20/2023 17:00,17,4,Evening,0,7.5,37,0,0,28
12/20/2023,Winter,12/19/2023 19:00,19,4,Evening,0,7.5,34,0,0,32
12/20/2023,Winter,12/20/2023 10:00,10,4,Morning,0,7.5,31,1,0,18
12/20/2023,Winter,12/20/2023 11:00,11,4,Morning,0,7.5,33,1,0,5
12/21/2023,Winter,12/20/2023 20:00,20,5,Evening,50,3.75,27,0,0,76
12/21/2023,Winter,12/20/2023 21:00,21,5,Evening,50,3.75,26,0,0,59
12/21/2023,Winter,12/21/2023 15:00,15,5,Afternoon,50,3.75,31,0,0,54
12/21/2023,Winter,12/21/2023 16:00,16,5,Afternoon,50,3.75,31,0,0,67
12/21/2023,Winter,12/21/2023 17:00,17,5,Evening,50,3.75,31,0,0,67
12/21/2023,Winter,12/20/2023 19:00,19,5,Evening,50,3.75,29,0,0,66
12/21/2023,Winter,12/21/2023 10:00,10,5,Morning,50,3.75,26,1,0,55
12/21/2023,Winter,12/21/2023 11:00,11,5,Morning,50,3.75,27,1,0,48
12/21/2023,Winter,12/21/2023 12:00,12,5,Afternoon,50,3.75,29,0,0,69
12/21/2023,Winter,12/21/2023 18:00,18,5,Evening,50,3.75,30,0,0,74
12/21/2023,Winter,12/21/2023 14:00,14,5,Afternoon,50,3.75,31,0,0,63
12/21/2023,Winter,12/21/2023 13:00,13,5,Afternoon,50,3.75,30,0,0,68
12/22/2023,Winter,12/21/2023 21:00,21,6,Evening,40,4.5,32,0,0,58
12/22/2023,Winter,12/22/2023 10:00,10,6,Morning,40,4.5,32,1,0,47
12/22/2023,Winter,12/21/2023 20:00,20,6,Evening,40,4.5,33,0,0,65
12/22/2023,Winter,12/22/2023 15:00,15,6,Afternoon,40,4.5,37,0,0,62
12/22/2023,Winter,12/22/2023 16:00,16,6,Afternoon,40,4.5,37,0,0,70
12/22/2023,Winter,12/22/2023 17:00,17,6,Evening,40,4.5,36,0,0,59
12/22/2023,Winter,12/21/2023 19:00,19,6,Evening,40,4.5,34,0,0,67
12/22/2023,Winter,12/22/2023 14:00,14,6,Afternoon,40,4.5,36,0,0,58
12/22/2023,Winter,12/22/2023 11:00,11,6,Morning,40,4.5,33,1,0,46
12/22/2023,Winter,12/22/2023 12:00,12,6,Afternoon,40,4.5,34,0,0,58
12/22/2023,Winter,12/22/2023 18:00,18,6,Evening,40,4.5,36,0,0,62
12/22/2023,Winter,12/22/2023 13:00,13,6,Afternoon,40,4.5,36,0,0,63
12/23/2023,Winter,12/22/2023 21:00,21,7,Evening,0,7.5,32,0,1,50
12/23/2023,Winter,12/23/2023 10:00,10,7,Morning,0,7.5,32,1,1,39
12/23/2023,Winter,12/23/2023 11:00,11,7,Morning,0,7.5,35,1,1,32
12/23/2023,Winter,12/22/2023 19:00,19,7,Evening,0,7.5,38,0,1,49
12/23/2023,Winter,12/22/2023 20:00,20,7,Evening,0,7.5,35,0,1,53
12/23/2023,Winter,12/23/2023 18:00,18,7,Evening,0,7.5,40,0,1,56
12/23/2023,Winter,12/23/2023 13:00,13,7,Afternoon,0,7.5,40,0,1,52
12/23/2023,Winter,12/23/2023 14:00,14,7,Afternoon,0,7.5,42,0,1,55
12/23/2023,Winter,12/23/2023 17:00,17,7,Evening,0,7.5,42,0,1,55
12/23/2023,Winter,12/23/2023 12:00,12,7,Afternoon,0,7.5,38,0,1,53
12/23/2023,Winter,12/23/2023 15:00,15,7,Afternoon,0,7.5,43,0,1,50
12/23/2023,Winter,12/23/2023 16:00,16,7,Afternoon,0,7.5,43,0,1,50
12/24/2023,Winter,12/24/2023 12:00,12,1,Afternoon,50,3.75,34,0,1,87
12/24/2023,Winter,12/24/2023 13:00,13,1,Afternoon,50,3.75,36,0,1,82
12/24/2023,Winter,12/23/2023 19:00,19,1,Evening,50,3.75,34,0,1,83
12/24/2023,Winter,12/23/2023 20:00,20,1,Evening,50,3.75,32,0,1,83
12/24/2023,Winter,12/23/2023 21:00,21,1,Evening,50,3.75,30,0,1,76
12/24/2023,Winter,12/24/2023 11:00,11,1,Morning,50,3.75,32,1,1,74
12/24/2023,Winter,12/24/2023 14:00,14,1,Afternoon,50,3.75,38,0,1,87
12/24/2023,Winter,12/24/2023 15:00,15,1,Afternoon,50,3.75,38,0,1,84
12/24/2023,Winter,12/24/2023 16:00,16,1,Afternoon,50,3.75,38,0,1,94
12/24/2023,Winter,12/24/2023 10:00,10,1,Morning,50,3.75,30,1,1,71
12/24/2023,Winter,12/24/2023 18:00,18,1,Evening,50,3.75,36,0,1,87
12/24/2023,Winter,12/24/2023 17:00,17,1,Evening,50,3.75,38,0,1,87
12/25/2023,Winter,12/25/2023 13:00,13,2,Afternoon,10,6.75,26,0,0,41
12/25/2023,Winter,12/25/2023 14:00,14,2,Afternoon,10,6.75,28,0,0,39
12/25/2023,Winter,12/25/2023 12:00,12,2,Afternoon,10,6.75,24,0,0,36
12/25/2023,Winter,12/24/2023 20:00,20,2,Evening,10,6.75,21,0,0,39
12/25/2023,Winter,12/24/2023 21:00,21,2,Evening,10,6.75,20,0,0,37
12/25/2023,Winter,12/25/2023 10:00,10,2,Morning,10,6.75,20,1,0,24
12/25/2023,Winter,12/24/2023 19:00,19,2,Evening,10,6.75,24,0,0,40
12/25/2023,Winter,12/25/2023 18:00,18,2,Evening,10,6.75,26,0,0,41
12/25/2023,Winter,12/25/2023 15:00,15,2,Afternoon,10,6.75,29,0,0,37
12/25/2023,Winter,12/25/2023 16:00,16,2,Afternoon,10,6.75,29,0,0,35
12/25/2023,Winter,12/25/2023 11:00,11,2,Morning,10,6.75,21,1,0,29
12/25/2023,Winter,12/25/2023 17:00,17,2,Evening,10,6.75,28,0,0,37
12/26/2023,Winter,12/26/2023 13:00,13,3,Afternoon,30,5.25,47,0,0,53
12/26/2023,Winter,12/26/2023 14:00,14,3,Afternoon,30,5.25,48,0,0,50
12/26/2023,Winter,12/26/2023 15:00,15,3,Afternoon,30,5.25,48,0,0,56
12/26/2023,Winter,12/25/2023 19:00,19,3,Evening,30,5.25,46,0,0,56
12/26/2023,Winter,12/25/2023 20:00,20,3,Evening,30,5.25,44,0,0,49
12/26/2023,Winter,12/25/2023 21:00,21,3,Evening,30,5.25,43,0,0,47
12/26/2023,Winter,12/26/2023 10:00,10,3,Morning,30,5.25,43,1,0,42
12/26/2023,Winter,12/26/2023 11:00,11,3,Morning,30,5.25,44,1,0,37
12/26/2023,Winter,12/26/2023 12:00,12,3,Afternoon,30,5.25,46,0,0,61
12/26/2023,Winter,12/26/2023 16:00,16,3,Afternoon,30,5.25,48,0,0,49
12/26/2023,Winter,12/26/2023 17:00,17,3,Evening,30,5.25,48,0,0,47
12/26/2023,Winter,12/26/2023 18:00,18,3,Evening,30,5.25,47,0,0,54
12/27/2023,Winter,12/26/2023 21:00,21,4,Evening,10,6.75,29,0,0,40
12/27/2023,Winter,12/27/2023 15:00,15,4,Afternoon,10,6.75,35,0,0,39
12/27/2023,Winter,12/27/2023 16:00,16,4,Afternoon,10,6.75,35,0,0,38
12/27/2023,Winter,12/27/2023 17:00,17,4,Evening,10,6.75,34,0,0,40
12/27/2023,Winter,12/27/2023 13:00,13,4,Afternoon,10,6.75,33,0,0,34
12/27/2023,Winter,12/27/2023 10:00,10,4,Morning,10,6.75,29,1,0,25
12/27/2023,Winter,12/27/2023 11:00,11,4,Morning,10,6.75,31,1,0,20
12/27/2023,Winter,12/27/2023 12:00,12,4,Afternoon,10,6.75,32,0,0,34
12/27/2023,Winter,12/26/2023 19:00,19,4,Evening,10,6.75,32,0,0,38
12/27/2023,Winter,12/27/2023 14:00,14,4,Afternoon,10,6.75,34,0,0,40
12/27/2023,Winter,12/27/2023 18:00,18,4,Evening,10,6.75,33,0,0,34
12/27/2023,Winter,12/26/2023 20:00,20,4,Evening,10,6.75,31,0,0,30
12/28/2023,Winter,12/28/2023 17:00,17,5,Evening,40,4.5,39,0,0,56
12/28/2023,Winter,12/28/2023 18:00,18,5,Evening,40,4.5,38,0,0,51
12/28/2023,Winter,12/28/2023 16:00,16,5,Afternoon,40,4.5,39,0,0,61
12/28/2023,Winter,12/28/2023 12:00,12,5,Afternoon,40,4.5,36,0,0,63
12/28/2023,Winter,12/28/2023 13:00,13,5,Afternoon,40,4.5,38,0,0,70
12/28/2023,Winter,12/28/2023 14:00,14,5,Afternoon,40,4.5,39,0,0,56
12/28/2023,Winter,12/28/2023 11:00,11,5,Morning,40,4.5,35,1,0,45
12/28/2023,Winter,12/27/2023 19:00,19,5,Evening,40,4.5,36,0,0,60
12/28/2023,Winter,12/27/2023 20:00,20,5,Evening,40,4.5,35,0,0,61
12/28/2023,Winter,12/27/2023 21:00,21,5,Evening,40,4.5,33,0,0,56
12/28/2023,Winter,12/28/2023 15:00,15,5,Afternoon,40,4.5,39,0,0,65
12/28/2023,Winter,12/28/2023 10:00,10,5,Morning,40,4.5,33,1,0,46
12/29/2023,Winter,12/29/2023 14:00,14,6,Afternoon,10,6.75,41,0,0,44
12/29/2023,Winter,12/29/2023 15:00,15,6,Afternoon,10,6.75,42,0,0,31
12/29/2023,Winter,12/29/2023 16:00,16,6,Afternoon,10,6.75,42,0,0,39
12/29/2023,Winter,12/29/2023 17:00,17,6,Evening,10,6.75,41,0,0,41
12/29/2023,Winter,12/29/2023 18:00,18,6,Evening,10,6.75,39,0,0,37
12/29/2023,Winter,12/28/2023 19:00,19,6,Evening,10,6.75,37,0,0,36
12/29/2023,Winter,12/28/2023 20:00,20,6,Evening,10,6.75,34,0,0,35
12/29/2023,Winter,12/28/2023 21:00,21,6,Evening,10,6.75,31,0,0,38
12/29/2023,Winter,12/29/2023 10:00,10,6,Morning,10,6.75,31,1,0,31
12/29/2023,Winter,12/29/2023 11:00,11,6,Morning,10,6.75,34,1,0,20
12/29/2023,Winter,12/29/2023 12:00,12,6,Afternoon,10,6.75,37,0,0,38
12/29/2023,Winter,12/29/2023 13:00,13,6,Afternoon,10,6.75,39,0,0,37
12/30/2023,Winter,12/30/2023 10:00,10,7,Morning,10,6.75,35,1,1,50
12/30/2023,Winter,12/29/2023 19:00,19,7,Evening,10,6.75,41,0,1,67
12/30/2023,Winter,12/29/2023 20:00,20,7,Evening,10,6.75,38,0,1,60
12/30/2023,Winter,12/29/2023 21:00,21,7,Evening,10,6.75,35,0,1,57
12/30/2023,Winter,12/30/2023 18:00,18,7,Evening,10,6.75,43,0,1,65
12/30/2023,Winter,12/30/2023 14:00,14,7,Afternoon,10,6.75,45,0,1,56
12/30/2023,Winter,12/30/2023 11:00,11,7,Morning,10,6.75,38,1,1,44
12/30/2023,Winter,12/30/2023 12:00,12,7,Afternoon,10,6.75,41,0,1,63
12/30/2023,Winter,12/30/2023 13:00,13,7,Afternoon,10,6.75,43,0,1,59
12/30/2023,Winter,12/30/2023 15:00,15,7,Afternoon,10,6.75,46,0,1,56
12/30/2023,Winter,12/30/2023 16:00,16,7,Afternoon,10,6.75,46,0,1,60
12/30/2023,Winter,12/30/2023 17:00,17,7,Evening,10,6.75,45,0,1,56
12/31/2023,Winter,12/30/2023 19:00,19,1,Evening,40,4.5,41,0,1,88
12/31/2023,Winter,12/31/2023 16:00,16,1,Afternoon,40,4.5,46,0,1,77
12/31/2023,Winter,12/30/2023 20:00,20,1,Evening,40,4.5,38,0,1,82
12/31/2023,Winter,12/30/2023 21:00,21,1,Evening,40,4.5,34,0,1,77
12/31/2023,Winter,12/31/2023 10:00,10,1,Morning,40,4.5,34,1,1,72
12/31/2023,Winter,12/31/2023 11:00,11,1,Morning,40,4.5,38,1,1,70
12/31/2023,Winter,12/31/2023 17:00,17,1,Evening,40,4.5,45,0,1,76
12/31/2023,Winter,12/31/2023 18:00,18,1,Evening,40,4.5,43,0,1,80
12/31/2023,Winter,12/31/2023 14:00,14,1,Afternoon,40,4.5,45,0,1,78
12/31/2023,Winter,12/31/2023 12:00,12,1,Afternoon,40,4.5,41,0,1,81
12/31/2023,Winter,12/31/2023 13:00,13,1,Afternoon,40,4.5,43,0,1,78
12/31/2023,Winter,12/31/2023 15:00,15,1,Afternoon,40,4.5,46,0,1,81
1/1/2024,Winter,12/31/2023 19:00,19,2,Evening,30,5.25,34,0,0,52
1/1/2024,Winter,12/31/2023 20:00,20,2,Evening,30,5.25,32,0,0,57
1/1/2024,Winter,12/31/2023 21:00,21,2,Evening,30,5.25,29,0,0,53
